timesteps,reward_train,reward_ext,reward_intrinsic,reward_surprise_raw,reward_surprise,reward_dejavu_raw,reward_dejavu,intrinsic_eta,intrinsic_time_decay,intrinsic_volatility_factor,intrinsic_surprise_loss,intrinsic_dejavu_loss,intrinsic_warmup,episode_reward_mean,explained_variance,value_loss,entropy_loss,approx_kl
256,-0.03240491449832916,-0.032404914034271495,0.0,-0.32924503087997437,0.0,0.20831912755966187,0.1207971988359778,0.5017677809407936,0.9993652015698321,0.5020865046657639,-0.29982027411460876,0.19188329577445984,True,,,,,
512,-0.11409629881381989,-0.11409629656295583,0.0,-0.48824605345726013,0.0,0.07099967449903488,0.057994987909017484,0.61081731239851,0.9987283092848169,0.6115950721732445,-0.6782240867614746,0.026929136365652084,True,,,,,
768,0.0519012026488781,0.0519012037933353,0.0,-0.8177412152290344,0.0,0.01119070965796709,0.011188271713961005,0.4633526876867126,0.9980943181219187,0.46423737644212637,-0.7781749963760376,0.014435072429478168,True,,,,,
1024,0.30464035272598267,0.30464036036987235,0.0,-0.5919555425643921,0.0,0.006712986622005701,0.007751827168405282,0.600083910097687,0.997458235766909,0.6016130686778124,-0.8677463531494141,0.010541732423007488,True,,,,,
1280,0.07687819004058838,0.07656962622070423,0.00030856135828536725,-1.1078420877456665,0.0,0.007088294252753258,0.009152779515774107,0.6742462390874501,0.9968225587851741,0.6763954458546291,-0.9322105646133423,0.007812141440808773,False,,,,,
1536,-0.12418466061353683,-0.12450933085937432,0.00032467051757222433,-0.8691734671592712,0.0,0.007431778125464916,0.010509925962389477,0.6178359747425073,0.9961897773897014,0.620199071266734,-0.945088803768158,0.006840208545327187,False,,,,,
1792,0.056065883487463,0.055468220198059866,0.0005976647149129522,-0.9887428283691406,0.0,0.018265435472130775,0.027903895222537438,0.4283736805535522,0.995554908792482,0.4302863425917217,-0.9936100244522095,0.0057877302169799805,False,,,,,
2048,-0.30591556429862976,-0.30621718019409166,0.0003016276471270596,-0.5117545127868652,0.0,0.007065284997224808,0.011539902119008743,0.5227559887708456,0.9949204447950135,0.5254249136256826,-1.0214494466781616,0.004488078411668539,False,,,,,
2304,0.3051691949367523,0.3049562916885378,0.00021291618813085853,-0.9498317837715149,0.0,0.004398463759571314,0.007618819255099705,0.5589217462754263,0.9942888708585157,0.5621321556107,-1.0480856895446777,0.004678919445723295,False,,-0.3821871280670166,0.19520353395491838,-7.090291941165924,0.006871289107948542
2560,0.012484678067266941,0.012384193563842565,0.00010048421309798102,-0.8797537684440613,0.0,0.0023115738295018673,0.004220935995432405,0.47612289410082426,0.9936552137030219,0.47916308145405173,-1.1012113094329834,0.003808410372585058,False,,-0.3821871280670166,0.19520353395491838,-7.090291941165924,0.006871289107948542
2816,-0.04174394905567169,-0.04201377231597871,0.00026982348603431147,-1.1468398571014404,0.0,0.005551803857088089,0.010633123980565004,0.5075149815378605,0.9930219603752309,0.5110813272911778,-1.0963574647903442,0.0033956062979996204,False,,-0.3821871280670166,0.19520353395491838,-7.090291941165924,0.006871289107948542
3072,-0.09476321935653687,-0.0949645697418222,0.0002013472746171259,-0.6320957541465759,0.0,0.00444351090118289,0.008887928141609464,0.45308033865508973,0.9923915915936625,0.45655398785422674,-1.144696593284607,0.0029689075890928507,False,,-0.3821871280670166,0.19520353395491838,-7.090291941165924,0.006871289107948542
3328,0.04302867501974106,0.04296941044616688,5.926388838555634e-05,-1.2117860317230225,0.0,0.001164512475952506,0.002424517557567141,0.4888715959229771,0.9917591435682489,0.49293379253763836,-1.13112211227417,0.0028850045055150986,False,,-0.3821871280670166,0.19520353395491838,-7.090291941165924,0.006871289107948542
3584,0.17043818533420563,0.17030853538513038,0.000129655016001483,-0.8718801140785217,0.0,0.0029074866324663162,0.00628134908246683,0.4128253797051015,0.9911295764208071,0.41652008932667234,-1.1644943952560425,0.002827119780704379,False,,-0.3821871280670166,0.19520353395491838,-7.090291941165924,0.006871289107948542
3840,0.277078241109848,0.2768168807983399,0.000261350123520639,-0.7447163462638855,0.0,0.004519105423241854,0.01010631292819991,0.5172017240657311,0.9904979326736753,0.5221633554243125,-1.2221763134002686,0.0025609175208956003,False,,-0.3821871280670166,0.19520353395491838,-7.090291941165924,0.006871289107948542
4096,-0.47684428095817566,-0.47732218602295035,0.00047789488044390596,-1.1114552021026611,0.0,0.0075361761264503,0.017407066746936775,0.549081459147049,0.9898666914711075,0.5547024300120879,-1.218729853630066,0.002513389103114605,False,,-0.3821871280670166,0.19520353395491838,-7.090291941165924,0.006871289107948542
4352,-0.10938303172588348,-0.1095159167099002,0.00013288621738331467,-1.3421704769134521,0.0,0.002317980397492647,0.005518448292558842,0.48160718498531707,0.9892383256492862,0.4868464681341722,-1.2605481147766113,0.002170014660805464,False,,-0.012863397598266602,0.17549613323062657,-7.076521587371826,0.006382308900356293
4608,0.1738336831331253,0.17367980035400396,0.00015387924484332706,-1.468678593635559,0.0,0.002297503873705864,0.005628518456760482,0.5467841885052391,0.9886078871902948,0.553084995163497,-1.2596172094345093,0.0020766323432326317,False,,-0.012863397598266602,0.17549613323062657,-7.076521587371826,0.006382308900356293
4864,0.026660168543457985,0.02652886962890625,0.0001312991131400819,-0.9487264156341553,0.0,0.0016914875013753772,0.004257590242997468,0.6167766536764865,0.9879778505077411,0.6242818635655778,-1.2556250095367432,0.002051302930340171,False,,-0.012863397598266602,0.17549613323062657,-7.076521587371826,0.006382308900356293
5120,0.03140553832054138,0.03133288365707413,7.265476445214944e-05,-1.3336365222930908,0.0,0.0011680537136271596,0.003016260546111148,0.48175390249905903,0.9873506837191981,0.4879258306525562,-1.2626912593841553,0.0018992488039657474,False,,-0.012863397598266602,0.17549613323062657,-7.076521587371826,0.006382308900356293
5376,0.2075406312942505,0.20742544494629112,0.00011518675805772364,-1.402480125427246,0.0,0.0019291389035061002,0.0051048164650850415,0.451286579431626,0.9867214482484439,0.4573596532564657,-1.3121612071990967,0.0018113814294338226,False,,-0.012863397598266602,0.17549613323062657,-7.076521587371826,0.006382308900356293
5632,0.18902653455734253,0.1885837455871588,0.0004427824426273769,-1.5238356590270996,0.0,0.0064406986348330975,0.01744475480032596,0.5076396288689633,0.9860926137874668,0.5147991393213854,-1.2867670059204102,0.0018993762787431479,False,,-0.012863397598266602,0.17549613323062657,-7.076521587371826,0.006382308900356293
5888,-0.02252579852938652,-0.022593748394773867,6.794901993891736e-05,-1.0932948589324951,0.0,0.0009138666209764779,0.002530714864052329,0.5369946721703243,0.9854666437442343,0.5449141029573951,-1.3238996267318726,0.0017193785170093179,False,,-0.012863397598266602,0.17549613323062657,-7.076521587371826,0.006382308900356293
6144,0.02623441442847252,0.02606251573028567,0.00017189885217542961,-1.4287841320037842,0.0,0.0020039265509694815,0.005668884015472746,0.6064645235508295,0.9848386089662027,0.6158009221302186,-1.3339449167251587,0.0013688382459804416,False,,-0.012863397598266602,0.17549613323062657,-7.076521587371826,0.006382308900356293
6400,0.07637953013181686,0.07633057045364404,4.895988595669275e-05,-1.5172604322433472,0.0,0.0006880201399326324,0.00198636736427306,0.4929590249748222,0.9842134349632622,0.5008659783162002,-1.3367894887924194,0.0013489671982824802,False,,0.01303952932357788,0.19488647393882275,-7.053986114263535,0.006961256731301546
6656,0.10008789598941803,0.09999517709503125,9.271881963931829e-05,-1.2472788095474243,0.0,0.0012061005691066384,0.003551170220684527,0.522187413598246,0.9835861988512266,0.5309015256701768,-1.3234257698059082,0.001073154853656888,False,,0.01303952932357788,0.19488647393882275,-7.053986114263535,0.006961256731301546
6912,-0.18169386684894562,-0.18174723186187766,5.335931793374228e-05,-1.1194143295288086,0.0,0.0006566774100065231,0.00197036760597298,0.5416178968024915,0.9829593624747831,0.5510074144254221,-1.3770380020141602,0.001105923787690699,False,,0.01303952932357788,0.19488647393882275,-7.053986114263535,0.006961256731301546
7168,-0.019095290452241898,-0.019226510415649684,0.0001312207370994083,-1.5553994178771973,0.0,0.001916209002956748,0.0058548512539783075,0.44824618562340157,0.9823353814145653,0.4563066688872857,-1.3678709268569946,0.0010489595588296652,False,,0.01303952932357788,0.19488647393882275,-7.053986114263535,0.006961256731301546
7424,0.05512619391083717,0.05507107107086195,5.512187733477997e-05,-1.766298532485962,0.0,0.0006796277011744678,0.002113369829440206,0.521649136529793,0.9817093421801217,0.5313682106471,-1.3899452686309814,0.001049879938364029,False,,0.01303952932357788,0.19488647393882275,-7.053986114263535,0.006961256731301546
7680,-0.013032423332333565,-0.013085313812253299,5.289036667630008e-05,-1.0975425243377686,0.0,0.0005769130657427013,0.0018246808868065136,0.5797218248815744,0.9810837019185039,0.5908994551106409,-1.3826473951339722,0.0010771510424092412,False,,0.01303952932357788,0.19488647393882275,-7.053986114263535,0.006961256731301546
7936,0.09576573222875595,0.09567629472580011,8.943532835212744e-05,-1.5392695665359497,0.0,0.0009287798893637955,0.00298601533464004,0.5990279240338111,0.9804609115246627,0.6109656356440509,-1.358298897743225,0.0009421494323760271,False,,0.01303952932357788,0.19488647393882275,-7.053986114263535,0.006961256731301546
8192,0.017186611890792847,0.017126170315552736,6.044132733515996e-05,-1.4376513957977295,0.0,0.0009581114863976836,0.0031296780274175833,0.38624629630053287,0.9798360668839567,0.39419481416810975,-1.407886028289795,0.0009078336297534406,False,,0.01303952932357788,0.19488647393882275,-7.053986114263535,0.006961256731301546
8448,0.012503574602305889,0.012460759446717566,4.2814958392183926e-05,-1.7078330516815186,0.0,0.0004563323163893074,0.0015137579644187945,0.5656777291820582,0.9792116204547657,0.5776869037964909,-1.4131065607070923,0.0008405638509429991,False,,0.06420385837554932,0.16199322752654552,-7.052430784702301,0.006715703755617142
8704,0.2009429782629013,0.2008468231201172,9.615699921379511e-05,-1.3294395208358765,0.0,0.0010374116245657206,0.0034929533491410846,0.5505770595959437,0.9785900184552989,0.5626228034340957,-1.440163016319275,0.0008414099575020373,False,,0.06420385837554932,0.16199322752654552,-7.052430784702301,0.006715703755617142
8960,0.12149752676486969,0.12135929700774868,0.0001382331379302192,-1.5568461418151855,0.0,0.0013306073378771544,0.0045456428186163855,0.6082006151653373,0.9779663661288341,0.6219034071415243,-1.4218779802322388,0.000842886685859412,False,,0.06420385837554932,0.16199322752654552,-7.052430784702301,0.006715703755617142
9216,0.18916329741477966,0.1891192782501239,4.402550095943966e-05,-1.677638292312622,0.0,0.0005028501618653536,0.0017421528367749465,0.5054149099907809,0.9773455546148585,0.5171302080459651,-1.4303423166275024,0.0006763002602383494,False,,0.06420385837554932,0.16199322752654552,-7.052430784702301,0.006715703755617142
9472,0.06022026762366295,0.06013511980590847,8.51478408692545e-05,-1.5458190441131592,0.0,0.0008769045234657824,0.0030800545451669264,0.5528982660574269,0.9767226953812668,0.5660749654656088,-1.44422447681427,0.0007384500931948423,False,,0.06420385837554932,0.16199322752654552,-7.052430784702301,0.006715703755617142
9728,-0.6468152403831482,-0.6469655494689942,0.0001502904514996674,-1.2498395442962646,0.0,0.0013854479184374213,0.0049316888899107155,0.6094887769872616,0.9761002330938964,0.6244120801563537,-1.4581934213638306,0.0007574925548397005,False,,0.06420385837554932,0.16199322752654552,-7.052430784702301,0.006715703755617142
9984,-0.3679051399230957,-0.3679764847946164,7.135458449134123e-05,-1.1680039167404175,0.0,0.0007773014949634671,0.0028029904942164733,0.5091318335796722,0.9754806061982418,0.5219292217032595,-1.4648326635360718,0.0006706391577608883,False,,0.06420385837554932,0.16199322752654552,-7.052430784702301,0.006715703755617142
10240,-0.013274171389639378,-0.013327027830506268,5.285639147300147e-05,-1.6328917741775513,0.0,0.0004936616751365364,0.001802882361732966,0.5863543023649626,0.9748589354903828,0.6014760505529029,-1.4826033115386963,0.0006781435222364962,False,,0.06420385837554932,0.16199322752654552,-7.052430784702301,0.006715703755617142
10496,0.36072981357574463,0.3605050915756234,0.00022471828175168736,-1.5901589393615723,0.0,0.0017528317403048277,0.006481087319047364,0.6934585839979641,0.9742376609713015,0.7117961168803467,-1.4494502544403076,0.0006191232241690159,False,,0.11239749193191528,0.1967893598601222,-7.054906475543976,0.007792018819600344
10752,0.0001758136204443872,8.474028778000502e-05,9.107333809265805e-05,-1.5340428352355957,0.0,0.0008551357896067202,0.0032000925042340433,0.5691919091223699,0.9736192164335065,0.5846144976548365,-1.476155400276184,0.0006650778232142329,False,,0.11239749193191528,0.1967893598601222,-7.054906475543976,0.007792018819600344
11008,-0.11311805248260498,-0.11349409590149008,0.00037604077841086453,-1.7392281293869019,0.0,0.003035138826817274,0.01149272683990622,0.654397835516524,0.9729987319834627,0.6725577475137412,-1.4649815559387207,0.0005309121333993971,False,,0.11239749193191528,0.1967893598601222,-7.054906475543976,0.007792018819600344
11264,0.10844636708498001,0.10839904568786587,4.731973542045039e-05,-1.573951244354248,0.0,0.0005412906175479293,0.0020733579953800207,0.4564550408167912,0.9723786429661981,0.4694210882958055,-1.4589287042617798,0.0005819734069518745,False,,0.11239749193191528,0.1967893598601222,-7.054906475543976,0.007792018819600344
11520,0.2234783172607422,0.22343873828430225,3.9586417453868453e-05,-0.9581733345985413,0.0,0.00035953501355834305,0.001392684722103983,0.5684907262293178,0.9717613785301145,0.5850106196741596,-1.5037444829940796,0.0005714622675441206,False,,0.11239749193191528,0.1967893598601222,-7.054906475543976,0.007792018819600344
11776,0.07063312828540802,0.07054825337982039,8.487160136078464e-05,-1.3888893127441406,0.0,0.0007203682907857001,0.002821277726105886,0.6016536449102445,0.9711420780742958,0.6195320525121103,-1.5110045671463013,0.0005496212979778647,False,,0.11239749193191528,0.1967893598601222,-7.054906475543976,0.007792018819600344
12032,0.048931870609521866,0.04893187228546012,0.0,0.0,0.0,0.0,0.0,0.0,0.0,0.0,-1.502086877822876,0.0005019263480789959,False,,0.11239749193191528,0.1967893598601222,-7.054906475543976,0.007792018819600344
12288,0.12250303477048874,0.12233722915649414,0.0001658087708733238,-1.0935035943984985,0.0,0.0015522564062848687,0.006210000993104139,0.5340056178974696,0.9699070857104851,0.5505739939061224,-1.5354820489883423,0.0005466577713377774,False,,0.11239749193191528,0.1967893598601222,-7.054906475543976,0.007792018819600344
12544,-0.16460657119750977,-0.16467264262695244,6.606515301522515e-05,-1.2909375429153442,0.0,0.0005157202831469476,0.002084617228478835,0.6338348557488754,0.9692889669896209,0.6539173325343984,-1.5331544876098633,0.0005156362894922495,False,,0.1273457407951355,0.31454217061400414,-7.057915514707565,0.0069338660687208176
12800,0.03778979927301407,0.037754450739671305,3.534798677624574e-05,-1.694228172302246,0.0,0.0004161655087955296,0.001699238485392695,0.4160450352332598,0.9686736638749969,0.42949968678713724,-1.5126097202301025,0.0005830879672430456,False,,0.1273457407951355,0.31454217061400414,-7.057915514707565,0.0069338660687208176
13056,0.29490014910697937,0.29478794342041076,0.0001122147679090758,-1.3931984901428223,0.0,0.0008721483172848821,0.003596540996202646,0.624014952297533,0.9680563312099708,0.644606033945957,-1.51643967628479,0.0005045398720540106,False,,0.1273457407951355,0.31454217061400414,-7.057915514707565,0.0069338660687208176
13312,-0.0016884416108950973,-0.0017243972778320314,3.5955620528942795e-05,-1.6501450538635254,0.0,0.00022454858117271215,0.0009350345332804605,0.7690757774003631,0.9674393919691014,0.7949601636904674,-1.522060751914978,0.0004970657755620778,False,,0.1273457407951355,0.31454217061400414,-7.057915514707565,0.0069338660687208176
13568,-0.07292110472917557,-0.07294960615386809,2.8498826731900797e-05,-1.1571940183639526,0.0,0.00039576945709995925,0.0016637405798119106,0.34258738504920816,0.9668252629617969,0.35434260788730043,-1.5346254110336304,0.0004598619998432696,False,,0.1273457407951355,0.31454217061400414,-7.057915514707565,0.0069338660687208176
13824,0.0451175756752491,0.044994818499757096,0.00012275540598044376,-1.7235695123672485,0.0,0.0014187486376613379,0.006020238204169788,0.40780913252043705,0.966209108276832,0.422071298052382,-1.5760953426361084,0.00047156220534816384,False,,0.1273457407951355,0.31454217061400414,-7.057915514707565,0.0069338660687208176
14080,-0.5907588005065918,-0.5908755020339973,0.00011670608546251089,-1.4873698949813843,0.0,0.0009022908634506166,0.0038640697763478974,0.6040578572202439,0.9655933462653009,0.6255820419192039,-1.5693166255950928,0.0003980791661888361,False,,0.1273457407951355,0.31454217061400414,-7.057915514707565,0.0069338660687208176
14336,0.13017335534095764,0.1301341502807627,3.920818367204651e-05,-1.2654330730438232,0.0,0.00034765651798807085,0.0015022828545341476,0.5219813772580773,0.9649803891249111,0.5409243370545945,-1.5399248600006104,0.0005208944785408676,False,,0.1273457407951355,0.31454217061400414,-7.057915514707565,0.0069338660687208176
14592,0.3894084692001343,0.3893579507873539,5.0505718184091385e-05,-1.6175243854522705,0.0,0.0003539159952197224,0.0015429452969064354,0.6546663486431309,0.9643654101722128,0.6788571445404943,-1.571905255317688,0.0004303928872104734,False,,0.10857260227203369,0.3207199215888977,-7.045762002468109,0.007272982504218817
14848,-0.014204494655132294,-0.014253890786744888,4.939628449959029e-05,-1.7563210725784302,0.0,0.0004206380108371377,0.001849868312263224,0.5340519016638144,0.9637508231436577,0.5541389836864586,-1.5370497703552246,0.0005002607358619571,False,,0.10857260227203369,0.3207199215888977,-7.045762002468109,0.007272982504218817
15104,-0.26166778802871704,-0.26171283961944575,4.506467149574369e-05,-1.400069236755371,0.0,0.00039415061473846436,0.0017482247801886338,0.515547794613473,0.9631390356340531,0.5352786830761956,-1.559545636177063,0.0004266334290150553,False,,0.10857260227203369,0.3207199215888977,-7.045762002468109,0.007272982504218817
15360,0.07650740444660187,0.07643809601745452,6.930787392811507e-05,-1.3007391691207886,0.0,0.0005190334049984813,0.002321588670265872,0.5970728132488501,0.9625252301701158,0.6203191298614832,-1.5306322574615479,0.00041710984078235924,False,,0.10857260227203369,0.3207199215888977,-7.045762002468109,0.007272982504218817
15616,0.22497327625751495,0.2249312208789823,4.204870477213678e-05,-1.6104817390441895,0.0,0.00039968721102923155,0.0018025637658690664,0.46654332643665364,0.9619142206650069,0.48501552052543206,-1.5360831022262573,0.00042464814032427967,False,,0.10857260227203369,0.3207199215888977,-7.045762002468109,0.007272982504218817
15872,0.8210412859916687,0.8209707702636719,7.049420172148772e-05,-1.1679657697677612,0.0,0.00045406477875076234,0.00206454473232111,0.6829031177467687,0.9613011957717791,0.7103945368532503,-1.5736684799194336,0.00041384075302630663,False,,0.10857260227203369,0.3207199215888977,-7.045762002468109,0.007272982504218817
16128,-0.5588654279708862,-0.5590661479446412,0.00020070327484668804,-1.6233397722244263,0.0,0.0012628467520698905,0.005788107130817873,0.6935022808340046,0.9606885615573786,0.7218804392859257,-1.592421531677246,0.0004447532119229436,False,,0.10857260227203369,0.3207199215888977,-7.045762002468109,0.007272982504218817
16384,-0.10932230204343796,-0.10933997832946771,1.7674940822783954e-05,-1.5587595701217651,0.0,0.00015761828399263322,0.0007281213045802485,0.48549440077085243,0.9600787179666218,0.5056818692941084,-1.5916041135787964,0.0004277550906408578,False,,0.10857260227203369,0.3207199215888977,-7.045762002468109,0.007272982504218817
16640,0.17615316808223724,0.17608292569122425,7.024028100675041e-05,-1.8731156587600708,0.0,0.0004957609344273806,0.002308027819877647,0.6086606097362725,0.9594668628334636,0.634373768718596,-1.5883848667144775,0.00042380118975415826,False,,0.17922431230545044,0.3629660978913307,-7.0402341187000275,0.005782745778560638
16896,0.035554785281419754,0.03549344503173925,6.134060516802628e-05,-1.4286612272262573,0.0,0.00039553004899062216,0.001855531199238495,0.6611649019235063,0.9588553976336482,0.689535568715773,-1.5910731554031372,0.00040262931725010276,False,,0.17922431230545044,0.3629660978913307,-7.0402341187000275,0.005782745778560638
17152,-0.0005844307597726583,-0.0006717127319338034,8.72819731827491e-05,-1.5240075588226318,0.0,0.0006002012523822486,0.0028368932549474543,0.6153349127996413,0.9582467177324725,0.6421466428350795,-1.6040923595428467,0.00034192975726909935,False,,0.17922431230545044,0.3629660978913307,-7.0402341187000275,0.005782745778560638
17408,0.5119903087615967,0.5119283853759756,6.192373008526888e-05,-1.6712650060653687,0.0,0.0004150014719925821,0.001976138817591591,0.6267143738488787,0.9576360301272744,0.6544390082791532,-1.5869262218475342,0.0003821882710326463,False,,0.17922431230545044,0.3629660978913307,-7.0402341187000275,0.005782745778560638
17664,0.4412703812122345,0.4410510548263585,0.00021932977693476532,-1.3857368230819702,0.0,0.00159230746794492,0.007637818935286123,0.5743256780321905,0.9570257317113574,0.6001151891759262,-1.584761142730713,0.0003492889227345586,False,,0.17922431230545044,0.3629660978913307,-7.0402341187000275,0.005782745778560638
17920,-0.09200697392225266,-0.09204084158782935,3.386992802035752e-05,-1.7071657180786133,0.0,0.0002943307044915855,0.00142198392380961,0.4763756812329811,0.9564182132792368,0.49808302959815964,-1.5480245351791382,0.00037554086884483695,False,,0.17922431230545044,0.3629660978913307,-7.0402341187000275,0.005782745778560638
18176,0.12078695744276047,0.12072819514770528,5.876352054857666e-05,-1.240085244178772,0.0,0.00041894707828760147,0.0020384632435141124,0.5765472665307819,0.9558086909741489,0.603203624297632,-1.5798110961914062,0.0003472236276138574,False,,0.17922431230545044,0.3629660978913307,-7.0402341187000275,0.005782745778560638
18432,0.07233282923698425,0.07229542806167738,3.7401378628216484e-05,-1.611907958984375,0.0,0.0003342426207382232,0.0016377027900936064,0.4567541663170608,0.9552019451175776,0.478175498544277,-1.6217868328094482,0.0003551821573637426,False,,0.17922431230545044,0.3629660978913307,-7.0402341187000275,0.005782745778560638
18688,0.31837543845176697,0.31829097334899853,8.445344724880684e-05,-1.6650010347366333,0.0,0.0005346309044398367,0.002637708938177359,0.6403545594167313,0.9545931979363458,0.6708140816434263,-1.6165893077850342,0.0003420952707529068,False,,0.2324863076210022,0.47981376573443413,-7.039381641149521,0.005968861281871796
18944,-0.6717403531074524,-0.6717914244079599,5.106018754329797e-05,-1.4491984844207764,0.0,0.0002933317155111581,0.0014571038682825224,0.7008448560840379,0.9539848387077688,0.7346498892302894,-1.6146211624145508,0.00034575097379274666,False,,0.2324863076210022,0.47981376573443413,-7.039381641149521,0.005968861281871796
19200,-0.058772407472133636,-0.05880983123779297,3.74227332515461e-05,-1.4255222082138062,0.0,0.00030560445156879723,0.00152826512121229,0.4897413770964121,0.9533792506297533,0.513689989343605,-1.5978115797042847,0.0003717797517310828,False,,0.2324863076210022,0.47981376573443413,-7.039381641149521,0.005968861281871796
19456,0.10061078518629074,0.10059514160156251,1.564349764069556e-05,-1.563266634941101,0.0,9.319867967860773e-05,0.0004691688025187635,0.6668600962686528,0.9527716650459588,0.6999159617498549,-1.6054530143737793,0.00030868794419802725,False,,0.2324863076210022,0.47981376573443413,-7.039381641149521,0.005968861281871796
19712,0.0074928211979568005,0.0074371693847671855,5.565188599978402e-05,-1.4576982259750366,0.0,0.00032256849226541817,0.0016344963124962418,0.680966797836223,0.952164466674537,0.7151777047661945,-1.5918173789978027,0.00038790388498455286,False,,0.2324863076210022,0.47981376573443413,-7.039381641149521,0.005968861281871796
19968,0.19578173756599426,0.19574489433975106,3.68461501408478e-05,-1.7618708610534668,0.0,0.00021131226094439626,0.0010776597359182763,0.6838178863470502,0.9515600341658303,0.7186282124033383,-1.581974744796753,0.00035856894101016223,False,,0.2324863076210022,0.47981376573443413,-7.039381641149521,0.005968861281871796
20224,-0.09179115295410156,-0.09182105127410614,2.989610126311284e-05,-1.343722939491272,0.0,0.00019029047689400613,0.0009766619305084012,0.6122098205988316,0.9509536079629398,0.6437851599409362,-1.5951950550079346,0.00035409844713285565,False,,0.2324863076210022,0.47981376573443413,-7.039381641149521,0.005968861281871796
20480,0.016369517892599106,0.016307543154906307,6.197501087705241e-05,-1.5708012580871582,0.0,0.00035724107874557376,0.0018451171553161693,0.6717731792638685,0.950347568233552,0.7068710456244124,-1.5988340377807617,0.0003517438017297536,False,,0.2324863076210022,0.47981376573443413,-7.039381641149521,0.005968861281871796
20736,0.10726490616798401,0.1072125872558594,5.231777021304149e-05,-1.484837293624878,0.0,0.0004031072894576937,0.002094951630199141,0.4994651853424252,0.9497442890891236,0.5258943813407396,-1.622772216796875,0.0003075971035286784,False,,0.2529699206352234,0.5980234775692225,-7.040583997964859,0.007458088453859091
20992,0.07045374065637589,0.07039982139434434,5.391565734706723e-05,-1.7823365926742554,0.0,0.00033959693973883986,0.0017757645171069163,0.6072388182967735,0.9491390200548326,0.6397785840283889,-1.6139791011810303,0.00035174316144548357,False,,0.2529699206352234,0.5980234775692225,-7.040583997964859,0.007458088453859091
21248,0.23796913027763367,0.2379444397781379,2.468607851388295e-05,-1.7802271842956543,0.0,0.00019319930288475007,0.0010163721440844301,0.48576849842969083,0.9485365080948908,0.5121241979450463,-1.6274164915084839,0.0002956011157948524,False,,0.2529699206352234,0.5980234775692225,-7.040583997964859,0.007458088453859091
21504,0.10236424952745438,0.10231894925002999,4.529696307265268e-05,-1.717576503753662,0.0,0.00029503347468562424,0.0015614312497046585,0.5801979828598987,0.947932008775611,0.612067086551183,-1.6409335136413574,0.0003332597843836993,False,,0.2529699206352234,0.5980234775692225,-7.040583997964859,0.007458088453859091
21760,-0.8232885003089905,-0.8233520450439479,6.351633663329473e-05,-1.4055358171463013,0.0,0.0003691598540171981,0.0019653484045211844,0.6463621054381872,0.9473278947018372,0.6823002986116267,-1.6240180730819702,0.00032611124333925545,False,,0.2529699206352234,0.5980234775692225,-7.040583997964859,0.007458088453859091
22016,-0.2521442770957947,-0.2521894430328364,4.51559304237184e-05,-1.6267037391662598,0.0,0.000365676183719188,0.0019581917312953114,0.4612002972134756,0.9467265324414262,0.4871526057520839,-1.6285550594329834,0.0003690879966598004,False,,0.2529699206352234,0.5980234775692225,-7.040583997964859,0.007458088453859091
22272,-0.0438336580991745,-0.043856783631898,2.3126596307592187e-05,-1.6422659158706665,0.0,0.0001311310043092817,0.0007062817134827465,0.6548830549088579,0.9461231866139109,0.6921752517794485,-1.601812481880188,0.0003002873563673347,False,,0.2529699206352234,0.5980234775692225,-7.040583997964859,0.007458088453859091
22528,0.4827743470668793,0.4827405030059832,3.384184972861505e-05,-1.7097158432006836,0.0,0.00017744208162184805,0.0009612015497659706,0.7041572027605391,0.945520225296785,0.744729921075474,-1.6105600595474243,0.000297583726933226,False,,0.2529699206352234,0.5980234775692225,-7.040583997964859,0.007458088453859091
22784,-0.005359970964491367,-0.005496959896849876,0.00013698914158716174,-1.350771188735962,0.0,0.0007805657223798335,0.004252211663596487,0.6443194855982187,0.9449200105420746,0.6818772789334733,-1.6132783889770508,0.0003022747696377337,False,,0.24956274032592773,0.533972191810608,-7.036843025684357,0.005521498620510101
23040,-0.09823265671730042,-0.09829810791015625,6.544884056781186e-05,-1.543045997619629,0.0,0.0003544700157362968,0.0019418454360002036,0.6740890840686353,0.9443178160052573,0.7138370923893301,-1.6226810216903687,0.00030720807262696326,False,,0.24956274032592773,0.533972191810608,-7.036843025684357,0.005521498620510101
23296,0.447083443403244,0.44699200437240655,9.143224956912279e-05,-1.7691700458526611,0.0,0.00045101108844392,0.0024844212849805232,0.7360446484811014,0.9437160052451155,0.7799429535900743,-1.617008090019226,0.00031869052327238023,False,,0.24956274032592773,0.533972191810608,-7.036843025684357,0.005521498620510101
23552,0.08012352883815765,0.08008842111358536,3.510430959027364e-05,-1.0673555135726929,0.0,0.00017693305562715977,0.000979973427206917,0.7164339076076094,0.9431169358064615,0.7596448334320124,-1.613507628440857,0.00028206766000948846,False,,0.24956274032592773,0.533972191810608,-7.036843025684357,0.005521498620510101
23808,0.6221046447753906,0.6220697168334999,3.490757461856747e-05,-1.8633455038070679,0.0,0.00019505035015754402,0.0010861829864960806,0.6427567924107497,0.9425158903634756,0.6819585738367492,-1.6511638164520264,0.00026222263113595545,False,,0.24956274032592773,0.533972191810608,-7.036843025684357,0.005521498620510101
24064,0.048835042864084244,0.04883504356155463,0.0,0.0,0.0,0.0,0.0,0.0,0.0,0.0,-1.6265863180160522,0.0002713097492232919,False,,0.24956274032592773,0.533972191810608,-7.036843025684357,0.005521498620510101
24320,0.16306129097938538,0.1630099034286497,5.138204928701637e-05,-1.7054612636566162,0.0,0.0003324559947941452,0.0018711468019669197,0.5492038276526927,0.9413173016567878,0.5834417647333726,-1.6684067249298096,0.00031653986661694944,False,,0.24956274032592773,0.533972191810608,-7.036843025684357,0.005521498620510101
24576,0.06758136302232742,0.0675341417304997,4.7223180724347005e-05,-1.7973852157592773,0.0,0.0002521149581298232,0.0014264264535677243,0.6621186897681847,0.9407174031149588,0.7038444144604302,-1.6274075508117676,0.0002769144484773278,False,,0.24956274032592773,0.533972191810608,-7.036843025684357,0.005521498620510101
24832,0.020526761189103127,0.020499788677979087,2.697268381927574e-05,-1.4149919748306274,0.0,0.00024198302708100528,0.0013761961265420456,0.3919889512703358,0.9401202371842298,0.41695618897045406,-1.6557787656784058,0.00030914839589968324,False,,0.35752296447753906,0.6128167487680912,-7.023575496673584,0.006611865013837814
25088,0.2583119571208954,0.2582599632080077,5.2004155258627615e-05,-1.7595216035842896,0.0,0.0002750363782979548,0.0015722295644550715,0.6615338680093075,0.9395211015278063,0.7041181586380032,-1.6235984563827515,0.00031460204627364874,False,,0.35752296447753906,0.6128167487680912,-7.023575496673584,0.006611865013837814
25344,0.07976360619068146,0.07973620455932687,2.7399663723836542e-05,-1.8640416860580444,0.0,0.0001306600752286613,0.0007507173191960535,0.7299595473081388,0.9389223476986436,0.7774440017295515,-1.6687157154083252,0.00027379111270420253,False,,0.35752296447753906,0.6128167487680912,-7.023575496673584,0.006611865013837814
25600,-0.036878060549497604,-0.03689648067931994,1.8420589352978085e-05,-1.6241816282272339,0.0,0.00011738196189980954,0.0006778160739592644,0.5435276636441976,0.9383263212662749,0.5792522828419701,-1.6085784435272217,0.0002882489934563637,False,,0.35752296447753906,0.6128167487680912,-7.023575496673584,0.006611865013837814
25856,0.2440355271100998,0.2439899407562276,4.557966336314708e-05,-1.8565266132354736,0.0,0.000263500667642802,0.001529170892877805,0.5961356389326633,0.9377283288667972,0.6357231839770336,-1.683313012123108,0.00028043953352607787,False,,0.35752296447753906,0.6128167487680912,-7.023575496673584,0.006611865013837814
26112,-1.060768723487854,-1.0609587784606964,0.0001900713616984102,-1.5916645526885986,0.0,0.000932700524572283,0.005439499941680867,0.6988560115313687,0.9371307175659862,0.7457401602910964,-1.6588680744171143,0.0002494393556844443,False,,0.35752296447753906,0.6128167487680912,-7.023575496673584,0.006611865013837814
26368,0.220137357711792,0.22009515931396456,4.2194561609775106e-05,-1.233765721321106,0.0,0.00023562968999613076,0.0013808929395537249,0.6111199558078918,0.9365358284576133,0.6525323828927603,-1.6729382276535034,0.00029386175447143614,False,,0.35752296447753906,0.6128167487680912,-7.023575496673584,0.006611865013837814
26624,0.544890284538269,0.5448495834915171,4.069446498504737e-05,-1.8756626844406128,0.0,0.0002038208331214264,0.0012002718267629824,0.6780874811466069,0.9359389771335448,0.7244996711466732,-1.640566110610962,0.0002557591360528022,False,,0.35752296447753906,0.6128167487680912,-7.023575496673584,0.006611865013837814
26880,0.16872140765190125,0.16865365012206895,6.775640084498063e-05,-1.726280927658081,0.0,0.00033892897772602737,0.0020054908176894075,0.6757089112284745,0.9353425061809391,0.7224186934339546,-1.692469835281372,0.0002589583455119282,False,,0.3856491446495056,0.6294240392744541,-7.01645240187645,0.005116365849971771
27136,-0.3826502561569214,-0.382699792707825,4.954407156729826e-05,-1.5543333292007446,0.0,0.00027556007262319326,0.0016382546444271776,0.6048396900424664,0.9347487522263461,0.6470612435714775,-1.6310068368911743,0.0002323704829905182,False,,0.3856491446495056,0.6294240392744541,-7.01645240187645,0.005116365849971771
27392,0.09118642657995224,0.09115368171539304,3.274445210400191e-05,-1.7124998569488525,0.0,0.00022865146456751972,0.0013657807454025945,0.47949793133669855,0.9341530398003127,0.5132969769484425,-1.664915919303894,0.00024906653561629355,False,,0.3856491446495056,0.6294240392744541,-7.01645240187645,0.005116365849971771
27648,0.15726050734519958,0.15723587835121144,2.4633941527037036e-05,-1.5736092329025269,0.0,0.0001884562661871314,0.0011309217133955401,0.4356436212206902,0.933560040917111,0.46664767355800973,-1.6605159044265747,0.0002752930740825832,False,,0.3856491446495056,0.6294240392744541,-7.01645240187645,0.005116365849971771
27904,0.5905423760414124,0.5904899210876465,5.246479691365383e-05,-1.4784996509552002,0.0,0.0002462191041558981,0.0014843895424648836,0.7068871803897796,0.9329650860530386,0.7576780642245742,-1.6501843929290771,0.00028264251886866987,False,,0.3856491446495056,0.6294240392744541,-7.01645240187645,0.005116365849971771
28160,-0.3262058198451996,-0.32627146239318827,6.562889887371347e-05,-1.7307113409042358,0.0,0.0003446737537160516,0.0020874701966670604,0.6287888466958641,0.9323705103518212,0.6743980421030226,-1.6208570003509521,0.0002461563271936029,False,,0.3856491446495056,0.6294240392744541,-7.01645240187645,0.005116365849971771
28416,-0.08334522694349289,-0.08336873632964999,2.350600066364385e-05,-1.5162086486816406,0.0,0.0001365930656902492,0.0008309999021231361,0.5657281211126008,0.931778643015515,0.607148624142892,-1.6617056131362915,0.0002524695883039385,False,,0.3856491446495056,0.6294240392744541,-7.01645240187645,0.005116365849971771
28672,0.2310246229171753,0.2309945351707458,3.0088083900955797e-05,-1.9441779851913452,0.0,0.00015181048365775496,0.0009277360039237715,0.6486346066920136,0.9311848234306963,0.6965691346883172,-1.6607829332351685,0.00028488479438237846,False,,0.3856491446495056,0.6294240392744541,-7.01645240187645,0.005116365849971771
28928,0.21520188450813293,0.21515415656814585,4.773383254858861e-05,-1.5043079853057861,0.0,0.0002071569615509361,0.0012716135448649069,0.7507600519253629,0.9305913822852225,0.8067558610759389,-1.6744874715805054,0.00024215162557084113,False,,0.3875077962875366,0.6021754562854766,-7.014647710323334,0.006552885286509991
29184,0.036846503615379333,0.03680674801941059,3.97539682814954e-05,-1.8262159824371338,0.0,0.0002603672619443387,0.001605278612646816,0.4952905740885471,0.9300006443366202,0.5325701407893576,-1.6564828157424927,0.00026362345670349896,False,,0.3875077962875366,0.6021754562854766,-7.014647710323334,0.006552885286509991
29440,0.6160174608230591,0.6159908219619771,2.6638809637468493e-05,-1.657826542854309,0.0,0.00012784553109668195,0.0007916784333215365,0.6729704515431523,0.9294079578647411,0.7240850972368059,-1.658004879951477,0.000260674802120775,False,,0.3875077962875366,0.6021754562854766,-7.014647710323334,0.006552885286509991
29696,0.4819893538951874,0.4818670059936529,0.0001223330222350272,-1.625465750694275,0.0,0.0005811395822092891,0.0036143189189157586,0.676935405975327,0.9288156491100777,0.728815676850316,-1.6674474477767944,0.0002977418771479279,False,,0.3875077962875366,0.6021754562854766,-7.014647710323334,0.006552885286509991
29952,-0.018884088844060898,-0.018947073701478075,6.298405740019117e-05,-1.7832773923873901,0.0,0.0003138989268336445,0.001960627658341117,0.6424887166335485,0.9282260383941072,0.692168383624636,-1.624924898147583,0.00023843949020374566,False,,0.3875077962875366,0.6021754562854766,-7.014647710323334,0.006552885286509991
30208,0.22170639038085938,0.2216083363769518,9.804851565719015e-05,-1.4860132932662964,0.0,0.0004703355662059039,0.0029502840601884077,0.6646716970767125,0.9276344828729877,0.7165232743592606,-1.6416019201278687,0.00025538037880323827,False,,0.3875077962875366,0.6021754562854766,-7.014647710323334,0.006552885286509991
30464,0.020293254405260086,0.020263695181276128,2.955955068110402e-05,-1.8025997877120972,0.0,0.00021018383267801255,0.0013239855161063859,0.4465237772091886,0.9270456219594904,0.48166321768002546,-1.6376264095306396,0.00025191623717546463,False,,0.3875077962875366,0.6021754562854766,-7.014647710323334,0.006552885286509991
30720,0.2803466022014618,0.2802981300354004,4.848544154530786e-05,-1.676140308380127,0.0,0.00024924188619479537,0.0015766116068784838,0.6150587923338159,0.9264548187140346,0.6638842822227943,-1.680751919746399,0.0002471260668244213,False,,0.3875077962875366,0.6021754562854766,-7.014647710323334,0.006552885286509991
30976,-0.7127124667167664,-0.712760674717711,4.819744883222e-05,-1.647461175918579,0.0,0.00022511450515594333,0.0014299202259908043,0.6741278003648569,0.9258643919856201,0.7281064119110512,-1.6421446800231934,0.00025151396403089166,False,,0.4489979147911072,0.7136864639818669,-7.014329642057419,0.006180580705404282
31232,-0.07604175060987473,-0.0760845301635738,4.277634732860626e-05,-1.821265459060669,0.0,0.00026348899700678885,0.0016805583239962066,0.5090730469489235,0.9252766547230393,0.5501846873044722,-1.6764230728149414,0.0002466300211381167,False,,0.4489979147911072,0.7136864639818669,-7.014329642057419,0.006180580705404282
31488,0.12432155013084412,0.12430256247711223,1.8986647164908093e-05,-1.6238752603530884,0.0,8.348653500434011e-05,0.0005346662039996992,0.7102243239940699,0.9246869788348134,0.7680699958476919,-1.6630613803863525,0.00022382264432962984,False,,0.4489979147911072,0.7136864639818669,-7.014329642057419,0.006180580705404282
31744,0.14153152704238892,0.14147670727539227,5.481281173710214e-05,-1.5553066730499268,0.0,0.00023532130580861121,0.0015131721585907257,0.7244755519180498,0.9240976787451677,0.783981573140423,-1.6650724411010742,0.00025849498342722654,False,,0.4489979147911072,0.7136864639818669,-7.014329642057419,0.006180580705404282
32000,0.1986779421567917,0.19862272157745467,5.522362932538849e-05,-1.5640968084335327,0.0,0.0002633115218486637,0.0016999524211908988,0.6497079404928482,0.9235110629893785,0.7035193908665939,-1.6856032609939575,0.0002447988372296095,False,,0.4489979147911072,0.7136864639818669,-7.014329642057419,0.006180580705404282
32256,-0.1801024079322815,-0.18012978363037402,2.7380845351928444e-05,-1.8782728910446167,0.0,0.00012391559721436352,0.0008032035672346185,0.6817909299431786,0.9229225123071852,0.7387304143646801,-1.666271686553955,0.00023731401597615331,False,,0.4489979147911072,0.7136864639818669,-7.014329642057419,0.006180580705404282
32512,0.04186996817588806,0.04183484268722532,3.5126051731312466e-05,-1.5546985864639282,0.0,0.0001578099181642756,0.0010269587067698869,0.6840791455343929,0.922334336706482,0.7416824011747597,-1.666847586631775,0.00024363663396798074,False,,0.4489979147911072,0.7136864639818669,-7.014329642057419,0.006180580705404282
32768,0.21707722544670105,0.21704349515228097,3.372739025751514e-05,-1.6795769929885864,0.0,0.0002089837653329596,0.0013653063352434052,0.4940633378296344,0.9217488403174509,0.5360064653398193,-1.6611753702163696,0.00026270272792316973,False,,0.4489979147911072,0.7136864639818669,-7.014329642057419,0.006180580705404282
33024,0.11873922497034073,0.11868431969299273,5.490166259187079e-05,-1.907044768333435,0.0,0.00024264684179797769,0.0015914188249633067,0.6899712599935677,0.9211614126941978,0.749023190165501,-1.6783086061477661,0.00020017698989249766,False,,0.5945541858673096,0.7039747998118401,-7.016453665494919,0.004216928966343403
33280,0.11995509266853333,0.11993703910675105,1.8056937676128086e-05,-1.7555829286575317,0.0,0.0001625305594643578,0.00107008314075864,0.33748663049352484,0.9205766608754884,0.36660350499497535,-1.671647548675537,0.00023575352679472417,False,,0.5945541858673096,0.7039747998118401,-7.016453665494919,0.004216928966343403
33536,0.12632079422473907,0.12629292640380882,2.7874139319552634e-05,-1.826744794845581,0.0,0.0001480093051213771,0.0009782230229803382,0.5698933405723551,0.9199899802784898,0.6194560297274574,-1.6875280141830444,0.00023792663705535233,False,,0.5945541858673096,0.7039747998118401,-7.016453665494919,0.004216928966343403
33792,-0.9698558449745178,-0.9699313898628229,7.553922846707489e-05,-1.5791208744049072,0.0,0.0003442592278588563,0.0022839580897886656,0.661476485096664,0.9194036735711818,0.7194625213181197,-1.6926852464675903,0.0002510457416065037,False,,0.5945541858673096,0.7039747998118401,-7.016453665494919,0.004216928966343403
34048,-0.2806505858898163,-0.2807232593933106,7.268044474209203e-05,-1.5806633234024048,0.0,0.00046087882947176695,0.00306919207024303,0.47361287973311444,0.9188200375625082,0.5154577179112663,-1.6662427186965942,0.0002521265996620059,False,,0.5945541858673096,0.7039747998118401,-7.016453665494919,0.004216928966343403
34304,-0.012528039515018463,-0.012548363485718438,2.0324292875124113e-05,-1.7962929010391235,0.0,8.716817683307454e-05,0.0005826720530579687,0.6976237411236229,0.9182344764559961,0.7597446610980683,-1.6913944482803345,0.00023349111143033952,False,,0.5945541858673096,0.7039747998118401,-7.016453665494919,0.004216928966343403
34560,0.6526376008987427,0.6525875193954503,5.007136153581537e-05,-1.7167723178863525,0.0,0.00019561962108127773,0.0013124882608469594,0.762999000135878,0.9176492885257268,0.8314712490669434,-1.6816682815551758,0.00023420008074026555,False,,0.5945541858673096,0.7039747998118401,-7.016453665494919,0.004216928966343403
34816,0.011567516252398491,0.0113949951171875,0.0001725215865884459,-1.3785667419433594,0.0,0.0008148672641254961,0.005487423181245115,0.6287890723576386,0.917066766197926,0.6856524470563249,-1.6852128505706787,0.00020758229948114604,False,,0.5945541858673096,0.7039747998118401,-7.016453665494919,0.004216928966343403
35072,-0.10581991821527481,-0.10585504580383713,3.512699665793894e-05,-1.6002243757247925,0.0,0.0001636703818803653,0.0011062283661664057,0.6350767659243863,0.9164823224457144,0.6929503716226928,-1.6599384546279907,0.00023759144823998213,False,,0.6004640460014343,0.8509556315839291,-7.011555832624436,0.006658613216131926
35328,0.4550384283065796,0.45493826919097924,0.00010016969441900234,-1.789365291595459,0.0,0.0004164214478805661,0.0028248103332169545,0.7092135938551807,0.9158982511576591,0.7743366612598755,-1.7119511365890503,0.00023840741778258234,False,,0.6004640460014343,0.8509556315839291,-7.011555832624436,0.006658613216131926
35584,0.07194621115922928,0.07190648108062742,3.972928457209583e-05,-1.3301604986190796,0.0,0.00018467407790012658,0.0012572628463505282,0.6319964784995993,0.9153168403856308,0.6904674432006886,-1.6894421577453613,0.00023313220299314708,False,,0.6004640460014343,0.8509556315839291,-7.011555832624436,0.006658613216131926
35840,1.0166995525360107,1.0166545608520536,4.4997580762244607e-05,-1.7184630632400513,0.0,0.00019250655896030366,0.001315299094000835,0.6842182278917626,0.9147335118556096,0.7479973336756534,-1.690037488937378,0.00023216874978970736,False,,0.6004640460014343,0.8509556315839291,-7.011555832624436,0.006658613216131926
36096,0.016606753692030907,0.016606753945918172,0.0,0.0,0.0,0.0,0.0,0.0,0.0,0.0,-1.7001951932907104,0.00021947543427813798,False,,0.6004640460014343,0.8509556315839291,-7.011555832624436,0.006658613216131926
36352,0.22968308627605438,0.22964787750244142,3.520243970948168e-05,-1.5326247215270996,0.0,0.0001797590230125934,0.0012369387681040705,0.5691864563908616,0.913570253741716,0.6230352335352872,-1.6993142366409302,0.00021972913236822933,False,,0.6004640460014343,0.8509556315839291,-7.011555832624436,0.006658613216131926
36608,0.39940544962882996,0.39934111028595365,6.433483434825989e-05,-1.6690318584442139,0.0,0.0002665325009729713,0.0018404910159876575,0.699105116943329,0.9129880383058439,0.7657330519254122,-1.701667070388794,0.00022270699264481664,False,,0.6004640460014343,0.8509556315839291,-7.011555832624436,0.006658613216131926
36864,0.06347332894802094,0.06345136261749286,2.196648179416808e-05,-1.7051918506622314,0.0,0.00016345208860002458,0.001132617986167114,0.38788862727678775,0.9124084749323652,0.42512606791113056,-1.6819612979888916,0.00020773250435013324,False,,0.6004640460014343,0.8509556315839291,-7.011555832624436,0.006658613216131926
37120,0.3763434886932373,0.3763080780029297,3.5423940883994335e-05,-1.6328368186950684,0.0,0.00014793750597164035,0.00102867026637353,0.6887326686106667,0.9118269998944571,0.7553326110000984,-1.6983884572982788,0.00024866516469046474,False,,0.6718523502349854,0.7130151599645614,-7.006662845611572,0.006094682030379772
37376,-0.0033806555438786745,-0.003427652740478516,4.699712878751626e-05,-1.7121535539627075,0.0,0.00017827436386141926,0.0012438881911049282,0.7556487652763931,0.9112458954287532,0.8292479220670184,-1.7052550315856934,0.000245951785473153,False,,0.6718523502349854,0.7130151599645614,-7.006662845611572,0.006094682030379772
37632,-0.03262804076075554,-0.03265014426422131,2.210178022226836e-05,-1.5417145490646362,0.0,0.00011462909606052563,0.000802538462154664,0.5507967845660445,0.9106674379648382,0.6048275820610941,-1.6665966510772705,0.00021650419512297958,False,,0.6718523502349854,0.7130151599645614,-7.006662845611572,0.006094682030379772
37888,0.3854723572731018,0.3854302643859905,4.2089264352471414e-05,-1.7020217180252075,0.0,0.00018154126883018762,0.0012753243627785667,0.6600558349057326,0.9100870724842878,0.7252666858611247,-1.7094264030456543,0.00023992884962353855,False,,0.6718523502349854,0.7130151599645614,-7.006662845611572,0.006094682030379772
38144,-1.6269556283950806,-1.6271766212463408,0.00022096801127920044,-1.664296269416809,0.0,0.0008671375690028071,0.0061122013249050285,0.7230390477448281,0.9095070768688244,0.7949790234002874,-1.7230033874511719,0.0002529841149225831,False,,0.6718523502349854,0.7130151599645614,-7.006662845611572,0.006094682030379772
38400,0.7270144820213318,0.7269689727783218,4.5488103674908396e-05,-1.5099345445632935,0.0,0.00018579617608338594,0.001313999755859284,0.6923609151686891,0.9089297232042014,0.7617320651897554,-1.6985019445419312,0.0002522172871977091,False,,0.6718523502349854,0.7130151599645614,-7.006662845611572,0.006094682030379772
38656,0.4807247519493103,0.4806633746139531,6.137515723845772e-05,-1.9144415855407715,0.0,0.00026308148517273366,0.001866782443892624,0.6575501868388898,0.9083504651637769,0.7238948093898234,-1.7035832405090332,0.00026861828519031405,False,,0.6718523502349854,0.7130151599645614,-7.006662845611572,0.006094682030379772
38912,0.38962122797966003,0.38958186492919633,3.935557140880611e-05,-1.465390920639038,0.0,0.00015448962221853435,0.001099861732670834,0.7156457987357655,0.9077715762826712,0.788354490747924,-1.7036957740783691,0.0002144504542229697,False,,0.6718523502349854,0.7130151599645614,-7.006662845611572,0.006094682030379772
39168,-0.4541690945625305,-0.4542187717048655,4.9668485457304624e-05,-1.604494333267212,0.0,0.00021271954756230116,0.0015193804635938108,0.6537991852261033,0.907195324311096,0.7206818286046436,-1.683708667755127,0.00022007258667144924,False,,0.7261648774147034,0.6887694019824266,-7.005337274074554,0.005661685019731522
39424,0.21464434266090393,0.21460077982635412,4.3564266506740055e-05,-1.556841492652893,0.0,0.00017820100765675306,0.001276985481452616,0.6822985404216838,0.9066171715976055,0.752576238126357,-1.6864792108535767,0.00018997130973730236,False,,0.7261648774147034,0.6887694019824266,-7.005337274074554,0.005661685019731522
39680,0.1214231550693512,0.12139675123252819,2.6403919645634504e-05,-1.8270703554153442,0.0,0.00021359855600167066,0.0015355929108948907,0.34389217947414474,0.9060416524403121,0.3795544923877543,-1.7179369926452637,0.00023982368293218315,False,,0.7261648774147034,0.6887694019824266,-7.005337274074554,0.005661685019731522
39936,0.642516016960144,0.6424645190216077,5.1487968080503026e-05,-1.7872954607009888,0.0,0.00021237651526462287,0.0015317318110908515,0.6722843739053105,0.9054642349582593,0.7424747968497086,-1.6885720491409302,0.00020938484522048384,False,,0.7261648774147034,0.6887694019824266,-7.005337274074554,0.005661685019731522
40192,-0.7866905927658081,-0.7867672889221198,7.667169075473623e-05,-1.80399489402771,0.0,0.0003029588842764497,0.0021920448721392065,0.6995449019245001,0.9048871854625432,0.773074161246874,-1.6719061136245728,0.00025564481620676816,False,,0.7261648774147034,0.6887694019824266,-7.005337274074554,0.005661685019731522
40448,-0.017654646188020706,-0.017680829118347903,2.6182285937093103e-05,-1.8217660188674927,0.0,0.00014048379671294242,0.001019687878885296,0.5135352979916775,0.9043127644977326,0.5678735479056318,-1.70310640335083,0.00026408283156342804,False,,0.7261648774147034,0.6887694019824266,-7.005337274074554,0.005661685019731522
40704,0.37406229972839355,0.3740340367248544,2.826658863784134e-05,-1.6506747007369995,0.0,0.00011891300528077409,0.0008658493968323787,0.652921599096835,0.9037364488305024,0.7224690339111152,-1.712838888168335,0.00020052331092301756,False,,0.7261648774147034,0.6887694019824266,-7.005337274074554,0.005661685019731522
40960,0.24896468222141266,0.24893559989395145,2.9088296685244064e-05,-1.6633256673812866,0.0,0.00010825195204233751,0.0007907006723810096,0.735760008845104,0.9031605004474258,0.8146503400897276,-1.71849524974823,0.00020734418649226427,False,,0.7261648774147034,0.6887694019824266,-7.005337274074554,0.005661685019731522
41216,0.17191743850708008,0.17186558194198734,5.18618807072854e-05,-1.6421198844909668,0.0,0.00022482749773189425,0.0016473101099570965,0.629655344112908,0.9025871755795521,0.6976116669379948,-1.6692744493484497,0.0002313709119334817,False,,0.7323061227798462,0.7880023032426834,-7.003139352798462,0.004970886744558811
41472,0.6783661246299744,0.6783386505126954,2.7503090988871694e-05,-1.7969022989273071,0.0,0.00011066955630667508,0.0008133933159799242,0.6762556428371366,0.9020119596246867,0.7497191535226607,-1.698525071144104,0.00023900435189716518,False,,0.7323061227798462,0.7880023032426834,-7.003139352798462,0.004970886744558811
41728,0.6026795506477356,0.6025430166564969,0.00013654310239754485,-1.7186248302459717,0.0,0.0005201015737839043,0.003834412160922478,0.7121983587945615,0.9014371102531318,0.7900699346564174,-1.713543176651001,0.00020601753203663975,False,,0.7323061227798462,0.7880023032426834,-7.003139352798462,0.004970886744558811
41984,0.009769011288881302,0.009717533254239243,5.1478287361911926e-05,-1.6664355993270874,0.0,0.0002275446313433349,0.0016826818790426513,0.6118600075636411,0.900864879390648,0.6791917651152168,-1.7073127031326294,0.0002259273751405999,False,,0.7323061227798462,0.7880023032426834,-7.003139352798462,0.004970886744558811
42240,0.34241655468940735,0.34237195510863966,4.461181675636015e-05,-1.5673755407333374,0.0,0.0001777171273715794,0.0013182161960918514,0.6768512917474678,0.9002907610497014,0.7518141038771602,-1.7103933095932007,0.00019959175551775843,False,,0.7323061227798462,0.7880023032426834,-7.003139352798462,0.004970886744558811
42496,0.0675220862030983,0.06750262530517648,1.9461641302069278e-05,-1.7352421283721924,0.0,0.0001134001140599139,0.0008436836790863644,0.4613492422454949,0.8997192578878924,0.5127702204891343,-1.6999956369400024,0.0001941075170179829,False,,0.7323061227798462,0.7880023032426834,-7.003139352798462,0.004970886744558811
42752,0.47005707025527954,0.4700101890563965,4.688293310435397e-05,-1.6646487712860107,0.0,0.00018503301544114947,0.0013807703290977225,0.6790837276318078,0.8991458696479094,0.7552542368878653,-1.7076071500778198,0.00023520660761278123,False,,0.7323061227798462,0.7880023032426834,-7.003139352798462,0.004970886744558811
43008,-0.6903354525566101,-0.6904043419525144,6.887450360281565e-05,-1.5084351301193237,0.0,0.0002872784389182925,0.0021501735051677987,0.6406413569628718,0.8985728468264399,0.7129542799178443,-1.716812014579773,0.00021908109192736447,False,,0.7323061227798462,0.7880023032426834,-7.003139352798462,0.004970886744558811
43264,-0.074607715010643,-0.07463778667907754,3.0071849828985656e-05,-1.8393968343734741,0.0,0.0001633463689358905,0.0012262116880091428,0.4904838230307496,0.898002434193883,0.5461943134609052,-1.7071443796157837,0.0001857859460869804,False,,0.7780956029891968,0.6790113516151906,-7.001200538873673,0.002268363256007433
43520,0.1431853175163269,0.1431581253952056,2.7195654623316816e-05,-1.6993201971054077,0.0,0.00010273929365212098,0.0007735270156474899,0.7031597881698385,0.8974301400802152,0.783525933402446,-1.6809234619140625,0.00020455663616303355,False,,0.7780956029891968,0.6790113516151906,-7.001200538873673,0.002268363256007433
43776,0.17895343899726868,0.17891015947723354,4.3272994389756465e-05,-1.9410185813903809,0.0,0.00015482147864531726,0.0011690834969348572,0.7402892009546121,0.8968582106877775,0.8254250138234264,-1.7204865217208862,0.0001942617236636579,False,,0.7780956029891968,0.6790113516151906,-7.001200538873673,0.002268363256007433
44032,0.2237887978553772,0.22373443895340026,5.435900649402255e-05,-1.816203236579895,0.0,0.0002052759809885174,0.001554588526255852,0.6993362626307743,0.8962888865035497,0.7802576525955894,-1.7036815881729126,0.00018624571384862065,False,,0.7780956029891968,0.6790113516151906,-7.001200538873673,0.002268363256007433
44288,-0.24191580712795258,-0.24196835258789362,5.2552257934364196e-05,-1.812721848487854,0.0,0.00020488517475314438,0.0015561393517124617,0.6754184048688542,0.8957176844284102,0.7540527742285932,-1.7248725891113281,0.000251412158831954,False,,0.7780956029891968,0.6790113516151906,-7.001200538873673,0.002268363256007433
44544,-0.0002176545385736972,-0.00025435897674178705,3.670444312067349e-05,-1.8208189010620117,0.0,0.00013615957868751138,0.0010371450541321727,0.7077976793012004,0.8951468463785481,0.7907056614953211,-1.7097718715667725,0.00022179675579536706,False,,0.7780956029891968,0.6790113516151906,-7.001200538873673,0.002268363256007433
44800,0.3103724420070648,0.31033845607147087,3.399416292014712e-05,-1.6647326946258545,0.0,0.00016272487118840218,0.0012430440668892773,0.5469502461842346,0.8945786085656973,0.6114054605678255,-1.702115774154663,0.00020855784532614052,False,,0.7780956029891968,0.6790113516151906,-7.001200538873673,0.002268363256007433
45056,0.10916393250226974,0.10910728454589554,5.664840747705969e-05,-1.7083269357681274,0.0,0.00021941514569334686,0.0016808860338458403,0.6740303189675393,0.8940084964452831,0.7539417372962212,-1.7142788171768188,0.0002207686920883134,False,,0.7780956029891968,0.6790113516151906,-7.001200538873673,0.002268363256007433
45312,0.14072436094284058,0.140693539733885,3.08246420697779e-05,-1.8411577939987183,0.0,0.0002014273195527494,0.0015474522873697176,0.39839214845418064,0.8934409812551829,0.4459076277142392,-1.705293893814087,0.00019386850181035697,False,,0.8125495314598083,0.6078344088047742,-6.999808591604233,0.004715267568826675
45568,0.15753133594989777,0.157493374994662,3.796339456691949e-05,-1.8985239267349243,0.0,0.00017644149193074554,0.0013593294885794957,0.5585605974985708,0.8928715941410589,0.6255777439486192,-1.7041517496109009,0.00022380793234333396,False,,0.8125495314598083,0.6078344088047742,-6.999808591604233,0.004715267568826675
45824,-1.4045679569244385,-1.4046438892250037,7.593414193885631e-05,-1.676257848739624,0.0,0.0002894680656027049,0.0022363662258786674,0.67908503589587,0.8923025698955435,0.7610479436088214,-1.7165881395339966,0.00022655240900348872,False,,0.8125495314598083,0.6078344088047742,-6.999808591604233,0.004715267568826675
46080,-0.2928068935871124,-0.2928429225860586,3.601770557979377e-05,-1.5604395866394043,0.0,0.0002008326700888574,0.0015559059533048903,0.46298049703182603,0.891736137624939,0.5191900131634611,-1.720099925994873,0.00019078930199611932,False,,0.8125495314598083,0.6078344088047742,-6.999808591604233,0.004715267568826675
46336,-0.019870705902576447,-0.01988993106078997,1.922563929212835e-05,-1.7540112733840942,0.0,7.158043445087969e-05,0.0005560938199214325,0.6914530823178231,0.8911678370022733,0.7758954639159169,-1.7076324224472046,0.0001946742122527212,False,,0.8125495314598083,0.6078344088047742,-6.999808591604233,0.004715267568826675
46592,0.7209508419036865,0.720908028804019,4.278742405240526e-05,-1.8644177913665771,0.0,0.00014893338084220886,0.001160229482411243,0.7375682949114936,0.8905998985557987,0.8281701986577116,-1.7125060558319092,0.000206126511329785,False,,0.8125495314598083,0.6078344088047742,-6.999808591604233,0.004715267568826675
46848,-0.0138441426679492,-0.01400181660308881,0.00015767403898701,-1.452433466911316,0.0,0.0006190924323163927,0.0048360882820846504,0.6520726247745122,0.8900345471382878,0.7326374317391496,-1.717495322227478,0.00019496808818075806,False,,0.8125495314598083,0.6078344088047742,-6.999808591604233,0.004715267568826675
47104,-0.12110764533281326,-0.12113443062973384,2.678649568916342e-05,-1.755243182182312,0.0,0.00010372426913818344,0.0008124640767035444,0.6593890476449311,0.8894673309338623,0.7413302599350453,-1.695027232170105,0.00021052639931440353,False,,0.8125495314598083,0.6078344088047742,-6.999808591604233,0.004715267568826675
47360,0.5391544699668884,0.5390649549469003,8.949259585463475e-05,-1.7323344945907593,0.0,0.00032231881050392985,0.0025315590493220604,0.7070156698782154,0.8889004762145315,0.7953822602155755,-1.6938120126724243,0.00020470497838687152,False,,0.8372491598129272,0.6263367794454098,-6.997342032194138,0.0026249776128679514
47616,0.1325046271085739,0.13243712074279756,6.750332581743052e-05,-1.6734360456466675,0.0,0.00026578217511996627,0.0020931287369229984,0.6449992743080267,0.8883362035876551,0.7260756363447958,-1.73367178440094,0.00018062867457047105,False,,0.8372491598129272,0.6263367794454098,-6.997342032194138,0.0026249776128679514
47872,1.220524787902832,1.2204777395690938,4.708442410974428e-05,-1.883054494857788,0.0,0.00017545410082675517,0.0013854779127566764,0.6796849473559734,0.8877700697322077,0.7656092163154335,-1.7286063432693481,0.00020418793428689241,False,,0.8372491598129272,0.6263367794454098,-6.997342032194138,0.0026249776128679514
48128,-0.0036414368078112602,-0.0036414367187535394,0.0,0.0,0.0,0.0,0.0,0.0,0.0,0.0,-1.7203152179718018,0.00018959744193125516,False,,0.8372491598129272,0.6263367794454098,-6.997342032194138,0.0026249776128679514
48384,0.2626762390136719,0.262612540435791,6.369916214156476e-05,-1.548467993736267,0.0,0.00028346755425445735,0.0022503408224971012,0.5661290192556759,0.8866411007773118,0.638509785706251,-1.7281253337860107,0.0002371570881223306,False,,0.8372491598129272,0.6263367794454098,-6.997342032194138,0.0026249776128679514
48640,0.4229015111923218,0.4228529022781382,4.8612074447104434e-05,-1.7948352098464966,0.0,0.00017861538799479604,0.001421711073666686,0.683853074615656,0.8860760472055291,0.7717769561341425,-1.735201120376587,0.00017263875633943826,False,,0.8372491598129272,0.6263367794454098,-6.997342032194138,0.0026249776128679514
48896,0.013637741096317768,0.013606894981766527,3.084568781574667e-05,-1.818651795387268,0.0,0.00020528255845420063,0.0016382552227858017,0.37656755048574836,0.8855135675217537,0.4252532815952563,-1.7223700284957886,0.00018258263298776,False,,0.8372491598129272,0.6263367794454098,-6.997342032194138,0.0026249776128679514
49152,0.3997049033641815,0.3996637704277033,4.1145023080049875e-05,-1.883133053779602,0.0,0.00014793063746765256,0.0011836496994644635,0.6952229717739249,0.8849492325233518,0.7856077458721109,-1.7032380104064941,0.00021762042888440192,False,,0.8372491598129272,0.6263367794454098,-6.997342032194138,0.0026249776128679514
49408,0.02206762507557869,0.021982019052887335,8.560674813698851e-05,-1.758664608001709,0.0,0.0002931288618128747,0.0023515449887326,0.728089392694354,0.8843852571738611,0.8232717436075703,-1.6918984651565552,0.00023934460477903485,False,,0.8435916304588318,0.6597019877284765,-6.9965075075626375,0.004020423162728548
49664,-0.01995496265590191,-0.019999628373717132,4.466605513134821e-05,-1.7463947534561157,0.0,0.00021216899040155113,0.0017064596541287776,0.5234938314923383,0.8838238508009435,0.5923056172538622,-1.7140413522720337,0.00019388680811971426,False,,0.8435916304588318,0.6597019877284765,-6.9965075075626375,0.004020423162728548
49920,0.3459725081920624,0.3459434311187739,2.9065165278813466e-05,-1.6945925951004028,0.0,0.00011546447058208287,0.0009310661134745317,0.6243415984789465,0.8832605926536683,0.7068600180646286,-1.6903493404388428,0.0002046961453743279,False,,0.8435916304588318,0.6597019877284765,-6.9965075075626375,0.004020423162728548
50176,-1.5932338237762451,-1.593501139831546,0.0002672568955993073,-1.7054829597473145,0.0,0.0009319266537204385,0.007534010035574223,0.7094678513497298,0.8826976934690305,0.8037495244396733,-1.7195171117782593,0.00020163874432910234,False,,0.8435916304588318,0.6597019877284765,-6.9965075075626375,0.004020423162728548
50432,0.8159858584403992,0.8159417594909668,4.41175689935492e-05,-1.6922739744186401,0.0,0.00016020119073800743,0.0012984119782047643,0.6795619531259699,0.8821373583589035,0.7703584330565054,-1.7181894779205322,0.00016089215932879597,False,,0.8435916304588318,0.6597019877284765,-6.9965075075626375,0.004020423162728548
50688,0.6681486964225769,0.6680954849273695,5.321146169986765e-05,-1.8382765054702759,0.0,0.00019772318773902953,0.001606591368812925,0.6624143852980416,0.8815751750079325,0.7513986374356346,-1.6887844800949097,0.000323612242937088,False,,0.8435916304588318,0.6597019877284765,-6.9965075075626375,0.004020423162728548
50944,0.31182703375816345,0.31177480259399165,5.224144413598484e-05,-1.718629240989685,0.0,0.00018962615286000073,0.0015446907874052628,0.6764000220877714,0.8810133499346344,0.7677522958510855,-1.7248015403747559,0.00019482382049318403,False,,0.8435916304588318,0.6597019877284765,-6.9965075075626375,0.004020423162728548
51200,-0.47470638155937195,-0.47473461581497106,2.8231238102280044e-05,-1.4951136112213135,0.0,0.00010875282168854028,0.0008881157887031195,0.6357557980926115,0.880454084043139,0.722077175419703,-1.675689935684204,0.00019963076920248568,False,,0.8435916304588318,0.6597019877284765,-6.9965075075626375,0.004020423162728548
51456,0.30299532413482666,0.30291845169067383,7.687513582699418e-05,-1.6765373945236206,0.0,0.0002798626956064254,0.0022911770218382223,0.6710536557783465,0.8798929734375702,0.7626537272557943,-1.725310206413269,0.00021438187104649842,False,,0.8189204335212708,0.7545326448976993,-6.994978660345078,0.0023750080727040768
51712,0.20443741977214813,0.20440380322418206,3.36149666260434e-05,-1.7102220058441162,0.0,0.00018473929958418012,0.0015161699592187766,0.4434195048075466,0.8793344187593163,0.5042671995407421,-1.7196506261825562,0.0002086269378196448,False,,0.8189204335212708,0.7545326448976993,-6.994978660345078,0.0023750080727040768
51968,0.6679853796958923,0.6679220531311032,6.332930323302322e-05,-1.8710780143737793,0.0,0.0002271585544804111,0.001868923653806501,0.6777088310058921,0.8787740217128949,0.7711980717009713,-1.7175871133804321,0.00020076702639926225,False,,0.8189204335212708,0.7545326448976993,-6.994978660345078,0.0023750080727040768
52224,-0.8940932750701904,-0.8941588655616768,6.558479838488072e-05,-1.626293659210205,0.0,0.00022323141456581652,0.0018411380762519789,0.7124375866300291,0.8782139818057403,0.8112346209350368,-1.7207798957824707,0.000303056207485497,False,,0.8189204335212708,0.7545326448976993,-6.994978660345078,0.0023750080727040768
52480,-0.08455659449100494,-0.08458137165222143,2.4776280834635682e-05,-1.4876017570495605,0.0,0.00012878734560217708,0.0010647886950659346,0.4653746034202864,0.8776564929487385,0.5302468644158571,-1.728765845298767,0.0002077171520795673,False,,0.8189204335212708,0.7545326448976993,-6.994978660345078,0.0023750080727040768
52736,0.23181021213531494,0.23176602325439455,4.419326518427392e-05,-1.7139700651168823,0.0,0.00019278044055681676,0.0015977594617766322,0.5531904675455105,0.8770971652391341,0.63070602604751,-1.6959789991378784,0.0002021870604949072,False,,0.8189204335212708,0.7545326448976993,-6.994978660345078,0.0023750080727040768
52992,0.23418796062469482,0.2341488166809082,3.9141895010293685e-05,-1.6159228086471558,0.0,0.00013059453340247273,0.0010849918747283867,0.7215149886738522,0.8765381939873114,0.8231415283705216,-1.707051396369934,0.00016540155047550797,False,,0.8189204335212708,0.7545326448976993,-6.994978660345078,0.0023750080727040768
53248,0.27698656916618347,0.27692052447052123,6.60448680565815e-05,-1.8738898038864136,0.0,0.00024925716570578516,0.0020758358897028035,0.6363207070866966,0.875981768917786,0.726408619066155,-1.728553056716919,0.0001963855465874076,False,,0.8189204335212708,0.7545326448976993,-6.994978660345078,0.0023750080727040768
53504,0.6026391386985779,0.6026138825698872,2.5233234444171678e-05,-1.6763116121292114,0.0,9.14242846192792e-05,0.0007632202725857696,0.6612307180647118,0.8754235085045143,0.7553266637701928,-1.7211507558822632,0.0001865850790636614,False,,0.8414908647537231,0.6036862909793854,-6.994846880435944,0.004022197797894478
53760,0.6991122364997864,0.6990187835693389,9.342988277038024e-05,-1.719708800315857,0.0,0.00032117663067765534,0.0026876347078497813,0.6952573018758788,0.87486560386884,0.7947018362606834,-1.7230182886123657,0.0001733843091642484,False,,0.8414908647537231,0.6036862909793854,-6.994846880435944,0.004022197797894478
54016,0.017673712223768234,0.017618980407714844,5.473130498780157e-05,-1.7351018190383911,0.0,0.00020385115931276232,0.001709891234271851,0.6401729407205088,0.8743102405568962,0.7322034113574462,-1.7401775121688843,0.00018008214829023927,False,,0.8414908647537231,0.6036862909793854,-6.994846880435944,0.004022197797894478
54272,0.3294357657432556,0.32937716148681356,5.859676387020301e-05,-1.654987096786499,0.0,0.00022440637985710055,0.0018867687147296345,0.6211335116249228,0.8737530454033671,0.7108799390085985,-1.717048168182373,0.0001797588192857802,False,,0.8414908647537231,0.6036862909793854,-6.994846880435944,0.004022197797894478
54528,-0.008447620086371899,-0.008464782589722018,1.7162394873551655e-05,-1.809693455696106,0.0,9.272946044802666e-05,0.0007814847669140202,0.4392253208293152,0.8731983883417905,0.5030074799650134,-1.7129734754562378,0.00018613817519508302,False,,0.8414908647537231,0.6036862909793854,-6.994846880435944,0.004022197797894478
54784,0.45723873376846313,0.45721756841659517,2.115826753340031e-05,-1.7143789529800415,0.0,7.679386908421293e-05,0.0006487059376564682,0.6523223021462455,0.8726419017681647,0.7475257615116772,-1.7312684059143066,0.00015269983850885183,False,,0.8414908647537231,0.6036862909793854,-6.994846880435944,0.004022197797894478
55040,-1.1195532083511353,-1.1196272713806161,7.403016711938793e-05,-1.6592113971710205,0.0,0.00026190796052105725,0.0022176030395964328,0.6676593222280233,0.8720857698416736,0.7655890570823513,-1.698431372642517,0.00024090441002044827,False,,0.8414908647537231,0.6036862909793854,-6.994846880435944,0.004022197797894478
55296,-0.10654083639383316,-0.10656912712554914,2.829191418464595e-05,-1.6455578804016113,0.0,0.00013871693226974458,0.0011772527420618457,0.48064299489496815,0.8715321711640064,0.5514919710342167,-1.7155849933624268,0.00017358902550768107,False,,0.8414908647537231,0.6036862909793854,-6.994846880435944,0.004022197797894478
55552,0.1348038613796234,0.13478484200286914,1.901448350532043e-05,-1.6789426803588867,0.0,6.535801367135718e-05,0.0005559599463983773,0.6840235030778804,0.8709767464653227,0.7853521989580629,-1.7194689512252808,0.00021282261877786368,False,,0.8783144354820251,0.5108542263507843,-6.997094476222992,0.005946882534772158
55808,0.18338321149349213,0.18330952117156996,7.369556917065045e-05,-1.7060521841049194,0.0,0.00024404296709690243,0.002080706175690167,0.7083707448141324,0.8704216757370444,0.8138247984395695,-1.72188401222229,0.00023529987083747983,False,,0.8783144354820251,0.5108542263507843,-6.997094476222992,0.005946882534772158
56064,0.1780557930469513,0.1780118574256907,4.393499250016189e-05,-1.9124653339385986,0.0,0.00016226666048169136,0.0013866443339727408,0.6336879821848475,0.8698691334237024,0.7284865709520307,-1.7143423557281494,0.00018517881107982248,False,,0.8783144354820251,0.5108542263507843,-6.997094476222992,0.005946882534772158
56320,-0.19572919607162476,-0.19576239005813842,3.320052674545944e-05,-1.8087366819381714,0.0,0.00011775403982028365,0.0010085612866048421,0.6583740063476683,0.8693147685737156,0.7573482358155059,-1.7157506942749023,0.00016996976046357304,False,,0.8783144354820251,0.5108542263507843,-6.997094476222992,0.005946882534772158
56576,0.008523206226527691,0.00846399280090409,5.921325692204166e-05,-1.7793605327606201,0.0,0.000201500064576976,0.0017297680188276762,0.6846381280904076,0.8687607570186958,0.7880629074911979,-1.6850709915161133,0.0002172902022721246,False,,0.8783144354820251,0.5108542263507843,-6.997094476222992,0.005946882534772158
56832,0.4499821066856384,0.44993543182372814,4.6663400735374345e-05,-1.747349500656128,0.0,0.00017590490460861474,0.0015134515343745245,0.6166487617941366,0.8682092690539489,0.7102536033346809,-1.7143865823745728,0.0002043363347183913,False,,0.8783144354820251,0.5108542263507843,-6.997094476222992,0.005946882534772158
57088,0.24211789667606354,0.2420671685256908,5.073520259825182e-05,-1.9250435829162598,0.0,0.00018410514167044312,0.0015875734336225653,0.6391540891747345,0.8676559620302797,0.7366446116259489,-1.7346885204315186,0.00020669946388807148,False,,0.8783144354820251,0.5108542263507843,-6.997094476222992,0.005946882534772158
57344,0.2990474998950958,0.2990195770812992,2.7930100098924113e-05,-1.8632580041885376,0.0,0.0001286460756091401,0.0011118177302807248,0.5024222826860657,0.8671051753876571,0.5794248459668662,-1.7453477382659912,0.0001734686375129968,False,,0.8783144354820251,0.5108542263507843,-6.997094476222992,0.005946882534772158
57600,0.2104903906583786,0.21046172506637814,2.8671200394749674e-05,-1.8327304124832153,0.0,0.00011358215124346316,0.0009838202939550763,0.5828544210952996,0.8665525719993926,0.6726128799669735,-1.7385667562484741,0.0001644591538934037,False,,0.8591914772987366,0.5760205268859864,-6.998511117696762,0.004732508212327957
57856,-1.2295851707458496,-1.2296532884353626,6.813787372097114e-05,-1.8270224332809448,0.0,0.00023909447190817446,0.0020755803664667125,0.6565669517963608,0.8660003207835213,0.7581601715832232,-1.7028971910476685,0.00017774330626707524,False,,0.8591914772987366,0.5760205268859864,-6.998511117696762,0.004732508212327957
58112,-0.26640185713768005,-0.2664436188064574,4.177606278662578e-05,-1.499262809753418,0.0,0.00021671208378393203,0.0018854258549118417,0.4431472357058468,0.865450585139363,0.5120422162918603,-1.71912682056427,0.00016610273451078683,False,,0.8591914772987366,0.5760205268859864,-6.998511117696762,0.004732508212327957
58368,-0.020363876596093178,-0.020394094848635722,3.021868346911889e-05,-1.687031626701355,0.0,0.00010103607928613201,0.000880965038950541,0.68603592953285,0.8648990362162353,0.7931977037853152,-1.742174506187439,0.00016943698574323207,False,,0.8591914772987366,0.5760205268859864,-6.998511117696762,0.004732508212327957
58624,0.7444111704826355,0.7443571579025302,5.402930840604935e-05,-1.6254714727401733,0.0,0.0001716442930046469,0.0014999031813342201,0.720437279931472,0.8643478387934935,0.8335038830398417,-1.723334550857544,0.00016273428627755493,False,,0.8591914772987366,0.5760205268859864,-6.998511117696762,0.004732508212327957
58880,-0.027325894683599472,-0.02749772644042969,0.00017183176082441538,-1.5000754594802856,0.0,0.0006416979595087469,0.005619637803930521,0.6115403405686813,0.8637991521423084,0.7079658958358549,-1.7139986753463745,0.00022637935762759298,False,,0.8591914772987366,0.5760205268859864,-6.998511117696762,0.004732508212327957
59136,-0.11755078285932541,-0.11758353361969348,3.2751636901713036e-05,-1.6905113458633423,0.0,0.00011858928337460384,0.0010407981891082541,0.629356146935158,0.8632486556722112,0.72905546136655,-1.7209806442260742,0.0002116703981300816,False,,0.8591914772987366,0.5760205268859864,-6.998511117696762,0.004732508212327957
59392,0.5776051878929138,0.5775160219139128,8.919309053192999e-05,-1.6875544786453247,0.0,0.00029455649200826883,0.0025907709373168396,0.6885447821512448,0.862698510031775,0.7981290962538978,-1.7264015674591064,0.00018132013792637736,False,,0.8591914772987366,0.5760205268859864,-6.998511117696762,0.004732508212327957
59648,0.07574605941772461,0.07568913295593376,5.6924590299608584e-05,-1.702571153640747,0.0,0.00020036639762111008,0.0017661066964141665,0.6446336499961869,0.8621508703718986,0.7477039949146218,-1.72391676902771,0.0001996208302443847,False,,0.8848830461502075,0.49869873337447646,-6.99749431014061,0.005010782741010189
59904,1.2779368162155151,1.277886456298831,5.031246931887841e-05,-1.8303474187850952,0.0,0.0001701502624200657,0.001502989562785513,0.6694985855475079,0.8616014243465654,0.7770397850203794,-1.7052472829818726,0.00024602178018540144,False,,0.8848830461502075,0.49869873337447646,-6.99749431014061,0.005010782741010189
60160,0.010123636573553085,0.010123637030026294,0.0,0.0,0.0,0.0,0.0,0.0,0.0,0.0,-1.7187281847000122,0.000175735549419187,False,,0.8848830461502075,0.49869873337447646,-6.99749431014061,0.005010782741010189
60416,0.2499801367521286,0.2499559718376142,2.4166585406932913e-05,-1.8051283359527588,0.0,0.00010289013152942061,0.0009127338140426012,0.5295428970664815,0.8605057338150354,0.6153856694466908,-1.7220121622085571,0.00018398517568130046,False,,0.8848830461502075,0.49869873337447646,-6.99749431014061,0.005010782741010189
60672,0.4436204433441162,0.4435713603096025,4.906845844767055e-05,-1.8719004392623901,0.0,0.0001688280317466706,0.0015008402022408899,0.6538798517577943,0.8599573362300311,0.7603631299016991,-1.7045246362686157,0.00017836604092735797,False,,0.8848830461502075,0.49869873337447646,-6.99749431014061,0.005010782741010189
60928,0.024846725165843964,0.024826670637892678,2.005524455817104e-05,-1.6621922254562378,0.0,0.00011465771240182221,0.0010214219533558806,0.3926926475836858,0.859411436662981,0.4569320709862517,-1.7484055757522583,0.00021453882800415158,False,,0.8848830461502075,0.49869873337447646,-6.99749431014061,0.005010782741010189
61184,0.45029154419898987,0.45025662384033205,3.4921805991599295e-05,-1.7220765352249146,0.0,0.0001156263897428289,0.0010322161584374225,0.6766374602091914,0.8588637364700938,0.7878286525289245,-1.7256934642791748,0.00018375228682998568,False,,0.8848830461502075,0.49869873337447646,-6.99749431014061,0.005010782741010189
61440,-0.01901029609143734,-0.01904433822631836,3.404136109441924e-05,-1.5826771259307861,0.0,0.00010816430585691705,0.0009676217349013404,0.7036088559521686,0.858316385324809,0.8197546592168399,-1.7432321310043335,0.00017388432752341032,False,,0.8848830461502075,0.49869873337447646,-6.99749431014061,0.005010782741010189
61696,-0.015563298016786575,-0.01557948371734674,1.618560101087242e-05,-1.657440423965454,0.0,6.901495362399146e-05,0.000618679162249039,0.5232308439816881,0.8577715274308174,0.6099885893261812,-1.7006014585494995,0.000193316736840643,False,,0.8993340730667114,0.44773551970720293,-6.999564892053604,0.004307226277887821
61952,0.38951438665390015,0.38947263222351325,4.17619021017661e-05,-1.6966445446014404,0.0,0.0001502406084910035,0.0013496155283704565,0.6188710966031928,0.8572248723469019,0.7219472002822941,-1.7050645351409912,0.0001762620231602341,False,,0.8993340730667114,0.44773551970720293,-6.999564892053604,0.004307226277887821
62208,-1.131231427192688,-1.131454160836796,0.00022271672904204413,-1.6567353010177612,0.0,0.0007733713719062507,0.006961575701854707,0.6398457434936973,0.856678565644544,0.7468912718882992,-1.7185808420181274,0.0001621499686734751,False,,0.8993340730667114,0.44773551970720293,-6.999564892053604,0.004307226277887821
62464,0.9081041812896729,0.9080663387313864,3.786414533816084e-05,-1.7880948781967163,0.0,0.0001230206835316494,0.0011096528620555927,0.6824502803159331,0.8561347474359144,0.7971295200432426,-1.7283432483673096,0.00015984282072167844,False,,0.8993340730667114,0.44773551970720293,-6.999564892053604,0.004307226277887821
62720,0.7155406475067139,0.7155018005371094,3.8872168992067196e-05,-1.7739109992980957,0.0,0.0001361892354907468,0.0012309521716116593,0.6315788685952387,0.8555891354667176,0.7381800941765315,-1.7407357692718506,0.00017727920203469694,False,,0.8993340730667114,0.44773551970720293,-6.999564892053604,0.004307226277887821
62976,0.338376522064209,0.33833473237304135,4.178000334103674e-05,-1.5374006032943726,0.0,0.00013672790373675525,0.0012383440413936547,0.6747721464225204,0.8550438712143046,0.7891666955804637,-1.7021565437316895,0.00020822236547246575,False,,0.8993340730667114,0.44773551970720293,-6.999564892053604,0.004307226277887821
63232,-0.44067147374153137,-0.440694618668365,2.313790941915381e-05,-1.696578025817871,0.0,8.719518518773839e-05,0.0007913259063929065,0.584788371825791,0.8545010907071331,0.6843623468541811,-1.7528951168060303,0.00017794567975215614,False,,0.8993340730667114,0.44773551970720293,-6.999564892053604,0.004307226277887821
63488,0.2457253634929657,0.24566699600219727,5.8373529519271006e-05,-1.5809952020645142,0.0,0.0002008306619245559,0.0018262974474809567,0.6392554465844171,0.8539565198622072,0.7485807903750956,-1.7477338314056396,0.00019401746976654977,False,,0.8993340730667114,0.44773551970720293,-6.999564892053604,0.004307226277887821
63744,0.21535183489322662,0.21533419839515702,1.7636601193218985e-05,-1.6570616960525513,0.0,0.00010488720727153122,0.0009557309748082553,0.3690704111951033,0.853414429603967,0.43246328910371606,-1.728675365447998,0.0001536227500764653,False,,0.8868999481201172,0.515264966711402,-6.998697423934937,0.0043696570210158825
64000,0.8356470465660095,0.835609831430053,3.718906250961245e-05,-1.699338674545288,0.0,0.00012264453107491136,0.001119780498797148,0.664220578042936,0.8528705512847283,0.7788058539978687,-1.712820291519165,0.00016777720884419978,False,,0.8868999481201172,0.515264966711402,-6.998697423934937,0.0043696570210158825
64256,-0.9695726037025452,-0.9696316024780274,5.900724866567962e-05,-1.7176870107650757,0.0,0.00018673588056117296,0.0017083646482773651,0.6908039068260955,0.852327019577424,0.8104916199519169,-1.703852653503418,0.00015552363765891641,False,,0.8868999481201172,0.515264966711402,-6.998697423934937,0.0043696570210158825
64512,-0.023406732827425003,-0.023433518609618478,2.6785606217123397e-05,-1.6356254816055298,0.0,0.00011434192128945142,0.0010481405804280994,0.5111071304229661,0.8517859637234065,0.6000417384066377,-1.7105493545532227,0.00018111815734300762,False,,0.8868999481201172,0.515264966711402,-6.998697423934937,0.0043696570210158825
64768,0.32987043261528015,0.3298411788414029,2.9253432260769028e-05,-1.75062096118927,0.0,0.00010355030099162832,0.000951100989337785,0.6151488136109934,0.8512431232203277,0.7226476159758346,-1.7186015844345093,0.00017369078705087304,False,,0.8868999481201172,0.515264966711402,-6.998697423934937,0.0043696570210158825
65024,0.21481887996196747,0.2147898621063243,2.9014102255179835e-05,-1.7332148551940918,0.0,9.114402928389609e-05,0.000838805572247795,0.6917956488397924,0.8507006286677862,0.8132069326469853,-1.7663359642028809,0.00017479185771662742,False,,0.8868999481201172,0.515264966711402,-6.998697423934937,0.0043696570210158825
65280,0.19170843064785004,0.19167364196777345,3.479565269748869e-05,-1.6749567985534668,0.0,0.00012770570174325258,0.00117759096753899,0.5909633082564657,0.850160605244165,0.6951196098844662,-1.7416577339172363,0.00015996728325262666,False,,0.8868999481201172,0.515264966711402,-6.998697423934937,0.0043696570210158825
65536,0.6010631322860718,0.6010467732238758,1.635170327596018e-05,-1.823752522468567,0.0,5.542060898733325e-05,0.0005120431673825879,0.6386845608953328,0.849618800576909,0.7517307296656484,-1.7353601455688477,0.00015205722593236715,False,,0.8868999481201172,0.515264966711402,-6.998697423934937,0.0043696570210158825
65792,0.6568701267242432,0.6567767434066802,9.340420645846403e-05,-1.7847310304641724,0.0,0.00030934324604459107,0.0028636748198631375,0.6523380784060395,0.8490773412000553,0.7682905275555327,-1.7342666387557983,0.00016095525643322617,False,,0.8779246807098389,0.5540605153888464,-6.998479652404785,0.004439023323357105
66048,0.0034828430507332087,0.003444653022766579,3.818997329897741e-05,-1.819666862487793,0.0,0.00013534509344026446,0.001255355576039594,0.6084327664271735,0.8485383482367703,0.7170362632301452,-1.7002720832824707,0.00016760754806455225,False,,0.8779246807098389,0.5540605153888464,-6.998479652404785,0.004439023323357105
66304,0.23496021330356598,0.23490667978210258,5.353322093331288e-05,-1.7858068943023682,0.0,0.00019182421965524554,0.0017826615839611852,0.6005988059086202,0.8479975774287788,0.7082553322023647,-1.7238075733184814,0.0001631986233405769,False,,0.8779246807098389,0.5540605153888464,-6.998479652404785,0.004439023323357105
66560,0.03157919645309448,0.03156112143554783,1.807373011644101e-05,-1.735220193862915,0.0,0.00011172308586537838,0.0010402628400785331,0.347483913105587,0.8474592698978409,0.4100302226294313,-1.7081975936889648,0.00015409353363793343,False,,0.8779246807098389,0.5540605153888464,-6.998479652404785,0.004439023323357105
66816,0.48886141180992126,0.48882556228637697,3.585532828718525e-05,-1.7650588750839233,0.0,0.00012160433834651485,0.0011344464535998629,0.6321202410815943,0.846919186783065,0.7463761016947056,-1.7319246530532837,0.00016590591985732317,False,,0.8779246807098389,0.5540605153888464,-6.998479652404785,0.004439023323357105
67072,-1.100108027458191,-1.1001591004165647,5.103626557281863e-05,-1.7212376594543457,0.0,0.00017312720592599362,0.0016181986206673452,0.6307787551045034,0.8463794478615514,0.745267098224347,-1.7432899475097656,0.0001533856411697343,False,,0.8779246807098389,0.5540605153888464,-6.998479652404785,0.004439023323357105
67328,-0.07103914767503738,-0.07107299880981445,3.384959083114294e-05,-1.6218312978744507,0.0,0.00014966355229262263,0.0014015471517791072,0.48303178081700177,0.8458421675167226,0.5710660917214819,-1.7159879207611084,0.00020797479373868555,False,,0.8779246807098389,0.5540605153888464,-6.998479652404785,0.004439023323357105
67584,0.15119405090808868,0.15117809439697594,1.596111122947992e-05,-1.7247039079666138,0.0,5.2598850743379444e-05,0.0004935068489149805,0.6468445681988757,0.8453031149761842,0.7652220330657366,-1.7401186227798462,0.00015025179891381413,False,,0.8779246807098389,0.5540605153888464,-6.998479652404785,0.004439023323357105
67840,0.17399862408638,0.17392032093353046,7.830140685218174e-05,-1.7581439018249512,0.0,0.00024292686430271715,0.0022835714969132053,0.6857802083974588,0.8447644059721264,0.81180054882673,-1.7230286598205566,0.0001769025402609259,False,,0.8937808871269226,0.5492458764463664,-7.00075119137764,0.0038611874915659428
68096,0.2100098729133606,0.2099701677955629,3.969790298769961e-05,-1.6707082986831665,0.0,0.0001285740581806749,0.0012108999299911489,0.6556760307681211,0.8442281508533536,0.7766573882964667,-1.7357933521270752,0.0001867088139988482,False,,0.8937808871269226,0.5492458764463664,-7.00075119137764,0.0038611874915659428
68352,-0.17266012728214264,-0.17268654944076844,2.642529942989999e-05,-1.8468687534332275,0.0,9.270329610444605e-05,0.0008747139485028738,0.604204368185245,0.8436901269205346,0.7161448841301349,-1.7278797626495361,0.0002247595984954387,False,,0.8937808871269226,0.5492458764463664,-7.00075119137764,0.0038611874915659428
68608,-0.008053954690694809,-0.00808806580810342,3.411070853845758e-05,-1.8663358688354492,0.0,0.00011203048779862002,0.00105905867227961,0.6441703265605621,0.8431524458686678,0.7640022035361564,-1.7285325527191162,0.00014522425772156566,False,,0.8937808871269226,0.5492458764463664,-7.00075119137764,0.0038611874915659428
68864,0.41881415247917175,0.41876698913574223,4.71752456717988e-05,-1.6915631294250488,0.0,0.00017256672435905784,0.0016343594036157605,0.5772934100961032,0.8426172140196381,0.6851194118645775,-1.736608624458313,0.00017318601021543145,False,,0.8937808871269226,0.5492458764463664,-7.00075119137764,0.0038611874915659428
69120,0.11884430795907974,0.11879500999908196,4.929595152872805e-05,-1.8010379076004028,0.0,0.00016349712677765638,0.001551341909398257,0.6355265880472375,0.8420802167317727,0.7547102703751932,-1.738508939743042,0.00018555688438937068,False,,0.8937808871269226,0.5492458764463664,-7.00075119137764,0.0038611874915659428
69376,0.12366235256195068,0.12362792510986328,3.442912675049968e-05,-1.820851445198059,0.0,0.00023597975086886436,0.0022432252941550616,0.30696093557974824,0.841545665532116,0.36475850111550917,-1.7224557399749756,0.00016273913206532598,False,,0.8937808871269226,0.5492458764463664,-7.00075119137764,0.0038611874915659428
69632,0.17586509883403778,0.17583657425765997,2.852298135392885e-05,-1.8371658325195312,0.0,0.00010826936340890825,0.0010311092591632107,0.553248476831184,0.8410093511387156,0.6578386745427894,-1.6890603303909302,0.0001671781501499936,False,,0.8937808871269226,0.5492458764463664,-7.00075119137764,0.0038611874915659428
69888,-1.2703561782836914,-1.2704100083518977,5.378206900766618e-05,-1.89705228805542,0.0,0.00017826395924203098,0.0017008290176852333,0.6324218184007893,0.8404733785367834,0.7524590719361033,-1.7315974235534668,0.00019807259377557784,False,,0.8997299671173096,0.4497179739177227,-7.002659118175506,0.003040266688913107
70144,-0.24501658976078033,-0.24505870051574605,4.2109703379462916e-05,-1.8021976947784424,0.0,0.0002181671152357012,0.0020853471744682497,0.40386276103115176,0.8399398473554903,0.4808234331335678,-1.7448761463165283,0.00016648604650981724,False,,0.8997299671173096,0.4497179739177227,-7.002659118175506,0.003040266688913107
70400,-0.021447809413075447,-0.021468102764897048,2.029262348173496e-05,-1.8736933469772339,0.0,6.46432745270431e-05,0.0006190199140785918,0.6556371780685096,0.8394045563449396,0.7810741234517271,-1.740708827972412,0.00013724042219109833,False,,0.8997299671173096,0.4497179739177227,-7.002659118175506,0.003040266688913107
70656,0.7398813366889954,0.7398469018981967,3.44058746698728e-05,-1.7218655347824097,0.0,0.00010379280138295144,0.000995721354160341,0.6910743558148582,0.8388696064736585,0.8238161813013055,-1.7466479539871216,0.00016159295046236366,False,,0.8997299671173096,0.4497179739177227,-7.002659118175506,0.003040266688913107
70912,0.04003722965717316,0.03987732859191893,0.0001599008615747087,-1.5927870273590088,0.0,0.0005073074717074633,0.00487556805627424,0.6559271031769784,0.8383370933643535,0.7824145064900558,-1.743888258934021,0.0002007226721616462,False,,0.8997299671173096,0.4497179739177227,-7.002659118175506,0.003040266688913107
71168,-0.12038613110780716,-0.12040098746795848,1.4855761335365771e-05,-1.85968017578125,0.0,4.9179172492586076e-05,0.000473498719300307,0.627488976414477,0.8378028237838566,0.7489697558913478,-1.708079218864441,0.00015200789493974298,False,,0.8997299671173096,0.4497179739177227,-7.002659118175506,0.003040266688913107
71424,0.5554651021957397,0.5553378204345732,0.0001273013430306149,-1.638629674911499,0.0,0.0003981270710937679,0.0038400785773067695,0.6630142611295073,0.8372688946916752,0.7918773351465096,-1.7296748161315918,0.0002088361361529678,False,,0.8997299671173096,0.4497179739177227,-7.002659118175506,0.003040266688913107
71680,0.08096212893724442,0.08090933741150075,5.278922551154684e-05,-1.7377598285675049,0.0,0.00017577054677531123,0.001698398014174037,0.6216355067657005,0.8367373977116965,0.7429278390875618,-1.7316306829452515,0.00016014125139918178,False,,0.8997299671173096,0.4497179739177227,-7.002659118175506,0.003040266688913107
71936,1.0582023859024048,1.058157667541507,4.476145532723048e-05,-1.7955974340438843,0.0,0.00014194879622664303,0.0013740430202480933,0.651529168557597,0.8362041476121843,0.7791508454222161,-1.741020679473877,0.00015076712588779628,False,,0.8936642408370972,0.47113124690949915,-7.002685207128525,0.007060316391289234
72192,0.0095767667517066,0.009576766967770527,0.0,0.0,0.0,0.0,0.0,0.0,0.0,0.0,-1.7363349199295044,0.00016906890959944576,False,,0.8936642408370972,0.47113124690949915,-7.002685207128525,0.007060316391289234
72448,0.2641407549381256,0.2641129932762153,2.776498111494759e-05,-1.8778876066207886,0.0,0.000107770407339558,0.0010469052220336557,0.5304201475089214,0.8351407545616683,0.6351266473485868,-1.7334200143814087,0.00017112302884925157,False,,0.8936642408370972,0.47113124690949915,-7.002685207128525,0.007060316391289234
72704,0.5105038285255432,0.510429507446292,7.434650902259722e-05,-1.6163376569747925,0.0,0.00023610777861904353,0.002297656904823435,0.6471506591477846,0.8346085219977902,0.775394262208957,-1.741725206375122,0.00022523297229781747,False,,0.8936642408370972,0.47113124690949915,-7.002685207128525,0.007060316391289234
72960,0.04765831306576729,0.04763214353446965,2.6168758523404742e-05,-1.7633802890777588,0.0,0.0001435920421499759,0.001399801980595471,0.3738922917121841,0.8340787138182213,0.44826979218854635,-1.7387070655822754,0.00015593241550959647,False,,0.8936642408370972,0.47113124690949915,-7.002685207128525,0.007060316391289234
73216,0.43459731340408325,0.43454858030242904,4.873382719972381e-05,-1.5229121446609497,0.0,0.0001533380418550223,0.001497434436500903,0.6508976421512183,0.8335471580895529,0.7808768056303402,-1.7092798948287964,0.00023774514556862414,False,,0.8936642408370972,0.47113124690949915,-7.002685207128525,0.007060316391289234
73472,-0.01702299155294895,-0.017062448120117188,3.945566793171591e-05,-1.8685142993927002,0.0,0.00011785722017521039,0.0011529569878723465,0.6844256697646101,0.8330159411196708,0.8216237360892061,-1.7594174146652222,0.00017125993326772004,False,,0.8936642408370972,0.47113124690949915,-7.002685207128525,0.007060316391289234
73728,-0.01167268492281437,-0.011702452087402344,2.97673023606032e-05,-1.5120428800582886,0.0,0.00011370064021321014,0.001114225841270817,0.5343136240073638,0.8324871439079433,0.6418280785684402,-1.7303467988967896,0.0001711301738396287,False,,0.8936642408370972,0.47113124690949915,-7.002685207128525,0.007060316391289234
73984,0.4195381700992584,0.41950742263946744,3.075490837103922e-05,-1.9010285139083862,0.0,0.00010414491407573223,0.0010223559588979796,0.6016477549402778,0.8319566024817495,0.7231720418415406,-1.7327988147735596,0.00017815416504163295,False,,0.9055059552192688,0.47404664009809494,-7.003002279996872,0.005112598184496164
74240,-1.824658989906311,-1.824905573926546,0.0002465493196567576,-1.6542842388153076,0.0,0.0007484009256586432,0.007359520594159384,0.6700146198447288,0.8314263991679302,0.8058616138665574,-1.7452125549316406,0.00017068286251742393,False,,0.9055059552192688,0.47404664009809494,-7.003002279996872,0.005112598184496164
74496,0.9305217862129211,0.9304927807876607,2.8997880581768098e-05,-1.8530676364898682,0.0,8.990671631181613e-05,0.0008856313193875104,0.6548521929378605,0.8308986109949382,0.7881252709686498,-1.74845290184021,0.0001699776912573725,False,,0.9055059552192688,0.47404664009809494,-7.003002279996872,0.005112598184496164
74752,0.7327649593353271,0.7327248428405787,4.012903950588295e-05,-1.9540890455245972,0.0,0.00013110024156048894,0.0012936307029011382,0.6204095096983746,0.8303690819357502,0.747149096943832,-1.7480138540267944,0.00014437449863180518,False,,0.9055059552192688,0.47404664009809494,-7.003002279996872,0.005112598184496164
75008,0.3913053870201111,0.3912660026550264,3.938031762004869e-05,-1.5284662246704102,0.0,0.00012170606350991875,0.001202991268563658,0.6547066242146183,0.8298398903437584,0.7889553537169782,-1.7368218898773193,0.00015352015907410532,False,,0.9055059552192688,0.47404664009809494,-7.003002279996872,0.005112598184496164
75264,-0.4270634651184082,-0.4270934025573719,2.9950972063325113e-05,-1.613022804260254,0.0,0.00010340237349737436,0.0010238085873490513,0.5850892917567179,0.8293131092840774,0.7055107235213114,-1.7199640274047852,0.0001835631119320169,False,,0.9055059552192688,0.47404664009809494,-7.003002279996872,0.005112598184496164
75520,0.2949179708957672,0.2948483840942383,6.958235087733294e-05,-1.672366738319397,0.0,0.00022167486895341426,0.002198584249921066,0.6329741594376572,0.8287845906601197,0.7637378476517027,-1.7260459661483765,0.00012711138697341084,False,,0.9055059552192688,0.47404664009809494,-7.003002279996872,0.005112598184496164
75776,0.10713835060596466,0.10711624992027355,2.2102370294356236e-05,-1.764458417892456,0.0,0.00012893445091322064,0.0012809395501834895,0.345096227080976,0.8282584795030213,0.41665281505846286,-1.7461062669754028,0.0001557704817969352,False,,0.9055059552192688,0.47404664009809494,-7.003002279996872,0.005112598184496164
76032,0.803480863571167,0.8034290266586323,5.1813807001049394e-05,-1.8354887962341309,0.0,0.0001644405856495723,0.0016364475437255503,0.6332473924961828,0.8277306329912905,0.7650404216740471,-1.6991420984268188,0.00014362817455548793,False,,0.9074007272720337,0.46322417482733724,-7.000376331806183,0.005099857226014137
76288,-1.0579760074615479,-1.058064308166504,8.834914593577921e-05,-1.6793129444122314,0.0,0.0002606742491479963,0.0025984965801000045,0.6800020181852927,0.8272031228744735,0.8220496264839194,-1.7385958433151245,0.00019231658370699733,False,,0.9074007272720337,0.46322417482733724,-7.000376331806183,0.005099857226014137
76544,-0.0409163162112236,-0.04095163019256579,3.5313864153050474e-05,-1.597483515739441,0.0,0.0001565562270116061,0.001563219644926726,0.4518093700735928,0.8266780156306428,0.5465360896635478,-1.740789771080017,0.00019818069995380938,False,,0.9074007272720337,0.46322417482733724,-7.000376331806183,0.005099857226014137
76800,0.32647016644477844,0.32644770965576175,2.2469374403789718e-05,-1.6563440561294556,0.0,7.524530519731343e-05,0.0007525842628473442,0.5971258107040022,0.8261511763435436,0.7227803189082377,-1.7198280096054077,0.00014991589705459774,False,,0.9074007272720337,0.46322417482733724,-7.000376331806183,0.005099857226014137
77056,0.30719131231307983,0.30714351196289064,4.77883488554006e-05,-1.7677050828933716,0.0,0.00014145931345410645,0.0014171992597899186,0.6744055012064373,0.8256246728094573,0.8168427172985911,-1.7421705722808838,0.00015319805243052542,False,,0.9074007272720337,0.46322417482733724,-7.000376331806183,0.005099857226014137
77312,0.4381263256072998,0.4380580688781716,6.827046816814411e-05,-1.8883191347122192,0.0,0.00021576927974820137,0.0021652467789168577,0.6306021912411823,0.82510056756325,0.7642731274607226,-1.728318452835083,0.00018576980801299214,False,,0.9074007272720337,0.46322417482733724,-7.000376331806183,0.005099857226014137
77568,0.5286278128623962,0.5286068945602398,2.0932877437688837e-05,-1.7589106559753418,0.0,6.741160177625716e-05,0.0006775967296177822,0.6178565073505188,0.8245747335788195,0.749303225274558,-1.7483556270599365,0.0001476350735174492,False,,0.9074007272720337,0.46322417482733724,-7.000376331806183,0.005099857226014137
77824,0.6849427223205566,0.6848702639190685,7.246533564423385e-05,-1.8981767892837524,0.0,0.00022073101717978716,0.002222370744436114,0.6521444347272544,0.8240492347067256,0.7913901345462068,-1.744888424873352,0.00017296748410444707,False,,0.9074007272720337,0.46322417482733724,-7.000376331806183,0.005099857226014137
78080,0.013806230388581753,0.0137733154296875,3.2915317261215975e-05,-1.8222894668579102,0.0,0.00010904248483711854,0.001099664554898004,0.5986428700390172,0.8235261295461528,0.7269263822496205,-1.7350410223007202,0.00021820393158122897,False,,0.9044390916824341,0.4302870944142342,-6.998190766572952,0.004666456952691078
78336,0.3420257866382599,0.3419661089538539,5.9681622812016085e-05,-1.8323911428451538,0.0,0.00019199402595404536,0.0019393848901685527,0.6154696070343121,0.8230012989460954,0.747835523251858,-1.7428221702575684,0.00015987006190698594,False,,0.9044390916824341,0.4302870944142342,-6.998190766572952,0.004666456952691078
78592,-0.023024842143058777,-0.023064649789429677,3.980838418536626e-05,-1.8780874013900757,0.0,0.00018732529133558273,0.001895306314001422,0.42007335586110855,0.8224788590134983,0.5107406120626068,-1.7467190027236938,0.0001853372377809137,False,,0.9044390916824341,0.4302870944142342,-6.998190766572952,0.004666456952691078
78848,0.5700086951255798,0.569987223815918,2.146271618838867e-05,-1.812731385231018,0.0,6.83376201777719e-05,0.0006925482252332867,0.6198186756210052,0.8219546958356421,0.7540788789957155,-1.7398179769515991,0.0001416464219801128,False,,0.9044390916824341,0.4302870944142342,-6.998190766572952,0.004666456952691078
79104,-1.2665932178497314,-1.2666341659545899,4.093432645142315e-05,-1.7254823446273804,0.0,0.00012675189645960927,0.0012866176897078376,0.6363090882221342,0.8214308667053227,0.7746349863553417,-1.7527902126312256,0.00016509888519067317,False,,0.9044390916824341,0.4302870944142342,-6.998190766572952,0.004666456952691078
79360,-0.07790636271238327,-0.07793444073028659,2.8078837196382797e-05,-1.8361985683441162,0.0,0.00013382051838561893,0.0013605597223575099,0.4127542030676785,0.8209094236806468,0.5028011509686965,-1.7357604503631592,0.00019194470951333642,False,,0.9044390916824341,0.4302870944142342,-6.998190766572952,0.004666456952691078
79616,0.13046297430992126,0.13044157562866168,2.1405223885169433e-05,-1.6584099531173706,0.0,6.924667104613036e-05,0.0007051705169849261,0.6070935573622966,0.8203862606989688,0.7400094156197267,-1.7424185276031494,0.00015116600843612105,False,,0.9044390916824341,0.4302870944142342,-6.998190766572952,0.004666456952691078
79872,0.18648725748062134,0.18644224548339844,4.5017823166438726e-05,-1.7063889503479004,0.0,0.0001310316292801872,0.0013365015909293254,0.673666585538981,0.8198634311274059,0.8216814654272511,-1.723757028579712,0.00016400065214838833,False,,0.9044390916824341,0.4302870944142342,-6.998190766572952,0.004666456952691078
80128,0.16750307381153107,0.16746589910201876,3.717594567825888e-05,-1.894190788269043,0.0,0.00012761808466166258,0.0013037631202694477,0.5702868120794176,0.8193429831083743,0.6960294087292939,-1.760334849357605,0.0001384429051540792,False,,0.9040269255638123,0.4735968768596649,-6.9968905568122866,0.004661076702177525
80384,-0.1731097400188446,-0.1731294543846161,1.9709106740628066e-05,-1.7519367933273315,0.0,6.329465395538136e-05,0.000647660097600473,0.6086250122139273,0.8188208184143231,0.743294501711073,-1.726609230041504,0.00017539336113259196,False,,0.9040269255638123,0.4735968768596649,-6.9968905568122866,0.004661076702177525
80640,-0.007301606237888336,-0.0073580652397125966,5.64591369290573e-05,-1.7227283716201782,0.0,0.00016967172268778086,0.001738925645292877,0.6493565389858658,0.8182989864941815,0.7935443520074346,-1.7296860218048096,0.00014849947183392942,False,,0.9040269255638123,0.4735968768596649,-6.9968905568122866,0.004661076702177525
80896,0.3768644630908966,0.37681550903320316,4.895664064263528e-05,-1.7187449932098389,0.0,0.00017753883730620146,0.0018224325091057874,0.5372669813342698,0.817779531582147,0.6569826714723791,-1.7465726137161255,0.00015144824283197522,False,,0.9040269255638123,0.4735968768596649,-6.9968905568122866,0.004661076702177525
81152,0.1246199756860733,0.12457713317870803,4.283930993109625e-05,-1.7992359399795532,0.0,0.0001359729649266228,0.001397969562852492,0.6128790078044993,0.8172583632708131,0.7499207537646341,-1.7405699491500854,0.00013590895105153322,False,,0.9040269255638123,0.4735968768596649,-6.9968905568122866,0.004661076702177525
81408,0.1892954409122467,0.18926903239288367,2.6411894762569082e-05,-1.8832364082336426,0.0,0.00012615964806172997,0.001299115706997908,0.4066134312793989,0.8167395689447673,0.4978495554032555,-1.748982548713684,0.00014211301458999515,False,,0.9040269255638123,0.4735968768596649,-6.9968905568122866,0.004661076702177525
81664,0.14434920251369476,0.144326818112185,2.2378203469621517e-05,-1.8822617530822754,0.0,8.938385872170329e-05,0.0009218690148846424,0.48549637981751237,0.8162190633983359,0.5948113706094336,-1.7340229749679565,0.00015368047752417624,False,,0.9040269255638123,0.4735968768596649,-6.9968905568122866,0.004661076702177525
81920,-1.0447971820831299,-1.0448521688072214,5.4975548094528186e-05,-1.6730692386627197,0.0,0.0001806580403354019,0.0018661563527308336,0.5891848023782134,0.8156988895684446,0.7223067358715282,-1.754136323928833,0.0001356083230348304,False,,0.9040269255638123,0.4735968768596649,-6.9968905568122866,0.004661076702177525
82176,-0.17379561066627502,-0.17384219312133792,4.658642005852851e-05,-1.766053557395935,0.0,0.0002371621667407453,0.002453646377605268,0.37973214464585026,0.8151810851938569,0.46582550986882476,-1.7387312650680542,0.00017217955610249192,False,,0.9239641427993774,0.3655588265508413,-6.996561717987061,0.004863285925239325
82432,-0.014852486550807953,-0.014891045628357098,3.855939498327654e-05,-1.7373156547546387,0.0,0.00011641594028333202,0.0012063001865644215,0.6393001578337617,0.8146615728641954,0.7847432346490872,-1.742522954940796,0.00017352715076413006,False,,0.9239641427993774,0.3655588265508413,-6.996561717987061,0.004863285925239325
82688,0.6989870667457581,0.6989550922470138,3.1955111580750114e-05,-1.7385623455047607,0.0,9.146663069259375e-05,0.0009492484743368698,0.6732718027926978,0.8141423916180999,0.8269705763073912,-1.732038974761963,0.00018701252702157944,False,,0.9239641427993774,0.3655588265508413,-6.996561717987061,0.004863285925239325
82944,0.039901137351989746,0.03974825267639099,0.0001528862962828981,-1.7584927082061768,0.0,0.0004712881054729223,0.004898614541967377,0.624202190121683,0.8136255753059676,0.7671860485542739,-1.736798882484436,0.000175883382325992,False,,0.9239641427993774,0.3655588265508413,-6.996561717987061,0.004863285925239325
83200,-0.13169364631175995,-0.1317156149589573,2.1974810259147917e-05,-1.864259958267212,0.0,6.964171188883483e-05,0.000724980548971538,0.6062179265449679,0.8131070542978421,0.7455573326300394,-1.705909013748169,0.00015483020979445428,False,,0.9239641427993774,0.3655588265508413,-6.996561717987061,0.004863285925239325
83456,0.4864944815635681,0.4863805816650449,0.00011388695393521431,-1.806907296180725,0.0,0.0003438090207055211,0.0035846127839223143,0.6354212340368781,0.8125888637415167,0.7819713786269715,-1.7184091806411743,0.0001419471955159679,False,,0.9239641427993774,0.3655588265508413,-6.996561717987061,0.004863285925239325
83712,0.09513596445322037,0.09508531494140625,5.064806767024384e-05,-1.813232183456421,0.0,0.00015192831051535904,0.0015864525969624859,0.638507167087344,0.8120730336064418,0.7862681565126153,-1.7413913011550903,0.00014103634748607874,False,,0.9239641427993774,0.3655588265508413,-6.996561717987061,0.004863285925239325
83968,1.223420262336731,1.223388626734927,3.1682346859481396e-05,-1.8422060012817383,0.0,9.592570859240368e-05,0.0010031997052709558,0.6316259204028426,0.8115555020282356,0.7782904789928553,-1.7242510318756104,0.00014536065282300115,False,,0.9239641427993774,0.3655588265508413,-6.996561717987061,0.004863285925239325
84224,0.0366344191133976,0.03663441949386324,0.0,0.0,0.0,0.0,0.0,0.0,0.0,0.0,-1.7237194776535034,0.00014621012087445706,False,,0.9004446864128113,0.45179986096918584,-6.995175361633301,0.001702693523839116
84480,0.27021661400794983,0.27018680766525505,2.980725929712005e-05,-1.7054426670074463,0.0,0.0001089945508283563,0.0011433428989958648,0.5214054213009609,0.8105234544314506,0.6432946738928187,-1.7532840967178345,0.00013976935588289052,False,,0.9004446864128113,0.45179986096918584,-6.995175361633301,0.001702693523839116
84736,0.39057591557502747,0.390508934020999,6.699078744912986e-05,-1.6544898748397827,0.0,0.00020732393022626638,0.002178106479002659,0.6151286734136571,0.8100069103951559,0.7594116365174849,-1.718538522720337,0.00014613973326049745,False,,0.9004446864128113,0.45179986096918584,-6.995175361633301,0.001702693523839116
84992,0.034861382097005844,0.03483205446739157,2.9328744772615454e-05,-1.6227411031723022,0.0,0.00018443776934873313,0.0019405861930529165,0.3022668601643061,0.809492719280012,0.37340281507800543,-1.7446205615997314,0.00016225900617428124,False,,0.9004446864128113,0.45179986096918584,-6.995175361633301,0.001702693523839116
85248,0.436114102602005,0.4360869400024414,2.7174943750689235e-05,-1.722509503364563,0.0,8.091019844869152e-05,0.000852590222889953,0.6374678719297677,0.8089768321279723,0.7879927417117014,-1.7540125846862793,0.00012598639295902103,False,,0.9004446864128113,0.45179986096918584,-6.995175361633301,0.001702693523839116
85504,-0.028215661644935608,-0.028266572570800782,5.091019154582598e-05,-1.7769650220870972,0.0,0.0001441928034182638,0.0015217128528753577,0.6691169289873375,0.8084612737491845,0.8276425237839198,-1.7634389400482178,0.00014170045324135572,False,,0.9004446864128113,0.45179986096918584,-6.995175361633301,0.001702693523839116
85760,-0.030552558600902557,-0.030587767788696513,3.5209312662645965e-05,-1.5446150302886963,0.0,0.00013427827798295766,0.0014191961691808563,0.4961866925411499,0.807948063801757,0.6141319161115005,-1.760623574256897,0.00012709532165899873,False,,0.9004446864128113,0.45179986096918584,-6.995175361633301,0.001702693523839116
86016,0.3505221903324127,0.35048926784820505,3.292153258458071e-05,-1.8594087362289429,0.0,0.00011120911949547008,0.001177132162704787,0.5593515091616285,0.8074331610537726,0.6927527083871867,-1.7443721294403076,0.00022860075114294887,False,,0.9004446864128113,0.45179986096918584,-6.995175361633301,0.001702693523839116
86272,-1.8929356336593628,-1.893211633792118,0.00027601269341175544,-1.7666542530059814,0.0,0.0008004816481843591,0.008485597558652677,0.6505439163334068,0.8069185864516825,0.806207623986067,-1.7495497465133667,0.00015025949687696993,False,,0.9260480999946594,0.4082179471850395,-6.992828857898712,0.0025181660894304514
86528,0.8494359850883484,0.8494017833053571,3.417350736934791e-05,-1.6352781057357788,0.0,0.00010428034147480503,0.001107070510540823,0.617368217181642,0.8064063557997296,0.7655795527174204,-1.7370353937149048,0.0001612523483345285,False,,0.9260480999946594,0.4082179471850395,-6.992828857898712,0.0025181660894304514
86784,0.5451897978782654,0.5451370607818623,5.276570577899351e-05,-1.8122563362121582,0.0,0.00017189234495162964,0.0018275605971267755,0.5774441171685342,0.8058924355773832,0.7165275310653874,-1.7556356191635132,0.0001413244171999395,False,,0.9260480999946594,0.4082179471850395,-6.992828857898712,0.0025181660894304514
87040,0.39360716938972473,0.3935675380462606,3.964388724866472e-05,-1.643420934677124,0.0,0.00012061077723046765,0.001284227251281904,0.6173967607227234,0.8053788428747705,0.7665917303202902,-1.76202392578125,0.00014256295980885625,False,,0.9260480999946594,0.4082179471850395,-6.992828857898712,0.0025181660894304514
87296,-0.539157509803772,-0.5391906753890974,3.315552623960671e-05,-1.6396242380142212,0.0,0.00010552433377597481,0.0011252383269140544,0.5893067352324398,0.8048675896496232,0.7321784885001745,-1.7578980922698975,0.00014692445984110236,False,,0.9260480999946594,0.4082179471850395,-6.992828857898712,0.0025181660894304514
87552,0.29543352127075195,0.2953868225097656,4.671307216250042e-05,-1.8444455862045288,0.0,0.00014200236182659864,0.0015164365125866124,0.6160900476185595,0.8043546500780818,0.7659432907595588,-1.7049750089645386,0.00014392372395377606,False,,0.9260480999946594,0.4082179471850395,-6.992828857898712,0.0025181660894304514
87808,0.20826326310634613,0.20823997268257227,2.3292212221366965e-05,-1.8508293628692627,0.0,0.00011081547563662753,0.0011851177390919342,0.39307845040297884,0.803844047008914,0.4889983969721678,-1.7433511018753052,0.00016494581359438598,False,,0.9260480999946594,0.4082179471850395,-6.992828857898712,0.0025181660894304514
88064,0.6067163944244385,0.606670361328125,4.601315516466527e-05,-1.6983691453933716,0.0,0.00014402170199900866,0.0015424890326393625,0.5966091711645025,0.8033317597378632,0.7426684728102662,-1.7220338582992554,0.00016124750254675746,False,,0.9260480999946594,0.4082179471850395,-6.992828857898712,0.0025181660894304514
88320,-0.9268382787704468,-0.9269066221435526,6.836876443338399e-05,-1.750330924987793,0.0,0.0001980486704269424,0.0021242092644276622,0.6437102556541666,0.8028197989458714,0.8018116350635338,-1.7251554727554321,0.00019781984155997634,False,,0.9128057956695557,0.4400442786514759,-6.992105489969253,0.006273617502301931
88576,-0.027186403051018715,-0.02721269989013672,2.6296294849216542e-05,-1.7914215326309204,0.0,0.0001015282396110706,0.001090533849176447,0.48226462423106015,0.8023101701977929,0.6010949906221029,-1.747217059135437,0.0001444842928322032,False,,0.9128057956695557,0.4400442786514759,-6.992105489969253,0.006273617502301931
88832,0.34869247674942017,0.3486715900665266,2.08772600961097e-05,-1.8121427297592163,0.0,6.75895789754577e-05,0.0007270421919742625,0.5743066998468986,0.8017988604615869,0.7162727813260753,-1.7197169065475464,0.0001295331458095461,False,,0.9128057956695557,0.4400442786514759,-6.992105489969253,0.006273617502301931
89088,0.2905719578266144,0.2905248066070548,4.7151693303722635e-05,-1.8365521430969238,0.0,0.00013623404083773494,0.0014675445141499686,0.6425930232315146,0.80128787658146,0.8019502628356412,-1.7331503629684448,0.00014837617345619947,False,,0.9128057956695557,0.4400442786514759,-6.992105489969253,0.006273617502301931
89344,0.3722587823867798,0.3722153158355708,4.34611624087996e-05,-1.6861571073532104,0.0,0.00013352632231544703,0.0014404363154675046,0.6034444139197358,0.8007792202952935,0.7535715196221139,-1.7528138160705566,0.00012019366840831935,False,,0.9128057956695557,0.4400442786514759,-6.992105489969253,0.006273617502301931
89600,0.7076985239982605,0.7076834213256836,1.5124050434950983e-05,-1.7431236505508423,0.0,4.663591244025156e-05,0.0005038135523964259,0.6003828346026951,0.8002688862286226,0.7502263863238292,-1.7378467321395874,0.00012070410593878478,False,,0.9128057956695557,0.4400442786514759,-6.992105489969253,0.006273617502301931
89856,0.7247634530067444,0.7246311286437995,0.0001323256679358843,-1.610830545425415,0.0,0.0003883166064042598,0.0042010296405216915,0.6299677900842034,0.7997588773962397,0.7876971520906125,-1.7195535898208618,0.000144226461998187,False,,0.9128057956695557,0.4400442786514759,-6.992105489969253,0.006273617502301931
90112,0.011869089677929878,0.01184530782775837,2.3781549073893762e-05,-1.7194719314575195,0.0,7.5764641223941e-05,0.0008208287840877289,0.5794521229009929,0.7992511917163558,0.7249937552881788,-1.7511186599731445,0.00013525193207897246,False,,0.9128057956695557,0.4400442786514759,-6.992105489969253,0.006273617502301931
90368,0.3410852253437042,0.3410561721420265,2.9057210341655392e-05,-1.7628357410430908,0.0,8.961091953096911e-05,0.0009722184021919032,0.5977506756947782,0.7987418314574697,0.7483653067275299,-1.7577621936798096,0.00014186951739247888,False,,0.9216281175613403,0.38700999319553375,-6.98953133225441,0.005290877539664507
90624,0.020252743735909462,0.020216847988129304,3.5896500666974055e-05,-1.8448587656021118,0.0,0.0002300364285474643,0.0024992647239855488,0.28725649045876434,0.7982347913967511,0.3598646583120274,-1.7472913265228271,0.0001637906243558973,False,,0.9216281175613403,0.38700999319553375,-6.98953133225441,0.005290877539664507
90880,0.47646740078926086,0.4764448342132572,2.258126492802081e-05,-1.842635154724121,0.0,7.101563096512109e-05,0.0007726503602138779,0.5845144476932639,0.797726078886577,0.7327257603375555,-1.7602403163909912,0.0001590282772667706,False,,0.9216281175613403,0.38700999319553375,-6.98953133225441,0.005290877539664507
91136,-1.333571434020996,-1.3336021525482182,3.068490976497111e-05,-1.7736140489578247,0.0,9.209217387251556e-05,0.0010033754627641349,0.611633648692967,0.7972176905772781,0.7672103315345064,-1.7500489950180054,0.0001272172958124429,False,,0.9216281175613403,0.38700999319553375,-6.98953133225441,0.005290877539664507
91392,-0.0756290927529335,-0.0756571876525879,2.80967398585717e-05,-1.575035810470581,0.0,0.0001116471248678863,0.0012181362793082919,0.46130700375373745,0.7967116180387975,0.5790137777698042,-1.7654860019683838,0.00013624281564261764,False,,0.9216281175613403,0.38700999319553375,-6.98953133225441,0.005290877539664507
91648,0.14460204541683197,0.1445783534301765,2.369027867215783e-05,-1.8061153888702393,0.0,7.078549970174208e-05,0.0007733941924640742,0.6126314084847047,0.7962038762421912,0.7694403742118343,-1.7606909275054932,0.00015943290782161057,False,,0.9216281175613403,0.38700999319553375,-6.98953133225441,0.005290877539664507
91904,0.16832056641578674,0.16825423777160758,6.633171448258053e-05,-1.7206364870071411,0.0,0.0001875435991678387,0.0020519436081001693,0.6465257058793639,0.7956964580278275,0.812528068155298,-1.7748461961746216,0.00015628508117515594,False,,0.9216281175613403,0.38700999319553375,-6.98953133225441,0.005290877539664507
92160,0.19112804532051086,0.19108970794677735,3.833090315866984e-05,-1.7705940008163452,0.0,0.00011426032870076597,0.0012518755423918696,0.6123756213885879,0.7951913511653813,0.7700984429610931,-1.7653701305389404,0.00012777869415003806,False,,0.9216281175613403,0.38700999319553375,-6.98953133225441,0.005290877539664507
92416,-0.2356959879398346,-0.23572851430969605,3.252808298489067e-05,-1.6836578845977783,0.0,9.901366865960881e-05,0.0010863356850552967,0.5988587769393754,0.7946845782300495,0.753580468710209,-1.7649180889129639,0.00013333956303540617,False,,0.9196335673332214,0.3837220411747694,-6.987089550495147,0.007307271007448435
92672,-0.009545606561005116,-0.009579945373532246,3.433923778744441e-05,-1.8434832096099854,0.0,0.00010197021765634418,0.0011203243516141868,0.6130231434846116,0.794178128259508,0.7718962807853837,-1.720991849899292,0.0001422852074028924,False,,0.9196335673332214,0.3837220411747694,-6.987089550495147,0.007307271007448435
92928,0.4589734375476837,0.458921705169676,5.174531681385705e-05,-1.9137835502624512,0.0,0.0001630966435186565,0.001794374045225939,0.5767506161998852,0.7936739852304152,0.7266845416792211,-1.7407352924346924,0.000144929566886276,False,,0.9196335673332214,0.3837220411747694,-6.987089550495147,0.007307271007448435
93184,0.11802453547716141,0.11798458099364943,3.995162665113531e-05,-1.944272518157959,0.0,0.00012250972213223577,0.00134969841660216,0.5920082021243348,0.7931681793075989,0.7463842064883793,-1.7432024478912354,0.00012283105752430856,False,,0.9196335673332214,0.3837220411747694,-6.987089550495147,0.007307271007448435
93440,0.3103814423084259,0.31033971741638233,4.171065338785332e-05,-1.6641907691955566,0.0,0.00016136042540892959,0.0017801535371614332,0.46861860527338084,0.7926646773925153,0.5911940050298572,-1.7251309156417847,0.00019588218128774315,False,,0.9196335673332214,0.3837220411747694,-6.987089550495147,0.007307271007448435
93696,0.2102283537387848,0.21020732142715426,2.1025558607398025e-05,-1.9520111083984375,0.0,7.189366442617029e-05,0.0007942294891831686,0.5294580192186498,0.7921595146983949,0.6683729847267371,-1.750301480293274,0.00013474553998094052,False,,0.9196335673332214,0.3837220411747694,-6.987089550495147,0.007307271007448435
93952,-1.3191485404968262,-1.3192137385528564,6.521862654500895e-05,-1.7814491987228394,0.0,0.00019750589854083955,0.0021848860392030918,0.5969979703728308,0.7916546739428629,0.7541141232697612,-1.7350102663040161,0.00014980816922616214,False,,0.9196335673332214,0.3837220411747694,-6.987089550495147,0.007307271007448435
94208,-0.23538397252559662,-0.23542367162170413,3.9695721381354586e-05,-1.6338189840316772,0.0,0.00018640272901393473,0.0020648589078516317,0.38448846292026534,0.791152132798609,0.48598549758082804,-1.7628384828567505,0.00013637075608130544,False,,0.9196335673332214,0.3837220411747694,-6.987089550495147,0.007307271007448435
94464,-0.02520921267569065,-0.025244018943791163,3.480626844058932e-05,-1.9148699045181274,0.0,0.00010164573177462444,0.0011275021391717987,0.6174049206887732,0.7906479340443786,0.7808847580623901,-1.7516313791275024,0.000126431550597772,False,,0.9228299260139465,0.4168708398938179,-6.985933458805084,0.00368759548291564
94720,0.7248268127441406,0.7247878006851243,3.900365795574042e-05,-1.6277674436569214,0.0,0.00010802898759720847,0.0011999331365014302,0.6500971890727335,0.790144056614421,0.8227578042645097,-1.755068063735962,0.000143201817991212,False,,0.9228299260139465,0.4168708398938179,-6.985933458805084,0.00368759548291564
94976,0.04699920490384102,0.046844274902343754,0.0001549285609402579,-1.6366889476776123,0.0,0.0004371686663944274,0.004862396732897429,0.6372518305306539,0.7896424744076757,0.8070131118626407,-1.7693636417388916,0.00015609896217938513,False,,0.9228299260139465,0.4168708398938179,-6.985933458805084,0.00368759548291564
95232,-0.13446198403835297,-0.13448314171600506,2.1153009252907226e-05,-1.628404974937439,0.0,6.453249807236716e-05,0.0007187290321197659,0.5886226465771144,0.7891392377539673,0.7459046748865773,-1.737869381904602,0.00018479963182471693,False,,0.9228299260139465,0.4168708398938179,-6.985933458805084,0.00368759548291564
95488,0.5652164220809937,0.565087417602542,0.00012902304734111866,-1.7717357873916626,0.0,0.0003693033067975193,0.004118638544170129,0.6265325104760593,0.7886363218113882,0.7944504876937458,-1.7421722412109375,0.00020257958385627717,False,,0.9228299260139465,0.4168708398938179,-6.985933458805084,0.00368759548291564
95744,0.08529160171747208,0.08522393498230085,6.76640528482095e-05,-1.864424228668213,0.0,0.0002003520494326949,0.00223740291750766,0.6048445929764266,0.788135696712329,0.7674371247229472,-1.753800868988037,0.00013255722296889871,False,,0.9228299260139465,0.4168708398938179,-6.985933458805084,0.00368759548291564
96000,1.0005717277526855,1.0005489076171914,2.278144868113739e-05,-1.58533775806427,0.0,6.715347990393639e-05,0.0007509302352460745,0.6067527344580038,0.7876334203232845,0.7703491482229916,-1.7469595670700073,0.00013827680959366262,False,,0.9228299260139465,0.4168708398938179,-6.985933458805084,0.00368759548291564
96256,0.01490974985063076,0.014909749516294687,0.0,0.0,0.0,0.0,0.0,0.0,0.0,0.0,-1.7594366073608398,0.00012327887816354632,False,,0.9228299260139465,0.4168708398938179,-6.985933458805084,0.00368759548291564
96512,0.2936979830265045,0.2936767936706543,2.119613060003157e-05,-1.7347941398620605,0.0,7.731820369372144e-05,0.000866896476405938,0.48901180652869897,0.7866317942156916,0.6216527352752966,-1.7248444557189941,0.00015082144818734378,False,,0.9209743738174438,0.4274171721190214,-6.985452163219452,0.006876721046864986
96768,0.4794655442237854,0.47942411094284326,4.143029344430157e-05,-1.709080457687378,0.0,0.00012132689153077081,0.0013621301158860755,0.6083162388249651,0.786130476258956,0.7738107823014638,-1.741289734840393,0.00017971005581784993,False,,0.9209743738174438,0.4274171721190214,-6.985452163219452,0.006876721046864986
97024,0.02229246497154236,0.022263857681656375,2.8607283626137996e-05,-1.887176275253296,0.0,0.00013796570419799536,0.0015509754855280978,0.36889407850824135,0.7856314418667197,0.46955106281352627,-1.7620316743850708,0.00013357136049307883,False,,0.9209743738174438,0.4274171721190214,-6.985452163219452,0.006876721046864986
97280,0.4198760688304901,0.41984022701110807,3.585212628741854e-05,-1.9295790195465088,0.0,0.00010342119639972225,0.0011641698743142703,0.6159260272653332,0.7851307614313751,0.7844884667904694,-1.729192852973938,0.00015489615907426924,False,,0.9209743738174438,0.4274171721190214,-6.985452163219452,0.006876721046864986
97536,-0.0349428728222847,-0.034973661512756375,3.078732146485146e-05,-1.8101602792739868,0.0,8.52483426569961e-05,0.0009608691351640151,0.6408223625498435,0.7846304000780898,0.8167187538056976,-1.7542976140975952,0.00014306018420029432,False,,0.9209743738174438,0.4274171721190214,-6.985452163219452,0.006876721046864986
97792,-0.02913758158683777,-0.02916632804565452,2.8747098265089368e-05,-1.7425442934036255,0.0,0.00010247174213873222,0.0011565121114085577,0.49713440925538155,0.7841323179318582,0.633993010983872,-1.782917857170105,0.00014486175496131182,False,,0.9209743738174438,0.4274171721190214,-6.985452163219452,0.006876721046864986
98048,0.4307350516319275,0.43069846801758105,3.6570015179362416e-05,-1.6964432001113892,0.0,0.00011379969510016963,0.0012860435539172853,0.5687212547035478,0.7836325928834601,0.725749872923071,-1.690927267074585,0.00014930972247384489,False,,0.9209743738174438,0.4274171721190214,-6.985452163219452,0.006876721046864986
98304,-1.7377450466156006,-1.7380186222915683,0.00027355028604020336,-1.7495149374008179,0.0,0.0007808111840859056,0.008835428812547558,0.6192122461599674,0.7831331863082562,0.7906857441184131,-1.7444041967391968,0.00013843907800037414,False,,0.9209743738174438,0.4274171721190214,-6.985452163219452,0.006876721046864986
98560,1.03351628780365,1.0334531420272863,6.31717984542223e-05,-1.8267266750335693,0.0,0.00017590995412319899,0.001993128771557328,0.6338958059881211,0.7826360545909754,0.8099496595763281,-1.7393813133239746,0.00015113354311324656,False,,0.9211246967315674,0.41118949353694917,-6.983093017339707,0.005511016584932804
98816,0.7212854623794556,0.7212388064880361,4.667321618751733e-05,-1.7723227739334106,0.0,0.00014102106797508895,0.001599900708965804,0.583451409527626,0.7821372831064763,0.7459705887057142,-1.7626837491989136,0.00014340505003929138,False,,0.9211246967315674,0.41118949353694917,-6.983093017339707,0.005511016584932804
99072,0.3372216522693634,0.3371813809661835,4.02818062708445e-05,-1.7596521377563477,0.0,0.00011558485857676715,0.0013130238160539937,0.6135731245439655,0.7816388294874682,0.7849829120519694,-1.7627078294754028,0.00013006119115743786,False,,0.9211246967315674,0.41118949353694917,-6.983093017339707,0.005511016584932804
99328,-0.49528005719184875,-0.49531438903808594,3.433560907276232e-05,-1.731110692024231,0.0,0.00010820759780472144,0.0012308025525291824,0.5579385418433834,0.7811426463855513,0.7142594818309277,-1.7654145956039429,0.00015006272587925196,False,,0.9211246967315674,0.41118949353694917,-6.983093017339707,0.005511016584932804
99584,0.2697061598300934,0.26965173557128874,5.4437134832502626e-05,-1.7068735361099243,0.0,0.0001640911359572783,0.0018688544755671214,0.5825722178393068,0.7806448266453825,0.7462705163150302,-1.722926139831543,0.00013781071174889803,False,,0.9211246967315674,0.41118949353694917,-6.983093017339707,0.005511016584932804
99840,0.2091924101114273,0.20917397194061488,1.8437859947259377e-05,-1.8247607946395874,0.0,8.994522067951038e-05,0.0010257099329232364,0.3595141151594806,0.7801492745349093,0.46082734022127636,-1.7238340377807617,0.0001380255416734144,False,,0.9211246967315674,0.41118949353694917,-6.983093017339707,0.005511016584932804
100096,0.85943204164505,0.8593902755737305,4.179130372240611e-05,-1.9212679862976074,0.0,0.00011963454744545743,0.0013660290882602812,0.6118655024488506,0.7796520878674819,0.7847930018663016,-1.7670512199401855,0.0001242303551407531,False,,0.9211246967315674,0.41118949353694917,-6.983093017339707,0.005511016584932804
100352,-1.1158024072647095,-1.115834745265197,3.231046153451934e-05,-1.7188342809677124,0.0,8.797475311439484e-05,0.001005812052577433,0.6424751314467251,0.7791552180555466,0.8245791294962778,-1.758558988571167,0.00014197902055457234,False,,0.9211246967315674,0.41118949353694917,-6.983093017339707,0.005511016584932804
100608,-0.03532098978757858,-0.035337705175780866,1.6716464866506448e-05,-1.8796831369400024,0.0,6.270577432587743e-05,0.0007178243207262272,0.46575364985110274,0.7786606115462678,0.5981471811270985,-1.7767666578292847,0.00012337799125816673,False,,0.9404126405715942,0.34365079961717127,-6.978701853752137,0.0037931841798126698
100864,0.38094690442085266,0.38091784805679346,2.9067111247471028e-05,-1.8451050519943237,0.0,9.071475506061688e-05,0.0010397793464693497,0.5591015314195387,0.7781643735990589,0.7184877005274081,-1.7547786235809326,0.00014507683226838708,False,,0.9404126405715942,0.34365079961717127,-6.978701853752137,0.0037931841798126698
101120,0.31534600257873535,0.3152941663307196,5.184838241933017e-05,-1.7927286624908447,0.0,0.0001415194128639996,0.0016241662805973763,0.6384615053116369,0.7776684519027256,0.8209944787518507,-1.7203282117843628,0.0001437360915588215,False,,0.9404126405715942,0.34365079961717127,-6.978701853752137,0.0037931841798126698
101376,0.33022424578666687,0.3301745143806475,4.972109798305467e-05,-1.787479043006897,0.0,0.00015182391507551074,0.0017446259452977187,0.5699915000928156,0.7771747891902667,0.7334148096680877,-1.7211565971374512,0.00013687080354429781,False,,0.9404126405715942,0.34365079961717127,-6.978701853752137,0.0037931841798126698
101632,0.6998023986816406,0.6997879714965821,1.44010219752133e-05,-1.7416560649871826,0.0,4.362563049653545e-05,0.0005019405661083339,0.5738138316601064,0.7766794981529501,0.7388038863195359,-1.7789947986602783,0.00012142098421463743,False,,0.9404126405715942,0.34365079961717127,-6.978701853752137,0.0037931841798126698
101888,0.5408869385719299,0.540801327270511,8.563383425924788e-05,-1.894025444984436,0.0,0.0002427770959911868,0.002796825356189935,0.6123645444626926,0.7761845227630466,0.7889419674110599,-1.7592999935150146,0.0001295373513130471,False,,0.9404126405715942,0.34365079961717127,-6.978701853752137,0.0037931841798126698
102144,0.017983097583055496,0.017957603454589844,2.549378144244042e-05,-1.7703473567962646,0.0,7.657351670786738e-05,0.0008832421260410708,0.5772772989601485,0.775691802046476,0.7442096170632992,-1.7453688383102417,0.00014451956667471677,False,,0.9404126405715942,0.34365079961717127,-6.978701853752137,0.0037931841798126698
102400,0.38660818338394165,0.38656237243346986,4.580771260862218e-05,-1.788843035697937,0.0,0.00013866848894394934,0.001601486509954256,0.5720649199840042,0.77519745611218,0.7379602647989337,-1.7519582509994507,0.00017120644042734057,False,,0.9404126405715942,0.34365079961717127,-6.978701853752137,0.0037931841798126698
102656,0.037829648703336716,0.037810814778137136,1.8833363465151972e-05,-1.8512903451919556,0.0,0.00010232331260340288,0.0011832075304655388,0.3183442123249823,0.7747053619839699,0.41092294948072067,-1.728730320930481,0.00013203269918449223,False,,0.9321937561035156,0.35551808439195154,-6.973653107881546,0.006065725348889828
102912,0.5411875247955322,0.5411693433792112,1.8172192750790875e-05,-1.737665057182312,0.0,5.373976455302909e-05,0.0006221909690035972,0.5841355357469296,0.7742116447048086,0.7544907645630268,-1.776881456375122,0.0001396098086843267,False,,0.9321937561035156,0.35551808439195154,-6.973653107881546,0.006065725348889828
103168,-1.2515445947647095,-1.251579111791993,3.45237654698406e-05,-1.581618070602417,0.0,9.899812721414492e-05,0.0011476122763028503,0.6016625332915123,0.7737182420701094,0.7776248517570735,-1.7023202180862427,0.00014841581287328154,False,,0.9321937561035156,0.35551808439195154,-6.973653107881546,0.006065725348889828
103424,-0.12018541991710663,-0.12020673357544001,2.131592833724179e-05,-1.8386573791503906,0.0,8.329609408974648e-05,0.0009667844440037673,0.4409654803498002,0.773227086944651,0.5702923342898427,-1.7467291355133057,0.00011857164645334706,False,,0.9321937561035156,0.35551808439195154,-6.973653107881546,0.006065725348889828
103680,0.1626197248697281,0.16259974517822556,1.99826157864315e-05,-1.7593677043914795,0.0,5.6706583563936874e-05,0.000658985854710833,0.6064656970580952,0.772734311765501,0.7848308116051889,-1.7485992908477783,0.00015414258814416826,False,,0.9321937561035156,0.35551808439195154,-6.973653107881546,0.006065725348889828
103936,0.20492619276046753,0.2048645735473634,6.161921883379126e-05,-1.8150427341461182,0.0,0.00016646069707348943,0.0019368258938029554,0.6362907376542968,0.7722418506304156,0.8239526738092012,-1.7435884475708008,0.000124455924378708,False,,0.9321937561035156,0.35551808439195154,-6.973653107881546,0.006065725348889828
104192,0.2572186589241028,0.2571786819458008,3.996277908680235e-05,-1.7515367269515991,0.0,0.00011026528954971582,0.0012845486123537176,0.6222073450934228,0.7717516327159255,0.8062274425047461,-1.7191951274871826,0.00012708267604466528,False,,0.9321937561035156,0.35551808439195154,-6.973653107881546,0.006065725348889828
104448,-0.23792806267738342,-0.237947907257083,1.9844603185050927e-05,-1.729101300239563,0.0,5.878858792129904e-05,0.0006857066882773061,0.5788073391818978,0.7712597978390932,0.7504699983113259,-1.738945722579956,0.00013381781172938645,False,,0.9321937561035156,0.35551808439195154,-6.973653107881546,0.006065725348889828
104704,-0.008519538678228855,-0.008538989883422618,1.9450771579870185e-05,-1.8205491304397583,0.0,5.432979014585726e-05,0.0006344767472508971,0.613127956671313,0.7707682764070737,0.7954763778413417,-1.7471765279769897,0.00014805031241849065,False,,0.9360378980636597,0.3484298851341009,-6.9677849650383,0.005706893280148506
104960,0.44009822607040405,0.44003855061034847,5.9665762361893766e-05,-1.7108911275863647,0.0,0.00018354359781369567,0.002146079806576672,0.5560442084124527,0.7702789939151872,0.721873779247415,-1.755550742149353,0.00013444326759781688,False,,0.9360378980636597,0.3484298851341009,-6.9677849650383,0.005706893280148506
105216,0.12264073640108109,0.12261291503905959,2.7821719341719156e-05,-1.6801964044570923,0.0,8.119885751511902e-05,0.000950574764382651,0.585366251749549,0.7697880975464091,0.7604251788450891,-1.7580763101577759,0.00012418261030688882,False,,0.9360378980636597,0.3484298851341009,-6.9677849650383,0.005706893280148506
105472,0.16325750946998596,0.1632304346725461,2.707709068917192e-05,-1.8202049732208252,0.0,0.00014050572644919157,0.0016468603019157426,0.32883287863183003,0.7692994372705247,0.4274445849051046,-1.7573000192642212,0.00014025921700522304,False,,0.9360378980636597,0.3484298851341009,-6.9677849650383,0.005706893280148506
105728,0.22827032208442688,0.22824679412841797,2.3523877563871304e-05,-1.8390676975250244,0.0,7.705659663770348e-05,0.0009042733394532496,0.5202824530488653,0.7688091651701009,0.6767380991533205,-1.7756980657577515,0.0001344854972558096,False,,0.9360378980636597,0.3484298851341009,-6.9677849650383,0.005706893280148506
105984,-1.3488612174987793,-1.3489216885993955,6.041207035927014e-05,-1.8237792253494263,0.0,0.0001760432351147756,0.0020684028841379044,0.584142198046194,0.7683192055185375,0.760285821115141,-1.7386729717254639,0.00012592741404660046,False,,0.9360378980636597,0.3484298851341009,-6.9677849650383,0.005706893280148506
106240,-0.23925843834877014,-0.2393019870742792,4.3541453936354375e-05,-1.7404118776321411,0.0,0.00017659502918832004,0.00207738424321399,0.41919499561612106,0.7678314776930065,0.5459466143216951,-1.738735556602478,0.0001366933574900031,False,,0.9360378980636597,0.3484298851341009,-6.9677849650383,0.005706893280148506
106496,-0.024140875786542892,-0.024182370626833292,4.149555001365797e-05,-1.808934211730957,0.0,0.00011611360969254747,0.0013675551370513682,0.6068574332312177,0.7673421411185828,0.7908563868870532,-1.7634080648422241,0.00028275104705244303,False,,0.9360378980636597,0.3484298851341009,-6.9677849650383,0.005706893280148506
106752,0.8136430382728577,0.8136167718841607,2.6244373239267768e-05,-1.94882333278656,0.0,6.940853199921548e-05,0.0008184585304513906,0.6413122293390637,0.7668531163968116,0.836290830181896,-1.7673828601837158,0.0001131775788962841,False,,0.936321496963501,0.32897308506071565,-6.961533260345459,0.008298458531498909
107008,0.044853486120700836,0.04468165740966797,0.00017182889414263085,-1.749183177947998,0.0,0.0004730618093162775,0.005584965806484437,0.6153265752965883,0.7663663192423535,0.8029144285788988,-1.753329873085022,0.00013249233597889543,False,,0.936321496963501,0.32897308506071565,-6.961533260345459,0.008298458531498909
107264,-0.14997053146362305,-0.149990347290042,1.981729179969842e-05,-1.8263670206069946,0.0,5.84228582738433e-05,0.0006905657564885004,0.573943657457577,0.7658779164087807,0.7493931410750321,-1.7475495338439941,0.00011590105714276433,False,,0.936321496963501,0.32897308506071565,-6.961533260345459,0.008298458531498909
107520,0.5219775438308716,0.5218861869155895,9.137271850724005e-05,-1.8430989980697632,0.0,0.00025512115098536015,0.0030191665509557656,0.6052843853765838,0.7653898248327902,0.7908184375312494,-1.7747350931167603,0.0001490719587309286,False,,0.936321496963501,0.32897308506071565,-6.961533260345459,0.008298458531498909
107776,0.10033775866031647,0.10027774186401513,6.001663778125787e-05,-1.7196757793426514,0.0,0.00016209253226406872,0.0019205194975180154,0.625004201819564,0.7649039565735198,0.8171015412436173,-1.7537418603897095,0.00012161786435171962,False,,0.936321496963501,0.32897308506071565,-6.961533260345459,0.008298458531498909
108032,1.1131411790847778,1.1131110566520714,3.01047176361211e-05,-1.846799373626709,0.0,8.709898247616366e-05,0.0010332007308356522,0.5827467352209946,0.7644164856990547,0.7623419250149687,-1.749639630317688,0.00011762957728933543,False,,0.936321496963501,0.32897308506071565,-6.961533260345459,0.008298458531498909
108288,0.017649047076702118,0.017649047602844078,0.0,0.0,0.0,0.0,0.0,0.0,0.0,0.0,-1.7291030883789062,0.00012621740461327136,False,,0.936321496963501,0.32897308506071565,-6.961533260345459,0.008298458531498909
108544,0.28497350215911865,0.28494875946044923,2.473305552230879e-05,-1.714057207107544,0.0,8.455791248707101e-05,0.0010054304190165418,0.4919894018424734,0.7634443843516584,0.6444338473460469,-1.7488125562667847,0.00012493845133576542,False,,0.936321496963501,0.32897308506071565,-6.961533260345459,0.008298458531498909
108800,0.478279709815979,0.47823689117431933,4.282403878874258e-05,-1.7870314121246338,0.0,0.00012184759543742985,0.0014505309301423865,0.5904601949375722,0.762957843657958,0.7739093317484546,-1.772694706916809,0.00013897883764002472,False,,0.9279975891113281,0.38288235627114775,-6.950964468717575,0.004720087628811598
109056,0.05721631646156311,0.05718603897094727,3.027850815089969e-05,-1.583694577217102,0.0,0.00014374444435816258,0.0017132082395246502,0.3534714280769606,0.7624735192165197,0.4635851858044466,-1.7324162721633911,0.00014060651301406324,False,,0.9279975891113281,0.38288235627114775,-6.950964468717575,0.004720087628811598
109312,0.41885876655578613,0.41883524017333984,2.353928354800315e-05,-1.8046438694000244,0.0,6.630111602135003e-05,0.0007911335222516693,0.5950773892378438,0.7619875972521022,0.7809541669494702,-1.7514541149139404,0.0001257964177057147,False,,0.9279975891113281,0.38288235627114775,-6.950964468717575,0.004720087628811598
109568,-0.03859046846628189,-0.038632456207275394,4.198715353909832e-05,-1.7752349376678467,0.0,0.00011093135253759101,0.0013252320310571774,0.6336573906322489,0.7615019849642171,0.8321152185335727,-1.7369930744171143,0.00013687348109669983,False,,0.9279975891113281,0.38288235627114775,-6.950964468717575,0.004720087628811598
109824,-0.01990063302218914,-0.019943654959106064,4.302100642858434e-05,-1.8093063831329346,0.0,0.0001437870814697817,0.0017197407247632854,0.5003196796948097,0.761018584699592,0.6574342463558996,-1.7599287033081055,0.0001380836038151756,False,,0.9279975891113281,0.38288235627114775,-6.950964468717575,0.004720087628811598
110080,0.4139176309108734,0.4138993278503447,1.8316689265328063e-05,-1.687971830368042,0.0,5.492170384968631e-05,0.0006576478578164161,0.5570363849779681,0.7605335899603446,0.732428379668297,-1.7213705778121948,0.00012214457092341036,False,,0.9279975891113281,0.38288235627114775,-6.950964468717575,0.004720087628811598
110336,-1.8119211196899414,-1.812208926392367,0.00028784775714730225,-1.7381778955459595,0.0,0.000793974963016808,0.009518342721393458,0.6048274695979053,0.7600489043067119,0.7957744115815893,-1.7692084312438965,0.00012341946421656758,False,,0.9279975891113281,0.38288235627114775,-6.950964468717575,0.004720087628811598
110592,1.0376628637313843,1.0376237746055645,3.913591356321993e-05,-1.827499270439148,0.0,0.00010573944018688053,0.0012690931895530321,0.6167539765460941,0.7595664264554072,0.8119816188088227,-1.758833646774292,0.0001636634988244623,False,,0.9279975891113281,0.38288235627114775,-6.950964468717575,0.004720087628811598
110848,0.7453671097755432,0.7453120036392211,5.512812069506123e-05,-1.9087449312210083,0.0,0.0001636253873584792,0.0019661198262754943,0.5607808838334417,0.75908235717202,0.738761583028546,-1.7669206857681274,0.0001259280543308705,False,,0.9417083859443665,0.3652173988521099,-6.954908782243729,0.006059296429157257
111104,0.41679996252059937,0.41676540298461623,3.4563518332484316e-05,-1.8359706401824951,0.0,9.615354792913422e-05,0.001156714647396931,0.5976152962230746,0.7585985963844575,0.7877885604736914,-1.75486159324646,0.00011849668953800574,False,,0.9417083859443665,0.3652173988521099,-6.954908782243729,0.006059296429157257
111360,-0.49193525314331055,-0.491955290222168,2.0040164440155382e-05,-1.8383643627166748,0.0,6.20517457718961e-05,0.0007473317544782805,0.5363124026262102,0.7581170391863451,0.7074269207849642,-1.7833062410354614,0.00014443224063143134,False,,0.9417083859443665,0.3652173988521099,-6.954908782243729,0.006059296429157257
111616,0.27516287565231323,0.2751017220733658,6.116041237872956e-05,-1.6658674478530884,0.0,0.00017826532712206244,0.0021494415327284163,0.5690818889229794,0.7576338935928845,0.7511304519710099,-1.7380396127700806,0.0001511339214630425,False,,0.9417083859443665,0.3652173988521099,-6.954908782243729,0.006059296429157257
111872,0.2912245988845825,0.29121400443267925,1.058233273651114e-05,-1.7331328392028809,0.0,4.7719109716126695e-05,0.0005760329349417251,0.3674211002390588,0.7571529487865898,0.4852666833403823,-1.7694907188415527,0.00012017678818665445,False,,0.9417083859443665,0.3652173988521099,-6.954908782243729,0.006059296429157257
112128,0.8925421833992004,0.8925025268554688,3.964371780320491e-05,-1.7235904932022095,0.0,0.00011072669440181926,0.0013381486502843502,0.5925159031439564,0.7566704176048945,0.7830567831889873,-1.7400730848312378,0.00013468533870764077,False,,0.9417083859443665,0.3652173988521099,-6.954908782243729,0.006059296429157257
112384,-0.9725192189216614,-0.9725701064941416,5.089881014708525e-05,-1.7764015197753906,0.0,0.00013751299411524087,0.001663763802834957,0.6118513945351693,0.7561881939387964,0.809125822697902,-1.7385458946228027,0.00011724978685379028,False,,0.9417083859443665,0.3652173988521099,-6.954908782243729,0.006059296429157257
112640,-0.0029686540365219116,-0.0029914986587522437,2.2844690025091844e-05,-1.728698492050171,0.0,7.956288754940033e-05,0.0009637209696489199,0.4740934512074399,0.7557081668603727,0.6273499109809608,-1.7589306831359863,0.00011804279347416013,False,,0.9417083859443665,0.3652173988521099,-6.954908782243729,0.006059296429157257
112896,0.4088992476463318,0.4088736267089844,2.5614109839916004e-05,-1.8603951930999756,0.0,7.722521695541218e-05,0.0009364693482167229,0.5470357334960684,0.7552265564336335,0.7243332862648613,-1.7660831212997437,0.00014714231656398624,False,,0.9449275135993958,0.32898038141429425,-6.965895408391953,0.006268400698900223
113152,0.29151248931884766,0.29146597912521394,4.651821589537207e-05,-1.8293124437332153,0.0,0.000124394049635157,0.0015101725564786144,0.6160649085537904,0.7547452529356974,0.816255426791373,-1.7870630025863647,0.00013058072363492101,False,,0.9449275135993958,0.32898038141429425,-6.965895408391953,0.006268400698900223
113408,0.3411515951156616,0.3411037560684199,4.7824230744948046e-05,-1.7296868562698364,0.0,0.00014040202950127423,0.0017064353947942761,0.5605161600707845,0.7542661418339571,0.743127828471685,-1.7050137519836426,0.00015626929234713316,False,,0.9449275135993958,0.32898038141429425,-6.965895408391953,0.006268400698900223
113664,0.6622264981269836,0.6622064453125001,2.003020943821167e-05,-1.676808476448059,0.0,5.798968413728289e-05,0.0007055983006549854,0.5677510679835321,0.7537854504052106,0.7531998232100761,-1.7716093063354492,0.00012476403207983822,False,,0.9449275135993958,0.32898038141429425,-6.965895408391953,0.006268400698900223
113920,0.6254015564918518,0.6252734697418258,0.00012810272692627623,-1.8416736125946045,0.0,0.00035737731377594173,0.004353343894867881,0.588525648420725,0.7533050653195926,0.7812580527001245,-1.7644730806350708,0.00011932743655052036,False,,0.9449275135993958,0.32898038141429425,-6.965895408391953,0.006268400698900223
114176,0.013383395038545132,0.013362967108917656,2.042829229092657e-05,-1.8686119318008423,0.0,6.37390767224133e-05,0.0007772987430337174,0.5256226765837042,0.7528268684466902,0.6981986146007554,-1.732750415802002,0.00014469838060904294,False,,0.9449275135993958,0.32898038141429425,-6.965895408391953,0.006268400698900223
114432,0.34981635212898254,0.3497859421249363,3.0412475575880017e-05,-1.5850578546524048,0.0,9.27887303987518e-05,0.0011328292458743564,0.5369295626263008,0.7523470942623253,0.7136726741169367,-1.781404733657837,0.0001244187878910452,False,,0.9449275135993958,0.32898038141429425,-6.965895408391953,0.006268400698900223
114688,-0.021825402975082397,-0.021847327566528112,2.192422852215017e-05,-1.7194017171859741,0.0,0.0001266711187781766,0.0015482135194137773,0.28321970125221047,0.7518695055079462,0.37668730966934694,-1.7835605144500732,0.00014632467355113477,False,,0.9449275135993958,0.32898038141429425,-6.965895408391953,0.006268400698900223
114944,0.583489716053009,0.5834641522888182,2.559257009434748e-05,-1.9748340845108032,0.0,7.405488577205688e-05,0.0009061327307409679,0.5648746420056978,0.751390341447957,0.751772561937865,-1.762514591217041,0.0001180628823931329,False,,0.940970778465271,0.32792227156460285,-6.974979120492935,0.008144943043589592
115200,-1.0667606592178345,-1.0667996551712016,3.900467906515388e-05,-1.760056734085083,0.0,0.00011170572543051094,0.0013683503484411114,0.5700978424069513,0.750911482757709,0.7592077834703994,-1.7748744487762451,0.00011886241554748267,False,,0.940970778465271,0.32792227156460285,-6.974979120492935,0.008144943043589592
115456,-0.16656547784805298,-0.16659459702453605,2.9118825934981308e-05,-1.8326737880706787,0.0,0.00010315594408893958,0.00126501867668626,0.46036989764069913,0.7504348053272594,0.613470876314079,-1.793564796447754,0.00014109595213085413,False,,0.940970778465271,0.32792227156460285,-6.974979120492935,0.008144943043589592
115712,0.1593785434961319,0.15935157165527636,2.6976699026201693e-05,-1.9333736896514893,0.0,7.463244401151314e-05,0.0009162457507639931,0.5888529142690749,0.7499565555971617,0.785182701416876,-1.7668471336364746,0.00011633470421656966,False,,0.940970778465271,0.32792227156460285,-6.974979120492935,0.008144943043589592
115968,0.20407134294509888,0.20403024926300278,4.109618967555926e-05,-1.8662070035934448,0.0,0.0001075376640073955,0.001321677425256566,0.6218792708452535,0.7494786106541058,0.8297491909775914,-1.7892651557922363,0.00012905063340440392,False,,0.940970778465271,0.32792227156460285,-6.974979120492935,0.008144943043589592
116224,0.2468622773885727,0.24682107449340693,4.120631419248888e-05,-1.7741633653640747,0.0,0.00011435379565227777,0.001406996712662253,0.5857343350080787,0.7490028428086182,0.7820188409588492,-1.7866023778915405,0.00012213794980198145,False,,0.940970778465271,0.32792227156460285,-6.974979120492935,0.008144943043589592
116480,-0.2465331256389618,-0.24654198302460137,8.862022471840294e-06,-1.9384640455245972,0.0,2.5575925974408165e-05,0.00031503029198032327,0.5626139896663532,0.7485255056637087,0.7516296845055267,-1.7890727519989014,0.00012561715266201645,False,,0.940970778465271,0.32792227156460285,-6.974979120492935,0.008144943043589592
116736,-0.006619151681661606,-0.0066374496459931836,1.8297792673345105e-05,-1.8783036470413208,0.0,4.993094262317754e-05,0.0006156985246621381,0.5943750696296028,0.7480484727242532,0.7945675865963598,-1.7804778814315796,0.00010652831406332552,False,,0.940970778465271,0.32792227156460285,-6.974979120492935,0.008144943043589592
116992,0.48500093817710876,0.4849438995544392,5.7032906392620226e-05,-1.9827688932418823,0.0,0.00016744043387006968,0.002066965244554971,0.5518516244321247,0.7475736127280784,0.7381903467917807,-1.8063747882843018,0.0001393875718349591,False,,0.9512708187103271,0.2887500016018748,-6.9765157997608185,0.005458058789372444
117248,0.13928747177124023,0.13926360636138416,2.3870059074168832e-05,-1.8374850749969482,0.0,6.812051287852228e-05,0.0008418332125507463,0.5670971094581263,0.747097186426983,0.7590673874309272,-1.7511587142944336,0.00013212210615165532,False,,0.9512708187103271,0.2887500016018748,-6.9765157997608185,0.005458058789372444
117504,0.12263046205043793,0.12261142875976512,1.9029642625630088e-05,-1.6410943269729614,0.0,0.00010111876326845959,0.0012509856037324352,0.3042343983632318,0.7466229303058564,0.4074806518982765,-1.7889395952224731,0.00013504161324817687,False,,0.9512708187103271,0.2887500016018748,-6.9765157997608185,0.005458058789372444
117760,0.21404431760311127,0.21402401428222656,2.0296747377058587e-05,-1.867158055305481,0.0,6.515997665701434e-05,0.0008070022173792176,0.5030159010708384,0.7461471098716644,0.6741511082946577,-1.7739405632019043,0.0001276073162443936,False,,0.9512708187103271,0.2887500016018748,-6.9765157997608185,0.005458058789372444
118016,-1.313022494316101,-1.3130754966972338,5.3020765922656506e-05,-1.8732638359069824,0.0,0.00015282542153727263,0.0018947923680202163,0.5596472396398295,0.7456715926763317,0.7505277727305775,-1.8062210083007812,0.00011812856246251613,False,,0.9512708187103271,0.2887500016018748,-6.9765157997608185,0.005458058789372444
118272,-0.25008293986320496,-0.25014134941101074,5.839551093961547e-05,-1.6533488035202026,0.0,0.00023104509455151856,0.002867689472688992,0.4072652321372775,0.7451982415198799,0.5465193145204339,-1.7924957275390625,0.00014501265832222998,False,,0.9512708187103271,0.2887500016018748,-6.9765157997608185,0.005458058789372444
118528,-0.024004453793168068,-0.0240359331741347,3.147915615517828e-05,-1.9245346784591675,0.0,8.579847781220451e-05,0.001066068541686595,0.5905653327951326,0.7447233290353494,0.792999641303167,-1.8094892501831055,0.00011079496471211314,False,,0.9512708187103271,0.2887500016018748,-6.9765157997608185,0.005458058789372444
118784,0.8175790905952454,0.8175434844970733,3.5611813006234975e-05,-1.903041958808899,0.0,9.191554272547364e-05,0.0011433091002065574,0.6229603700311862,0.7442487192110446,0.8370325053317761,-1.7965350151062012,0.00011014338815584779,False,,0.9512708187103271,0.2887500016018748,-6.9765157997608185,0.005458058789372444
119040,0.04290865361690521,0.042750176379396,0.00015847540190480966,-1.7737826108932495,0.0,0.0004349547962192446,0.00541608089661502,0.5852032306380605,0.743776271292435,0.7868000811872803,-1.7905356884002686,0.00011543464643182233,False,,0.9494600892066956,0.3038246348500252,-6.972563654184341,0.007056734524667263
119296,-0.1499706208705902,-0.14999007110595994,1.9447799830758186e-05,-1.942750096321106,0.0,5.590683576883748e-05,0.0006969041904627283,0.558119755825985,0.743302265025037,0.7508651353392359,-1.7885797023773193,0.00012113657430745661,False,,0.9494600892066956,0.3038246348500252,-6.972563654184341,0.007056734524667263
119552,0.5802211761474609,0.5801388555267389,8.229405939652773e-05,-1.915907621383667,0.0,0.00022474501747637987,0.002804557685995155,0.5868594524368068,0.7428285608403354,0.7900335062142921,-1.8039653301239014,0.000130920423544012,False,,0.9494600892066956,0.3038246348500252,-6.972563654184341,0.007056734524667263
119808,0.08519537001848221,0.08512102814788815,7.434364249296095e-05,-1.8458597660064697,0.0,0.00020358020265121013,0.0025431569815337848,0.5846563388165216,0.7423570144360302,0.787567608909422,-1.8126529455184937,0.00011619809083640575,False,,0.9494600892066956,0.3038246348500252,-6.972563654184341,0.007056734524667263
120064,1.2708806991577148,1.2708450600433396,3.5612275519401155e-05,-1.859673023223877,0.0,9.901079465635121e-05,0.0012381815425081062,0.5752351217780813,0.7418839126565421,0.7753707985367633,-1.793006420135498,0.00012636998144444078,False,,0.9494600892066956,0.3038246348500252,-6.972563654184341,0.007056734524667263
120320,0.010289306752383709,0.01028930719451455,0.0,0.0,0.0,0.0,0.0,0.0,0.0,0.0,-1.7720329761505127,0.00012170444097137079,False,,0.9494600892066956,0.3038246348500252,-6.972563654184341,0.007056734524667263
120576,0.2807596027851105,0.28074349441528323,1.6096982980964045e-05,-1.9720921516418457,0.0,5.465143112814985e-05,0.0006848994979225507,0.47005387008720834,0.740940465773073,0.6344016716603128,-1.7796283960342407,0.0001282033626921475,False,,0.9494600892066956,0.3038246348500252,-6.972563654184341,0.007056734524667263
120832,0.5038391947746277,0.5038131927490264,2.5990713360160934e-05,-1.946347951889038,0.0,7.297342381207272e-05,0.0009154849976580374,0.5678020596000916,0.7404682667555716,0.766814845540873,-1.7907527685165405,0.00011404590622987598,False,,0.9494600892066956,0.3038246348500252,-6.972563654184341,0.007056734524667263
121088,0.05507340654730797,0.05503153076171875,4.187568801839516e-05,-1.732836127281189,0.0,0.00018458259000908583,0.0023181186602782952,0.36129028885318487,0.739998218662246,0.488231295348681,-1.8003748655319214,0.00017692064284346998,False,,0.9438827633857727,0.30489080883562564,-6.972706800699234,0.006433937698602676
121344,0.47666996717453003,0.4766506958007813,1.9258152848890802e-05,-1.8832753896713257,0.0,5.250085814623162e-05,0.0006600404961768026,0.5835445843229652,0.7395266201358509,0.7890785381272254,-1.7986785173416138,0.00012480893929023296,False,,0.9438827633857727,0.30489080883562564,-6.972706800699234,0.006433937698602676
121600,-0.03611929342150688,-0.03616449372863572,4.519889779196811e-05,-1.819000244140625,0.0,0.0001170314135379158,0.0014728716869118186,0.6137520083197062,0.7390553221577063,0.8304547574704269,-1.7942171096801758,0.0001316215202677995,False,,0.9438827633857727,0.30489080883562564,-6.972706800699234,0.006433937698602676
121856,-0.009907187893986702,-0.009936888885498048,2.9700611795022646e-05,-1.7603238821029663,0.0,0.0001026460959110409,0.001293184305252254,0.45934074013106924,0.7385861709993934,0.6219189556575742,-1.8163484334945679,0.00010447196109453216,False,,0.9438827633857727,0.30489080883562564,-6.972706800699234,0.006433937698602676
122112,0.47982528805732727,0.479781262899781,4.403304831249374e-05,-1.952817440032959,0.0,0.0001282491721212864,0.001617442760758373,0.5444773611877046,0.7381154723665118,0.7376587831738934,-1.811864972114563,0.00024606866645626724,False,,0.9438827633857727,0.30489080883562564,-6.972706800699234,0.006433937698602676
122368,-1.8216277360916138,-1.8218829231262237,0.0002552426739636601,-1.9938902854919434,0.0,0.0006788074970245361,0.008569912422388023,0.5956716040571537,0.7376450737083814,0.8075314609809824,-1.807342529296875,0.000121926779684145,False,,0.9438827633857727,0.30489080883562564,-6.972706800699234,0.006433937698602676
122624,1.0774778127670288,1.0774370369323762,4.0723652692758994e-05,-1.959151268005371,0.0,0.00010931864380836487,0.0013815819765987934,0.5895220606889113,0.7371768177735702,0.7997023868295161,-1.785893201828003,0.00010367203503847122,False,,0.9438827633857727,0.30489080883562564,-6.972706800699234,0.006433937698602676
122880,0.7767303586006165,0.7766692982910143,6.106054791787851e-05,-1.9639936685562134,0.0,0.00017453916370868683,0.0022081512619778346,0.5530467859632655,0.736707017317046,0.7507011240063413,-1.8096776008605957,0.00012133504787925631,False,,0.9438827633857727,0.30489080883562564,-6.972706800699234,0.006433937698602676
123136,0.46293962001800537,0.4628955439697224,4.4085253877642456e-05,-1.9378141164779663,0.0,0.00011969145270995796,0.0015158339398964405,0.5816633698102088,0.736237516262868,0.7900485331998897,-1.7889841794967651,0.00013111559383105487,False,,0.9407538771629333,0.31889303494244814,-6.965328949689865,0.004651160910725594
123392,-0.5389611124992371,-0.5389826736450195,2.1562138789218943e-05,-1.964522123336792,0.0,6.333461351459846e-05,0.0008029332875418071,0.537084191769699,0.7357701538433137,0.7299619167266115,-1.7809165716171265,0.0001076578555512242,False,,0.9407538771629333,0.31889303494244814,-6.965328949689865,0.004651160910725594
123648,0.3112809360027313,0.31118487396240235,9.606281604896281e-05,-1.9590442180633545,0.0,0.0002690270484890789,0.0034141686521154914,0.5627303501216335,0.7353012498492671,0.765305852855534,-1.8133440017700195,0.00014832467422820628,False,,0.9407538771629333,0.31889303494244814,-6.965328949689865,0.004651160910725594
123904,0.2515999376773834,0.2515774363281249,2.2501933095598936e-05,-1.6695362329483032,0.0,9.59373646765016e-05,0.0012187785361357922,0.36925384601771233,0.7348344817701624,0.5024993453331243,-1.7988845109939575,0.00011693401029333472,False,,0.9407538771629333,0.31889303494244814,-6.965328949689865,0.004651160910725594
124160,0.8381044268608093,0.8380685887878412,3.5818608762751426e-05,-1.9334831237792969,0.0,9.821706044021994e-05,0.0012490297150156615,0.5735429402862893,0.7343661740769714,0.7810040284156311,-1.8177481889724731,0.00010072338045574725,False,,0.9407538771629333,0.31889303494244814,-6.965328949689865,0.004651160910725594
124416,-1.1525155305862427,-1.1525582676841732,4.269892472183504e-05,-1.9013210535049438,0.0,0.00011059283133363351,0.0014078640375603689,0.606577390751827,0.7338981648347934,0.8265143855324568,-1.8138424158096313,0.00012140096805524081,False,,0.9407538771629333,0.31889303494244814,-6.965328949689865,0.004651160910725594
124672,0.012757031247019768,0.012733215797424783,2.3815900132335037e-05,-1.7978225946426392,0.0,8.316321327583864e-05,0.0010597665968380724,0.4494555726400952,0.7334322874318532,0.6128112715270343,-1.8273446559906006,0.0001374177954858169,False,,0.9407538771629333,0.31889303494244814,-6.965328949689865,0.004651160910725594
124928,0.39268556237220764,0.39266249761962685,2.3077880116423913e-05,-2.017524480819702,0.0,6.914672849234194e-05,0.0008820570311517343,0.523274103632285,0.7329648733526831,0.7139142988377555,-1.804185390472412,0.00010954983008559793,False,,0.9407538771629333,0.31889303494244814,-6.965328949689865,0.004651160910725594
125184,0.3103979229927063,0.31037731933593754,2.0615547719992674e-05,-1.9164845943450928,0.0,5.357973714126274e-05,0.0006841806009641548,0.6026346754333876,0.7324977571550287,0.82271197358198,-1.8365226984024048,0.00010610362369334325,False,,0.9521563649177551,0.2993059381842613,-6.9551965415477754,0.00627680029720068
125440,0.45482760667800903,0.45474095751419086,8.66542376799183e-05,-1.926680326461792,0.0,0.00023093007621355355,0.0029518424514930184,0.5871196657944211,0.7320327687286852,0.8020401420199627,-1.8219573497772217,0.00012788412277586758,False,,0.9521563649177551,0.2993059381842613,-6.9551965415477754,0.00627680029720068
125696,0.6737254858016968,0.6737122617370624,1.3197755466145453e-05,-1.8782174587249756,0.0,3.748195376829244e-05,0.0004795989581647614,0.5503663109131065,0.7315662465583622,0.7523123346686552,-1.8049044609069824,0.00012142051855335012,False,,0.9521563649177551,0.2993059381842613,-6.9551965415477754,0.00627680029720068
125952,0.7558206915855408,0.7557382766723663,8.23977184156996e-05,-1.8509844541549683,0.0,0.00022178507060743868,0.002840735180468952,0.5801154502694426,0.7311000217011443,0.7934830160716088,-1.7765194177627563,0.00011285618529655039,False,,0.9521563649177551,0.2993059381842613,-6.9551965415477754,0.00627680029720068
126208,0.01790100522339344,0.01788352966308594,1.7475148118870238e-05,-1.9819532632827759,0.0,5.017683724872768e-05,0.0006433414401862033,0.5432620076148795,0.7306359205550726,0.7435468094727083,-1.823903203010559,0.00011099617404397577,False,,0.9521563649177551,0.2993059381842613,-6.9551965415477754,0.00627680029720068
126464,0.40298229455947876,0.4029436347961397,3.8654301253421066e-05,-1.9889708757400513,0.0,0.00011034873750759289,0.0014162706397759662,0.5458603767926111,0.7301702885916768,0.7475795514022417,-1.7855141162872314,0.00011449708108557388,False,,0.9521563649177551,0.2993059381842613,-6.9551965415477754,0.00627680029720068
126720,-0.03210730850696564,-0.03214050406036404,3.3195930152589645e-05,-1.6834807395935059,0.0,0.00013928738189861178,0.0017894875547538216,0.3710104612284535,0.7297067776387236,0.5084377349885875,-1.8290047645568848,0.00011605522740865126,False,,0.9521563649177551,0.2993059381842613,-6.9551965415477754,0.00627680029720068
126976,0.5862680673599243,0.5862390876998922,2.8992262020709237e-05,-1.9803029298782349,0.0,8.17019390524365e-05,0.001050722743629921,0.5518537063459761,0.7292417378151722,0.7567500291458146,-1.832245111465454,0.00012093664554413408,False,,0.9521563649177551,0.2993059381842613,-6.9551965415477754,0.00627680029720068
127232,-1.3386644124984741,-1.3387086334228517,4.4187412330952655e-05,-1.8255300521850586,0.0,0.00012117223377572373,0.0015599003657688069,0.5665414702197933,0.728776994360031,0.7773866005708601,-1.7932829856872559,0.000107526320789475,False,,0.9519897103309631,0.30288798697292807,-6.949570941925049,0.006468213628977537
127488,-0.1387052834033966,-0.13874073075714113,3.544521407945605e-05,-1.897387146949768,0.0,0.00012318059452809393,0.0015873453507517928,0.4465973842764413,0.7283143678680687,0.6131931539174862,-1.7870831489562988,0.00012676465848926455,False,,0.9519897103309631,0.30288798697292807,-6.949570941925049,0.006468213628977537
127744,0.164541095495224,0.16451043548584277,3.065641739515276e-05,-1.9354453086853027,0.0,8.387839625356719e-05,0.0010819706178950349,0.5666774473930646,0.7278502154228643,0.778563274950517,-1.8203322887420654,0.00011857848585350439,False,,0.9519897103309631,0.30288798697292807,-6.949570941925049,0.006468213628977537
128000,0.1629985123872757,0.16294533475189238,5.317027430471516e-05,-1.7793858051300049,0.0,0.00013650348410010338,0.0017625621154266516,0.6033293673947437,0.7273863587805465,0.829448284411351,-1.808144211769104,0.00016467287787236273,False,,0.9519897103309631,0.30288798697292807,-6.949570941925049,0.006468213628977537
128256,0.25170719623565674,0.2516821746826172,2.502085659421779e-05,-2.007079839706421,0.0,6.687954737572e-05,0.0008644239527346555,0.5789024358953232,0.726924615061867,0.7963720362476019,-1.8163925409317017,0.00011210892989765853,False,,0.9519897103309631,0.30288798697292807,-6.949570941925049,0.006468213628977537
128512,-0.25463417172431946,-0.2546460060119658,1.1841757652616051e-05,-1.966557502746582,0.0,3.3295847970293835e-05,0.0004307816127221715,0.5497800882347911,0.7264613483017345,0.7567919332804487,-1.82784104347229,0.00013167411088943481,False,,0.9519897103309631,0.30288798697292807,-6.949570941925049,0.006468213628977537
128768,-0.006697006989270449,-0.006715176391598653,1.81691772478874e-05,-1.9745765924453735,0.0,4.87344732391648e-05,0.0006311551066794619,0.575743650193257,0.7259983767800442,0.7930371039489117,-1.830026388168335,0.0001204467480420135,False,,0.9519897103309631,0.30288798697292807,-6.949570941925049,0.006468213628977537
129024,0.5146031379699707,0.514543002319333,6.010734409675737e-05,-1.9964818954467773,0.0,0.0001737684360705316,0.0022526872999425727,0.5336501350923377,0.7255375141501598,0.7355238353421538,-1.81817626953125,0.00011050742614315823,False,,0.9519897103309631,0.30288798697292807,-6.949570941925049,0.006468213628977537
129280,0.14715705811977386,0.14713260410308723,2.4451241791089677e-05,-1.7978291511535645,0.0,6.979265890549868e-05,0.0009056716935514741,0.5399581761290849,0.7250751313850551,0.7446927259767474,-1.8333139419555664,0.00012415122182574123,False,,0.9570404291152954,0.2696145623922348,-6.9387600004673,0.004777819849550724
129536,0.1756836622953415,0.17566953144073488,1.4125107086196726e-05,-1.550141453742981,0.0,6.444108294090256e-05,0.0008370518736921532,0.3374965764999073,0.7246148548298981,0.4657599471641165,-1.7850760221481323,0.0001238160184584558,False,,0.9570404291152954,0.2696145623922348,-6.9387600004673,0.004777819849550724
129792,0.24254584312438965,0.24252803649902344,1.7809666117990534e-05,-1.9634038209915161,0.0,5.6023091019596905e-05,0.0007284268412521696,0.48898983698556814,0.7241530600726626,0.6752575718405474,-1.8497408628463745,0.00011683070624712855,False,,0.9570404291152954,0.2696145623922348,-6.9387600004673,0.004777819849550724
130048,-1.4836829900741577,-1.483741502380371,5.855706853133802e-05,-1.8800406455993652,0.0,0.00016322762530762702,0.002124423122107277,0.5512750065839386,0.7236915596157666,0.7617540915865177,-1.8207072019577026,9.953795961337164e-05,False,,0.9570404291152954,0.2696145623922348,-6.9387600004673,0.004777819849550724
130304,-0.23841872811317444,-0.2384640466613768,4.5316721024706816e-05,-1.71351957321167,0.0,0.0001832338748499751,0.002387146580488251,0.3796727138174987,0.7232321613497967,0.5249665793469424,-1.821518063545227,0.0001050541250151582,False,,0.9570404291152954,0.2696145623922348,-6.9387600004673,0.004777819849550724
130560,-0.02545228786766529,-0.025487396240237287,3.5109217733253924e-05,-1.988703966140747,0.0,9.388825128553435e-05,0.0012243663199396342,0.5735083881592715,0.7227712477787468,0.7934853384411782,-1.828925609588623,0.00010071625001728535,False,,0.9570404291152954,0.2696145623922348,-6.9387600004673,0.004777819849550724
130816,0.8224174380302429,0.8223834486175562,3.400175980986185e-05,-1.829227089881897,0.0,8.63622990436852e-05,0.0011273279764223037,0.603227463896888,0.7223106279464594,0.835135799693095,-1.796458125114441,0.00011712658306350932,False,,0.9570404291152954,0.2696145623922348,-6.9387600004673,0.004777819849550724
131072,0.03943582996726036,0.039293661126709775,0.0001421699053044775,-1.6997748613357544,0.0,0.0003880152653437108,0.005069888022730189,0.5608404156741807,0.7218521062937454,0.776946428200843,-1.8346563577651978,0.00011726473167072982,False,,0.9570404291152954,0.2696145623922348,-6.9387600004673,0.004777819849550724
131328,-0.15291200578212738,-0.15292827301025683,1.6272974433712816e-05,-1.937660574913025,0.0,4.662875653593801e-05,0.0006098565510244764,0.5336656433837244,0.7213920722274219,0.7397719824338242,-1.8038443326950073,0.00013261486310511827,False,,0.960496723651886,0.2749509932473302,-6.935584127902985,0.004684404470026493
131584,0.6583642363548279,0.6582757918167161,8.842213389951766e-05,-2.0193049907684326,0.0,0.00023529182362835854,0.003080379121143722,0.5740990340610227,0.7209323313393551,0.7963285999317798,-1.8270477056503296,0.00011957090464420617,False,,0.960496723651886,0.2749509932473302,-6.935584127902985,0.004684404470026493
131840,0.1065431609749794,0.10648310699462891,6.005762824209695e-05,-1.9334914684295654,0.0,0.00015751652244944125,0.0020641651752529213,0.581907193882758,0.7204746846271636,0.8076719505889198,-1.8283874988555908,0.00011567466572159901,False,,0.960496723651886,0.2749509932473302,-6.935584127902985,0.004684404470026493
132096,1.3670309782028198,1.366973747418978,5.718631539835893e-05,-1.8145880699157715,0.0,0.00015533549594692886,0.0020375621965974936,0.5613209304123705,0.7200155283873155,0.7795955896529235,-1.823710560798645,0.00010894111619563773,False,,0.960496723651886,0.2749509932473302,-6.935584127902985,0.004684404470026493
132352,4.091704249731265e-05,4.09170410130173e-05,0.0,0.0,0.0,0.0,0.0,0.0,0.0,0.0,-1.824277400970459,0.0001737098937155679,False,,0.960496723651886,0.2749509932473302,-6.935584127902985,0.004684404470026493
132608,0.2400575876235962,0.24003452581787132,2.3060021059278486e-05,-1.8632278442382812,0.0,7.651253690710291e-05,0.0010055700729572192,0.4586457310023694,0.7190998913250777,0.6378053126349773,-1.8325128555297852,0.00011099303810624406,False,,0.960496723651886,0.2749509932473302,-6.935584127902985,0.004684404470026493
132864,0.5210524201393127,0.5210134357948322,3.8993497055673115e-05,-1.9594782590866089,0.0,0.00010683316213544458,0.0014054170388223192,0.5549028648229288,0.7186416112366568,0.7721552108122961,-1.8001251220703125,0.00011317067401250824,False,,0.960496723651886,0.2749509932473302,-6.935584127902985,0.004684404470026493
133120,0.033431075513362885,0.0334104679245007,2.0605833618534296e-05,-1.6186610460281372,0.0,9.764738933881745e-05,0.0012858097443762494,0.32051139305263626,0.7181854186699905,0.4462794491792832,-1.7944918870925903,0.00011759548215195537,False,,0.960496723651886,0.2749509932473302,-6.935584127902985,0.004684404470026493
133376,0.4997096359729767,0.4996930026664748,1.6633331756486935e-05,-1.9124462604522705,0.0,4.4497828639578074e-05,0.0005865062950254809,0.5672004511311952,0.7177277213721031,0.790272458818868,-1.8401553630828857,9.729368321131915e-05,False,,0.9622483849525452,0.26762281991541387,-6.938721984624863,0.0066231959499418736
133632,-0.03830935060977936,-0.03834694061279297,3.7590873916225326e-05,-1.9727709293365479,0.0,9.537131700199097e-05,0.0012582548674362844,0.597508102516899,0.7172703157632572,0.8330305735308207,-1.8319611549377441,0.00010044797090813518,False,,0.9622483849525452,0.26762281991541387,-6.938721984624863,0.0066231959499418736
133888,-0.008046199567615986,-0.008073831939697266,2.763232786426947e-05,-1.9713126420974731,0.0,8.865997369866818e-05,0.0011708276983259378,0.47201356619387247,0.7168149936928047,0.6584872949744083,-1.8223744630813599,0.0001122371104429476,False,,0.9622483849525452,0.26762281991541387,-6.938721984624863,0.0066231959499418736
134144,0.4616614282131195,0.4616468719482451,1.4552543406876597e-05,-1.9978563785552979,0.0,4.1614090150687844e-05,0.0005500740810948912,0.5291121289667233,0.7163581697624246,0.7386139382513077,-1.8420075178146362,0.00011169603385496885,False,,0.9622483849525452,0.26762281991541387,-6.938721984624863,0.0066231959499418736
134400,-1.9108376502990723,-1.9110326179504424,0.0001950049931227081,-1.9483941793441772,0.0,0.0005097851390019059,0.006745009165264947,0.5782200982822481,0.7159016369644918,0.8076809276955562,-1.8052606582641602,0.00011075463407905772,False,,0.9622483849525452,0.26762281991541387,-6.938721984624863,0.0066231959499418736
134656,1.0525156259536743,1.052492545732882,2.3072854071470412e-05,-1.8997817039489746,0.0,6.050093361409381e-05,0.0008012529349804739,0.5759193648890081,0.7154471837291922,0.8049781702781884,-1.8419147729873657,9.605420927982777e-05,False,,0.9622483849525452,0.26762281991541387,-6.938721984624863,0.0066231959499418736
134912,0.7904042601585388,0.7903518855743401,5.2372751117489305e-05,-1.7962538003921509,0.0,0.00014714575081598014,0.0019506003756356953,0.5369910902474954,0.7149912314997798,0.7510457004082304,-1.8448235988616943,0.00010074697638629004,False,,0.9622483849525452,0.26762281991541387,-6.938721984624863,0.0066231959499418736
135168,0.46815845370292664,0.4681308471679659,2.7605950756706255e-05,-2.003572702407837,0.0,7.387340883724391e-05,0.0009802141209377926,0.5632636822308789,0.7145355698472824,0.7882934118328989,-1.835647702217102,0.0001061166767613031,False,,0.9622483849525452,0.26762281991541387,-6.938721984624863,0.0066231959499418736
135424,-0.5036126971244812,-0.5036334621788032,2.0780170330218586e-05,-1.9626554250717163,0.0,5.953148502158001e-05,0.0007906592844158352,0.5256415940419052,0.7140819837892443,0.7361081864194522,-1.8287314176559448,0.00011096331581939012,False,,0.9605628252029419,0.2701658129692078,-6.933669114112854,0.0058707306161522865
135680,0.3299150764942169,0.32986236114501954,5.270677023262723e-05,-1.9324640035629272,0.0,0.00014553440269082785,0.0019347239481209368,0.5448505486668282,0.7136269015974396,0.7634949683751988,-1.8243951797485352,9.179461630992591e-05,False,,0.9605628252029419,0.2701658129692078,-6.933669114112854,0.0058707306161522865
135936,0.3123967945575714,0.31238102991180494,1.575143193370944e-05,-1.7649543285369873,0.0,6.130643305368721e-05,0.0008157699204566829,0.3861733937160002,0.7131738923605799,0.5414856009910572,-1.840025544166565,0.00010560364171396941,False,,0.9605628252029419,0.2701658129692078,-6.933669114112854,0.0058707306161522865
136192,0.8930453062057495,0.893011946105957,3.338116444932669e-05,-1.9167126417160034,0.0,8.944647561293095e-05,0.0011913352942937551,0.5603991522657883,0.7127193888925732,0.7862830182528627,-1.838476538658142,0.00010308689525118098,False,,0.9605628252029419,0.2701658129692078,-6.933669114112854,0.0058707306161522865
136448,-1.2119349241256714,-1.2119636383056642,2.873642367216336e-05,-1.965442419052124,0.0,7.333781832130626e-05,0.000977703406289918,0.5878351959764402,0.7122651750781905,0.8253038566877978,-1.8449026346206665,0.00010650448530213907,False,,0.9605628252029419,0.2701658129692078,-6.933669114112854,0.0058707306161522865
136704,0.01596856489777565,0.015954947468565663,1.3617256693472512e-05,-1.8626160621643066,0.0,4.6068271331023425e-05,0.0006147337554459236,0.44302941144315877,0.7118130302631877,0.6223957592899808,-1.8253206014633179,0.00011744461517082527,False,,0.9605628252029419,0.2701658129692078,-6.933669114112854,0.0058707306161522865
136960,0.407662957906723,0.4076459379737848,1.7010553567670318e-05,-1.959812045097351,0.0,4.911385985906236e-05,0.0006559882365203312,0.5186237380689098,0.7113593940682954,0.729060081856624,-1.8197052478790283,9.333815251011401e-05,False,,0.9605628252029419,0.2701658129692078,-6.933669114112854,0.0058707306161522865
137216,0.30454230308532715,0.3045046360694891,3.7672466645463286e-05,-1.9146950244903564,0.0,9.625458915252239e-05,0.001286825054222821,0.5855103072766267,0.7109060469743167,0.8236113756080904,-1.8355036973953247,0.00011625193292275071,False,,0.9605628252029419,0.2701658129692078,-6.933669114112854,0.0058707306161522865
137472,0.4691084027290344,0.46905729165725935,5.109619666195285e-05,-1.8873605728149414,0.0,0.00013417632726486772,0.0017954681106214121,0.5691685233470222,0.7104547649317006,0.8011326708488458,-1.8497226238250732,0.00012937617429997772,False,,0.9631552696228027,0.29132563080638646,-6.932956349849701,0.005398663692176342
137728,0.7033712863922119,0.7033612320709217,1.0032625523927794e-05,-1.9522768259048462,0.0,2.800985203066375e-05,0.0003751605633472365,0.5348443575420223,0.710001994355012,0.753299796049012,-1.8463088274002075,0.00011695008288370445,False,,0.9631552696228027,0.29132563080638646,-6.932956349849701,0.005398663692176342
137984,0.7841154336929321,0.7840225143432646,9.290936953958668e-05,-1.9774210453033447,0.0,0.00024538341676816344,0.003289693146849879,0.5648512818197294,0.7095495123275811,0.796070284040942,-1.834703803062439,0.00011418803478591144,False,,0.9631552696228027,0.29132563080638646,-6.932956349849701,0.005398663692176342
138240,0.017092013731598854,0.017079299926757812,1.2712932728392004e-05,-1.9576561450958252,0.0,3.863753954647109e-05,0.0005184670139430415,0.49040468868820414,0.7090990914110292,0.6915883754869192,-1.8093945980072021,9.767679148353636e-05,False,,0.9631552696228027,0.29132563080638646,-6.932956349849701,0.005398663692176342
138496,0.39883461594581604,0.3987899744796741,4.464465665959578e-05,-1.8916763067245483,0.0,0.00012461170263122767,0.0016736815216033196,0.5334904649819877,0.7086471848007915,0.7528294423859988,-1.8406145572662354,0.00012461723235901445,False,,0.9631552696228027,0.29132563080638646,-6.932956349849701,0.005398663692176342
138752,-0.02319078892469406,-0.02321483435058617,2.404475160331588e-05,-1.574597954750061,0.0,0.00010671198106138036,0.001434587950708092,0.3352147435986442,0.7081973366803371,0.4733352220300031,-1.8144230842590332,0.00011664979683700949,False,,0.9631552696228027,0.29132563080638646,-6.932956349849701,0.005398663692176342
139008,0.5495525598526001,0.5495298967079143,2.2635415854700118e-05,-1.91655433177948,0.0,6.31947914371267e-05,0.0008503468779320046,0.5323807599493553,0.7077460047555397,0.7522200851324384,-1.8325899839401245,0.00011718870518961921,False,,0.9631552696228027,0.29132563080638646,-6.932956349849701,0.005398663692176342
139264,-1.3761534690856934,-1.376202003479004,4.849563511017348e-05,-1.800260305404663,0.0,0.00013102637603878975,0.0017647113052565054,0.5496155089585547,0.7072949604631519,0.7770669093961233,-1.8676960468292236,9.53132112044841e-05,False,,0.9631552696228027,0.29132563080638646,-6.932956349849701,0.005398663692176342
139520,-0.1689196228981018,-0.16894273818206712,2.3114788677163557e-05,-1.7864468097686768,0.0,7.618275412824005e-05,0.0010269975521295302,0.4501430140555622,0.7068459707325843,0.6368332461300277,-1.7808001041412354,0.00012606447853613645,False,,0.9651686549186707,0.25296026803553107,-6.93044827580452,0.006961289793252945
139776,0.1756984293460846,0.1756714505691547,2.6976848498369395e-05,-2.000684976577759,0.0,7.194947829702869e-05,0.0009708206925311695,0.5557534713858248,0.7063955000290352,0.7867454865765445,-1.8567463159561157,0.0001048398989951238,False,,0.9651686549186707,0.25296026803553107,-6.93044827580452,0.006961289793252945
140032,0.2044457495212555,0.20441258239746093,3.316026025740584e-05,-1.9595199823379517,0.0,8.378071652259678e-05,0.0011314968538245346,0.5861308433217812,0.7059453164090419,0.8302779687005711,-1.8730745315551758,9.971624240279198e-05,False,,0.9651686549186707,0.25296026803553107,-6.93044827580452,0.006961289793252945
140288,0.2562004327774048,0.2561661674499512,3.4260257034255026e-05,-1.968891978263855,0.0,8.954092481872067e-05,0.0012103932049090155,0.5661012784160557,0.7054971834304011,0.8024146541074078,-1.8300678730010986,0.000103617028798908,False,,0.9651686549186707,0.25296026803553107,-6.93044827580452,0.006961289793252945
140544,-0.22651569545269012,-0.22652631113434038,1.0610678532274863e-05,-1.8578426837921143,0.0,2.9478565920726396e-05,0.00039884826619584926,0.5320659223858643,0.7050475723047376,0.7546525132291262,-1.850219964981079,0.00010781153832795098,False,,0.9651686549186707,0.25296026803553107,-6.93044827580452,0.006961289793252945
140800,-0.006814353633671999,-0.006835018920895527,2.0665429523409966e-05,-1.994948387145996,0.0,5.437221989268437e-05,0.0007363328113270357,0.5613067679590771,0.7045982477148238,0.7966337835490305,-1.8386731147766113,0.00010656126687536016,False,,0.9651686549186707,0.25296026803553107,-6.93044827580452,0.006961289793252945
141056,0.46188074350357056,0.46183510894775104,4.5633550945158055e-05,-1.982043743133545,0.0,0.00013325187319424003,0.0018061918432536147,0.5053012626051424,0.7041509698532754,0.7176035882055698,-1.798188328742981,0.0001272897789021954,False,,0.9651686549186707,0.25296026803553107,-6.93044827580452,0.006961289793252945
141312,0.18535128235816956,0.18533611394347974,1.5168363353595345e-05,-1.9423667192459106,0.0,4.271200668881647e-05,0.0005794751653316961,0.5235207394923596,0.7037022166652706,0.7439520966314963,-1.8447493314743042,0.00010834116255864501,False,,0.9651686549186707,0.25296026803553107,-6.93044827580452,0.006961289793252945
141568,0.27276888489723206,0.2727490543075575,1.981765925052914e-05,-1.7701400518417358,0.0,7.513256423408166e-05,0.0010202464792078171,0.38848767732904704,0.7032555076028258,0.5524132738800409,-1.8393995761871338,0.00010017806926043704,False,,0.956716001033783,0.25747936200350524,-6.937055438756943,0.009801562875509262
141824,0.2515832185745239,0.2515656903694151,1.7536865104099952e-05,-1.9724094867706299,0.0,5.4485957662109286e-05,0.0007405499490295472,0.4736173468671793,0.7028073250900836,0.6738935835742358,-1.813481330871582,0.00012451694055926055,False,,0.956716001033783,0.25747936200350524,-6.937055438756943,0.009801562875509262
142080,-1.4289990663528442,-1.429028990884399,2.9968009842751033e-05,-1.9829009771347046,0.0,8.295812585856766e-05,0.0011285501553619692,0.5310886662921799,0.7023594282026405,0.7561494086457302,-1.8247102499008179,0.00013332966773305088,False,,0.956716001033783,0.25747936200350524,-6.937055438756943,0.009801562875509262
142336,-0.2527135908603668,-0.25275637866821343,4.279198326925951e-05,-1.441566824913025,0.0,0.0001666978932917118,0.0022697706070412774,0.37705998250669304,0.701913571540204,0.5371886195038414,-1.8204654455184937,0.00010714858944993466,False,,0.956716001033783,0.25747936200350524,-6.937055438756943,0.009801562875509262
142592,-0.023058969527482986,-0.023089991760256817,3.1023022568243685e-05,-1.9965671300888062,0.0,8.275426807813346e-05,0.001127802398579614,0.5501499661166699,0.701466244239074,0.7842857309740588,-1.8017655611038208,9.491843957221135e-05,False,,0.956716001033783,0.25747936200350524,-6.937055438756943,0.009801562875509262
142848,0.8471013307571411,0.8470549392700225,4.636489004576602e-05,-2.0132105350494385,0.0,0.00011607618216658011,0.0015833458269325345,0.5856571477576717,0.7010192020182195,0.8354366700249825,-1.8421006202697754,9.851509821601212e-05,False,,0.956716001033783,0.25747936200350524,-6.937055438756943,0.009801562875509262
143104,0.05078298598527908,0.05063400268554688,0.00014898444607378211,-1.936164379119873,0.0,0.00038662381120957434,0.005278482586450909,0.5644972532682151,0.7005741961292609,0.8057636955330587,-1.863196611404419,0.00011614410323090851,False,,0.956716001033783,0.25747936200350524,-6.937055438756943,0.009801562875509262
143360,-0.15074841678142548,-0.15075968249893631,1.1267195747776221e-05,-2.018158197402954,0.0,3.1352159567177296e-05,0.0004284267871135873,0.5259799847570684,0.7001277224078479,0.7512629023575036,-1.8509401082992554,0.00010650092008290812,False,,0.956716001033783,0.25747936200350524,-6.937055438756943,0.009801562875509262
143616,0.6312961578369141,0.6312262664794951,6.98667481928568e-05,-2.0058510303497314,0.0,0.00018406131130177528,0.0025174429294836393,0.5550612279992173,0.6996815332227269,0.7933055277914943,-1.7822978496551514,9.193738515023142e-05,False,,0.9638190269470215,0.24911204520612956,-6.928401297330856,0.005697280168533325
143872,0.10371960699558258,0.10364960446014303,7.000483214628179e-05,-1.8661562204360962,0.0,0.00018126035865861923,0.002481336785754952,0.5642509517303003,0.6992373764838197,0.8069519317855816,-1.855007529258728,8.402344974456355e-05,False,,0.9638190269470215,0.24911204520612956,-6.928401297330856,0.005697280168533325
144128,1.4009156227111816,1.4008759826408408,3.965470918605412e-05,-1.9710719585418701,0.0,0.00010612820187816396,0.0014541200837340548,0.545411752848145,0.6987917547133425,0.7805068522479679,-1.870444416999817,0.0001045755561790429,False,,0.9638190269470215,0.24911204520612956,-6.928401297330856,0.005697280168533325
144384,0.006613797973841429,0.0066137977600068554,0.0,0.0,0.0,0.0,0.0,0.0,0.0,0.0,-1.7986012697219849,0.00011009208537871018,False,,0.9638190269470215,0.24911204520612956,-6.928401297330856,0.005697280168533325
144640,0.2890135943889618,0.28898918694228926,2.4406700876432673e-05,-1.9918527603149414,0.0,7.984160765772685e-05,0.0010958934884704096,0.44542104015050327,0.6979031077270271,0.6382276210248975,-1.8449103832244873,0.00010811426909640431,False,,0.9638190269470215,0.24911204520612956,-6.928401297330856,0.005697280168533325
144896,0.5011930465698242,0.5011669250488311,2.6136912392743905e-05,-1.9251351356506348,0.0,7.035958697088063e-05,0.0009666002234277699,0.5408008762931351,0.6974583362818124,0.7753880743273833,-1.8574978113174438,9.674444299889728e-05,False,,0.9638190269470215,0.24911204520612956,-6.928401297330856,0.005697280168533325
145152,0.054356735199689865,0.054330120415877904,2.6615013862742353e-05,-1.8181490898132324,0.0,0.0001069212521542795,0.0014701782667136684,0.3620651245543937,0.6970155908248332,0.5194505392998938,-1.7863911390304565,9.268565190723166e-05,False,,0.9638190269470215,0.24911204520612956,-6.928401297330856,0.005697280168533325
145408,0.47899025678634644,0.47896041580505266,2.9846655660275237e-05,-1.905601143836975,0.0,7.871563866501674e-05,0.0010833035537933476,0.551030328586346,0.6965713849913359,0.7910608165352643,-1.8515229225158691,0.0001351397659163922,False,,0.9638190269470215,0.24911204520612956,-6.928401297330856,0.005697280168533325
145664,-0.03539460897445679,-0.03543002243041992,3.541176484622058e-05,-1.989035725593567,0.0,8.901329420041293e-05,0.0012261017855352912,0.5776317311333254,0.6961274622488125,0.8297786863160214,-1.8526809215545654,0.00010300706344423816,False,,0.9628052711486816,0.23731192741543056,-6.902927935123444,0.007049760781228542
145920,-0.013459806330502033,-0.013484674842834648,2.4868863093950788e-05,-1.7638174295425415,0.0,7.931375876069069e-05,0.0010934540094208218,0.4548680215114538,0.6956855616285802,0.653841399908632,-1.8493030071258545,0.00010037038737209514,False,,0.9628052711486816,0.23731192741543056,-6.902927935123444,0.007049760781228542
146176,0.4379372000694275,0.4379248329162627,1.2362992810453067e-05,-1.9962271451950073,0.0,3.487884168862365e-05,0.0004812771135381155,0.5137577691806847,0.6952422034184867,0.7389622877531772,-1.856431245803833,0.0001082161907106638,False,,0.9628052711486816,0.23731192741543056,-6.902927935123444,0.007049760781228542
146432,-1.981696605682373,-1.9819361892700225,0.00023959811171941737,-2.0141098499298096,0.0,0.0006179412011988461,0.008534160524146465,0.5615036441873831,0.6947991277591795,0.8081524886168291,-1.8365298509597778,0.00010879737237701192,False,,0.9628052711486816,0.23731192741543056,-6.902927935123444,0.007049760781228542
146688,0.965857744216919,0.9658351963546767,2.255048297415888e-05,-1.849110722541809,0.0,5.957266330369748e-05,0.0008234533790674528,0.547705153622587,0.694358070363596,0.7887935303117956,-1.832177996635437,0.00010634416685206816,False,,0.9628052711486816,0.23731192741543056,-6.902927935123444,0.007049760781228542
146944,0.8016363978385925,0.8015950927734375,4.1292149318180654e-05,-1.915090799331665,0.0,0.00011446924327174202,0.0015836528412635537,0.521479812270406,0.6939155581594909,0.7515032717432574,-1.816724419593811,9.356578812003136e-05,False,,0.9628052711486816,0.23731192741543056,-6.902927935123444,0.007049760781228542
147200,0.465779185295105,0.46575856246947955,2.0621757268773107e-05,-2.0261588096618652,0.0,5.475095531437546e-05,0.0007581259897809192,0.5440192671598639,0.6934733279670152,0.7844847742806628,-1.8381706476211548,9.71807457972318e-05,False,,0.9628052711486816,0.23731192741543056,-6.902927935123444,0.007049760781228542
147456,-0.5417807698249817,-0.5418010055541993,2.0221110026754833e-05,-1.9789648056030273,0.0,5.7369572459720075e-05,0.0007950742164955874,0.508659685026198,0.6930331121870584,0.7339615901193828,-1.8720728158950806,0.00012676743790507317,False,,0.9628052711486816,0.23731192741543056,-6.902927935123444,0.007049760781228542
147712,0.3151155412197113,0.315042537689209,7.299454985312122e-05,-1.959616780281067,0.0,0.0001998216175707057,0.0027716968371484445,0.5267138084857714,0.6925914443746125,0.7604971340086027,-1.856567621231079,9.850484639173374e-05,False,,0.9644444584846497,0.23264556042850018,-6.890785753726959,0.008248504251241684
147968,0.29093384742736816,0.2908818373107904,5.199565135630793e-05,-1.7250018119812012,0.0,0.0001966408162843436,0.0027299330342019992,0.38092986681270036,0.6921517884129758,0.5503559669854045,-1.8254945278167725,0.00021307123824954033,False,,0.9644444584846497,0.23264556042850018,-6.890785753726959,0.008248504251241684
148224,0.8250434994697571,0.8250120223114035,3.14976705545461e-05,-1.8882328271865845,0.0,8.366908878087997e-05,0.001162570398237404,0.5418625934790761,0.691710682265386,0.7833659467343338,-1.8431286811828613,8.805719699012116e-05,False,,0.9644444584846497,0.23264556042850018,-6.890785753726959,0.008248504251241684
148480,-1.22623610496521,-1.226262085723877,2.60063775175189e-05,-2.0248820781707764,0.0,6.564692012034357e-05,0.0009129433370747181,0.5697259941859996,0.6912698572333503,0.8241730609608781,-1.8678090572357178,0.00011560630082385615,False,,0.9644444584846497,0.23264556042850018,-6.890785753726959,0.008248504251241684
148736,0.005456835031509399,0.005438288656616351,1.8546426867448376e-05,-1.8879376649856567,0.0,6.163420039229095e-05,0.0008578756972382998,0.4323802836973611,0.6908310402131562,0.6258842734743795,-1.8543490171432495,0.00010193651542067528,False,,0.9644444584846497,0.23264556042850018,-6.890785753726959,0.008248504251241684
148992,0.39786890149116516,0.3978478210449219,2.1069417843914607e-05,-1.963173270225525,0.0,6.010918878018856e-05,0.0008373700475350619,0.5032283613663026,0.6903907757742208,0.728903657210614,-1.8666918277740479,0.00010485407256055623,False,,0.9644444584846497,0.23264556042850018,-6.890785753726959,0.008248504251241684
149248,0.29063355922698975,0.29060617065200933,2.7395358367013285e-05,-1.899872064590454,0.0,6.935089913895354e-05,0.0009669454292194873,0.5666371139295142,0.689950791914421,0.8212717784659024,-1.8648666143417358,0.00010328848293283954,False,,0.9644444584846497,0.23264556042850018,-6.890785753726959,0.008248504251241684
149504,0.47445443272590637,0.4744215705871582,3.286707362293003e-05,-2.036621332168579,0.0,8.517512469552457e-05,0.0011885948915198008,0.553040802336016,0.6895128122348206,0.8020747294651754,-1.8478549718856812,0.00011302236089250073,False,,0.9644444584846497,0.23264556042850018,-6.890785753726959,0.008248504251241684
149760,0.763637125492096,0.7636199605392467,1.717339304465641e-05,-2.0029566287994385,0.0,4.7839133912930265e-05,0.0006681537755576173,0.514055107458582,0.6890733878984103,0.7460092299114718,-1.8395020961761475,0.00011925469880225137,False,,0.9639348387718201,0.2206164663657546,-6.887291431427002,0.007351265288889408
150016,0.7822087407112122,0.7821518705383322,5.68834875605698e-05,-1.9069195985794067,0.0,0.00015120601165108383,0.002113652447599549,0.538248259548742,0.6886342436057409,0.7816170406084273,-1.866977334022522,9.228126873495057e-05,False,,0.9639348387718201,0.2206164663657546,-6.887291431427002,0.007351265288889408
150272,0.01877313107252121,0.01876183319091797,1.1297668898628134e-05,-2.048495054244995,0.0,3.16333316732198e-05,0.0004425667345940728,0.5105521050510262,0.6881970996689402,0.7418690158627946,-1.8625116348266602,0.00010518573981244117,False,,0.9639348387718201,0.2206164663657546,-6.887291431427002,0.007351265288889408
150528,0.4057076871395111,0.40567321648559596,3.448502502989632e-05,-1.888533115386963,0.0,9.618287003831938e-05,0.001346795637191382,0.5121047927035413,0.6877585138319904,0.7445997140046181,-1.8527657985687256,9.386035526404157e-05,False,,0.9639348387718201,0.2206164663657546,-6.887291431427002,0.007351265288889408
150784,0.002071161288768053,0.002055043392944208,1.611778637217494e-05,-1.5582259893417358,0.0,7.792170072207227e-05,0.0010920196433339493,0.29519224256748966,0.6873219258070753,0.42948177772863205,-1.8218523263931274,9.433474042452872e-05,False,,0.9639348387718201,0.2206164663657546,-6.887291431427002,0.007351265288889408
151040,0.5826447606086731,0.5826271476745606,1.759540310959571e-05,-1.9977425336837769,0.0,4.818816523766145e-05,0.0006758982162073246,0.5206524499599657,0.6868838977156622,0.7579919280266656,-1.8706914186477661,9.898431017063558e-05,False,,0.9639348387718201,0.2206164663657546,-6.887291431427002,0.007351265288889408
151296,-1.3865299224853516,-1.3865757064819337,4.581030579010537e-05,-1.971946358680725,0.0,0.0001224943553097546,0.0017195913110771353,0.5328045739125099,0.6864461487781676,0.7761782550034984,-1.8608168363571167,9.726466669235379e-05,False,,0.9639348387718201,0.2206164663657546,-6.887291431427002,0.007351265288889408
151552,-0.19034786522388458,-0.19038270012817377,3.4830776326341425e-05,-1.9144909381866455,0.0,0.0001148847077274695,0.001614126551393692,0.4315742938032627,0.6860103938405284,0.6291075145190693,-1.8699356317520142,0.00010257393296342343,False,,0.9639348387718201,0.2206164663657546,-6.887291431427002,0.007351265288889408
151808,0.17136147618293762,0.17134134938354836,2.012699982465824e-05,-1.8291151523590088,0.0,5.311840868671425e-05,0.0007469429412193403,0.5389166618751922,0.6855732015842932,0.7860818664291545,-1.8311842679977417,0.00013843158376403153,False,,0.96454918384552,0.23408643156290054,-6.885358309745788,0.00586604094132781
152064,0.21942175924777985,0.21938786315917969,3.3888872530033066e-05,-1.931058406829834,0.0,8.601446461398154e-05,0.0012105430995163905,0.5598953485187202,0.6851362879493015,0.8172028811881458,-1.8460332155227661,9.968740050680935e-05,False,,0.96454918384552,0.23408643156290054,-6.885358309745788,0.00586604094132781
152320,0.26081928610801697,0.2607948051452637,2.4472531251455474e-05,-2.052361488342285,0.0,6.288708391366526e-05,0.0008857977377201032,0.552553482794926,0.6847013645092602,0.8069992429341113,-1.8063873052597046,0.00011668173829093575,False,,0.96454918384552,0.23408643156290054,-6.885358309745788,0.00586604094132781
152576,-0.25275033712387085,-0.25276238250732713,1.2042345545881956e-05,-2.017258882522583,0.0,3.304091660538688e-05,0.00046579021555782934,0.5170716405650586,0.6842650064932814,0.7556599207300477,-1.8461754322052002,9.394607332069427e-05,False,,0.96454918384552,0.23408643156290054,-6.885358309745788,0.00586604094132781
152832,-0.007116669323295355,-0.0071426147460908395,2.5945518108814986e-05,-2.046165943145752,0.0,6.74496841384098e-05,0.0009516620393445111,0.545267480179956,0.6838289265668872,0.797374107757376,-1.8600680828094482,0.00010885097435675561,False,,0.96454918384552,0.23408643156290054,-6.885358309745788,0.00586604094132781
153088,0.5285497307777405,0.5285042009857134,4.550468139131425e-05,-1.9747035503387451,0.0,0.00012833271466661245,0.0018121857944664013,0.5022076823498456,0.6833948330377991,0.7348719335752837,-1.8525311946868896,0.00010571511666057631,False,,0.96454918384552,0.23408643156290054,-6.885358309745788,0.00586604094132781
153344,0.12779712677001953,0.12777236938476272,2.4757430607906883e-05,-2.0500571727752686,0.0,6.801898416597396e-05,0.0009612997210836679,0.5150824465026987,0.6829593076701985,0.7541920004865537,-1.8573168516159058,9.146387310465798e-05,False,,0.96454918384552,0.23408643156290054,-6.885358309745788,0.00586604094132781
153600,0.13262392580509186,0.13259776134185813,2.6167561942164603e-05,-1.6223763227462769,0.0,0.00012666995462495834,0.0017916929930174368,0.29209872499523626,0.682525766173821,0.42796732295209283,-1.8347008228302002,8.941217674873769e-05,False,,0.96454918384552,0.23408643156290054,-6.885358309745788,0.00586604094132781
153856,0.23918241262435913,0.2391649688720703,1.744643144112388e-05,-1.406267762184143,0.0,5.3636984375771135e-05,0.0007593053450131383,0.4595366424247152,0.6820907946597865,0.6737177015472303,-1.86143159866333,0.00011867260036524385,False,,0.9690138697624207,0.22215573973953723,-6.8820250034332275,0.007946506142616272
154112,-1.4798500537872314,-1.479905342102051,5.5235661657747874e-05,-2.011528491973877,0.0,0.00015015556709840894,0.002127428948998874,0.519271505483092,0.6816561003517234,0.7617792978235746,-1.8743537664413452,7.98837500042282e-05,False,,0.9690138697624207,0.22215573973953723,-6.8820250034332275,0.007946506142616272
154368,-0.23703862726688385,-0.2370920044815066,5.338351723546293e-05,-1.7256273031234741,0.0,0.00020918734662700444,0.002966255412370336,0.35993877676773717,0.6812233861293058,0.5283711394773164,-1.8340541124343872,0.00010489053966011852,False,,0.9690138697624207,0.22215573973953723,-6.8820250034332275,0.007946506142616272
154624,-0.027917172759771347,-0.027958995628359844,4.182310501498538e-05,-1.940380334854126,0.0,0.0001094432154786773,0.001553181828267996,0.5385474418230053,0.6807892446179582,0.7910633813335647,-1.8528867959976196,0.000128400104586035,False,,0.9690138697624207,0.22215573973953723,-6.8820250034332275,0.007946506142616272
154880,0.7610151767730713,0.7609717944320699,4.3403196714827374e-05,-1.7911630868911743,0.0,0.00010741977166617289,0.0015257290271005193,0.5689502650062362,0.680355379783624,0.8362545250794983,-1.8390804529190063,0.0001068016208591871,False,,0.9690138697624207,0.22215573973953723,-6.8820250034332275,0.007946506142616272
155136,0.015099698677659035,0.014967813160704101,0.00013188520340137177,-1.9601123332977295,0.0,0.0003518348967190832,0.00500137963696936,0.5273952907973569,0.6799234912565811,0.7756685826851878,-1.8422443866729736,0.0001025211822707206,False,,0.9690138697624207,0.22215573973953723,-6.8820250034332275,0.007946506142616272
155392,-0.14556309580802917,-0.14557605285644823,1.2960591852451979e-05,-2.051706314086914,0.0,3.578539690352045e-05,0.0005091142922843944,0.5091427229158246,0.6794901781641284,0.7493010778926125,-1.8717501163482666,9.435837273485959e-05,False,,0.9690138697624207,0.22215573973953723,-6.8820250034332275,0.007946506142616272
155648,0.5955517888069153,0.5954566606330889,9.510760202168056e-05,-1.7910932302474976,0.0,0.00024645053781569004,0.003509111526600757,0.5420608681184345,0.6790571412207402,0.798255161773238,-1.8611284494400024,8.782610530033708e-05,False,,0.9690138697624207,0.22215573973953723,-6.8820250034332275,0.007946506142616272
155904,0.15201784670352936,0.15194932381896942,6.852636937901639e-05,-1.7515480518341064,0.0,0.00017295901488978416,0.002464714190153717,0.5560593569248092,0.678626076813499,0.819389905462808,-1.867998719215393,9.585430234437808e-05,False,,0.9663892388343811,0.23476545363664628,-6.863809782266617,0.0102231465280056
156160,1.3119553327560425,1.3119221466064483,3.314027207255615e-05,-1.848473310470581,0.0,8.845424599712715e-05,0.0012615335931117472,0.5253965848156462,0.6781935905591711,0.774700015053897,-1.8397784233093262,0.00010377258877269924,False,,0.9663892388343811,0.23476545363664628,-6.863809782266617,0.0102231465280056
156416,0.006519575137645006,0.00651957527770719,0.0,0.0,0.0,0.0,0.0,0.0,0.0,0.0,-1.8618078231811523,8.934225479606539e-05,False,,0.9663892388343811,0.23476545363664628,-6.863809782266617,0.0102231465280056
156672,0.2850269079208374,0.2850092836860655,1.762220240379513e-05,-1.94807767868042,0.0,5.7157270930474624e-05,0.0008165109734895282,0.4316464316084573,0.6773311380669603,0.6372753404491868,-1.8562296628952026,0.00010135542106581852,False,,0.9663892388343811,0.23476545363664628,-6.863809782266617,0.0102231465280056
156928,0.5011787414550781,0.5011533328216582,2.5436802913406238e-05,-1.9105035066604614,0.0,6.7852386564482e-05,0.0009700870300586792,0.5244231110247418,0.6768994770730036,0.7747429696539458,-1.8482487201690674,9.310275345342234e-05,False,,0.9663892388343811,0.23476545363664628,-6.863809782266617,0.0102231465280056
157184,0.04522828385233879,0.045201590022660096,2.669446617691649e-05,-1.816299319267273,0.0,0.00012464036990422755,0.0017834353065159488,0.2993600729937973,0.6764697823475762,0.4425328090116869,-1.8678103685379028,9.816431702347472e-05,False,,0.9663892388343811,0.23476545363664628,-6.863809782266617,0.0102231465280056
157440,0.4766694903373718,0.4766243695213314,4.5118616309300954e-05,-1.9527863264083862,0.0,0.00011857323988806456,0.0016980058871296723,0.5314306228415963,0.6760386702928975,0.7860950063867662,-1.8780171871185303,0.00017138537077698857,False,,0.9663892388343811,0.23476545363664628,-6.863809782266617,0.0102231465280056
157696,-0.03199698403477669,-0.03201538083190972,1.8395850641873224e-05,-1.861962914466858,0.0,4.562241520034149e-05,0.000653858955017793,0.5626855914628447,0.6756078329845692,0.8328583003206482,-1.8605105876922607,9.246678382623941e-05,False,,0.9663892388343811,0.23476545363664628,-6.863809782266617,0.0102231465280056
157952,-0.019439581781625748,-0.019465671914673296,2.6090134647539974e-05,-1.720863938331604,0.0,8.389857975998893e-05,0.0012034048426855532,0.4336052793225673,0.6751789581927814,0.6422079273370388,-1.8334044218063354,0.00011045133578591049,False,,0.9716244339942932,0.20602434165775776,-6.845346468687057,0.00942984689027071
158208,0.48378923535346985,0.48376967239380175,1.9554532355635072e-05,-2.0086731910705566,0.0,5.47625168110244e-05,0.0007861269771707859,0.4974904289892306,0.6747486687762577,0.7372973849529671,-1.862830400466919,0.00010109662980539724,False,,0.9716244339942932,0.20602434165775776,-6.845346468687057,0.00942984689027071
158464,-1.9376779794692993,-1.9379562578384417,0.0002783004286286588,-2.019838333129883,0.0,0.0007183702546171844,0.010320701709053292,0.5393052458526816,0.6743186535818195,0.799778032222631,-1.8809696435928345,0.00016516927280463278,False,,0.9716244339942932,0.20602434165775776,-6.845346468687057,0.00942984689027071
158720,1.048006296157837,1.0479740576950076,3.226374235934982e-05,-1.9203283786773682,0.0,8.129389607347548e-05,0.0011688760589382123,0.5520472784541018,0.6738905971590928,0.8191942145822432,-1.869719386100769,9.432291699340567e-05,False,,0.9716244339942932,0.20602434165775776,-6.845346468687057,0.00942984689027071
158976,0.810133695602417,0.8101013584564207,3.233310021742846e-05,-1.9691928625106812,0.0,8.870031888363883e-05,0.0012763981282959758,0.5066303295288278,0.6734611288109847,0.7522785025815795,-1.8472673892974854,8.969697955762967e-05,False,,0.9716244339942932,0.20602434165775776,-6.845346468687057,0.00942984689027071
159232,0.4761536121368408,0.47613663482665725,1.6991926149634134e-05,-1.9954513311386108,0.0,4.426531450008042e-05,0.0006374915296640711,0.5330871190896639,0.6730319341616978,0.7920680907268632,-1.8598359823226929,9.933627734426409e-05,False,,0.9716244339942932,0.20602434165775776,-6.845346468687057,0.00942984689027071
159488,-0.533409059047699,-0.5334292281158444,2.01508342892881e-05,-2.034681797027588,0.0,5.651202445733361e-05,0.0008145161237188066,0.4947927659746297,0.6726046945464391,0.7356368012094916,-1.8714889287948608,8.82038293639198e-05,False,,0.9716244339942932,0.20602434165775776,-6.845346468687057,0.00942984689027071
159744,0.3246973156929016,0.32464375214843605,5.35783230107802e-05,-1.9350523948669434,0.0,0.00014481953985523432,0.002088982245224289,0.5129610185368294,0.6721760457000027,0.7631349284436831,-1.8602174520492554,9.586249507265165e-05,False,,0.9716244339942932,0.20602434165775776,-6.845346468687057,0.00942984689027071
160000,0.2480916976928711,0.24807792478485063,1.3770069900193517e-05,-1.4745752811431885,0.0,5.604686157312244e-05,0.0008091065665820129,0.34037716337821244,0.671749349401396,0.5067026319884443,-1.875855565071106,0.00010824935452546924,False,,0.9711867570877075,0.2135077966377139,-6.81912202835083,0.004357128404080868
160256,0.8955862522125244,0.8955590423583984,2.7213591459599703e-05,-2.0093705654144287,0.0,7.137833745218813e-05,0.0010312607920382512,0.5277732203085697,0.6713212456637175,0.7861708887028807,-1.8664929866790771,0.00010306087642675266,False,,0.9711867570877075,0.2135077966377139,-6.81912202835083,0.004357128404080868
160512,-1.1958330869674683,-1.195869608210755,3.6521448357367656e-05,-1.9613053798675537,0.0,9.140785550698638e-05,0.0013216994027813542,0.55264378996484,0.6708934147551985,0.8237430533827694,-1.8791154623031616,0.00010962325904984027,False,,0.9711867570877075,0.2135077966377139,-6.81912202835083,0.004357128404080868
160768,0.011732867918908596,0.011713291387939535,1.957639999820118e-05,-1.9286932945251465,0.0,6.31530347163789e-05,0.0009138787551516406,0.42842444663138823,0.6704675326687018,0.6389935765063893,-1.8666555881500244,0.00010292959632351995,False,,0.9711867570877075,0.2135077966377139,-6.81912202835083,0.004357128404080868
161024,0.38884979486465454,0.38882960016861035,2.0190850864599218e-05,-1.904557228088379,0.0,5.7113211369141936e-05,0.000827136009784201,0.48821114365138063,0.6700402458287769,0.7286295811194285,-1.83970046043396,8.230510138673708e-05,False,,0.9711867570877075,0.2135077966377139,-6.81912202835083,0.004357128404080868
161280,0.3301510512828827,0.3301057960510254,4.5246688436605784e-05,-1.9941091537475586,0.0,0.00011292356794001535,0.0016367048926042888,0.5528997761424205,0.6696132312974047,0.825700195725155,-1.8474382162094116,0.00010209085303358734,False,,0.9711867570877075,0.2135077966377139,-6.81912202835083,0.004357128404080868
161536,0.43411722779273987,0.4340719635009766,4.5250843904041356e-05,-1.8638893365859985,0.0,0.00012086028436897323,0.0017531252364787297,0.5162305916596207,0.6691881618693575,0.7714281588866512,-1.8515442609786987,0.00012460707512218505,False,,0.9711867570877075,0.2135077966377139,-6.81912202835083,0.004357128404080868
161792,0.7742156386375427,0.7742016505645734,1.3958851272966608e-05,-1.995664119720459,0.0,3.7982412322890013e-05,0.0005513866177229963,0.5063181014661189,0.6687616903684,0.7570979449902461,-1.8751955032348633,9.383912401972339e-05,False,,0.9711867570877075,0.2135077966377139,-6.81912202835083,0.004357128404080868
162048,0.7617263793945312,0.7616724485595741,5.390327134016292e-05,-1.9334536790847778,0.0,0.00013971960288472474,0.002029900834833862,0.531092656499889,0.6683354906563825,0.794649788803367,-1.8735201358795166,9.525957284495234e-05,False,,0.972292423248291,0.19290892053395509,-6.790961056947708,0.006368009373545647
162304,0.018502170220017433,0.01848670196533203,1.546802137913069e-05,-1.9270621538162231,0.0,4.273169543012045e-05,0.0006213116794984695,0.4979150365116802,0.6679112323360884,0.7454808549486,-1.8738137483596802,9.588873945176601e-05,False,,0.972292423248291,0.19290892053395509,-6.790961056947708,0.006368009373545647
162560,0.4142017066478729,0.4141728679534863,2.8842243682252852e-05,-1.9419523477554321,0.0,7.897875912021846e-05,0.0011492444595721017,0.5019340044152432,0.6674855746182875,0.7519773063294772,-1.8369196653366089,9.132371633313596e-05,False,,0.972292423248291,0.19290892053395509,-6.790961056947708,0.006368009373545647
162816,0.003317595925182104,0.0032983568237294095,1.9239179573746274e-05,-1.6279785633087158,0.0,7.914034358691424e-05,0.001152499862830615,0.3338686657453232,0.6670618558233602,0.5005063066201353,-1.8621246814727783,9.686940029496327e-05,False,,0.972292423248291,0.19290892053395509,-6.790961056947708,0.006368009373545647
163072,0.5842991471290588,0.5842832794189453,1.5884285599735358e-05,-2.032688617706299,0.0,4.315312617109157e-05,0.0006289221012157054,0.5051272826644527,0.6666367394105268,0.7577249389391759,-1.8832427263259888,9.987627709051594e-05,False,,0.972292423248291,0.19290892053395509,-6.790961056947708,0.006368009373545647
163328,-1.4024958610534668,-1.4025381026977528,4.220481576903571e-05,-1.99622642993927,0.0,0.00011169788922416046,0.0016291859879112827,0.5181092408380567,0.6662118939230401,0.7776943725623546,-1.8527501821517944,9.303678962169215e-05,False,,0.972292423248291,0.19290892053395509,-6.790961056947708,0.006368009373545647
163584,-0.1811704784631729,-0.18118391830139155,1.3434922441581468e-05,-1.7420876026153564,0.0,4.443142461241223e-05,0.0006485674888783534,0.4142952791178636,0.6657889836586186,0.6222621420397252,-1.838808298110962,9.979154856409878e-05,False,,0.972292423248291,0.19290892053395509,-6.790961056947708,0.006368009373545647
163840,0.1713055670261383,0.17129338607788377,1.2183700736146488e-05,-2.013782262802124,0.0,3.1849431252339855e-05,0.00046527172182905845,0.5237241020473107,0.6653646784431937,0.7871233911495112,-1.8743369579315186,0.00010508896957617253,False,,0.972292423248291,0.19290892053395509,-6.790961056947708,0.006368009373545647
164096,0.228414848446846,0.22837303161621095,4.1818189047347816e-05,-1.9939913749694824,0.0,0.00010363756155129522,0.0015151710751474326,0.5519929694180404,0.6649406436361417,0.830138711930043,-1.8486862182617188,0.00012026906915707514,False,,0.9764087796211243,0.17734233066439628,-6.773341339826584,0.006634220946580172
164352,0.25735172629356384,0.2573233268737793,2.8413045475608055e-05,-2.02292799949646,0.0,7.287664629984647e-05,0.0010662781586497662,0.5329387129449907,0.6645185403594067,0.8019922403620964,-1.873874306678772,9.142169437836856e-05,False,,0.9764087796211243,0.17734233066439628,-6.773341339826584,0.006634220946580172
164608,-0.25031420588493347,-0.25032753219605075,1.3338970508462445e-05,-2.019484043121338,0.0,3.640036447905004e-05,0.0005329989078997078,0.5005252472664496,0.6640950447934818,0.7536951994907618,-1.898454189300537,9.019422577694058e-05,False,,0.9764087796211243,0.17734233066439628,-6.773341339826584,0.006634220946580172
164864,-0.005396480206400156,-0.005424236308285617,2.7756286711896778e-05,-1.9520199298858643,0.0,7.161869143601507e-05,0.0010495059225384803,0.5289400681944048,0.6636718191199429,0.796990399405239,-1.7888860702514648,9.648830746300519e-05,False,,0.9764087796211243,0.17734233066439628,-6.773341339826584,0.006634220946580172
165120,0.5066277980804443,0.5065655786865216,6.223456227033451e-05,-1.9347018003463745,0.0,0.00017362892685923725,0.00254634163532125,0.4888154944101435,0.6632505212910189,0.7369997892480549,-1.8604410886764526,8.573979721404612e-05,False,,0.9764087796211243,0.17734233066439628,-6.773341339826584,0.006634220946580172
165376,0.13507971167564392,0.13505630493163773,2.3399902826704158e-05,-2.0420234203338623,0.0,6.338071398204193e-05,0.0009302262625123852,0.5031013156628139,0.6628278338296394,0.7590226149014156,-1.8708757162094116,9.183114889310673e-05,False,,0.9764087796211243,0.17734233066439628,-6.773341339826584,0.006634220946580172
165632,0.2897236943244934,0.28967527725219844,4.840781466405809e-05,-1.444814920425415,0.0,0.0001740181032801047,0.002556000527243918,0.3787778143868791,0.6624070717612528,0.5718203058728811,-1.816615343093872,0.00010036326420959085,False,,0.9764087796211243,0.17734233066439628,-6.773341339826584,0.006634220946580172
165888,0.25554054975509644,0.25552906518783713,1.14795169967056e-05,-2.052379608154297,0.0,3.486501009319909e-05,0.0005124979610615367,0.4479829333536502,0.6619849218275934,0.676726793288386,-1.8539721965789795,9.748057345859706e-05,False,,0.9764087796211243,0.17734233066439628,-6.773341339826584,0.006634220946580172
166144,-1.520341157913208,-1.5203770950317383,3.599143148054448e-05,-2.0249993801116943,0.0,9.707521530799568e-05,0.0014280586019880046,0.5040609878395844,0.6615630409287527,0.7619243468195338,-1.8608787059783936,7.101078517735004e-05,False,,0.9738277196884155,0.20241156667470933,-6.761198127269745,0.006347620859742165
166400,-0.23936104774475098,-0.23940006084136986,3.901711221256217e-05,-1.8396189212799072,0.0,0.0001502975501352921,0.0022127026706579528,0.35266475455520946,0.661143081748914,0.533416690411869,-1.8618788719177246,8.713035640539601e-05,False,,0.9738277196884155,0.20241156667470933,-6.761198127269745,0.006347620859742165
166656,-0.025770841166377068,-0.02579925537109666,2.8414021096714012e-05,-2.0328736305236816,0.0,7.379852468147874e-05,0.0010873093643340862,0.5226483285944281,0.6607217373520954,0.791026386825096,-1.8650847673416138,0.00010052153811557218,False,,0.9738277196884155,0.20241156667470933,-6.761198127269745,0.006347620859742165
166912,0.8031865358352661,0.8031512466430694,3.526498013134219e-05,-2.0042099952697754,0.0,8.653967233840376e-05,0.001276011155044251,0.55273780314435,0.6603006614767293,0.8371001808603064,-1.8798218965530396,8.817712659947574e-05,False,,0.9738277196884155,0.20241156667470933,-6.761198127269745,0.006347620859742165
167168,0.041814569383859634,0.041685559587096216,0.00012900809932278278,-1.8057643175125122,0.0,0.00033045007148757577,0.004876149725827571,0.5291392043991748,0.659881503653385,0.801870034952692,-1.8777519464492798,9.340311953565106e-05,False,,0.9738277196884155,0.20241156667470933,-6.761198127269745,0.006347620859742165
167424,-0.1562059372663498,-0.1562216262817412,1.5685104248704226e-05,-1.9927948713302612,0.0,4.2824762203963473e-05,0.0006324102462350787,0.4960420657977062,0.6594609632563001,0.7521932205787274,-1.8311387300491333,8.555273234378546e-05,False,,0.9738277196884155,0.20241156667470933,-6.761198127269745,0.006347620859742165
167680,0.6241999864578247,0.6241485331878678,5.144729060044743e-05,-1.8977683782577515,0.0,0.00013238332758191973,0.00195645325837067,0.5259240452623194,0.6590406908682813,0.7980145270991056,-1.8920855522155762,8.879759843694046e-05,False,,0.9738277196884155,0.20241156667470933,-6.761198127269745,0.006347620859742165
167936,0.10821318626403809,0.10814883346557617,6.435022402955e-05,-1.9665712118148804,0.0,0.00016265184967778623,0.0024056122594329227,0.535000798879528,0.6586223328723014,0.8123028512354712,-1.839644432067871,9.41313337534666e-05,False,,0.9738277196884155,0.20241156667470933,-6.761198127269745,0.006347620859742165
168192,1.4237176179885864,1.4236802352905302,3.7382400599309424e-05,-2.0219225883483887,0.0,9.828282782109454e-05,0.0014547069040864048,0.5139509614520814,0.6582025949407764,0.7808400717385892,-1.8693875074386597,9.997355664381757e-05,False,,0.9737842679023743,0.19611905384808778,-6.751457530260086,0.009204153902828693
168448,0.007225124165415764,0.007225124359127949,0.0,0.0,0.0,0.0,0.0,0.0,0.0,0.0,-1.890946865081787,8.024779526749626e-05,False,,0.9737842679023743,0.19611905384808778,-6.751457530260086,0.009204153902828693
168704,0.29842838644981384,0.29841324880676406,1.5143120356862388e-05,-1.9965770244598389,0.0,4.829445970244706e-05,0.0007159040688854781,0.4230488696743196,0.6573655648120807,0.6435519174103003,-1.8920220136642456,8.11369318398647e-05,False,,0.9737842679023743,0.19611905384808778,-6.751457530260086,0.009204153902828693
168960,0.5143828392028809,0.5143510194877657,3.182611752651862e-05,-1.8722467422485352,0.0,8.480674296151847e-05,0.0012581071508378974,0.5059365174949124,0.6569466278148692,0.7701333655943322,-1.8753037452697754,0.00011320976045681164,False,,0.9737842679023743,0.19611905384808778,-6.751457530260086,0.009204153902828693
169216,0.03348603844642639,0.03346886560096755,1.7172271636325582e-05,-1.721884846687317,0.0,6.813173240516335e-05,0.0010114970389924947,0.3395417084647146,0.6565295991268282,0.5171765430169464,-1.879696249961853,8.236614667112008e-05,False,,0.9737842679023743,0.19611905384808778,-6.751457530260086,0.009204153902828693
169472,0.4924581050872803,0.4924050470344548,5.306256283283761e-05,-1.9956328868865967,0.0,0.00013772047532256693,0.002046173368014948,0.5186516808623615,0.6561111948879061,0.7904935701500581,-1.8758856058120728,0.00022405292838811874,False,,0.9737842679023743,0.19611905384808778,-6.751457530260086,0.009204153902828693
169728,-0.03979794681072235,-0.039816692903899824,1.8746134637952754e-05,-1.9585515260696411,0.0,4.629781687981449e-05,0.0006883870027376806,0.5446394125223258,0.6556930572966835,0.830631659831486,-1.8847813606262207,0.00010069798736367375,False,,0.9737842679023743,0.19611905384808778,-6.751457530260086,0.009204153902828693
169984,-0.008010771125555038,-0.008028902435302734,1.8131057636910482e-05,-1.9933176040649414,0.0,5.594153481069952e-05,0.0008324017431039838,0.43563238032877466,0.6552768243732396,0.6648066345783694,-1.8681567907333374,7.890579581726342e-05,False,,0.9737842679023743,0.19611905384808778,-6.751457530260086,0.009204153902828693
170240,0.47179457545280457,0.4717753829956084,1.9183312878114658e-05,-2.019726514816284,0.0,5.320904165273532e-05,0.0007923394639520815,0.48421954858668537,0.6548592185237093,0.7394254137221924,-1.8499475717544556,0.00010133677278645337,False,,0.9773474931716919,0.17147711664438248,-6.753667253255844,0.007111977320164442
170496,-2.047626256942749,-2.047816370372774,0.00019000504323519874,-2.037055730819702,0.0,0.00048265911755152047,0.007192719418136526,0.5283260257757276,0.6544418788130674,0.8072925081352212,-1.8827245235443115,9.039805445354432e-05,False,,0.9773474931716919,0.17147711664438248,-6.753667253255844,0.007111977320164442
170752,1.1350035667419434,1.1349787689209014,2.4850212116294094e-05,-2.0417861938476562,0.0,6.204611418070272e-05,0.0009253204859453777,0.5371157883942281,0.6540264401357607,0.8212447623413135,-1.881985068321228,9.342054545413703e-05,False,,0.9773474931716919,0.17147711664438248,-6.753667253255844,0.007111977320164442
171008,0.7940219044685364,0.7939831094177237,3.8789354798623956e-05,-1.9385777711868286,0.0,0.00010576919885352254,0.0015785654027492104,0.49145071507419186,0.6536096311521539,0.7519024990618398,-1.8772729635238647,7.751356315566227e-05,False,,0.9773474931716919,0.17147711664438248,-6.753667253255844,0.007111977320164442
171264,0.4655109941959381,0.46549497528075884,1.601703416209187e-05,-2.019638776779175,0.0,4.168359737377614e-05,0.0006225781081060896,0.5145389455089066,0.6531930877995951,0.7877287055229392,-1.865157127380371,9.543674241285771e-05,False,,0.9773474931716919,0.17147711664438248,-6.753667253255844,0.007111977320164442
171520,-0.5465874075889587,-0.5466169891357422,2.958499833987007e-05,-2.020961284637451,0.0,8.237497240770608e-05,0.0012312534593413719,0.48056715074239587,0.6527784418528634,0.7361872266773111,-1.8809289932250977,0.0001391951518598944,False,,0.9773474931716919,0.17147711664438248,-6.753667253255844,0.007111977320164442
171776,0.3200521171092987,0.3200023910522461,4.9739869436018575e-05,-1.98897123336792,0.0,0.0001331458770437166,0.001991609651452288,0.4994941594076741,0.6523624282146187,0.7656697225416347,-1.8829630613327026,8.040752436500043e-05,False,,0.9773474931716919,0.17147711664438248,-6.753667253255844,0.007111977320164442
172032,0.2845447063446045,0.28453240909004235,1.2282967987163763e-05,-1.5735020637512207,0.0,4.911912401439622e-05,0.0007352747936181847,0.33410550977059855,0.6519483095692875,0.5124723921614688,-1.8658608198165894,9.23002662602812e-05,False,,0.9773474931716919,0.17147711664438248,-6.753667253255844,0.007111977320164442
172288,0.8714936971664429,0.87146971539917,2.4008699741247172e-05,-1.8616100549697876,0.0,6.26802648184821e-05,0.0009389732968152501,0.511381949256243,0.6515328249717238,0.7848905376002149,-1.8552876710891724,0.00011510846525197849,False,,0.9737827777862549,0.18465918507426976,-6.737366324663162,0.006574998609721661
172544,-1.2371265888214111,-1.2371561408996583,2.9578548307466945e-05,-2.0083024501800537,0.0,7.325145998038352e-05,0.001098149776362026,0.5386978888336232,0.6511176051611813,0.8273434546440669,-1.8694043159484863,8.522088319296017e-05,False,,0.9737827777862549,0.18465918507426976,-6.737366324663162,0.006574998609721661
172800,0.02091001346707344,0.020892120361328127,1.789262981115076e-05,-2.0228257179260254,0.0,5.641522511723451e-05,0.0008463748467806407,0.4228062750023591,0.6507042767275703,0.6497671678579962,-1.872901439666748,8.598268323112279e-05,False,,0.9737827777862549,0.18465918507426976,-6.737366324663162,0.006574998609721661
173056,0.4029200077056885,0.4029013153076172,1.8697298843240295e-05,-2.0017926692962646,0.0,5.27310257893987e-05,0.000791688908370679,0.4723395426044285,0.6502895849482057,0.7263526181832506,-1.8752483129501343,8.784987585386261e-05,False,,0.9737827777862549,0.18465918507426976,-6.737366324663162,0.006574998609721661
173312,0.29087769985198975,0.29084706917877196,3.062185649498124e-05,-1.8881779909133911,0.0,7.597802323289216e-05,0.0011415574482215919,0.5364926056535547,0.6498751574506014,0.8255317956115822,-1.8822065591812134,8.485145372105762e-05,False,,0.9737827777862549,0.18465918507426976,-6.737366324663162,0.006574998609721661
173568,0.49002912640571594,0.4899898086547852,3.932345075152821e-05,-2.032912492752075,0.0,0.0001006415841402486,0.001513237009316007,0.5197262624352897,0.6494626177208468,0.8002404576558391,-1.906445860862732,0.00010004422074416652,False,,0.9737827777862549,0.18465918507426976,-6.737366324663162,0.006574998609721661
173824,0.7783507704734802,0.7783407196350076,1.0041818108074833e-05,-1.9313139915466309,0.0,2.7183556085219607e-05,0.0004090310284159197,0.49100520060614555,0.6490487172468434,0.7564997627434006,-1.8743195533752441,8.69456198415719e-05,False,,0.9737827777862549,0.18465918507426976,-6.737366324663162,0.006574998609721661
174080,0.7855156660079956,0.785451672550966,6.398830704414305e-05,-1.8561372756958008,0.0,0.0001646473683649674,0.002479275565175678,0.5161855175998472,0.6486350805503043,0.7958026524897691,-1.886103630065918,0.00010914472659351304,False,,0.9737827777862549,0.18465918507426976,-6.737366324663162,0.006574998609721661
174336,0.01911570131778717,0.01910045623779297,1.5244756962273843e-05,-2.0205440521240234,0.0,4.1917119233403355e-05,0.0006316547013751966,0.48269274111580174,0.6482233280194192,0.7446395713505415,-1.892964243888855,7.75843727751635e-05,False,,0.9768955707550049,0.18391289785504342,-6.72386953830719,0.01070072129368782
174592,0.4344618618488312,0.43441251525878616,4.9361416349731415e-05,-2.0259735584259033,0.0,0.00013438134919852018,0.002026498961316783,0.48715955242984427,0.6478102173408264,0.7520096772007835,-1.876980185508728,9.350915206596255e-05,False,,0.9768955707550049,0.18391289785504342,-6.72386953830719,0.01070072129368782
174848,0.03515427187085152,0.035142259417724565,1.2011105864293893e-05,-1.6795181035995483,0.0,6.56929041724652e-05,0.000991386992457432,0.24230912762978626,0.6473989884318118,0.3742809796733376,-1.8796050548553467,9.482097084401175e-05,False,,0.9768955707550049,0.18391289785504342,-6.72386953830719,0.01070072129368782
175104,0.5844714641571045,0.5844543612472539,1.7102705608963616e-05,-1.9595873355865479,0.0,4.6213575842557475e-05,0.0006979309836492386,0.4900973308145602,0.6469864031022334,0.7575079297873862,-1.8737119436264038,7.991780148586258e-05,False,,0.9768955707550049,0.18391289785504342,-6.72386953830719,0.01070072129368782
175360,-1.424973964691162,-1.4250263061523438,5.236879122782491e-05,-2.034918785095215,0.0,0.00013879747712053359,0.0020976941229557226,0.49929864087177295,0.6465740807119819,0.7722218625311503,-1.8770794868469238,7.62788113206625e-05,False,,0.9768955707550049,0.18391289785504342,-6.72386953830719,0.01070072129368782
175616,-0.1970975399017334,-0.1971304091949467,3.286788930611052e-05,-1.8722141981124878,0.0,0.00010968426067847759,0.0016589025662308728,0.3962606360997844,0.6461636365005586,0.6132512164346188,-1.875842571258545,9.060792217496783e-05,False,,0.9768955707550049,0.18391289785504342,-6.72386953830719,0.01070072129368782
175872,0.15888340771198273,0.15886627228546424,1.714063065885646e-05,-1.9344836473464966,0.0,4.458768307813443e-05,0.0006748515223627223,0.5079822773117679,0.6457518384568625,0.786652467805095,-1.8783540725708008,8.892158075468615e-05,False,,0.9768955707550049,0.18391289785504342,-6.72386953830719,0.01070072129368782
176128,0.22352048754692078,0.22350606536865236,1.4427035894399575e-05,-2.0113706588745117,0.0,3.592932625906542e-05,0.0005442002012131764,0.5302106049294956,0.6453403028507582,0.8215984691910873,-1.900848388671875,7.689045742154121e-05,False,,0.9768955707550049,0.18391289785504342,-6.72386953830719,0.01070072129368782
176384,0.2611061632633209,0.2610840950012207,2.2069497695222323e-05,-2.0324018001556396,0.0,5.6004926591413096e-05,0.0008488881229417042,0.5199624567426749,0.6449306418395845,0.8062300393412021,-1.8877424001693726,9.594446601113304e-05,False,,0.9769411087036133,0.1838836757466197,-6.726767671108246,0.007406657095998526
176640,-0.2657433748245239,-0.2657624995803868,1.9130756067640253e-05,-1.9874520301818848,0.0,5.1907638408010826e-05,0.0007873555207728195,0.4859496266403945,0.6445196295794895,0.7539718021582175,-1.8890982866287231,8.741758938413113e-05,False,,0.9769411087036133,0.1838836757466197,-6.726767671108246,0.007406657095998526
176896,-0.007257088553160429,-0.007274441528317402,1.7352889779047204e-05,-2.0215044021606445,0.0,4.452728171600029e-05,0.0006758973027473215,0.5134771128250658,0.6441088792562091,0.7971899307117276,-1.8703570365905762,0.00010047281830338761,False,,0.9769411087036133,0.1838836757466197,-6.726767671108246,0.007406657095998526
177152,0.47235187888145447,0.4722845503204299,6.733303350163856e-05,-1.970001220703125,0.0,0.00018673825252335519,0.0028366193159881604,0.4747414157559067,0.6436999999508,0.7375196765452737,-1.871910810470581,0.00012498797150328755,False,,0.9769411087036133,0.1838836757466197,-6.726767671108246,0.007406657095998526
177408,0.14340589940547943,0.14338163083495747,2.426703805090967e-05,-1.849926233291626,0.0,6.528304948005825e-05,0.0009923896206614252,0.4890627137904918,0.6432897719748919,0.7602525877087632,-1.9038976430892944,9.240808140020818e-05,False,,0.9769411087036133,0.1838836757466197,-6.726767671108246,0.007406657095998526
177664,0.18786557018756866,0.1878362893859856,2.928340199622969e-05,-1.57722008228302,0.0,0.00013094423047732562,0.0019919593920593786,0.2940160538710096,0.6428814126374992,0.457341040029098,-1.8694511651992798,0.00010476791794644669,False,,0.9769411087036133,0.1838836757466197,-6.726767671108246,0.007406657095998526
177920,0.23954319953918457,0.23952625374527126,1.69462758879089e-05,-1.9903361797332764,0.0,5.12102669745218e-05,0.0007795864175212901,0.4347504139897641,0.6424717063446993,0.6766841398561317,-1.8570445775985718,8.394523320021108e-05,False,,0.9769411087036133,0.1838836757466197,-6.726767671108246,0.007406657095998526
178176,-1.5059620141983032,-1.5059962111969014,3.4173606931985524e-05,-1.531216025352478,0.0,9.178395703202114e-05,0.0013982559030506533,0.4888033278804982,0.6420622611564251,0.7613020690549689,-1.8951584100723267,0.00011779792112065479,False,,0.9769411087036133,0.1838836757466197,-6.726767671108246,0.007406657095998526
178432,-0.2419830858707428,-0.24202372935028107,4.0649750053510115e-05,-1.807913899421692,0.0,0.00015319469093810767,0.00233547157561733,0.34810742702158776,0.6416546810409729,0.5425152146585203,-1.885029673576355,8.469360182061791e-05,False,,0.9738987684249878,0.2051245180889964,-6.709663277864456,0.009037281386554241
178688,-0.02531762607395649,-0.025343924522402812,2.6299006717574163e-05,-2.0306332111358643,0.0,6.771802145522088e-05,0.0010331107869380734,0.5091226817119774,0.641245756540343,0.7939587537526991,-1.8938692808151245,7.343008473981172e-05,False,,0.9738987684249878,0.2051245180889964,-6.709663277864456,0.009037281386554241
178944,0.8461276888847351,0.8461005111694365,2.7175743076907673e-05,-2.0168192386627197,0.0,6.637010665144771e-05,0.0010132729948937591,0.5363952895982791,0.6408370926460052,0.837022849884535,-1.8941261768341064,8.04977462394163e-05,False,,0.9738987684249878,0.2051245180889964,-6.709663277864456,0.009037281386554241
179200,0.050577037036418915,0.0504648193359375,0.00011221663354593403,-2.011888265609741,0.0,0.0002840857778210193,0.004340233533596668,0.5170995186194152,0.6404302902656002,0.8074251428753674,-1.8752620220184326,8.364532550331205e-05,False,,0.9738987684249878,0.2051245180889964,-6.709663277864456,0.009037281386554241
179456,-0.15716536343097687,-0.15717366943359667,8.313281182625887e-06,-2.0339443683624268,0.0,2.260835208289791e-05,0.000345655078992453,0.48101600050884247,0.6400221460653424,0.7515614943419999,-1.8836781978607178,0.00011933225323446095,False,,0.9738987684249878,0.2051245180889964,-6.709663277864456,0.009037281386554241
179712,0.6436278223991394,0.6435818756103545,4.5970414398369395e-05,-2.009154796600342,0.0,0.00011776806059060618,0.0018018205820601613,0.5102662812943101,0.6396142619740937,0.7977718941404365,-1.8270471096038818,8.599044667789713e-05,False,,0.9738987684249878,0.2051245180889964,-6.709663277864456,0.009037281386554241
179968,0.10635779052972794,0.10629802627563477,5.976638552776365e-05,-2.0225958824157715,0.0,0.00014837570779491216,0.0022717218472631346,0.5261769666015003,0.6392082358446795,0.8231698796968496,-1.8967583179473877,8.709257963346317e-05,False,,0.9738987684249878,0.2051245180889964,-6.709663277864456,0.009037281386554241
180224,1.457257628440857,1.4572314482650808,2.6238403994521564e-05,-2.010327100753784,0.0,6.867190677439794e-05,0.00105215703232887,0.4987545240551183,0.6388008704558426,0.7807668197120826,-1.915244460105896,8.444027480436489e-05,False,,0.9738987684249878,0.2051245180889964,-6.709663277864456,0.009037281386554241
180480,0.010347972624003887,0.010347972870632657,0.0,0.0,0.0,0.0,0.0,0.0,0.0,0.0,-1.8935760259628296,0.00012687515118159354,False,,0.9730688333511353,0.20197847969830035,-6.70074629187584,0.006838797591626644
180736,0.2876609265804291,0.28764538808059587,1.5544938787986174e-05,-1.890246868133545,0.0,4.939329301123507e-05,0.0007578532572971821,0.4102361146648851,0.637988513320033,0.6430148914908427,-1.8594752550125122,9.133524144999683e-05,False,,0.9730688333511353,0.20197847969830035,-6.70074629187584,0.006838797591626644
180992,0.5496858358383179,0.5496559570312529,2.9884702729517372e-05,-2.009033679962158,0.0,7.892242138041183e-05,0.0012117843348646658,0.49323467666142007,0.6375819252565067,0.7736020378290773,-1.8748538494110107,9.87601961242035e-05,False,,0.9730688333511353,0.20197847969830035,-6.70074629187584,0.006838797591626644
181248,0.03462931886315346,0.034606063079833986,2.32573609670229e-05,-1.8455877304077148,0.0,9.106604557018727e-05,0.0013992250224250152,0.33243203336537336,0.6371771892512504,0.5217261995144798,-1.8954451084136963,8.5562962340191e-05,False,,0.9730688333511353,0.20197847969830035,-6.70074629187584,0.006838797591626644
181504,0.5049341917037964,0.5049171905517579,1.6992754651909538e-05,-2.02424693107605,0.0,4.3977277528028935e-05,0.0006761862710707916,0.5026057280045109,0.6367711182419895,0.7893035874367463,-1.8663359880447388,8.476288348902017e-05,False,,0.9730688333511353,0.20197847969830035,-6.70074629187584,0.006838797591626644
181760,-0.03883138671517372,-0.03885208358764649,2.0695709353917735e-05,-1.9951292276382446,0.0,5.103230068925768e-05,0.0007852169165111217,0.5271335580968626,0.6363653060204996,0.8283505607703286,-1.8706098794937134,9.588595275999978e-05,False,,0.9730688333511353,0.20197847969830035,-6.70074629187584,0.006838797591626644
182016,-0.009439751505851746,-0.00945714218444773,1.7390583897310823e-05,-1.8605573177337646,0.0,5.51416706002783e-05,0.0008490422025928718,0.4096518134010793,0.6359613423232244,0.6441457776420562,-1.8830903768539429,9.619196498533711e-05,False,,0.9730688333511353,0.20197847969830035,-6.70074629187584,0.006838797591626644
182272,0.45560476183891296,0.45559449707794414,1.0262694275853675e-05,-1.9874491691589355,0.0,2.8472646590671502e-05,0.0004387153454987821,0.4678520768032795,0.6355560461693687,0.7361303218231081,-1.8754494190216064,8.519599214196205e-05,False,,0.9730688333511353,0.20197847969830035,-6.70074629187584,0.006838797591626644
182528,-2.0271847248077393,-2.027341371154788,0.00015658109040346543,-2.0314056873321533,0.0,0.00039529133937321603,0.006095053009809205,0.5137973046385922,0.635151008309471,0.8089372415642133,-1.8721529245376587,8.366673137061298e-05,False,,0.965748131275177,0.17908397745341062,-6.697680139541626,0.009691393002867699
182784,1.0902596712112427,1.0902414848327666,1.8168496208099827e-05,-2.0456135272979736,0.0,4.522588278632611e-05,0.0006978318990537794,0.5207126883346915,0.6347478154464766,0.8203457745946339,-1.909989356994629,8.384987449971959e-05,False,,0.965748131275177,0.17908397745341062,-6.697680139541626,0.009691393002867699
183040,0.8084567189216614,0.8083817199279787,7.50201174338519e-05,-2.0359115600585938,0.0,0.00020472949836403131,0.003161174962569804,0.4746343895680234,0.6343432926694648,0.7482295391989581,-1.9170722961425781,0.0002268764073960483,False,,0.965748131275177,0.17908397745341062,-6.697680139541626,0.009691393002867699
183296,0.47764116525650024,0.4776199859619112,2.1175379582661726e-05,-2.0408895015716553,0.0,5.459155363496393e-05,0.0008435240808451058,0.5020693555410212,0.6339390276935403,0.7919836665802066,-1.896870732307434,8.767213876126334e-05,False,,0.965748131275177,0.17908397745341062,-6.697680139541626,0.009691393002867699
183552,-0.5667545795440674,-0.56677158203125,1.6979051581416145e-05,-2.050861358642578,0.0,4.702780279330909e-05,0.000727158400203665,0.4669973303384955,0.6335366041939383,0.7371276217459697,-1.887046456336975,8.722390339244157e-05,False,,0.965748131275177,0.17908397745341062,-6.697680139541626,0.009691393002867699
183808,0.3334968686103821,0.33345205169677794,4.483034181395889e-05,-1.963767647743225,0.0,0.00011927301238756627,0.00184552358065589,0.48582789495462747,0.6331328533180303,0.7673395755860267,-1.9239320755004883,7.891566929174587e-05,False,,0.965748131275177,0.17908397745341062,-6.697680139541626,0.009691393002867699
184064,0.3257366418838501,0.3257214303314206,1.5198695097113576e-05,-1.7825496196746826,0.0,6.224225217010826e-05,0.0009637495176066268,0.3154075788252113,0.6327309415766563,0.4984860990664848,-1.89118230342865,8.482397242914885e-05,False,,0.965748131275177,0.17908397745341062,-6.697680139541626,0.009691393002867699
184320,0.9240388870239258,0.9240225989044178,1.6263792128890096e-05,-2.059370994567871,0.0,4.2212217522319406e-05,0.000654062536035921,0.49731611987624647,0.6323277041469884,0.7864847872625274,-1.9223864078521729,8.898787928046659e-05,False,,0.965748131275177,0.17908397745341062,-6.697680139541626,0.009691393002867699
184576,-1.2364373207092285,-1.236475262451172,3.796759213439956e-05,-2.031599521636963,0.0,9.367053280584514e-05,0.0014523988904918093,0.5228259589422163,0.6319247236992602,0.8273548087842102,-1.9242807626724243,9.278275683755055e-05,False,,0.9733042120933533,0.16823526117950677,-6.686470180749893,0.006761152297258377
184832,0.008193353191018105,0.008176600428772508,1.675303326422926e-05,-1.8290934562683105,0.0,5.363807576941326e-05,0.0008322548191919909,0.40259384212383975,0.6315235788766717,0.6374961372621387,-1.8631843328475952,7.86309756222181e-05,False,,0.9733042120933533,0.16823526117950677,-6.686470180749893,0.006761152297258377
185088,0.41348081827163696,0.41346771240234376,1.3120632849112014e-05,-2.024364709854126,0.0,3.665833719423972e-05,0.0005691894834612699,0.46102864618386075,0.6311211108954372,0.7304915621183253,-1.896989345550537,7.815434946678579e-05,False,,0.9733042120933533,0.16823526117950677,-6.686470180749893,0.006761152297258377
185344,0.33105701208114624,0.3310242874145508,3.2712849857288846e-05,-2.004089593887329,0.0,8.087841706583276e-05,0.001256658600586448,0.520632251942137,0.6307188994057755,0.8254584608652835,-1.8957020044326782,8.82978638401255e-05,False,,0.9733042120933533,0.16823526117950677,-6.686470180749893,0.006761152297258377
185600,0.5061572790145874,0.5061043006896973,5.298604567858589e-05,-2.036980152130127,0.0,0.00013470953854266554,0.0020945077983691614,0.5059522406155967,0.6303185200385555,0.802692963209535,-1.8979228734970093,7.750510121695697e-05,False,,0.9733042120933533,0.16823526117950677,-6.686470180749893,0.006761152297258377
185856,0.7726521492004395,0.7726430480957032,9.093535412782866e-06,-2.036863327026367,0.0,2.4501910957042128e-05,0.0003812267110487906,0.4770670653043011,0.6299168200375107,0.7573493041127118,-1.8955411911010742,9.453012171434239e-05,False,,0.9733042120933533,0.16823526117950677,-6.686470180749893,0.006761152297258377
186112,0.8188022971153259,0.8187523727417022,4.991386560047637e-05,-1.9994925260543823,0.0,0.00012895706458948553,0.0020078340839432504,0.4971911374514463,0.6295153760386072,0.789799830752592,-1.9040021896362305,9.702263923827559e-05,False,,0.9733042120933533,0.16823526117950677,-6.686470180749893,0.006761152297258377
186368,0.019377093762159348,0.019365005493164063,1.2088735378189944e-05,-2.0582549571990967,0.0,3.303192352177575e-05,0.000514652732419308,0.4697822285471039,0.6291157606661314,0.7467341591469284,-1.8967652320861816,8.68929855641909e-05,False,,0.9733042120933533,0.16823526117950677,-6.686470180749893,0.006761152297258377
186624,0.43019208312034607,0.43015356903075885,3.8504741491759184e-05,-1.9394493103027344,0.0,0.00010432554699946195,0.0016265581210814755,0.47345054557482297,0.628714827179834,0.7530449817742249,-1.8448808193206787,0.00010041640052804723,False,,0.9814257025718689,0.14780044872313738,-6.675199723243713,0.0035888240672647953
186880,0.06274395436048508,0.06272860717773437,1.5345616960419066e-05,-1.8163840770721436,0.0,6.486457277787849e-05,0.001012006721316447,0.3032710482487122,0.628315719994517,0.4826730234464907,-1.921831488609314,9.62658305070363e-05,False,,0.9814257025718689,0.14780044872313738,-6.675199723243713,0.0035888240672647953
187136,0.6051722168922424,0.6051505393981934,2.1699541977325852e-05,-2.0526037216186523,0.0,5.8435216487850994e-05,0.0009123220522433403,0.4756991661873808,0.6279152963716115,0.7575849305410989,-1.9076147079467773,9.207089169649407e-05,False,,0.9814257025718689,0.14780044872313738,-6.675199723243713,0.0035888240672647953
187392,-1.4273253679275513,-1.4273804244995119,5.505161730816149e-05,-2.038299798965454,0.0,0.00014447684225160629,0.0022571947380922545,0.48778792878713023,0.6275151279374156,0.7773325407953816,-1.9146904945373535,8.351446740562096e-05,False,,0.9814257025718689,0.14780044872313738,-6.675199723243713,0.0035888240672647953
187648,-0.19273997843265533,-0.1927640739440918,2.4094040701284692e-05,-1.9542821645736694,0.0,7.81333219492808e-05,0.001221526183499165,0.39449077763139345,0.6271167823192942,0.6290547291246623,-1.9031568765640259,8.17306645330973e-05,False,,0.9814257025718689,0.14780044872313738,-6.675199723243713,0.0035888240672647953
187904,0.1722327321767807,0.17221053729553534,2.21886394951649e-05,-1.8376591205596924,0.0,5.750215859734453e-05,0.000899595143288891,0.49330278538507766,0.6267171227755807,0.7871219206527457,-1.8669182062149048,9.322358528152108e-05,False,,0.9814257025718689,0.14780044872313738,-6.675199723243713,0.0035888240672647953
188160,0.21817386150360107,0.2181584756072989,1.5379493317985867e-05,-1.9756304025650024,0.0,3.7859957956243306e-05,0.000592705749006505,0.5189588035467857,0.6263177179336313,0.8285871350709225,-1.911205530166626,7.50864201108925e-05,False,,0.9814257025718689,0.14780044872313738,-6.675199723243713,0.0035888240672647953
188416,0.26617324352264404,0.2661466674804688,2.658247256451115e-05,-2.011380910873413,0.0,6.72310488880612e-05,0.0010532304241721295,0.5047798079970157,0.6259201324295007,0.8064604121898421,-1.8812780380249023,8.979265840025619e-05,False,,0.9814257025718689,0.14780044872313738,-6.675199723243713,0.0035888240672647953
188672,-0.25405970215797424,-0.25407020950317677,1.0507049763429525e-05,-2.0580666065216064,0.0,2.8287857276154682e-05,0.0004434542442217073,0.4738730049531996,0.6255212355069805,0.7575650162685987,-1.90957510471344,9.308898006565869e-05,False,,0.9823721647262573,0.14024852085858583,-6.666379421949387,0.004849032498896122
188928,-0.007158834487199783,-0.00717457275390334,1.5738095468026182e-05,-2.016631603240967,0.0,4.023718065582216e-05,0.0006312060612963352,0.4986674378792933,0.6251225928002084,0.7977114307219885,-1.9128954410552979,7.661945710424334e-05,False,,0.9823721647262573,0.14024852085858583,-6.666379421949387,0.004849032498896122
189184,0.5150526165962219,0.5149980230194051,5.457520295462047e-05,-2.062682867050171,0.0,0.00015090573288034648,0.0023688777947499227,0.4607684117397187,0.6247257659596365,0.7375530782405555,-1.9207688570022583,8.338999759871513e-05,False,,0.9823721647262573,0.14024852085858583,-6.666379421949387,0.004849032498896122
189440,0.13591010868549347,0.13589092254638382,1.9187799689675432e-05,-2.045496702194214,0.0,5.1422975957393646e-05,0.0008077708595609509,0.4750802647202354,0.6243276302030933,0.7609470440475173,-1.8941080570220947,7.58194801164791e-05,False,,0.9823721647262573,0.14024852085858583,-6.666379421949387,0.004849032498896122
189696,0.3028595447540283,0.3028407506576536,1.8784100481792353e-05,-1.7107242345809937,0.0,6.30375652690418e-05,0.000990884225378272,0.3791381475393149,0.6239313080035299,0.6076600784026852,-1.877537727355957,7.346878555836156e-05,False,,0.9823721647262573,0.14024852085858583,-6.666379421949387,0.004849032498896122
189952,0.2559926211833954,0.25597637829284653,1.6247078225268052e-05,-2.0296130180358887,0.0,4.900114072370343e-05,0.0007707666912750704,0.4215822611221224,0.6235336785525317,0.6761178676038503,-1.9281086921691895,8.704809442861006e-05,False,,0.9823721647262573,0.14024852085858583,-6.666379421949387,0.004849032498896122
190208,-1.4995142221450806,-1.499561417388916,4.714681896358886e-05,-2.0128424167633057,0.0,0.00012605548545252532,0.0019841356765223426,0.4752378531514999,0.6231363025095262,0.7626547373946885,-1.8950281143188477,8.633374091004953e-05,False,,0.9823721647262573,0.14024852085858583,-6.666379421949387,0.004849032498896122
190464,-0.23625750839710236,-0.2363001392364502,4.2628892338265005e-05,-1.7804073095321655,0.0,0.00016089157725218683,0.002534161298806146,0.33643393069215954,0.6227407365629126,0.5402471862512742,-1.9209712743759155,8.39952626847662e-05,False,,0.9823721647262573,0.14024852085858583,-6.666379421949387,0.004849032498896122
190720,-0.02607056125998497,-0.02608918959045841,1.8628577570215486e-05,-2.024492025375366,0.0,4.77962130389642e-05,0.0007533321732398037,0.49456476789251796,0.6223438658593314,0.7946808750330072,-1.9019949436187744,7.41759649827145e-05,False,,0.981609046459198,0.14091051137074828,-6.6647611320018765,0.006974920630455017
190976,0.8602588176727295,0.8602357387512224,2.3083896354025196e-05,-2.0480124950408936,0.0,5.644981501973234e-05,0.0008903222782409434,0.5185514710388527,0.6219472480801955,0.8337547479139088,-1.912697196006775,7.833283598301932e-05,False,,0.981609046459198,0.14091051137074828,-6.6647611320018765,0.006974920630455017
191232,0.049747712910175323,0.04962930908203125,0.0001184023864578468,-2.019282817840576,0.0,0.0003003430610988289,0.004740154284866729,0.49957186767466455,0.621552436943467,0.803748546351694,-1.9174168109893799,7.535553595516831e-05,False,,0.981609046459198,0.14091051137074828,-6.6647611320018765,0.006974920630455017
191488,-0.15865539014339447,-0.1586814317832963,2.604686469607728e-05,-1.7081427574157715,0.0,7.067706610541791e-05,0.0011162058596753746,0.4667036007793844,0.6211563235394783,0.7513464535304253,-1.9104341268539429,0.000112347406684421,False,,0.981609046459198,0.14091051137074828,-6.6647611320018765,0.006974920630455017
191744,0.637397050857544,0.6373514434814482,4.563692433586615e-05,-1.8089646100997925,0.0,0.00011650930537143722,0.0018412676319512309,0.4957120143094431,0.6207604625773102,0.7985560360131773,-1.9293222427368164,9.103582124225795e-05,False,,0.981609046459198,0.14091051137074828,-6.6647611320018765,0.006974920630455017
192000,0.11455104500055313,0.1145065024703974,4.45422580683843e-05,-2.036268949508667,0.0,0.00011026249558199197,0.0017437054266887689,0.510892004883742,0.6203664048101559,0.8235326750810833,-1.9086079597473145,7.359676965279505e-05,False,,0.981609046459198,0.14091051137074828,-6.6647611320018765,0.006974920630455017
192256,1.4283801317214966,1.4283566619873076,2.3513333561561754e-05,-2.003551959991455,0.0,6.142194615676999e-05,0.0009719828935612285,0.4838219626563946,0.619971047260698,0.7803944471183464,-1.9073299169540405,8.486855222145095e-05,False,,0.981609046459198,0.14091051137074828,-6.6647611320018765,0.006974920630455017
192512,0.005594954825937748,0.0055949548866250556,0.0,0.0,0.0,0.0,0.0,0.0,0.0,0.0,-1.9210174083709717,8.481827535433695e-05,False,,0.981609046459198,0.14091051137074828,-6.6647611320018765,0.006974920630455017
192768,0.3056822419166565,0.3056664520263672,1.578803616900608e-05,-2.0047130584716797,0.0,5.003989645047113e-05,0.000792918691137205,0.3982258545668247,0.6191826358362142,0.6431476458137678,-1.8990187644958496,0.00011198860011063516,False,,0.9778178930282593,0.15829678475856782,-6.657033759355545,0.006125198677182198
193024,0.5707430839538574,0.5707013427734404,4.172515307615495e-05,-2.028620958328247,0.0,0.00010964975808747113,0.001738635425748885,0.4799758760026716,0.6187880326989827,0.7756709093243921,-1.884295105934143,0.00010235053196083754,False,,0.9778178930282593,0.15829678475856782,-6.657033759355545,0.006125198677182198
193280,0.0518459752202034,0.05181846160888672,2.751229440056861e-05,-1.6690593957901,0.0,0.00011116833047708496,0.001763879897374292,0.3119520148908478,0.6183952270272187,0.5044541116374386,-1.898182988166809,7.688191544730216e-05,False,,0.9778178930282593,0.15829678475856782,-6.657033759355545,0.006125198677182198
193536,0.4905441105365753,0.4905249691093428,1.913207872528852e-05,-1.9662400484085083,0.0,4.929012357024476e-05,0.0007825924684391071,0.48894103883845824,0.618001125703133,0.791165288383842,-1.9203355312347412,9.238743223249912e-05,False,,0.9778178930282593,0.15829678475856782,-6.657033759355545,0.006125198677182198
193792,-0.035172417759895325,-0.0351948300697346,2.241313827101932e-05,-1.9220640659332275,0.0,5.501869600266218e-05,0.0008741249144945649,0.5128131666165586,0.6176072755385759,0.8303224183513173,-1.8976794481277466,9.405567834619433e-05,False,,0.9778178930282593,0.15829678475856782,-6.657033759355545,0.006125198677182198
194048,-0.008096467703580856,-0.008118761444091797,2.2293940211812053e-05,-1.996460199356079,0.0,6.919577572261915e-05,0.001100091304434812,0.40531072506324173,0.6172152194096037,0.6566764919551743,-1.8871376514434814,8.621114830020815e-05,False,,0.9778178930282593,0.15829678475856782,-6.657033759355545,0.006125198677182198
194304,0.48245474696159363,0.4824369735717803,1.778508756583295e-05,-2.060389280319214,0.0,4.902105138171464e-05,0.0007798632628606071,0.4561078438442062,0.6168218701006439,0.739448236116831,-1.9041744470596313,9.044486796483397e-05,False,,0.9778178930282593,0.15829678475856782,-6.657033759355545,0.006125198677182198
194560,-2.062399387359619,-2.062578056546024,0.000178709614483514,-2.032334327697754,0.0,0.00045031646732240915,0.007168693008188055,0.4985835333704276,0.6164287714719558,0.80882586349737,-1.9048548936843872,7.56245426600799e-05,False,,0.9778178930282593,0.15829678475856782,-6.657033759355545,0.006125198677182198
194816,1.1294893026351929,1.1294632133483917,2.6133320284129302e-05,-2.060142993927002,0.0,6.488426879514009e-05,0.0010335854434984284,0.5056828237765142,0.6160374634555151,0.8208637522465063,-1.887949824333191,7.655686204088852e-05,False,,0.9819508194923401,0.13015604158863425,-6.626004892587662,0.0071799433790147305
195072,0.8395259976387024,0.8394976196289063,2.8368758614972452e-05,-2.0299642086029053,0.0,7.689662015764043e-05,0.0012257440194279397,0.4628822684888526,0.6156448647267032,0.7518657183867441,-1.9069240093231201,8.860261004883796e-05,False,,0.9819508194923401,0.13015604158863425,-6.626004892587662,0.0071799433790147305
195328,0.4816560447216034,0.4816330996261561,2.2939191048642474e-05,-1.9813896417617798,0.0,5.915503061260097e-05,0.0009435597381707144,0.48622657624444293,0.6152525161998207,0.7902878305117359,-1.8941433429718018,8.267506200354546e-05,False,,0.9819508194923401,0.13015604158863425,-6.626004892587662,0.0071799433790147305
195584,-0.5520918369293213,-0.5521136962890625,2.1845388397997807e-05,-2.0565314292907715,0.0,6.036074410076253e-05,0.0009634207571053405,0.45349632000111095,0.6148619548683801,0.7375579451784234,-1.8780896663665771,7.965968688949943e-05,False,,0.9819508194923401,0.13015604158863425,-6.626004892587662,0.0071799433790147305
195840,0.29811251163482666,0.2980464728248597,6.603981910739295e-05,-1.8541276454925537,0.0,0.00017570897762198,0.002806336901396056,0.47064783329856386,0.6144701052874764,0.765940977841996,-1.88455069065094,9.751525794854388e-05,False,,0.9819508194923401,0.13015604158863425,-6.626004892587662,0.0071799433790147305
196096,0.21061675250530243,0.21060575046539454,1.0998105886647122e-05,-1.570676565170288,0.0,4.759955118061043e-05,0.000760731970507945,0.28914535770867167,0.6140800406292548,0.4708593971111341,-1.897918462753296,7.358370930887759e-05,False,,0.9819508194923401,0.13015604158863425,-6.626004892587662,0.0071799433790147305
196352,0.9225825667381287,0.9225582626342774,2.4287676740372372e-05,-2.0605781078338623,0.0,6.293613841990009e-05,0.0010064972716154912,0.48261783564279565,0.6136886893598247,0.7864212653914856,-1.899448275566101,9.326144208898768e-05,False,,0.9819508194923401,0.13015604158863425,-6.626004892587662,0.0071799433790147305
196608,-1.2412058115005493,-1.2412414115905763,3.559528990909224e-05,-2.032796621322632,0.0,8.767567487666383e-05,0.0014030558413623846,0.5073966247063805,0.613297587497322,0.8273253230571301,-1.897700309753418,7.536720659118146e-05,False,,0.9819508194923401,0.13015604158863425,-6.626004892587662,0.0071799433790147305
196864,0.02039339765906334,0.020381192498779274,1.2204599914274557e-05,-2.0283665657043457,0.0,3.882749660988338e-05,0.0006217518409991589,0.39258749582990193,0.612908267151553,0.6405322245927992,-1.9194436073303223,8.452466136077419e-05,False,,0.9806361794471741,0.1510959004983306,-6.614189958572387,0.009764149785041809
197120,0.4194551706314087,0.419440023803711,1.5141784443026918e-05,-2.0253713130950928,0.0,4.233877916703932e-05,0.0006784199547839454,0.446383816874876,0.6125176626496576,0.7287688896086489,-1.9221922159194946,9.78948810370639e-05,False,,0.9806361794471741,0.1510959004983306,-6.614189958572387,0.009764149785041809
197376,0.32642829418182373,0.3264044758018514,2.380617876739937e-05,-1.9845927953720093,0.0,5.881384640815668e-05,0.0009430225790180762,0.5048909601334804,0.6121273070787768,0.8248136528052395,-1.856569766998291,9.255749318981543e-05,False,,0.9806361794471741,0.1510959004983306,-6.614189958572387,0.009764149785041809
197632,0.49521881341934204,0.49517922134399417,3.9584736714354315e-05,-2.0331735610961914,0.0,0.00010050890705315396,0.001612604299801927,0.49094172351166904,0.6117387296251804,0.8025349707913293,-1.9050369262695312,8.197014540201053e-05,False,,0.9806361794471741,0.1510959004983306,-6.614189958572387,0.009764149785041809
197888,0.7747932076454163,0.7747845199584962,8.696957430865713e-06,-2.052436351776123,0.0,2.342926018172875e-05,0.0003761519639765417,0.46241722834168636,0.6113488704658547,0.7563884562170193,-1.8875060081481934,7.55788350943476e-05,False,,0.9806361794471741,0.1510959004983306,-6.614189958572387,0.009764149785041809
198144,0.8114729523658752,0.811429605102542,4.3346651921437374e-05,-2.0357117652893066,0.0,0.0001108891301555559,0.001781455039434126,0.4866432322109719,0.6109592597625395,0.7965232123662627,-1.917637825012207,8.449648157693446e-05,False,,0.9806361794471741,0.1510959004983306,-6.614189958572387,0.009764149785041809
198400,0.019070368260145187,0.019059845814513393,1.052283992519585e-05,-1.9321982860565186,0.0,2.8692889827652834e-05,0.00046125368337691924,0.4562712582870359,0.6105714237835457,0.7472856418003426,-1.9036458730697632,8.476155926473439e-05,False,,0.9806361794471741,0.1510959004983306,-6.614189958572387,0.009764149785041809
198656,0.42946866154670715,0.4294437446594209,2.4904569083767588e-05,-1.9721349477767944,0.0,6.75614646752365e-05,0.001086788461802149,0.45831493356986874,0.6101823085445444,0.7511114746395683,-1.8879460096359253,9.543892520014197e-05,False,,0.9806361794471741,0.1510959004983306,-6.614189958572387,0.009764149785041809
198912,-0.014281258918344975,-0.01430104280395317,1.9784289759613865e-05,-1.4551458358764648,0.0,7.880575867602602e-05,0.0012684777808628376,0.3119375058529806,0.6097949657729641,0.5115449017483684,-1.9229669570922852,8.281375630758703e-05,False,,0.9822555780410767,0.13414168879389762,-6.617922109365463,0.00527087552472949
199168,0.5859297513961792,0.585902707805633,2.706862589908686e-05,-1.9143551588058472,0.0,7.308071508305147e-05,0.001177083802857071,0.45992691146347725,0.6094063453681993,0.754713033362973,-1.8916587829589844,8.440671081189066e-05,False,,0.9822555780410767,0.13414168879389762,-6.617922109365463,0.00527087552472949
199424,-1.4061439037322998,-1.406193359375,4.946540482526326e-05,-1.9775166511535645,0.0,0.00012953912664670497,0.0020877807352349697,0.47385632016281787,0.6090179726299905,0.7780662336063927,-1.9034807682037354,9.958090231521055e-05,False,,0.9822555780410767,0.13414168879389762,-6.617922109365463,0.00527087552472949
199680,-0.2031700313091278,-0.20319127289428726,2.1237187307412612e-05,-1.9620087146759033,0.0,6.823914736742154e-05,0.001100513530450358,0.385950498922477,0.608631368977021,0.6341285030562542,-1.9172152280807495,7.813423871994019e-05,False,,0.9822555780410767,0.13414168879389762,-6.617922109365463,0.00527087552472949
199936,0.1646176129579544,0.16460597000122362,1.1641179470125677e-05,-2.0328779220581055,0.0,3.013345667568501e-05,0.0004862833035492271,0.4787817877011368,0.6082434901288173,0.7871548080189689,-1.914505124092102,8.224102930398658e-05,False,,0.9822555780410767,0.13414168879389762,-6.617922109365463,0.00527087552472949
200192,0.2242773175239563,0.2242548294067383,2.2494557364082596e-05,-2.0403425693511963,0.0,5.522637366084382e-05,0.0008917953121845425,0.5044780356375704,0.6078558584745779,0.8299303668859334,-1.918891191482544,8.250240352936089e-05,False,,0.9822555780410767,0.13414168879389762,-6.617922109365463,0.00527087552472949
200448,0.2501428723335266,0.2501200569152832,2.2826386904842723e-05,-1.9920567274093628,0.0,5.8707209973363206e-05,0.0009486082718026981,0.48126054944607116,0.6074699925298499,0.792237567886817,-1.9213587045669556,7.914614980109036e-05,False,,0.9822555780410767,0.13414168879389762,-6.617922109365463,0.00527087552472949
200704,-0.2665775418281555,-0.2665937835693389,1.6241205479946872e-05,-2.0534842014312744,0.0,4.368166264612228e-05,0.000706272294247008,0.4599134246731971,0.6070828538231863,0.7575793349735217,-1.9072277545928955,0.00013868702808395028,False,,0.9822555780410767,0.13414168879389762,-6.617922109365463,0.00527087552472949
