timesteps,reward,length,source,scenario,k
39,-15.29349,39,synthetic,0,18
69,-32.30006,30,synthetic,2,9
97,4.579171,28,real,-1,7
139,-15.834768,42,synthetic,0,21
172,-10.35362,33,real,-1,12
199,-25.371568,27,synthetic,1,6
236,-4.612074,37,real,-1,16
277,-4.360799,41,real,-1,20
318,-5.596355,41,real,-1,20
347,-26.728105,29,synthetic,1,8
375,-0.936407,28,real,-1,7
411,2.244444,36,real,-1,15
453,-6.100813,42,real,-1,21
478,-2.052166,25,real,-1,4
514,-27.142433,36,synthetic,0,15
556,-6.396741,42,real,-1,21
588,-4.717874,32,real,-1,11
622,-26.437076,34,synthetic,1,13
656,-3.24305,34,real,-1,13
687,-22.97294,31,synthetic,2,10
718,0.336915,31,real,-1,10
740,-28.395078,22,synthetic,2,1
763,-27.70275,23,synthetic,2,2
800,-22.027444,37,synthetic,1,16
826,-15.253766,26,synthetic,0,5
858,-35.48382,32,synthetic,2,11
884,-2.472609,26,real,-1,5
914,-0.120806,30,real,-1,9
952,0.788827,38,real,-1,17
990,-25.229983,38,synthetic,1,17
1032,-14.039052,42,synthetic,0,21
1070,-22.968052,38,synthetic,1,17
1093,-5.791502,23,real,-1,2
1122,-8.70382,29,synthetic,0,8
1154,-7.171447,32,real,-1,11
1188,-5.40434,34,real,-1,13
1227,-13.004297,39,real,-1,18
1267,-8.383318,40,real,-1,19
1300,-30.696063,33,synthetic,2,12
1323,1.560957,23,real,-1,2
1346,-17.288349,23,synthetic,0,2
1377,-4.779407,31,real,-1,10
1399,-18.568928,22,synthetic,0,1
1430,-11.626664,31,real,-1,10
1462,-16.66228,32,synthetic,0,11
1494,-32.898813,32,synthetic,2,11
1520,-18.627333,26,synthetic,0,5
1557,-16.323778,37,synthetic,1,16
1595,-21.258221,38,synthetic,1,17
1635,-12.679959,40,synthetic,0,19
1672,-32.865742,37,synthetic,1,16
1698,-12.560738,26,synthetic,1,5
1733,-5.548995,35,real,-1,14
1760,-21.088741,27,synthetic,0,6
1802,1.479745,42,real,-1,21
1838,-16.734162,36,synthetic,0,15
1860,0.426785,22,real,-1,1
1902,-1.517136,42,real,-1,21
1928,-30.664182,26,synthetic,2,5
1965,-1.180243,37,real,-1,16
2007,-17.129523,42,synthetic,0,21
2029,-26.207521,22,synthetic,1,1
2061,-0.657007,32,real,-1,11
2101,-2.548341,40,real,-1,19
2135,-45.291889,34,synthetic,2,13
2174,0.188839,39,real,-1,18
2195,-36.241673,21,synthetic,2,0
2224,-3.491028,29,real,-1,8
2247,-31.902984,23,synthetic,2,2
2278,-36.327279,31,synthetic,1,10
2310,-17.549562,32,synthetic,0,11
2331,-4.090174,21,real,-1,0
2362,-13.90972,31,synthetic,0,10
2387,0.728478,25,real,-1,4
2419,-10.968546,32,real,-1,11
2443,-50.055037,24,synthetic,2,3
2473,-24.724828,30,synthetic,1,9
2502,-37.799966,29,synthetic,2,8
2538,-1.224538,36,real,-1,15
2570,1.314461,32,real,-1,11
2597,-34.262701,27,synthetic,2,6
2637,-17.432561,40,synthetic,0,19
2666,-1.488082,29,real,-1,8
2705,-7.548673,39,real,-1,18
2734,-44.810016,29,synthetic,2,8
2759,-11.028901,25,synthetic,0,4
2789,-5.584465,30,real,-1,9
2811,-38.369018,22,synthetic,2,1
2835,-5.835489,24,real,-1,3
2857,-7.335609,22,real,-1,1
2882,-2.319556,25,real,-1,4
2920,-15.253534,38,synthetic,0,17
2944,0.185409,24,real,-1,3
2974,-40.073388,30,synthetic,2,9
3009,-9.266035,35,real,-1,14
3041,-42.992893,32,synthetic,2,11
3067,-36.95414,26,synthetic,2,5
3101,-5.398488,34,real,-1,13
3136,-5.324283,35,real,-1,14
3168,-12.573564,32,synthetic,0,11
3192,-38.164424,24,synthetic,2,3
3234,-19.853316,42,synthetic,1,21
3275,-14.118117,41,synthetic,0,20
3306,0.816716,31,real,-1,10
3341,-36.951103,35,synthetic,1,14
3367,-17.029035,26,synthetic,2,5
3389,-5.436331,22,real,-1,1
3428,-7.853518,39,synthetic,0,18
3449,0.83565,21,real,-1,0
3473,-9.753369,24,synthetic,0,3
3506,-3.01437,33,real,-1,12
3544,-0.548996,38,real,-1,17
3583,-41.72271,39,synthetic,2,18
3622,-12.690946,39,synthetic,1,18
3652,-12.118416,30,synthetic,0,9
3677,-17.933925,25,synthetic,0,4
3714,-23.522338,37,synthetic,0,16
3746,-4.350377,32,real,-1,11
3771,-18.675936,25,synthetic,1,4
3803,-23.078743,32,synthetic,1,11
3843,-3.888516,40,real,-1,19
3869,-3.696193,26,real,-1,5
3893,-2.023857,24,real,-1,3
3928,-15.355379,35,synthetic,1,14
3970,-14.335713,42,synthetic,0,21
4005,-12.723192,35,synthetic,0,14
4041,-38.648402,36,synthetic,2,15
4076,-16.311226,35,synthetic,0,14
4103,-8.051264,27,real,-1,6
4135,-24.500516,32,synthetic,0,11
4160,-13.637356,25,synthetic,0,4
4202,-38.776546,42,synthetic,2,21
4237,-14.992254,35,synthetic,0,14
4279,-46.479573,42,synthetic,2,21
4309,-24.022426,30,synthetic,1,9
4337,-12.763329,28,synthetic,0,7
4363,-1.568141,26,real,-1,5
4396,2.76348,33,real,-1,12
4417,-0.573873,21,real,-1,0
4446,-12.672291,29,synthetic,0,8
4473,2.904729,27,real,-1,6
4494,2.212566,21,real,-1,0
4532,-10.46005,38,synthetic,0,17
4553,-0.63336,21,real,-1,0
4577,-27.846432,24,synthetic,1,3
4598,-13.530863,21,synthetic,0,0
4626,-37.528024,28,synthetic,2,7
4656,-14.675658,30,synthetic,1,9
4678,-14.990472,22,synthetic,0,1
4708,0.496862,30,real,-1,9
4729,-20.152785,21,synthetic,1,0
4765,-1.783052,36,real,-1,15
4799,-4.058758,34,real,-1,13
4833,-5.577945,34,real,-1,13
4865,-31.405558,32,synthetic,1,11
4907,-0.103152,42,real,-1,21
4946,-2.503182,39,real,-1,18
4981,-8.413593,35,real,-1,14
5019,-38.861927,38,synthetic,2,17
5048,1.341601,29,real,-1,8
5090,-48.558891,42,synthetic,2,21
5113,-22.804565,23,synthetic,1,2
5151,-9.7062,38,synthetic,0,17
5184,-7.175485,33,real,-1,12
5216,0.460581,32,real,-1,11
5237,-20.914653,21,synthetic,1,0
5270,-44.700786,33,synthetic,2,12
5307,-41.83197,37,synthetic,2,16
5332,-1.08477,25,real,-1,4
5372,-10.392348,40,real,-1,19
5401,-8.746803,29,real,-1,8
5425,-4.017924,24,real,-1,3
5446,-41.081935,21,synthetic,2,0
5485,-31.02384,39,synthetic,1,18
5509,-10.462977,24,synthetic,0,3
5550,-25.587781,41,synthetic,1,20
5577,-3.371875,27,real,-1,6
5606,-35.771803,29,synthetic,2,8
5642,-6.268202,36,real,-1,15
5682,-27.337029,40,synthetic,1,19
5721,-32.857694,39,synthetic,2,18
5752,-1.133447,31,real,-1,10
5773,-1.910135,21,real,-1,0
5810,-10.807381,37,real,-1,16
5841,-38.240228,31,synthetic,2,10
5881,-12.298531,40,real,-1,19
5919,-14.604263,38,synthetic,0,17
5944,-3.130199,25,real,-1,4
5975,-9.027943,31,real,-1,10
6010,-0.714844,35,real,-1,14
6033,0.265479,23,real,-1,2
6057,-14.268132,24,synthetic,0,3
6080,-14.575799,23,real,-1,2
6104,-7.921251,24,synthetic,0,3
6143,-34.545899,39,synthetic,1,18
6167,1.165834,24,real,-1,3
6201,-32.893422,34,synthetic,2,13
6234,-43.397067,33,synthetic,2,12
6272,-24.544311,38,synthetic,1,17
6310,-36.557794,38,synthetic,2,17
6339,-2.11978,29,real,-1,8
6380,-34.733716,41,synthetic,2,20
6415,0.139474,35,real,-1,14
6442,-22.934995,27,synthetic,1,6
6475,-24.88845,33,synthetic,0,12
6497,-42.771034,22,synthetic,2,1
6527,-6.073351,30,real,-1,9
6556,-45.458431,29,synthetic,2,8
6578,-26.025157,22,synthetic,1,1
6610,-7.088307,32,synthetic,0,11
6640,-14.233588,30,synthetic,0,9
6669,-9.501087,29,real,-1,8
6690,-39.093374,21,synthetic,1,0
6716,1.010544,26,real,-1,5
6751,-35.926832,35,synthetic,1,14
6784,-8.56112,33,real,-1,12
6815,-0.479547,31,real,-1,10
6847,-8.659803,32,real,-1,11
6884,-0.45753,37,real,-1,16
6926,-29.695019,42,synthetic,2,21
6965,-1.702003,39,real,-1,18
6996,-12.426551,31,synthetic,0,10
7018,-16.827784,22,synthetic,1,1
7040,-6.954157,22,real,-1,1
7066,-8.042527,26,real,-1,5
7102,-30.04023,36,synthetic,2,15
7144,-4.251807,42,real,-1,21
7170,-47.972099,26,synthetic,2,5
7198,-31.622485,28,synthetic,2,7
7219,3.690193,21,real,-1,0
7253,-5.529477,34,real,-1,13
7282,-18.695111,29,synthetic,1,8
7308,-28.738022,26,synthetic,1,5
7341,-28.221276,33,synthetic,2,12
7363,-2.096412,22,real,-1,1
7394,-13.560025,31,synthetic,0,10
7427,-0.924161,33,real,-1,12
7456,-8.451187,29,real,-1,8
7488,-5.576952,32,real,-1,11
7527,-35.073034,39,synthetic,1,18
7553,-0.86084,26,real,-1,5
7595,-8.406518,42,real,-1,21
7618,-3.331595,23,real,-1,2
7644,-2.911708,26,real,-1,5
7681,-6.479327,37,real,-1,16
7719,-3.675463,38,real,-1,17
7756,-4.609448,37,real,-1,16
7787,9.869929,31,real,-1,10
7814,0.501145,27,real,-1,6
7853,-7.605932,39,synthetic,0,18
7880,-8.111839,27,real,-1,6
7918,-12.397037,38,synthetic,0,17
7945,-36.173147,27,synthetic,2,6
7984,-5.746926,39,real,-1,18
8013,-14.38028,29,synthetic,0,8
8051,-17.039389,38,synthetic,0,17
8072,-34.040217,21,synthetic,2,0
8094,-14.801064,22,synthetic,0,1
8120,-14.09347,26,synthetic,1,5
8154,-16.956488,34,synthetic,1,13
8192,-36.722717,38,synthetic,2,17
8222,-40.805496,30,synthetic,2,9
8248,-21.815628,26,synthetic,1,5
8285,-9.945892,37,real,-1,16
8321,-22.603255,36,synthetic,1,15
8354,-4.268711,33,real,-1,12
8387,2.181649,33,real,-1,12
8417,-23.53238,30,synthetic,1,9
8459,-1.104601,42,real,-1,21
8483,2.934941,24,real,-1,3
8518,-34.715698,35,synthetic,2,14
8544,-2.735661,26,real,-1,5
8565,0.186856,21,real,-1,0
8591,-30.401404,26,synthetic,1,5
8632,-9.770174,41,real,-1,20
8673,-20.139395,41,synthetic,0,20
8699,-1.130861,26,real,-1,5
8723,-12.801048,24,real,-1,3
8749,-26.203806,26,synthetic,1,5
8788,-6.173827,39,synthetic,0,18
8819,-44.154748,31,synthetic,2,10
8847,-4.429121,28,real,-1,7
8882,-15.420693,35,synthetic,1,14
8915,-0.594184,33,real,-1,12
8955,-28.549746,40,synthetic,1,19
8994,-51.544498,39,synthetic,2,18
9034,-5.080158,40,real,-1,19
9074,-2.078886,40,real,-1,19
9096,-32.936974,22,synthetic,2,1
9124,-27.739589,28,synthetic,2,7
9154,-9.478899,30,real,-1,9
9175,-16.278725,21,synthetic,0,0
9198,-2.866923,23,real,-1,2
9234,-12.249542,36,real,-1,15
9263,-16.411651,29,synthetic,0,8
9305,-8.185256,42,real,-1,21
9339,-50.149148,34,synthetic,2,13
9363,-0.167605,24,real,-1,3
9384,-15.874843,21,synthetic,1,0
9419,1.440173,35,real,-1,14
9440,-14.191938,21,synthetic,0,0
9478,-5.772115,38,real,-1,17
9517,-31.745947,39,synthetic,1,18
9538,-2.796978,21,real,-1,0
9575,-0.031772,37,real,-1,16
9607,-5.262947,32,real,-1,11
9643,-39.898764,36,synthetic,2,15
9682,1.295483,39,real,-1,18
9716,-7.564483,34,real,-1,13
9754,-14.798742,38,synthetic,0,17
9784,-10.562308,30,real,-1,9
9815,-34.966615,31,synthetic,2,10
9840,-7.178615,25,real,-1,4
9869,-37.33013,29,synthetic,2,8
9900,-45.270409,31,synthetic,2,10
9936,-0.551496,36,real,-1,15
9969,-6.154669,33,real,-1,12
10010,-1.904166,41,real,-1,20
10050,-5.485618,40,real,-1,19
10071,-28.179351,21,synthetic,1,0
10094,-4.002798,23,real,-1,2
10127,-20.213138,33,synthetic,1,12
10168,-8.666496,41,real,-1,20
10194,2.840549,26,real,-1,5
10218,0.567855,24,real,-1,3
10246,-30.539413,28,synthetic,1,7
10287,-4.51173,41,real,-1,20
10321,-8.868532,34,real,-1,13
10348,-22.486089,27,synthetic,1,6
10387,-42.180737,39,synthetic,1,18
10425,-18.444553,38,synthetic,1,17
10456,-15.052053,31,synthetic,0,10
10478,-10.325703,22,real,-1,1
10503,-28.817345,25,synthetic,1,4
10530,-1.234516,27,real,-1,6
10566,-12.284856,36,synthetic,0,15
10595,-22.46342,29,synthetic,2,8
10634,4.881473,39,real,-1,18
10662,-32.206895,28,synthetic,2,7
10701,-3.192647,39,real,-1,18
10736,-10.697257,35,synthetic,0,14
10772,-6.859604,36,real,-1,15
10813,-14.531097,41,synthetic,0,20
10842,-2.498724,29,real,-1,8
10877,-1.210471,35,real,-1,14
10910,-40.143633,33,synthetic,2,12
10945,-7.720517,35,synthetic,0,14
10980,-14.442006,35,synthetic,0,14
11018,0.124758,38,real,-1,17
11043,-9.473486,25,synthetic,0,4
11082,-28.944549,39,synthetic,1,18
11106,-12.239475,24,synthetic,0,3
11140,-34.414512,34,synthetic,2,13
11176,-25.365478,36,synthetic,1,15
11197,4.152586,21,real,-1,0
11227,-9.861159,30,synthetic,0,9
11253,-11.904629,26,synthetic,0,5
11290,-20.059773,37,synthetic,0,16
11323,6.314261,33,real,-1,12
11356,-12.655372,33,synthetic,0,12
11377,-2.92543,21,real,-1,0
11398,-12.88747,21,synthetic,0,0
11433,-11.969309,35,synthetic,0,14
11457,-2.659719,24,real,-1,3
11492,-36.32506,35,synthetic,2,14
11520,-0.164793,28,real,-1,7
11559,-11.984034,39,real,-1,18
11583,-1.962778,24,real,-1,3
11617,-0.535478,34,real,-1,13
11658,-30.49124,41,synthetic,2,20
11682,2.371972,24,real,-1,3
11719,-0.807968,37,real,-1,16
11760,-6.947815,41,real,-1,20
11797,-21.642771,37,synthetic,1,16
11830,-9.770761,33,synthetic,0,12
11856,-9.694239,26,synthetic,0,5
11892,3.124876,36,real,-1,15
11921,-1.334532,29,real,-1,8
11947,-13.303793,26,synthetic,1,5
11977,-10.663095,30,real,-1,9
12010,-0.189425,33,real,-1,12
12045,-4.757254,35,real,-1,14
12066,-28.051142,21,synthetic,1,0
12094,-5.038545,28,real,-1,7
12116,-16.08676,22,synthetic,1,1
12150,-13.15637,34,synthetic,0,13
12191,-27.751159,41,synthetic,1,20
12223,-43.225796,32,synthetic,2,11
12260,-18.600791,37,synthetic,1,16
12297,-4.646672,37,synthetic,0,16
12332,-39.721595,35,synthetic,2,14
12360,-9.766914,28,real,-1,7
12395,-20.50251,35,synthetic,1,14
12424,-5.227032,29,real,-1,8
12461,-7.223837,37,real,-1,16
12497,-33.278056,36,synthetic,2,15
12534,-2.667074,37,real,-1,16
12557,-12.245982,23,synthetic,0,2
12583,0.727257,26,real,-1,5
12619,-2.390973,36,real,-1,15
12643,-25.000453,24,synthetic,2,3
12676,-1.278345,33,real,-1,12
12701,-5.866534,25,real,-1,4
12725,-13.921261,24,synthetic,0,3
12751,-26.859462,26,synthetic,2,5
12793,-1.39178,42,real,-1,21
12820,-24.043814,27,synthetic,1,6
12841,-3.375023,21,real,-1,0
12871,-19.960046,30,synthetic,1,9
12904,-22.668744,33,synthetic,1,12
12932,-35.440945,28,synthetic,1,7
12974,-0.878297,42,real,-1,21
13006,-2.575584,32,real,-1,11
13036,0.0967,30,real,-1,9
13061,-16.92783,25,synthetic,0,4
13096,-8.208642,35,real,-1,14
13118,-13.302474,22,synthetic,0,1
13158,-31.004672,40,synthetic,2,19
13200,-1.786138,42,real,-1,21
13238,1.221452,38,real,-1,17
13259,-23.236692,21,synthetic,2,0
13290,-43.393686,31,synthetic,2,10
13329,-32.980235,39,synthetic,1,18
13367,-2.356655,38,real,-1,17
13407,-7.592952,40,synthetic,0,19
13437,-3.198061,30,real,-1,9
13471,-33.508237,34,synthetic,1,13
13494,-4.966505,23,real,-1,2
13536,-17.200716,42,synthetic,0,21
13571,-2.776389,35,real,-1,14
13596,-31.551855,25,synthetic,1,4
13620,-2.656905,24,real,-1,3
13641,-24.669747,21,synthetic,1,0
13668,-37.926675,27,synthetic,2,6
13706,-4.781333,38,real,-1,17
13730,-26.771462,24,synthetic,1,3
13761,-44.405809,31,synthetic,2,10
13790,-27.876705,29,synthetic,1,8
13830,-34.451425,40,synthetic,2,19
13858,-27.049159,28,synthetic,1,7
13884,-43.820317,26,synthetic,2,5
13926,-34.761823,42,synthetic,1,21
13965,-26.347468,39,synthetic,2,18
13989,-2.335278,24,real,-1,3
14025,-14.586107,36,synthetic,0,15
14052,-11.690218,27,synthetic,0,6
14077,-39.037217,25,synthetic,2,4
14111,0.514886,34,real,-1,13
14142,-17.236812,31,synthetic,0,10
14169,-41.411397,27,synthetic,2,6
14191,-2.803821,22,real,-1,1
14232,-22.682395,41,synthetic,1,20
14261,-1.879786,29,real,-1,8
14303,-44.515607,42,synthetic,2,21
14345,-15.861791,42,synthetic,1,21
14367,-5.540979,22,real,-1,1
14406,-3.126181,39,real,-1,18
14428,-1.147206,22,real,-1,1
14453,-35.969493,25,synthetic,2,4
14495,-40.883296,42,synthetic,2,21
14536,-6.980538,41,real,-1,20
14566,-1.615877,30,real,-1,9
14599,-37.664103,33,synthetic,2,12
14635,-9.18346,36,real,-1,15
14676,-0.738368,41,real,-1,20
14705,-17.33959,29,synthetic,0,8
14727,-21.931056,22,synthetic,1,1
14766,-28.381322,39,synthetic,1,18
14790,-7.027877,24,synthetic,0,3
14828,-13.897092,38,synthetic,0,17
14862,1.405929,34,real,-1,13
14891,-4.423919,29,real,-1,8
14919,-33.445557,28,synthetic,2,7
14944,-9.94508,25,real,-1,4
14984,-24.852858,40,synthetic,2,19
15005,-35.519296,21,synthetic,2,0
15038,-7.195529,33,real,-1,12
15067,-30.763441,29,synthetic,1,8
15089,-6.412994,22,synthetic,0,1
15131,-1.454622,42,real,-1,21
15157,-38.720172,26,synthetic,2,5
15184,-2.425513,27,real,-1,6
15209,-3.128045,25,real,-1,4
15250,-26.232352,41,synthetic,1,20
15283,-34.144255,33,synthetic,1,12
15319,-2.198772,36,real,-1,15
15347,-7.760636,28,synthetic,0,7
15373,-0.102907,26,real,-1,5
15402,-38.2569,29,synthetic,1,8
15431,-2.234638,29,real,-1,8
15458,-3.081628,27,real,-1,6
15491,-31.522037,33,synthetic,2,12
15521,-12.848754,30,synthetic,0,9
15560,-1.761816,39,real,-1,18
15586,-2.323404,26,real,-1,5
15621,-11.512685,35,synthetic,0,14
15650,0.022522,29,real,-1,8
15689,-12.526726,39,synthetic,0,18
15720,3.969514,31,real,-1,10
15759,-0.325846,39,real,-1,18
15800,-30.746443,41,synthetic,2,20
15824,-20.192332,24,synthetic,1,3
15866,-7.057105,42,real,-1,21
15891,-38.482234,25,synthetic,2,4
15913,-1.089627,22,real,-1,1
15937,0.690935,24,real,-1,3
15977,-47.505997,40,synthetic,2,19
16009,-42.40986,32,synthetic,2,11
16036,-20.543565,27,synthetic,1,6
16067,-29.301577,31,synthetic,2,10
16100,-8.36507,33,real,-1,12
16129,-2.546236,29,real,-1,8
16169,-7.372476,40,real,-1,19
16209,-1.434127,40,real,-1,19
16251,-11.267999,42,real,-1,21
16275,-15.560177,24,synthetic,1,3
16299,-35.464613,24,synthetic,2,3
16327,-10.499213,28,synthetic,0,7
16351,-22.26039,24,synthetic,1,3
16376,-14.218544,25,synthetic,0,4
16416,1.657255,40,real,-1,19
16443,-31.679292,27,synthetic,1,6
16469,-5.290687,26,real,-1,5
16498,3.157141,29,real,-1,8
16528,-3.763048,30,real,-1,9
16566,4.213194,38,real,-1,17
16592,-14.779087,26,synthetic,0,5
16616,-31.230627,24,synthetic,2,3
16644,0.287312,28,real,-1,7
16674,-19.903172,30,synthetic,0,9
16696,-5.694402,22,real,-1,1
16729,-0.170016,33,real,-1,12
16771,-35.549319,42,synthetic,1,21
16808,-23.026664,37,synthetic,0,16
16833,-0.784403,25,real,-1,4
16874,-22.565225,41,synthetic,1,20
16911,-7.232665,37,real,-1,16
16953,-26.033082,42,synthetic,2,21
16992,-5.045326,39,real,-1,18
17021,-12.552199,29,synthetic,0,8
17060,-8.101273,39,real,-1,18
17081,-3.485303,21,real,-1,0
17123,-7.022937,42,real,-1,21
17156,-18.627281,33,synthetic,1,12
17183,-0.367536,27,real,-1,6
17216,4.220875,33,real,-1,12
17256,-48.433753,40,synthetic,2,19
17284,-8.674542,28,real,-1,7
17313,-34.332804,29,synthetic,2,8
17335,-0.46306,22,real,-1,1
17360,-12.032843,25,synthetic,0,4
17392,7.544486,32,real,-1,11
17420,0.004218,28,real,-1,7
17448,-0.363686,28,real,-1,7
17472,-4.93459,24,real,-1,3
17512,-0.926963,40,real,-1,19
17534,-4.174032,22,real,-1,1
17560,-1.022309,26,real,-1,5
17590,-15.098474,30,real,-1,9
17614,-2.888996,24,real,-1,3
17646,5.596074,32,real,-1,11
17671,-25.728539,25,synthetic,1,4
17700,-27.531578,29,synthetic,1,8
17731,0.446264,31,real,-1,10
17752,-38.840679,21,synthetic,2,0
17782,-4.359614,30,real,-1,9
17810,-37.945881,28,synthetic,2,7
17844,-8.352653,34,real,-1,13
17876,-13.826133,32,synthetic,0,11
17907,-42.836554,31,synthetic,2,10
17941,-10.049022,34,synthetic,0,13
17970,-1.134976,29,real,-1,8
18012,-7.540955,42,real,-1,21
18040,-7.318965,28,real,-1,7
18065,-34.247807,25,synthetic,2,4
18100,-29.949083,35,synthetic,1,14
18125,-2.388671,25,real,-1,4
18148,-41.23434,23,synthetic,2,2
18187,-2.704395,39,real,-1,18
18224,-2.913789,37,real,-1,16
18257,-4.220131,33,real,-1,12
18298,-31.669384,41,synthetic,2,20
18323,-4.001153,25,real,-1,4
18353,-2.601429,30,real,-1,9
18383,-1.925121,30,real,-1,9
18418,-6.77075,35,real,-1,14
18459,-24.856811,41,synthetic,1,20
18483,-11.657052,24,synthetic,0,3
18525,-2.040705,42,real,-1,21
18556,-9.60073,31,synthetic,0,10
18585,1.633001,29,real,-1,8
18622,-17.222645,37,synthetic,1,16
18662,-13.977561,40,real,-1,19
18696,-41.381131,34,synthetic,2,13
18721,-34.409713,25,synthetic,2,4
18760,0.82539,39,real,-1,18
18796,-56.469887,36,synthetic,2,15
18825,-22.533883,29,synthetic,1,8
18847,-36.193141,22,synthetic,2,1
18868,0.117894,21,real,-1,0
18896,-38.940128,28,synthetic,2,7
18926,0.013701,30,real,-1,9
18948,-8.312943,22,synthetic,0,1
18981,-8.956782,33,synthetic,0,12
19007,-2.490811,26,real,-1,5
19034,3.637878,27,real,-1,6
19068,-15.143959,34,synthetic,0,13
19099,-35.508336,31,synthetic,2,10
19132,-22.296277,33,synthetic,1,12
19155,-34.557346,23,synthetic,2,2
19178,-1.979972,23,real,-1,2
19200,-2.257517,22,real,-1,1
19231,-25.523211,31,synthetic,2,10
19255,-15.196931,24,synthetic,0,3
19297,-41.825773,42,synthetic,1,21
19339,-29.623838,42,synthetic,1,21
19372,-4.914851,33,real,-1,12
19398,-38.863238,26,synthetic,2,5
19421,-4.151148,23,real,-1,2
19442,-30.952719,21,synthetic,1,0
19464,-4.255478,22,real,-1,1
19494,-20.54384,30,synthetic,1,9
19531,-26.046714,37,synthetic,2,16
19556,-0.732118,25,real,-1,4
19581,-3.073396,25,real,-1,4
19603,-16.866226,22,synthetic,0,1
19632,-3.73962,29,real,-1,8
19664,-38.449678,32,synthetic,2,11
19703,-4.368563,39,real,-1,18
19736,-23.840141,33,synthetic,1,12
19770,-15.49625,34,synthetic,0,13
19799,-7.164573,29,real,-1,8
19824,-3.93423,25,real,-1,4
19857,-45.886361,33,synthetic,2,12
19892,-6.399849,35,real,-1,14
19922,-5.263762,30,real,-1,9
19956,-0.693419,34,real,-1,13
19985,1.43049,29,real,-1,8
20011,-36.637899,26,synthetic,2,5
20047,-4.581779,36,real,-1,15
20089,2.841817,42,real,-1,21
20131,-5.254175,42,real,-1,21
20173,-23.807313,42,synthetic,1,21
20215,-3.700469,42,real,-1,21
20251,-31.475695,36,synthetic,2,15
20281,-9.630074,30,synthetic,0,9
20308,-39.392311,27,synthetic,2,6
20343,5.036379,35,real,-1,14
20378,-0.077931,35,real,-1,14
20415,0.412291,37,real,-1,16
20454,-40.129344,39,synthetic,2,18
20494,-7.672605,40,real,-1,19
20526,-5.268925,32,real,-1,11
20554,-8.446383,28,synthetic,0,7
20580,-10.765962,26,synthetic,0,5
20613,-4.432869,33,real,-1,12
20644,-0.142308,31,real,-1,10
20686,-4.835172,42,real,-1,21
20722,-42.73228,36,synthetic,2,15
20754,-17.733756,32,synthetic,0,11
20778,-26.968865,24,synthetic,1,3
20814,-8.130103,36,real,-1,15
20836,-35.126534,22,synthetic,2,1
20858,-9.093604,22,synthetic,0,1
20891,-0.370648,33,real,-1,12
20930,-4.795826,39,real,-1,18
20956,-3.775924,26,real,-1,5
20990,5.057663,34,real,-1,13
21016,-31.115091,26,synthetic,2,5
21047,-10.859774,31,real,-1,10
21068,-10.22368,21,synthetic,0,0
21089,-2.393089,21,real,-1,0
21120,-3.284444,31,real,-1,10
21144,3.265888,24,real,-1,3
21165,-11.246278,21,real,-1,0
21196,-4.024984,31,real,-1,10
21230,6.19972,34,real,-1,13
21272,-26.351939,42,synthetic,1,21
21303,-12.629435,31,synthetic,0,10
21339,-12.402936,36,real,-1,15
21362,1.708341,23,real,-1,2
21388,-13.148196,26,synthetic,0,5
21430,-33.965637,42,synthetic,1,21
21460,-5.429556,30,synthetic,0,9
21488,-3.773175,28,real,-1,7
21517,-3.8261,29,real,-1,8
21538,-32.211724,21,synthetic,1,0
21559,-0.654762,21,real,-1,0
21597,-30.117401,38,synthetic,2,17
21629,-4.336503,32,real,-1,11
21655,-43.119319,26,synthetic,2,5
21689,-3.186254,34,real,-1,13
21723,-24.266163,34,synthetic,1,13
21761,-38.16269,38,synthetic,1,17
21793,-9.838501,32,real,-1,11
21828,0.33012,35,real,-1,14
21865,-9.36947,37,real,-1,16
21905,-9.266483,40,real,-1,19
21946,2.221133,41,real,-1,20
21971,2.211502,25,real,-1,4
22005,1.254968,34,real,-1,13
22045,-15.57232,40,synthetic,0,19
22084,-2.214538,39,real,-1,18
22118,-36.592332,34,synthetic,2,13
22154,-6.492027,36,real,-1,15
22196,-3.344412,42,real,-1,21
22219,-9.05057,23,real,-1,2
22247,-1.845776,28,real,-1,7
22280,-1.277389,33,real,-1,12
22309,-11.78661,29,synthetic,0,8
22335,-4.669042,26,real,-1,5
22366,-2.667118,31,real,-1,10
22405,-3.005321,39,real,-1,18
22443,-37.893168,38,synthetic,2,17
22479,-2.94788,36,real,-1,15
22500,-5.216152,21,synthetic,0,0
22522,0.200194,22,real,-1,1
22562,-35.072113,40,synthetic,2,19
22585,0.559552,23,real,-1,2
22625,-13.907897,40,synthetic,0,19
22661,-10.133517,36,real,-1,15
22688,-32.882815,27,synthetic,1,6
22709,-5.335073,21,real,-1,0
22745,-9.689909,36,synthetic,0,15
22783,-0.611831,38,real,-1,17
22812,-12.851703,29,synthetic,0,8
22854,-26.734321,42,synthetic,1,21
22886,1.502296,32,real,-1,11
22928,-13.300495,42,synthetic,1,21
22958,-1.517623,30,real,-1,9
22992,1.4571,34,real,-1,13
23023,-26.270161,31,synthetic,2,10
23063,-41.207267,40,synthetic,2,19
23088,-17.539969,25,synthetic,0,4
23120,-29.725463,32,synthetic,2,11
23161,-17.015878,41,synthetic,0,20
23194,-1.475004,33,real,-1,12
23216,-7.884983,22,synthetic,0,1
23258,-5.051176,42,real,-1,21
23291,-4.649961,33,real,-1,12
23315,-23.398194,24,synthetic,1,3
23339,-26.943234,24,synthetic,1,3
23378,-8.909566,39,synthetic,0,18
23402,-2.71057,24,real,-1,3
23442,-7.836852,40,real,-1,19
23482,-2.855699,40,real,-1,19
23514,-0.606624,32,real,-1,11
23551,-37.720591,37,synthetic,2,16
23590,-1.24359,39,real,-1,18
23628,-5.156882,38,real,-1,17
23670,-14.875748,42,synthetic,0,21
23698,-26.958896,28,synthetic,2,7
23732,-30.024652,34,synthetic,2,13
23771,-12.119504,39,synthetic,0,18
23792,2.330881,21,real,-1,0
23815,-10.291001,23,synthetic,0,2
23851,-0.610075,36,real,-1,15
23883,-5.012109,32,real,-1,11
23920,-14.474589,37,synthetic,0,16
23957,-51.875048,37,synthetic,2,16
23981,-7.990354,24,synthetic,0,3
24006,-4.036397,25,real,-1,4
24037,-6.269569,31,real,-1,10
24069,-8.338022,32,real,-1,11
24092,-43.247003,23,synthetic,2,2
24131,-2.331264,39,real,-1,18
24167,-18.978538,36,synthetic,0,15
24199,-28.02113,32,synthetic,2,11
24233,-12.0274,34,synthetic,0,13
24255,-0.260608,22,real,-1,1
24291,-32.70668,36,synthetic,1,15
24325,-17.012823,34,synthetic,0,13
24356,-37.118932,31,synthetic,2,10
24389,-2.731578,33,real,-1,12
24420,-28.476461,31,synthetic,1,10
24453,-30.874723,33,synthetic,2,12
24493,-28.738592,40,synthetic,1,19
24523,-1.581802,30,real,-1,9
24545,-23.431579,22,synthetic,1,1
24587,-27.016326,42,synthetic,1,21
24613,-7.004007,26,real,-1,5
24639,-7.515372,26,real,-1,5
24661,-1.178076,22,real,-1,1
24686,-23.747008,25,synthetic,1,4
24707,-2.490232,21,real,-1,0
24745,-4.694194,38,real,-1,17
24766,-33.204644,21,synthetic,2,0
24807,-1.268677,41,real,-1,20
24849,0.463633,42,real,-1,21
24884,-4.873683,35,real,-1,14
24922,-14.246357,38,synthetic,0,17
24959,-32.86544,37,synthetic,2,16
24984,-29.384674,25,synthetic,1,4
25019,-7.093614,35,synthetic,0,14
25059,-3.410909,40,real,-1,19
25090,-12.886897,31,synthetic,0,10
25124,-29.363268,34,synthetic,2,13
25153,-17.366565,29,synthetic,1,8
25194,-9.413809,41,real,-1,20
25222,3.823696,28,real,-1,7
25260,-17.852047,38,synthetic,1,17
25284,0.371787,24,real,-1,3
25318,-6.310764,34,real,-1,13
25339,-2.49727,21,real,-1,0
25363,-27.89599,24,synthetic,1,3
25393,-20.866847,30,synthetic,0,9
25429,-14.324084,36,synthetic,0,15
25468,-3.610641,39,real,-1,18
25504,-31.612285,36,synthetic,1,15
25534,-28.966218,30,synthetic,2,9
25574,-11.651801,40,real,-1,19
25604,-1.401157,30,real,-1,9
25642,0.594971,38,real,-1,17
25667,-34.401882,25,synthetic,2,4
25702,-21.180784,35,synthetic,1,14
25723,-16.723132,21,synthetic,1,0
25744,-29.671083,21,synthetic,1,0
25786,-6.025957,42,real,-1,21
25821,-42.78431,35,synthetic,2,14
25863,-9.027936,42,real,-1,21
25905,-13.321491,42,synthetic,0,21
25947,2.776069,42,real,-1,21
25972,-2.676581,25,real,-1,4
26008,-7.554614,36,real,-1,15
26035,-2.671989,27,real,-1,6
26072,-8.020031,37,synthetic,0,16
26100,-28.772467,28,synthetic,2,7
26125,-24.382646,25,synthetic,1,4
26165,-14.875313,40,real,-1,19
26190,-18.98501,25,synthetic,0,4
26214,-29.118603,24,synthetic,1,3
26236,-34.442413,22,synthetic,2,1
26276,-33.817877,40,synthetic,1,19
26317,2.822057,41,real,-1,20
26345,-23.227232,28,synthetic,1,7
26372,-19.796636,27,synthetic,1,6
26413,-15.575338,41,synthetic,0,20
26452,-10.151119,39,synthetic,0,18
26488,2.527479,36,real,-1,15
26523,3.579252,35,real,-1,14
26559,-11.01486,36,synthetic,0,15
26592,-4.564072,33,real,-1,12
26623,2.494276,31,real,-1,10
26650,-12.297215,27,synthetic,0,6
26682,-2.416334,32,real,-1,11
26718,-7.504,36,real,-1,15
26746,-6.195405,28,real,-1,7
26783,-5.750099,37,real,-1,16
26825,-13.604114,42,synthetic,0,21
26865,2.55093,40,real,-1,19
26900,-46.542957,35,synthetic,2,14
26928,-12.441546,28,synthetic,0,7
26958,-6.287932,30,real,-1,9
26997,-8.021829,39,real,-1,18
27035,-26.380676,38,synthetic,1,17
27057,-1.463232,22,real,-1,1
27081,-0.48735,24,real,-1,3
27102,-3.456167,21,real,-1,0
27139,-6.850513,37,real,-1,16
27170,-15.54196,31,synthetic,0,10
27212,-20.102966,42,synthetic,1,21
27240,1.787838,28,real,-1,7
27264,0.156459,24,real,-1,3
27293,-3.905534,29,real,-1,8
27318,-22.9148,25,synthetic,1,4
27351,-14.053947,33,synthetic,0,12
27378,-2.943766,27,real,-1,6
27407,-30.856608,29,synthetic,1,8
27447,2.666097,40,real,-1,19
27479,-3.485881,32,real,-1,11
27508,-3.222194,29,real,-1,8
27538,-24.082944,30,synthetic,1,9
27562,-1.1973,24,real,-1,3
27589,-16.13104,27,synthetic,0,6
27619,-7.484574,30,real,-1,9
27652,-14.030021,33,synthetic,0,12
27690,-1.380673,38,real,-1,17
27713,-9.203838,23,synthetic,0,2
27751,4.438392,38,real,-1,17
27777,-6.213974,26,real,-1,5
27813,-20.709978,36,synthetic,0,15
27836,-0.910873,23,real,-1,2
27868,-16.626287,32,synthetic,0,11
27892,1.200954,24,real,-1,3
27926,-12.05586,34,real,-1,13
27949,-8.474822,23,synthetic,0,2
27975,-15.013637,26,synthetic,1,5
27999,-32.387734,24,synthetic,2,3
28040,-30.159389,41,synthetic,2,20
28063,2.605603,23,real,-1,2
28090,-0.192278,27,real,-1,6
28128,-4.314862,38,real,-1,17
28159,-5.91456,31,real,-1,10
28199,-13.755393,40,synthetic,0,19
28226,-44.966929,27,synthetic,2,6
28260,-15.234775,34,synthetic,0,13
28289,-41.643797,29,synthetic,2,8
28326,-24.293988,37,synthetic,1,16
28347,-50.797229,21,synthetic,2,0
28375,-4.349707,28,real,-1,7
28411,-10.923606,36,real,-1,15
28453,-39.474872,42,synthetic,2,21
28474,-3.443942,21,real,-1,0
28507,-22.478206,33,synthetic,2,12
28548,-2.197899,41,real,-1,20
28589,-15.135846,41,synthetic,0,20
28612,-20.849824,23,synthetic,1,2
28638,-3.537312,26,real,-1,5
28680,-4.15397,42,real,-1,21
28706,1.189414,26,real,-1,5
28742,-33.739365,36,synthetic,2,15
28763,-12.277246,21,synthetic,0,0
28789,0.815029,26,real,-1,5
28830,-5.230794,41,real,-1,20
28852,-23.251313,22,synthetic,2,1
28894,-4.843037,42,real,-1,21
28933,-10.813803,39,synthetic,0,18
28962,-39.756122,29,synthetic,2,8
28989,-15.307073,27,synthetic,0,6
29029,-12.964171,40,synthetic,0,19
29063,-27.814719,34,synthetic,1,13
29103,-0.08673,40,real,-1,19
29136,1.014674,33,real,-1,12
29160,-9.306209,24,synthetic,0,3
29182,-41.554259,22,synthetic,2,1
29220,-9.06434,38,synthetic,0,17
29243,-29.914956,23,synthetic,2,2
29268,-13.248175,25,synthetic,0,4
29305,-28.543624,37,synthetic,2,16
29341,-22.854162,36,synthetic,2,15
29381,-23.486492,40,synthetic,0,19
29410,-2.042859,29,real,-1,8
29439,-4.58976,29,real,-1,8
29465,-5.168088,26,synthetic,0,5
29500,-4.666899,35,real,-1,14
29529,-22.212381,29,synthetic,1,8
29557,-20.745125,28,synthetic,0,7
29583,0.498093,26,real,-1,5
29618,-1.073853,35,real,-1,14
29656,-4.715777,38,real,-1,17
29687,1.006817,31,real,-1,10
29719,-6.200391,32,synthetic,0,11
29743,-17.405186,24,synthetic,0,3
29782,-2.363251,39,real,-1,18
29805,1.024157,23,real,-1,2
29828,-18.620833,23,synthetic,1,2
29869,-12.236439,41,synthetic,0,20
29911,-4.45345,42,real,-1,21
29946,-34.07299,35,synthetic,2,14
29969,1.765792,23,real,-1,2
30006,-15.470144,37,synthetic,0,16
30032,-4.867469,26,real,-1,5
30067,-40.506325,35,synthetic,2,14
30095,-11.522014,28,synthetic,0,7
30123,-0.704975,28,real,-1,7
30155,-3.205164,32,real,-1,11
30192,2.237962,37,real,-1,16
30226,-0.424048,34,real,-1,13
30257,-17.987623,31,synthetic,1,10
30290,-2.046948,33,real,-1,12
30327,-10.979813,37,synthetic,0,16
30350,-6.975971,23,real,-1,2
30372,-0.5358,22,real,-1,1
30401,-7.551219,29,synthetic,0,8
30425,-19.471086,24,synthetic,0,3
30458,-41.454843,33,synthetic,2,12
30493,-0.965348,35,real,-1,14
30524,-3.707427,31,real,-1,10
30549,-36.680752,25,synthetic,2,4
30576,-1.390539,27,real,-1,6
30599,-14.749184,23,synthetic,0,2
30625,-32.024486,26,synthetic,2,5
30658,-20.529806,33,synthetic,1,12
30680,-6.263336,22,real,-1,1
30707,-1.08385,27,real,-1,6
30745,-29.904938,38,synthetic,1,17
30771,-8.039827,26,real,-1,5
30802,0.976381,31,real,-1,10
30824,-26.685416,22,synthetic,2,1
30856,-4.657586,32,real,-1,11
30883,-8.614237,27,synthetic,0,6
30915,-3.246596,32,real,-1,11
30936,-15.348546,21,synthetic,0,0
30968,-25.860631,32,synthetic,1,11
31001,2.563338,33,real,-1,12
31034,-27.030035,33,synthetic,2,12
31055,-13.316241,21,synthetic,0,0
31078,-0.591325,23,real,-1,2
31112,-7.127653,34,synthetic,0,13
31147,-36.515187,35,synthetic,2,14
31186,-5.001803,39,real,-1,18
31213,-2.395867,27,real,-1,6
31241,-32.873325,28,synthetic,2,7
31274,-2.422789,33,real,-1,12
31312,-27.951798,38,synthetic,1,17
31337,-10.689404,25,real,-1,4
31359,3.007029,22,real,-1,1
31390,-5.637493,31,real,-1,10
31424,-4.339174,34,real,-1,13
31463,-5.511016,39,real,-1,18
31501,-40.570261,38,synthetic,2,17
31531,-27.590046,30,synthetic,2,9
31554,-6.062773,23,real,-1,2
31590,-5.67295,36,synthetic,0,15
31622,-43.264993,32,synthetic,2,11
31646,-1.917218,24,real,-1,3
31678,-3.026738,32,real,-1,11
31706,-0.871418,28,real,-1,7
31729,-13.819248,23,synthetic,0,2
31757,4.121222,28,real,-1,7
31798,-31.158131,41,synthetic,2,20
31821,-1.449299,23,real,-1,2
31844,-9.153673,23,real,-1,2
31885,2.784314,41,real,-1,20
31913,-36.70971,28,synthetic,2,7
31952,-5.475904,39,real,-1,18
31986,-7.021189,34,real,-1,13
32023,-21.496851,37,synthetic,1,16
32047,-9.657841,24,real,-1,3
32089,-22.944919,42,synthetic,1,21
32116,3.417416,27,real,-1,6
32148,-1.713666,32,real,-1,11
32174,-38.082237,26,synthetic,2,5
32203,-2.543415,29,real,-1,8
32224,-1.809063,21,real,-1,0
32261,-39.989547,37,synthetic,2,16
32298,-5.898127,37,real,-1,16
32334,-31.81567,36,synthetic,2,15
32369,-27.453914,35,synthetic,1,14
32391,1.48194,22,real,-1,1
32412,-4.356255,21,real,-1,0
32440,-10.98273,28,synthetic,0,7
32470,-4.556964,30,real,-1,9
32507,-2.904451,37,real,-1,16
32544,-0.69024,37,real,-1,16
32572,-9.414909,28,real,-1,7
32614,-23.154435,42,synthetic,1,21
32650,-22.48119,36,synthetic,1,15
32685,-10.443897,35,real,-1,14
32722,-11.110624,37,synthetic,0,16
32744,-12.489957,22,synthetic,0,1
32781,-5.979823,37,real,-1,16
32806,-1.449918,25,real,-1,4
32840,2.829449,34,real,-1,13
32882,2.171538,42,real,-1,21
32920,-7.513156,38,real,-1,17
32950,1.457229,30,real,-1,9
32973,-28.14617,23,synthetic,1,2
32994,-4.533907,21,real,-1,0
33034,-10.688459,40,real,-1,19
33062,-1.65378,28,real,-1,7
33096,-22.861536,34,synthetic,1,13
33128,-4.75688,32,real,-1,11
33165,-12.521939,37,synthetic,0,16
33192,-12.328225,27,synthetic,0,6
33229,-37.886623,37,synthetic,2,16
33254,-9.256354,25,real,-1,4
33275,-0.197238,21,real,-1,0
33308,-36.142655,33,synthetic,1,12
33331,-18.772846,23,synthetic,1,2
33372,-25.867364,41,synthetic,1,20
33407,-2.813879,35,real,-1,14
33446,-32.831553,39,synthetic,2,18
33476,-6.436975,30,real,-1,9
33501,-1.539629,25,real,-1,4
33538,-0.79312,37,real,-1,16
33575,-21.469753,37,synthetic,1,16
33617,-4.630785,42,real,-1,21
33655,-10.493611,38,real,-1,17
33696,-10.288126,41,synthetic,0,20
33723,-22.52872,27,synthetic,1,6
33755,-28.025648,32,synthetic,2,11
33792,0.421441,37,real,-1,16
33828,-22.949567,36,synthetic,0,15
33849,-20.929087,21,synthetic,1,0
33889,4.05802,40,real,-1,19
33910,-2.800193,21,real,-1,0
33941,1.595735,31,real,-1,10
33966,-46.038529,25,synthetic,2,4
33989,-36.804748,23,synthetic,2,2
34029,-11.913494,40,synthetic,0,19
34054,0.592282,25,real,-1,4
34088,-1.139771,34,real,-1,13
34124,-8.57801,36,real,-1,15
34147,-31.552407,23,synthetic,2,2
34178,-48.44879,31,synthetic,2,10
34210,-11.298193,32,real,-1,11
34252,-16.091804,42,synthetic,0,21
34287,-3.373612,35,real,-1,14
34328,2.252246,41,real,-1,20
34359,-26.982001,31,synthetic,0,10
34385,-37.343088,26,synthetic,2,5
34411,-4.22704,26,real,-1,5
34433,-1.33257,22,real,-1,1
34475,-6.318782,42,real,-1,21
34514,3.948329,39,real,-1,18
34546,-19.423127,32,synthetic,0,11
34571,-24.640399,25,synthetic,1,4
34603,-14.499324,32,synthetic,0,11
34636,-9.093922,33,synthetic,0,12
34668,-1.276047,32,real,-1,11
34702,1.585073,34,real,-1,13
34731,-0.060174,29,real,-1,8
34753,-31.717997,22,synthetic,2,1
34776,-19.931317,23,synthetic,1,2
34804,-5.317656,28,real,-1,7
34827,-6.324085,23,synthetic,0,2
34857,-4.982465,30,real,-1,9
34893,-1.80267,36,real,-1,15
34923,-1.595264,30,real,-1,9
34960,-27.633655,37,synthetic,1,16
35000,-4.422907,40,real,-1,19
35037,-36.732995,37,synthetic,2,16
35063,-7.972152,26,synthetic,0,5
35089,-36.66572,26,synthetic,2,5
35120,-0.257448,31,real,-1,10
35151,-16.265392,31,synthetic,1,10
35184,-27.745764,33,synthetic,1,12
35218,-35.498409,34,synthetic,2,13
35244,7.104672,26,real,-1,5
35285,0.3229,41,real,-1,20
35317,-13.065405,32,synthetic,0,11
35340,-2.875899,23,real,-1,2
35365,-21.951408,25,synthetic,1,4
35401,-3.347034,36,real,-1,15
35422,-6.197329,21,real,-1,0
35446,3.769571,24,real,-1,3
35470,-33.579968,24,synthetic,1,3
35499,-22.738815,29,synthetic,1,8
35541,-6.388895,42,real,-1,21
35567,-17.051634,26,synthetic,0,5
35605,-28.567784,38,synthetic,1,17
35628,-26.105687,23,synthetic,2,2
35669,-49.854678,41,synthetic,2,20
35692,-4.446537,23,real,-1,2
35729,-11.999258,37,synthetic,0,16
35762,-17.204803,33,synthetic,0,12
35802,-5.233892,40,real,-1,19
35833,-2.945468,31,real,-1,10
35863,-9.613083,30,synthetic,0,9
35890,-23.367682,27,synthetic,1,6
35931,-19.482028,41,synthetic,1,20
35954,1.809771,23,real,-1,2
35982,-10.156443,28,real,-1,7
36003,-3.173605,21,real,-1,0
36037,0.073333,34,real,-1,13
36063,-49.1334,26,synthetic,2,5
36102,1.237822,39,real,-1,18
36133,-3.830418,31,real,-1,10
36156,0.476185,23,real,-1,2
36192,1.806796,36,real,-1,15
36227,-27.761633,35,synthetic,1,14
36255,3.001622,28,real,-1,7
36288,-10.41308,33,real,-1,12
36320,-39.891873,32,synthetic,2,11
36341,-1.175828,21,real,-1,0
36369,-0.537765,28,real,-1,7
36408,-2.377506,39,real,-1,18
36441,-19.443839,33,synthetic,0,12
36462,-34.774554,21,synthetic,2,0
36495,-16.109758,33,synthetic,0,12
36525,-31.444459,30,synthetic,1,9
36549,-39.739696,24,synthetic,2,3
36591,-1.678077,42,real,-1,21
36612,-26.561725,21,synthetic,1,0
36635,-19.167119,23,synthetic,0,2
36677,-3.685024,42,real,-1,21
36712,-36.036309,35,synthetic,1,14
36744,-16.131127,32,synthetic,1,11
36785,-7.913004,41,real,-1,20
36821,0.367769,36,real,-1,15
36846,0.717568,25,real,-1,4
36870,-4.373704,24,real,-1,3
36908,-12.165149,38,real,-1,17
36931,0.527291,23,real,-1,2
36952,-1.535638,21,real,-1,0
36977,-2.286965,25,real,-1,4
37018,-10.014514,41,synthetic,0,20
37046,-1.153077,28,real,-1,7
37069,-34.058279,23,synthetic,2,2
37091,-1.254643,22,real,-1,1
37122,2.061104,31,real,-1,10
37151,-36.423319,29,synthetic,2,8
37175,-1.351474,24,real,-1,3
37196,-8.564462,21,synthetic,0,0
37234,-37.107756,38,synthetic,2,17
37274,-23.504152,40,synthetic,1,19
37312,-32.647676,38,synthetic,2,17
37335,-4.792146,23,real,-1,2
37365,-28.173098,30,synthetic,1,9
37390,-2.320888,25,real,-1,4
37422,-32.031226,32,synthetic,2,11
37458,-47.479957,36,synthetic,2,15
37500,-31.272017,42,synthetic,1,21
37526,-17.089121,26,synthetic,1,5
37563,-26.904669,37,synthetic,2,16
37594,-1.768882,31,real,-1,10
37615,-3.03446,21,real,-1,0
37649,-20.120498,34,synthetic,1,13
37685,-3.65518,36,real,-1,15
37712,-10.302721,27,real,-1,6
37734,-23.689436,22,synthetic,2,1
37755,-40.534531,21,synthetic,2,0
37796,-7.339344,41,real,-1,20
37826,-39.973272,30,synthetic,2,9
37857,-45.753508,31,synthetic,2,10
37880,-2.582487,23,real,-1,2
37914,-5.887782,34,real,-1,13
37948,-11.248602,34,synthetic,1,13
37979,-3.205715,31,real,-1,10
38008,-33.225081,29,synthetic,1,8
38031,-5.786696,23,real,-1,2
38053,-18.917167,22,synthetic,0,1
38086,-8.351899,33,synthetic,0,12
38110,-3.536758,24,real,-1,3
38136,-41.68901,26,synthetic,2,5
38167,-7.813628,31,real,-1,10
38190,-34.888652,23,synthetic,2,2
38226,-37.219235,36,synthetic,2,15
38253,-21.294533,27,synthetic,1,6
38279,-4.543621,26,real,-1,5
38308,-34.184894,29,synthetic,2,8
38329,-5.597071,21,real,-1,0
38362,-37.151768,33,synthetic,2,12
38403,-0.074151,41,real,-1,20
38426,-5.674467,23,real,-1,2
38462,-29.909313,36,synthetic,2,15
38490,-7.650293,28,real,-1,7
38532,-30.592335,42,synthetic,2,21
38562,-12.260778,30,synthetic,0,9
38589,-24.122236,27,synthetic,2,6
38627,-9.620982,38,real,-1,17
38661,-1.362452,34,real,-1,13
38688,-12.25937,27,synthetic,0,6
38714,-42.562938,26,synthetic,2,5
38745,-15.524662,31,synthetic,0,10
38781,-6.726227,36,real,-1,15
38814,-1.695523,33,real,-1,12
38851,-44.078362,37,synthetic,2,16
38873,-12.645758,22,synthetic,0,1
38907,-43.033818,34,synthetic,2,13
38929,-0.438438,22,real,-1,1
38958,2.500667,29,real,-1,8
38989,-22.546326,31,synthetic,1,10
39029,-40.101518,40,synthetic,2,19
39050,-30.059889,21,synthetic,1,0
39081,-35.754311,31,synthetic,2,10
39108,-12.07466,27,synthetic,0,6
39147,-10.882314,39,real,-1,18
39178,-51.711594,31,synthetic,2,10
39204,-16.678028,26,synthetic,1,5
39233,-4.521408,29,real,-1,8
39259,-49.289418,26,synthetic,2,5
39292,0.321994,33,real,-1,12
39323,-28.536571,31,synthetic,1,10
39352,-34.311771,29,synthetic,1,8
39374,-1.720391,22,real,-1,1
39408,-37.151901,34,synthetic,2,13
39439,-0.84017,31,real,-1,10
39471,-15.688725,32,synthetic,0,11
39498,-2.140726,27,real,-1,6
39532,-6.402137,34,real,-1,13
39565,-41.574829,33,synthetic,2,12
39586,-34.60644,21,synthetic,2,0
39609,-12.874125,23,synthetic,0,2
39650,-19.355339,41,synthetic,1,20
39680,1.932415,30,real,-1,9
39713,-29.749049,33,synthetic,2,12
39750,-40.838068,37,synthetic,2,16
39773,-32.272475,23,synthetic,2,2
39815,-15.391868,42,synthetic,0,21
39836,-1.349581,21,real,-1,0
39871,-44.557266,35,synthetic,2,14
39896,-10.638431,25,synthetic,0,4
39921,-33.761157,25,synthetic,2,4
39942,-8.764262,21,real,-1,0
39978,-21.31603,36,synthetic,1,15
40004,-0.115476,26,real,-1,5
40030,-3.930552,26,real,-1,5
40052,-32.804765,22,synthetic,2,1
40090,-1.608592,38,real,-1,17
40132,-1.221985,42,real,-1,21
40170,-45.933699,38,synthetic,2,17
40212,-21.086014,42,synthetic,1,21
40252,-41.532898,40,synthetic,2,19
40294,-0.341804,42,real,-1,21
40325,-2.158181,31,real,-1,10
40350,-3.409811,25,real,-1,4
40387,-37.004054,37,synthetic,2,16
40424,-1.24976,37,real,-1,16
40449,-41.748372,25,synthetic,2,4
40473,-29.585388,24,synthetic,2,3
40510,-1.989537,37,real,-1,16
40550,-10.952506,40,synthetic,0,19
40578,-10.79842,28,synthetic,0,7
40604,-6.754799,26,synthetic,0,5
40628,-25.960985,24,synthetic,1,3
40652,-11.907963,24,synthetic,0,3
40694,-0.960912,42,real,-1,21
40735,-7.910736,41,real,-1,20
40762,-5.346499,27,real,-1,6
40796,-21.413445,34,synthetic,1,13
40826,-47.190118,30,synthetic,2,9
40866,-42.045205,40,synthetic,2,19
40907,-53.916726,41,synthetic,2,20
40934,-20.122451,27,synthetic,1,6
40963,-24.668705,29,synthetic,1,8
40992,-45.471109,29,synthetic,2,8
41023,-0.808072,31,real,-1,10
41051,-16.472976,28,synthetic,0,7
41080,-18.336825,29,synthetic,0,8
41109,-31.301678,29,synthetic,2,8
41141,-45.370792,32,synthetic,2,11
41162,-21.828096,21,synthetic,1,0
41200,-12.782129,38,synthetic,0,17
41223,-3.200843,23,real,-1,2
41253,-3.810843,30,real,-1,9
41288,-7.307923,35,real,-1,14
41309,-2.47539,21,real,-1,0
41349,-6.059673,40,real,-1,19
41376,1.033423,27,real,-1,6
41408,-1.742207,32,real,-1,11
41437,-8.603399,29,real,-1,8
41469,-42.121273,32,synthetic,2,11
41496,-36.958881,27,synthetic,2,6
41534,-1.566021,38,real,-1,17
41571,-2.816402,37,real,-1,16
41593,-36.046385,22,synthetic,2,1
41635,-12.437803,42,synthetic,0,21
41658,-2.200375,23,real,-1,2
41680,-2.741324,22,real,-1,1
41710,-3.287507,30,real,-1,9
41743,-2.175393,33,real,-1,12
41783,-22.022684,40,synthetic,0,19
41808,-9.631042,25,real,-1,4
41845,1.557846,37,real,-1,16
41878,-25.298929,33,synthetic,2,12
41910,-0.071206,32,real,-1,11
41934,-5.250215,24,real,-1,3
41971,-0.276615,37,real,-1,16
41998,-18.700437,27,synthetic,1,6
42028,4.409496,30,real,-1,9
42070,-2.704469,42,real,-1,21
42100,3.356096,30,real,-1,9
42121,-39.402806,21,synthetic,2,0
42151,-21.587397,30,synthetic,0,9
42186,-21.660897,35,synthetic,1,14
42212,-0.684585,26,real,-1,5
42245,-18.26659,33,synthetic,0,12
42277,-35.352274,32,synthetic,2,11
42318,-13.06256,41,synthetic,0,20
42354,-15.687718,36,synthetic,0,15
42383,-1.646533,29,real,-1,8
42425,-8.35622,42,real,-1,21
42462,1.393313,37,real,-1,16
42502,-6.428866,40,real,-1,19
42529,-3.478646,27,real,-1,6
42552,-0.578909,23,real,-1,2
42575,5.672231,23,real,-1,2
42598,-42.720923,23,synthetic,2,2
42640,-2.281813,42,real,-1,21
42667,-4.547584,27,real,-1,6
42702,-39.416393,35,synthetic,2,14
42734,-28.956391,32,synthetic,2,11
42775,-7.186876,41,synthetic,0,20
42811,-43.712279,36,synthetic,2,15
42837,-1.889001,26,real,-1,5
42867,-4.434297,30,real,-1,9
42892,-8.635384,25,real,-1,4
42930,-16.750792,38,synthetic,0,17
42964,-35.582531,34,synthetic,1,13
43005,-16.238061,41,synthetic,0,20
43044,-1.121289,39,real,-1,18
43069,-40.081031,25,synthetic,2,4
43109,-38.49901,40,synthetic,2,19
43134,-32.085035,25,synthetic,2,4
43169,-0.341739,35,real,-1,14
43193,-5.588969,24,real,-1,3
43221,-40.255055,28,synthetic,2,7
43257,-4.993085,36,real,-1,15
43292,0.200697,35,real,-1,14
43329,-10.343883,37,real,-1,16
43367,0.310165,38,real,-1,17
43398,-26.194029,31,synthetic,2,10
43426,-13.111746,28,synthetic,0,7
43466,-50.828617,40,synthetic,2,19
43493,-11.444997,27,synthetic,0,6
43531,0.192202,38,real,-1,17
43569,-7.409469,38,synthetic,0,17
43597,-35.28288,28,synthetic,2,7
43628,-2.875039,31,real,-1,10
43652,-28.902509,24,synthetic,1,3
43673,2.826551,21,real,-1,0
43696,0.093868,23,real,-1,2
43736,-45.695288,40,synthetic,2,19
43773,-8.153494,37,real,-1,16
43809,0.542379,36,real,-1,15
43833,3.623715,24,real,-1,3
43862,-9.898511,29,real,-1,8
43899,-32.277175,37,synthetic,2,16
43922,-35.120895,23,synthetic,2,2
43948,-23.132752,26,synthetic,1,5
43976,-22.285062,28,synthetic,1,7
44002,-26.11975,26,synthetic,1,5
44044,-10.707257,42,synthetic,0,21
44065,-32.382077,21,synthetic,2,0
44093,-11.098249,28,synthetic,0,7
44125,0.141006,32,real,-1,11
44156,-5.575096,31,real,-1,10
44183,-4.469764,27,real,-1,6
44212,0.562693,29,real,-1,8
44243,-43.49874,31,synthetic,2,10
44279,-1.679246,36,real,-1,15
44307,1.712461,28,real,-1,7
44337,5.468438,30,real,-1,9
44371,-2.727433,34,real,-1,13
44400,2.107732,29,real,-1,8
44440,-30.419982,40,synthetic,2,19
44465,-46.284125,25,synthetic,2,4
44501,-8.665617,36,synthetic,0,15
44538,-30.4521,37,synthetic,2,16
44571,-2.518048,33,real,-1,12
44608,-15.603454,37,real,-1,16
44646,-4.507402,38,real,-1,17
44674,-7.074155,28,real,-1,7
44711,-8.764637,37,real,-1,16
44742,1.604007,31,real,-1,10
44784,-1.754294,42,real,-1,21
44818,-4.980896,34,real,-1,13
44849,-28.926605,31,synthetic,2,10
44882,-49.673645,33,synthetic,2,12
44916,-4.170159,34,real,-1,13
44958,-35.012649,42,synthetic,2,21
44996,-7.728928,38,real,-1,17
45024,-7.751975,28,synthetic,0,7
45056,-12.889173,32,synthetic,0,11
45098,-17.734649,42,synthetic,0,21
45128,-5.396942,30,real,-1,9
45155,-25.657688,27,synthetic,2,6
45183,2.905673,28,real,-1,7
45215,-23.900463,32,synthetic,1,11
45251,-34.137665,36,synthetic,2,15
45278,-3.775831,27,real,-1,6
45306,-25.678158,28,synthetic,2,7
45344,2.122245,38,real,-1,17
45379,-22.46309,35,synthetic,1,14
45414,-46.572172,35,synthetic,2,14
45449,-38.15135,35,synthetic,2,14
45471,-16.553965,22,synthetic,1,1
45509,2.06921,38,real,-1,17
45535,-2.521976,26,real,-1,5
45570,-27.030962,35,synthetic,1,14
45596,0.238938,26,real,-1,5
45626,-37.639539,30,synthetic,1,9
45654,-21.043852,28,synthetic,1,7
45696,-15.185373,42,synthetic,0,21
45732,-2.037939,36,real,-1,15
45771,-10.101579,39,real,-1,18
45798,-2.935536,27,real,-1,6
45829,-23.008805,31,synthetic,1,10
45855,-1.02556,26,real,-1,5
45897,-16.467765,42,synthetic,0,21
45934,-2.619822,37,real,-1,16
45976,-28.750173,42,synthetic,1,21
46010,-41.170128,34,synthetic,2,13
46050,-8.609634,40,real,-1,19
46085,-38.480972,35,synthetic,2,14
46107,-28.271354,22,synthetic,1,1
46140,5.391512,33,real,-1,12
46173,-37.52088,33,synthetic,2,12
46204,-16.264799,31,synthetic,0,10
46241,-29.505749,37,synthetic,1,16
46263,-1.976652,22,real,-1,1
46302,-3.484475,39,real,-1,18
46342,-50.822765,40,synthetic,2,19
46367,-10.981916,25,real,-1,4
46400,-33.123164,33,synthetic,1,12
46432,-16.417005,32,synthetic,0,11
46463,-21.57322,31,synthetic,1,10
46490,-4.631639,27,real,-1,6
46524,-11.82566,34,real,-1,13
46562,-18.643108,38,synthetic,2,17
46588,-26.674746,26,synthetic,2,5
46612,-5.267671,24,synthetic,0,3
46639,-4.926313,27,real,-1,6
46663,-26.166377,24,synthetic,2,3
46705,-6.926901,42,synthetic,0,21
46737,-1.471434,32,real,-1,11
46773,-20.813621,36,synthetic,2,15
46801,-17.70284,28,synthetic,0,7
46838,-5.446804,37,real,-1,16
46880,-41.245937,42,synthetic,2,21
46904,-5.214506,24,real,-1,3
46944,-27.843478,40,synthetic,1,19
46978,-7.945663,34,synthetic,0,13
47019,-14.67239,41,synthetic,0,20
47051,3.692649,32,real,-1,11
47072,-23.176682,21,synthetic,1,0
47096,-37.956517,24,synthetic,2,3
47118,2.307438,22,real,-1,1
47148,-6.854945,30,real,-1,9
47182,-12.496678,34,synthetic,0,13
47224,-3.594231,42,real,-1,21
47266,-3.854223,42,real,-1,21
47298,-6.470526,32,real,-1,11
47335,-37.529352,37,synthetic,2,16
47367,-12.094704,32,synthetic,0,11
47397,0.619101,30,real,-1,9
47428,-22.704771,31,synthetic,1,10
47451,-3.223725,23,real,-1,2
47490,-4.052947,39,real,-1,18
47530,-40.889324,40,synthetic,2,19
47569,-34.593743,39,synthetic,2,18
47599,4.737219,30,real,-1,9
47636,-1.519816,37,real,-1,16
47667,-40.824088,31,synthetic,2,10
47699,-34.854533,32,synthetic,1,11
47722,-3.672352,23,real,-1,2
47760,-29.281348,38,synthetic,1,17
47797,-20.336908,37,synthetic,0,16
47819,-6.365891,22,synthetic,0,1
47843,-20.20645,24,synthetic,0,3
47874,-49.015543,31,synthetic,2,10
47895,-3.162417,21,real,-1,0
47928,1.856368,33,real,-1,12
47968,-30.012966,40,synthetic,2,19
48010,-4.79698,42,real,-1,21
48037,-13.162908,27,real,-1,6
48069,-56.932339,32,synthetic,2,11
48100,-5.045446,31,real,-1,10
48122,-4.038869,22,real,-1,1
48155,-30.039264,33,synthetic,2,12
48180,-31.429979,25,synthetic,2,4
48210,-23.948095,30,synthetic,1,9
48243,-6.564976,33,real,-1,12
48276,-38.214459,33,synthetic,2,12
48314,-14.350873,38,real,-1,17
48353,-13.51115,39,real,-1,18
48377,-6.817231,24,real,-1,3
48407,6.204909,30,real,-1,9
48446,-36.42005,39,synthetic,1,18
48487,-1.617344,41,real,-1,20
48522,-2.417678,35,real,-1,14
48547,-2.319307,25,real,-1,4
48568,-4.567947,21,synthetic,0,0
48600,-1.423089,32,real,-1,11
48625,-20.143732,25,synthetic,1,4
48667,-45.042287,42,synthetic,2,21
48698,-1.559146,31,real,-1,10
48739,-12.320712,41,synthetic,1,20
48781,-14.495878,42,synthetic,0,21
48818,-6.729757,37,real,-1,16
48844,-39.884515,26,synthetic,2,5
48865,-11.065588,21,synthetic,0,0
48907,-1.283418,42,real,-1,21
48944,-34.577969,37,synthetic,2,16
48979,-44.446728,35,synthetic,2,14
49016,-16.585727,37,synthetic,0,16
49039,-3.58672,23,real,-1,2
49076,-11.598559,37,synthetic,0,16
49111,-33.791642,35,synthetic,2,14
49148,-17.369026,37,synthetic,0,16
49174,-13.836175,26,synthetic,0,5
49208,-37.660987,34,synthetic,2,13
49230,-46.242758,22,synthetic,2,1
49252,-16.41173,22,synthetic,1,1
49275,-17.333116,23,synthetic,0,2
49309,-16.045702,34,synthetic,0,13
49348,-19.433442,39,synthetic,0,18
49390,-8.962863,42,real,-1,21
49428,-41.570191,38,synthetic,2,17
49451,0.342692,23,real,-1,2
49472,-16.321289,21,synthetic,0,0
49511,-36.589075,39,synthetic,2,18
49550,-19.344739,39,synthetic,0,18
49582,3.25292,32,real,-1,11
49609,-28.391204,27,synthetic,1,6
49639,-5.166018,30,real,-1,9
49666,-1.483153,27,real,-1,6
49690,-20.131929,24,synthetic,1,3
49730,-23.217115,40,synthetic,1,19
49756,-5.286923,26,real,-1,5
49787,1.124614,31,real,-1,10
49820,-9.678379,33,real,-1,12
49845,-1.914523,25,real,-1,4
49872,-20.74788,27,synthetic,1,6
49907,-37.14854,35,synthetic,2,14
49937,1.613948,30,real,-1,9
49960,-0.513342,23,real,-1,2
49989,-4.280972,29,real,-1,8
50017,-12.952143,28,synthetic,0,7
50055,-4.643715,38,real,-1,17
50081,-29.333231,26,synthetic,1,5
50108,-4.763691,27,real,-1,6
50134,-19.381291,26,synthetic,1,5
50162,-4.860154,28,real,-1,7
50195,-27.287887,33,synthetic,1,12
50216,-13.146521,21,synthetic,0,0
50253,0.310194,37,real,-1,16
50274,-32.845543,21,synthetic,2,0
50298,3.447602,24,real,-1,3
50334,-5.736346,36,real,-1,15
50367,-6.190619,33,real,-1,12
50388,-42.96719,21,synthetic,2,0
50412,1.60836,24,real,-1,3
50438,-3.86649,26,real,-1,5
50460,-36.616894,22,synthetic,2,1
50491,-34.485323,31,synthetic,2,10
50522,-2.937367,31,synthetic,0,10
50557,-12.330989,35,real,-1,14
50589,-4.136435,32,real,-1,11
50624,-6.657263,35,real,-1,14
50653,-26.678087,29,synthetic,1,8
50692,-13.198965,39,real,-1,18
50716,0.655045,24,real,-1,3
50753,-29.25266,37,synthetic,2,16
50787,-5.501342,34,real,-1,13
50824,-16.868503,37,synthetic,0,16
50858,-24.824689,34,synthetic,0,13
50897,4.639617,39,real,-1,18
50935,-11.589036,38,synthetic,0,17
50962,-16.338467,27,synthetic,1,6
51004,-18.60822,42,synthetic,0,21
51033,-6.724715,29,real,-1,8
51075,-10.574886,42,synthetic,0,21
51106,-24.415253,31,synthetic,1,10
51148,-9.942469,42,real,-1,21
51188,-11.366974,40,synthetic,0,19
51218,-11.615857,30,synthetic,0,9
51239,-13.960905,21,synthetic,1,0
51261,-8.09059,22,real,-1,1
51282,-1.414201,21,real,-1,0
51312,-0.31832,30,real,-1,9
51341,-21.872995,29,synthetic,0,8
51371,-6.359155,30,real,-1,9
51401,-2.05316,30,real,-1,9
51439,-1.489075,38,real,-1,17
51468,-8.051693,29,real,-1,8
51509,-30.301534,41,synthetic,2,20
51535,-38.229078,26,synthetic,2,5
51571,-5.18789,36,real,-1,15
51593,-4.580324,22,real,-1,1
51626,-4.148427,33,real,-1,12
51651,-14.205901,25,synthetic,1,4
51677,-27.836554,26,synthetic,2,5
51700,-24.830485,23,synthetic,2,2
51734,-17.786484,34,synthetic,0,13
51758,-13.022928,24,synthetic,0,3
51785,-3.527295,27,real,-1,6
51820,-5.526247,35,real,-1,14
51842,-2.648002,22,real,-1,1
51867,-30.56384,25,synthetic,2,4
51908,-39.859312,41,synthetic,2,20
51948,-23.351062,40,synthetic,1,19
51977,-0.346723,29,real,-1,8
52011,-25.752316,34,synthetic,1,13
52041,-0.48111,30,real,-1,9
52083,-11.487297,42,synthetic,0,21
52106,-15.417376,23,synthetic,0,2
52146,-26.106584,40,synthetic,1,19
52169,-0.210725,23,real,-1,2
52211,-2.731026,42,real,-1,21
52242,-28.654048,31,synthetic,2,10
52282,-24.324824,40,synthetic,2,19
52309,-12.402686,27,synthetic,0,6
52339,-1.943387,30,real,-1,9
52369,-1.678379,30,real,-1,9
52398,-0.411947,29,real,-1,8
52430,-7.968979,32,real,-1,11
52461,-1.460897,31,real,-1,10
52493,-6.180913,32,real,-1,11
52519,-17.68233,26,synthetic,1,5
52559,-14.958324,40,synthetic,0,19
52582,-6.332824,23,real,-1,2
52616,-5.400265,34,real,-1,13
52658,-37.136665,42,synthetic,2,21
52700,-7.161637,42,real,-1,21
52730,-34.63073,30,synthetic,2,9
52752,-2.048529,22,real,-1,1
52782,-2.674071,30,real,-1,9
52809,-4.802974,27,real,-1,6
52838,-15.210513,29,synthetic,0,8
52870,-8.83649,32,real,-1,11
52901,-2.023886,31,real,-1,10
52935,0.697676,34,real,-1,13
52956,-7.692076,21,synthetic,0,0
52987,-12.168692,31,real,-1,10
53014,-17.695762,27,synthetic,0,6
53043,-3.046685,29,real,-1,8
53077,-34.758282,34,synthetic,2,13
53104,-0.194995,27,real,-1,6
53127,-4.301769,23,real,-1,2
53157,-27.091159,30,synthetic,1,9
53194,0.443464,37,real,-1,16
53227,-4.83462,33,real,-1,12
53259,-33.781236,32,synthetic,2,11
53285,-10.846417,26,synthetic,0,5
53316,-4.653374,31,real,-1,10
53358,-4.379311,42,real,-1,21
53399,-20.542706,41,synthetic,1,20
53439,-27.761641,40,synthetic,1,19
53466,-12.003094,27,synthetic,0,6
53489,2.227275,23,real,-1,2
53514,-17.097224,25,synthetic,0,4
53540,-2.657889,26,real,-1,5
53562,-1.860257,22,real,-1,1
53598,-7.211205,36,real,-1,15
53625,-41.738106,27,synthetic,2,6
53651,-23.396961,26,synthetic,1,5
53688,-16.289678,37,synthetic,0,16
53713,-5.931135,25,real,-1,4
53744,-34.776391,31,synthetic,2,10
53778,-2.316092,34,real,-1,13
53815,-6.482442,37,real,-1,16
53841,-39.14578,26,synthetic,2,5
53880,-11.7886,39,synthetic,0,18
53922,-33.566659,42,synthetic,2,21
53963,-21.831076,41,synthetic,1,20
53998,-33.71073,35,synthetic,1,14
54021,-4.774066,23,real,-1,2
54049,-10.024252,28,synthetic,0,7
54075,-12.140723,26,synthetic,0,5
54108,-5.310176,33,real,-1,12
54131,-5.941945,23,real,-1,2
54168,-2.446455,37,real,-1,16
54190,1.078321,22,real,-1,1
54220,-7.228248,30,real,-1,9
54254,-51.083697,34,synthetic,2,13
54279,-1.140569,25,real,-1,4
54312,-24.140566,33,synthetic,1,12
54342,-13.195517,30,synthetic,0,9
54383,-16.513236,41,synthetic,1,20
54411,-2.643719,28,real,-1,7
54445,1.230559,34,real,-1,13
54475,-1.59512,30,real,-1,9
54516,-0.324829,41,real,-1,20
54550,-15.654994,34,synthetic,0,13
54585,-4.534644,35,real,-1,14
54613,-40.505694,28,synthetic,2,7
54643,-14.531397,30,real,-1,9
54684,-13.275602,41,synthetic,0,20
54711,-9.299994,27,synthetic,0,6
54749,-11.554351,38,real,-1,17
54773,-1.446002,24,real,-1,3
54809,-20.031989,36,synthetic,1,15
54843,-34.157005,34,synthetic,1,13
54885,-8.478302,42,real,-1,21
54906,-3.395165,21,real,-1,0
54948,-16.272001,42,synthetic,0,21
54986,-32.213867,38,synthetic,2,17
55012,-5.802345,26,real,-1,5
55044,-11.949763,32,synthetic,0,11
55071,-14.479505,27,synthetic,0,6
55105,-5.494306,34,real,-1,13
55146,-23.402365,41,synthetic,1,20
55183,-18.141264,37,synthetic,1,16
55222,-38.202537,39,synthetic,2,18
55254,-1.000101,32,real,-1,11
55277,-11.134376,23,synthetic,0,2
55310,-2.967766,33,real,-1,12
55340,-4.018263,30,real,-1,9
55382,-13.412577,42,synthetic,0,21
55417,-36.403284,35,synthetic,2,14
55451,0.807752,34,real,-1,13
55486,-2.523967,35,real,-1,14
55520,-1.873837,34,real,-1,13
55559,-15.147283,39,synthetic,0,18
55587,-7.9641,28,real,-1,7
55616,-11.207812,29,real,-1,8
55647,-15.467289,31,synthetic,0,10
55668,-36.71354,21,synthetic,2,0
55700,-24.739847,32,synthetic,1,11
55727,-16.208221,27,synthetic,0,6
55760,-44.249402,33,synthetic,2,12
55802,-13.630591,42,synthetic,0,21
55824,0.729686,22,real,-1,1
55850,3.703164,26,real,-1,5
55881,-27.358087,31,synthetic,2,10
55906,2.123902,25,real,-1,4
55947,-17.10844,41,synthetic,1,20
55977,-31.103697,30,synthetic,1,9
56000,-40.999384,23,synthetic,2,2
56031,-9.726093,31,synthetic,0,10
56063,-0.826721,32,real,-1,11
56097,-8.295195,34,real,-1,13
56120,-13.07689,23,synthetic,0,2
56159,-2.443765,39,real,-1,18
56196,-26.581573,37,synthetic,1,16
56221,-2.737924,25,real,-1,4
56249,-30.021082,28,synthetic,1,7
56287,-2.557365,38,real,-1,17
56321,-14.074958,34,synthetic,0,13
56351,-0.445039,30,real,-1,9
56379,-28.006359,28,synthetic,1,7
56412,-3.933455,33,real,-1,12
56438,-4.991956,26,real,-1,5
56469,-3.961842,31,real,-1,10
56505,-22.934728,36,synthetic,1,15
56535,-26.545119,30,synthetic,1,9
56559,-24.3769,24,synthetic,1,3
56596,-15.89106,37,synthetic,0,16
56618,-0.791996,22,real,-1,1
56649,-30.287374,31,synthetic,2,10
56674,-1.824748,25,real,-1,4
56714,-1.236345,40,real,-1,19
56748,-1.995692,34,real,-1,13
56770,-34.672459,22,synthetic,2,1
56812,-22.928103,42,synthetic,1,21
56849,-5.384206,37,real,-1,16
56872,2.756676,23,real,-1,2
56905,-6.304308,33,real,-1,12
56936,-18.297314,31,real,-1,10
56969,-0.426964,33,real,-1,12
56990,-23.878308,21,synthetic,1,0
57016,-0.16421,26,real,-1,5
57047,-11.759987,31,synthetic,0,10
57076,-28.188719,29,synthetic,1,8
57102,-16.607008,26,synthetic,0,5
57130,-30.97999,28,synthetic,1,7
57158,-31.392045,28,synthetic,2,7
57183,-14.610966,25,synthetic,0,4
57213,-1.991032,30,real,-1,9
57236,-19.294002,23,synthetic,1,2
57274,-43.016453,38,synthetic,2,17
57296,-13.540782,22,real,-1,1
57335,-22.12798,39,synthetic,0,18
57367,-1.124403,32,real,-1,11
57402,-2.960176,35,real,-1,14
57426,-6.749046,24,real,-1,3
57467,-6.074625,41,real,-1,20
57507,-1.405192,40,real,-1,19
57530,1.884224,23,real,-1,2
57559,-5.378067,29,real,-1,8
57585,-1.403202,26,real,-1,5
57615,4.997833,30,real,-1,9
57648,-41.251133,33,synthetic,2,12
57686,-18.553145,38,synthetic,1,17
57711,-14.482913,25,synthetic,0,4
57749,-14.990187,38,real,-1,17
57787,-54.236461,38,synthetic,2,17
57819,3.984721,32,real,-1,11
57840,-8.798796,21,real,-1,0
57864,-3.993012,24,real,-1,3
57890,-21.568116,26,synthetic,1,5
57925,0.355642,35,real,-1,14
57960,-19.941898,35,synthetic,1,14
57993,-35.060699,33,synthetic,2,12
58032,2.044305,39,real,-1,18
58058,-1.029384,26,real,-1,5
58086,-5.140451,28,real,-1,7
58119,-10.288851,33,real,-1,12
58140,-17.289595,21,synthetic,1,0
58181,-16.805134,41,synthetic,0,20
58210,0.852761,29,real,-1,8
58239,-6.58196,29,real,-1,8
58267,-6.36466,28,real,-1,7
58292,-23.696058,25,synthetic,1,4
58327,-26.759567,35,synthetic,1,14
58359,-24.779201,32,synthetic,2,11
58384,-22.551991,25,synthetic,1,4
58412,-13.013529,28,synthetic,0,7
58454,-5.938055,42,real,-1,21
58492,-6.997697,38,real,-1,17
58520,-1.807116,28,real,-1,7
58561,-20.953914,41,synthetic,0,20
58600,-35.535752,39,synthetic,2,18
58623,3.926799,23,real,-1,2
58659,-25.543468,36,synthetic,1,15
58683,2.933718,24,real,-1,3
58720,-35.526055,37,synthetic,1,16
58755,-4.189265,35,real,-1,14
58794,-14.750576,39,real,-1,18
58822,-4.946702,28,real,-1,7
58855,-1.926216,33,real,-1,12
58876,-38.15517,21,synthetic,2,0
58918,-3.540328,42,real,-1,21
58955,-8.367701,37,synthetic,0,16
58985,-19.200417,30,synthetic,0,9
59016,-0.932137,31,real,-1,10
59054,-6.197554,38,real,-1,17
59079,-7.964496,25,real,-1,4
59110,-22.263966,31,synthetic,1,10
59138,-10.010998,28,synthetic,0,7
59172,-20.729682,34,synthetic,0,13
59204,4.076479,32,real,-1,11
59246,-33.860117,42,synthetic,2,21
59271,-17.713551,25,synthetic,1,4
59305,0.946871,34,real,-1,13
59327,-36.368953,22,synthetic,1,1
59354,-2.153472,27,real,-1,6
59393,3.633773,39,real,-1,18
59421,-24.619827,28,synthetic,1,7
59448,-10.631195,27,synthetic,0,6
59488,2.635287,40,real,-1,19
59516,-12.056986,28,synthetic,0,7
59547,-17.167735,31,synthetic,1,10
59586,-39.004891,39,synthetic,2,18
59614,-26.853854,28,synthetic,1,7
59647,-26.570475,33,synthetic,1,12
59689,-8.734451,42,synthetic,0,21
59717,-2.064593,28,real,-1,7
59740,-22.728654,23,synthetic,2,2
59772,-5.702916,32,synthetic,0,11
59814,-34.213491,42,synthetic,2,21
59836,-2.661128,22,real,-1,1
59862,-17.860291,26,synthetic,0,5
59894,-0.7076,32,real,-1,11
59936,-13.466481,42,synthetic,0,21
59963,-42.128597,27,synthetic,2,6
59995,-6.867991,32,real,-1,11
60021,-33.514705,26,synthetic,2,5
60044,-9.486323,23,synthetic,0,2
60072,-5.030442,28,real,-1,7
60111,-36.220481,39,synthetic,2,18
60146,-0.346303,35,real,-1,14
60187,-12.958728,41,synthetic,0,20
60220,-30.595118,33,synthetic,1,12
60249,-16.961945,29,synthetic,0,8
60288,-9.150328,39,synthetic,0,18
60327,-2.383884,39,real,-1,18
60366,-13.532147,39,synthetic,1,18
60388,-2.299223,22,real,-1,1
60417,-32.543022,29,synthetic,2,8
60446,3.38303,29,real,-1,8
60484,-1.722831,38,real,-1,17
60525,-39.413132,41,synthetic,2,20
60557,-10.543894,32,synthetic,0,11
60594,-18.803934,37,synthetic,1,16
60635,-6.483936,41,real,-1,20
60660,3.79089,25,real,-1,4
60697,-21.706624,37,synthetic,2,16
60730,-15.349848,33,synthetic,0,12
60757,-10.514826,27,synthetic,0,6
60792,-15.478011,35,synthetic,0,14
60834,-33.15935,42,synthetic,1,21
60865,-4.674553,31,real,-1,10
60899,-8.511843,34,synthetic,0,13
60941,-13.799695,42,real,-1,21
60980,-2.898054,39,real,-1,18
61006,-1.362818,26,real,-1,5
61045,-4.031319,39,real,-1,18
61069,-33.32476,24,synthetic,2,3
61092,-0.401313,23,real,-1,2
61117,-34.43862,25,synthetic,2,4
61154,-40.755965,37,synthetic,2,16
61193,-8.632713,39,real,-1,18
61229,-50.585542,36,synthetic,2,15
61268,-39.436929,39,synthetic,2,18
61290,-1.381886,22,real,-1,1
61324,-35.981614,34,synthetic,1,13
61354,-23.122819,30,synthetic,1,9
61393,-0.729807,39,real,-1,18
61435,5.468437,42,real,-1,21
61456,-0.603493,21,real,-1,0
61487,-2.839521,31,real,-1,10
61527,-12.430376,40,real,-1,19
61558,-1.877311,31,real,-1,10
61600,-29.922417,42,synthetic,2,21
61623,-20.158844,23,synthetic,1,2
61663,-19.704937,40,synthetic,0,19
61689,-19.74049,26,synthetic,1,5
61718,-34.212472,29,synthetic,2,8
61758,-34.826129,40,synthetic,2,19
61781,-1.268101,23,real,-1,2
61812,6.061117,31,real,-1,10
61844,-14.874111,32,real,-1,11
61866,-19.600723,22,synthetic,1,1
61898,1.16307,32,real,-1,11
61920,-36.476133,22,synthetic,2,1
61948,-11.467299,28,synthetic,0,7
61985,-34.745738,37,synthetic,2,16
62009,-0.623243,24,real,-1,3
62033,-17.10675,24,synthetic,1,3
62073,-6.785793,40,real,-1,19
62097,-3.394132,24,real,-1,3
62138,-14.446104,41,synthetic,0,20
62170,-8.767002,32,synthetic,0,11
62195,-19.947208,25,synthetic,1,4
62229,-5.654136,34,real,-1,13
62265,-4.70712,36,real,-1,15
62298,-40.408109,33,synthetic,2,12
62325,-5.171833,27,real,-1,6
62358,-34.390542,33,synthetic,2,12
62386,-38.763179,28,synthetic,2,7
62409,-25.560414,23,synthetic,1,2
62439,-37.172895,30,synthetic,2,9
62462,-7.495461,23,synthetic,0,2
62503,-4.546456,41,real,-1,20
62537,-19.596036,34,synthetic,1,13
62576,-1.920543,39,real,-1,18
62605,-3.299461,29,real,-1,8
62628,-27.767482,23,synthetic,1,2
62656,-30.165132,28,synthetic,2,7
62684,-7.03421,28,synthetic,0,7
62715,-5.604419,31,real,-1,10
62743,-23.860552,28,synthetic,1,7
62768,-23.367125,25,synthetic,1,4
62810,-7.330723,42,synthetic,0,21
62831,-0.762429,21,real,-1,0
62870,-3.554118,39,real,-1,18
62891,-24.367676,21,synthetic,2,0
62925,-39.942911,34,synthetic,2,13
62967,-40.62838,42,synthetic,2,21
63007,-2.829558,40,real,-1,19
63037,-1.944313,30,real,-1,9
63077,-23.578765,40,synthetic,1,19
63118,-28.533163,41,synthetic,1,20
63142,-8.322187,24,real,-1,3
63184,-5.695467,42,real,-1,21
63222,-7.859463,38,synthetic,0,17
63260,-0.160951,38,real,-1,17
63298,-17.142203,38,synthetic,1,17
63336,-22.777665,38,synthetic,1,17
63367,-7.779239,31,synthetic,0,10
63393,1.206008,26,real,-1,5
63426,-42.388085,33,synthetic,2,12
63449,-32.950112,23,synthetic,1,2
63482,-33.600586,33,synthetic,2,12
63524,-2.595668,42,real,-1,21
63559,-4.643972,35,real,-1,14
63597,-3.947572,38,real,-1,17
63636,-38.52279,39,synthetic,2,18
63675,-21.622252,39,synthetic,0,18
63698,-28.448298,23,synthetic,1,2
63724,-6.940168,26,real,-1,5
63751,-6.18426,27,real,-1,6
63777,-12.138514,26,real,-1,5
63815,-9.291166,38,real,-1,17
63847,-27.24829,32,synthetic,1,11
63872,-0.321964,25,real,-1,4
63905,-3.135531,33,real,-1,12
63938,-4.482461,33,real,-1,12
63960,-5.193468,22,real,-1,1
63993,-1.944783,33,real,-1,12
64024,-6.05377,31,real,-1,10
64062,-35.28258,38,synthetic,1,17
64104,-0.092015,42,real,-1,21
64145,-36.022597,41,synthetic,1,20
64182,-3.238453,37,real,-1,16
64208,-0.940345,26,real,-1,5
64232,-28.578562,24,synthetic,2,3
64258,-32.863402,26,synthetic,2,5
64287,-7.19948,29,real,-1,8
64328,-16.080335,41,synthetic,1,20
64363,0.756745,35,real,-1,14
64396,-34.356407,33,synthetic,2,12
64433,-4.57367,37,real,-1,16
64456,1.098903,23,real,-1,2
64494,-2.746275,38,real,-1,17
64524,-2.530716,30,real,-1,9
64551,-30.281247,27,synthetic,2,6
64574,-28.769537,23,synthetic,1,2
64612,-15.541051,38,synthetic,0,17
64641,-6.817557,29,synthetic,0,8
64675,-19.775922,34,synthetic,0,13
64713,-31.082807,38,synthetic,1,17
64739,-23.157321,26,synthetic,1,5
64762,-30.010192,23,synthetic,2,2
64801,-10.313176,39,real,-1,18
64828,-27.311733,27,synthetic,1,6
64870,-2.54057,42,real,-1,21
64896,-1.47044,26,real,-1,5
64937,-28.870981,41,synthetic,1,20
64963,-19.25867,26,synthetic,1,5
64985,-2.009421,22,real,-1,1
65019,-40.016114,34,synthetic,2,13
65041,-3.395066,22,real,-1,1
65065,-7.420094,24,real,-1,3
65089,-0.235274,24,real,-1,3
65116,-28.859886,27,synthetic,2,6
65158,-21.112277,42,synthetic,0,21
65183,-11.120481,25,synthetic,0,4
65223,-20.452711,40,synthetic,1,19
65247,-12.224037,24,synthetic,0,3
65280,-3.033671,33,real,-1,12
65305,-34.076054,25,synthetic,2,4
65337,2.011361,32,real,-1,11
65370,-12.92412,33,synthetic,0,12
65409,-29.976305,39,synthetic,1,18
65441,-4.214592,32,real,-1,11
65477,-9.830253,36,real,-1,15
65514,-30.602446,37,synthetic,1,16
65548,-15.911285,34,synthetic,0,13
65582,-0.064711,34,real,-1,13
65611,-33.07814,29,synthetic,1,8
65641,-34.058048,30,synthetic,2,9
65664,2.02225,23,real,-1,2
65685,-2.083312,21,real,-1,0
65709,-25.873121,24,synthetic,1,3
65739,-25.631552,30,synthetic,2,9
65781,-35.137277,42,synthetic,2,21
65803,-4.347819,22,real,-1,1
65838,-31.192704,35,synthetic,2,14
65870,1.192949,32,real,-1,11
65903,-8.04586,33,real,-1,12
65926,3.957622,23,real,-1,2
65954,-36.392302,28,synthetic,2,7
65987,1.387725,33,real,-1,12
66021,-13.934567,34,synthetic,0,13
66042,-43.47205,21,synthetic,2,0
66069,-22.722726,27,synthetic,1,6
66096,-14.141156,27,synthetic,0,6
66122,-22.253754,26,synthetic,1,5
66162,-40.230728,40,synthetic,2,19
66198,-10.382758,36,synthetic,0,15
66234,-34.273895,36,synthetic,1,15
66265,1.407115,31,real,-1,10
66294,0.333956,29,real,-1,8
66332,-49.01084,38,synthetic,2,17
66374,-3.138552,42,real,-1,21
66415,-0.757397,41,real,-1,20
66449,-11.035672,34,synthetic,0,13
66471,-33.41314,22,synthetic,1,1
66498,-45.280783,27,synthetic,2,6
66534,-13.655192,36,synthetic,0,15
66574,-0.87994,40,real,-1,19
66601,-28.426298,27,synthetic,2,6
66642,-3.755302,41,real,-1,20
66681,-4.281449,39,real,-1,18
66717,-22.707055,36,synthetic,1,15
66748,-9.461191,31,real,-1,10
66789,-35.882776,41,synthetic,1,20
66817,-5.923347,28,synthetic,0,7
66856,-2.156913,39,real,-1,18
66885,-8.671462,29,real,-1,8
66911,-41.464081,26,synthetic,2,5
66943,-1.450945,32,real,-1,11
66973,-7.71874,30,real,-1,9
67012,-5.754349,39,real,-1,18
67047,-3.785328,35,real,-1,14
67087,-32.429824,40,synthetic,1,19
67111,-4.049266,24,real,-1,3
67134,-0.780673,23,real,-1,2
67161,-49.894386,27,synthetic,2,6
67192,-9.737963,31,synthetic,0,10
67216,-1.374247,24,real,-1,3
67249,-19.685471,33,synthetic,0,12
67283,1.6232,34,real,-1,13
67313,-10.225553,30,real,-1,9
67341,-30.410295,28,synthetic,2,7
67366,-5.058808,25,synthetic,0,4
67390,-3.860189,24,real,-1,3
67411,-7.917733,21,synthetic,0,0
67436,-2.731379,25,real,-1,4
67477,0.030673,41,real,-1,20
67512,0.091449,35,real,-1,14
67540,-17.000506,28,synthetic,0,7
67568,2.580459,28,real,-1,7
67596,-5.887262,28,real,-1,7
67637,-9.688067,41,synthetic,0,20
67658,-5.154534,21,real,-1,0
67698,-5.600771,40,real,-1,19
67735,-4.55374,37,real,-1,16
67774,-32.695479,39,synthetic,1,18
67797,-37.349438,23,synthetic,2,2
67831,-21.545391,34,synthetic,1,13
67862,-25.547209,31,synthetic,1,10
67892,-23.820099,30,synthetic,1,9
67916,-0.562071,24,real,-1,3
67958,-35.72379,42,synthetic,2,21
67991,-31.951251,33,synthetic,2,12
68016,0.215489,25,real,-1,4
68049,-16.696229,33,synthetic,0,12
68071,-0.666302,22,real,-1,1
68104,-1.580057,33,real,-1,12
68127,-7.133973,23,synthetic,0,2
68160,-18.732145,33,synthetic,0,12
68182,0.553148,22,real,-1,1
68218,-46.359277,36,synthetic,2,15
68247,-21.661605,29,synthetic,1,8
68278,-6.667289,31,real,-1,10
68312,-4.159677,34,real,-1,13
68342,-42.064578,30,synthetic,2,9
68382,-12.288916,40,synthetic,0,19
68405,-4.971539,23,real,-1,2
68447,-17.668923,42,synthetic,0,21
68486,-12.654208,39,real,-1,18
68516,-19.547836,30,synthetic,1,9
68558,-11.03819,42,real,-1,21
68584,-3.071385,26,real,-1,5
68624,-33.249448,40,synthetic,2,19
68655,-32.972996,31,synthetic,2,10
68680,-15.931531,25,synthetic,0,4
68719,-34.642437,39,synthetic,2,18
68751,-1.723493,32,real,-1,11
68772,-2.75518,21,real,-1,0
68810,-40.678844,38,synthetic,2,17
68852,-39.130244,42,synthetic,2,21
68889,-4.933964,37,real,-1,16
68916,-2.96417,27,real,-1,6
68957,-7.896414,41,synthetic,0,20
68984,5.843842,27,real,-1,6
69009,-9.859776,25,real,-1,4
69049,-1.967114,40,real,-1,19
69080,0.897554,31,real,-1,10
69115,-45.719488,35,synthetic,2,14
69141,2.188533,26,real,-1,5
69171,-7.650857,30,real,-1,9
69194,-43.450495,23,synthetic,2,2
69235,5.286679,41,real,-1,20
69257,-4.921605,22,real,-1,1
69286,2.34278,29,real,-1,8
69315,0.901684,29,real,-1,8
69350,-2.980633,35,real,-1,14
69376,-2.088264,26,real,-1,5
69398,-2.668414,22,real,-1,1
69437,-13.802149,39,synthetic,0,18
69475,1.488112,38,real,-1,17
69497,-5.02205,22,real,-1,1
69530,1.358363,33,real,-1,12
69557,-15.454962,27,synthetic,0,6
69598,-19.724139,41,synthetic,0,20
69628,-3.692863,30,real,-1,9
69652,-40.359754,24,synthetic,2,3
69677,2.719961,25,real,-1,4
69702,-4.695702,25,real,-1,4
69725,0.522026,23,real,-1,2
69766,-4.068262,41,real,-1,20
69788,-0.484069,22,real,-1,1
69826,-21.498924,38,synthetic,1,17
69847,1.67266,21,real,-1,0
69873,-9.783333,26,synthetic,0,5
69896,2.02206,23,real,-1,2
69936,-1.75957,40,real,-1,19
69976,-0.758649,40,real,-1,19
70008,-3.142553,32,real,-1,11
70050,-47.813535,42,synthetic,2,21
70088,-14.389501,38,synthetic,0,17
70126,-35.161543,38,synthetic,2,17
70147,-21.321298,21,synthetic,1,0
70178,-39.391765,31,synthetic,2,10
70214,-7.583,36,real,-1,15
70242,-3.595896,28,real,-1,7
70274,-5.612899,32,real,-1,11
70309,-2.309336,35,real,-1,14
70336,-32.30839,27,synthetic,2,6
70372,-24.728147,36,synthetic,1,15
70399,-5.989921,27,real,-1,6
70422,-4.977706,23,real,-1,2
70450,-0.401804,28,real,-1,7
70476,1.992672,26,real,-1,5
70510,-29.181258,34,synthetic,1,13
70543,-5.407603,33,real,-1,12
70571,-29.807843,28,synthetic,1,7
70600,-2.028689,29,real,-1,8
70640,-4.300703,40,real,-1,19
70668,-6.694423,28,real,-1,7
70696,-3.311627,28,real,-1,7
70719,-5.757177,23,real,-1,2
70756,-41.167358,37,synthetic,2,16
70783,-37.950561,27,synthetic,2,6
70805,-8.49147,22,real,-1,1
70839,-0.164998,34,real,-1,13
70872,2.181737,33,real,-1,12
70896,-0.823392,24,real,-1,3
70937,-6.270245,41,real,-1,20
70970,-4.55619,33,real,-1,12
70998,-11.405757,28,synthetic,0,7
71036,-6.008634,38,real,-1,17
71064,-1.983425,28,real,-1,7
71100,-11.269008,36,real,-1,15
71139,-5.81,39,real,-1,18
71176,-6.3149,37,real,-1,16
71197,-1.58741,21,real,-1,0
71231,-5.663332,34,synthetic,0,13
71253,-17.637886,22,synthetic,0,1
71281,-4.206109,28,real,-1,7
71318,-6.710574,37,real,-1,16
71360,-4.194828,42,real,-1,21
71395,4.911043,35,real,-1,14
71429,-15.982424,34,synthetic,1,13
71455,-2.205815,26,real,-1,5
71491,-4.960066,36,real,-1,15
71526,-6.667542,35,real,-1,14
71557,-0.50635,31,real,-1,10
71585,3.157422,28,real,-1,7
71625,-6.680811,40,real,-1,19
71660,1.136572,35,real,-1,14
71694,-19.478305,34,synthetic,0,13
71732,-12.847288,38,synthetic,0,17
71756,-20.757513,24,synthetic,1,3
71790,-11.169315,34,synthetic,0,13
71826,-16.0006,36,synthetic,0,15
71849,0.554935,23,real,-1,2
71882,-47.068722,33,synthetic,2,12
71911,-2.87233,29,real,-1,8
71932,-0.247449,21,real,-1,0
71961,0.253965,29,real,-1,8
71986,-36.895229,25,synthetic,2,4
72008,-29.120461,22,synthetic,2,1
72032,-21.341312,24,synthetic,1,3
72064,-1.525191,32,real,-1,11
72103,-7.099947,39,real,-1,18
72143,-6.396447,40,real,-1,19
72185,-18.5868,42,synthetic,0,21
72226,-35.968451,41,synthetic,2,20
72267,-15.717079,41,synthetic,0,20
72299,-5.358442,32,real,-1,11
72340,-25.695244,41,synthetic,1,20
72371,-48.629015,31,synthetic,2,10
72400,-0.91968,29,real,-1,8
72434,0.30732,34,real,-1,13
72471,5.434903,37,real,-1,16
72509,-29.600965,38,synthetic,1,17
72530,-2.300175,21,real,-1,0
72572,0.420973,42,synthetic,0,21
72614,-28.973786,42,synthetic,1,21
72656,2.671948,42,real,-1,21
72679,-1.566396,23,real,-1,2
72710,-23.365135,31,synthetic,1,10
72745,-33.277515,35,synthetic,1,14
72766,0.37077,21,real,-1,0
72793,-0.604104,27,real,-1,6
72822,-5.866783,29,real,-1,8
72852,-23.038319,30,synthetic,1,9
72887,-0.521481,35,real,-1,14
72914,-5.110668,27,synthetic,0,6
72942,2.294968,28,real,-1,7
72969,-21.956763,27,synthetic,1,6
72991,-0.653159,22,real,-1,1
73016,-31.484068,25,synthetic,2,4
73048,-22.891934,32,synthetic,1,11
73089,-12.481038,41,synthetic,0,20
73129,-21.729836,40,synthetic,0,19
73150,-4.013067,21,real,-1,0
73172,-2.412931,22,real,-1,1
73206,-7.679636,34,real,-1,13
73241,-4.698964,35,real,-1,14
73271,-3.935291,30,real,-1,9
73308,-32.071827,37,synthetic,2,16
73330,-0.849531,22,real,-1,1
73364,-48.409519,34,synthetic,2,13
73402,-4.028067,38,real,-1,17
73426,-18.200721,24,synthetic,0,3
73465,-2.456219,39,real,-1,18
73500,-0.912526,35,real,-1,14
73536,-4.281519,36,real,-1,15
73557,-12.635603,21,synthetic,0,0
73592,-11.688662,35,synthetic,0,14
73632,-25.582145,40,synthetic,1,19
73664,-26.521076,32,synthetic,1,11
73688,2.047528,24,real,-1,3
73719,-28.555674,31,synthetic,2,10
73749,-35.488371,30,synthetic,2,9
73788,-6.89491,39,real,-1,18
73817,-14.607942,29,synthetic,0,8
73848,-9.295529,31,real,-1,10
73889,-18.463089,41,synthetic,1,20
73912,-10.247525,23,synthetic,0,2
73939,-14.225945,27,synthetic,0,6
73980,-4.917754,41,real,-1,20
74018,-10.449791,38,synthetic,0,17
74045,-25.421439,27,synthetic,2,6
74069,-15.174871,24,synthetic,1,3
74108,-40.774169,39,synthetic,2,18
74137,-6.313553,29,real,-1,8
74174,0.463647,37,real,-1,16
74206,-26.307022,32,synthetic,2,11
74234,-40.819859,28,synthetic,2,7
74257,0.805542,23,real,-1,2
74280,-4.128145,23,real,-1,2
74321,-9.31008,41,real,-1,20
74358,-33.549595,37,synthetic,2,16
74385,-32.188257,27,synthetic,2,6
74408,0.058984,23,real,-1,2
74442,-4.604876,34,real,-1,13
74480,-37.726642,38,synthetic,2,17
74502,0.079884,22,real,-1,1
74531,-5.029694,29,real,-1,8
74573,-24.498623,42,synthetic,1,21
74596,-5.24868,23,real,-1,2
74620,-21.668473,24,synthetic,1,3
74662,0.88293,42,real,-1,21
74703,-46.327618,41,synthetic,2,20
74733,-1.504665,30,real,-1,9
74769,-16.520158,36,synthetic,0,15
74793,-3.810941,24,real,-1,3
74817,-4.02822,24,real,-1,3
74848,-6.995817,31,real,-1,10
74884,-35.356784,36,synthetic,2,15
74917,-24.314654,33,synthetic,1,12
74945,2.60225,28,real,-1,7
74976,-4.95616,31,real,-1,10
75006,-51.068502,30,synthetic,2,9
75032,0.739792,26,real,-1,5
75072,-5.05845,40,real,-1,19
75113,-25.422516,41,synthetic,1,20
75140,-13.124128,27,synthetic,0,6
75178,-41.636943,38,synthetic,2,17
75209,-0.519453,31,real,-1,10
75249,0.740439,40,real,-1,19
75283,-30.758708,34,synthetic,1,13
75323,-5.869836,40,real,-1,19
75365,-5.569752,42,real,-1,21
75392,-10.92798,27,synthetic,0,6
75431,-37.300107,39,synthetic,2,18
75460,-28.062812,29,synthetic,2,8
75486,-29.563161,26,synthetic,2,5
75510,-11.501779,24,real,-1,3
75546,2.43803,36,real,-1,15
75576,-38.229389,30,synthetic,2,9
75611,-4.591537,35,real,-1,14
75634,-0.311574,23,real,-1,2
75674,-13.617474,40,synthetic,0,19
75710,-35.637985,36,synthetic,1,15
75741,-11.963615,31,synthetic,0,10
75769,0.761291,28,real,-1,7
75809,-36.666429,40,synthetic,2,19
75837,-3.223239,28,real,-1,7
75862,-4.466696,25,real,-1,4
75903,-6.41877,41,real,-1,20
75928,-1.18858,25,real,-1,4
75964,4.612007,36,real,-1,15
75992,-37.567831,28,synthetic,2,7
76018,-14.326,26,synthetic,0,5
76046,-6.860859,28,real,-1,7
76072,-12.610654,26,synthetic,0,5
76094,-33.242506,22,synthetic,2,1
76136,-27.82872,42,synthetic,1,21
76163,-11.405948,27,synthetic,0,6
76202,-11.733851,39,synthetic,0,18
76225,-38.456541,23,synthetic,2,2
76258,-21.118919,33,synthetic,1,12
76283,-49.634166,25,synthetic,2,4
76315,-2.45272,32,real,-1,11
76340,-36.79359,25,synthetic,2,4
76378,-12.917838,38,synthetic,0,17
76419,-11.026289,41,synthetic,1,20
76441,-4.279877,22,real,-1,1
76462,1.313629,21,real,-1,0
76500,-4.991865,38,real,-1,17
76535,-22.06684,35,synthetic,1,14
76570,-19.42398,35,synthetic,1,14
76594,-26.981786,24,synthetic,1,3
76621,-13.922878,27,synthetic,0,6
76650,-35.724893,29,synthetic,2,8
76677,-12.137492,27,real,-1,6
76704,-5.135461,27,real,-1,6
76742,-0.473447,38,real,-1,17
76777,-14.351735,35,real,-1,14
76809,-20.958011,32,synthetic,1,11
76836,0.039114,27,real,-1,6
76868,0.61412,32,real,-1,11
76892,-26.569195,24,synthetic,2,3
76927,-18.68145,35,synthetic,0,14
76957,-31.811112,30,synthetic,1,9
76980,-0.135882,23,real,-1,2
77016,1.802345,36,real,-1,15
77040,-3.106618,24,real,-1,3
77061,-16.880475,21,synthetic,1,0
77100,-20.087765,39,synthetic,1,18
77137,-38.367484,37,synthetic,2,16
77162,-2.52141,25,real,-1,4
77200,-22.521886,38,synthetic,1,17
77234,0.478228,34,real,-1,13
77257,-35.57756,23,synthetic,2,2
77281,2.753181,24,real,-1,3
77317,-36.155917,36,synthetic,2,15
77348,-8.912906,31,synthetic,0,10
77375,-0.545722,27,real,-1,6
77409,-44.053928,34,synthetic,2,13
77445,-7.145514,36,real,-1,15
77474,0.703995,29,real,-1,8
77499,-3.628467,25,real,-1,4
77540,-8.452731,41,real,-1,20
77563,-13.677499,23,synthetic,1,2
77593,-39.071242,30,synthetic,2,9
77634,-45.612294,41,synthetic,2,20
77658,-24.873038,24,synthetic,1,3
77681,-30.596098,23,synthetic,1,2
77715,-42.753574,34,synthetic,2,13
77743,-19.959956,28,synthetic,1,7
77769,-0.602356,26,real,-1,5
77805,0.057422,36,real,-1,15
77837,-16.000976,32,synthetic,0,11
77860,-26.433861,23,synthetic,1,2
77899,-23.771988,39,synthetic,1,18
77921,-23.97942,22,synthetic,1,1
77952,-14.72157,31,synthetic,1,10
77975,-21.472062,23,synthetic,1,2
77999,-4.808264,24,real,-1,3
78028,-13.498334,29,synthetic,0,8
78069,-20.589654,41,synthetic,0,20
78099,-34.564303,30,synthetic,2,9
78135,-4.16555,36,real,-1,15
78174,-24.550807,39,synthetic,1,18
78201,-2.311728,27,real,-1,6
78240,-4.809979,39,real,-1,18
78261,-22.511822,21,synthetic,1,0
78291,-0.864554,30,real,-1,9
78332,-52.01549,41,synthetic,2,20
78359,-4.117817,27,real,-1,6
78390,-20.495268,31,synthetic,1,10
78429,0.497288,39,real,-1,18
78462,-34.723142,33,synthetic,2,12
78489,-29.496411,27,synthetic,2,6
78513,-4.138484,24,real,-1,3
78542,-2.17962,29,real,-1,8
78573,-15.30181,31,synthetic,0,10
78614,-2.296695,41,real,-1,20
78650,-43.916029,36,synthetic,2,15
78682,-13.913254,32,synthetic,0,11
78709,0.103785,27,real,-1,6
78746,-39.156359,37,synthetic,2,16
78769,-34.510853,23,synthetic,2,2
78804,-7.738572,35,real,-1,14
78835,4.063352,31,real,-1,10
78867,0.279137,32,real,-1,11
78909,-38.368589,42,synthetic,1,21
78935,-2.965188,26,real,-1,5
78969,-14.725948,34,synthetic,0,13
79004,-2.294002,35,real,-1,14
79035,-2.466717,31,real,-1,10
79071,-14.495126,36,synthetic,0,15
79098,-21.273916,27,synthetic,1,6
79137,-6.789853,39,real,-1,18
79169,-19.274416,32,synthetic,0,11
79194,-27.106724,25,synthetic,1,4
79215,-25.086526,21,synthetic,1,0
79257,-2.203651,42,real,-1,21
79293,-8.642275,36,synthetic,0,15
79325,-37.077893,32,synthetic,2,11
79360,-13.935946,35,synthetic,0,14
79396,-17.794583,36,synthetic,0,15
79429,-1.773699,33,real,-1,12
79458,-9.238024,29,synthetic,0,8
79485,-3.221745,27,real,-1,6
79526,-5.544563,41,real,-1,20
79564,-7.431174,38,real,-1,17
79599,-0.711415,35,real,-1,14
79625,-4.057394,26,real,-1,5
79654,-32.382402,29,synthetic,1,8
79691,-6.965069,37,real,-1,16
79713,-7.465859,22,real,-1,1
79755,-26.842662,42,synthetic,1,21
79782,-38.262335,27,synthetic,2,6
79823,-40.670524,41,synthetic,2,20
79847,-16.211457,24,synthetic,0,3
79878,-14.648498,31,synthetic,0,10
79920,-40.859237,42,synthetic,2,21
79950,1.434438,30,real,-1,9
79973,-3.318099,23,real,-1,2
80000,-9.524694,27,real,-1,6
80033,-19.929326,33,synthetic,1,12
80062,-30.569956,29,synthetic,2,8
80100,-27.074622,38,synthetic,1,17
80122,-3.140239,22,real,-1,1
80147,-24.039666,25,synthetic,1,4
80175,-22.598984,28,synthetic,0,7
80199,0.428819,24,real,-1,3
80221,-2.112701,22,real,-1,1
80255,-3.174992,34,real,-1,13
80282,-0.516463,27,real,-1,6
80305,-27.498305,23,synthetic,1,2
80326,-0.333352,21,real,-1,0
80363,-0.328456,37,real,-1,16
80397,-24.587865,34,synthetic,1,13
80433,-9.809213,36,real,-1,15
80462,-9.329396,29,real,-1,8
80501,-1.593181,39,real,-1,18
80529,-34.547671,28,synthetic,1,7
80558,-7.529806,29,real,-1,8
80588,-4.043586,30,real,-1,9
80624,-6.703107,36,real,-1,15
80665,-8.62168,41,real,-1,20
80691,-52.734043,26,synthetic,2,5
80725,0.190016,34,real,-1,13
80759,-16.985344,34,synthetic,0,13
80781,1.649464,22,real,-1,1
80802,0.804559,21,real,-1,0
80843,-2.853848,41,real,-1,20
80881,-7.712886,38,real,-1,17
80905,-1.280192,24,real,-1,3
80941,-1.257867,36,real,-1,15
80968,-6.290699,27,real,-1,6
81007,-0.588946,39,real,-1,18
81048,-9.866289,41,real,-1,20
81069,-0.978353,21,real,-1,0
81094,0.877976,25,real,-1,4
81132,-15.44344,38,synthetic,0,17
81154,-43.560005,22,synthetic,2,1
81189,0.254597,35,real,-1,14
81219,0.149063,30,real,-1,9
81255,-1.996977,36,real,-1,15
81292,-12.67828,37,synthetic,0,16
81328,-36.682536,36,synthetic,2,15
81368,-3.889251,40,real,-1,19
81402,-12.464994,34,real,-1,13
81424,-48.437231,22,synthetic,2,1
81445,-3.955818,21,real,-1,0
81472,-28.397132,27,synthetic,1,6
81496,-7.75613,24,real,-1,3
81532,-5.966083,36,real,-1,15
81559,-7.475001,27,real,-1,6
81586,3.039391,27,real,-1,6
81620,-1.465829,34,real,-1,13
81661,-49.200303,41,synthetic,2,20
81685,-12.716548,24,synthetic,0,3
81713,4.198551,28,real,-1,7
81748,-12.802556,35,real,-1,14
81772,-39.582962,24,synthetic,2,3
81798,-20.260503,26,synthetic,0,5
81822,4.114209,24,real,-1,3
81861,-0.923867,39,real,-1,18
81894,-10.898611,33,synthetic,0,12
81917,-3.505012,23,real,-1,2
81951,-31.427362,34,synthetic,1,13
81992,-31.019698,41,synthetic,1,20
82027,-3.095877,35,real,-1,14
82049,-24.633608,22,synthetic,1,1
82077,-4.432837,28,real,-1,7
82113,-3.847471,36,real,-1,15
82135,-3.205422,22,real,-1,1
82163,-45.563447,28,synthetic,2,7
82202,-8.950539,39,real,-1,18
82240,6.770737,38,real,-1,17
82280,-16.247951,40,synthetic,1,19
82317,-39.528538,37,synthetic,2,16
82359,-13.329801,42,synthetic,0,21
82388,-3.797942,29,real,-1,8
82418,-6.604245,30,synthetic,0,9
82443,-29.540129,25,synthetic,1,4
82472,2.513259,29,real,-1,8
82508,-6.289701,36,real,-1,15
82529,-38.125991,21,synthetic,2,0
82551,-7.447445,22,real,-1,1
82579,-4.317791,28,real,-1,7
82607,-45.418872,28,synthetic,2,7
82629,-19.642285,22,synthetic,0,1
82667,-32.866565,38,synthetic,2,17
82705,-2.330629,38,real,-1,17
82734,-15.855012,29,synthetic,0,8
82770,-1.554267,36,real,-1,15
82799,-1.710182,29,real,-1,8
82837,-42.288929,38,synthetic,2,17
82878,-6.214051,41,real,-1,20
82899,-38.572289,21,synthetic,2,0
82922,-0.200999,23,real,-1,2
82950,0.767629,28,real,-1,7
82981,-38.612368,31,synthetic,2,10
83013,-6.421154,32,synthetic,0,11
83054,3.560001,41,real,-1,20
83093,3.773397,39,real,-1,18
83123,-32.998858,30,synthetic,2,9
83150,0.317456,27,real,-1,6
83189,-9.068181,39,real,-1,18
83222,-28.096702,33,synthetic,1,12
83247,-10.619403,25,synthetic,0,4
83287,1.972279,40,real,-1,19
83324,-18.135873,37,synthetic,0,16
83365,-8.407696,41,real,-1,20
83391,-30.902483,26,synthetic,1,5
83415,0.86587,24,real,-1,3
83438,-14.756306,23,synthetic,0,2
83468,-5.201402,30,real,-1,9
83494,3.197173,26,real,-1,5
83524,-35.156698,30,synthetic,2,9
83547,6.457857,23,real,-1,2
83568,-2.698909,21,real,-1,0
83593,-3.618389,25,synthetic,0,4
83629,-2.466364,36,real,-1,15
83666,-24.151923,37,synthetic,1,16
83695,-5.317756,29,real,-1,8
83717,1.806676,22,real,-1,1
83752,-8.212031,35,real,-1,14
83776,0.369239,24,real,-1,3
83812,-22.646863,36,synthetic,1,15
83837,-9.863069,25,real,-1,4
83875,-2.659318,38,real,-1,17
83913,-18.852395,38,synthetic,1,17
83954,4.312493,41,real,-1,20
83991,-30.452541,37,synthetic,2,16
84017,-13.370084,26,real,-1,5
84045,-20.253738,28,synthetic,1,7
84085,-3.441128,40,real,-1,19
84120,-30.070764,35,synthetic,1,14
84154,-24.112316,34,synthetic,1,13
84180,-10.313276,26,synthetic,0,5
84213,-2.84814,33,real,-1,12
84234,1.91463,21,real,-1,0
84270,-4.933754,36,real,-1,15
84303,4.477504,33,real,-1,12
84335,-14.723188,32,synthetic,0,11
84373,-46.211064,38,synthetic,2,17
84411,-5.341188,38,real,-1,17
84440,-31.831574,29,synthetic,1,8
84464,-6.894051,24,real,-1,3
84486,-29.944334,22,synthetic,1,1
84519,-41.533384,33,synthetic,2,12
84554,-44.301917,35,synthetic,2,14
84588,-27.060461,34,synthetic,1,13
84610,-3.248,22,real,-1,1
84649,-7.402015,39,real,-1,18
84677,-9.962535,28,synthetic,0,7
84701,-39.086189,24,synthetic,2,3
84725,-26.997937,24,synthetic,1,3
84767,-22.442964,42,synthetic,1,21
84807,-20.993015,40,synthetic,2,19
84848,-45.723109,41,synthetic,2,20
84869,-36.708252,21,synthetic,2,0
84896,-8.545878,27,real,-1,6
84924,-24.126694,28,synthetic,1,7
84953,-15.587563,29,synthetic,1,8
84977,-15.223037,24,synthetic,0,3
85000,-13.796976,23,synthetic,1,2
85027,-25.321134,27,synthetic,2,6
85054,-5.808958,27,real,-1,6
85085,-6.301687,31,real,-1,10
85116,-22.332918,31,synthetic,1,10
85141,-37.465827,25,synthetic,2,4
85164,-32.548287,23,synthetic,2,2
85185,-12.849863,21,synthetic,0,0
85216,-13.690303,31,synthetic,0,10
85237,-2.372753,21,real,-1,0
85270,-33.253526,33,synthetic,2,12
85292,-14.490961,22,synthetic,0,1
85322,-8.696992,30,real,-1,9
85345,-11.826369,23,synthetic,0,2
85379,-25.158739,34,synthetic,1,13
85414,-6.776791,35,real,-1,14
85442,-32.829205,28,synthetic,1,7
85478,-20.427832,36,synthetic,1,15
85505,0.932261,27,real,-1,6
85541,-17.10014,36,synthetic,0,15
85570,-9.3233,29,synthetic,0,8
85596,-23.142879,26,synthetic,1,5
85635,-12.855276,39,synthetic,0,18
85665,-24.750155,30,synthetic,1,9
85686,0.313257,21,real,-1,0
85722,-2.173583,36,real,-1,15
85746,-3.907114,24,real,-1,3
85768,-0.008116,22,real,-1,1
85808,-30.312658,40,synthetic,2,19
85844,0.187507,36,real,-1,15
85877,-1.670791,33,real,-1,12
85899,-16.548666,22,synthetic,0,1
85928,-3.44826,29,real,-1,8
85963,2.006269,35,real,-1,14
85991,-6.557307,28,real,-1,7
86018,-15.50151,27,synthetic,1,6
86039,-25.61664,21,synthetic,1,0
86062,-31.450117,23,synthetic,2,2
86095,-18.28802,33,synthetic,1,12
86121,-2.032039,26,real,-1,5
86148,2.349818,27,real,-1,6
86188,-39.456659,40,synthetic,2,19
86220,-49.081419,32,synthetic,2,11
86242,-12.998726,22,synthetic,0,1
86267,-15.30271,25,synthetic,0,4
86301,-5.092663,34,real,-1,13
86331,-9.482237,30,synthetic,0,9
86365,-7.399568,34,real,-1,13
86389,-41.162645,24,synthetic,2,3
86430,-2.850571,41,real,-1,20
86463,-48.215502,33,synthetic,2,12
86498,-26.807267,35,synthetic,1,14
86538,-2.774646,40,real,-1,19
86570,-38.840595,32,synthetic,2,11
86597,-0.865422,27,real,-1,6
86626,-0.100849,29,real,-1,8
86648,-1.710781,22,real,-1,1
86685,-12.193574,37,synthetic,0,16
86725,-6.225945,40,real,-1,19
86746,5.215138,21,real,-1,0
86783,-2.130213,37,real,-1,16
86814,-35.290875,31,synthetic,1,10
86850,-24.970246,36,synthetic,1,15
86887,-12.281542,37,synthetic,0,16
86914,-14.091811,27,real,-1,6
86942,-10.36474,28,synthetic,0,7
86984,-25.768428,42,synthetic,1,21
87026,-0.642124,42,real,-1,21
87051,-3.613973,25,real,-1,4
87086,-0.185726,35,real,-1,14
87124,-6.873007,38,real,-1,17
87166,-1.992541,42,real,-1,21
87195,2.675843,29,real,-1,8
87217,-42.390637,22,synthetic,2,1
87256,-26.347742,39,synthetic,1,18
87289,-4.798979,33,real,-1,12
87318,-12.627552,29,synthetic,0,8
87340,-5.75433,22,real,-1,1
87368,-23.976984,28,synthetic,2,7
87395,-4.679672,27,real,-1,6
87430,-27.86973,35,synthetic,2,14
87456,-13.704155,26,synthetic,0,5
87477,-5.692745,21,real,-1,0
87515,-7.18591,38,real,-1,17
87538,-10.552877,23,synthetic,0,2
87577,-6.73033,39,real,-1,18
87618,-47.5543,41,synthetic,2,20
87648,-15.522649,30,synthetic,0,9
87680,-11.76727,32,real,-1,11
87714,-23.658534,34,synthetic,0,13
87741,-29.324489,27,synthetic,2,6
87781,-1.101648,40,real,-1,19
87807,-0.854398,26,real,-1,5
87840,-37.372897,33,synthetic,2,12
87873,-4.289363,33,real,-1,12
87907,-7.708107,34,real,-1,13
87936,-35.377212,29,synthetic,2,8
87972,0.942215,36,real,-1,15
88002,-16.734845,30,synthetic,1,9
88027,-6.429944,25,real,-1,4
88065,2.745803,38,real,-1,17
88099,1.073928,34,real,-1,13
88130,-3.403311,31,real,-1,10
88151,2.000471,21,real,-1,0
88176,-0.96203,25,real,-1,4
88211,-7.984742,35,real,-1,14
88235,-3.970729,24,real,-1,3
88258,-26.840086,23,synthetic,1,2
88298,-17.925179,40,synthetic,1,19
88327,-1.447371,29,real,-1,8
88348,-3.642247,21,real,-1,0
88386,-12.815321,38,real,-1,17
88419,-16.131083,33,synthetic,1,12
88448,-0.450808,29,real,-1,8
88488,-12.594968,40,synthetic,0,19
88517,-35.956802,29,synthetic,2,8
88559,-3.563045,42,real,-1,21
88584,-44.628407,25,synthetic,2,4
88610,2.261507,26,real,-1,5
88635,-34.693358,25,synthetic,2,4
88662,-3.962518,27,real,-1,6
88689,-2.056991,27,real,-1,6
88714,-1.877005,25,real,-1,4
88750,-36.463836,36,synthetic,2,15
88792,-0.027389,42,real,-1,21
88824,-0.862138,32,real,-1,11
88865,-6.135734,41,real,-1,20
88902,-9.596245,37,synthetic,0,16
88938,-14.497942,36,synthetic,0,15
88977,-5.800487,39,real,-1,18
89004,-5.214623,27,real,-1,6
89030,-34.648362,26,synthetic,1,5
89064,-34.866109,34,synthetic,1,13
89088,-7.395865,24,synthetic,0,3
89126,-44.848859,38,synthetic,2,17
89161,-10.029034,35,synthetic,0,14
89203,-13.011804,42,synthetic,0,21
89226,-29.67743,23,synthetic,2,2
89264,-18.251698,38,synthetic,0,17
89295,-26.295782,31,synthetic,2,10
89331,-3.427878,36,real,-1,15
89373,-40.109529,42,synthetic,2,21
89408,-12.315485,35,synthetic,0,14
89439,-14.029497,31,synthetic,1,10
89460,-0.835621,21,real,-1,0
89485,-21.709482,25,synthetic,1,4
89511,-12.937968,26,synthetic,0,5
89547,-5.958396,36,real,-1,15
89578,-4.536448,31,real,-1,10
89603,-16.172776,25,synthetic,0,4
89626,-50.46338,23,synthetic,2,2
89654,4.213054,28,real,-1,7
89694,-17.949702,40,synthetic,1,19
89724,0.209517,30,real,-1,9
89745,-19.943325,21,synthetic,1,0
89772,-11.921983,27,synthetic,0,6
89805,-12.563534,33,synthetic,0,12
89837,-2.833305,32,real,-1,11
89863,-20.785017,26,synthetic,1,5
89892,-18.318366,29,synthetic,0,8
89918,-7.95845,26,real,-1,5
89951,-23.079018,33,synthetic,1,12
89973,-2.087538,22,real,-1,1
90009,-43.139438,36,synthetic,2,15
90037,-36.996967,28,synthetic,2,7
90071,-40.952333,34,synthetic,2,13
90102,-4.649653,31,real,-1,10
90140,-2.721981,38,real,-1,17
90178,-25.767768,38,synthetic,1,17
90212,-33.224222,34,synthetic,2,13
90251,-38.00682,39,synthetic,2,18
90290,-8.811013,39,synthetic,0,18
90321,1.791206,31,real,-1,10
90360,1.163689,39,real,-1,18
90392,-43.466697,32,synthetic,2,11
90425,-37.213675,33,synthetic,2,12
90463,-5.148187,38,real,-1,17
90493,-7.192143,30,real,-1,9
90518,-1.329818,25,real,-1,4
90551,-29.623816,33,synthetic,2,12
90590,2.11681,39,real,-1,18
90614,-35.867464,24,synthetic,2,3
90656,-16.81698,42,synthetic,0,21
90687,3.322151,31,real,-1,10
90717,-23.347484,30,synthetic,1,9
90744,-10.493575,27,real,-1,6
90769,3.950158,25,real,-1,4
90807,-36.677424,38,synthetic,2,17
90849,2.429932,42,real,-1,21
90889,-4.14964,40,real,-1,19
90928,-11.164221,39,real,-1,18
90967,-28.222681,39,synthetic,1,18
90998,-0.846309,31,real,-1,10
91019,-5.302879,21,real,-1,0
91053,-13.983668,34,synthetic,0,13
91074,-43.388483,21,synthetic,2,0
91104,-34.008581,30,synthetic,2,9
91146,-0.218072,42,real,-1,21
91187,-4.427725,41,real,-1,20
91222,-3.7244,35,real,-1,14
91259,-8.193223,37,real,-1,16
91290,2.097865,31,real,-1,10
91316,-13.449304,26,synthetic,1,5
91343,-6.256572,27,synthetic,0,6
91374,-2.410101,31,real,-1,10
91407,-6.685821,33,real,-1,12
91439,6.329417,32,real,-1,11
91469,-17.754439,30,synthetic,1,9
91511,-22.609258,42,synthetic,1,21
91540,-3.267726,29,real,-1,8
91565,-25.793413,25,synthetic,1,4
91597,-32.796601,32,synthetic,2,11
91627,-36.258418,30,synthetic,2,9
91657,-5.103625,30,real,-1,9
91694,-8.854462,37,real,-1,16
91722,-1.464229,28,real,-1,7
91761,-32.994335,39,synthetic,2,18
91799,-9.415215,38,real,-1,17
91826,-23.860756,27,synthetic,2,6
91848,-1.466176,22,real,-1,1
91871,-10.358384,23,synthetic,0,2
91909,-31.255875,38,synthetic,2,17
91943,-34.656716,34,synthetic,2,13
91967,-2.632959,24,real,-1,3
91999,-38.276408,32,synthetic,2,11
92022,-37.309773,23,synthetic,2,2
92064,-40.853693,42,synthetic,2,21
92101,-7.032837,37,real,-1,16
92132,-1.136219,31,real,-1,10
92156,-12.39613,24,real,-1,3
92193,-13.152163,37,synthetic,0,16
92233,-29.463768,40,synthetic,2,19
92269,-32.32699,36,synthetic,2,15
92311,-9.023174,42,real,-1,21
92347,-4.699299,36,real,-1,15
92376,-7.769547,29,real,-1,8
92410,-1.650301,34,real,-1,13
92442,-10.059243,32,real,-1,11
92477,-3.223878,35,real,-1,14
92516,-10.088654,39,real,-1,18
92537,0.717455,21,real,-1,0
92574,-1.49807,37,real,-1,16
92608,-44.837145,34,synthetic,2,13
92650,-0.772245,42,real,-1,21
92678,-16.902057,28,synthetic,0,7
92713,-0.81618,35,real,-1,14
92755,-4.881975,42,real,-1,21
92784,-31.157013,29,synthetic,2,8
92805,-1.159061,21,real,-1,0
92846,-18.602575,41,synthetic,1,20
92886,-19.808582,40,synthetic,0,19
92925,-23.630518,39,synthetic,1,18
92964,-5.479028,39,real,-1,18
92991,-11.661877,27,synthetic,0,6
93033,-4.563756,42,real,-1,21
93057,-7.563481,24,real,-1,3
93087,-17.614127,30,synthetic,1,9
93109,-20.105045,22,synthetic,1,1
93132,-34.998454,23,synthetic,2,2
93168,-11.581401,36,real,-1,15
93191,-14.912923,23,synthetic,0,2
93230,-45.525172,39,synthetic,2,18
93261,-14.819248,31,synthetic,0,10
93288,-30.984009,27,synthetic,1,6
93320,-2.297642,32,real,-1,11
93348,-0.546519,28,real,-1,7
93373,-5.258808,25,real,-1,4
93402,-35.78689,29,synthetic,2,8
93430,-3.147594,28,real,-1,7
93459,-31.749032,29,synthetic,2,8
93482,-8.443873,23,synthetic,0,2
93504,-8.871656,22,synthetic,0,1
93526,-23.748905,22,synthetic,1,1
93558,-3.090868,32,real,-1,11
93598,-1.190579,40,real,-1,19
93622,-16.431378,24,synthetic,0,3
93650,4.426837,28,real,-1,7
93678,-13.676575,28,synthetic,0,7
93715,4.60292,37,real,-1,16
93742,0.108015,27,real,-1,6
93771,-18.781042,29,synthetic,1,8
93808,-26.793636,37,synthetic,2,16
93841,-36.761582,33,synthetic,1,12
93863,-2.59032,22,real,-1,1
93899,3.958444,36,real,-1,15
93939,-8.622614,40,real,-1,19
93981,-15.69397,42,synthetic,0,21
94005,-9.243922,24,synthetic,0,3
94031,-32.565597,26,synthetic,1,5
94070,-4.832199,39,real,-1,18
94106,-25.060257,36,synthetic,1,15
94143,-2.581669,37,real,-1,16
94171,-1.246099,28,real,-1,7
94211,-34.977557,40,synthetic,2,19
94253,-11.290823,42,real,-1,21
94291,-52.953108,38,synthetic,2,17
94316,-0.239327,25,real,-1,4
94351,-25.023388,35,synthetic,0,14
94390,-4.600207,39,real,-1,18
94432,-24.234111,42,synthetic,1,21
94474,-0.690709,42,real,-1,21
94516,-13.7105,42,real,-1,21
94538,-0.843656,22,real,-1,1
94562,-10.699328,24,synthetic,0,3
94595,-38.819122,33,synthetic,1,12
94631,-2.673751,36,real,-1,15
94672,-44.606704,41,synthetic,2,20
94703,-1.748434,31,real,-1,10
94734,-35.343663,31,synthetic,2,10
94775,-10.682045,41,real,-1,20
94813,-1.821172,38,synthetic,0,17
94855,-5.272804,42,synthetic,0,21
94884,1.697982,29,real,-1,8
94909,2.835768,25,real,-1,4
94947,-45.348321,38,synthetic,2,17
94987,-5.178186,40,real,-1,19
95027,-18.987615,40,synthetic,0,19
95058,-15.419925,31,real,-1,10
95080,-4.428031,22,real,-1,1
95121,-19.30208,41,synthetic,0,20
95142,-9.091673,21,synthetic,0,0
95167,-5.94585,25,real,-1,4
95200,-2.359785,33,real,-1,12
95228,7.271838,28,real,-1,7
95263,-3.274963,35,real,-1,14
95290,-5.369914,27,real,-1,6
95324,-1.073324,34,real,-1,13
95356,-8.618538,32,synthetic,0,11
95387,-17.817579,31,synthetic,0,10
95420,1.35933,33,real,-1,12
95458,-22.325192,38,synthetic,0,17
95484,-6.835142,26,real,-1,5
95511,-26.035975,27,synthetic,1,6
95534,-0.632973,23,real,-1,2
95569,0.576474,35,real,-1,14
95604,-4.544143,35,real,-1,14
95644,-11.531215,40,synthetic,0,19
95667,-23.251807,23,synthetic,1,2
95709,0.824205,42,real,-1,21
95747,-6.426815,38,real,-1,17
95771,-3.495818,24,real,-1,3
95805,-15.178687,34,synthetic,0,13
95844,-2.453516,39,real,-1,18
95878,-27.108949,34,synthetic,1,13
95902,-9.428821,24,real,-1,3
95939,-5.274196,37,real,-1,16
95980,-5.61066,41,real,-1,20
96015,-1.443247,35,real,-1,14
96049,-43.619952,34,synthetic,2,13
96070,-35.285883,21,synthetic,2,0
96097,-12.963374,27,synthetic,0,6
96130,-19.572916,33,synthetic,1,12
96164,-36.676652,34,synthetic,2,13
96186,-2.805361,22,real,-1,1
96222,-1.522566,36,real,-1,15
96249,1.264231,27,real,-1,6
96285,2.605748,36,real,-1,15
96307,-1.623009,22,real,-1,1
96343,-27.826221,36,synthetic,1,15
96373,-28.979833,30,synthetic,1,9
96410,-4.254165,37,real,-1,16
96432,-1.558236,22,real,-1,1
96462,-14.489442,30,synthetic,0,9
96488,-6.000652,26,real,-1,5
96530,-10.413989,42,synthetic,0,21
96565,-0.565417,35,real,-1,14
96593,-40.767963,28,synthetic,2,7
96619,-0.350801,26,real,-1,5
96652,4.546015,33,real,-1,12
96674,-12.158938,22,synthetic,0,1
96697,-21.588763,23,synthetic,1,2
96726,-9.805096,29,synthetic,0,8
96767,-15.475568,41,synthetic,0,20
96803,-22.219184,36,synthetic,1,15
96842,-35.674118,39,synthetic,2,18
96866,-18.27781,24,synthetic,0,3
96889,-40.612281,23,synthetic,2,2
96920,-0.587508,31,real,-1,10
96960,-32.483929,40,synthetic,2,19
96985,-1.825394,25,real,-1,4
97017,-2.548838,32,real,-1,11
97040,-25.054345,23,synthetic,1,2
97081,-5.642783,41,real,-1,20
97108,-5.216028,27,real,-1,6
97150,-4.514647,42,real,-1,21
97175,-17.662917,25,synthetic,0,4
97204,-10.983323,29,synthetic,0,8
97226,-7.290221,22,synthetic,0,1
97251,-12.259134,25,synthetic,0,4
97293,-3.949953,42,real,-1,21
97320,-6.651936,27,real,-1,6
97359,-44.415977,39,synthetic,2,18
97396,-1.239128,37,real,-1,16
97438,-13.86698,42,synthetic,0,21
97459,-21.615089,21,synthetic,1,0
97486,4.093429,27,real,-1,6
97517,-26.455604,31,synthetic,2,10
97544,0.537058,27,real,-1,6
97581,-6.973993,37,real,-1,16
97607,-0.507905,26,real,-1,5
97628,-5.586634,21,real,-1,0
97656,-10.169868,28,real,-1,7
97682,-22.280457,26,synthetic,1,5
97715,-0.52993,33,real,-1,12
97755,-12.64474,40,synthetic,0,19
97796,-2.264437,41,real,-1,20
97829,-16.300008,33,synthetic,1,12
97852,-36.736045,23,synthetic,2,2
97894,-0.13323,42,real,-1,21
97933,-7.915307,39,real,-1,18
97965,-3.088987,32,real,-1,11
97991,-11.440995,26,real,-1,5
98020,-1.510397,29,real,-1,8
98045,-20.351751,25,synthetic,1,4
98070,-30.416274,25,synthetic,1,4
98091,-23.885287,21,synthetic,1,0
98121,-23.546003,30,synthetic,1,9
98144,-29.274517,23,synthetic,2,2
98186,-4.131615,42,synthetic,0,21
98222,-0.542884,36,real,-1,15
98257,0.015482,35,real,-1,14
98282,-9.078677,25,synthetic,0,4
98305,-26.550665,23,synthetic,1,2
98342,-37.329658,37,synthetic,2,16
98381,-35.009629,39,synthetic,1,18
98418,-2.768196,37,real,-1,16
98453,-31.171652,35,synthetic,1,14
98481,-8.384041,28,real,-1,7
98515,-14.349968,34,synthetic,0,13
98553,-23.132777,38,synthetic,1,17
98592,-39.481378,39,synthetic,2,18
98618,-1.799049,26,real,-1,5
98648,-4.765445,30,real,-1,9
98689,-29.013096,41,synthetic,2,20
98723,-8.012374,34,real,-1,13
98753,-2.086869,30,real,-1,9
98777,-4.504258,24,real,-1,3
98802,6.473854,25,real,-1,4
98837,-15.91987,35,synthetic,0,14
98868,3.783291,31,real,-1,10
98910,-0.186181,42,real,-1,21
98940,-0.337466,30,real,-1,9
98973,-10.424354,33,synthetic,0,12
99005,-26.073121,32,synthetic,1,11
99039,-27.800253,34,synthetic,1,13
99073,-14.294254,34,synthetic,0,13
99101,-31.962721,28,synthetic,1,7
99126,-17.290983,25,synthetic,0,4
99152,-1.192222,26,real,-1,5
99181,0.402265,29,real,-1,8
99210,-5.761565,29,real,-1,8
99240,-42.038393,30,synthetic,2,9
99274,-42.260376,34,synthetic,2,13
99308,-11.265753,34,synthetic,0,13
99330,-30.280797,22,synthetic,1,1
99352,-6.466015,22,synthetic,0,1
99381,-42.104539,29,synthetic,2,8
99405,-1.052159,24,real,-1,3
99442,-24.96975,37,synthetic,1,16
99475,-2.903186,33,real,-1,12
99504,-19.427579,29,synthetic,1,8
99534,-27.207577,30,synthetic,1,9
99556,-13.557656,22,synthetic,0,1
99577,-29.565402,21,synthetic,2,0
99598,-25.675838,21,synthetic,1,0
99633,-12.327121,35,synthetic,0,14
99659,2.510147,26,real,-1,5
99694,-35.751487,35,synthetic,2,14
99730,-34.100961,36,synthetic,2,15
99764,-0.899371,34,real,-1,13
99796,-17.424328,32,synthetic,1,11
99836,-27.019022,40,synthetic,1,19
99860,-0.544392,24,real,-1,3
99886,-5.03984,26,real,-1,5
99909,-32.373652,23,synthetic,1,2
99937,-34.350868,28,synthetic,2,7
99976,-2.827181,39,real,-1,18
100014,-9.71159,38,synthetic,0,17
100056,-49.890649,42,synthetic,2,21
100097,-26.99276,41,synthetic,1,20
100137,-5.715418,40,real,-1,19
100163,-18.684373,26,synthetic,0,5
100194,-0.260816,31,real,-1,10
100218,-3.287824,24,real,-1,3
100239,-1.496994,21,real,-1,0
100271,-32.13172,32,synthetic,1,11
100307,1.033509,36,real,-1,15
100331,-20.309235,24,synthetic,1,3
100356,2.159257,25,real,-1,4
100385,-26.389611,29,synthetic,1,8
100426,-4.188577,41,real,-1,20
100466,-37.404981,40,synthetic,2,19
100504,-3.401884,38,real,-1,17
100528,0.666027,24,real,-1,3
100567,3.310093,39,real,-1,18
100595,-2.816379,28,real,-1,7
100635,-0.609893,40,real,-1,19
100665,-4.773385,30,real,-1,9
100707,-2.034371,42,real,-1,21
100742,-42.308082,35,synthetic,2,14
100774,0.37973,32,real,-1,11
100811,-17.188726,37,synthetic,0,16
100850,-32.666651,39,synthetic,2,18
100880,-2.179064,30,real,-1,9
100912,0.464593,32,real,-1,11
100949,-5.30352,37,real,-1,16
100986,-36.424382,37,synthetic,2,16
101026,-6.532252,40,real,-1,19
101057,5.645151,31,real,-1,10
101098,-33.145547,41,synthetic,1,20
101119,-46.675996,21,synthetic,2,0
101153,-5.671607,34,real,-1,13
101181,-40.6771,28,synthetic,2,7
101216,-7.896631,35,real,-1,14
101249,0.272134,33,real,-1,12
101286,-4.830186,37,real,-1,16
101309,-2.492518,23,real,-1,2
101344,-1.421374,35,real,-1,14
101386,-5.222261,42,real,-1,21
101415,-2.693959,29,real,-1,8
101448,-15.480898,33,synthetic,0,12
101483,1.511227,35,real,-1,14
101504,-0.321008,21,real,-1,0
101539,-1.978367,35,real,-1,14
101568,-1.524841,29,real,-1,8
101608,-20.368229,40,synthetic,1,19
101634,-8.033195,26,synthetic,0,5
101668,-5.840793,34,real,-1,13
101690,1.192396,22,real,-1,1
101720,-1.653287,30,real,-1,9
101755,-3.448237,35,real,-1,14
101782,-4.862285,27,real,-1,6
101807,4.703034,25,real,-1,4
101834,-33.934034,27,synthetic,2,6
101868,-6.396045,34,synthetic,0,13
101905,-9.987006,37,real,-1,16
101930,-10.248352,25,synthetic,0,4
101956,-18.819927,26,synthetic,1,5
101985,1.856874,29,real,-1,8
102007,-2.046383,22,real,-1,1
102046,-1.107233,39,real,-1,18
102083,-3.99935,37,real,-1,16
102113,-10.230056,30,synthetic,0,9
102153,-11.479672,40,real,-1,19
102177,-0.237894,24,real,-1,3
102216,-20.488649,39,synthetic,1,18
102252,-17.09898,36,synthetic,0,15
102290,1.760701,38,real,-1,17
102317,-2.281915,27,real,-1,6
102353,-33.980548,36,synthetic,2,15
102376,-0.405769,23,real,-1,2
102407,-42.908342,31,synthetic,2,10
102442,-14.405729,35,synthetic,0,14
102471,-4.482343,29,real,-1,8
102494,-7.621524,23,real,-1,2
102530,-11.19617,36,synthetic,1,15
102563,-14.93696,33,synthetic,0,12
102596,-0.358185,33,real,-1,12
102625,-29.757048,29,synthetic,2,8
102657,-46.37592,32,synthetic,2,11
102680,-37.792173,23,synthetic,2,2
102717,-15.634087,37,synthetic,0,16
102741,-6.780995,24,synthetic,0,3
102770,-35.205012,29,synthetic,2,8
102800,-14.73058,30,synthetic,0,9
102827,-6.329703,27,real,-1,6
102858,-20.075641,31,synthetic,1,10
102889,-17.750594,31,synthetic,0,10
102915,2.192202,26,real,-1,5
102940,-14.089987,25,synthetic,0,4
102965,-9.654005,25,synthetic,0,4
103000,-1.6679,35,real,-1,14
103033,-17.078903,33,synthetic,1,12
103063,-7.32192,30,real,-1,9
103095,-8.274692,32,synthetic,0,11
103136,-0.944928,41,real,-1,20
103174,-36.094786,38,synthetic,2,17
103197,-17.663097,23,synthetic,0,2
103234,-2.94346,37,real,-1,16
103255,-37.675323,21,synthetic,2,0
103284,-10.114193,29,synthetic,0,8
103307,-0.916215,23,real,-1,2
103343,-4.690202,36,real,-1,15
103371,-4.076844,28,real,-1,7
103410,-11.301286,39,real,-1,18
103433,-34.858698,23,synthetic,2,2
103468,-5.334137,35,real,-1,14
103502,-24.90244,34,synthetic,1,13
103534,2.982299,32,real,-1,11
103560,-9.806083,26,synthetic,0,5
103589,-26.330202,29,synthetic,1,8
103613,-25.235646,24,synthetic,1,3
103641,-22.247663,28,synthetic,1,7
103667,-6.870566,26,real,-1,5
103696,-3.273118,29,real,-1,8
103719,-7.731877,23,real,-1,2
103750,-4.174462,31,real,-1,10
103792,-16.778837,42,synthetic,1,21
103819,-29.471566,27,synthetic,2,6
103860,-11.228004,41,synthetic,0,20
103895,-10.973126,35,synthetic,0,14
103925,-14.609463,30,synthetic,1,9
103955,-25.724565,30,synthetic,1,9
103995,-34.735388,40,synthetic,2,19
104034,-2.951082,39,real,-1,18
104057,-0.181945,23,real,-1,2
104089,-22.267294,32,synthetic,1,11
104129,-1.892799,40,real,-1,19
104171,-6.881743,42,real,-1,21
104211,-17.809751,40,synthetic,0,19
104245,0.980785,34,real,-1,13
104278,-11.273364,33,real,-1,12
104299,-41.822041,21,synthetic,2,0
104320,-39.555599,21,synthetic,2,0
104360,-43.912832,40,synthetic,2,19
104381,2.605232,21,real,-1,0
104418,1.402606,37,real,-1,16
104447,-26.024738,29,synthetic,1,8
104474,-29.762601,27,synthetic,1,6
104514,2.199322,40,real,-1,19
104540,0.293463,26,real,-1,5
104565,-2.329874,25,real,-1,4
104591,-31.524519,26,synthetic,1,5
104629,0.965895,38,real,-1,17
104659,-18.625101,30,synthetic,0,9
104700,-1.615304,41,real,-1,20
104732,-2.743022,32,real,-1,11
104757,-1.267883,25,real,-1,4
104792,-4.515651,35,real,-1,14
104828,-10.953716,36,synthetic,0,15
104869,-3.551351,41,real,-1,20
104898,1.978644,29,real,-1,8
104921,-11.540584,23,synthetic,0,2
104960,-33.767253,39,synthetic,2,18
104981,2.999355,21,real,-1,0
105009,-2.132344,28,real,-1,7
105035,3.583942,26,real,-1,5
105066,-24.811023,31,synthetic,1,10
105098,-3.898381,32,real,-1,11
105134,-4.766413,36,real,-1,15
105157,-11.806185,23,synthetic,0,2
105178,-7.368338,21,real,-1,0
105213,-27.577862,35,synthetic,1,14
105236,-2.470738,23,real,-1,2
105276,-5.112619,40,real,-1,19
105303,-5.120755,27,real,-1,6
105333,-12.981403,30,synthetic,0,9
105369,-40.45927,36,synthetic,2,15
105394,-44.988921,25,synthetic,2,4
105431,-22.398485,37,synthetic,1,16
105471,-0.285573,40,real,-1,19
105492,-26.819022,21,synthetic,2,0
105520,-30.737265,28,synthetic,2,7
105555,-35.066815,35,synthetic,1,14
105587,-32.99613,32,synthetic,2,11
105609,-36.019419,22,synthetic,2,1
105645,-6.710752,36,real,-1,15
105685,-7.28906,40,real,-1,19
105717,-5.468778,32,real,-1,11
105748,-29.813669,31,synthetic,1,10
105788,-2.44141,40,real,-1,19
105809,-25.663482,21,synthetic,2,0
105849,-19.403184,40,synthetic,0,19
105887,-12.407782,38,real,-1,17
105912,-13.924627,25,synthetic,0,4
105950,-6.772598,38,real,-1,17
105992,-1.356236,42,real,-1,21
106021,-2.360169,29,synthetic,0,8
106049,-30.999383,28,synthetic,1,7
106073,-24.870463,24,synthetic,2,3
106095,-7.31876,22,synthetic,0,1
106122,-33.684522,27,synthetic,2,6
106145,-1.561447,23,real,-1,2
106182,-26.036837,37,synthetic,1,16
106218,-8.488436,36,real,-1,15
106247,-0.969071,29,real,-1,8
106269,2.352899,22,real,-1,1
106304,-8.219861,35,real,-1,14
106330,-23.957628,26,synthetic,1,5
106360,-29.000135,30,synthetic,2,9
106384,1.066928,24,real,-1,3
106406,-25.673901,22,synthetic,1,1
106438,-33.697437,32,synthetic,2,11
106460,-13.914614,22,synthetic,0,1
106499,-2.284049,39,real,-1,18
106529,5.239861,30,real,-1,9
106550,-1.234852,21,real,-1,0
106590,-20.367888,40,synthetic,0,19
106621,-41.901351,31,synthetic,2,10
106647,-17.098629,26,synthetic,1,5
106672,-4.751106,25,real,-1,4
106703,-20.684312,31,synthetic,1,10
106745,-21.893605,42,synthetic,1,21
106781,-21.66323,36,synthetic,1,15
106807,4.251112,26,real,-1,5
106843,-46.599607,36,synthetic,2,15
106867,-16.312852,24,synthetic,0,3
106890,-15.961414,23,synthetic,0,2
106914,-2.097147,24,real,-1,3
106955,-4.223363,41,real,-1,20
106994,-34.131961,39,synthetic,2,18
107015,0.889927,21,real,-1,0
107036,-6.391812,21,real,-1,0
107060,-19.995749,24,synthetic,1,3
107100,-25.14046,40,synthetic,1,19
107128,-33.022766,28,synthetic,2,7
107159,-29.469496,31,synthetic,1,10
107185,-11.912206,26,synthetic,0,5
107225,-17.498613,40,synthetic,1,19
107256,3.155793,31,real,-1,10
107282,-35.563296,26,synthetic,2,5
107305,-2.930855,23,real,-1,2
107345,-28.342288,40,synthetic,2,19
107367,-11.33066,22,synthetic,0,1
107394,-13.398328,27,synthetic,0,6
107436,-0.413802,42,real,-1,21
107476,-31.069764,40,synthetic,2,19
107517,-10.902255,41,real,-1,20
107540,1.945402,23,real,-1,2
107563,-19.949125,23,synthetic,1,2
107598,0.969207,35,real,-1,14
107625,-23.155782,27,synthetic,1,6
107646,-18.314158,21,synthetic,1,0
107682,3.334931,36,real,-1,15
107706,-11.785027,24,synthetic,0,3
107736,-24.433844,30,synthetic,1,9
107765,-8.186296,29,real,-1,8
107799,-1.154116,34,real,-1,13
107834,-26.151956,35,synthetic,2,14
107863,-10.03044,29,synthetic,0,8
107884,1.16804,21,real,-1,0
107921,-35.675394,37,synthetic,2,16
107963,-42.505138,42,synthetic,2,21
107992,-31.627653,29,synthetic,1,8
108032,-12.746035,40,synthetic,0,19
108066,-3.837583,34,real,-1,13
108105,3.00077,39,real,-1,18
108132,-18.641922,27,synthetic,1,6
108153,1.940595,21,real,-1,0
108181,-27.276403,28,synthetic,1,7
108212,-7.372893,31,real,-1,10
108237,-22.330715,25,synthetic,1,4
108262,-25.620362,25,synthetic,1,4
108291,-7.591933,29,real,-1,8
108327,-4.429427,36,real,-1,15
108369,-40.06584,42,synthetic,2,21
108405,-4.740561,36,real,-1,15
108427,-20.879415,22,synthetic,1,1
108448,-1.850787,21,real,-1,0
108490,-33.057199,42,synthetic,2,21
108515,-3.792164,25,real,-1,4
108548,-1.654154,33,real,-1,12
108587,-13.533451,39,synthetic,0,18
108628,-35.266091,41,synthetic,2,20
108660,0.951863,32,real,-1,11
108696,-7.435728,36,real,-1,15
108728,-31.857767,32,synthetic,1,11
108766,-6.340541,38,real,-1,17
108800,-0.606574,34,real,-1,13
108830,-0.301075,30,real,-1,9
108858,-3.847497,28,real,-1,7
108895,-26.741361,37,synthetic,1,16
108935,-9.417792,40,real,-1,19
108968,-1.356105,33,real,-1,12
108995,-22.156761,27,synthetic,1,6
109018,-26.995725,23,synthetic,2,2
109049,-1.850732,31,real,-1,10
109081,-14.895549,32,real,-1,11
109109,-6.65443,28,real,-1,7
109138,-4.812883,29,real,-1,8
109170,-42.010938,32,synthetic,2,11
109208,-21.402063,38,synthetic,0,17
109249,-2.17068,41,real,-1,20
109277,-29.404897,28,synthetic,1,7
109300,-9.630332,23,synthetic,0,2
109335,-12.030726,35,real,-1,14
109366,-3.577708,31,real,-1,10
109399,-11.131558,33,real,-1,12
109421,-1.748632,22,real,-1,1
109451,-8.550246,30,synthetic,0,9
109474,-6.288213,23,real,-1,2
109497,-40.145481,23,synthetic,2,2
109535,-4.999098,38,real,-1,17
109573,-1.676631,38,real,-1,17
109605,-30.73057,32,synthetic,1,11
109635,-3.70439,30,real,-1,9
109661,-1.289496,26,real,-1,5
109683,3.051594,22,real,-1,1
109713,2.471442,30,real,-1,9
109744,-30.938285,31,synthetic,1,10
109776,-30.951139,32,synthetic,2,11
109802,-11.646556,26,real,-1,5
109826,-18.539228,24,synthetic,1,3
109857,-53.288187,31,synthetic,2,10
109898,-2.1441,41,real,-1,20
109939,-14.087902,41,synthetic,0,20
109962,-0.862691,23,real,-1,2
109994,4.156098,32,real,-1,11
110015,-19.645301,21,synthetic,1,0
110051,-28.588884,36,synthetic,1,15
110081,-35.830114,30,synthetic,2,9
110116,-11.184126,35,synthetic,0,14
110149,-3.195426,33,real,-1,12
110175,-1.10625,26,real,-1,5
110215,-3.039312,40,real,-1,19
110241,1.880645,26,real,-1,5
110275,-13.094337,34,real,-1,13
110309,-6.59714,34,real,-1,13
110332,-42.573319,23,synthetic,2,2
110356,-1.911464,24,real,-1,3
110384,-4.032508,28,real,-1,7
110426,-10.893498,42,synthetic,0,21
110467,-45.95365,41,synthetic,2,20
110498,1.318654,31,real,-1,10
110519,3.287247,21,real,-1,0
110558,-1.363451,39,real,-1,18
110585,-1.473083,27,real,-1,6
110620,-3.487489,35,real,-1,14
110660,4.681997,40,real,-1,19
110693,-4.536454,33,real,-1,12
110731,-5.367504,38,real,-1,17
110763,-14.003619,32,synthetic,0,11
110788,-1.406204,25,real,-1,4
110820,-4.110423,32,real,-1,11
110850,-16.695315,30,synthetic,0,9
110888,-0.049628,38,real,-1,17
110923,-7.148358,35,synthetic,0,14
110960,-11.041145,37,real,-1,16
110989,-6.107261,29,synthetic,0,8
111016,-11.632384,27,synthetic,0,6
111038,0.790072,22,real,-1,1
111068,-2.53242,30,real,-1,9
111107,-8.242907,39,real,-1,18
111134,-24.603187,27,synthetic,1,6
111172,-8.94341,38,real,-1,17
111197,-2.066884,25,real,-1,4
111229,2.648536,32,real,-1,11
111263,-6.477314,34,real,-1,13
111288,-19.790185,25,synthetic,1,4
111319,3.188879,31,real,-1,10
111354,-3.487856,35,real,-1,14
111394,-4.060914,40,real,-1,19
111420,-25.227261,26,synthetic,1,5
111455,-4.21268,35,real,-1,14
111486,-11.39836,31,synthetic,0,10
111515,-3.113113,29,real,-1,8
111546,-23.320426,31,synthetic,1,10
111569,-7.025801,23,real,-1,2
111595,-13.131948,26,synthetic,0,5
111618,-1.963601,23,real,-1,2
111647,-39.445744,29,synthetic,2,8
111683,-21.557781,36,synthetic,2,15
111718,-1.758064,35,real,-1,14
111744,-27.350368,26,synthetic,1,5
111778,-29.686401,34,synthetic,2,13
111799,-9.81262,21,synthetic,0,0
111839,-9.969358,40,real,-1,19
111862,1.430358,23,real,-1,2
111900,-14.418308,38,real,-1,17
111938,-17.651619,38,synthetic,0,17
111959,-3.659254,21,real,-1,0
111984,-12.967227,25,synthetic,0,4
112016,2.122056,32,real,-1,11
112044,-3.707312,28,real,-1,7
112078,-19.921043,34,synthetic,0,13
112100,-4.863058,22,real,-1,1
112128,1.318467,28,real,-1,7
112155,-25.228411,27,synthetic,1,6
112181,-1.37518,26,real,-1,5
112216,-4.990487,35,real,-1,14
112247,-14.456753,31,synthetic,0,10
112268,-23.771112,21,synthetic,1,0
112306,-17.810085,38,synthetic,0,17
112342,-29.172164,36,synthetic,1,15
112384,3.372883,42,real,-1,21
112414,0.620996,30,real,-1,9
112453,-7.969275,39,real,-1,18
112492,-47.899368,39,synthetic,2,18
112519,-8.437041,27,synthetic,0,6
112540,-7.885981,21,real,-1,0
112571,-11.681507,31,synthetic,0,10
112604,-1.192527,33,real,-1,12
112626,-0.011763,22,real,-1,1
112663,-41.149811,37,synthetic,2,16
112688,-17.777425,25,synthetic,0,4
112719,-38.312585,31,synthetic,2,10
112740,-0.046481,21,real,-1,0
112777,-4.482865,37,real,-1,16
112808,-37.978283,31,synthetic,2,10
112848,-11.863342,40,synthetic,1,19
112889,2.445658,41,real,-1,20
112913,0.964038,24,real,-1,3
112953,-19.764926,40,synthetic,1,19
112984,-11.058669,31,synthetic,0,10
113008,-27.893755,24,synthetic,2,3
113048,0.647073,40,real,-1,19
113087,-18.583644,39,synthetic,0,18
113122,1.330151,35,real,-1,14
113154,-16.194395,32,synthetic,1,11
113189,-9.440327,35,real,-1,14
113221,-40.433161,32,synthetic,2,11
113253,-5.739644,32,real,-1,11
113295,-2.204207,42,real,-1,21
113319,-15.496468,24,synthetic,0,3
113343,-2.779448,24,real,-1,3
113375,4.124932,32,real,-1,11
113398,-39.528231,23,synthetic,2,2
113436,-15.344041,38,synthetic,0,17
113478,-23.12872,42,synthetic,1,21
113504,-12.277647,26,real,-1,5
113536,-43.415725,32,synthetic,2,11
113575,-22.189136,39,synthetic,1,18
113600,-20.650643,25,synthetic,1,4
113626,-22.341206,26,synthetic,1,5
113652,-24.386271,26,synthetic,1,5
113685,-22.272239,33,synthetic,1,12
113723,-3.987353,38,real,-1,17
113761,-21.324794,38,synthetic,1,17
113803,-13.907449,42,synthetic,1,21
113831,-35.148798,28,synthetic,2,7
113858,-38.147998,27,synthetic,2,6
113899,-6.926821,41,real,-1,20
113923,-33.903675,24,synthetic,1,3
113957,-4.334755,34,real,-1,13
113978,-2.924618,21,real,-1,0
114011,-3.397208,33,real,-1,12
114046,-10.308613,35,synthetic,0,14
114071,-23.223538,25,synthetic,1,4
114109,-46.652779,38,synthetic,2,17
114139,4.839701,30,real,-1,9
114173,2.793263,34,real,-1,13
114206,2.038742,33,real,-1,12
114243,-20.651152,37,synthetic,1,16
114267,2.583307,24,real,-1,3
114302,-14.476404,35,synthetic,0,14
114341,-0.790363,39,real,-1,18
114364,-15.866864,23,synthetic,1,2
114406,-7.794406,42,real,-1,21
114438,-9.163814,32,real,-1,11
114463,-29.193257,25,synthetic,1,4
114504,-4.7963,41,real,-1,20
114538,-21.523499,34,synthetic,2,13
114580,-8.506931,42,real,-1,21
114613,-28.510333,33,synthetic,1,12
114643,-21.09589,30,synthetic,1,9
114685,6.705243,42,real,-1,21
114707,-0.556228,22,real,-1,1
114744,-44.729544,37,synthetic,1,16
114774,-0.197659,30,real,-1,9
114808,-4.927691,34,real,-1,13
114849,-23.026626,41,synthetic,1,20
114886,-2.048553,37,real,-1,16
114922,-27.334909,36,synthetic,1,15
114961,-41.264253,39,synthetic,1,18
114987,-11.281542,26,synthetic,0,5
115010,-20.197886,23,synthetic,1,2
115052,-14.257657,42,synthetic,0,21
115089,-23.241555,37,synthetic,1,16
115120,-44.262034,31,synthetic,2,10
115148,-39.590356,28,synthetic,2,7
115187,-30.733936,39,synthetic,2,18
115209,-26.043744,22,synthetic,1,1
115234,-1.469765,25,real,-1,4
115255,-13.68602,21,synthetic,0,0
115276,-1.763098,21,real,-1,0
115306,1.083319,30,real,-1,9
115327,-2.197888,21,real,-1,0
115351,-27.951078,24,synthetic,1,3
115382,-13.12635,31,synthetic,0,10
115412,-2.834875,30,real,-1,9
115442,-26.906218,30,synthetic,1,9
115481,-0.295448,39,real,-1,18
115510,-12.483848,29,synthetic,0,8
115550,-29.62125,40,synthetic,1,19
115586,-9.069273,36,synthetic,0,15
115625,-17.693889,39,synthetic,0,18
115663,-3.274494,38,real,-1,17
115687,-5.196535,24,real,-1,3
115716,-26.173759,29,synthetic,1,8
115750,-5.475163,34,real,-1,13
115779,3.285654,29,real,-1,8
115813,0.207797,34,real,-1,13
115844,-9.019813,31,synthetic,0,10
115874,2.111684,30,real,-1,9
115903,-32.731269,29,synthetic,1,8
115927,-27.975812,24,synthetic,1,3
115956,-0.505184,29,real,-1,8
115984,-1.632977,28,real,-1,7
116017,-7.953263,33,synthetic,0,12
116042,-5.014438,25,real,-1,4
116077,-9.528745,35,synthetic,0,14
116101,-41.921449,24,synthetic,2,3
116136,-10.046963,35,synthetic,0,14
116162,-3.396545,26,real,-1,5
116201,6.693358,39,real,-1,18
116236,-4.217637,35,real,-1,14
116263,-3.302969,27,real,-1,6
116299,-31.217962,36,synthetic,1,15
116324,-3.595785,25,real,-1,4
116363,-38.043161,39,synthetic,2,18
116387,-10.921969,24,synthetic,0,3
116420,-0.717716,33,real,-1,12
116443,1.612808,23,real,-1,2
116468,1.100295,25,real,-1,4
116492,-15.285419,24,synthetic,1,3
116530,-14.73006,38,synthetic,0,17
116560,-13.368761,30,synthetic,0,9
116587,-1.913821,27,real,-1,6
116613,-4.623543,26,real,-1,5
116646,-3.132042,33,real,-1,12
116675,-42.491217,29,synthetic,2,8
116696,-6.831955,21,real,-1,0
116732,0.439838,36,real,-1,15
116758,-18.429095,26,synthetic,0,5
116795,-37.556238,37,synthetic,2,16
116832,-16.178748,37,synthetic,1,16
116873,-13.974764,41,synthetic,0,20
116897,-1.833438,24,real,-1,3
116939,-1.145437,42,real,-1,21
116976,-47.147331,37,synthetic,2,16
117009,-1.391802,33,real,-1,12
117043,0.672852,34,real,-1,13
117081,-2.153583,38,real,-1,17
117119,-23.570037,38,synthetic,1,17
117151,-32.115026,32,synthetic,2,11
117177,-2.270859,26,real,-1,5
117210,-12.470528,33,synthetic,0,12
117233,-29.057176,23,synthetic,2,2
117262,-35.574758,29,synthetic,2,8
117294,-28.149293,32,synthetic,1,11
117320,-10.060144,26,real,-1,5
117357,-0.605227,37,real,-1,16
117383,-14.393981,26,synthetic,0,5
117404,-30.636906,21,synthetic,2,0
117442,-44.390479,38,synthetic,2,17
117478,-37.211019,36,synthetic,2,15
117517,-0.352715,39,real,-1,18
117550,-44.274413,33,synthetic,2,12
117575,-1.49894,25,real,-1,4
117609,-38.849646,34,synthetic,2,13
117648,-26.424157,39,synthetic,2,18
117678,-46.360901,30,synthetic,2,9
117718,-0.838211,40,real,-1,19
117753,-35.59458,35,synthetic,2,14
117784,-26.22964,31,synthetic,2,10
117821,-34.804788,37,synthetic,2,16
117844,-2.987789,23,real,-1,2
117867,-2.389295,23,real,-1,2
117905,-2.93537,38,real,-1,17
117941,-37.544977,36,synthetic,2,15
117970,-7.780354,29,real,-1,8
118001,-25.606368,31,synthetic,2,10
118038,-26.082595,37,synthetic,1,16
118075,-21.853021,37,synthetic,1,16
118103,-9.779761,28,synthetic,0,7
118127,-30.947507,24,synthetic,2,3
118154,-12.051005,27,synthetic,0,6
118186,-11.059112,32,synthetic,0,11
118224,-24.325802,38,synthetic,1,17
118266,-10.118136,42,synthetic,0,21
118304,-1.358741,38,real,-1,17
118336,-15.408782,32,real,-1,11
118369,-29.769249,33,synthetic,1,12
118399,-6.962157,30,real,-1,9
118425,-23.801272,26,synthetic,1,5
118461,-22.07133,36,synthetic,1,15
118494,-34.393702,33,synthetic,2,12
118532,-2.700371,38,real,-1,17
118556,-13.294775,24,synthetic,0,3
118585,-5.120616,29,real,-1,8
118614,-13.446394,29,synthetic,0,8
118643,0.415441,29,real,-1,8
118684,-4.065358,41,real,-1,20
118711,-36.827134,27,synthetic,2,6
118738,-48.100542,27,synthetic,2,6
118774,-8.171075,36,synthetic,0,15
118798,-0.931154,24,real,-1,3
118835,-24.729014,37,synthetic,2,16
118864,-2.94848,29,real,-1,8
118886,-17.637677,22,synthetic,0,1
118919,-7.327206,33,real,-1,12
118960,-13.40934,41,synthetic,0,20
118995,-39.260088,35,synthetic,2,14
119018,-7.795928,23,real,-1,2
119040,-16.833305,22,synthetic,0,1
119074,-27.773987,34,synthetic,2,13
119100,-7.692215,26,real,-1,5
119122,-9.199487,22,synthetic,0,1
119153,-27.061053,31,synthetic,1,10
119184,-1.607456,31,real,-1,10
119206,-30.204287,22,synthetic,2,1
119236,-41.274322,30,synthetic,2,9
119268,-30.771321,32,synthetic,2,11
119292,0.253519,24,real,-1,3
119325,-27.593176,33,synthetic,1,12
119347,1.932758,22,real,-1,1
119385,-27.407217,38,synthetic,1,17
119411,-5.119631,26,real,-1,5
119435,-35.715053,24,synthetic,2,3
119475,1.02132,40,real,-1,19
119503,-2.299649,28,real,-1,7
119530,-29.977852,27,synthetic,1,6
119567,-18.553863,37,synthetic,0,16
119593,-43.734102,26,synthetic,2,5
119632,-9.667007,39,synthetic,0,18
119660,-1.572275,28,real,-1,7
119682,-11.566148,22,synthetic,1,1
119704,-19.483446,22,synthetic,1,1
119727,-4.880798,23,real,-1,2
119759,-7.932571,32,real,-1,11
119798,-50.87273,39,synthetic,2,18
119824,-1.327941,26,real,-1,5
119852,-12.252199,28,real,-1,7
119893,-22.509753,41,synthetic,1,20
119917,-6.553832,24,real,-1,3
119944,-34.220044,27,synthetic,2,6
119983,-9.271142,39,synthetic,0,18
120019,1.182453,36,real,-1,15
120046,-36.539832,27,synthetic,2,6
120084,-38.607434,38,synthetic,2,17
120118,-38.118354,34,synthetic,2,13
120145,-2.476781,27,real,-1,6
120186,-15.153692,41,synthetic,0,20
120210,-10.351931,24,synthetic,0,3
120244,-8.967784,34,synthetic,0,13
120274,-0.11876,30,real,-1,9
120314,-9.051936,40,synthetic,0,19
120350,2.08785,36,real,-1,15
120389,-10.964518,39,synthetic,0,18
120426,-25.095705,37,synthetic,1,16
120467,-16.749828,41,synthetic,0,20
120505,-10.592375,38,synthetic,0,17
120527,-8.477611,22,real,-1,1
120562,-5.410837,35,real,-1,14
120596,-17.381085,34,synthetic,0,13
120624,-15.909891,28,synthetic,1,7
120662,-5.530869,38,real,-1,17
120690,-14.412597,28,synthetic,0,7
120728,-0.994814,38,real,-1,17
120749,-30.776351,21,synthetic,1,0
120770,-1.158829,21,real,-1,0
120796,-1.64347,26,real,-1,5
120825,-25.14255,29,synthetic,1,8
120850,-10.180521,25,real,-1,4
120879,0.132038,29,real,-1,8
120905,-33.615997,26,synthetic,2,5
120927,-34.233266,22,synthetic,2,1
120951,-9.495501,24,real,-1,3
120990,-13.489793,39,synthetic,0,18
121017,-2.035491,27,real,-1,6
121053,1.721433,36,real,-1,15
121079,-0.436037,26,real,-1,5
121112,-1.613573,33,real,-1,12
121150,-28.528069,38,synthetic,1,17
121172,-43.698784,22,synthetic,2,1
121199,-2.985349,27,real,-1,6
121223,-21.368107,24,synthetic,1,3
121255,-0.017242,32,real,-1,11
121281,-17.011845,26,synthetic,0,5
121323,-17.97809,42,synthetic,0,21
121350,-1.298058,27,real,-1,6
121375,-7.125432,25,real,-1,4
121396,-34.259753,21,synthetic,2,0
121429,-5.315606,33,real,-1,12
121463,-24.908641,34,synthetic,1,13
121486,-0.581503,23,real,-1,2
121514,-3.381832,28,real,-1,7
121547,-6.839893,33,real,-1,12
121586,-39.01856,39,synthetic,2,18
121613,-8.111593,27,real,-1,6
121641,-5.716326,28,synthetic,0,7
121669,-1.10001,28,real,-1,7
121690,-3.229048,21,real,-1,0
121716,-3.633157,26,real,-1,5
121748,-5.462704,32,real,-1,11
121771,-32.437684,23,synthetic,2,2
121804,-42.7173,33,synthetic,2,12
121834,-42.873069,30,synthetic,2,9
121866,-9.596545,32,synthetic,0,11
121896,-0.005384,30,real,-1,9
121937,-17.04811,41,synthetic,0,20
121979,-30.689793,42,synthetic,1,21
122012,-20.757002,33,synthetic,0,12
122044,-3.520913,32,real,-1,11
122083,-2.835415,39,real,-1,18
122119,-25.499717,36,synthetic,1,15
122160,-6.096036,41,real,-1,20
122200,-11.767066,40,synthetic,0,19
122228,1.786179,28,real,-1,7
122255,-25.490912,27,synthetic,2,6
122288,-9.838277,33,synthetic,0,12
122327,-36.185039,39,synthetic,2,18
122359,0.75998,32,real,-1,11
122382,-2.779595,23,real,-1,2
122409,-21.340034,27,synthetic,1,6
122431,-6.400563,22,synthetic,0,1
122468,0.080594,37,real,-1,16
122496,-30.015023,28,synthetic,1,7
122529,-5.718164,33,real,-1,12
122570,0.779988,41,real,-1,20
122592,-5.473426,22,real,-1,1
122616,-15.785607,24,synthetic,0,3
122649,-13.542581,33,synthetic,0,12
122677,-17.843546,28,synthetic,1,7
122712,-0.600466,35,real,-1,14
122733,3.388089,21,real,-1,0
122769,-6.494541,36,real,-1,15
122799,-18.054016,30,synthetic,1,9
122837,-15.124164,38,real,-1,17
122864,-11.537839,27,real,-1,6
122901,0.722254,37,real,-1,16
122925,-6.102216,24,real,-1,3
122957,-9.696761,32,synthetic,0,11
122985,3.038299,28,real,-1,7
123016,-10.001478,31,synthetic,0,10
123041,-30.773843,25,synthetic,2,4
123078,-1.301861,37,real,-1,16
123105,0.497475,27,real,-1,6
123142,-0.546915,37,real,-1,16
123177,-22.962858,35,synthetic,1,14
123210,-27.957219,33,synthetic,2,12
123238,-39.650382,28,synthetic,2,7
123266,2.924292,28,real,-1,7
123295,-2.705347,29,real,-1,8
123324,-3.731839,29,real,-1,8
123363,-12.910728,39,synthetic,0,18
123402,-0.370845,39,real,-1,18
123443,-0.969634,41,real,-1,20
123482,-30.994939,39,synthetic,2,18
123503,-2.270606,21,real,-1,0
123545,-3.542926,42,real,-1,21
123582,-5.388503,37,real,-1,16
123624,-13.443513,42,synthetic,0,21
123649,-9.105638,25,real,-1,4
123691,-27.950926,42,synthetic,1,21
123733,-14.719687,42,synthetic,0,21
123760,-15.249832,27,synthetic,0,6
123782,-25.296614,22,synthetic,1,1
123811,-12.44347,29,synthetic,0,8
123836,-17.510139,25,synthetic,0,4
123857,0.403755,21,real,-1,0
123894,-33.093806,37,synthetic,1,16
123920,-14.858744,26,synthetic,0,5
123957,-44.59047,37,synthetic,2,16
123998,-3.820305,41,real,-1,20
124019,-10.752041,21,synthetic,0,0
124046,-3.681654,27,real,-1,6
124070,-2.971202,24,real,-1,3
124102,-3.021808,32,real,-1,11
124124,-23.072845,22,synthetic,1,1
124164,-5.406779,40,real,-1,19
124200,-12.359932,36,real,-1,15
124225,-20.464959,25,synthetic,1,4
124248,-4.454762,23,synthetic,0,2
124274,-9.178227,26,real,-1,5
124301,-7.83336,27,synthetic,0,6
124334,-0.805766,33,real,-1,12
124357,-28.700067,23,synthetic,1,2
124380,-11.198848,23,real,-1,2
124409,-2.002516,29,real,-1,8
124443,-9.15867,34,real,-1,13
124470,-3.896438,27,real,-1,6
124499,-5.396644,29,real,-1,8
124532,-30.921709,33,synthetic,2,12
124554,-27.626324,22,synthetic,1,1
124596,-2.731113,42,real,-1,21
124637,-6.208006,41,synthetic,0,20
124677,-8.001419,40,real,-1,19
124699,-25.800247,22,synthetic,2,1
124726,-1.575614,27,real,-1,6
124767,-7.902137,41,real,-1,20
124809,-45.721147,42,synthetic,2,21
124840,-1.191561,31,real,-1,10
124867,-1.504902,27,real,-1,6
124896,-8.979217,29,real,-1,8
124929,-39.15438,33,synthetic,2,12
124966,-2.14526,37,real,-1,16
124998,-27.877268,32,synthetic,1,11
125038,0.706239,40,real,-1,19
125079,-38.816548,41,synthetic,2,20
125102,2.98418,23,real,-1,2
125139,-13.774049,37,synthetic,0,16
125163,-5.193546,24,real,-1,3
125193,-9.758274,30,synthetic,0,9
125214,1.812783,21,real,-1,0
125250,-31.766628,36,synthetic,1,15
125283,-28.250183,33,synthetic,1,12
125311,2.356681,28,real,-1,7
125347,-25.763405,36,synthetic,1,15
125371,-2.40886,24,real,-1,3
125396,-3.989745,25,real,-1,4
125437,3.023517,41,real,-1,20
125477,-22.025991,40,synthetic,1,19
125519,-25.852164,42,synthetic,1,21
125550,-9.219022,31,synthetic,0,10
125576,-14.399645,26,synthetic,0,5
125605,-12.313363,29,synthetic,0,8
125627,-4.341949,22,real,-1,1
125659,-10.000585,32,real,-1,11
125699,1.207315,40,real,-1,19
125731,-8.763575,32,real,-1,11
125761,-17.126843,30,synthetic,0,9
125789,-11.758355,28,synthetic,1,7
125812,-10.344393,23,synthetic,0,2
125847,-4.610651,35,real,-1,14
125871,3.09629,24,real,-1,3
125906,-6.954624,35,real,-1,14
125945,-31.101,39,synthetic,2,18
125971,-2.091307,26,real,-1,5
126013,0.842869,42,real,-1,21
126045,-8.384947,32,real,-1,11
126083,-15.113499,38,synthetic,0,17
126116,-5.088778,33,real,-1,12
126153,-19.909591,37,synthetic,1,16
126194,-1.988143,41,real,-1,20
126233,-15.427807,39,synthetic,0,18
126254,-26.500807,21,synthetic,1,0
126294,-2.166812,40,real,-1,19
126321,-2.466388,27,real,-1,6
126345,-0.346277,24,real,-1,3
126384,-32.657006,39,synthetic,2,18
126410,-1.879743,26,real,-1,5
126433,-27.621511,23,synthetic,1,2
126473,-10.118537,40,real,-1,19
126498,-23.330166,25,synthetic,1,4
126535,-6.741406,37,real,-1,16
126559,-0.579173,24,real,-1,3
126586,-27.425672,27,synthetic,1,6
126627,-22.392685,41,synthetic,1,20
126663,-3.380708,36,real,-1,15
126687,1.064773,24,real,-1,3
126717,-20.673908,30,synthetic,1,9
126756,-1.084026,39,real,-1,18
126793,-5.26533,37,real,-1,16
126816,-1.673824,23,real,-1,2
126851,-6.351166,35,synthetic,0,14
126882,-2.340536,31,real,-1,10
126908,-17.291892,26,synthetic,0,5
126943,1.769323,35,real,-1,14
126983,-12.651973,40,synthetic,0,19
127014,-25.490405,31,synthetic,2,10
127055,-12.769656,41,synthetic,0,20
127086,-0.493726,31,real,-1,10
127116,-20.267868,30,synthetic,1,9
127153,-3.768883,37,real,-1,16
127188,-10.356058,35,real,-1,14
127224,-0.022056,36,real,-1,15
127257,-38.677702,33,synthetic,2,12
127295,-30.117133,38,synthetic,2,17
127317,-18.616737,22,synthetic,1,1
127342,-37.910913,25,synthetic,2,4
127379,-6.840757,37,real,-1,16
127418,-7.998482,39,real,-1,18
127460,-19.072455,42,synthetic,1,21
127502,-5.54779,42,real,-1,21
127540,-28.437838,38,synthetic,2,17
127582,-5.601413,42,synthetic,0,21
127604,-35.792933,22,synthetic,2,1
127640,-33.527381,36,synthetic,2,15
127680,-6.307114,40,real,-1,19
127711,-7.994915,31,real,-1,10
127733,-31.684726,22,synthetic,2,1
127765,0.502387,32,real,-1,11
127806,-2.418422,41,real,-1,20
127843,3.047743,37,real,-1,16
127874,-32.810665,31,synthetic,1,10
127907,-0.822288,33,real,-1,12
127930,-8.150109,23,synthetic,0,2
127961,-11.236457,31,synthetic,0,10
127995,-29.159006,34,synthetic,2,13
128017,-27.628719,22,synthetic,2,1
128047,-30.138372,30,synthetic,2,9
128075,-17.004134,28,synthetic,0,7
128114,-7.498096,39,real,-1,18
128146,-34.096094,32,synthetic,2,11
128184,-9.568578,38,synthetic,0,17
128205,-9.519099,21,synthetic,0,0
128247,-1.181656,42,real,-1,21
128285,-25.835999,38,synthetic,1,17
128306,-15.055372,21,synthetic,0,0
128329,-5.998149,23,real,-1,2
128350,-37.674514,21,synthetic,2,0
128377,-5.93713,27,real,-1,6
128416,-2.146592,39,real,-1,18
128456,-5.734686,40,real,-1,19
128496,-43.120676,40,synthetic,2,19
128517,-38.943611,21,synthetic,2,0
128554,-0.283898,37,real,-1,16
128588,-33.378016,34,synthetic,2,13
128616,-21.745536,28,synthetic,0,7
128654,0.506023,38,real,-1,17
128684,-9.018456,30,real,-1,9
128717,-41.842956,33,synthetic,2,12
128743,-8.653405,26,real,-1,5
128775,-6.397465,32,real,-1,11
128808,-9.283922,33,real,-1,12
128831,-32.679023,23,synthetic,1,2
128871,-6.792334,40,real,-1,19
128912,-32.505672,41,synthetic,1,20
128941,-16.986053,29,synthetic,0,8
128972,-10.151699,31,synthetic,0,10
129001,-23.838124,29,synthetic,1,8
129037,-22.472992,36,synthetic,0,15
129076,2.344699,39,real,-1,18
129099,-0.873514,23,real,-1,2
129125,-46.453835,26,synthetic,2,5
129158,-11.558116,33,synthetic,0,12
129197,-1.078192,39,real,-1,18
129218,-2.662302,21,real,-1,0
129251,-7.352831,33,real,-1,12
129278,-3.840166,27,real,-1,6
129319,-26.320899,41,synthetic,1,20
129347,-33.837051,28,synthetic,2,7
129383,-4.449219,36,real,-1,15
129424,-27.901948,41,synthetic,1,20
129460,-30.283971,36,synthetic,2,15
129500,-23.469671,40,synthetic,1,19
129541,-29.749039,41,synthetic,2,20
129575,-7.304053,34,real,-1,13
129598,-26.394167,23,synthetic,1,2
129631,-5.486541,33,real,-1,12
129667,-0.150126,36,real,-1,15
129694,-10.703822,27,synthetic,0,6
129723,-28.542488,29,synthetic,1,8
129763,-30.944141,40,synthetic,2,19
129803,-1.293622,40,real,-1,19
129829,-10.37513,26,synthetic,0,5
129869,-35.75465,40,synthetic,2,19
129901,-33.589407,32,synthetic,2,11
129929,-5.197716,28,real,-1,7
129953,-5.49381,24,real,-1,3
129979,-12.041357,26,synthetic,0,5
130000,-30.811846,21,synthetic,2,0
130033,-28.727733,33,synthetic,1,12
130074,-3.528757,41,real,-1,20
130097,-0.045728,23,real,-1,2
130137,-10.445854,40,real,-1,19
130161,-18.991081,24,synthetic,0,3
130188,-5.793621,27,real,-1,6
130215,-3.582093,27,real,-1,6
130246,-6.06803,31,synthetic,0,10
130274,-22.545495,28,synthetic,2,7
130311,-26.150713,37,synthetic,1,16
130333,-29.289993,22,synthetic,2,1
130371,-3.12096,38,real,-1,17
130396,-24.107684,25,synthetic,1,4
130429,-15.641685,33,synthetic,0,12
130453,0.875732,24,real,-1,3
130477,-3.072077,24,real,-1,3
130518,-25.423893,41,synthetic,0,20
130560,-1.28699,42,real,-1,21
130585,-2.528967,25,real,-1,4
130625,-14.449522,40,synthetic,0,19
130656,-13.139347,31,synthetic,0,10
130682,1.541856,26,real,-1,5
130716,-24.072445,34,synthetic,1,13
130743,-18.998148,27,synthetic,1,6
130778,-4.906292,35,real,-1,14
130820,0.086818,42,real,-1,21
130860,-10.009211,40,real,-1,19
130886,-15.251252,26,synthetic,0,5
130923,-37.077645,37,synthetic,1,16
130945,-19.11734,22,synthetic,0,1
130976,-33.04964,31,synthetic,2,10
130998,-1.019278,22,real,-1,1
131026,-5.697766,28,real,-1,7
131064,-5.696593,38,real,-1,17
131103,-16.235583,39,synthetic,0,18
131137,4.554058,34,real,-1,13
131162,-2.449004,25,real,-1,4
131203,-35.374809,41,synthetic,2,20
131237,-3.206084,34,real,-1,13
131269,-2.742433,32,real,-1,11
131304,0.118967,35,real,-1,14
131325,-35.465433,21,synthetic,2,0
131359,-2.388999,34,real,-1,13
131381,-49.016727,22,synthetic,2,1
131407,-3.680115,26,real,-1,5
131430,-0.870303,23,real,-1,2
131451,-10.475297,21,real,-1,0
131477,0.909306,26,real,-1,5
131519,-4.123644,42,real,-1,21
131560,-31.538416,41,synthetic,1,20
131589,-28.770857,29,synthetic,1,8
131630,-5.183117,41,real,-1,20
131665,-1.944466,35,real,-1,14
131700,-3.493514,35,real,-1,14
131728,-25.360086,28,synthetic,1,7
131749,-41.225447,21,synthetic,2,0
131780,-11.759148,31,synthetic,0,10
131816,-21.416876,36,synthetic,1,15
131851,-24.708963,35,synthetic,1,14
131889,-3.286932,38,real,-1,17
131924,-39.933822,35,synthetic,2,14
131946,0.454961,22,real,-1,1
131978,-9.270937,32,real,-1,11
132012,-7.851241,34,real,-1,13
132033,-26.842649,21,synthetic,1,0
132063,-0.547422,30,real,-1,9
132097,-26.74858,34,synthetic,1,13
132136,-37.844684,39,synthetic,2,18
132168,-27.10736,32,synthetic,2,11
132208,-8.375569,40,real,-1,19
132239,-0.014851,31,real,-1,10
132273,-35.602717,34,synthetic,2,13
132315,-12.151422,42,real,-1,21
132354,-9.476375,39,synthetic,0,18
132394,-11.98009,40,synthetic,0,19
132432,-3.869133,38,real,-1,17
132464,-0.442476,32,real,-1,11
132493,-52.590075,29,synthetic,2,8
132532,-11.229011,39,synthetic,0,18
132567,-7.18791,35,real,-1,14
132591,-9.260411,24,synthetic,0,3
132627,-18.740063,36,synthetic,0,15
132661,-23.812778,34,synthetic,1,13
132691,-3.727212,30,real,-1,9
132723,-6.351898,32,real,-1,11
132761,-28.242884,38,synthetic,1,17
132784,6.074017,23,real,-1,2
132826,-28.070535,42,synthetic,1,21
132859,-31.909228,33,synthetic,2,12
132898,-12.714477,39,real,-1,18
132928,-5.070002,30,real,-1,9
132965,-16.202364,37,synthetic,1,16
133001,-21.57066,36,synthetic,1,15
133032,-27.786838,31,synthetic,1,10
133060,-2.81335,28,real,-1,7
133093,-14.709545,33,synthetic,0,12
133130,-20.86627,37,synthetic,0,16
133154,-9.33084,24,synthetic,0,3
133184,-36.961261,30,synthetic,2,9
133206,-15.548853,22,synthetic,0,1
133230,-0.90492,24,real,-1,3
133260,-9.775083,30,real,-1,9
133292,-15.189809,32,synthetic,0,11
133322,-3.450177,30,real,-1,9
133354,-3.371556,32,real,-1,11
133381,-0.240006,27,real,-1,6
133420,0.832399,39,real,-1,18
133446,-25.401079,26,synthetic,1,5
133477,-0.266397,31,real,-1,10
133506,-5.966403,29,real,-1,8
133538,-11.683584,32,synthetic,0,11
133559,-16.952727,21,synthetic,0,0
133585,-4.111394,26,real,-1,5
133611,-14.099769,26,synthetic,1,5
133645,-13.1135,34,synthetic,0,13
133679,-35.9514,34,synthetic,2,13
133716,-0.700682,37,real,-1,16
133756,-38.769367,40,synthetic,2,19
133795,-14.023175,39,real,-1,18
133820,-2.311108,25,real,-1,4
133845,-3.860963,25,real,-1,4
133869,-18.843056,24,synthetic,0,3
133891,-39.136586,22,synthetic,2,1
133914,-28.252801,23,synthetic,2,2
133940,2.217762,26,real,-1,5
133976,3.592551,36,real,-1,15
134018,-10.334087,42,real,-1,21
134039,-38.522069,21,synthetic,2,0
134061,-16.782873,22,synthetic,0,1
134101,-1.515429,40,real,-1,19
134136,-7.618871,35,real,-1,14
134174,-8.067589,38,synthetic,0,17
134198,-2.541091,24,real,-1,3
134235,5.345646,37,real,-1,16
134266,-34.648126,31,synthetic,2,10
134296,-24.21198,30,synthetic,1,9
134326,0.814688,30,real,-1,9
134351,-12.853201,25,synthetic,0,4
134387,-1.385036,36,real,-1,15
134420,-5.437278,33,real,-1,12
134459,-27.818394,39,synthetic,1,18
134498,-14.117583,39,synthetic,0,18
134535,-2.647391,37,real,-1,16
134569,-33.103468,34,synthetic,1,13
134591,-20.120829,22,synthetic,1,1
134619,-5.212299,28,real,-1,7
134659,5.865703,40,real,-1,19
134698,-2.503583,39,real,-1,18
134734,-10.839462,36,synthetic,0,15
134767,-0.705478,33,real,-1,12
134807,-42.316404,40,synthetic,2,19
134842,-7.922981,35,real,-1,14
134884,-26.058428,42,synthetic,1,21
134924,-4.452226,40,real,-1,19
134966,-8.189247,42,synthetic,0,21
135005,-13.745798,39,synthetic,0,18
135028,-24.125882,23,synthetic,1,2
135049,-23.360556,21,synthetic,2,0
135082,-12.387461,33,real,-1,12
135117,-14.917526,35,synthetic,0,14
135142,-11.301756,25,real,-1,4
135182,-1.929506,40,real,-1,19
135205,-25.27681,23,synthetic,1,2
135238,-37.670783,33,synthetic,2,12
135266,-10.873414,28,synthetic,0,7
135299,4.559332,33,real,-1,12
135335,-10.510755,36,synthetic,0,15
135359,-6.851974,24,real,-1,3
135386,0.094749,27,real,-1,6
135408,-2.523529,22,real,-1,1
135437,-18.886621,29,synthetic,0,8
135474,-12.389622,37,synthetic,0,16
135504,-44.915264,30,synthetic,2,9
135525,-4.590804,21,real,-1,0
135555,-46.310314,30,synthetic,2,9
135580,-18.804872,25,synthetic,1,4
135622,-9.219849,42,synthetic,0,21
135648,-41.133779,26,synthetic,2,5
135671,-28.746822,23,synthetic,1,2
135694,-0.951023,23,real,-1,2
135726,-17.061951,32,synthetic,1,11
135767,-8.21665,41,synthetic,0,20
135802,-13.878645,35,synthetic,0,14
135829,-19.535947,27,synthetic,1,6
135855,-2.523235,26,real,-1,5
135879,-5.259499,24,real,-1,3
135906,-7.654657,27,synthetic,0,6
135944,-16.15281,38,synthetic,0,17
135977,-12.086924,33,synthetic,0,12
136000,-2.559047,23,real,-1,2
136033,-8.305391,33,real,-1,12
136062,-32.661364,29,synthetic,2,8
136086,-12.930821,24,synthetic,1,3
136115,-2.178483,29,real,-1,8
136140,-34.908935,25,synthetic,2,4
136170,-7.305786,30,real,-1,9
136209,-3.740736,39,real,-1,18
136238,-3.313652,29,real,-1,8
136263,-1.050692,25,real,-1,4
136297,-0.646684,34,real,-1,13
136335,-4.890442,38,real,-1,17
136370,-37.711758,35,synthetic,2,14
136400,-25.743584,30,synthetic,1,9
136426,-11.368413,26,synthetic,1,5
136467,-1.652429,41,real,-1,20
136492,-10.554063,25,synthetic,0,4
136533,-24.94753,41,synthetic,1,20
136555,-1.042231,22,real,-1,1
136588,-37.208193,33,synthetic,2,12
136616,-1.836218,28,real,-1,7
136650,-3.698538,34,real,-1,13
136680,0.383432,30,real,-1,9
136704,-28.419098,24,synthetic,1,3
136740,-13.718157,36,synthetic,0,15
136779,-16.249706,39,synthetic,1,18
136809,-39.5934,30,synthetic,2,9
136830,-33.099534,21,synthetic,2,0
136856,-19.791568,26,synthetic,0,5
136897,-9.441465,41,synthetic,0,20
136938,-8.405334,41,synthetic,0,20
136960,-6.899759,22,real,-1,1
136992,7.265092,32,real,-1,11
137016,-10.903699,24,synthetic,0,3
137040,-0.644461,24,real,-1,3
137073,-21.836862,33,synthetic,1,12
137114,-38.466082,41,synthetic,2,20
137153,4.684615,39,real,-1,18
137176,-40.117954,23,synthetic,2,2
137202,-3.17254,26,real,-1,5
137231,-21.491364,29,synthetic,0,8
137258,-44.391655,27,synthetic,2,6
137287,-42.846954,29,synthetic,2,8
137323,-35.291418,36,synthetic,1,15
137355,-8.740952,32,synthetic,0,11
137385,-29.517476,30,synthetic,1,9
137426,-7.207887,41,real,-1,20
137459,-3.623217,33,real,-1,12
137500,-2.818744,41,real,-1,20
137527,-43.083369,27,synthetic,2,6
137556,0.950843,29,real,-1,8
137583,-4.511678,27,real,-1,6
137619,-39.637191,36,synthetic,1,15
137661,-8.106778,42,real,-1,21
137696,-3.67922,35,real,-1,14
137729,-24.906201,33,synthetic,1,12
137760,0.235575,31,real,-1,10
137787,0.547238,27,real,-1,6
137808,-14.79142,21,synthetic,1,0
137843,-9.302717,35,synthetic,0,14
137874,-22.182708,31,synthetic,1,10
137903,-9.057678,29,synthetic,0,8
137944,-20.175465,41,synthetic,1,20
137986,-15.794689,42,synthetic,1,21
138026,2.686325,40,real,-1,19
138059,-3.89046,33,real,-1,12
138085,-32.246882,26,synthetic,2,5
138124,-31.945259,39,synthetic,1,18
138154,-13.530922,30,synthetic,0,9
138175,-15.473428,21,synthetic,0,0
138196,-0.722839,21,real,-1,0
138217,2.448659,21,real,-1,0
138255,-28.761728,38,synthetic,1,17
138276,-40.124447,21,synthetic,2,0
138311,-1.909582,35,real,-1,14
138337,-5.578182,26,real,-1,5
138366,-8.974568,29,real,-1,8
138401,-5.596269,35,real,-1,14
138428,5.780646,27,real,-1,6
138459,-6.291436,31,real,-1,10
138484,-10.398372,25,synthetic,0,4
138520,-15.670386,36,synthetic,0,15
138553,-25.973928,33,synthetic,1,12
138594,-6.0819,41,real,-1,20
138636,0.827751,42,real,-1,21
138671,-1.364968,35,real,-1,14
138713,-3.098602,42,real,-1,21
138743,-27.659666,30,synthetic,1,9
138764,-14.480358,21,synthetic,0,0
138788,-35.458043,24,synthetic,1,3
138815,-24.697506,27,synthetic,1,6
138844,-7.297676,29,synthetic,0,8
138870,-32.099394,26,synthetic,1,5
138892,0.599957,22,real,-1,1
138934,-13.551972,42,synthetic,0,21
138963,-8.122458,29,synthetic,0,8
138990,-34.475258,27,synthetic,2,6
139018,-25.013575,28,synthetic,2,7
139041,0.615587,23,real,-1,2
139081,-47.28245,40,synthetic,2,19
139106,-5.70307,25,real,-1,4
139133,-0.234857,27,real,-1,6
139165,-7.88324,32,synthetic,0,11
139199,-7.241785,34,real,-1,13
139224,-26.850225,25,synthetic,1,4
139254,-8.701753,30,synthetic,0,9
139279,5.238711,25,real,-1,4
139307,-14.737434,28,synthetic,0,7
139332,-11.719252,25,synthetic,0,4
139363,-1.575744,31,real,-1,10
139386,-23.400343,23,synthetic,1,2
139407,-35.589711,21,synthetic,2,0
139448,-27.700049,41,synthetic,2,20
139476,-9.170179,28,synthetic,0,7
139515,-27.457652,39,synthetic,2,18
139552,-2.067115,37,real,-1,16
139593,-36.185478,41,synthetic,2,20
139627,-14.948107,34,synthetic,0,13
139667,-25.259995,40,synthetic,1,19
139703,-44.629856,36,synthetic,2,15
139742,-19.694574,39,synthetic,0,18
139780,-3.850583,38,real,-1,17
139809,-30.416964,29,synthetic,1,8
139839,-3.809103,30,real,-1,9
139874,-4.431627,35,real,-1,14
139903,-4.983966,29,real,-1,8
139931,-35.530205,28,synthetic,2,7
139972,-8.594001,41,synthetic,0,20
140014,-6.555143,42,real,-1,21
140037,-4.688318,23,real,-1,2
140079,-18.937232,42,synthetic,0,21
140100,-12.64123,21,synthetic,0,0
140139,-10.567004,39,real,-1,18
140160,-32.864792,21,synthetic,2,0
140200,-53.374226,40,synthetic,2,19
140222,-5.083753,22,real,-1,1
140253,-30.019431,31,synthetic,1,10
140275,-40.276866,22,synthetic,2,1
140308,-35.822731,33,synthetic,2,12
140345,-35.337467,37,synthetic,2,16
140381,-10.303014,36,real,-1,15
140404,-20.491081,23,synthetic,1,2
140442,-2.210521,38,real,-1,17
140476,-12.305027,34,real,-1,13
140499,-11.232342,23,synthetic,0,2
140522,-27.54364,23,synthetic,1,2
140552,-10.374892,30,real,-1,9
140576,-9.970432,24,synthetic,0,3
140614,-20.306534,38,synthetic,0,17
140649,-31.252763,35,synthetic,2,14
140676,-4.177542,27,real,-1,6
140715,1.645432,39,real,-1,18
140736,-4.400045,21,real,-1,0
140774,-27.980857,38,synthetic,1,17
140811,2.467247,37,real,-1,16
140838,-17.267279,27,synthetic,0,6
140862,-1.340184,24,real,-1,3
140889,-45.270288,27,synthetic,2,6
140931,-2.174083,42,real,-1,21
140958,-25.429023,27,synthetic,1,6
140991,-12.887971,33,synthetic,0,12
141022,-5.246065,31,real,-1,10
141059,-5.887525,37,real,-1,16
141089,-2.804012,30,real,-1,9
141113,-34.514476,24,synthetic,2,3
141150,-11.293536,37,real,-1,16
141172,-10.462051,22,synthetic,0,1
141214,-3.742969,42,real,-1,21
141241,-23.352406,27,synthetic,1,6
141264,0.788205,23,real,-1,2
141301,-3.711144,37,real,-1,16
141322,-31.551028,21,synthetic,2,0
141359,-6.605717,37,real,-1,16
141398,-37.936664,39,synthetic,2,18
141432,-20.639493,34,synthetic,0,13
141462,-2.018919,30,real,-1,9
141494,-37.172521,32,synthetic,2,11
141523,-2.189973,29,real,-1,8
141547,-12.514455,24,synthetic,0,3
141583,-5.112128,36,real,-1,15
141611,0.365945,28,real,-1,7
141635,-1.525736,24,real,-1,3
141670,-11.04484,35,real,-1,14
141700,-34.391955,30,synthetic,1,9
141735,-48.481882,35,synthetic,2,14
141769,-8.941762,34,real,-1,13
141805,-9.564055,36,real,-1,15
141837,-31.744066,32,synthetic,2,11
141861,-34.998785,24,synthetic,2,3
141902,-3.74891,41,real,-1,20
141924,-9.754823,22,real,-1,1
141956,-43.143345,32,synthetic,2,11
141990,-3.341805,34,real,-1,13
142015,1.18183,25,real,-1,4
142040,-13.678197,25,synthetic,0,4
142065,1.21912,25,real,-1,4
142105,-24.763567,40,synthetic,1,19
142143,-0.377494,38,real,-1,17
142184,-2.839196,41,real,-1,20
142221,-16.141533,37,synthetic,0,16
142262,-49.18534,41,synthetic,2,20
142301,-13.869824,39,synthetic,0,18
142334,-5.085927,33,real,-1,12
142369,2.90764,35,real,-1,14
142407,1.054937,38,real,-1,17
142429,-11.694878,22,synthetic,0,1
142457,-5.715695,28,real,-1,7
142486,-28.356948,29,synthetic,1,8
142528,-7.181766,42,real,-1,21
142559,-3.092691,31,real,-1,10
142595,-24.409314,36,synthetic,1,15
142619,-2.608296,24,real,-1,3
142649,-21.746252,30,synthetic,0,9
142672,-26.528682,23,synthetic,2,2
142694,0.842941,22,real,-1,1
142723,-1.695925,29,real,-1,8
142760,1.024047,37,real,-1,16
142787,-12.498417,27,synthetic,0,6
142813,-4.594636,26,real,-1,5
142836,-15.245208,23,synthetic,1,2
142860,-42.924876,24,synthetic,1,3
142886,0.96342,26,real,-1,5
142915,-0.090301,29,real,-1,8
142942,-9.816873,27,synthetic,0,6
142969,-37.234104,27,synthetic,2,6
142994,-1.567654,25,real,-1,4
143027,-11.562758,33,real,-1,12
143065,-10.321239,38,real,-1,17
143105,-4.98067,40,real,-1,19
143134,-6.489064,29,real,-1,8
143157,-38.540418,23,synthetic,2,2
143191,-2.502796,34,real,-1,13
143213,-34.942828,22,synthetic,2,1
143247,-20.417705,34,synthetic,1,13
143279,-2.657413,32,real,-1,11
143315,-6.153165,36,real,-1,15
143341,-5.54072,26,real,-1,5
143378,-18.53725,37,synthetic,0,16
143412,-13.459718,34,synthetic,0,13
143453,-6.682162,41,real,-1,20
143482,1.113054,29,real,-1,8
143508,-35.20643,26,synthetic,2,5
143545,-53.049353,37,synthetic,2,16
143572,-27.274375,27,synthetic,1,6
143593,-5.302765,21,real,-1,0
143621,-5.234387,28,real,-1,7
143655,-1.182712,34,real,-1,13
143692,3.158926,37,real,-1,16
143723,-12.54023,31,synthetic,0,10
143759,-36.741647,36,synthetic,1,15
143790,-22.074862,31,synthetic,1,10
143818,-17.208245,28,synthetic,0,7
143858,-32.163472,40,synthetic,2,19
143893,-23.936343,35,synthetic,1,14
143933,-4.603278,40,real,-1,19
143970,-0.400384,37,real,-1,16
143991,-2.668727,21,real,-1,0
144024,-4.431593,33,real,-1,12
144065,-20.012327,41,synthetic,0,20
144092,-8.534516,27,synthetic,0,6
144127,-18.090682,35,synthetic,0,14
144164,-14.108581,37,real,-1,16
144199,-19.850791,35,synthetic,1,14
144236,-7.002329,37,real,-1,16
144274,3.078178,38,real,-1,17
144302,-8.686509,28,real,-1,7
144331,-4.201193,29,real,-1,8
144369,-10.977239,38,real,-1,17
144410,-7.417097,41,real,-1,20
144443,-27.016748,33,synthetic,0,12
144484,-17.886714,41,synthetic,0,20
144521,0.714971,37,real,-1,16
144562,-26.526268,41,synthetic,1,20
144586,2.035146,24,real,-1,3
144627,-2.342749,41,real,-1,20
144668,-2.970463,41,real,-1,20
144692,-13.500147,24,synthetic,0,3
144713,-0.39428,21,real,-1,0
144751,-2.755508,38,real,-1,17
144774,-1.746811,23,real,-1,2
144809,-4.177163,35,real,-1,14
144844,-6.626465,35,real,-1,14
144867,-38.863214,23,synthetic,2,2
144888,-14.013875,21,synthetic,0,0
144911,-25.219187,23,synthetic,1,2
144933,-23.914629,22,synthetic,1,1
144965,-41.955737,32,synthetic,2,11
145003,-7.661499,38,real,-1,17
145039,-35.658835,36,synthetic,2,15
145063,1.460587,24,real,-1,3
145101,-14.472035,38,synthetic,0,17
145122,-0.076367,21,real,-1,0
145159,-4.987274,37,real,-1,16
145182,-3.512147,23,real,-1,2
145217,-1.318193,35,real,-1,14
145251,-16.514215,34,synthetic,0,13
145275,2.601537,24,real,-1,3
145310,-33.796901,35,synthetic,2,14
145341,-36.589054,31,synthetic,2,10
145372,2.87971,31,real,-1,10
145407,-1.289192,35,real,-1,14
145443,-28.711187,36,synthetic,1,15
145483,3.22924,40,real,-1,19
145518,-7.368576,35,real,-1,14
145551,-28.075089,33,synthetic,2,12
145592,-4.35598,41,real,-1,20
145620,3.624223,28,real,-1,7
145654,0.226895,34,real,-1,13
145691,-5.620885,37,real,-1,16
145724,-3.55897,33,real,-1,12
145752,-47.113084,28,synthetic,2,7
145791,-31.187401,39,synthetic,1,18
145814,-0.781621,23,real,-1,2
145836,-29.968564,22,synthetic,2,1
145865,-40.308252,29,synthetic,2,8
145904,-31.378816,39,synthetic,1,18
145944,-50.464216,40,synthetic,2,19
145971,-6.675534,27,real,-1,6
146003,-10.984802,32,synthetic,0,11
146030,-6.290046,27,real,-1,6
146058,-26.598088,28,synthetic,1,7
146085,-47.383677,27,synthetic,2,6
146116,-5.043331,31,real,-1,10
146151,-16.632066,35,synthetic,0,14
146177,-7.777418,26,synthetic,0,5
146217,-41.011143,40,synthetic,2,19
146248,-33.346846,31,synthetic,2,10
146271,-21.917612,23,synthetic,1,2
146297,-28.376289,26,synthetic,1,5
146335,-4.200683,38,synthetic,0,17
146369,-10.838588,34,synthetic,0,13
146390,-2.509332,21,real,-1,0
146426,-29.976585,36,synthetic,2,15
146460,-5.18545,34,real,-1,13
146491,-5.035208,31,real,-1,10
146524,2.838585,33,real,-1,12
146559,-4.162608,35,real,-1,14
146599,-39.577014,40,synthetic,2,19
146624,1.321716,25,real,-1,4
146666,-1.885794,42,synthetic,0,21
146693,-25.355159,27,synthetic,2,6
146721,-37.866122,28,synthetic,2,7
146761,0.085296,40,real,-1,19
146787,-9.378047,26,synthetic,0,5
146821,-30.005971,34,synthetic,1,13
146848,-44.94304,27,synthetic,2,6
146869,-27.791773,21,synthetic,1,0
146910,-22.90072,41,synthetic,0,20
146951,-5.099826,41,real,-1,20
146972,-31.63668,21,synthetic,2,0
147014,-9.630122,42,real,-1,21
147048,-45.855659,34,synthetic,2,13
147083,-24.132353,35,synthetic,2,14
147118,-19.401693,35,synthetic,1,14
147157,-5.349029,39,real,-1,18
147198,-9.985032,41,real,-1,20
147233,1.983047,35,real,-1,14
147258,-4.527494,25,real,-1,4
147286,-38.785378,28,synthetic,2,7
147310,-22.338742,24,synthetic,1,3
147343,-6.704323,33,real,-1,12
147380,-27.731129,37,synthetic,1,16
147419,-27.791473,39,synthetic,1,18
147461,6.288246,42,real,-1,21
147491,-31.464345,30,synthetic,2,9
147518,-1.884752,27,real,-1,6
147542,-9.384123,24,real,-1,3
147584,-52.870334,42,synthetic,2,21
147621,2.868873,37,real,-1,16
147643,-45.553145,22,synthetic,2,1
147684,-3.511886,41,real,-1,20
147724,-2.605286,40,real,-1,19
147750,-11.792162,26,synthetic,0,5
147788,-11.067767,38,synthetic,0,17
147809,-3.7039,21,real,-1,0
147833,-15.424755,24,synthetic,0,3
147870,-28.536425,37,synthetic,1,16
147905,-7.930276,35,real,-1,14
147940,-1.538206,35,real,-1,14
147979,-4.302732,39,real,-1,18
148000,-10.373098,21,synthetic,0,0
148025,-25.782314,25,synthetic,2,4
148067,-3.770487,42,real,-1,21
148106,-36.677683,39,synthetic,1,18
148144,-35.186662,38,synthetic,2,17
148174,-30.461445,30,synthetic,2,9
148206,-6.445102,32,synthetic,0,11
148237,-28.956127,31,synthetic,2,10
148263,-14.277871,26,synthetic,0,5
148299,-3.024764,36,real,-1,15
148328,-5.432336,29,real,-1,8
148363,-16.590006,35,synthetic,1,14
148388,-11.236967,25,real,-1,4
148422,-26.833896,34,synthetic,1,13
148447,-5.768612,25,real,-1,4
148468,-0.053551,21,real,-1,0
148508,-1.333851,40,real,-1,19
148529,-2.787142,21,real,-1,0
148568,-39.529494,39,synthetic,2,18
148590,-5.464788,22,real,-1,1
148628,-19.544791,38,synthetic,1,17
148659,-4.362787,31,real,-1,10
148700,-26.500496,41,synthetic,1,20
148727,-15.470111,27,synthetic,0,6
148758,1.361219,31,real,-1,10
148788,-1.881317,30,real,-1,9
148818,-37.179067,30,synthetic,2,9
148858,-4.965141,40,real,-1,19
148879,1.687459,21,real,-1,0
148905,-3.225386,26,real,-1,5
148926,-31.895568,21,synthetic,2,0
148955,-2.600916,29,real,-1,8
148981,-0.174378,26,real,-1,5
149017,1.398136,36,real,-1,15
149040,-13.604732,23,synthetic,0,2
149066,-26.950562,26,synthetic,2,5
149092,-18.51095,26,synthetic,0,5
149127,-19.612507,35,synthetic,0,14
149161,-12.001609,34,synthetic,0,13
149190,-2.244269,29,real,-1,8
149226,6.427116,36,real,-1,15
149249,-4.788211,23,real,-1,2
149273,-14.839596,24,synthetic,0,3
149299,-3.212838,26,real,-1,5
149335,-13.439643,36,synthetic,0,15
149370,-4.56014,35,real,-1,14
149408,-2.130667,38,real,-1,17
149436,1.384486,28,real,-1,7
149478,-12.926348,42,synthetic,0,21
149501,-19.083266,23,synthetic,1,2
149534,-37.723979,33,synthetic,2,12
149565,-41.370489,31,synthetic,2,10
149597,2.541921,32,real,-1,11
149624,-22.266222,27,synthetic,1,6
149649,-6.381693,25,real,-1,4
149682,-7.407017,33,real,-1,12
149710,-49.773576,28,synthetic,2,7
149734,-5.825514,24,real,-1,3
149768,-13.279803,34,synthetic,0,13
149789,-30.430119,21,synthetic,2,0
149830,-11.727451,41,synthetic,0,20
149872,-10.278545,42,synthetic,0,21
149898,-15.667612,26,synthetic,1,5
149938,-13.012216,40,synthetic,0,19
149974,-29.094628,36,synthetic,2,15
150008,-10.354888,34,synthetic,0,13
150032,-8.747516,24,real,-1,3
150068,-6.603528,36,synthetic,0,15
150099,2.564143,31,real,-1,10
150120,-5.710131,21,real,-1,0
150159,-20.794564,39,synthetic,1,18
150186,-6.752356,27,real,-1,6
150222,-29.47052,36,synthetic,2,15
150248,-7.213297,26,real,-1,5
150287,-20.258665,39,synthetic,1,18
150310,-1.176167,23,real,-1,2
150335,-4.305083,25,real,-1,4
150365,-14.829561,30,synthetic,0,9
150401,-32.857846,36,synthetic,2,15
150436,-3.947933,35,real,-1,14
150459,-17.40945,23,synthetic,0,2
150498,-7.726347,39,synthetic,0,18
150522,-39.862805,24,synthetic,2,3
150547,0.379111,25,real,-1,4
150581,-1.270793,34,real,-1,13
150610,0.915798,29,real,-1,8
150652,-25.751431,42,synthetic,1,21
150674,-10.694079,22,real,-1,1
150695,3.797341,21,real,-1,0
150724,-24.140457,29,synthetic,1,8
150760,-7.581641,36,real,-1,15
150796,-5.428179,36,real,-1,15
150825,-42.822902,29,synthetic,2,8
150856,-27.581051,31,synthetic,1,10
150896,0.627014,40,real,-1,19
150921,-29.882727,25,synthetic,2,4
150945,-5.888867,24,real,-1,3
150966,-2.295864,21,real,-1,0
151004,-5.356062,38,real,-1,17
151035,-28.912206,31,synthetic,1,10
151067,-25.136567,32,synthetic,1,11
151093,-6.876709,26,synthetic,0,5
151128,3.291329,35,real,-1,14
151163,-38.863944,35,synthetic,2,14
151191,-4.633481,28,real,-1,7
151228,-28.701232,37,synthetic,1,16
151260,-5.979849,32,real,-1,11
151302,-13.335743,42,synthetic,0,21
151334,-46.827347,32,synthetic,2,11
151361,-5.022829,27,real,-1,6
151395,-33.229797,34,synthetic,2,13
151433,-5.907331,38,real,-1,17
151460,-30.964906,27,synthetic,1,6
151482,1.281758,22,real,-1,1
151509,2.208392,27,real,-1,6
151544,2.850205,35,real,-1,14
151575,-40.764175,31,synthetic,2,10
151599,-13.035435,24,synthetic,0,3
151627,-12.032827,28,real,-1,7
151667,-37.602172,40,synthetic,2,19
151705,-16.962037,38,synthetic,0,17
151738,-32.166038,33,synthetic,1,12
151777,-25.726697,39,synthetic,2,18
151809,-9.109198,32,real,-1,11
151832,-19.585429,23,synthetic,0,2
151853,-25.071268,21,synthetic,1,0
151880,-11.443954,27,real,-1,6
151917,-13.611113,37,real,-1,16
151956,-36.225832,39,synthetic,2,18
151994,-1.297155,38,real,-1,17
152030,-26.415969,36,synthetic,1,15
152062,-2.742528,32,real,-1,11
152089,3.636304,27,real,-1,6
152113,-24.970476,24,synthetic,1,3
152150,-2.616207,37,real,-1,16
152179,-1.542337,29,real,-1,8
152215,-11.157111,36,real,-1,15
152244,-38.261839,29,synthetic,2,8
152272,2.402729,28,real,-1,7
152297,-19.548295,25,synthetic,1,4
152319,-36.738029,22,synthetic,2,1
152357,-2.247591,38,real,-1,17
152390,-1.972003,33,real,-1,12
152420,0.379857,30,real,-1,9
152442,-28.820688,22,synthetic,2,1
152467,-40.846532,25,synthetic,2,4
152493,-1.38893,26,real,-1,5
152515,-7.980222,22,real,-1,1
152554,-11.511842,39,synthetic,0,18
152593,-29.562285,39,synthetic,1,18
152618,-27.046418,25,synthetic,1,4
152643,-3.981568,25,real,-1,4
152667,-24.899427,24,synthetic,1,3
152689,-44.699237,22,synthetic,2,1
152731,-4.298426,42,real,-1,21
152771,-12.068994,40,synthetic,0,19
152794,-3.694423,23,real,-1,2
152828,-4.63434,34,real,-1,13
152870,-11.766671,42,synthetic,0,21
152912,-5.156575,42,real,-1,21
152953,-15.938319,41,synthetic,1,20
152980,-7.717435,27,real,-1,6
153008,-0.998167,28,real,-1,7
153039,-3.102823,31,real,-1,10
153068,-33.902857,29,synthetic,1,8
153099,-30.859233,31,synthetic,2,10
153136,-15.97866,37,synthetic,0,16
153172,4.601116,36,real,-1,15
153212,-3.89618,40,real,-1,19
153251,-5.127527,39,real,-1,18
153285,-19.460982,34,synthetic,1,13
153307,-1.703327,22,real,-1,1
153337,-6.565646,30,real,-1,9
153379,-8.736035,42,real,-1,21
153420,-20.89273,41,synthetic,0,20
153462,-16.735083,42,synthetic,1,21
153486,-13.182554,24,synthetic,0,3
153516,-9.693708,30,synthetic,0,9
153539,-3.63827,23,real,-1,2
153561,-0.260404,22,real,-1,1
153592,-49.828651,31,synthetic,2,10
153617,-34.062749,25,synthetic,2,4
153649,-21.640251,32,synthetic,2,11
153674,-4.295732,25,synthetic,0,4
153701,-16.504985,27,synthetic,0,6
153730,-31.933298,29,synthetic,2,8
153754,-7.06726,24,real,-1,3
153784,-39.271218,30,synthetic,2,9
153811,-15.85255,27,synthetic,0,6
153851,-25.806204,40,synthetic,1,19
153883,-11.009021,32,real,-1,11
153904,-0.604259,21,real,-1,0
153932,-3.768973,28,real,-1,7
153965,1.078268,33,real,-1,12
154005,-7.914093,40,real,-1,19
154029,-6.524834,24,real,-1,3
154053,-0.852603,24,real,-1,3
154077,0.56025,24,real,-1,3
154104,-15.937967,27,synthetic,0,6
154138,-2.256888,34,real,-1,13
154167,-4.124485,29,real,-1,8
154195,-4.352165,28,real,-1,7
154231,-23.009085,36,synthetic,0,15
154257,-32.164355,26,synthetic,2,5
154279,-28.360359,22,synthetic,1,1
154318,-0.906974,39,real,-1,18
154351,0.843274,33,real,-1,12
154372,-0.794927,21,real,-1,0
154400,0.305424,28,real,-1,7
154438,-23.874858,38,synthetic,1,17
154465,0.338553,27,real,-1,6
154495,-7.278994,30,real,-1,9
154532,-33.498324,37,synthetic,1,16
154564,-9.945257,32,real,-1,11
154592,-1.889264,28,real,-1,7
154631,-3.481233,39,synthetic,0,18
154657,2.970476,26,real,-1,5
154696,2.565728,39,real,-1,18
154727,-38.401297,31,synthetic,2,10
154766,-13.693226,39,synthetic,0,18
154792,-9.07678,26,real,-1,5
154834,-32.737428,42,synthetic,2,21
154872,-9.697204,38,synthetic,0,17
154911,-1.092277,39,real,-1,18
154936,-5.236225,25,real,-1,4
154966,-1.771381,30,real,-1,9
155008,-16.2787,42,synthetic,1,21
155033,-7.08196,25,synthetic,0,4
155072,-26.168558,39,synthetic,1,18
155114,-20.343989,42,synthetic,1,21
155155,-37.628273,41,synthetic,2,20
155190,-28.485089,35,synthetic,1,14
155219,-4.749592,29,real,-1,8
155247,-4.944427,28,real,-1,7
155273,-1.236766,26,real,-1,5
155309,-39.227343,36,synthetic,2,15
155332,-7.162973,23,real,-1,2
155362,0.593338,30,real,-1,9
155392,-5.33982,30,real,-1,9
155415,-3.560912,23,real,-1,2
155455,-0.695921,40,real,-1,19
155492,-26.217721,37,synthetic,1,16
155530,-4.118762,38,real,-1,17
155568,-8.548193,38,real,-1,17
155606,-0.00999,38,real,-1,17
155638,-39.982021,32,synthetic,2,11
155679,-3.719431,41,real,-1,20
155714,-15.535775,35,synthetic,0,14
155747,-23.936839,33,synthetic,1,12
155777,-0.486807,30,real,-1,9
155814,-24.951392,37,synthetic,1,16
155839,-1.660548,25,real,-1,4
155864,-12.090733,25,real,-1,4
155899,-4.151582,35,real,-1,14
155925,-14.681612,26,synthetic,1,5
155966,-10.885024,41,real,-1,20
156004,-2.779081,38,real,-1,17
156033,-10.004978,29,real,-1,8
156071,4.079462,38,real,-1,17
156092,-36.771083,21,synthetic,2,0
156132,-28.778178,40,synthetic,2,19
156158,-25.607171,26,synthetic,1,5
156181,-11.201191,23,synthetic,0,2
156222,-36.010203,41,synthetic,2,20
156262,-15.695724,40,synthetic,0,19
156284,-6.030262,22,real,-1,1
156325,3.904507,41,real,-1,20
156367,-9.167228,42,synthetic,0,21
156409,-21.517031,42,synthetic,1,21
156435,-4.151311,26,real,-1,5
156475,-2.768559,40,real,-1,19
156515,-44.846757,40,synthetic,2,19
156550,-41.692789,35,synthetic,2,14
156592,-32.649286,42,synthetic,2,21
156629,-3.706071,37,real,-1,16
156669,-1.931069,40,real,-1,19
156710,-15.531083,41,synthetic,0,20
156740,-17.120934,30,synthetic,0,9
156766,-1.12739,26,real,-1,5
156799,-15.382775,33,synthetic,0,12
156831,-11.022161,32,synthetic,0,11
156858,4.83359,27,real,-1,6
156880,-4.912552,22,real,-1,1
156918,-1.385132,38,real,-1,17
156940,2.880399,22,real,-1,1
156968,-33.256309,28,synthetic,2,7
157009,0.651911,41,real,-1,20
157044,-17.143254,35,real,-1,14
157084,-0.162587,40,real,-1,19
157118,-8.665403,34,real,-1,13
157160,-7.326703,42,real,-1,21
157186,-22.313392,26,synthetic,2,5
157226,-28.788198,40,synthetic,1,19
157259,-29.973196,33,synthetic,1,12
157287,-25.0221,28,synthetic,1,7
157319,0.500712,32,real,-1,11
157340,-27.696656,21,synthetic,1,0
157368,-15.067927,28,synthetic,1,7
157390,-25.27465,22,synthetic,1,1
157414,-43.290985,24,synthetic,2,3
157441,-23.609577,27,synthetic,2,6
157463,-1.793458,22,real,-1,1
157498,-28.51199,35,synthetic,1,14
157538,-2.899942,40,real,-1,19
157577,-5.043753,39,real,-1,18
157611,-6.840167,34,real,-1,13
157641,-3.07941,30,real,-1,9
157672,-4.446167,31,real,-1,10
157713,-10.044324,41,synthetic,0,20
157750,-43.638481,37,synthetic,2,16
157775,-4.529636,25,real,-1,4
157803,-39.547751,28,synthetic,2,7
157845,-14.60775,42,synthetic,0,21
157870,-10.246849,25,real,-1,4
157909,-20.213308,39,synthetic,0,18
157940,-20.726482,31,synthetic,0,10
157967,-11.791933,27,synthetic,0,6
157993,-17.358289,26,synthetic,0,5
158034,-33.813259,41,synthetic,2,20
158070,-4.947081,36,real,-1,15
158108,-1.992857,38,real,-1,17
158138,0.798573,30,real,-1,9
158161,-23.705789,23,synthetic,1,2
158182,-3.827761,21,real,-1,0
158206,-32.288387,24,synthetic,2,3
158245,-19.220188,39,synthetic,0,18
158279,-38.964293,34,synthetic,2,13
158306,-7.785755,27,real,-1,6
158337,-10.819482,31,synthetic,0,10
158373,-24.056767,36,synthetic,0,15
158396,-23.021621,23,synthetic,1,2
158425,-1.335579,29,real,-1,8
158465,-9.320538,40,synthetic,0,19
158499,-18.905362,34,synthetic,0,13
158523,-46.994309,24,synthetic,2,3
158549,-1.437204,26,real,-1,5
158579,-10.346494,30,real,-1,9
158617,-3.15793,38,real,-1,17
158658,-16.516155,41,synthetic,1,20
158698,2.979213,40,real,-1,19
158730,-32.032286,32,synthetic,1,11
158763,-29.752251,33,synthetic,1,12
158793,-32.571205,30,synthetic,1,9
158825,0.53336,32,real,-1,11
158864,-1.823713,39,real,-1,18
158905,-0.834516,41,real,-1,20
158932,-17.39321,27,synthetic,0,6
158964,-3.884318,32,real,-1,11
159006,-2.616605,42,synthetic,0,21
159048,-0.540199,42,real,-1,21
159090,-37.248892,42,synthetic,2,21
159116,-10.418452,26,synthetic,0,5
159150,0.294265,34,real,-1,13
159192,0.156045,42,real,-1,21
159233,-5.662112,41,real,-1,20
159274,-11.856472,41,real,-1,20
159300,3.363106,26,real,-1,5
159331,-27.691175,31,synthetic,1,10
159358,-4.468037,27,real,-1,6
159392,-25.48371,34,synthetic,2,13
159418,-37.737801,26,synthetic,2,5
159452,-33.463982,34,synthetic,2,13
159486,0.830193,34,real,-1,13
159521,-24.070727,35,synthetic,1,14
159548,-0.544482,27,real,-1,6
159584,-27.604969,36,synthetic,1,15
159606,5.320004,22,real,-1,1
159638,-6.115434,32,real,-1,11
159660,-14.198145,22,synthetic,0,1
159696,-4.002555,36,real,-1,15
159733,-21.029438,37,synthetic,1,16
159768,-6.643443,35,real,-1,14
159790,-29.875623,22,synthetic,1,1
159829,0.909605,39,real,-1,18
159854,-11.033179,25,synthetic,0,4
159896,-12.606054,42,synthetic,0,21
159938,-40.026429,42,synthetic,2,21
159974,-5.314021,36,real,-1,15
160015,-41.124537,41,synthetic,2,20
160047,-8.384186,32,real,-1,11
160088,-11.146707,41,real,-1,20
160117,-14.110564,29,synthetic,0,8
160143,-14.414202,26,synthetic,0,5
160183,-27.776507,40,synthetic,1,19
160205,-8.787515,22,real,-1,1
160227,-46.031882,22,synthetic,2,1
160253,-3.392275,26,real,-1,5
160291,-12.94963,38,real,-1,17
160325,-7.386483,34,real,-1,13
160355,-17.771471,30,synthetic,1,9
160380,-24.087303,25,synthetic,1,4
160405,0.633464,25,real,-1,4
160434,-10.934303,29,real,-1,8
160461,-13.783662,27,synthetic,0,6
160485,0.190051,24,real,-1,3
160519,2.403645,34,real,-1,13
160554,-17.451465,35,synthetic,0,14
160580,-36.862882,26,synthetic,2,5
160612,-3.350254,32,real,-1,11
160636,-0.688764,24,real,-1,3
160671,-0.565111,35,real,-1,14
160709,-8.989016,38,real,-1,17
160732,-28.627662,23,synthetic,2,2
160774,-29.475323,42,synthetic,1,21
160812,-26.649394,38,synthetic,1,17
160844,-21.454175,32,synthetic,1,11
160870,-11.448911,26,synthetic,0,5
160896,-6.955281,26,real,-1,5
160933,-18.047566,37,synthetic,1,16
160962,-7.277343,29,real,-1,8
160991,-32.441979,29,synthetic,2,8
161018,0.220582,27,real,-1,6
161039,-6.609344,21,real,-1,0
161079,-5.848257,40,real,-1,19
161103,-23.148639,24,synthetic,1,3
161126,-8.082999,23,synthetic,0,2
161160,-29.768569,34,synthetic,1,13
161194,-6.222179,34,real,-1,13
161219,-26.659466,25,synthetic,1,4
161260,-14.452518,41,synthetic,0,20
161290,-1.941846,30,real,-1,9
161323,3.519101,33,real,-1,12
161353,-11.97627,30,synthetic,0,9
161376,-4.373605,23,real,-1,2
161409,-1.607393,33,real,-1,12
161430,1.856518,21,real,-1,0
161455,4.915798,25,real,-1,4
161489,-44.892747,34,synthetic,2,13
161515,-0.963538,26,real,-1,5
161536,-46.88279,21,synthetic,2,0
161575,-5.847787,39,real,-1,18
161616,-18.913272,41,synthetic,1,20
161644,1.354181,28,real,-1,7
161665,-2.66177,21,real,-1,0
161695,-37.265096,30,synthetic,2,9
161734,-18.430154,39,synthetic,0,18
161774,-2.353469,40,real,-1,19
161805,-2.258841,31,real,-1,10
161844,-7.470058,39,real,-1,18
161872,-38.89922,28,synthetic,2,7
161900,-31.482169,28,synthetic,1,7
161929,-13.574894,29,synthetic,0,8
161951,-3.119705,22,real,-1,1
161988,-1.238051,37,real,-1,16
162025,-8.889348,37,real,-1,16
162061,-11.067731,36,synthetic,0,15
162102,-35.431784,41,synthetic,1,20
162133,-26.884962,31,synthetic,1,10
162171,0.841511,38,real,-1,17
162213,-9.948104,42,real,-1,21
162249,-33.139871,36,synthetic,2,15
162287,-5.791552,38,real,-1,17
162323,-31.900581,36,synthetic,2,15
162352,-6.140569,29,real,-1,8
162385,-0.814144,33,real,-1,12
162425,-35.526124,40,synthetic,2,19
162451,-39.465,26,synthetic,2,5
162479,-1.001762,28,real,-1,7
162513,-8.082155,34,real,-1,13
162541,-11.161944,28,synthetic,0,7
162575,-37.973122,34,synthetic,2,13
162615,-2.996078,40,synthetic,0,19
162653,-1.388077,38,real,-1,17
162685,-46.956599,32,synthetic,2,11
162715,-29.482923,30,synthetic,1,9
162755,-3.656135,40,real,-1,19
162793,-20.873399,38,synthetic,1,17
162819,0.539769,26,real,-1,5
162850,-33.397067,31,synthetic,2,10
162881,-4.242391,31,real,-1,10
162923,-2.015688,42,real,-1,21
162950,-29.995106,27,synthetic,2,6
162983,-18.83359,33,synthetic,0,12
163025,2.395283,42,real,-1,21
163051,4.265407,26,real,-1,5
163073,-1.303469,22,real,-1,1
163112,-21.705119,39,synthetic,0,18
163135,-16.696541,23,synthetic,0,2
163160,-1.282014,25,real,-1,4
163188,-6.756331,28,real,-1,7
163213,-10.026077,25,real,-1,4
163254,-4.803736,41,real,-1,20
163277,-11.362607,23,synthetic,0,2
163302,-29.819535,25,synthetic,1,4
163326,-9.834465,24,real,-1,3
163356,-36.524089,30,synthetic,2,9
163395,-19.287366,39,synthetic,1,18
163422,1.71111,27,real,-1,6
163447,-31.280319,25,synthetic,2,4
163468,3.678842,21,real,-1,0
163506,-5.462406,38,real,-1,17
163546,6.820286,40,real,-1,19
163570,-4.008679,24,real,-1,3
163594,-21.673294,24,synthetic,1,3
163634,-18.290853,40,synthetic,0,19
163675,-11.141162,41,real,-1,20
163715,-9.338284,40,synthetic,0,19
163753,-3.088463,38,real,-1,17
163794,-10.935577,41,real,-1,20
163830,-2.796517,36,real,-1,15
163868,-38.772321,38,synthetic,2,17
163890,-11.537267,22,real,-1,1
163924,1.115606,34,real,-1,13
163954,-38.694531,30,synthetic,2,9
163981,-0.092062,27,real,-1,6
164021,-25.328653,40,synthetic,1,19
164054,-4.433113,33,synthetic,0,12
164096,-7.678251,42,real,-1,21
164122,-26.558249,26,synthetic,1,5
164162,-14.457582,40,real,-1,19
164192,-2.659919,30,real,-1,9
164221,-7.66729,29,synthetic,0,8
164247,-10.452704,26,synthetic,0,5
164279,-1.533982,32,real,-1,11
164303,3.644689,24,real,-1,3
164328,-6.756035,25,real,-1,4
164358,1.562538,30,real,-1,9
164391,-16.175401,33,synthetic,1,12
164425,-43.489226,34,synthetic,2,13
164463,-18.583702,38,synthetic,0,17
164500,-8.59368,37,real,-1,16
164536,-16.560935,36,synthetic,0,15
164560,-14.645305,24,synthetic,0,3
164585,-6.042533,25,real,-1,4
164606,-28.131639,21,synthetic,1,0
164638,-14.54672,32,synthetic,0,11
164670,-30.559759,32,synthetic,2,11
164692,-20.315532,22,synthetic,1,1
164734,-40.464731,42,synthetic,2,21
164772,0.630074,38,real,-1,17
164808,-2.119229,36,real,-1,15
164845,3.259726,37,real,-1,16
164878,-30.759353,33,synthetic,1,12
164912,-20.799687,34,synthetic,1,13
164952,-4.076044,40,real,-1,19
164986,-6.252904,34,real,-1,13
165025,3.671081,39,real,-1,18
165065,-21.225983,40,synthetic,0,19
165095,-10.117625,30,synthetic,0,9
165125,-32.730879,30,synthetic,1,9
165166,-19.421966,41,synthetic,1,20
165188,-0.701494,22,real,-1,1
165226,-8.406069,38,synthetic,0,17
165265,-5.873708,39,real,-1,18
165305,-7.451339,40,synthetic,0,19
165329,0.804306,24,real,-1,3
165361,-5.659535,32,real,-1,11
165383,0.573364,22,real,-1,1
165417,-11.251292,34,synthetic,0,13
165438,-3.126251,21,real,-1,0
165466,-7.190578,28,real,-1,7
165508,-7.099802,42,real,-1,21
165530,-0.677816,22,real,-1,1
165572,-31.26705,42,synthetic,1,21
165613,-9.206252,41,real,-1,20
165641,-3.643156,28,real,-1,7
165678,-22.624438,37,synthetic,1,16
165717,-8.652507,39,synthetic,0,18
165755,-9.656522,38,real,-1,17
165797,-21.052758,42,synthetic,1,21
165828,-8.256177,31,real,-1,10
165852,-24.951974,24,synthetic,1,3
165883,-39.534799,31,synthetic,2,10
165915,-32.651429,32,synthetic,1,11
165952,-35.131852,37,synthetic,2,16
165984,-3.109762,32,real,-1,11
166009,2.533607,25,real,-1,4
166034,-11.167051,25,synthetic,0,4
166069,3.450248,35,real,-1,14
166108,-14.49645,39,real,-1,18
166149,-6.533286,41,real,-1,20
166171,-25.022086,22,synthetic,1,1
166194,-3.133086,23,real,-1,2
166216,-26.607185,22,synthetic,1,1
166250,-34.573557,34,synthetic,1,13
166271,-27.683683,21,synthetic,1,0
166298,-34.088257,27,synthetic,2,6
166320,-11.739633,22,synthetic,0,1
166356,-0.100411,36,real,-1,15
166384,-6.859048,28,real,-1,7
166416,-13.453092,32,synthetic,0,11
166447,1.048123,31,real,-1,10
166488,-0.22506,41,real,-1,20
166521,-4.625837,33,real,-1,12
166563,-3.790037,42,real,-1,21
166587,-41.266839,24,synthetic,2,3
166609,-1.232016,22,real,-1,1
166650,0.644502,41,real,-1,20
166673,-46.765137,23,synthetic,2,2
166700,-41.809721,27,synthetic,2,6
166737,-10.992017,37,real,-1,16
166766,-19.981063,29,synthetic,1,8
166788,-22.910463,22,synthetic,1,1
166826,-16.063448,38,synthetic,0,17
166865,-23.665529,39,synthetic,1,18
166899,-2.154668,34,real,-1,13
166939,-14.999625,40,synthetic,0,19
166979,-17.597077,40,synthetic,0,19
167014,-45.433429,35,synthetic,2,14
167049,-26.191758,35,synthetic,1,14
167089,-0.940992,40,real,-1,19
167110,-9.69354,21,real,-1,0
167145,-6.866661,35,real,-1,14
167175,-3.368422,30,real,-1,9
167207,-32.650889,32,synthetic,2,11
167233,-4.170086,26,real,-1,5
167258,-4.155635,25,real,-1,4
167291,2.087565,33,real,-1,12
167328,-26.905635,37,synthetic,1,16
167353,-25.743312,25,synthetic,1,4
167382,-36.953774,29,synthetic,2,8
167421,-8.105047,39,real,-1,18
167445,-11.018929,24,synthetic,0,3
167470,1.309318,25,real,-1,4
167499,-4.532491,29,real,-1,8
167524,-22.254535,25,synthetic,1,4
167557,-6.463511,33,real,-1,12
167587,-1.628774,30,real,-1,9
167613,-1.732344,26,real,-1,5
167646,-8.670204,33,real,-1,12
167667,-43.365109,21,synthetic,2,0
167707,-10.696564,40,synthetic,0,19
167729,-10.971657,22,synthetic,0,1
167753,-18.685791,24,synthetic,1,3
167787,-5.585428,34,real,-1,13
167821,-7.065664,34,synthetic,0,13
167859,5.900223,38,real,-1,17
167884,-4.208492,25,real,-1,4
167912,-0.354394,28,real,-1,7
167939,-24.893449,27,synthetic,1,6
167969,-20.439203,30,synthetic,1,9
168006,-10.935589,37,synthetic,0,16
168031,-18.612484,25,synthetic,1,4
168057,-12.650972,26,synthetic,0,5
168094,-35.346457,37,synthetic,2,16
168134,0.265092,40,real,-1,19
168163,-5.452875,29,real,-1,8
168204,-40.348555,41,synthetic,2,20
168244,-18.917891,40,synthetic,0,19
168268,0.980849,24,real,-1,3
168291,-1.496368,23,real,-1,2
168330,-33.112606,39,synthetic,1,18
168358,-40.709394,28,synthetic,2,7
168400,-0.236474,42,real,-1,21
168422,-41.507208,22,synthetic,2,1
168445,-2.447981,23,real,-1,2
168467,-2.549014,22,real,-1,1
168492,2.364285,25,real,-1,4
168529,3.23854,37,real,-1,16
168554,-44.71008,25,synthetic,2,4
168591,-9.932339,37,synthetic,0,16
168625,-42.238766,34,synthetic,2,13
168665,1.930254,40,real,-1,19
168699,-4.067179,34,real,-1,13
168724,5.032106,25,real,-1,4
168761,1.575963,37,real,-1,16
168792,-17.936708,31,synthetic,0,10
168828,-11.391277,36,synthetic,0,15
168860,-15.704369,32,synthetic,1,11
168899,1.677102,39,real,-1,18
168922,-7.935915,23,synthetic,0,2
168959,-1.077808,37,real,-1,16
168991,-0.029032,32,real,-1,11
169023,-33.63488,32,synthetic,2,11
169046,-10.416675,23,real,-1,2
169074,-0.860225,28,real,-1,7
169107,-29.807773,33,synthetic,1,12
169146,-18.402132,39,synthetic,1,18
169173,-5.256451,27,real,-1,6
169214,-15.182696,41,synthetic,0,20
169238,-37.13527,24,synthetic,2,3
169271,-19.814558,33,synthetic,1,12
169297,3.903907,26,real,-1,5
169330,-39.17956,33,synthetic,2,12
169366,-5.850694,36,real,-1,15
169396,-25.223287,30,synthetic,1,9
169421,-39.080452,25,synthetic,2,4
169450,-15.597467,29,synthetic,0,8
169488,-11.405497,38,real,-1,17
169526,-32.447444,38,synthetic,2,17
169564,-2.184231,38,real,-1,17
169596,-6.972149,32,synthetic,0,11
169623,-2.283138,27,real,-1,6
169660,-23.729976,37,synthetic,0,16
169687,-7.741715,27,real,-1,6
169724,-35.376386,37,synthetic,2,16
169746,-12.952129,22,synthetic,0,1
169767,-25.478487,21,synthetic,1,0
169806,-45.96926,39,synthetic,2,18
169840,-1.482973,34,real,-1,13
169877,-2.391766,37,real,-1,16
169911,-7.496333,34,real,-1,13
169953,-9.36863,42,real,-1,21
169976,-19.367096,23,synthetic,0,2
170009,2.629293,33,real,-1,12
170040,3.113403,31,real,-1,10
170068,-23.671004,28,synthetic,1,7
170102,-24.952323,34,synthetic,1,13
170140,-0.982836,38,real,-1,17
170173,-24.991067,33,synthetic,1,12
170194,-1.195786,21,real,-1,0
170233,-23.928395,39,synthetic,1,18
170259,3.188175,26,real,-1,5
170288,-25.88535,29,synthetic,2,8
170326,-4.276827,38,real,-1,17
170350,6.038748,24,real,-1,3
170377,-36.471969,27,synthetic,2,6
170402,-38.76163,25,synthetic,2,4
170443,-1.827988,41,real,-1,20
170485,-14.251494,42,synthetic,0,21
170520,-0.603625,35,real,-1,14
170560,-2.181161,40,real,-1,19
170599,-39.059618,39,synthetic,2,18
170640,-2.493081,41,real,-1,20
170675,-27.354229,35,synthetic,2,14
170714,0.740049,39,real,-1,18
170738,-1.175088,24,real,-1,3
170776,-17.829077,38,synthetic,0,17
170805,-0.126503,29,real,-1,8
170841,2.172303,36,real,-1,15
170880,1.602417,39,real,-1,18
170902,-36.449258,22,synthetic,2,1
170926,-4.006965,24,real,-1,3
170951,-7.287923,25,real,-1,4
170977,0.255116,26,real,-1,5
171000,-2.250335,23,real,-1,2
171028,-8.281924,28,synthetic,0,7
171052,-0.906507,24,real,-1,3
171078,-3.967999,26,real,-1,5
171112,-31.771083,34,synthetic,1,13
171151,-17.205496,39,synthetic,1,18
171173,3.987242,22,real,-1,1
171214,-21.139026,41,synthetic,0,20
171236,-1.748369,22,real,-1,1
171267,-2.273089,31,real,-1,10
171293,-4.30705,26,real,-1,5
171334,-0.742292,41,real,-1,20
171361,-33.983787,27,synthetic,2,6
171394,-3.501289,33,real,-1,12
171421,-4.083307,27,real,-1,6
171453,-4.023195,32,real,-1,11
171490,-0.924606,37,real,-1,16
171520,-29.504422,30,synthetic,1,9
171542,-28.703762,22,synthetic,2,1
171579,-5.572915,37,real,-1,16
171614,-2.653497,35,real,-1,14
171651,-28.677188,37,synthetic,2,16
171677,-27.791417,26,synthetic,2,5
171707,-33.474359,30,synthetic,1,9
171728,-5.253753,21,real,-1,0
171764,-16.276604,36,synthetic,0,15
171791,-12.621784,27,synthetic,0,6
171815,0.642687,24,real,-1,3
171855,-38.694153,40,synthetic,2,19
171885,2.415946,30,real,-1,9
171927,-28.383726,42,synthetic,1,21
171960,-25.051341,33,synthetic,1,12
171983,1.666442,23,real,-1,2
172011,0.666377,28,real,-1,7
172032,-20.013321,21,synthetic,1,0
172070,1.078106,38,real,-1,17
172101,-4.10773,31,real,-1,10
172140,-3.495787,39,real,-1,18
172161,-26.996054,21,synthetic,1,0
172191,-3.274227,30,real,-1,9
172212,-9.487142,21,synthetic,0,0
172242,-7.77982,30,synthetic,0,9
172263,4.942985,21,real,-1,0
172289,-28.437533,26,synthetic,2,5
172322,-12.659964,33,synthetic,0,12
172351,-22.44033,29,synthetic,1,8
172386,-18.542555,35,synthetic,1,14
172425,-12.208919,39,synthetic,0,18
172446,0.75961,21,real,-1,0
172475,-7.551724,29,synthetic,0,8
172497,-11.934287,22,synthetic,0,1
172533,0.706245,36,real,-1,15
172555,-12.146646,22,synthetic,0,1
172595,-4.996549,40,real,-1,19
172620,-39.167736,25,synthetic,2,4
172658,-7.411445,38,real,-1,17
172688,2.368361,30,real,-1,9
172729,-45.734368,41,synthetic,2,20
172767,-4.459802,38,real,-1,17
172809,-8.270723,42,real,-1,21
172845,-39.431109,36,synthetic,2,15
172874,-3.678491,29,real,-1,8
172908,-29.233386,34,synthetic,1,13
172941,-10.206128,33,synthetic,0,12
172973,-3.70231,32,synthetic,0,11
173005,-17.630995,32,synthetic,1,11
173044,-0.319609,39,real,-1,18
173079,1.167876,35,real,-1,14
173119,-22.088607,40,synthetic,1,19
173154,-5.316257,35,synthetic,0,14
173181,-3.296768,27,real,-1,6
173203,-3.886425,22,real,-1,1
173242,-28.033276,39,synthetic,1,18
173281,-10.305671,39,synthetic,0,18
173311,-15.066388,30,real,-1,9
173344,-22.095577,33,synthetic,1,12
173372,-13.789127,28,synthetic,0,7
173396,-7.166792,24,real,-1,3
173431,-6.166454,35,real,-1,14
173459,-18.650519,28,synthetic,1,7
173501,-9.628127,42,synthetic,0,21
173526,-13.077376,25,real,-1,4
173549,-9.122563,23,synthetic,0,2
173579,-4.893105,30,real,-1,9
173603,-24.260349,24,synthetic,1,3
173629,-9.276091,26,real,-1,5
173666,-32.57624,37,synthetic,2,16
173700,0.804041,34,real,-1,13
173742,-7.995843,42,real,-1,21
173784,-27.507511,42,synthetic,1,21
173815,-3.323406,31,real,-1,10
173850,-25.265412,35,synthetic,1,14
173878,-3.58959,28,real,-1,7
173901,-11.801106,23,synthetic,0,2
173924,-29.078489,23,synthetic,1,2
173963,-14.225972,39,real,-1,18
174005,-7.601423,42,real,-1,21
174041,-36.975076,36,synthetic,2,15
174064,-37.857351,23,synthetic,2,2
174085,-18.931422,21,synthetic,1,0
174111,-20.124306,26,synthetic,1,5
174149,-46.639548,38,synthetic,2,17
174184,-16.548389,35,synthetic,1,14
174223,-10.150605,39,real,-1,18
174255,-28.229147,32,synthetic,2,11
174279,-16.751524,24,synthetic,0,3
174312,-25.943591,33,synthetic,1,12
174338,-12.17801,26,synthetic,0,5
174364,-42.065846,26,synthetic,2,5
174400,-2.211931,36,real,-1,15
174438,-13.548764,38,synthetic,0,17
174460,-6.463061,22,synthetic,0,1
174488,-1.906913,28,real,-1,7
174519,-14.672461,31,synthetic,0,10
174557,-36.098876,38,synthetic,2,17
174597,-26.217149,40,synthetic,1,19
174639,-8.720158,42,real,-1,21
174675,-9.95189,36,real,-1,15
174700,-37.439505,25,synthetic,2,4
174724,-2.325996,24,real,-1,3
174752,0.31111,28,real,-1,7
174780,-4.247206,28,real,-1,7
174817,-32.370816,37,synthetic,2,16
174855,0.997152,38,real,-1,17
174895,-49.985653,40,synthetic,2,19
174924,-28.206543,29,synthetic,1,8
174952,1.052308,28,real,-1,7
174977,-0.844037,25,real,-1,4
175004,-14.702089,27,synthetic,0,6
175029,-3.191522,25,real,-1,4
175066,-35.681672,37,synthetic,2,16
175100,-3.53274,34,real,-1,13
175137,-9.461246,37,synthetic,0,16
175172,-19.379041,35,synthetic,0,14
175210,-10.982449,38,synthetic,0,17
175248,-6.772845,38,real,-1,17
175277,-9.399987,29,synthetic,0,8
175311,-30.410678,34,synthetic,2,13
175339,-3.44826,28,real,-1,7
175368,-23.9154,29,synthetic,1,8
175394,-29.10975,26,synthetic,2,5
175428,-5.612353,34,real,-1,13
175455,-31.255121,27,synthetic,1,6
175485,-17.129038,30,synthetic,1,9
175526,-1.54227,41,real,-1,20
175567,3.566232,41,real,-1,20
175606,-30.098716,39,synthetic,2,18
175630,-5.720515,24,real,-1,3
175662,-6.10884,32,real,-1,11
175697,-33.965456,35,synthetic,1,14
175729,-2.636803,32,real,-1,11
175756,-40.210174,27,synthetic,2,6
175798,-8.613142,42,real,-1,21
175832,-7.362772,34,real,-1,13
175859,-6.606171,27,real,-1,6
175888,-26.871271,29,synthetic,1,8
175915,-1.320959,27,real,-1,6
175947,-5.003782,32,real,-1,11
175974,5.70111,27,real,-1,6
175995,2.861137,21,real,-1,0
176021,-0.250489,26,real,-1,5
176058,-10.228392,37,real,-1,16
176097,-27.289873,39,synthetic,1,18
176132,-42.179455,35,synthetic,2,14
176162,-7.809404,30,real,-1,9
176192,-31.788271,30,synthetic,2,9
176228,-3.467037,36,real,-1,15
176267,-1.640539,39,real,-1,18
176303,-8.288882,36,real,-1,15
176337,-16.095808,34,synthetic,0,13
176361,-22.084596,24,synthetic,0,3
176391,-0.757785,30,real,-1,9
176430,-11.834638,39,synthetic,0,18
176455,-18.990072,25,synthetic,0,4
176494,-3.851263,39,real,-1,18
176515,-6.882664,21,real,-1,0
176551,-16.324114,36,synthetic,0,15
176591,-9.352823,40,real,-1,19
176619,1.943337,28,real,-1,7
176653,-8.53617,34,real,-1,13
176689,-8.262104,36,real,-1,15
176720,-4.210189,31,real,-1,10
176743,-22.722234,23,synthetic,1,2
176772,-4.631586,29,real,-1,8
176805,-11.891626,33,synthetic,0,12
176838,-10.278616,33,synthetic,0,12
176870,0.072562,32,real,-1,11
176907,-1.590491,37,real,-1,16
176933,-17.806566,26,synthetic,0,5
176963,-4.675192,30,real,-1,9
176996,-32.91198,33,synthetic,2,12
177033,-3.127304,37,real,-1,16
177054,-7.022789,21,real,-1,0
177086,-19.119024,32,synthetic,1,11
177109,0.728411,23,real,-1,2
177137,-33.455573,28,synthetic,1,7
177172,-4.624469,35,real,-1,14
177203,1.46098,31,real,-1,10
177231,-36.565196,28,synthetic,2,7
177259,-13.033429,28,real,-1,7
177299,-28.785602,40,synthetic,1,19
177335,-23.730424,36,synthetic,1,15
177368,-4.129282,33,real,-1,12
177389,-1.04483,21,real,-1,0
177411,-5.154731,22,real,-1,1
177445,-16.27799,34,synthetic,1,13
177472,-28.445016,27,synthetic,1,6
177497,-10.94074,25,synthetic,0,4
177537,-8.650664,40,synthetic,0,19
177558,-0.284914,21,real,-1,0
177580,-2.876333,22,real,-1,1
177615,-1.805914,35,real,-1,14
177649,-10.149569,34,synthetic,0,13
177691,-3.491232,42,synthetic,0,21
177721,-4.222083,30,real,-1,9
177749,-35.856708,28,synthetic,1,7
177772,-35.769836,23,synthetic,2,2
177793,-42.176154,21,synthetic,2,0
177814,-42.419758,21,synthetic,2,0
177843,-5.490907,29,real,-1,8
177879,-7.302892,36,synthetic,0,15
177900,-37.212607,21,synthetic,2,0
177928,-13.899149,28,synthetic,0,7
177966,-6.063136,38,real,-1,17
177992,-2.603579,26,real,-1,5
178015,-24.715283,23,synthetic,1,2
178041,-23.169527,26,synthetic,1,5
178073,-39.290323,32,synthetic,2,11
178098,-8.315104,25,synthetic,0,4
178121,-10.345565,23,synthetic,0,2
178153,-34.663387,32,synthetic,2,11
178192,-10.853692,39,real,-1,18
178223,-21.389521,31,synthetic,1,10
178263,-9.672438,40,real,-1,19
178293,-13.978335,30,synthetic,0,9
178326,-30.46614,33,synthetic,1,12
178368,-4.683161,42,real,-1,21
178397,-24.827735,29,synthetic,1,8
178423,-4.918946,26,real,-1,5
178453,-4.406332,30,real,-1,9
178479,-7.299265,26,real,-1,5
178516,-5.935378,37,real,-1,16
178556,-5.286846,40,real,-1,19
178595,-4.248043,39,real,-1,18
178627,-5.233294,32,real,-1,11
178668,-7.367255,41,real,-1,20
178705,-2.145201,37,real,-1,16
178729,-1.067543,24,real,-1,3
178771,-9.451553,42,real,-1,21
178800,-14.388504,29,synthetic,1,8
178824,-21.234467,24,synthetic,1,3
178859,-1.800212,35,real,-1,14
178891,-47.830513,32,synthetic,2,11
178918,-1.438718,27,real,-1,6
178960,-9.400592,42,real,-1,21
178987,-6.688043,27,real,-1,6
179016,-28.590266,29,synthetic,2,8
179040,-1.984621,24,real,-1,3
179071,-12.093677,31,synthetic,0,10
179112,5.98649,41,real,-1,20
179136,-26.102087,24,synthetic,1,3
179175,-50.701781,39,synthetic,2,18
179204,-10.533186,29,real,-1,8
179234,-3.824565,30,real,-1,9
179266,-17.300192,32,synthetic,0,11
179299,-16.743287,33,synthetic,0,12
179320,-4.776429,21,real,-1,0
179342,0.210645,22,real,-1,1
179381,-53.828257,39,synthetic,2,18
179418,4.352338,37,real,-1,16
179442,-5.897995,24,real,-1,3
179474,-11.99526,32,synthetic,0,11
179500,-14.750978,26,synthetic,0,5
179538,-29.591549,38,synthetic,1,17
179566,-35.560745,28,synthetic,2,7
179597,-7.567536,31,real,-1,10
179637,-31.862929,40,synthetic,2,19
179674,-13.711922,37,synthetic,0,16
179713,-8.26237,39,real,-1,18
179742,-18.07269,29,synthetic,0,8
179776,-9.808584,34,real,-1,13
179797,-24.239109,21,synthetic,2,0
179837,-4.436282,40,real,-1,19
179878,-1.959804,41,real,-1,20
179919,-3.018986,41,real,-1,20
179949,-6.755538,30,real,-1,9
179989,-2.679114,40,real,-1,19
180028,-5.746307,39,real,-1,18
180049,-3.110759,21,real,-1,0
180074,-12.619106,25,synthetic,1,4
180106,-0.699109,32,real,-1,11
180127,0.904044,21,real,-1,0
180160,-37.199576,33,synthetic,1,12
180189,-15.44815,29,synthetic,1,8
180217,3.004524,28,real,-1,7
180255,0.670261,38,real,-1,17
180287,-1.922606,32,real,-1,11
180312,0.124026,25,real,-1,4
180339,-6.622099,27,real,-1,6
180364,-4.219435,25,real,-1,4
180388,-2.40771,24,real,-1,3
180409,-13.538866,21,synthetic,0,0
180432,-4.058863,23,real,-1,2
180456,-12.241961,24,synthetic,0,3
180496,-5.89637,40,real,-1,19
180534,-3.368853,38,real,-1,17
180573,-0.925145,39,real,-1,18
180602,-3.77058,29,real,-1,8
180644,-15.348596,42,synthetic,0,21
180667,-15.419753,23,synthetic,0,2
180696,-6.520028,29,real,-1,8
180729,-2.534919,33,real,-1,12
180751,-40.953916,22,synthetic,2,1
180788,-21.178884,37,synthetic,0,16
180829,-19.802392,41,synthetic,0,20
180860,3.379078,31,real,-1,10
180897,-6.496473,37,real,-1,16
180930,-7.912818,33,real,-1,12
180970,0.156278,40,real,-1,19
180993,-6.464818,23,real,-1,2
181021,-34.747446,28,synthetic,2,7
181046,-5.432673,25,real,-1,4
181087,-14.858725,41,synthetic,0,20
181126,2.568489,39,real,-1,18
181165,-5.947161,39,real,-1,18
181198,-31.261506,33,synthetic,2,12
181231,-37.212799,33,synthetic,2,12
181263,-18.335243,32,synthetic,1,11
181299,-9.242036,36,real,-1,15
181337,-4.943795,38,real,-1,17
181363,-4.148072,26,real,-1,5
181392,-4.28088,29,real,-1,8
181424,-5.864757,32,real,-1,11
181449,-3.752892,25,real,-1,4
181481,-25.367278,32,synthetic,2,11
181516,-14.58542,35,real,-1,14
181543,-12.021029,27,synthetic,0,6
181580,1.102602,37,real,-1,16
181603,-18.172282,23,synthetic,1,2
181634,-35.118281,31,synthetic,2,10
181675,-4.318787,41,synthetic,0,20
181708,-4.863468,33,real,-1,12
181745,-3.327625,37,real,-1,16
181779,-2.975535,34,real,-1,13
181806,-10.420708,27,synthetic,0,6
181828,-2.981768,22,real,-1,1
181868,-18.062912,40,synthetic,0,19
181895,4.334085,27,real,-1,6
181921,-28.486843,26,synthetic,2,5
181946,-6.554517,25,real,-1,4
181983,-20.102921,37,synthetic,1,16
182010,-13.034093,27,synthetic,0,6
182051,-33.89465,41,synthetic,2,20
182080,-7.485443,29,real,-1,8
182109,-30.817582,29,synthetic,2,8
182149,-11.884682,40,real,-1,19
182186,-2.363449,37,real,-1,16
182215,-1.587294,29,real,-1,8
182244,-21.987417,29,synthetic,1,8
182276,-26.863568,32,synthetic,1,11
182299,-15.37796,23,synthetic,0,2
182337,-1.103187,38,real,-1,17
182375,-28.310888,38,synthetic,2,17
182397,0.055469,22,real,-1,1
182419,-29.52918,22,synthetic,1,1
182447,-8.066793,28,real,-1,7
182482,2.023874,35,real,-1,14
182521,-13.201112,39,synthetic,0,18
182542,-17.832534,21,synthetic,1,0
182572,-8.378634,30,real,-1,9
182599,-2.577305,27,real,-1,6
182620,-44.405013,21,synthetic,2,0
182652,-32.765837,32,synthetic,2,11
182694,-13.485078,42,synthetic,0,21
182717,0.172289,23,real,-1,2
182753,-34.542549,36,synthetic,2,15
182780,0.067804,27,real,-1,6
182804,-5.26101,24,real,-1,3
182825,-10.593211,21,real,-1,0
182862,-13.086561,37,synthetic,0,16
182883,-0.944517,21,real,-1,0
182916,-24.366817,33,synthetic,2,12
182944,2.689002,28,real,-1,7
182975,2.584209,31,real,-1,10
183006,-5.005001,31,real,-1,10
183043,-3.417489,37,real,-1,16
183077,-0.498349,34,real,-1,13
183115,-29.639344,38,synthetic,1,17
183142,-5.640122,27,real,-1,6
183166,1.109806,24,real,-1,3
183199,-31.989659,33,synthetic,1,12
183239,-14.588753,40,synthetic,0,19
183266,-36.421076,27,synthetic,2,6
183290,-1.976912,24,real,-1,3
183316,-7.977175,26,synthetic,0,5
183358,-0.437943,42,real,-1,21
183398,-14.51737,40,synthetic,0,19
183433,-3.534244,35,real,-1,14
183469,-37.640623,36,synthetic,2,15
183511,-12.14777,42,synthetic,0,21
183544,2.63362,33,real,-1,12
183571,-28.041892,27,synthetic,1,6
183609,-34.762107,38,synthetic,2,17
183646,0.13836,37,synthetic,0,16
183682,-2.254933,36,real,-1,15
183703,-5.303838,21,real,-1,0
183739,-17.085591,36,synthetic,0,15
183762,-0.491486,23,real,-1,2
183794,-5.597758,32,real,-1,11
183816,-27.638951,22,synthetic,1,1
183846,3.410405,30,real,-1,9
183868,-12.028242,22,synthetic,0,1
183902,3.701788,34,real,-1,13
183937,-41.056709,35,synthetic,2,14
183966,-10.060871,29,synthetic,0,8
183994,-10.079954,28,real,-1,7
184017,-32.821463,23,synthetic,2,2
184057,-7.745229,40,synthetic,0,19
184087,-13.458461,30,synthetic,0,9
184129,-35.400019,42,synthetic,2,21
184159,-1.988203,30,real,-1,9
184198,2.506444,39,real,-1,18
184226,-14.410754,28,synthetic,0,7
184262,-0.122057,36,real,-1,15
184291,-12.022931,29,synthetic,0,8
184332,4.567463,41,real,-1,20
184361,-5.418716,29,synthetic,0,8
184403,-10.376988,42,real,-1,21
184441,-0.966176,38,real,-1,17
184480,-5.710754,39,real,-1,18
184516,-2.738037,36,real,-1,15
184553,-29.558994,37,synthetic,1,16
184584,5.386648,31,real,-1,10
184607,1.491046,23,real,-1,2
184636,-25.515812,29,synthetic,1,8
184662,-7.573178,26,real,-1,5
184688,-3.204812,26,real,-1,5
184718,-9.658497,30,synthetic,0,9
184749,-13.175413,31,synthetic,1,10
184771,-24.409297,22,synthetic,1,1
184804,-19.734519,33,synthetic,1,12
184832,-30.629983,28,synthetic,2,7
184871,-15.081067,39,synthetic,0,18
184913,-4.545303,42,real,-1,21
184939,-45.787128,26,synthetic,2,5
184967,-1.028657,28,real,-1,7
185006,-37.724096,39,synthetic,2,18
185047,-8.583112,41,synthetic,1,20
185085,-28.039215,38,synthetic,2,17
185120,-1.741045,35,real,-1,14
185145,-10.703881,25,real,-1,4
185179,-25.404792,34,synthetic,1,13
185212,-4.312715,33,real,-1,12
185253,-14.712316,41,synthetic,0,20
185292,-16.8647,39,real,-1,18
185327,2.666105,35,real,-1,14
185351,-22.598518,24,synthetic,1,3
185382,-34.909599,31,synthetic,1,10
185424,-8.566654,42,real,-1,21
185452,-2.178722,28,real,-1,7
185487,1.244849,35,real,-1,14
185514,-5.454243,27,real,-1,6
185544,-4.556348,30,real,-1,9
185572,-2.704635,28,real,-1,7
185611,-7.408664,39,synthetic,0,18
185646,-22.469868,35,synthetic,1,14
185668,-0.872299,22,real,-1,1
185695,-10.498478,27,synthetic,0,6
185721,-0.015074,26,real,-1,5
185759,-34.471573,38,synthetic,2,17
185794,-1.941692,35,real,-1,14
185816,-3.429429,22,real,-1,1
185844,-23.016741,28,synthetic,1,7
185871,-34.838938,27,synthetic,2,6
185901,-16.322837,30,synthetic,1,9
185927,-1.842099,26,real,-1,5
185963,-41.195851,36,synthetic,2,15
186003,-28.100402,40,synthetic,1,19
186045,-14.536329,42,synthetic,0,21
186084,-6.921108,39,real,-1,18
186119,-41.683511,35,synthetic,2,14
186140,-10.689356,21,synthetic,0,0
186173,-32.540312,33,synthetic,2,12
186199,-7.11452,26,real,-1,5
186238,-3.582023,39,real,-1,18
186261,-0.916561,23,real,-1,2
186286,0.210732,25,real,-1,4
186325,-32.602783,39,synthetic,2,18
186367,-8.850992,42,synthetic,1,21
186395,-2.784665,28,real,-1,7
186428,0.492393,33,real,-1,12
186469,-28.15873,41,synthetic,1,20
186501,-19.78133,32,synthetic,0,11
186527,-5.182811,26,real,-1,5
186564,1.949654,37,real,-1,16
186597,-38.208184,33,synthetic,2,12
186634,-41.18082,37,synthetic,2,16
186662,1.581406,28,real,-1,7
186687,-32.156145,25,synthetic,2,4
186727,-27.887521,40,synthetic,2,19
186750,-0.127116,23,real,-1,2
186790,-3.893489,40,real,-1,19
186823,-9.984914,33,real,-1,12
186853,-1.806526,30,real,-1,9
186892,-5.595496,39,real,-1,18
186915,-14.850566,23,synthetic,0,2
186943,-17.160221,28,synthetic,0,7
186969,-32.17371,26,synthetic,2,5
186990,-2.10392,21,real,-1,0
187032,-0.666009,42,real,-1,21
187073,-6.061139,41,real,-1,20
187110,-8.599872,37,real,-1,16
187136,-6.804843,26,real,-1,5
187174,-5.908902,38,real,-1,17
187199,-30.007276,25,synthetic,1,4
187221,-0.377041,22,real,-1,1
187242,-33.132366,21,synthetic,2,0
187269,4.326601,27,real,-1,6
187301,-25.842011,32,synthetic,1,11
187338,-6.146957,37,real,-1,16
187369,-18.508718,31,synthetic,1,10
187410,-28.351445,41,synthetic,1,20
187441,-33.39339,31,synthetic,2,10
187478,-32.580263,37,synthetic,2,16
187511,-4.425912,33,real,-1,12
187543,-4.936905,32,real,-1,11
187576,-23.644219,33,synthetic,0,12
187616,-21.2358,40,synthetic,1,19
187646,-7.245219,30,real,-1,9
187681,-5.813,35,real,-1,14
187710,-30.588356,29,synthetic,2,8
187746,-43.082152,36,synthetic,2,15
187783,-3.876302,37,real,-1,16
187805,-11.153874,22,real,-1,1
187829,-1.106735,24,real,-1,3
187860,-6.362434,31,real,-1,10
187900,-4.982117,40,real,-1,19
187941,-38.565563,41,synthetic,2,20
187974,-15.643052,33,synthetic,0,12
188010,-2.744779,36,real,-1,15
188034,-36.305255,24,synthetic,2,3
188064,-28.575608,30,synthetic,1,9
188091,5.295513,27,real,-1,6
188113,-11.581809,22,synthetic,0,1
188144,-2.227195,31,real,-1,10
188177,2.883571,33,real,-1,12
188218,-3.196133,41,real,-1,20
188244,-25.016079,26,synthetic,1,5
188277,-21.455346,33,synthetic,0,12
188303,-12.049829,26,synthetic,0,5
188344,-5.028763,41,real,-1,20
188375,-14.322739,31,synthetic,0,10
188398,0.319544,23,real,-1,2
188432,5.459184,34,real,-1,13
188474,-4.108671,42,real,-1,21
188502,-35.009588,28,synthetic,2,7
188529,-46.011166,27,synthetic,2,6
188568,-22.306718,39,synthetic,1,18
188603,0.893297,35,real,-1,14
188636,-1.275975,33,real,-1,12
188673,-9.733623,37,synthetic,0,16
188713,-7.502541,40,synthetic,0,19
188752,-2.87013,39,real,-1,18
188784,-41.793728,32,synthetic,2,11
188821,-35.777556,37,synthetic,2,16
188848,3.831106,27,real,-1,6
188878,-33.230612,30,synthetic,2,9
188910,-6.496431,32,real,-1,11
188947,-4.568013,37,real,-1,16
188969,-2.84431,22,real,-1,1
189008,-4.179904,39,real,-1,18
189033,-37.677048,25,synthetic,2,4
189054,-26.779791,21,synthetic,1,0
189084,-6.258594,30,real,-1,9
189123,-37.418602,39,synthetic,1,18
189163,-35.301503,40,synthetic,1,19
189186,0.267546,23,real,-1,2
189219,-11.362899,33,synthetic,0,12
189254,1.167791,35,real,-1,14
189289,-4.753512,35,real,-1,14
189313,-4.023082,24,real,-1,3
189337,-9.96837,24,synthetic,0,3
189374,-24.227754,37,synthetic,1,16
189412,-44.987746,38,synthetic,2,17
189440,-7.589719,28,real,-1,7
189474,-3.255194,34,real,-1,13
189511,-36.025482,37,synthetic,2,16
189545,-6.646057,34,real,-1,13
189566,-3.311136,21,real,-1,0
189598,-4.422205,32,real,-1,11
189632,-6.14576,34,real,-1,13
189662,-27.1228,30,synthetic,2,9
189704,-3.563398,42,real,-1,21
189732,1.608445,28,real,-1,7
189772,-34.855798,40,synthetic,2,19
189795,-26.448598,23,synthetic,1,2
189827,-1.160581,32,real,-1,11
189858,-4.27632,31,real,-1,10
189880,-27.098005,22,synthetic,1,1
189905,-17.43419,25,synthetic,0,4
189936,-19.66762,31,synthetic,0,10
189970,-24.523812,34,synthetic,1,13
190002,-30.397937,32,synthetic,2,11
190034,-33.364413,32,synthetic,2,11
190072,-4.851154,38,real,-1,17
190110,-16.857923,38,synthetic,0,17
190146,-26.604467,36,synthetic,1,15
190187,-6.254338,41,real,-1,20
190212,-33.562088,25,synthetic,2,4
190243,0.205242,31,real,-1,10
190274,-32.05314,31,synthetic,2,10
190312,-19.56241,38,synthetic,1,17
190342,-38.32709,30,synthetic,2,9
190384,-10.390058,42,synthetic,0,21
190414,-2.834396,30,real,-1,9
190444,0.754954,30,real,-1,9
190477,-4.576955,33,synthetic,0,12
190513,-4.656574,36,real,-1,15
190555,-7.005476,42,real,-1,21
190588,-2.279141,33,real,-1,12
190619,-4.628493,31,real,-1,10
190660,-22.621812,41,synthetic,1,20
190683,-31.6393,23,synthetic,2,2
190722,-15.893548,39,synthetic,0,18
190764,-3.794176,42,real,-1,21
190805,-4.772623,41,real,-1,20
190844,-3.988012,39,real,-1,18
190868,-38.704447,24,synthetic,2,3
190893,-3.618769,25,real,-1,4
190935,-6.154079,42,real,-1,21
190960,-16.651179,25,synthetic,1,4
190989,-12.886443,29,synthetic,0,8
191031,2.796471,42,real,-1,21
191059,-36.491886,28,synthetic,1,7
191098,-4.542046,39,real,-1,18
191132,-12.259413,34,synthetic,0,13
191161,-7.733462,29,real,-1,8
191191,-46.489371,30,synthetic,2,9
191233,-8.651078,42,real,-1,21
191270,-1.327347,37,real,-1,16
191296,-5.937285,26,synthetic,0,5
191330,-21.302808,34,synthetic,2,13
191367,-41.818549,37,synthetic,2,16
191403,-5.805452,36,real,-1,15
191427,-2.746999,24,real,-1,3
191460,-35.583203,33,synthetic,2,12
191494,-8.295967,34,real,-1,13
191525,-7.572977,31,synthetic,0,10
191553,-34.458595,28,synthetic,2,7
191588,-25.104174,35,synthetic,1,14
191628,4.442966,40,real,-1,19
191653,-8.058242,25,real,-1,4
191682,-4.61733,29,real,-1,8
191707,-10.047481,25,real,-1,4
191738,1.757319,31,real,-1,10
191767,-4.268474,29,real,-1,8
191797,1.163524,30,real,-1,9
191825,-17.275189,28,synthetic,1,7
191848,-10.360155,23,synthetic,0,2
191886,-39.118356,38,synthetic,2,17
191908,0.845806,22,real,-1,1
191943,0.640194,35,real,-1,14
191985,-13.608376,42,real,-1,21
192016,-41.244661,31,synthetic,2,10
192038,-18.312063,22,synthetic,1,1
192064,-6.71788,26,synthetic,0,5
192088,-4.352508,24,real,-1,3
192125,-4.110197,37,real,-1,16
192156,1.878618,31,real,-1,10
192194,-10.082879,38,real,-1,17
192234,-14.938252,40,real,-1,19
192276,-4.527533,42,real,-1,21
192311,-7.297681,35,real,-1,14
192333,-0.758447,22,real,-1,1
192369,-17.285989,36,synthetic,0,15
192408,-13.275996,39,synthetic,0,18
192431,-26.746976,23,synthetic,2,2
192468,2.381961,37,real,-1,16
192508,-5.980088,40,real,-1,19
192537,-4.913937,29,real,-1,8
192576,-38.867817,39,synthetic,2,18
192615,2.934199,39,real,-1,18
192642,-31.016898,27,synthetic,2,6
192683,-1.626495,41,real,-1,20
192706,2.476817,23,real,-1,2
192744,-3.241728,38,real,-1,17
192782,-13.782915,38,synthetic,0,17
192812,-43.180133,30,synthetic,2,9
192850,-13.607568,38,synthetic,1,17
192878,-0.405209,28,real,-1,7
192904,-10.749303,26,synthetic,0,5
192937,-34.323951,33,synthetic,2,12
192965,-6.438684,28,synthetic,0,7
193002,-6.414738,37,real,-1,16
193040,-3.474622,38,real,-1,17
193065,-16.522259,25,synthetic,0,4
193093,-0.795123,28,real,-1,7
193120,-2.788917,27,real,-1,6
193146,0.842228,26,real,-1,5
193183,-7.193428,37,real,-1,16
193213,-31.359102,30,synthetic,2,9
193252,-1.760487,39,real,-1,18
193276,-18.174515,24,synthetic,0,3
193304,-4.320481,28,real,-1,7
193332,-27.869299,28,synthetic,2,7
193369,-10.682572,37,real,-1,16
193411,-0.222668,42,real,-1,21
193452,-33.49821,41,synthetic,2,20
193477,-8.073713,25,real,-1,4
193510,0.511237,33,real,-1,12
193543,-2.524044,33,real,-1,12
193574,-13.475881,31,synthetic,0,10
193605,-4.948089,31,real,-1,10
193644,-32.620163,39,synthetic,2,18
193675,-1.143327,31,real,-1,10
193707,-2.018478,32,real,-1,11
193730,-3.778092,23,real,-1,2
193762,-34.669087,32,synthetic,2,11
193786,-31.608418,24,synthetic,2,3
193810,-16.0315,24,synthetic,1,3
193841,-7.473675,31,real,-1,10
193862,-37.394104,21,synthetic,2,0
193893,-26.862923,31,synthetic,2,10
193935,-11.475281,42,real,-1,21
193964,-3.272221,29,real,-1,8
193999,-5.178237,35,synthetic,0,14
194031,-1.484756,32,real,-1,11
194067,-7.49179,36,real,-1,15
194100,1.302655,33,real,-1,12
194132,-31.43655,32,synthetic,1,11
194157,-9.952458,25,synthetic,0,4
194195,-27.180332,38,synthetic,1,17
194216,-1.132815,21,real,-1,0
194257,-6.904216,41,real,-1,20
194289,-25.678103,32,synthetic,1,11
194318,-14.761062,29,synthetic,0,8
194345,-12.129398,27,synthetic,0,6
194382,-1.737368,37,real,-1,16
194407,-2.995173,25,real,-1,4
194429,1.613285,22,real,-1,1
194467,-11.166508,38,real,-1,17
194507,-1.26861,40,real,-1,19
194548,-9.066277,41,synthetic,0,20
194579,-7.515495,31,synthetic,0,10
194614,-30.916291,35,synthetic,2,14
194644,-34.394467,30,synthetic,2,9
194684,-10.482759,40,real,-1,19
194714,-2.810988,30,real,-1,9
194755,-8.738407,41,real,-1,20
194783,-4.709885,28,real,-1,7
194813,-19.538918,30,synthetic,1,9
194846,-2.187089,33,real,-1,12
194881,-25.10505,35,synthetic,1,14
194918,0.553022,37,real,-1,16
194959,-16.494043,41,synthetic,1,20
194988,-23.428676,29,synthetic,1,8
195027,-37.968467,39,synthetic,2,18
195059,-10.897145,32,synthetic,0,11
195099,-7.553987,40,real,-1,19
195141,-7.748555,42,real,-1,21
195162,2.001023,21,real,-1,0
195190,-0.120368,28,real,-1,7
195219,-30.708383,29,synthetic,1,8
195246,1.276329,27,real,-1,6
195281,-2.023485,35,real,-1,14
195304,-33.086218,23,synthetic,2,2
195329,-10.881733,25,real,-1,4
195366,-25.79818,37,synthetic,2,16
195387,-38.409354,21,synthetic,2,0
195414,-2.396583,27,real,-1,6
195442,2.4796,28,real,-1,7
195464,-25.612558,22,synthetic,1,1
195491,-11.5662,27,synthetic,0,6
195514,-33.992903,23,synthetic,2,2
195551,-27.351705,37,synthetic,1,16
195575,-18.935905,24,synthetic,0,3
195604,-27.857621,29,synthetic,1,8
195645,-59.795267,41,synthetic,2,20
195672,-22.467126,27,synthetic,2,6
195705,-9.422235,33,real,-1,12
195740,-3.857781,35,real,-1,14
195764,-4.508012,24,real,-1,3
195799,-4.633605,35,real,-1,14
195822,6.829265,23,real,-1,2
195859,-4.553605,37,real,-1,16
195898,-8.203257,39,real,-1,18
195938,-21.562552,40,synthetic,1,19
195964,-12.504178,26,synthetic,0,5
195985,-23.466763,21,synthetic,1,0
196007,-0.883326,22,real,-1,1
196049,-35.829312,42,synthetic,2,21
196084,-6.582484,35,real,-1,14
196122,-10.685207,38,synthetic,0,17
196150,-4.501937,28,real,-1,7
196182,-10.007387,32,synthetic,0,11
196211,-1.643583,29,real,-1,8
196252,-1.945048,41,real,-1,20
196282,-22.025877,30,synthetic,1,9
196308,-22.10631,26,synthetic,1,5
196335,-9.555225,27,synthetic,0,6
196356,-15.424295,21,synthetic,1,0
196398,-16.220538,42,synthetic,0,21
196420,-25.132717,22,synthetic,1,1
196452,-40.26336,32,synthetic,2,11
196475,-14.786064,23,synthetic,1,2
196499,-5.155847,24,real,-1,3
196530,-0.609589,31,real,-1,10
196560,-12.673444,30,synthetic,0,9
196581,2.308558,21,real,-1,0
196602,-31.611892,21,synthetic,2,0
196628,-30.77092,26,synthetic,1,5
196652,0.186598,24,real,-1,3
196687,-29.731487,35,synthetic,1,14
196720,-1.793854,33,real,-1,12
196745,-26.548992,25,synthetic,1,4
196772,-33.458475,27,synthetic,2,6
196798,-32.501567,26,synthetic,2,5
196820,-13.725146,22,synthetic,0,1
196860,4.37064,40,real,-1,19
196898,-36.22783,38,synthetic,1,17
196921,-30.037869,23,synthetic,2,2
196961,-31.764184,40,synthetic,2,19
196988,-1.714942,27,real,-1,6
197015,-8.225878,27,real,-1,6
197045,3.648397,30,real,-1,9
197087,-22.824025,42,synthetic,1,21
197126,-18.314648,39,synthetic,1,18
197162,5.913944,36,real,-1,15
197190,-4.765474,28,real,-1,7
197228,-41.810889,38,synthetic,2,17
197258,-2.505558,30,real,-1,9
197289,-47.469901,31,synthetic,2,10
197314,-5.92258,25,real,-1,4
197341,-8.367352,27,synthetic,0,6
197363,-1.800518,22,real,-1,1
197389,-6.080167,26,real,-1,5
197430,-7.451367,41,real,-1,20
197461,-6.156685,31,real,-1,10
197487,1.923652,26,real,-1,5
197510,3.883246,23,real,-1,2
197549,-7.668505,39,real,-1,18
197580,-27.258394,31,synthetic,1,10
197605,-2.369832,25,real,-1,4
197628,-10.15442,23,real,-1,2
197664,-2.197477,36,real,-1,15
197706,-8.381555,42,real,-1,21
197743,-4.088991,37,real,-1,16
197785,-4.628884,42,real,-1,21
197812,-37.077769,27,synthetic,2,6
197854,2.364224,42,real,-1,21
197887,-2.021102,33,real,-1,12
197914,-21.481092,27,synthetic,1,6
197947,-0.359407,33,real,-1,12
197985,-23.601627,38,synthetic,1,17
198026,-3.519191,41,real,-1,20
198068,-10.231092,42,real,-1,21
198103,-13.195112,35,real,-1,14
198134,1.297758,31,real,-1,10
198164,-33.754113,30,synthetic,2,9
198197,-7.537899,33,real,-1,12
198227,-2.30428,30,real,-1,9
198265,-0.133593,38,real,-1,17
198303,-14.076707,38,synthetic,1,17
198325,-3.673922,22,real,-1,1
198355,-1.120967,30,real,-1,9
198393,-42.075639,38,synthetic,2,17
198421,-39.45349,28,synthetic,2,7
198456,-1.833053,35,real,-1,14
198489,-8.203353,33,real,-1,12
198517,-7.783511,28,real,-1,7
198551,-6.255621,34,real,-1,13
198587,-2.620047,36,real,-1,15
198613,-13.345086,26,synthetic,0,5
198634,-3.510857,21,real,-1,0
198667,-2.99354,33,real,-1,12
198704,-0.220178,37,real,-1,16
198734,-20.046764,30,synthetic,0,9
198774,-20.274996,40,synthetic,0,19
198803,-39.222951,29,synthetic,2,8
198834,-31.491359,31,synthetic,1,10
198862,-5.43875,28,real,-1,7
198902,-6.191917,40,real,-1,19
198927,-4.953235,25,real,-1,4
198957,-6.064803,30,real,-1,9
198981,-8.702614,24,synthetic,0,3
199015,-0.707213,34,real,-1,13
199055,-19.461504,40,synthetic,1,19
199084,-9.771007,29,synthetic,0,8
199115,3.538329,31,real,-1,10
199142,-14.344221,27,synthetic,0,6
199175,-10.232251,33,real,-1,12
199206,-33.163057,31,synthetic,2,10
199234,-45.104571,28,synthetic,2,7
199261,-35.140211,27,synthetic,2,6
199297,-4.120306,36,real,-1,15
199328,-18.320321,31,synthetic,0,10
199362,-32.407132,34,synthetic,1,13
199389,-1.899171,27,real,-1,6
199431,0.147364,42,real,-1,21
199468,-57.900811,37,synthetic,2,16
199500,-3.785024,32,real,-1,11
199522,-30.644362,22,synthetic,2,1
199550,-9.447135,28,real,-1,7
199571,-1.729635,21,real,-1,0
199607,-28.210343,36,synthetic,1,15
199648,-5.290231,41,real,-1,20
199677,-12.980337,29,synthetic,0,8
199704,-3.231155,27,real,-1,6
199745,-12.241517,41,synthetic,0,20
199769,-17.26549,24,synthetic,0,3
199810,-17.970685,41,synthetic,0,20
199844,-29.641409,34,synthetic,1,13
199876,-9.599577,32,real,-1,11
199917,-31.706822,41,synthetic,2,20
199951,-40.159714,34,synthetic,2,13
199987,1.590315,36,real,-1,15
200023,-4.624522,36,real,-1,15
200050,-0.336521,27,real,-1,6
200090,-37.113242,40,synthetic,2,19
200120,-3.705289,30,real,-1,9
200155,-30.535189,35,synthetic,1,14
200190,1.346336,35,real,-1,14
200213,-3.29885,23,real,-1,2
200252,-16.151497,39,synthetic,0,18
200290,-3.013885,38,real,-1,17
200314,-14.493205,24,synthetic,0,3
200350,-34.874479,36,synthetic,1,15
200372,0.465945,22,real,-1,1
200413,-1.410139,41,real,-1,20
200436,-26.755656,23,synthetic,1,2
200462,-15.535373,26,synthetic,0,5
200490,0.474858,28,real,-1,7
200528,4.609483,38,real,-1,17
200551,-0.498664,23,real,-1,2
200589,-7.644251,38,real,-1,17
200620,2.778635,31,real,-1,10
200659,7.479894,39,real,-1,18
200695,-5.448376,36,real,-1,15
200724,0.34164,29,real,-1,8
200752,-3.527473,28,real,-1,7
200786,2.223896,34,real,-1,13
200818,1.478752,32,real,-1,11
200842,-8.678033,24,real,-1,3
200872,-35.603381,30,synthetic,2,9
200913,-16.737795,41,synthetic,0,20
200944,4.078248,31,real,-1,10
200984,-31.633511,40,synthetic,2,19
201006,-6.828709,22,real,-1,1
201036,-0.082772,30,real,-1,9
201074,1.124807,38,real,-1,17
201103,-5.08539,29,real,-1,8
201144,-25.126086,41,synthetic,1,20
201176,1.480897,32,real,-1,11
201202,1.119875,26,real,-1,5
201244,-26.050164,42,synthetic,1,21
201265,-15.787306,21,synthetic,0,0
201294,-8.227632,29,real,-1,8
201315,-29.421016,21,synthetic,2,0
201339,0.866094,24,real,-1,3
201380,-0.441541,41,real,-1,20
201413,2.156285,33,real,-1,12
201436,-30.893587,23,synthetic,1,2
201467,-4.651179,31,real,-1,10
201497,0.567815,30,real,-1,9
201537,-17.840039,40,synthetic,1,19
201561,-18.081689,24,synthetic,0,3
201603,-10.337746,42,real,-1,21
201634,-2.958922,31,real,-1,10
201673,-2.331664,39,real,-1,18
201703,-35.177531,30,synthetic,2,9
201739,-41.901122,36,synthetic,2,15
201766,-11.025816,27,synthetic,0,6
201794,1.943878,28,real,-1,7
201815,-0.737448,21,real,-1,0
201840,7.521791,25,real,-1,4
201868,-23.673059,28,synthetic,1,7
201889,-31.029545,21,synthetic,2,0
201921,-1.607378,32,real,-1,11
201948,3.183506,27,real,-1,6
201979,-29.584572,31,synthetic,1,10
202002,-4.845093,23,real,-1,2
202040,-21.315031,38,synthetic,1,17
202064,-3.190165,24,real,-1,3
202096,-2.224777,32,real,-1,11
202124,-13.537404,28,synthetic,0,7
202166,-9.792637,42,real,-1,21
202190,-23.94328,24,synthetic,2,3
202231,-13.728027,41,synthetic,0,20
202268,-33.382145,37,synthetic,2,16
202303,-7.67904,35,real,-1,14
202324,-2.335944,21,real,-1,0
202360,-2.139746,36,real,-1,15
202399,-3.03442,39,real,-1,18
202435,-30.234981,36,synthetic,1,15
202463,-36.649139,28,synthetic,2,7
202501,-16.089918,38,synthetic,0,17
202526,-32.654514,25,synthetic,2,4
202564,-21.424907,38,synthetic,0,17
202597,-7.388187,33,real,-1,12
202625,0.617923,28,real,-1,7
202649,-23.003038,24,synthetic,1,3
202673,-20.090146,24,synthetic,0,3
202712,-12.417127,39,real,-1,18
202754,-19.273805,42,synthetic,1,21
202776,5.885174,22,real,-1,1
202817,-11.684813,41,real,-1,20
202852,-4.868466,35,real,-1,14
202887,-32.478856,35,synthetic,2,14
202910,-2.767916,23,real,-1,2
202940,-36.407021,30,synthetic,2,9
202963,-4.222929,23,real,-1,2
202988,-2.593267,25,synthetic,0,4
203011,-36.317069,23,synthetic,2,2
203053,-0.574383,42,real,-1,21
203083,2.70161,30,real,-1,9
203122,-30.541815,39,synthetic,1,18
203161,-19.380532,39,synthetic,1,18
203182,3.237218,21,real,-1,0
203206,-4.119976,24,real,-1,3
203246,-19.055563,40,synthetic,0,19
203286,-10.944149,40,synthetic,0,19
203312,3.095715,26,real,-1,5
203353,-8.770425,41,synthetic,0,20
203374,-30.106786,21,synthetic,1,0
203410,-8.634911,36,real,-1,15
203447,-10.319481,37,synthetic,0,16
203469,-7.912467,22,synthetic,0,1
203505,-1.754329,36,real,-1,15
203537,-17.236208,32,synthetic,0,11
203578,-24.730767,41,synthetic,1,20
203614,-16.018496,36,synthetic,0,15
203641,-20.685354,27,synthetic,1,6
203681,-10.313894,40,real,-1,19
203704,-32.403854,23,synthetic,2,2
203732,-6.59094,28,real,-1,7
203773,-12.324923,41,synthetic,0,20
203815,-15.491155,42,synthetic,0,21
203852,-7.462111,37,real,-1,16
203889,2.79015,37,real,-1,16
203925,-2.391022,36,real,-1,15
203965,2.520784,40,real,-1,19
204005,-2.077356,40,real,-1,19
204038,-1.108269,33,real,-1,12
204065,-4.626809,27,real,-1,6
204096,-1.070292,31,real,-1,10
204137,-0.519497,41,real,-1,20
204162,-13.498267,25,synthetic,0,4
204188,-3.316924,26,real,-1,5
204230,-0.349077,42,real,-1,21
204271,-4.873766,41,real,-1,20
204299,3.278384,28,real,-1,7
204339,-5.799016,40,real,-1,19
204376,-5.734647,37,real,-1,16
204412,-11.585663,36,real,-1,15
204448,0.258934,36,real,-1,15
204488,-16.449822,40,synthetic,1,19
204511,-48.262806,23,synthetic,2,2
204549,-0.617312,38,real,-1,17
204573,-15.239385,24,synthetic,0,3
204595,-1.429569,22,real,-1,1
204623,-30.04036,28,synthetic,1,7
204659,-0.799643,36,real,-1,15
204683,-13.866565,24,real,-1,3
204716,-22.254831,33,synthetic,1,12
204744,-4.900588,28,real,-1,7
204767,-18.148621,23,synthetic,1,2
204796,-19.879488,29,synthetic,1,8
204832,-12.463716,36,synthetic,0,15
204867,-4.438221,35,real,-1,14
204906,-5.44911,39,real,-1,18
204944,-12.911928,38,real,-1,17
204965,-0.865658,21,real,-1,0
204989,3.898756,24,real,-1,3
205027,-9.928252,38,real,-1,17
205056,-7.226075,29,real,-1,8
205091,-21.455871,35,synthetic,1,14
205122,-4.9734,31,real,-1,10
205153,-6.21415,31,real,-1,10
205180,4.654485,27,real,-1,6
205216,-5.438293,36,real,-1,15
205249,-6.103936,33,real,-1,12
205285,-9.455297,36,synthetic,0,15
205324,-2.072454,39,real,-1,18
205363,-19.744775,39,synthetic,1,18
205392,-3.928166,29,real,-1,8
205420,-16.019287,28,synthetic,1,7
205441,-34.233602,21,synthetic,2,0
205464,-2.801879,23,real,-1,2
205501,-9.322828,37,synthetic,0,16
205524,-10.525965,23,synthetic,0,2
205547,-15.524566,23,synthetic,0,2
205588,-0.11833,41,real,-1,20
205617,-1.978838,29,real,-1,8
205646,-7.899771,29,real,-1,8
205685,-21.538386,39,synthetic,0,18
205727,-33.049618,42,synthetic,2,21
205749,-5.042121,22,real,-1,1
205780,-7.323615,31,real,-1,10
205809,-37.968232,29,synthetic,2,8
205830,-34.443691,21,synthetic,1,0
205862,-4.08827,32,real,-1,11
205887,-28.55401,25,synthetic,2,4
205917,-4.817712,30,synthetic,0,9
205957,-0.794807,40,real,-1,19
205985,-6.155979,28,real,-1,7
206018,-12.700936,33,synthetic,0,12
206049,-38.66001,31,synthetic,2,10
206082,-13.157403,33,synthetic,0,12
206120,-15.897125,38,synthetic,0,17
206154,-37.256663,34,synthetic,2,13
206187,-0.4236,33,real,-1,12
206218,-8.430614,31,real,-1,10
206252,0.47703,34,real,-1,13
206288,-19.566758,36,synthetic,1,15
206322,-22.3394,34,synthetic,1,13
206355,-41.264863,33,synthetic,2,12
206393,-40.928442,38,synthetic,2,17
206420,-2.97743,27,real,-1,6
206444,-17.282571,24,synthetic,1,3
206478,-29.291065,34,synthetic,2,13
206503,-18.09708,25,synthetic,0,4
206531,-14.593324,28,synthetic,0,7
206557,0.17686,26,real,-1,5
206597,-15.083454,40,synthetic,0,19
206626,-11.787548,29,real,-1,8
206650,-25.423006,24,synthetic,1,3
206690,-11.344009,40,real,-1,19
206732,-5.943024,42,real,-1,21
206766,-23.173317,34,synthetic,1,13
206800,-9.187426,34,real,-1,13
206831,-29.866899,31,synthetic,2,10
206862,-7.967993,31,synthetic,0,10
206896,-33.284548,34,synthetic,1,13
206935,-37.077068,39,synthetic,1,18
206971,-13.586521,36,synthetic,0,15
206994,-32.029125,23,synthetic,1,2
207028,-0.595304,34,real,-1,13
207062,-17.712663,34,synthetic,0,13
207104,-19.804222,42,real,-1,21
207135,-11.719089,31,synthetic,0,10
207158,-29.124513,23,synthetic,1,2
207185,-1.300432,27,real,-1,6
207215,-30.272309,30,synthetic,1,9
207248,-8.737659,33,synthetic,0,12
207270,-28.539859,22,synthetic,2,1
207297,-12.740195,27,synthetic,0,6
207323,1.959443,26,real,-1,5
207353,-5.591083,30,real,-1,9
207386,-11.125368,33,synthetic,0,12
207411,-7.987437,25,synthetic,0,4
207438,-13.750043,27,synthetic,0,6
207472,-4.997905,34,real,-1,13
207501,-2.320996,29,real,-1,8
207527,-4.91125,26,real,-1,5
207567,-8.687143,40,synthetic,0,19
207600,-8.403973,33,synthetic,0,12
207642,-3.931542,42,real,-1,21
207669,-20.332334,27,synthetic,1,6
207695,-26.074773,26,synthetic,1,5
207723,-8.990914,28,real,-1,7
207748,-11.406246,25,synthetic,0,4
207784,-3.098976,36,real,-1,15
207809,-28.984663,25,synthetic,2,4
207834,-29.773523,25,synthetic,1,4
207876,-3.665019,42,synthetic,0,21
207911,-16.910037,35,synthetic,0,14
207949,-23.371074,38,synthetic,1,17
207987,3.316882,38,real,-1,17
208024,-17.217961,37,synthetic,1,16
208066,3.995557,42,real,-1,21
208089,-30.432967,23,synthetic,2,2
208121,-0.493531,32,real,-1,11
208158,-17.457433,37,synthetic,0,16
208184,-13.624551,26,synthetic,0,5
208220,-2.694759,36,real,-1,15
208251,-14.797499,31,synthetic,1,10
208277,-30.176604,26,synthetic,1,5
208301,-14.27394,24,synthetic,0,3
208340,-29.576558,39,synthetic,2,18
208377,-29.980562,37,synthetic,2,16
208418,-29.459277,41,synthetic,1,20
208440,-33.872379,22,synthetic,2,1
208478,-3.85242,38,real,-1,17
208513,-7.45841,35,synthetic,0,14
208551,-24.323464,38,synthetic,1,17
208573,-26.581356,22,synthetic,2,1
208599,-36.745376,26,synthetic,2,5
208636,-38.262184,37,synthetic,1,16
208659,-6.573976,23,synthetic,0,2
208690,0.117606,31,real,-1,10
208715,-3.647692,25,real,-1,4
208745,-2.996933,30,real,-1,9
208782,-21.496192,37,synthetic,1,16
208809,-18.684063,27,synthetic,0,6
208838,-13.954191,29,real,-1,8
208871,-9.390588,33,real,-1,12
208904,-43.877147,33,synthetic,2,12
208935,-18.245416,31,synthetic,1,10
208965,-31.922587,30,synthetic,2,9
209001,-10.637806,36,synthetic,0,15
209035,-1.501457,34,real,-1,13
209061,-45.449824,26,synthetic,2,5
209087,1.298409,26,real,-1,5
209115,-0.614098,28,real,-1,7
209148,-26.573744,33,synthetic,2,12
209184,-41.059752,36,synthetic,2,15
209223,-7.831782,39,real,-1,18
209248,-3.16698,25,real,-1,4
209289,-9.370214,41,real,-1,20
209316,-32.488994,27,synthetic,1,6
209343,-11.977666,27,synthetic,0,6
209382,-34.200192,39,synthetic,2,18
209407,-4.949637,25,real,-1,4
209435,-25.017621,28,synthetic,1,7
209464,-3.294309,29,real,-1,8
209506,-1.816628,42,real,-1,21
209528,-23.428824,22,synthetic,1,1
209550,1.177886,22,real,-1,1
209584,0.74428,34,real,-1,13
209623,-15.362681,39,synthetic,0,18
209648,-40.420605,25,synthetic,2,4
209678,1.559305,30,real,-1,9
209704,-2.770997,26,real,-1,5
209734,-9.549432,30,synthetic,0,9
209755,-22.585789,21,synthetic,1,0
209782,-3.343439,27,real,-1,6
209822,-9.905369,40,synthetic,0,19
209861,-12.313097,39,synthetic,0,18
209901,-3.090349,40,real,-1,19
209926,-35.569763,25,synthetic,2,4
209956,-4.754495,30,real,-1,9
209996,-28.156163,40,synthetic,2,19
210027,-22.445842,31,synthetic,1,10
210056,-45.195326,29,synthetic,2,8
210094,-10.450325,38,real,-1,17
210136,-10.621847,42,real,-1,21
210176,-5.478786,40,real,-1,19
210207,-40.217576,31,synthetic,2,10
210236,-45.730433,29,synthetic,2,8
210260,-7.457984,24,synthetic,0,3
210302,-6.250262,42,real,-1,21
210339,-15.985074,37,synthetic,0,16
210363,-23.6983,24,synthetic,2,3
210391,-8.643913,28,synthetic,0,7
210417,-0.138935,26,real,-1,5
210439,-1.765682,22,real,-1,1
210475,-14.555448,36,synthetic,0,15
210517,-1.697235,42,real,-1,21
210554,-12.172729,37,synthetic,0,16
210576,-3.868284,22,real,-1,1
210607,-43.035407,31,synthetic,2,10
210638,-12.155298,31,synthetic,0,10
210663,1.370099,25,real,-1,4
210704,-4.486205,41,real,-1,20
210740,-6.687131,36,real,-1,15
210769,-21.945367,29,synthetic,1,8
210795,2.551694,26,real,-1,5
210826,-43.207126,31,synthetic,2,10
210862,-13.718444,36,synthetic,0,15
210887,-9.198653,25,synthetic,0,4
210920,-22.450254,33,synthetic,1,12
210945,4.18098,25,real,-1,4
210974,-5.09053,29,real,-1,8
211007,-6.690999,33,real,-1,12
211049,-13.021195,42,synthetic,0,21
211073,-35.099647,24,synthetic,2,3
211108,4.054842,35,real,-1,14
211141,-10.557466,33,synthetic,0,12
211162,2.121117,21,real,-1,0
211193,4.01771,31,real,-1,10
211232,-34.712303,39,synthetic,1,18
211274,-16.157816,42,synthetic,0,21
211314,-19.882177,40,synthetic,1,19
211342,-25.187246,28,synthetic,1,7
211365,3.213841,23,real,-1,2
211390,-0.973917,25,real,-1,4
211418,-15.387621,28,synthetic,1,7
211454,-19.236513,36,synthetic,0,15
211489,-8.408325,35,synthetic,0,14
211513,-3.264894,24,real,-1,3
211542,-6.269158,29,real,-1,8
211570,-0.070231,28,real,-1,7
211606,-21.385164,36,synthetic,2,15
211636,-21.634298,30,synthetic,1,9
211678,-4.792691,42,real,-1,21
211708,-7.260721,30,real,-1,9
211740,-0.888987,32,real,-1,11
211774,-11.428072,34,synthetic,0,13
211815,-11.097751,41,synthetic,0,20
211854,-2.51028,39,real,-1,18
211879,-13.751087,25,synthetic,0,4
211910,-29.06062,31,synthetic,2,10
211939,-2.913105,29,real,-1,8
211973,-11.395362,34,synthetic,0,13
211994,-36.479912,21,synthetic,2,0
212030,-18.928023,36,synthetic,1,15
212060,-0.602947,30,real,-1,9
212098,-25.586494,38,synthetic,1,17
212131,0.909477,33,real,-1,12
212166,-16.463893,35,synthetic,0,14
212202,-2.069729,36,real,-1,15
212223,-8.314251,21,real,-1,0
212260,-13.630295,37,real,-1,16
212294,-0.306624,34,real,-1,13
212315,-28.790448,21,synthetic,2,0
212348,-18.631086,33,synthetic,0,12
212379,-32.154445,31,synthetic,1,10
212416,3.987633,37,real,-1,16
212438,-19.270974,22,synthetic,1,1
212470,-27.732666,32,synthetic,1,11
212491,-22.137636,21,synthetic,1,0
212523,-27.071489,32,synthetic,1,11
212544,-1.367429,21,real,-1,0
212574,4.765224,30,real,-1,9
212614,-27.615565,40,synthetic,1,19
212654,6.496744,40,real,-1,19
212688,-3.878222,34,real,-1,13
212730,-30.64925,42,synthetic,2,21
212753,-28.192389,23,synthetic,2,2
212792,-37.165409,39,synthetic,2,18
212834,-29.646726,42,synthetic,1,21
212855,-0.319773,21,real,-1,0
212893,1.240856,38,real,-1,17
212919,-5.443296,26,real,-1,5
212954,-28.335449,35,synthetic,1,14
212993,-17.020752,39,synthetic,1,18
213030,-31.113258,37,synthetic,2,16
213054,-19.285973,24,synthetic,1,3
213077,2.696494,23,real,-1,2
213100,-0.699034,23,real,-1,2
213139,-1.940927,39,real,-1,18
213166,-1.984114,27,real,-1,6
213208,-0.463573,42,real,-1,21
213242,-13.150433,34,synthetic,0,13
213266,-38.010245,24,synthetic,2,3
213301,-6.23873,35,real,-1,14
213338,-37.699212,37,synthetic,2,16
213359,-5.240573,21,real,-1,0
213390,-0.655596,31,real,-1,10
213422,-8.411953,32,real,-1,11
213462,-0.902694,40,real,-1,19
213499,-3.613236,37,real,-1,16
213529,-10.937243,30,synthetic,1,9
213562,-0.92612,33,real,-1,12
213596,0.364526,34,real,-1,13
213637,-24.814514,41,synthetic,1,20
213677,-18.017053,40,synthetic,0,19
213698,-11.498504,21,synthetic,0,0
213719,-26.650482,21,synthetic,1,0
213743,-48.738709,24,synthetic,2,3
213778,-5.435576,35,real,-1,14
213816,-12.001227,38,synthetic,0,17
213845,-18.053349,29,synthetic,0,8
213882,-33.595,37,synthetic,1,16
213911,-1.932802,29,real,-1,8
213952,-3.376237,41,real,-1,20
213973,-18.72291,21,synthetic,1,0
214014,-6.313718,41,real,-1,20
214040,-25.152908,26,synthetic,1,5
214069,-16.936183,29,synthetic,0,8
214100,-25.480065,31,synthetic,1,10
214135,-15.564618,35,synthetic,0,14
214165,-7.201532,30,synthetic,0,9
214207,-6.481006,42,real,-1,21
214233,0.082933,26,real,-1,5
214264,-3.479426,31,real,-1,10
214288,-8.140468,24,real,-1,3
214324,-34.608837,36,synthetic,2,15
214366,-2.129918,42,real,-1,21
214398,-2.826256,32,real,-1,11
214432,-8.718485,34,synthetic,0,13
214468,-26.827214,36,synthetic,1,15
214492,-2.809636,24,real,-1,3
214531,-6.915484,39,real,-1,18
214552,4.994269,21,real,-1,0
214576,-24.462199,24,synthetic,1,3
214616,-5.393201,40,real,-1,19
214637,-3.625312,21,real,-1,0
214662,-6.776328,25,real,-1,4
214692,-16.849152,30,synthetic,1,9
214717,-14.14155,25,synthetic,1,4
214744,-16.13179,27,synthetic,0,6
214765,-2.124187,21,real,-1,0
214806,-2.432159,41,real,-1,20
214829,-1.015227,23,real,-1,2
214871,-7.968945,42,real,-1,21
214893,-21.751168,22,synthetic,1,1
214919,-6.807424,26,real,-1,5
214946,-12.637246,27,synthetic,0,6
214967,-27.4751,21,synthetic,1,0
214988,-25.929502,21,synthetic,2,0
215010,-9.131326,22,synthetic,0,1
215038,-4.216666,28,real,-1,7
215078,5.446368,40,real,-1,19
215114,4.594936,36,real,-1,15
215142,-20.045248,28,synthetic,0,7
215183,-3.959688,41,real,-1,20
215213,-3.173216,30,real,-1,9
215236,0.510633,23,real,-1,2
215263,-35.371354,27,synthetic,2,6
215301,-26.541945,38,synthetic,1,17
215340,-11.147475,39,synthetic,0,18
215370,-4.116341,30,real,-1,9
215403,-39.05873,33,synthetic,2,12
215439,-6.659159,36,real,-1,15
215478,1.820665,39,real,-1,18
215516,-18.201823,38,synthetic,0,17
215541,-36.38264,25,synthetic,2,4
215579,-2.229295,38,real,-1,17
215602,-4.414104,23,real,-1,2
215638,-11.862891,36,synthetic,0,15
215678,-24.925483,40,synthetic,1,19
215718,3.194995,40,real,-1,19
215744,-1.698716,26,real,-1,5
215775,2.154773,31,real,-1,10
215810,-34.088466,35,synthetic,2,14
215838,-10.683136,28,synthetic,0,7
215873,-40.079499,35,synthetic,2,14
215904,-7.492916,31,real,-1,10
215940,-2.505382,36,real,-1,15
215971,-1.487358,31,real,-1,10
216001,-29.432193,30,synthetic,1,9
216026,1.169077,25,real,-1,4
216048,7.20624,22,real,-1,1
216076,0.530845,28,real,-1,7
216109,-28.924217,33,synthetic,2,12
216138,-6.440945,29,real,-1,8
216164,-23.877697,26,synthetic,1,5
216189,0.606578,25,real,-1,4
216214,-10.359592,25,synthetic,0,4
216238,-25.536565,24,synthetic,2,3
216267,-38.84446,29,synthetic,2,8
216301,-31.124499,34,synthetic,2,13
216334,-1.890541,33,real,-1,12
216363,-0.559155,29,real,-1,8
216390,2.509787,27,real,-1,6
216415,-0.335794,25,real,-1,4
216451,-9.674289,36,real,-1,15
216475,-15.651605,24,synthetic,1,3
216517,-7.010775,42,real,-1,21
216545,1.605089,28,real,-1,7
216574,-7.968683,29,real,-1,8
216599,-9.863012,25,synthetic,0,4
216640,-17.121516,41,synthetic,0,20
216672,-0.583714,32,real,-1,11
216707,0.87457,35,real,-1,14
216742,-30.532314,35,synthetic,2,14
216778,-22.730581,36,synthetic,1,15
216819,-0.215509,41,real,-1,20
216856,-0.691192,37,real,-1,16
216897,-1.446454,41,real,-1,20
216922,-25.091874,25,synthetic,1,4
216951,-28.49137,29,synthetic,1,8
216989,1.156586,38,real,-1,17
217028,-1.897932,39,real,-1,18
217069,-29.894463,41,synthetic,1,20
217092,-43.658501,23,synthetic,2,2
217116,-12.288974,24,synthetic,0,3
217149,-13.091388,33,synthetic,0,12
217191,-11.310316,42,synthetic,0,21
217220,-4.20091,29,real,-1,8
217254,-28.789732,34,synthetic,1,13
217286,1.275465,32,real,-1,11
217318,-27.450326,32,synthetic,1,11
217352,-31.680173,34,synthetic,1,13
217382,1.863122,30,real,-1,9
217424,0.129455,42,real,-1,21
217459,-19.664154,35,synthetic,0,14
217501,-4.515517,42,synthetic,0,21
217526,-12.84987,25,synthetic,0,4
217561,-4.306252,35,real,-1,14
217595,-24.29902,34,synthetic,1,13
217626,-4.054555,31,real,-1,10
217656,-22.294915,30,synthetic,1,9
217688,-37.36526,32,synthetic,2,11
217730,-16.520413,42,synthetic,0,21
217769,-1.287086,39,real,-1,18
217792,-3.117648,23,real,-1,2
217834,-35.996995,42,synthetic,2,21
217858,-1.855484,24,real,-1,3
217884,-12.868499,26,real,-1,5
217906,-28.564435,22,synthetic,2,1
217941,-19.71971,35,synthetic,0,14
217972,-11.033997,31,synthetic,0,10
218014,-6.298941,42,real,-1,21
218044,-23.692164,30,synthetic,1,9
218072,-2.611621,28,real,-1,7
218098,2.930356,26,real,-1,5
218132,-23.989278,34,synthetic,1,13
218163,-26.005034,31,synthetic,1,10
218188,-38.467021,25,synthetic,2,4
218228,-4.030535,40,real,-1,19
218260,-4.369295,32,synthetic,0,11
218292,-1.086329,32,real,-1,11
218331,-14.289152,39,synthetic,1,18
218353,-5.059461,22,real,-1,1
218393,-3.137749,40,real,-1,19
218432,1.524755,39,real,-1,18
218460,-3.443598,28,real,-1,7
218481,-1.581074,21,real,-1,0
218508,-28.197838,27,synthetic,2,6
218539,-5.44465,31,real,-1,10
218580,-1.488049,41,real,-1,20
218611,-2.310879,31,real,-1,10
218648,4.604655,37,real,-1,16
218680,-12.013136,32,real,-1,11
218702,-7.60682,22,real,-1,1
218738,-25.529468,36,synthetic,1,15
218768,-27.985332,30,synthetic,1,9
218804,-28.687195,36,synthetic,1,15
218829,-33.104588,25,synthetic,2,4
218865,-2.109422,36,real,-1,15
218889,1.551938,24,real,-1,3
218919,-40.191726,30,synthetic,2,9
218944,-17.741328,25,synthetic,0,4
218968,-10.481117,24,synthetic,0,3
219005,-14.734962,37,synthetic,0,16
219029,-29.508539,24,synthetic,2,3
219069,-3.513176,40,real,-1,19
219094,-36.357823,25,synthetic,2,4
219118,-2.35904,24,real,-1,3
219150,-15.972256,32,synthetic,0,11
219188,-44.358971,38,synthetic,2,17
219218,-1.238128,30,real,-1,9
219241,-13.981972,23,synthetic,0,2
219279,6.047155,38,real,-1,17
219315,-40.566817,36,synthetic,2,15
219353,-7.221337,38,real,-1,17
219385,-43.522221,32,synthetic,2,11
219422,-31.824168,37,synthetic,1,16
219455,-7.153052,33,real,-1,12
219493,-10.218711,38,synthetic,0,17
219515,1.065497,22,real,-1,1
219551,-1.773936,36,real,-1,15
219574,-8.304459,23,real,-1,2
219603,3.145089,29,real,-1,8
219640,-3.229232,37,real,-1,16
219675,-0.046272,35,real,-1,14
219713,-27.619642,38,synthetic,1,17
219750,-8.93415,37,real,-1,16
219772,-36.06227,22,synthetic,2,1
219795,-5.200771,23,real,-1,2
219829,-0.414344,34,real,-1,13
219866,-3.744292,37,real,-1,16
219891,-4.727605,25,real,-1,4
219926,-27.185762,35,synthetic,1,14
219949,-13.488995,23,synthetic,0,2
219982,-20.678889,33,synthetic,1,12
220017,-15.111711,35,synthetic,0,14
220058,-5.043933,41,real,-1,20
220091,-30.16768,33,synthetic,2,12
220112,-10.695272,21,synthetic,0,0
220139,-4.010044,27,real,-1,6
220163,-1.281053,24,real,-1,3
220188,-26.057246,25,synthetic,1,4
220225,-50.385074,37,synthetic,2,16
220265,-41.762594,40,synthetic,2,19
220289,-13.111756,24,synthetic,0,3
220323,-22.424986,34,synthetic,1,13
220350,-19.037403,27,synthetic,1,6
220390,-2.885667,40,real,-1,19
220415,-18.496068,25,synthetic,1,4
220451,-2.446595,36,real,-1,15
220481,-10.719577,30,real,-1,9
220515,1.715971,34,real,-1,13
220551,-33.668827,36,synthetic,2,15
220579,-3.269319,28,real,-1,7
220607,-9.677909,28,real,-1,7
220642,-15.213212,35,synthetic,1,14
220671,-13.182748,29,real,-1,8
220713,-8.93809,42,real,-1,21
220750,-1.438166,37,real,-1,16
220782,-28.032216,32,synthetic,1,11
220814,-25.221494,32,synthetic,1,11
220840,-18.783936,26,synthetic,0,5
220861,-8.176638,21,real,-1,0
220903,-34.827047,42,synthetic,1,21
220925,-1.876378,22,real,-1,1
220958,-13.731557,33,synthetic,0,12
220992,-2.245084,34,real,-1,13
221024,-4.745602,32,real,-1,11
221056,-37.894031,32,synthetic,2,11
221084,-0.13007,28,real,-1,7
221122,0.753385,38,real,-1,17
221154,-25.903485,32,synthetic,1,11
221186,-0.598355,32,real,-1,11
221227,-31.796707,41,synthetic,2,20
221261,-33.393216,34,synthetic,2,13
221303,-0.282401,42,real,-1,21
221344,-2.441931,41,real,-1,20
221369,-9.681589,25,synthetic,0,4
221403,-1.901028,34,real,-1,13
221433,-1.136416,30,real,-1,9
221455,-10.046146,22,synthetic,0,1
221485,-3.513975,30,real,-1,9
221514,-15.51173,29,synthetic,1,8
221555,-43.791746,41,synthetic,2,20
221581,-11.06631,26,real,-1,5
221614,-26.714805,33,synthetic,1,12
221636,-34.56334,22,synthetic,2,1
221657,-4.019989,21,real,-1,0
221693,-13.234711,36,synthetic,0,15
221725,-30.765829,32,synthetic,1,11
221765,-45.568289,40,synthetic,2,19
221794,-33.309342,29,synthetic,2,8
221828,-2.909817,34,real,-1,13
221851,-27.157209,23,synthetic,2,2
221878,-11.263847,27,synthetic,0,6
221908,-34.152593,30,synthetic,1,9
221944,-16.082168,36,synthetic,0,15
221969,-36.507261,25,synthetic,2,4
221990,-26.674925,21,synthetic,1,0
222017,-39.980833,27,synthetic,2,6
222059,-9.544746,42,synthetic,0,21
222101,-44.262553,42,synthetic,2,21
222137,-13.262522,36,synthetic,0,15
222179,-13.796131,42,synthetic,0,21
222202,-11.451999,23,synthetic,0,2
222226,-20.577172,24,synthetic,1,3
222251,-49.488433,25,synthetic,2,4
222284,-0.57107,33,real,-1,12
222307,-8.63868,23,synthetic,0,2
222328,-3.791417,21,real,-1,0
222351,-11.386952,23,real,-1,2
222386,-33.750913,35,synthetic,2,14
222410,-5.747587,24,synthetic,0,3
222451,-8.222517,41,real,-1,20
222485,-29.753547,34,synthetic,2,13
222524,-41.970641,39,synthetic,2,18
222551,-0.86937,27,real,-1,6
222577,-13.891184,26,synthetic,0,5
222605,0.898312,28,real,-1,7
222644,-6.00404,39,real,-1,18
222685,-9.296617,41,real,-1,20
222727,-37.018587,42,synthetic,2,21
222766,-3.63457,39,real,-1,18
222808,-7.173098,42,real,-1,21
222835,2.890761,27,real,-1,6
222868,-8.001051,33,real,-1,12
222896,-4.302716,28,real,-1,7
222922,-12.403641,26,synthetic,1,5
222964,1.069493,42,real,-1,21
223001,-32.549787,37,synthetic,1,16
223036,-15.208072,35,synthetic,0,14
223063,-4.966298,27,real,-1,6
223096,-26.620666,33,synthetic,2,12
223127,-2.429017,31,real,-1,10
223148,-4.191091,21,real,-1,0
223175,3.445048,27,real,-1,6
223196,-2.531695,21,real,-1,0
223228,-33.868859,32,synthetic,2,11
223259,-1.559364,31,real,-1,10
223287,-18.242749,28,synthetic,0,7
223313,-10.130647,26,synthetic,0,5
223336,-27.159106,23,synthetic,2,2
223357,-13.280532,21,synthetic,0,0
223395,0.652523,38,real,-1,17
223424,-8.940097,29,real,-1,8
223455,-19.022556,31,synthetic,1,10
223487,-11.704254,32,real,-1,11
223529,0.996469,42,real,-1,21
223550,-41.220886,21,synthetic,2,0
223580,-0.666668,30,real,-1,9
223617,-7.270692,37,real,-1,16
223642,-16.874671,25,synthetic,0,4
223666,-31.833959,24,synthetic,2,3
223698,-47.317089,32,synthetic,2,11
223733,-6.027764,35,real,-1,14
223755,-7.037438,22,real,-1,1
223786,-31.494452,31,synthetic,1,10
223809,-6.564306,23,real,-1,2
223830,1.750115,21,real,-1,0
223852,-3.134517,22,real,-1,1
223886,-27.565105,34,synthetic,1,13
223912,-3.33009,26,real,-1,5
223940,-13.898434,28,synthetic,0,7
223974,-3.352495,34,real,-1,13
223995,-3.348714,21,real,-1,0
224025,1.228443,30,real,-1,9
224067,-7.426555,42,real,-1,21
224092,-7.183249,25,synthetic,0,4
224123,-21.847956,31,synthetic,2,10
224146,-12.67886,23,synthetic,0,2
224179,-21.401968,33,synthetic,2,12
224204,-21.35923,25,synthetic,1,4
224231,-1.434732,27,real,-1,6
224262,-20.981204,31,synthetic,1,10
224293,-0.143051,31,real,-1,10
224314,-31.052536,21,synthetic,2,0
224348,-0.346482,34,real,-1,13
224383,-24.462898,35,synthetic,0,14
224404,-18.334838,21,synthetic,0,0
224444,-11.130262,40,real,-1,19
224484,-34.575055,40,synthetic,2,19
224509,-0.573135,25,real,-1,4
224534,-40.664363,25,synthetic,2,4
224559,-27.667597,25,synthetic,1,4
224588,-23.048761,29,synthetic,1,8
224619,3.79315,31,real,-1,10
224643,-32.402691,24,synthetic,2,3
224668,-1.277593,25,real,-1,4
224701,-15.301402,33,synthetic,1,12
224741,-9.686724,40,real,-1,19
224763,-21.133921,22,synthetic,2,1
224803,-11.603473,40,synthetic,0,19
224838,-33.936779,35,synthetic,1,14
224860,-38.871233,22,synthetic,2,1
224893,-15.866513,33,synthetic,0,12
224917,-1.09266,24,real,-1,3
224956,-3.196491,39,real,-1,18
224978,-36.503591,22,synthetic,2,1
225007,-41.86959,29,synthetic,2,8
225028,-8.813669,21,real,-1,0
225066,-45.29995,38,synthetic,2,17
225095,-1.776356,29,real,-1,8
225133,-34.229429,38,synthetic,1,17
225157,0.597269,24,real,-1,3
225194,-18.716419,37,synthetic,2,16
225228,-2.842399,34,real,-1,13
225253,-9.641842,25,real,-1,4
225295,-1.39783,42,real,-1,21
225320,0.232736,25,real,-1,4
225345,-20.46999,25,synthetic,1,4
225371,-1.503147,26,real,-1,5
225406,-1.560365,35,real,-1,14
225443,-8.5053,37,real,-1,16
225482,-8.178339,39,real,-1,18
225509,2.46754,27,real,-1,6
225530,-36.628701,21,synthetic,2,0
225563,-26.633151,33,synthetic,1,12
225591,-34.158464,28,synthetic,2,7
225614,-8.252818,23,synthetic,0,2
225645,-33.739863,31,synthetic,1,10
225671,-4.132685,26,real,-1,5
225711,-4.097607,40,real,-1,19
225748,-17.103153,37,synthetic,1,16
225776,2.050203,28,real,-1,7
225799,2.02471,23,real,-1,2
225828,-44.460617,29,synthetic,2,8
225861,2.600292,33,real,-1,12
225898,-15.087952,37,synthetic,0,16
225922,4.920365,24,real,-1,3
225954,0.480061,32,real,-1,11
225992,-30.826826,38,synthetic,2,17
226015,-24.60871,23,synthetic,1,2
226038,-22.80705,23,synthetic,1,2
226063,-16.643877,25,synthetic,0,4
226096,-8.527878,33,synthetic,0,12
226118,-1.461595,22,real,-1,1
226144,2.341997,26,real,-1,5
226169,-0.830947,25,real,-1,4
226208,-31.191359,39,synthetic,1,18
226243,-4.710197,35,real,-1,14
226274,-1.833291,31,real,-1,10
226303,-13.889606,29,synthetic,0,8
226331,-25.193086,28,synthetic,1,7
226368,-31.614521,37,synthetic,1,16
226389,-14.600288,21,synthetic,0,0
226410,-6.353944,21,real,-1,0
226431,-19.715937,21,synthetic,1,0
226466,-0.947831,35,real,-1,14
226493,-3.28761,27,real,-1,6
226525,-34.761969,32,synthetic,1,11
226553,-8.740827,28,synthetic,0,7
226578,-23.814001,25,synthetic,1,4
226600,-12.581424,22,synthetic,1,1
226631,-7.736441,31,real,-1,10
226670,2.598613,39,real,-1,18
226698,-30.128252,28,synthetic,2,7
226733,-8.080236,35,real,-1,14
226767,3.297525,34,real,-1,13
226794,-7.620847,27,synthetic,0,6
226833,-26.284971,39,synthetic,2,18
226855,-33.389126,22,synthetic,2,1
226876,-15.634467,21,synthetic,0,0
226915,-3.810298,39,real,-1,18
226940,-9.330711,25,synthetic,0,4
226979,-39.465435,39,synthetic,2,18
227009,-7.680209,30,real,-1,9
227041,-2.131373,32,real,-1,11
227075,-46.69899,34,synthetic,2,13
227110,-0.445397,35,real,-1,14
227147,-34.979213,37,synthetic,2,16
227172,-38.493875,25,synthetic,2,4
227202,-2.778589,30,real,-1,9
227223,-24.250166,21,synthetic,1,0
227248,-41.028454,25,synthetic,2,4
227283,-0.734135,35,real,-1,14
227314,3.288248,31,real,-1,10
227335,-6.015892,21,real,-1,0
227360,-3.84629,25,real,-1,4
227394,-7.374794,34,real,-1,13
227420,-5.071624,26,real,-1,5
227454,-3.607341,34,real,-1,13
227492,-1.646923,38,real,-1,17
227533,-39.548297,41,synthetic,2,20
227560,-14.515819,27,synthetic,0,6
227597,-10.403508,37,synthetic,0,16
227632,2.699324,35,real,-1,14
227659,-10.33095,27,synthetic,0,6
227692,-7.191984,33,real,-1,12
227724,-12.215265,32,synthetic,0,11
227763,-3.765607,39,real,-1,18
227796,-9.595624,33,real,-1,12
227826,3.559864,30,real,-1,9
227857,-1.192493,31,real,-1,10
227883,-8.283808,26,real,-1,5
227913,-2.000165,30,real,-1,9
227947,-3.974185,34,real,-1,13
227981,-1.671094,34,real,-1,13
228010,-25.505233,29,synthetic,1,8
228044,-11.178995,34,synthetic,0,13
228084,2.149929,40,real,-1,19
228117,-4.822302,33,real,-1,12
228154,-1.505123,37,real,-1,16
228183,-23.236168,29,synthetic,1,8
228225,3.872236,42,real,-1,21
228264,-3.483619,39,real,-1,18
228290,2.581662,26,real,-1,5
228329,-13.735685,39,real,-1,18
228353,-8.834889,24,synthetic,0,3
228386,-11.491574,33,synthetic,0,12
228411,-37.15502,25,synthetic,2,4
228435,-38.7751,24,synthetic,2,3
228475,-7.588605,40,real,-1,19
228503,-3.463768,28,real,-1,7
228524,-19.797664,21,synthetic,1,0
228550,-14.419434,26,synthetic,0,5
228576,-34.147846,26,synthetic,2,5
228597,-10.374373,21,synthetic,0,0
228637,-6.361914,40,synthetic,0,19
228674,-10.894242,37,synthetic,0,16
228715,-27.033106,41,synthetic,1,20
228743,-29.906496,28,synthetic,1,7
228774,-9.532523,31,synthetic,0,10
228811,-0.876595,37,real,-1,16
228848,-23.805104,37,synthetic,1,16
228883,-31.006327,35,synthetic,1,14
228909,-41.94996,26,synthetic,2,5
228947,-15.111541,38,synthetic,0,17
228984,-6.26855,37,real,-1,16
229024,-8.61511,40,real,-1,19
229064,-12.867839,40,real,-1,19
229104,6.953231,40,real,-1,19
229132,-19.848982,28,synthetic,1,7
229167,2.984746,35,real,-1,14
229191,-3.195327,24,real,-1,3
229218,-4.282163,27,real,-1,6
229255,-3.806829,37,real,-1,16
229286,-4.546727,31,real,-1,10
229326,-17.149207,40,synthetic,0,19
229364,-9.745043,38,real,-1,17
229393,-3.906272,29,real,-1,8
229430,-5.423264,37,real,-1,16
229458,-1.216651,28,real,-1,7
229487,-35.944304,29,synthetic,2,8
229516,-4.061934,29,real,-1,8
229541,-51.554314,25,synthetic,2,4
229583,-16.399974,42,real,-1,21
229604,-7.365752,21,real,-1,0
229644,-13.251792,40,synthetic,0,19
229679,-5.814242,35,real,-1,14
229720,-26.980756,41,synthetic,2,20
229761,-18.064751,41,synthetic,1,20
229802,-11.000845,41,real,-1,20
229828,-13.678292,26,synthetic,0,5
229855,1.108637,27,real,-1,6
229882,-4.808756,27,real,-1,6
229908,-26.288102,26,synthetic,2,5
229942,-9.066881,34,real,-1,13
229975,-6.267406,33,real,-1,12
230004,-7.140623,29,real,-1,8
230033,-4.082681,29,real,-1,8
230061,-11.386402,28,synthetic,0,7
230095,-6.737218,34,real,-1,13
230129,-34.027833,34,synthetic,2,13
230170,-15.139205,41,synthetic,0,20
230200,-31.975615,30,synthetic,2,9
230225,1.518132,25,real,-1,4
230266,-39.737258,41,synthetic,2,20
230305,-8.447534,39,real,-1,18
230345,-35.070583,40,synthetic,2,19
230367,-22.773266,22,synthetic,2,1
230397,2.296926,30,real,-1,9
230429,-4.521309,32,real,-1,11
230464,-29.405914,35,synthetic,2,14
230501,-5.386716,37,real,-1,16
230536,-1.03543,35,real,-1,14
230561,-32.855457,25,synthetic,1,4
230594,-42.768606,33,synthetic,2,12
230623,-5.91111,29,real,-1,8
230663,-1.095676,40,real,-1,19
230699,-7.218448,36,real,-1,15
230726,-4.510847,27,real,-1,6
230753,-7.219652,27,real,-1,6
230785,-5.039183,32,real,-1,11
230813,3.458905,28,real,-1,7
230836,-18.310178,23,synthetic,1,2
230868,0.732295,32,real,-1,11
230903,-13.751817,35,synthetic,0,14
230932,-32.143798,29,synthetic,2,8
230967,-7.265069,35,synthetic,0,14
230990,-18.7563,23,synthetic,1,2
231028,-1.101325,38,real,-1,17
231051,-4.835354,23,real,-1,2
231073,-7.394652,22,real,-1,1
231114,-9.236818,41,real,-1,20
231156,-3.544098,42,real,-1,21
231185,-1.137213,29,real,-1,8
231209,-1.234774,24,real,-1,3
231230,-10.048859,21,synthetic,0,0
231262,2.491743,32,real,-1,11
231291,-1.325508,29,synthetic,0,8
231321,-1.529757,30,real,-1,9
231354,-0.20363,33,real,-1,12
231391,-4.985856,37,real,-1,16
231427,-25.162522,36,synthetic,2,15
231456,1.681469,29,real,-1,8
231485,0.91048,29,real,-1,8
231523,-1.146956,38,real,-1,17
231565,-16.184074,42,synthetic,0,21
231592,-8.609145,27,synthetic,0,6
231632,-26.740118,40,synthetic,1,19
231658,-19.605074,26,synthetic,2,5
231698,0.460628,40,real,-1,19
231733,-4.182299,35,real,-1,14
231762,-1.355931,29,real,-1,8
231791,-46.639615,29,synthetic,2,8
231827,-6.594262,36,synthetic,0,15
231853,-4.820705,26,real,-1,5
231886,-17.719619,33,synthetic,0,12
231916,-1.531625,30,real,-1,9
231955,-25.484639,39,synthetic,1,18
231985,-28.053824,30,synthetic,1,9
232021,-15.097495,36,synthetic,0,15
232042,-12.19735,21,synthetic,0,0
232073,-6.746769,31,real,-1,10
232095,-14.688632,22,synthetic,0,1
232133,-0.14895,38,real,-1,17
232158,-27.660369,25,synthetic,2,4
232197,-15.270218,39,synthetic,0,18
232235,-4.990818,38,real,-1,17
232257,2.111385,22,real,-1,1
232294,-42.840515,37,synthetic,2,16
232322,2.397547,28,real,-1,7
232350,-6.088147,28,real,-1,7
232385,-0.033242,35,real,-1,14
232411,-21.899113,26,synthetic,2,5
232453,-1.519235,42,real,-1,21
232480,-9.458912,27,real,-1,6
232522,1.770557,42,real,-1,21
232547,-2.629235,25,real,-1,4
232568,-7.264506,21,real,-1,0
232593,-3.21596,25,real,-1,4
232625,-2.725212,32,real,-1,11
232648,3.151029,23,real,-1,2
232680,-1.718865,32,real,-1,11
232710,-3.859869,30,real,-1,9
232747,5.513131,37,real,-1,16
232773,-18.19123,26,synthetic,1,5
232815,-3.663827,42,real,-1,21
232844,-12.812266,29,synthetic,0,8
232879,0.898379,35,real,-1,14
232908,-15.624877,29,synthetic,0,8
232941,-4.667967,33,real,-1,12
232970,-10.837179,29,real,-1,8
232998,-44.633687,28,synthetic,2,7
233031,-3.360938,33,real,-1,12
233073,-33.883145,42,synthetic,2,21
233110,-9.417637,37,synthetic,0,16
233133,-23.549738,23,synthetic,1,2
233168,-13.032216,35,synthetic,0,14
233207,-2.760056,39,real,-1,18
233235,-0.311049,28,real,-1,7
233263,-32.851568,28,synthetic,2,7
233286,-17.907923,23,synthetic,1,2
233327,-0.48046,41,real,-1,20
233356,2.401551,29,real,-1,8
233381,6.505267,25,real,-1,4
233408,-2.140607,27,real,-1,6
233441,-1.473076,33,real,-1,12
233470,-27.07622,29,synthetic,2,8
233499,3.323867,29,real,-1,8
233535,-2.336394,36,real,-1,15
233560,-3.845714,25,real,-1,4
233591,-32.976455,31,synthetic,2,10
233617,-7.972264,26,real,-1,5
233638,-23.172176,21,synthetic,1,0
233659,-19.19666,21,synthetic,1,0
233696,-14.65074,37,synthetic,0,16
233733,-34.311136,37,synthetic,2,16
233761,-26.224578,28,synthetic,1,7
233782,-30.925213,21,synthetic,1,0
233814,-5.474341,32,real,-1,11
233839,-9.643,25,synthetic,1,4
233881,-11.080735,42,real,-1,21
233908,-25.591474,27,synthetic,1,6
233942,0.071265,34,real,-1,13
233970,-29.578154,28,synthetic,1,7
233991,-3.719472,21,real,-1,0
234023,-3.227921,32,real,-1,11
234044,-45.874787,21,synthetic,2,0
234071,-35.829573,27,synthetic,2,6
234096,-28.399502,25,synthetic,2,4
234131,-16.995697,35,synthetic,1,14
234162,-39.988351,31,synthetic,2,10
234190,-4.253716,28,real,-1,7
234231,-20.22875,41,synthetic,1,20
234258,-32.055146,27,synthetic,2,6
234282,-32.32833,24,synthetic,2,3
234316,-22.221122,34,synthetic,1,13
234352,-23.870383,36,synthetic,0,15
234393,-40.804404,41,synthetic,2,20
234427,-8.977975,34,synthetic,0,13
234464,-36.042838,37,synthetic,2,16
234505,0.172407,41,real,-1,20
234528,-3.137147,23,real,-1,2
234554,-1.244618,26,real,-1,5
234592,-47.802045,38,synthetic,2,17
234625,-7.421769,33,real,-1,12
234654,0.731346,29,real,-1,8
234696,-10.530194,42,real,-1,21
234722,-32.40941,26,synthetic,2,5
234762,-3.82547,40,real,-1,19
234788,-2.026233,26,real,-1,5
234812,-25.305173,24,synthetic,1,3
234847,-2.375915,35,real,-1,14
234876,2.914958,29,real,-1,8
234905,-2.472891,29,real,-1,8
234930,-2.292604,25,real,-1,4
234965,-29.275904,35,synthetic,2,14
235004,-7.091615,39,real,-1,18
235035,0.973498,31,real,-1,10
235059,-3.571155,24,real,-1,3
235080,2.167629,21,real,-1,0
235103,-8.583838,23,real,-1,2
235135,-21.558913,32,synthetic,1,11
235170,-26.700961,35,synthetic,1,14
235197,-22.588757,27,synthetic,1,6
235238,-24.844368,41,synthetic,1,20
235275,-36.62851,37,synthetic,2,16
235300,-4.283185,25,real,-1,4
235321,-32.431307,21,synthetic,1,0
235345,-13.768172,24,synthetic,1,3
235379,-6.351186,34,synthetic,0,13
235400,-2.79426,21,real,-1,0
235424,-17.568225,24,synthetic,1,3
235454,-2.718195,30,real,-1,9
235486,-0.872695,32,real,-1,11
235507,-25.48395,21,synthetic,1,0
235529,-2.636171,22,real,-1,1
235571,0.185498,42,real,-1,21
235595,-1.779239,24,real,-1,3
235630,-39.489095,35,synthetic,2,14
235656,-3.482979,26,real,-1,5
235690,-5.428528,34,real,-1,13
235725,-22.815907,35,synthetic,1,14
235756,-7.389195,31,synthetic,0,10
235787,-15.851685,31,synthetic,0,10
235816,-36.410807,29,synthetic,2,8
235844,-4.584888,28,real,-1,7
235870,0.400885,26,real,-1,5
235901,-3.291398,31,real,-1,10
235924,-9.503601,23,real,-1,2
235960,-4.421546,36,real,-1,15
235990,-32.174767,30,synthetic,2,9
236012,-24.429953,22,synthetic,1,1
236034,-38.630983,22,synthetic,2,1
236057,-37.127277,23,synthetic,2,2
236092,-2.717722,35,real,-1,14
236125,-19.759946,33,synthetic,0,12
236148,-4.23248,23,real,-1,2
236174,-13.029815,26,synthetic,0,5
236196,-2.02536,22,real,-1,1
236231,-28.77167,35,synthetic,2,14
236255,-33.002872,24,synthetic,2,3
236280,-1.743126,25,real,-1,4
236301,-6.774692,21,synthetic,0,0
236334,-6.108358,33,real,-1,12
236361,-31.094991,27,synthetic,2,6
236397,-29.817329,36,synthetic,1,15
236437,-28.858875,40,synthetic,1,19
236469,0.276874,32,real,-1,11
236492,-8.412305,23,real,-1,2
236525,-2.611136,33,real,-1,12
236565,-41.011448,40,synthetic,2,19
236590,1.813367,25,real,-1,4
236619,-10.952383,29,synthetic,0,8
236660,-3.292543,41,real,-1,20
236687,-18.535717,27,synthetic,0,6
236714,-3.560987,27,real,-1,6
236737,-35.460755,23,synthetic,1,2
236767,-0.800414,30,real,-1,9
236793,1.837907,26,real,-1,5
236826,2.666515,33,real,-1,12
236857,-2.113819,31,real,-1,10
236882,0.812886,25,real,-1,4
236918,-4.581474,36,real,-1,15
236939,-4.349997,21,real,-1,0
236976,-26.588823,37,synthetic,1,16
237001,3.506266,25,real,-1,4
237027,-40.631779,26,synthetic,2,5
237053,-25.561684,26,synthetic,1,5
237076,-34.783843,23,synthetic,2,2
237104,-33.93,28,synthetic,1,7
237144,-27.099744,40,synthetic,1,19
237181,-21.213587,37,synthetic,1,16
237216,-41.675874,35,synthetic,2,14
237254,-10.416641,38,synthetic,0,17
237292,-0.21407,38,real,-1,17
237317,-2.944764,25,real,-1,4
237342,-19.628409,25,synthetic,0,4
237384,-33.631118,42,synthetic,1,21
237410,-21.83251,26,synthetic,1,5
237449,-0.058967,39,real,-1,18
237482,-10.753922,33,synthetic,0,12
237517,-22.304715,35,synthetic,2,14
237559,-21.321995,42,synthetic,0,21
237589,-17.373484,30,synthetic,1,9
237615,-39.130708,26,synthetic,2,5
237640,-31.871008,25,synthetic,1,4
237679,-35.236288,39,synthetic,1,18
237702,-36.764382,23,synthetic,2,2
237738,-31.36564,36,synthetic,1,15
237771,-27.023757,33,synthetic,2,12
237813,-6.163688,42,synthetic,0,21
237854,-51.922204,41,synthetic,2,20
237894,-36.417253,40,synthetic,2,19
237926,-3.6391,32,real,-1,11
237958,-26.467273,32,synthetic,1,11
237995,-11.71254,37,real,-1,16
238030,-27.228103,35,synthetic,1,14
238064,-43.643169,34,synthetic,2,13
238086,-20.308438,22,synthetic,1,1
238119,-6.48856,33,real,-1,12
238149,-32.731981,30,synthetic,1,9
238174,-3.212894,25,real,-1,4
238210,-24.304784,36,synthetic,1,15
238236,-26.64858,26,synthetic,2,5
238269,-7.079079,33,real,-1,12
238303,-7.671931,34,real,-1,13
238344,-47.270758,41,synthetic,2,20
238367,-20.754279,23,synthetic,1,2
238405,-11.247595,38,synthetic,0,17
238445,-4.587203,40,synthetic,0,19
238484,-14.612131,39,synthetic,1,18
238518,-38.057829,34,synthetic,2,13
238560,-31.452993,42,synthetic,1,21
238586,-3.193777,26,real,-1,5
238627,-12.62352,41,real,-1,20
238654,0.662297,27,real,-1,6
238685,-14.190348,31,synthetic,0,10
238725,-4.742987,40,real,-1,19
238763,-28.457733,38,synthetic,1,17
238803,-34.076359,40,synthetic,2,19
238842,-5.995951,39,real,-1,18
238865,-3.103758,23,real,-1,2
238894,2.16611,29,real,-1,8
238924,-33.994557,30,synthetic,2,9
238947,-5.28014,23,real,-1,2
238974,-7.53499,27,real,-1,6
239001,-13.503762,27,synthetic,0,6
239032,-2.601181,31,real,-1,10
239055,-29.757638,23,synthetic,2,2
239083,-0.477929,28,real,-1,7
239106,-35.343229,23,synthetic,1,2
239139,-40.311362,33,synthetic,2,12
239162,-29.211135,23,synthetic,2,2
239202,0.01884,40,real,-1,19
239234,-9.463631,32,real,-1,11
239270,-32.982455,36,synthetic,2,15
239299,1.826933,29,real,-1,8
239337,-2.591677,38,real,-1,17
239358,-6.046815,21,real,-1,0
239400,-29.35931,42,synthetic,1,21
239430,1.092847,30,real,-1,9
239459,-3.516428,29,real,-1,8
239494,-7.882245,35,real,-1,14
239525,-7.758751,31,real,-1,10
239549,-9.122411,24,synthetic,0,3
239571,-0.70848,22,real,-1,1
239601,-14.513942,30,synthetic,0,9
239623,-13.125116,22,synthetic,1,1
239663,-41.779475,40,synthetic,2,19
239700,-8.835122,37,synthetic,0,16
239734,-10.934722,34,real,-1,13
239774,-0.404315,40,real,-1,19
239813,-28.743216,39,synthetic,1,18
239838,0.195434,25,real,-1,4
239868,-14.687818,30,synthetic,0,9
239907,-27.889502,39,synthetic,1,18
239929,-2.451919,22,real,-1,1
239958,-27.120106,29,synthetic,1,8
239997,3.733577,39,real,-1,18
240029,-3.295918,32,real,-1,11
240053,0.214877,24,real,-1,3
240083,-41.727696,30,synthetic,2,9
240111,-4.193401,28,real,-1,7
240146,-29.116988,35,synthetic,1,14
240184,-2.294919,38,real,-1,17
240216,-2.577705,32,real,-1,11
240258,-1.812686,42,real,-1,21
240281,-2.124638,23,real,-1,2
240316,-11.151286,35,synthetic,0,14
240346,-9.502278,30,real,-1,9
240386,-8.150268,40,real,-1,19
240424,-26.954708,38,synthetic,2,17
240466,-21.310846,42,synthetic,0,21
240488,-6.523607,22,real,-1,1
240516,-18.725737,28,synthetic,0,7
240537,-4.45632,21,real,-1,0
240579,-25.183598,42,synthetic,2,21
240601,-27.895458,22,synthetic,1,1
240626,3.228186,25,real,-1,4
240662,-7.059174,36,real,-1,15
240695,-35.044999,33,synthetic,2,12
240731,-22.835022,36,synthetic,1,15
240765,-1.156753,34,real,-1,13
240792,-31.577872,27,synthetic,2,6
240831,-4.768719,39,real,-1,18
240868,-27.867255,37,synthetic,1,16
240898,-6.178419,30,real,-1,9
240930,-5.823239,32,real,-1,11
240964,-11.76639,34,synthetic,0,13
240998,-1.347918,34,real,-1,13
241028,-2.289203,30,real,-1,9
241054,4.970138,26,real,-1,5
241087,-25.558254,33,synthetic,1,12
241129,-20.28017,42,synthetic,1,21
241161,-35.33066,32,synthetic,2,11
241190,-5.411894,29,real,-1,8
241219,-0.585358,29,real,-1,8
241254,-42.043426,35,synthetic,2,14
241293,-1.155297,39,real,-1,18
241325,-6.683794,32,real,-1,11
241367,-30.054431,42,synthetic,2,21
241391,-27.226589,24,synthetic,1,3
241419,-37.578992,28,synthetic,2,7
241450,-16.322704,31,synthetic,0,10
241486,-3.777369,36,real,-1,15
241515,-23.513248,29,synthetic,1,8
241537,-0.270505,22,real,-1,1
241559,-6.169342,22,real,-1,1
241588,-23.195684,29,synthetic,1,8
241610,-46.961677,22,synthetic,2,1
241640,-0.854885,30,real,-1,9
241671,-8.218104,31,real,-1,10
241711,-11.608524,40,real,-1,19
241733,-25.660299,22,synthetic,1,1
241759,-22.331922,26,synthetic,1,5
241799,-4.579055,40,real,-1,19
241841,-44.028955,42,synthetic,2,21
241867,-2.710605,26,real,-1,5
241900,-4.984719,33,real,-1,12
241921,1.006976,21,real,-1,0
241957,-14.888921,36,synthetic,0,15
241987,-7.5798,30,real,-1,9
242017,-10.468623,30,synthetic,1,9
242051,-7.535168,34,real,-1,13
242089,-42.874733,38,synthetic,2,17
242124,-10.062235,35,real,-1,14
242147,-2.265221,23,real,-1,2
242175,-3.446846,28,real,-1,7
242211,-36.055107,36,synthetic,2,15
242249,-17.934437,38,synthetic,1,17
242270,-7.48287,21,synthetic,0,0
242298,-6.817455,28,real,-1,7
242323,-2.856526,25,real,-1,4
242362,-12.951457,39,synthetic,0,18
242396,-4.325121,34,real,-1,13
242419,-21.417789,23,synthetic,2,2
242446,-30.113115,27,synthetic,2,6
242483,-21.503693,37,synthetic,1,16
242517,-0.93565,34,real,-1,13
242554,-44.258657,37,synthetic,2,16
242581,-30.790128,27,synthetic,2,6
242609,1.362179,28,real,-1,7
242636,-3.917554,27,real,-1,6
242672,-23.067081,36,synthetic,1,15
242694,-23.450882,22,synthetic,1,1
242717,-5.555048,23,real,-1,2
242742,-0.974461,25,real,-1,4
242778,-37.00886,36,synthetic,2,15
242810,-2.642999,32,real,-1,11
242838,-23.817587,28,synthetic,1,7
242874,0.54912,36,real,-1,15
242916,-23.171839,42,synthetic,0,21
242937,-29.454767,21,synthetic,2,0
242971,-21.321986,34,synthetic,1,13
243009,-16.655128,38,synthetic,0,17
243043,-8.540903,34,real,-1,13
243067,-51.896664,24,synthetic,2,3
243091,-4.732431,24,real,-1,3
243127,-19.093102,36,synthetic,1,15
243163,-22.634627,36,synthetic,1,15
243195,-7.552851,32,synthetic,0,11
243229,-41.423859,34,synthetic,2,13
243251,-10.119303,22,synthetic,0,1
243284,-44.144428,33,synthetic,2,12
243314,-42.862927,30,synthetic,2,9
243338,2.197269,24,real,-1,3
243374,-1.7499,36,real,-1,15
243411,1.62791,37,real,-1,16
243440,-17.385959,29,synthetic,0,8
243477,-4.732339,37,real,-1,16
243511,0.819059,34,real,-1,13
243537,2.040049,26,real,-1,5
243576,-8.708858,39,real,-1,18
243610,0.561941,34,real,-1,13
243634,5.547393,24,real,-1,3
243669,-6.786909,35,real,-1,14
243696,-28.276433,27,synthetic,2,6
243732,-14.023017,36,synthetic,0,15
243758,-16.602324,26,synthetic,0,5
243789,-5.744386,31,real,-1,10
243820,-0.524174,31,real,-1,10
243859,-2.655566,39,real,-1,18
243896,-7.422288,37,real,-1,16
243921,-6.395439,25,real,-1,4
243943,4.600008,22,real,-1,1
243984,-2.529648,41,real,-1,20
244023,2.972777,39,real,-1,18
244057,-32.635804,34,synthetic,2,13
244099,-11.492521,42,synthetic,0,21
244135,-36.3627,36,synthetic,1,15
244167,-3.360748,32,real,-1,11
244195,-0.629633,28,real,-1,7
244221,-14.728641,26,synthetic,0,5
244250,-6.147579,29,real,-1,8
244292,-0.120945,42,real,-1,21
244325,-20.324042,33,synthetic,1,12
244360,-34.059077,35,synthetic,2,14
244395,-34.249203,35,synthetic,2,14
244419,-20.244813,24,synthetic,0,3
244442,-40.328392,23,synthetic,2,2
244476,-40.584387,34,synthetic,2,13
244498,-6.952661,22,synthetic,0,1
244522,-42.73112,24,synthetic,2,3
244549,-1.849336,27,real,-1,6
244590,-26.085689,41,synthetic,1,20
244611,2.617265,21,real,-1,0
244645,-31.299253,34,synthetic,2,13
244672,-13.154571,27,real,-1,6
244699,-20.233835,27,synthetic,1,6
244728,-28.284324,29,synthetic,1,8
244751,-27.208011,23,synthetic,1,2
244789,-2.27515,38,real,-1,17
244812,-5.797216,23,synthetic,0,2
244844,-22.344838,32,synthetic,1,11
244865,-15.853689,21,synthetic,0,0
244899,-25.056286,34,synthetic,1,13
244923,-14.541399,24,synthetic,0,3
244947,1.93728,24,real,-1,3
244979,-2.950182,32,real,-1,11
245005,0.980398,26,real,-1,5
245046,-0.169561,41,real,-1,20
245070,-14.265552,24,synthetic,0,3
245100,-23.463561,30,synthetic,1,9
245142,-5.392143,42,real,-1,21
245165,0.409081,23,real,-1,2
245206,0.382291,41,real,-1,20
245234,-10.744563,28,synthetic,0,7
245260,-12.437549,26,synthetic,0,5
245288,-1.409522,28,real,-1,7
245314,-33.310978,26,synthetic,2,5
245336,-5.073378,22,real,-1,1
245363,-3.583667,27,real,-1,6
245404,0.628258,41,real,-1,20
245444,-15.405915,40,synthetic,0,19
245479,-14.92751,35,synthetic,1,14
245514,-7.347679,35,real,-1,14
245548,-2.495268,34,real,-1,13
245590,-14.171766,42,synthetic,0,21
245632,-19.556258,42,synthetic,0,21
245660,-5.491382,28,real,-1,7
245686,-33.760625,26,synthetic,2,5
245722,-15.584007,36,synthetic,1,15
245745,-25.796272,23,synthetic,0,2
245786,-3.405203,41,real,-1,20
245817,-7.535577,31,real,-1,10
245848,-8.339678,31,synthetic,0,10
245882,-7.464391,34,real,-1,13
245917,-2.197433,35,real,-1,14
245940,-3.616692,23,real,-1,2
245963,-9.204017,23,real,-1,2
246000,-2.926949,37,real,-1,16
246026,-3.707146,26,real,-1,5
246053,-4.011658,27,real,-1,6
246084,-20.839424,31,synthetic,1,10
246124,-44.067856,40,synthetic,2,19
246147,-8.009823,23,real,-1,2
246174,-33.672644,27,synthetic,1,6
246203,-17.545801,29,synthetic,0,8
246242,-16.391787,39,synthetic,0,18
246270,-26.504988,28,synthetic,1,7
246299,-12.880006,29,synthetic,0,8
246326,-9.585471,27,real,-1,6
246356,-3.239128,30,real,-1,9
246385,-6.161262,29,real,-1,8
246412,-7.817549,27,real,-1,6
246453,-37.913353,41,synthetic,2,20
246477,-3.140669,24,real,-1,3
246515,3.371622,38,real,-1,17
246546,-3.606436,31,real,-1,10
246580,-22.363358,34,synthetic,1,13
246619,3.249441,39,real,-1,18
246649,-5.500143,30,real,-1,9
246677,-38.040388,28,synthetic,2,7
246717,-13.14803,40,synthetic,0,19
246759,-22.859164,42,synthetic,2,21
246801,-5.890939,42,real,-1,21
246826,-33.149561,25,synthetic,2,4
246868,4.26607,42,real,-1,21
246902,-9.914892,34,synthetic,0,13
246936,-10.916604,34,synthetic,0,13
246967,-0.149148,31,real,-1,10
247008,-4.35155,41,real,-1,20
247036,-19.95217,28,synthetic,1,7
247068,5.730911,32,real,-1,11
247089,-27.354789,21,synthetic,2,0
247119,-7.884249,30,real,-1,9
247156,-14.84166,37,synthetic,1,16
247191,-1.096568,35,real,-1,14
247215,-42.221274,24,synthetic,2,3
247244,-36.086247,29,synthetic,2,8
247277,-6.02136,33,real,-1,12
247315,-44.871627,38,synthetic,2,17
247350,-31.291982,35,synthetic,1,14
247391,-12.380405,41,synthetic,1,20
247415,3.196907,24,real,-1,3
247439,-26.356609,24,synthetic,1,3
247460,-21.798192,21,synthetic,2,0
247483,-2.459395,23,real,-1,2
247506,-9.859313,23,synthetic,0,2
247546,-34.937662,40,synthetic,1,19
247568,-30.056284,22,synthetic,1,1
247591,-1.170783,23,real,-1,2
247626,-17.742469,35,synthetic,0,14
247664,-12.381968,38,real,-1,17
247692,-13.339887,28,synthetic,0,7
247728,-2.78207,36,real,-1,15
247757,-10.295616,29,real,-1,8
247795,-20.240896,38,synthetic,1,17
247819,-5.171931,24,real,-1,3
247856,-32.905642,37,synthetic,2,16
247897,-4.412565,41,real,-1,20
247937,-11.908118,40,real,-1,19
247979,-2.44995,42,real,-1,21
248017,-5.140289,38,real,-1,17
248059,-30.160141,42,synthetic,2,21
248091,-21.496709,32,synthetic,1,11
248113,-11.143755,22,synthetic,0,1
248136,-25.407125,23,synthetic,1,2
248161,-26.200531,25,synthetic,1,4
248195,1.732612,34,real,-1,13
248219,-33.543501,24,synthetic,2,3
248256,-19.472731,37,synthetic,0,16
248284,-3.35576,28,real,-1,7
248313,-38.111835,29,synthetic,2,8
248343,-17.360205,30,real,-1,9
248376,-30.477797,33,synthetic,2,12
248404,4.901066,28,real,-1,7
248434,-18.537703,30,synthetic,1,9
248459,-18.34261,25,synthetic,1,4
248496,-10.361617,37,real,-1,16
248534,-3.126584,38,real,-1,17
248574,-7.25923,40,real,-1,19
248613,-45.196711,39,synthetic,2,18
248644,-5.129517,31,real,-1,10
248677,-3.91273,33,real,-1,12
248717,-35.84367,40,synthetic,2,19
248749,-2.565285,32,real,-1,11
248774,-24.263619,25,synthetic,1,4
248795,-9.737901,21,synthetic,0,0
248828,-4.160079,33,real,-1,12
248855,-12.699797,27,synthetic,0,6
248895,-36.108789,40,synthetic,2,19
248927,-3.367466,32,real,-1,11
248969,-8.559322,42,real,-1,21
248992,-0.387134,23,real,-1,2
249028,-0.066247,36,real,-1,15
249064,-0.096618,36,real,-1,15
249092,0.300906,28,real,-1,7
249133,-16.539784,41,synthetic,0,20
249159,-4.356552,26,real,-1,5
249180,-28.268035,21,synthetic,2,0
249222,0.303716,42,real,-1,21
249244,-29.764326,22,synthetic,2,1
249286,-5.724223,42,real,-1,21
249316,-6.734535,30,real,-1,9
249340,-6.484883,24,real,-1,3
249370,-6.553582,30,real,-1,9
249394,0.807587,24,real,-1,3
249418,-3.216292,24,real,-1,3
249446,-1.272444,28,real,-1,7
249476,-43.183348,30,synthetic,2,9
249497,-4.067246,21,real,-1,0
249539,-0.98077,42,real,-1,21
249574,-13.393472,35,synthetic,0,14
249609,-34.094179,35,synthetic,2,14
249639,-47.326466,30,synthetic,2,9
249662,-28.839165,23,synthetic,2,2
249699,-2.602512,37,real,-1,16
249724,-26.929531,25,synthetic,2,4
249758,-2.115795,34,real,-1,13
249789,-17.254077,31,synthetic,0,10
249829,-5.57483,40,real,-1,19
249863,-20.826816,34,synthetic,0,13
249889,-12.518798,26,synthetic,0,5
249915,-3.045442,26,real,-1,5
249952,-39.809277,37,synthetic,2,16
249987,-3.661229,35,real,-1,14
250008,-3.168514,21,real,-1,0
250042,-2.265272,34,real,-1,13
250070,-15.480306,28,synthetic,0,7
250097,-11.923516,27,synthetic,0,6
250119,-9.340055,22,synthetic,0,1
250141,-0.479893,22,real,-1,1
250171,-8.142297,30,real,-1,9
250209,-3.879923,38,real,-1,17
250237,-2.995126,28,real,-1,7
250265,0.55626,28,real,-1,7
250305,-0.031934,40,real,-1,19
250336,-11.495,31,synthetic,1,10
250378,-3.973721,42,real,-1,21
250406,-12.882791,28,synthetic,0,7
250440,0.411221,34,real,-1,13
250464,-18.470254,24,synthetic,1,3
250493,-20.901282,29,synthetic,1,8
250526,-6.326466,33,real,-1,12
250561,-1.333673,35,real,-1,14
250591,-33.114114,30,synthetic,2,9
250626,-35.417213,35,synthetic,2,14
250663,-6.113676,37,real,-1,16
250684,-5.026719,21,real,-1,0
250725,0.087365,41,real,-1,20
250757,-3.065562,32,real,-1,11
250779,-38.791285,22,synthetic,2,1
250805,-23.517005,26,synthetic,1,5
250839,-24.898983,34,synthetic,1,13
250876,-7.101205,37,real,-1,16
250903,-1.016273,27,real,-1,6
250936,-14.826195,33,synthetic,0,12
250969,-22.058306,33,synthetic,0,12
251006,0.550281,37,real,-1,16
251030,-38.237366,24,synthetic,1,3
251058,-24.85877,28,synthetic,1,7
251085,-1.751493,27,real,-1,6
251121,-12.011246,36,synthetic,0,15
251150,-2.531994,29,real,-1,8
251179,-1.389993,29,real,-1,8
251203,-28.8522,24,synthetic,1,3
251240,-11.848399,37,synthetic,0,16
251280,-8.169376,40,real,-1,19
251302,-8.345506,22,synthetic,0,1
251339,-34.989877,37,synthetic,2,16
251376,-21.379641,37,synthetic,1,16
251413,-13.217527,37,synthetic,0,16
251435,-21.765386,22,synthetic,2,1
251474,-33.202935,39,synthetic,2,18
251512,-3.366588,38,real,-1,17
251552,-5.484824,40,real,-1,19
251575,-5.021947,23,real,-1,2
251598,-18.137522,23,synthetic,1,2
251634,-34.093554,36,synthetic,2,15
251670,-7.966856,36,real,-1,15
251711,-2.615004,41,real,-1,20
251737,-36.604757,26,synthetic,2,5
251762,-21.653231,25,synthetic,0,4
251792,-35.374514,30,synthetic,1,9
251816,-28.869804,24,synthetic,1,3
251849,-14.697618,33,synthetic,0,12
251880,-28.165727,31,synthetic,1,10
251904,-22.687548,24,synthetic,1,3
251927,0.341838,23,real,-1,2
251956,-25.244878,29,synthetic,2,8
251988,-13.700306,32,synthetic,0,11
252025,-3.760095,37,real,-1,16
252055,-9.33108,30,synthetic,0,9
252088,1.384844,33,real,-1,12
252126,-34.458595,38,synthetic,2,17
252156,-20.95271,30,synthetic,1,9
252194,-8.217476,38,synthetic,0,17
252217,-14.972168,23,synthetic,1,2
252250,-12.495433,33,real,-1,12
252292,-27.129548,42,synthetic,2,21
252332,-18.330391,40,synthetic,0,19
252360,-1.211776,28,real,-1,7
252391,-3.259698,31,real,-1,10
252416,-17.987702,25,synthetic,1,4
252457,-0.884961,41,real,-1,20
252489,-0.773285,32,real,-1,11
252516,-2.317456,27,real,-1,6
252558,-10.524835,42,real,-1,21
252583,-23.262504,25,synthetic,1,4
252618,-14.788524,35,synthetic,0,14
252648,-1.542311,30,real,-1,9
252681,-23.380749,33,synthetic,0,12
252722,-18.503671,41,synthetic,1,20
252743,-24.888727,21,synthetic,2,0
252776,-10.435601,33,synthetic,0,12
252810,-2.152066,34,real,-1,13
252832,-26.424293,22,synthetic,1,1
252863,-7.309768,31,real,-1,10
252904,-17.662721,41,synthetic,0,20
252932,-12.608529,28,synthetic,2,7
252964,-2.985333,32,real,-1,11
252989,1.224029,25,real,-1,4
253030,-30.9697,41,synthetic,1,20
253059,-25.494347,29,synthetic,1,8
253083,-10.641038,24,real,-1,3
253104,-25.314485,21,synthetic,1,0
253130,-40.218458,26,synthetic,2,5
253159,-2.61731,29,real,-1,8
253180,-2.702693,21,real,-1,0
253219,-20.171761,39,synthetic,0,18
253260,-7.367424,41,real,-1,20
253289,-12.359085,29,real,-1,8
253328,-1.100832,39,real,-1,18
253359,-20.982255,31,synthetic,0,10
253384,-14.845221,25,synthetic,0,4
253422,-2.4592,38,real,-1,17
253458,-3.571091,36,real,-1,15
253484,0.845146,26,real,-1,5
253511,-2.349951,27,real,-1,6
253540,0.316206,29,real,-1,8
253571,-16.765951,31,synthetic,0,10
253594,-2.716072,23,real,-1,2
253625,-1.562971,31,real,-1,10
253655,-0.750498,30,real,-1,9
253679,-42.913535,24,synthetic,2,3
253702,-23.454331,23,synthetic,1,2
253736,-4.361245,34,synthetic,0,13
253763,-3.935312,27,real,-1,6
253794,-4.591153,31,real,-1,10
253815,-32.43379,21,synthetic,1,0
253845,0.055728,30,real,-1,9
253866,-6.487355,21,real,-1,0
253888,-9.881512,22,synthetic,0,1
253919,-1.175941,31,real,-1,10
253957,-0.880453,38,real,-1,17
253985,-2.821005,28,real,-1,7
254014,-42.584611,29,synthetic,2,8
254041,-38.55531,27,synthetic,2,6
254082,-8.586229,41,synthetic,0,20
254117,-9.108039,35,synthetic,0,14
254157,-18.565119,40,synthetic,1,19
254186,-1.383954,29,real,-1,8
254214,-29.223183,28,synthetic,1,7
254256,-28.290959,42,synthetic,2,21
254284,-10.632559,28,synthetic,0,7
254312,-9.18037,28,synthetic,0,7
254351,-16.738024,39,synthetic,1,18
254382,-6.572407,31,real,-1,10
254405,-14.015141,23,synthetic,0,2
254442,-3.998667,37,real,-1,16
254475,-1.269093,33,real,-1,12
254504,1.408892,29,real,-1,8
254529,-0.802231,25,real,-1,4
254563,-15.388308,34,synthetic,0,13
254587,2.426031,24,real,-1,3
254625,-25.183711,38,synthetic,1,17
254655,-49.151565,30,synthetic,2,9
254684,-40.385986,29,synthetic,2,8
254707,-37.077011,23,synthetic,2,2
254746,-13.684536,39,synthetic,0,18
254775,-8.807881,29,real,-1,8
254810,-2.915617,35,real,-1,14
254849,0.74747,39,real,-1,18
254875,-16.630069,26,synthetic,0,5
254896,-0.95835,21,real,-1,0
254927,-14.417587,31,real,-1,10
254952,-40.547553,25,synthetic,2,4
254990,-0.601919,38,real,-1,17
255018,-22.653406,28,synthetic,0,7
255059,-30.056367,41,synthetic,1,20
255098,-20.289346,39,synthetic,1,18
255135,1.689405,37,real,-1,16
255162,-25.907176,27,synthetic,1,6
255192,-17.359607,30,synthetic,1,9
255231,-22.63765,39,synthetic,1,18
255255,1.264811,24,real,-1,3
255293,-14.721002,38,synthetic,0,17
255323,-4.8296,30,real,-1,9
255350,-31.234974,27,synthetic,2,6
255387,0.510082,37,real,-1,16
255410,-2.926925,23,real,-1,2
255439,-33.403671,29,synthetic,2,8
255481,-1.200145,42,real,-1,21
255506,-9.827136,25,synthetic,0,4
255532,2.469528,26,real,-1,5
255554,-2.916706,22,real,-1,1
255593,-30.381907,39,synthetic,2,18
255627,-25.300878,34,synthetic,1,13
255665,-28.070862,38,synthetic,1,17
255704,-6.30625,39,real,-1,18
255734,-4.910898,30,real,-1,9
255768,-33.387705,34,synthetic,2,13
255804,-3.966889,36,real,-1,15
255841,-2.812496,37,real,-1,16
255881,-22.186589,40,synthetic,1,19
255904,-2.212726,23,real,-1,2
255925,-3.006879,21,real,-1,0
255964,-4.020495,39,real,-1,18
255995,-5.068698,31,real,-1,10
256016,-23.659596,21,synthetic,1,0
256053,-10.955003,37,synthetic,0,16
256083,-25.77085,30,synthetic,1,9
256104,-3.768642,21,real,-1,0
256140,-18.061019,36,synthetic,0,15
256166,-2.868887,26,real,-1,5
256198,-8.69443,32,synthetic,0,11
256237,-8.490006,39,real,-1,18
256278,-12.63915,41,synthetic,0,20
256318,-24.636657,40,synthetic,2,19
256357,-6.640383,39,real,-1,18
256394,-33.799976,37,synthetic,1,16
256430,-25.771425,36,synthetic,2,15
256464,0.225409,34,real,-1,13
256502,-32.548628,38,synthetic,1,17
256528,-34.437863,26,synthetic,2,5
256550,-31.142762,22,synthetic,1,1
256587,-4.254386,37,real,-1,16
256628,-10.405332,41,real,-1,20
256667,-34.339224,39,synthetic,2,18
256708,-10.460891,41,real,-1,20
256747,-0.724798,39,real,-1,18
256779,-6.755719,32,synthetic,1,11
256805,-8.422192,26,real,-1,5
256835,-23.179391,30,synthetic,0,9
256861,-3.401031,26,real,-1,5
256890,-8.264266,29,real,-1,8
256932,-0.649105,42,real,-1,21
256960,-6.297051,28,real,-1,7
257000,-43.044797,40,synthetic,2,19
257033,-27.659713,33,synthetic,1,12
257069,-6.092854,36,real,-1,15
257094,-32.778974,25,synthetic,2,4
257133,-30.817003,39,synthetic,2,18
257171,-15.562513,38,synthetic,0,17
257202,-3.403488,31,synthetic,0,10
257237,-21.365397,35,synthetic,1,14
257269,-11.147044,32,synthetic,0,11
257290,-26.140802,21,synthetic,1,0
257322,-4.775586,32,real,-1,11
257349,-0.257195,27,real,-1,6
257374,-1.032027,25,real,-1,4
257402,-8.82998,28,real,-1,7
257438,-37.576155,36,synthetic,2,15
257466,-2.803125,28,real,-1,7
257495,-39.350833,29,synthetic,2,8
257530,-19.880976,35,synthetic,1,14
257572,-0.284273,42,real,-1,21
257605,-18.499208,33,synthetic,0,12
257640,-5.017733,35,real,-1,14
257661,-33.685719,21,synthetic,2,0
257691,-22.457412,30,synthetic,1,9
257718,-14.109577,27,synthetic,0,6
257756,-1.271026,38,real,-1,17
257788,-1.552315,32,real,-1,11
257817,-2.159141,29,real,-1,8
257851,-26.994696,34,synthetic,2,13
257875,-31.660713,24,synthetic,2,3
257902,-4.170071,27,real,-1,6
257931,-5.17332,29,real,-1,8
257955,-1.642372,24,real,-1,3
257992,-12.683646,37,synthetic,0,16
258020,-32.333098,28,synthetic,2,7
258055,-23.088415,35,synthetic,0,14
258079,-3.407573,24,real,-1,3
258112,1.161518,33,real,-1,12
258139,1.334825,27,real,-1,6
258164,-43.16427,25,synthetic,2,4
258185,-3.746332,21,real,-1,0
258208,-39.892416,23,synthetic,2,2
258239,-11.684562,31,synthetic,0,10
258275,-5.914333,36,real,-1,15
258301,0.208374,26,real,-1,5
258322,-37.655202,21,synthetic,2,0
258357,-1.364499,35,real,-1,14
258386,-16.049282,29,synthetic,0,8
258412,-1.17132,26,real,-1,5
258443,-15.8225,31,synthetic,0,10
258476,-5.7471,33,real,-1,12
258507,-34.754736,31,synthetic,2,10
258544,-3.952003,37,real,-1,16
258565,-9.397518,21,real,-1,0
258587,-9.992289,22,synthetic,0,1
258610,-37.756475,23,synthetic,2,2
258645,-24.69053,35,synthetic,1,14
258674,-14.267833,29,synthetic,1,8
258716,-21.293961,42,synthetic,1,21
258739,-2.157803,23,real,-1,2
258762,0.656337,23,real,-1,2
258794,-12.323675,32,synthetic,0,11
258819,0.12593,25,real,-1,4
258861,3.661276,42,real,-1,21
258897,-12.891786,36,synthetic,0,15
258930,-43.81445,33,synthetic,2,12
258960,-7.720444,30,synthetic,0,9
258986,-15.102164,26,synthetic,0,5
259026,-36.136259,40,synthetic,1,19
259049,1.653813,23,real,-1,2
259082,-10.190592,33,synthetic,0,12
259119,-12.468461,37,synthetic,0,16
259142,-40.344691,23,synthetic,2,2
259163,-34.013529,21,synthetic,2,0
259191,-4.458963,28,real,-1,7
259218,-2.892499,27,real,-1,6
259240,0.915732,22,real,-1,1
259263,-4.50607,23,real,-1,2
259293,-5.146581,30,real,-1,9
259326,-12.921936,33,real,-1,12
259368,-1.026691,42,real,-1,21
259391,1.887714,23,real,-1,2
259432,-2.327664,41,real,-1,20
259461,-40.293043,29,synthetic,1,8
259494,-4.888041,33,real,-1,12
259533,-7.567965,39,synthetic,0,18
259557,-30.901791,24,synthetic,2,3
259595,-19.584423,38,synthetic,0,17
259616,-6.3402,21,synthetic,0,0
259646,-0.259897,30,real,-1,9
259671,7.009295,25,real,-1,4
259699,-20.20865,28,synthetic,2,7
259741,-47.242415,42,synthetic,2,21
259766,-8.098591,25,real,-1,4
259804,-7.111208,38,real,-1,17
259830,-40.570802,26,synthetic,2,5
259870,-3.332026,40,real,-1,19
259902,-8.568956,32,synthetic,0,11
259937,-41.806806,35,synthetic,2,14
259961,0.968877,24,real,-1,3
259984,-7.446604,23,synthetic,0,2
260025,-12.326528,41,synthetic,0,20
260048,0.739208,23,real,-1,2
260071,-30.384722,23,synthetic,1,2
260095,-31.482714,24,synthetic,2,3
260119,-15.594061,24,synthetic,0,3
260140,-41.281455,21,synthetic,2,0
260170,-3.212685,30,real,-1,9
260200,-22.668058,30,synthetic,1,9
260231,-5.219575,31,real,-1,10
260261,-42.789664,30,synthetic,2,9
260302,-5.370396,41,real,-1,20
260340,-5.871206,38,real,-1,17
260368,2.550102,28,real,-1,7
260407,1.086665,39,real,-1,18
260446,-11.133479,39,real,-1,18
260473,-27.846137,27,synthetic,1,6
260513,-16.580636,40,synthetic,0,19
260550,-7.241157,37,real,-1,16
260576,-0.934048,26,real,-1,5
260618,0.568189,42,real,-1,21
260658,-11.168284,40,real,-1,19
260696,-11.458568,38,synthetic,0,17
260732,-21.3931,36,synthetic,0,15
260758,-4.241564,26,synthetic,0,5
260795,1.794936,37,real,-1,16
260817,-12.214189,22,synthetic,0,1
260841,-8.665957,24,synthetic,0,3
260867,-5.521157,26,real,-1,5
260900,-21.691104,33,synthetic,1,12
260926,-0.95833,26,real,-1,5
260951,-31.332641,25,synthetic,2,4
260991,-25.322758,40,synthetic,1,19
261025,-15.274065,34,synthetic,0,13
261048,-1.588884,23,real,-1,2
261077,-25.562667,29,synthetic,1,8
261112,-33.326064,35,synthetic,1,14
261145,-15.918759,33,synthetic,1,12
261187,-0.648658,42,real,-1,21
261229,-28.79992,42,synthetic,1,21
261261,-27.327269,32,synthetic,1,11
261301,-40.971983,40,synthetic,2,19
261322,-1.940468,21,real,-1,0
261349,-4.304308,27,real,-1,6
261374,-26.779093,25,synthetic,1,4
261409,-17.407137,35,synthetic,1,14
261441,-27.2412,32,synthetic,1,11
261481,-7.031151,40,real,-1,19
261515,-28.481709,34,synthetic,1,13
261550,-6.681556,35,real,-1,14
261583,-12.31564,33,synthetic,0,12
261609,-5.728098,26,real,-1,5
261630,-37.681235,21,synthetic,2,0
261653,-3.464498,23,real,-1,2
261685,4.844604,32,real,-1,11
261706,-12.736914,21,synthetic,0,0
261748,1.35127,42,real,-1,21
261789,1.882871,41,real,-1,20
261823,-32.283383,34,synthetic,1,13
261853,-3.05697,30,real,-1,9
261881,-3.07735,28,real,-1,7
261914,-2.61976,33,real,-1,12
261951,-32.357448,37,synthetic,2,16
261985,-13.286359,34,synthetic,0,13
262024,-1.075668,39,real,-1,18
262045,-0.058158,21,real,-1,0
262066,-35.063828,21,synthetic,2,0
262092,-6.528577,26,real,-1,5
262125,-10.893117,33,real,-1,12
262158,0.850915,33,real,-1,12
262188,-7.738699,30,real,-1,9
262219,-10.615158,31,synthetic,0,10
262243,-11.584171,24,real,-1,3
262268,-4.033515,25,real,-1,4
262302,-36.152968,34,synthetic,2,13
262339,-2.167459,37,real,-1,16
262379,-8.989891,40,synthetic,0,19
262420,-17.927237,41,synthetic,0,20
262457,-14.930579,37,synthetic,0,16
262485,-10.850293,28,real,-1,7
262516,-14.070653,31,synthetic,0,10
262552,-54.950431,36,synthetic,2,15
262582,-8.252634,30,real,-1,9
262603,-13.341572,21,synthetic,0,0
262636,-24.696803,33,synthetic,0,12
262664,-27.161466,28,synthetic,2,7
262697,-29.672569,33,synthetic,2,12
262721,-30.23847,24,synthetic,2,3
262755,-0.412703,34,real,-1,13
262789,-4.763417,34,real,-1,13
262816,-13.661576,27,real,-1,6
262844,-1.514324,28,real,-1,7
262880,-5.190553,36,real,-1,15
262916,-24.545854,36,synthetic,1,15
262947,-29.073256,31,synthetic,2,10
262981,-8.638661,34,real,-1,13
263014,-22.107673,33,synthetic,0,12
263049,-21.941638,35,synthetic,1,14
263079,-0.010914,30,real,-1,9
263100,0.607247,21,real,-1,0
263142,-14.315731,42,synthetic,0,21
263163,1.119045,21,real,-1,0
263203,-6.182305,40,real,-1,19
263228,-1.663694,25,real,-1,4
263257,-37.783541,29,synthetic,2,8
263297,-25.439409,40,synthetic,1,19
263325,-32.067097,28,synthetic,2,7
263352,-0.071491,27,real,-1,6
263379,-31.73874,27,synthetic,2,6
263417,-5.394919,38,real,-1,17
263451,-21.628872,34,synthetic,1,13
263482,-16.280674,31,synthetic,0,10
263513,-14.53999,31,synthetic,1,10
263542,1.008581,29,real,-1,8
263573,-9.312171,31,synthetic,0,10
263598,-37.496096,25,synthetic,2,4
263639,-24.063527,41,synthetic,1,20
263669,-7.099443,30,real,-1,9
263693,-21.732342,24,synthetic,1,3
263722,-40.713149,29,synthetic,2,8
263746,-3.927438,24,real,-1,3
263775,-1.578401,29,real,-1,8
263814,-13.808868,39,synthetic,1,18
263847,-1.931682,33,real,-1,12
263871,-33.081943,24,synthetic,2,3
263913,-5.758979,42,real,-1,21
263953,-0.759776,40,real,-1,19
263981,-21.765799,28,synthetic,1,7
264019,-0.03171,38,real,-1,17
264043,-31.295016,24,synthetic,1,3
264085,-2.077528,42,real,-1,21
264114,-0.247915,29,real,-1,8
264151,-14.061348,37,synthetic,1,16
264172,-0.696202,21,real,-1,0
264197,-19.112215,25,synthetic,1,4
264239,-16.530225,42,synthetic,1,21
264273,-5.149918,34,real,-1,13
264300,-24.944149,27,synthetic,2,6
264329,2.604493,29,real,-1,8
264362,-11.978811,33,real,-1,12
264401,-39.331508,39,synthetic,2,18
264423,-26.628451,22,synthetic,1,1
264445,-42.76517,22,synthetic,2,1
264475,-16.899205,30,synthetic,1,9
264511,-30.622069,36,synthetic,2,15
264537,-37.910924,26,synthetic,2,5
264572,-29.661741,35,synthetic,2,14
264606,-5.961272,34,real,-1,13
264636,-17.23967,30,synthetic,0,9
264668,-3.404729,32,real,-1,11
264690,-23.766171,22,synthetic,1,1
264720,-5.891699,30,real,-1,9
264746,-3.046022,26,real,-1,5
264776,-28.301926,30,synthetic,1,9
264810,-40.946863,34,synthetic,2,13
264835,-4.922046,25,real,-1,4
264858,-38.227344,23,synthetic,2,2
264895,-4.817295,37,real,-1,16
264916,-27.248385,21,synthetic,1,0
264937,-8.361082,21,synthetic,0,0
264970,-10.608175,33,real,-1,12
264991,-39.736178,21,synthetic,2,0
265012,-21.108627,21,synthetic,1,0
265036,-19.213641,24,synthetic,1,3
265076,-11.826517,40,real,-1,19
265112,-39.114763,36,synthetic,2,15
265143,3.644852,31,real,-1,10
265178,-9.427745,35,real,-1,14
265220,-20.450342,42,synthetic,0,21
265262,-15.526173,42,synthetic,0,21
265287,-33.786903,25,synthetic,2,4
265316,-11.932458,29,synthetic,0,8
265352,-1.878439,36,real,-1,15
265390,-39.094704,38,synthetic,2,17
265427,-8.01355,37,real,-1,16
265448,-3.975755,21,real,-1,0
265486,-10.426513,38,synthetic,0,17
265508,-23.781701,22,synthetic,1,1
265539,-16.727964,31,synthetic,0,10
265567,-45.072972,28,synthetic,2,7
265602,-29.570907,35,synthetic,2,14
265642,-32.300081,40,synthetic,1,19
265679,0.506397,37,real,-1,16
265706,-31.286596,27,synthetic,2,6
265728,-5.343897,22,real,-1,1
265764,-27.523284,36,synthetic,1,15
265791,-46.316069,27,synthetic,2,6
265818,-10.825732,27,real,-1,6
265846,-17.128984,28,synthetic,1,7
265879,-11.133958,33,real,-1,12
265913,-0.712051,34,real,-1,13
265935,-18.864334,22,synthetic,2,1
265977,-9.129372,42,synthetic,0,21
266010,-6.613049,33,real,-1,12
266032,-2.059671,22,real,-1,1
266070,-39.90949,38,synthetic,2,17
266104,-29.26618,34,synthetic,2,13
266132,-13.476592,28,real,-1,7
266153,-27.568471,21,synthetic,2,0
266182,-30.432092,29,synthetic,1,8
266221,3.726189,39,real,-1,18
266245,-10.086866,24,synthetic,0,3
266286,-6.548981,41,real,-1,20
266311,-6.671839,25,real,-1,4
266346,0.60919,35,real,-1,14
266381,-25.799466,35,synthetic,1,14
266407,-39.571712,26,synthetic,2,5
266444,-55.076671,37,synthetic,2,16
266470,-12.824608,26,synthetic,0,5
266494,-1.188117,24,real,-1,3
266528,-0.077318,34,real,-1,13
266560,-9.349144,32,real,-1,11
266585,0.457793,25,real,-1,4
266618,-1.338078,33,real,-1,12
266657,-26.448299,39,synthetic,1,18
266681,-4.964387,24,real,-1,3
266721,-4.243557,40,real,-1,19
266760,-23.942186,39,synthetic,1,18
266799,-14.705205,39,synthetic,0,18
266839,-33.917702,40,synthetic,1,19
266879,-2.665281,40,real,-1,19
266917,-6.806183,38,real,-1,17
266946,-7.142035,29,synthetic,0,8
266983,-2.720382,37,real,-1,16
267009,1.189625,26,real,-1,5
267043,-30.180617,34,synthetic,1,13
267083,-45.175453,40,synthetic,2,19
267120,-5.518762,37,real,-1,16
267148,-11.284563,28,synthetic,0,7
267173,-19.639673,25,synthetic,1,4
267207,-24.568656,34,synthetic,1,13
267233,-4.096922,26,real,-1,5
267268,2.31568,35,real,-1,14
267305,-5.682753,37,real,-1,16
267331,-19.63196,26,synthetic,0,5
267366,-18.326518,35,synthetic,0,14
267407,-22.688329,41,synthetic,1,20
267443,-35.735252,36,synthetic,2,15
267483,6.457417,40,real,-1,19
267514,-35.112033,31,synthetic,2,10
267544,-26.014564,30,synthetic,1,9
267567,-2.655473,23,real,-1,2
267605,-2.040627,38,real,-1,17
267641,-13.14579,36,synthetic,0,15
267672,-0.017526,31,real,-1,10
267701,-37.194216,29,synthetic,2,8
267739,-6.600106,38,real,-1,17
267778,-9.712969,39,synthetic,0,18
267802,-23.652962,24,synthetic,1,3
267830,-29.921697,28,synthetic,1,7
267856,-30.245384,26,synthetic,2,5
267882,-20.645106,26,synthetic,0,5
267914,-3.613979,32,real,-1,11
267954,-24.881134,40,synthetic,1,19
267993,-1.696658,39,real,-1,18
268019,-21.179411,26,synthetic,1,5
268056,-52.148945,37,synthetic,2,16
268080,-9.758087,24,synthetic,0,3
268117,-0.491353,37,real,-1,16
268146,-35.2628,29,synthetic,2,8
268184,-28.558525,38,synthetic,2,17
268217,0.085771,33,real,-1,12
268240,-7.876246,23,real,-1,2
268272,-33.633617,32,synthetic,1,11
268295,-18.92808,23,synthetic,1,2
268328,-4.774007,33,real,-1,12
268349,-2.283217,21,real,-1,0
268371,-10.000104,22,real,-1,1
268404,-34.462798,33,synthetic,2,12
268426,-10.875461,22,synthetic,0,1
268449,-16.827042,23,synthetic,0,2
268488,-32.969074,39,synthetic,2,18
268526,-7.390088,38,real,-1,17
268553,-26.893482,27,synthetic,1,6
268585,-7.838739,32,real,-1,11
268623,-28.438618,38,synthetic,2,17
268651,4.660543,28,real,-1,7
268678,-1.558028,27,real,-1,6
268711,-32.931359,33,synthetic,2,12
268749,-16.747693,38,real,-1,17
268783,-6.178059,34,real,-1,13
268814,-27.367221,31,synthetic,1,10
268853,-29.812561,39,synthetic,2,18
268881,-39.095083,28,synthetic,2,7
268912,-4.686184,31,real,-1,10
268953,-6.391137,41,real,-1,20
268981,-10.277039,28,synthetic,0,7
269022,-39.239226,41,synthetic,1,20
269046,-4.295956,24,real,-1,3
269088,-19.646379,42,synthetic,0,21
269122,-9.897169,34,real,-1,13
269150,0.348712,28,real,-1,7
269189,-10.525921,39,synthetic,0,18
269224,-3.723727,35,real,-1,14
269256,-25.325048,32,synthetic,1,11
269297,-3.7899,41,real,-1,20
269322,-3.016342,25,real,-1,4
269357,1.640205,35,real,-1,14
269392,-6.365277,35,synthetic,0,14
269431,-31.803524,39,synthetic,2,18
269452,1.688053,21,real,-1,0
269490,-39.558967,38,synthetic,2,17
269515,-45.421215,25,synthetic,2,4
269542,-12.95648,27,synthetic,0,6
269580,-24.897582,38,synthetic,1,17
269605,-16.899073,25,synthetic,0,4
269630,-33.524638,25,synthetic,2,4
269670,-10.856184,40,real,-1,19
269691,-24.187905,21,synthetic,1,0
269722,-19.58684,31,synthetic,1,10
269755,-17.932351,33,synthetic,1,12
269779,-9.776933,24,real,-1,3
269806,-0.977891,27,real,-1,6
269831,-18.806411,25,synthetic,1,4
269858,-27.609516,27,synthetic,1,6
269895,-32.223723,37,synthetic,1,16
269935,-24.517637,40,synthetic,1,19
269966,-21.992471,31,synthetic,1,10
270004,-46.990239,38,synthetic,2,17
270036,-5.061699,32,real,-1,11
270078,-12.844855,42,synthetic,1,21
270110,-3.082254,32,real,-1,11
270150,-9.160585,40,real,-1,19
270186,-6.901784,36,real,-1,15
270209,-3.017248,23,real,-1,2
270249,-30.769649,40,synthetic,2,19
270283,-16.759467,34,synthetic,0,13
270321,-6.025731,38,real,-1,17
270358,-40.104278,37,synthetic,2,16
270400,-7.325105,42,real,-1,21
270441,-28.303723,41,synthetic,1,20
270472,-34.046584,31,synthetic,2,10
270496,-1.452379,24,real,-1,3
270532,-6.597287,36,real,-1,15
270574,-34.640833,42,synthetic,2,21
270603,-6.088791,29,real,-1,8
270632,1.791859,29,real,-1,8
270653,0.099879,21,real,-1,0
270692,-3.545889,39,real,-1,18
270732,-33.272751,40,synthetic,2,19
270759,6.822862,27,real,-1,6
270799,-5.867058,40,real,-1,19
270820,-12.728198,21,synthetic,0,0
270853,-39.178147,33,synthetic,2,12
270890,-2.132959,37,real,-1,16
270922,-3.222722,32,real,-1,11
270944,-9.282608,22,synthetic,0,1
270984,-0.113225,40,real,-1,19
271022,-28.938518,38,synthetic,2,17
271055,-47.349653,33,synthetic,2,12
271080,-34.304907,25,synthetic,2,4
271104,-5.261455,24,real,-1,3
271134,-24.460508,30,synthetic,1,9
271167,-15.696687,33,synthetic,0,12
271197,-4.010043,30,real,-1,9
271237,-5.115548,40,real,-1,19
271273,-37.394758,36,synthetic,2,15
271312,-3.912265,39,real,-1,18
271338,6.969812,26,real,-1,5
271376,2.812038,38,real,-1,17
271415,-11.759148,39,synthetic,0,18
271455,-6.428039,40,synthetic,0,19
271488,-50.873323,33,synthetic,2,12
271530,-26.283591,42,synthetic,0,21
271570,-17.305886,40,synthetic,1,19
271592,-22.078273,22,synthetic,2,1
271626,-8.02239,34,real,-1,13
271648,-29.231647,22,synthetic,2,1
271672,-24.572166,24,synthetic,1,3
271701,-28.758874,29,synthetic,2,8
271726,-7.88833,25,synthetic,0,4
271762,-3.82479,36,real,-1,15
271799,-24.579413,37,synthetic,1,16
271824,0.21888,25,real,-1,4
271863,-7.341578,39,real,-1,18
271901,-8.643193,38,real,-1,17
271937,-20.859977,36,synthetic,2,15
271968,-6.420385,31,real,-1,10
272009,-9.105378,41,real,-1,20
272033,2.355387,24,real,-1,3
272070,-39.150278,37,synthetic,2,16
272108,-20.027016,38,synthetic,0,17
272142,-36.437652,34,synthetic,1,13
272181,-14.884759,39,synthetic,0,18
272222,-0.58681,41,real,-1,20
272254,-22.807195,32,synthetic,1,11
272296,-5.695469,42,real,-1,21
272321,2.162287,25,real,-1,4
272350,-34.172542,29,synthetic,2,8
272373,-24.819342,23,synthetic,1,2
272399,-44.770439,26,synthetic,2,5
272424,-2.116092,25,real,-1,4
272465,-24.53897,41,synthetic,2,20
272506,-31.076616,41,synthetic,2,20
272540,-5.232324,34,real,-1,13
272572,-19.301327,32,synthetic,1,11
272600,-0.138197,28,real,-1,7
272633,-41.158644,33,synthetic,2,12
272673,-5.754602,40,real,-1,19
272702,-35.115586,29,synthetic,2,8
272730,-24.826523,28,synthetic,1,7
272765,-16.084851,35,synthetic,0,14
272806,-41.529108,41,synthetic,2,20
272838,-10.542239,32,synthetic,0,11
272874,-27.497918,36,synthetic,2,15
272905,-12.179976,31,synthetic,0,10
272944,1.482127,39,real,-1,18
272971,-22.698571,27,synthetic,1,6
273009,-21.391693,38,synthetic,1,17
273048,-41.423803,39,synthetic,2,18
273072,-0.874979,24,real,-1,3
273112,-25.640476,40,synthetic,1,19
273134,-15.018243,22,synthetic,1,1
273158,-5.678134,24,real,-1,3
273192,-0.448446,34,real,-1,13
273228,-17.569654,36,synthetic,0,15
273254,-5.809201,26,real,-1,5
273295,-6.60845,41,real,-1,20
273321,-14.520236,26,synthetic,0,5
273348,1.033946,27,real,-1,6
273385,-13.46011,37,synthetic,0,16
273420,-8.24196,35,synthetic,0,14
273456,-2.073449,36,real,-1,15
273482,-4.046679,26,real,-1,5
273517,-24.286583,35,synthetic,1,14
273545,-23.487826,28,synthetic,1,7
273569,-1.697522,24,real,-1,3
273598,-29.675822,29,synthetic,1,8
273630,-8.823379,32,synthetic,0,11
273663,-5.157614,33,real,-1,12
273699,0.257325,36,real,-1,15
273738,-25.046596,39,synthetic,1,18
273777,-36.554944,39,synthetic,1,18
273798,-0.397086,21,real,-1,0
273836,-18.944424,38,synthetic,1,17
273877,-15.707462,41,synthetic,0,20
273908,-5.392907,31,real,-1,10
273937,-16.68345,29,synthetic,1,8
273975,-32.721634,38,synthetic,1,17
274002,-6.903691,27,real,-1,6
274044,-0.684258,42,real,-1,21
274073,-21.168806,29,synthetic,1,8
274114,0.709526,41,real,-1,20
274135,1.289379,21,real,-1,0
274159,2.346963,24,real,-1,3
274185,1.342062,26,real,-1,5
274217,-8.552508,32,synthetic,0,11
274247,-30.021804,30,synthetic,1,9
274268,-33.34422,21,synthetic,2,0
274292,-50.00052,24,synthetic,2,3
274330,-3.754657,38,real,-1,17
274359,-11.674275,29,synthetic,0,8
274400,-3.868557,41,synthetic,0,20
274427,1.75016,27,real,-1,6
274462,-0.999077,35,real,-1,14
274494,-14.047473,32,synthetic,0,11
274526,-7.005686,32,real,-1,11
274550,-26.686118,24,synthetic,1,3
274581,-42.393009,31,synthetic,2,10
274619,-26.669135,38,synthetic,0,17
274645,-23.234187,26,synthetic,1,5
274680,-7.58321,35,real,-1,14
274708,-0.044991,28,real,-1,7
274740,-4.537223,32,real,-1,11
274777,-4.396399,37,real,-1,16
274817,-8.711675,40,synthetic,0,19
274839,1.120535,22,real,-1,1
274863,-15.383745,24,synthetic,2,3
274890,-28.278818,27,synthetic,1,6
274922,-20.51304,32,synthetic,1,11
274946,-15.721262,24,synthetic,0,3
274980,-35.010879,34,synthetic,2,13
275014,-10.555276,34,real,-1,13
275035,0.822018,21,real,-1,0
275063,-0.4028,28,real,-1,7
275092,-26.387235,29,synthetic,2,8
275131,-8.991587,39,synthetic,0,18
275155,-1.842564,24,real,-1,3
275180,2.150189,25,real,-1,4
275217,-16.768642,37,synthetic,0,16
275243,-17.8055,26,synthetic,1,5
275282,3.117362,39,real,-1,18
275305,-4.238347,23,real,-1,2
275338,-36.440968,33,synthetic,2,12
275373,-21.343355,35,synthetic,1,14
275395,-4.565963,22,real,-1,1
275420,-5.664349,25,real,-1,4
275458,-12.025166,38,real,-1,17
275494,-14.576229,36,real,-1,15
275531,-31.746843,37,synthetic,2,16
275553,-10.28855,22,synthetic,0,1
275591,-12.057807,38,real,-1,17
275626,-38.799915,35,synthetic,2,14
275663,-23.302166,37,synthetic,1,16
275693,9.903135,30,real,-1,9
275735,-6.366391,42,synthetic,0,21
275764,-13.498693,29,synthetic,0,8
275788,-43.044056,24,synthetic,2,3
275815,-31.258427,27,synthetic,2,6
275840,-7.623381,25,real,-1,4
275879,-5.568177,39,real,-1,18
275908,-15.126733,29,synthetic,0,8
275934,1.452099,26,real,-1,5
275964,-33.744967,30,synthetic,2,9
276000,-2.11311,36,real,-1,15
276032,-3.451726,32,real,-1,11
276054,-26.767928,22,synthetic,1,1
276094,-1.700774,40,real,-1,19
276123,-32.662922,29,synthetic,2,8
276162,-2.126949,39,real,-1,18
276190,-4.107257,28,real,-1,7
276224,-31.461798,34,synthetic,1,13
276250,-15.547694,26,synthetic,0,5
276291,-27.963043,41,synthetic,1,20
276322,-2.612516,31,real,-1,10
276358,-26.910455,36,synthetic,1,15
276383,0.086911,25,real,-1,4
276424,-2.640055,41,real,-1,20
276464,1.710631,40,real,-1,19
276494,-13.233844,30,real,-1,9
276525,-4.599489,31,real,-1,10
276556,1.180358,31,real,-1,10
276580,-4.053672,24,real,-1,3
276622,-15.229327,42,synthetic,0,21
276658,-4.952545,36,real,-1,15
276699,-17.803621,41,real,-1,20
276722,-1.43337,23,real,-1,2
276758,0.199478,36,real,-1,15
276790,-10.390809,32,real,-1,11
276814,-28.649963,24,synthetic,1,3
276849,-6.500817,35,real,-1,14
276884,-6.044355,35,real,-1,14
276920,-1.55385,36,real,-1,15
276958,-1.419701,38,real,-1,17
277000,-8.522654,42,real,-1,21
277027,-7.333046,27,real,-1,6
277068,-8.307596,41,real,-1,20
277090,-13.411493,22,synthetic,0,1
277113,-33.818105,23,synthetic,2,2
277138,0.265484,25,real,-1,4
277160,-2.342143,22,real,-1,1
277192,-37.455236,32,synthetic,2,11
277225,-24.212399,33,synthetic,1,12
277250,-24.213928,25,synthetic,1,4
277282,-32.887743,32,synthetic,2,11
277315,-2.773944,33,real,-1,12
277349,-18.254197,34,synthetic,1,13
277379,-37.934184,30,synthetic,2,9
277416,-41.285314,37,synthetic,2,16
277449,-0.250333,33,real,-1,12
277477,-6.392466,28,synthetic,0,7
277500,-5.470813,23,synthetic,0,2
277526,-23.346134,26,synthetic,1,5
277560,-4.506827,34,real,-1,13
277593,2.422053,33,real,-1,12
277622,-14.804218,29,synthetic,0,8
277645,-21.100662,23,synthetic,1,2
277669,-5.414844,24,real,-1,3
277699,-8.374381,30,synthetic,0,9
277736,-5.881505,37,real,-1,16
277757,-2.898934,21,real,-1,0
277790,-21.233905,33,synthetic,1,12
277817,-16.185341,27,synthetic,0,6
277845,-30.963083,28,synthetic,2,7
277882,-1.149903,37,real,-1,16
277903,-12.159631,21,synthetic,0,0
277939,-28.251873,36,synthetic,1,15
277968,-14.211015,29,synthetic,1,8
277999,-4.136781,31,real,-1,10
278021,-5.884953,22,real,-1,1
278049,-12.624536,28,real,-1,7
278078,-2.166443,29,real,-1,8
278102,-11.651424,24,synthetic,0,3
278125,-13.448271,23,synthetic,0,2
278161,-19.520197,36,synthetic,0,15
278183,-17.015752,22,synthetic,1,1
278223,-2.150149,40,real,-1,19
278245,-27.82217,22,synthetic,2,1
278273,-2.711682,28,synthetic,0,7
278295,-1.634546,22,real,-1,1
278333,-2.852796,38,real,-1,17
278355,-1.962681,22,real,-1,1
278393,-9.809899,38,synthetic,0,17
278422,-31.628119,29,synthetic,2,8
278459,-12.031538,37,synthetic,0,16
278490,-43.176303,31,synthetic,2,10
278516,-32.036952,26,synthetic,2,5
278550,-1.833776,34,real,-1,13
278577,-3.422069,27,real,-1,6
278608,1.628844,31,real,-1,10
278645,2.724869,37,real,-1,16
278687,-21.900565,42,synthetic,1,21
278710,-8.154787,23,real,-1,2
278747,-10.005736,37,synthetic,0,16
278787,0.409238,40,real,-1,19
278819,-7.652505,32,real,-1,11
278847,-3.644115,28,real,-1,7
278868,-22.258658,21,synthetic,1,0
278889,2.818251,21,real,-1,0
278912,1.073223,23,real,-1,2
278952,-2.487669,40,real,-1,19
278982,-2.668154,30,real,-1,9
279011,-28.089493,29,synthetic,1,8
279050,-3.236487,39,real,-1,18
279089,-20.0531,39,synthetic,1,18
279129,2.837131,40,real,-1,19
279170,-20.073397,41,synthetic,1,20
279208,-5.817248,38,real,-1,17
279245,-35.695571,37,synthetic,2,16
279284,-21.021353,39,synthetic,0,18
279321,-23.206952,37,synthetic,1,16
279356,3.565498,35,real,-1,14
279385,-9.242224,29,synthetic,0,8
279409,-2.086239,24,real,-1,3
279446,-43.275749,37,synthetic,2,16
279475,-6.233311,29,real,-1,8
279513,-1.675988,38,real,-1,17
279543,-22.208323,30,synthetic,1,9
279577,-32.803232,34,synthetic,2,13
279618,-11.335983,41,real,-1,20
279658,4.784194,40,real,-1,19
279682,-0.829522,24,real,-1,3
279703,-10.563142,21,synthetic,0,0
279730,-11.067767,27,synthetic,0,6
279759,-2.275358,29,real,-1,8
279786,4.573628,27,real,-1,6
279826,-7.663658,40,real,-1,19
279858,-13.462858,32,synthetic,0,11
279884,-9.862355,26,synthetic,0,5
279911,-32.559489,27,synthetic,1,6
279936,-26.014822,25,synthetic,1,4
279964,-25.720763,28,synthetic,1,7
279990,-19.297999,26,synthetic,0,5
280032,1.12515,42,real,-1,21
280065,-11.075092,33,synthetic,0,12
280098,-7.249864,33,real,-1,12
280140,-17.651657,42,real,-1,21
280164,-15.482774,24,synthetic,0,3
280189,-16.823479,25,synthetic,1,4
280219,-44.746877,30,synthetic,2,9
280246,-3.577638,27,real,-1,6
280283,-1.782559,37,real,-1,16
280311,-11.795889,28,synthetic,0,7
280339,-1.03735,28,real,-1,7
280372,-39.314584,33,synthetic,2,12
280396,-25.948111,24,synthetic,1,3
280417,-3.623478,21,real,-1,0
280439,-4.001538,22,real,-1,1
280475,-23.94706,36,synthetic,1,15
280501,-35.559071,26,synthetic,2,5
280537,-27.630924,36,synthetic,1,15
280558,0.980547,21,real,-1,0
280587,-40.860351,29,synthetic,2,8
280624,-22.262974,37,synthetic,1,16
280650,-4.587887,26,real,-1,5
280689,-12.692158,39,real,-1,18
280719,-3.54234,30,real,-1,9
280744,-29.246587,25,synthetic,1,4
280782,-27.175847,38,synthetic,1,17
280817,-1.464697,35,real,-1,14
280840,-40.705957,23,synthetic,2,2
280882,0.116826,42,real,-1,21
280907,-7.437663,25,real,-1,4
280930,-19.651868,23,synthetic,1,2
280970,4.767387,40,real,-1,19
280996,-38.626669,26,synthetic,2,5
281026,0.472395,30,real,-1,9
281062,-5.102096,36,real,-1,15
281095,-15.851249,33,synthetic,0,12
281119,-34.647504,24,synthetic,2,3
281148,-6.604731,29,real,-1,8
281186,-6.869865,38,real,-1,17
281227,-21.976115,41,synthetic,0,20
281254,-12.102537,27,synthetic,0,6
281285,-3.294071,31,real,-1,10
281323,-6.726841,38,real,-1,17
281349,-14.359991,26,synthetic,0,5
281374,-4.193135,25,real,-1,4
281397,-14.846903,23,synthetic,0,2
281419,-4.914619,22,real,-1,1
281440,-21.58034,21,synthetic,1,0
281464,-22.270876,24,synthetic,1,3
281490,-26.366423,26,synthetic,1,5
281516,-21.70621,26,synthetic,1,5
281547,-10.524257,31,synthetic,0,10
281568,-11.63743,21,synthetic,0,0
281596,-4.210313,28,real,-1,7
281634,-24.727755,38,synthetic,1,17
281671,-33.575304,37,synthetic,2,16
281703,-9.447565,32,synthetic,0,11
281732,-42.306208,29,synthetic,2,8
281756,-16.240143,24,synthetic,0,3
281795,-28.399441,39,synthetic,2,18
281820,1.538597,25,real,-1,4
281846,1.603749,26,real,-1,5
281879,5.911483,33,real,-1,12
281909,-33.555179,30,synthetic,2,9
281937,-45.23703,28,synthetic,2,7
281964,-14.764624,27,synthetic,0,6
282003,-11.140616,39,synthetic,0,18
282044,-15.146321,41,synthetic,1,20
282080,-16.299729,36,synthetic,0,15
282116,-5.668126,36,real,-1,15
282155,-24.452074,39,synthetic,2,18
282189,-40.751227,34,synthetic,2,13
282223,-0.981772,34,real,-1,13
282252,-12.545095,29,real,-1,8
282274,-8.012918,22,synthetic,0,1
282314,-1.876886,40,real,-1,19
282354,-49.318752,40,synthetic,2,19
282377,-12.110373,23,synthetic,0,2
282410,-4.659091,33,real,-1,12
282445,-13.240375,35,synthetic,0,14
282468,-2.809482,23,real,-1,2
282506,-5.268542,38,real,-1,17
282533,-5.299233,27,real,-1,6
282562,-9.403789,29,real,-1,8
282589,-1.354138,27,real,-1,6
282618,-2.302353,29,real,-1,8
282654,-27.706939,36,synthetic,2,15
282687,-24.017304,33,synthetic,0,12
282713,0.037571,26,real,-1,5
282753,5.958391,40,real,-1,19
282775,-3.841964,22,real,-1,1
282801,-18.484824,26,synthetic,1,5
282824,-40.128129,23,synthetic,2,2
282850,-4.377049,26,synthetic,0,5
282880,-1.302449,30,real,-1,9
282903,-16.709064,23,synthetic,0,2
282937,-0.583383,34,real,-1,13
282973,-41.45859,36,synthetic,2,15
283002,-12.760999,29,synthetic,0,8
283041,-13.620866,39,synthetic,0,18
283065,-26.617617,24,synthetic,1,3
283101,-9.053687,36,synthetic,0,15
283126,-38.383102,25,synthetic,2,4
283164,-4.764985,38,real,-1,17
283199,-36.446827,35,synthetic,2,14
283232,-2.856239,33,real,-1,12
283261,-35.314056,29,synthetic,2,8
283301,-14.881308,40,synthetic,0,19
283341,-11.550568,40,real,-1,19
283369,-3.538116,28,real,-1,7
283391,-10.820627,22,real,-1,1
283418,-3.573519,27,real,-1,6
283444,-10.623957,26,synthetic,0,5
283468,-26.795764,24,synthetic,1,3
283510,-20.642662,42,synthetic,1,21
283536,0.320856,26,real,-1,5
283559,-26.023236,23,synthetic,1,2
283589,-11.47079,30,real,-1,9
283624,-5.467433,35,real,-1,14
283649,-19.78422,25,synthetic,1,4
283687,-19.767029,38,synthetic,0,17
283717,-45.774527,30,synthetic,2,9
283738,-1.771644,21,real,-1,0
283761,-2.029942,23,real,-1,2
283785,-13.353182,24,synthetic,0,3
283811,0.864428,26,real,-1,5
283850,-9.375774,39,real,-1,18
283876,-0.312677,26,real,-1,5
283904,-19.484827,28,synthetic,1,7
283943,-10.424283,39,real,-1,18
283969,-11.564232,26,synthetic,0,5
283994,-20.622252,25,synthetic,1,4
284033,-46.364027,39,synthetic,2,18
284059,-6.446861,26,real,-1,5
284082,-26.376561,23,synthetic,1,2
284107,-7.732473,25,real,-1,4
284141,-1.295713,34,real,-1,13
284166,-1.725534,25,real,-1,4
284193,-2.188988,27,real,-1,6
284233,-8.513579,40,real,-1,19
284256,-0.955086,23,real,-1,2
284288,-0.645735,32,real,-1,11
284316,1.062472,28,real,-1,7
284349,-1.870459,33,real,-1,12
284382,-28.1067,33,synthetic,2,12
284414,-16.440938,32,synthetic,1,11
284441,-21.554765,27,synthetic,1,6
284464,-5.786916,23,real,-1,2
284501,-3.929907,37,real,-1,16
284542,-3.1635,41,real,-1,20
284578,-17.546074,36,synthetic,0,15
284616,-5.511685,38,real,-1,17
284653,-1.600628,37,real,-1,16
284674,-0.321355,21,real,-1,0
284707,-14.530647,33,synthetic,0,12
284740,-25.750658,33,synthetic,1,12
284770,-10.494158,30,synthetic,0,9
284807,-36.047865,37,synthetic,2,16
284847,-5.857119,40,real,-1,19
284868,-34.547673,21,synthetic,2,0
284894,-30.308775,26,synthetic,2,5
284929,-0.535659,35,real,-1,14
284961,-1.349392,32,real,-1,11
284991,-6.435415,30,real,-1,9
285014,-29.034943,23,synthetic,1,2
285045,-13.932242,31,synthetic,0,10
285083,-45.008845,38,synthetic,2,17
285117,-38.200435,34,synthetic,2,13
285147,-25.681842,30,synthetic,1,9
285184,-22.224503,37,synthetic,1,16
285207,-30.874885,23,synthetic,2,2
285249,2.064012,42,real,-1,21
285286,-26.959256,37,synthetic,1,16
285317,-1.023392,31,real,-1,10
285340,-23.487847,23,synthetic,2,2
285363,-17.030783,23,synthetic,0,2
285387,-31.246785,24,synthetic,1,3
285418,-22.269511,31,synthetic,1,10
285459,-12.579132,41,real,-1,20
285499,-6.139894,40,real,-1,19
285533,-5.663167,34,synthetic,0,13
285556,2.150543,23,real,-1,2
285592,-10.4275,36,real,-1,15
285619,-20.598658,27,synthetic,1,6
285653,1.72324,34,real,-1,13
285689,-5.094622,36,real,-1,15
285721,0.101841,32,real,-1,11
285750,-37.611926,29,synthetic,2,8
285783,-31.138809,33,synthetic,2,12
285814,-35.988553,31,synthetic,2,10
285846,-25.465163,32,synthetic,1,11
285886,-46.304947,40,synthetic,2,19
285927,-23.867755,41,synthetic,1,20
285958,3.151047,31,real,-1,10
285988,-50.920565,30,synthetic,2,9
286023,-2.336325,35,real,-1,14
286044,-6.057897,21,real,-1,0
286084,-46.438838,40,synthetic,2,19
286124,-2.688245,40,real,-1,19
286165,-5.138924,41,synthetic,0,20
286199,-7.561393,34,synthetic,0,13
286223,-5.605803,24,real,-1,3
286246,-33.764256,23,synthetic,1,2
286287,-0.942623,41,real,-1,20
286322,1.769737,35,real,-1,14
286356,-0.966464,34,real,-1,13
286391,-3.216761,35,real,-1,14
286428,-2.013921,37,real,-1,16
286461,-18.84379,33,synthetic,1,12
286503,-4.211331,42,real,-1,21
286537,-11.507834,34,synthetic,0,13
286565,-13.384545,28,synthetic,0,7
286606,-21.584747,41,synthetic,1,20
286632,-10.317914,26,real,-1,5
286666,-0.660148,34,real,-1,13
286697,-1.329741,31,real,-1,10
286731,-17.234642,34,synthetic,0,13
286752,-7.413411,21,synthetic,0,0
286775,-8.456051,23,real,-1,2
286806,-24.334742,31,synthetic,1,10
286835,-14.160061,29,synthetic,0,8
286868,0.171929,33,real,-1,12
286903,-33.581056,35,synthetic,2,14
286932,-5.232543,29,real,-1,8
286969,-19.321678,37,synthetic,0,16
286999,-0.001417,30,real,-1,9
287040,1.52829,41,real,-1,20
287069,-36.371385,29,synthetic,1,8
287103,-29.97851,34,synthetic,2,13
287126,-1.555126,23,real,-1,2
287168,-18.599947,42,synthetic,0,21
287202,-9.624704,34,real,-1,13
287239,-12.722118,37,synthetic,0,16
287260,1.858888,21,real,-1,0
287284,-23.826953,24,synthetic,1,3
287316,-4.066955,32,real,-1,11
287352,-27.304893,36,synthetic,1,15
287376,-20.797369,24,synthetic,0,3
287413,-8.380283,37,real,-1,16
287448,-29.935723,35,synthetic,1,14
287489,-2.613885,41,real,-1,20
287520,-12.309467,31,real,-1,10
287546,-7.535185,26,synthetic,0,5
287580,-20.343991,34,synthetic,0,13
287612,-9.483548,32,synthetic,0,11
287646,-7.248245,34,synthetic,0,13
287682,-2.948361,36,real,-1,15
287712,-30.460969,30,synthetic,1,9
287737,-5.205111,25,real,-1,4
287762,-24.731702,25,synthetic,2,4
287797,-6.791541,35,real,-1,14
287837,-37.975769,40,synthetic,2,19
287873,-11.547321,36,synthetic,0,15
287911,-7.374665,38,synthetic,1,17
287945,-1.802313,34,real,-1,13
287982,-14.156433,37,synthetic,0,16
288009,-5.708823,27,real,-1,6
288035,-0.895046,26,real,-1,5
288069,-17.40933,34,synthetic,1,13
288110,-17.332475,41,synthetic,1,20
288139,2.79463,29,real,-1,8
288176,0.085702,37,real,-1,16
288213,-34.946883,37,synthetic,2,16
288241,-4.766177,28,real,-1,7
288262,-16.66075,21,synthetic,0,0
288286,1.845308,24,real,-1,3
288327,2.857273,41,real,-1,20
288365,-12.798733,38,synthetic,0,17
288401,-5.851237,36,real,-1,15
288436,2.639849,35,real,-1,14
288457,-1.295093,21,real,-1,0
288497,-23.533757,40,synthetic,1,19
288529,-27.006951,32,synthetic,1,11
288571,-11.583888,42,real,-1,21
288602,-44.197958,31,synthetic,2,10
288624,-14.860416,22,synthetic,1,1
288650,-26.027559,26,synthetic,2,5
288688,-5.645607,38,real,-1,17
288730,-15.116027,42,synthetic,1,21
288763,-21.885213,33,synthetic,1,12
288788,-11.308186,25,real,-1,4
288829,-0.035399,41,real,-1,20
288867,-43.812059,38,synthetic,2,17
288903,-25.096431,36,synthetic,1,15
288925,-38.436783,22,synthetic,2,1
288966,-45.694798,41,synthetic,2,20
289007,-11.407545,41,real,-1,20
289032,-7.380978,25,real,-1,4
289072,-22.614858,40,synthetic,1,19
289112,-19.303445,40,synthetic,1,19
289147,-6.687683,35,real,-1,14
289174,0.557357,27,real,-1,6
289207,-9.559041,33,synthetic,0,12
289229,-38.87732,22,synthetic,2,1
289265,-23.364886,36,synthetic,2,15
289300,4.825984,35,real,-1,14
289332,-11.19124,32,synthetic,0,11
289365,-5.14993,33,real,-1,12
289396,-9.455379,31,synthetic,0,10
289438,0.820558,42,real,-1,21
289463,-32.170513,25,synthetic,2,4
289486,-7.528783,23,synthetic,0,2
289522,-1.630706,36,real,-1,15
289545,1.524602,23,real,-1,2
289572,-4.484182,27,real,-1,6
289596,-39.702423,24,synthetic,2,3
289630,-2.714824,34,real,-1,13
289666,-19.701737,36,synthetic,0,15
289703,-24.15444,37,synthetic,1,16
289728,-6.266809,25,real,-1,4
289764,-11.092605,36,synthetic,0,15
289791,-0.844114,27,real,-1,6
289813,-38.641136,22,synthetic,2,1
289841,-38.110112,28,synthetic,2,7
289879,-15.722051,38,synthetic,0,17
289909,-32.420371,30,synthetic,2,9
289939,-19.936523,30,synthetic,0,9
289975,-19.936598,36,synthetic,0,15
290016,-0.814556,41,real,-1,20
290052,-15.378205,36,synthetic,0,15
290086,-10.306751,34,real,-1,13
290114,-17.168546,28,synthetic,1,7
290140,0.626618,26,real,-1,5
290180,-42.767836,40,synthetic,2,19
290213,-1.931668,33,real,-1,12
290243,-6.688181,30,synthetic,0,9
290274,-0.265702,31,real,-1,10
290303,-37.620465,29,synthetic,2,8
290342,-39.795768,39,synthetic,2,18
290363,-26.417262,21,synthetic,1,0
290387,-24.42867,24,synthetic,2,3
290414,-1.712158,27,real,-1,6
290456,-2.812221,42,real,-1,21
290495,-27.002057,39,synthetic,2,18
290533,-16.298194,38,synthetic,1,17
290572,0.204334,39,real,-1,18
290599,-3.425995,27,real,-1,6
290627,2.869704,28,real,-1,7
290662,-45.043128,35,synthetic,2,14
290691,-20.529648,29,synthetic,1,8
290721,-36.514966,30,synthetic,2,9
290745,-31.243273,24,synthetic,2,3
290787,-11.420248,42,real,-1,21
290828,-32.983408,41,synthetic,2,20
290864,-30.178378,36,synthetic,2,15
290892,-1.90048,28,real,-1,7
290923,-31.249399,31,synthetic,2,10
290962,-14.429528,39,synthetic,0,18
291004,-9.016708,42,synthetic,0,21
291041,-3.861072,37,real,-1,16
291074,-4.777363,33,synthetic,0,12
291113,0.543128,39,real,-1,18
291139,-12.806274,26,real,-1,5
291164,0.517979,25,real,-1,4
291205,-5.807881,41,real,-1,20
291244,-25.014906,39,synthetic,1,18
291281,-41.417886,37,synthetic,2,16
291312,-3.958999,31,real,-1,10
291352,-27.776211,40,synthetic,1,19
291375,2.010116,23,real,-1,2
291409,1.057797,34,real,-1,13
291431,-3.473001,22,real,-1,1
291461,-15.007227,30,synthetic,1,9
291482,4.148314,21,real,-1,0
291508,-9.94922,26,real,-1,5
291545,-2.951717,37,real,-1,16
291572,-26.995729,27,synthetic,1,6
291597,-0.067202,25,real,-1,4
291627,-3.003907,30,real,-1,9
291657,-18.537723,30,synthetic,0,9
291691,-11.056114,34,real,-1,13
291715,-15.391324,24,synthetic,0,3
291757,-1.218431,42,real,-1,21
291787,1.013889,30,real,-1,9
291818,-29.507303,31,synthetic,1,10
291844,-0.781532,26,real,-1,5
291881,-12.404336,37,synthetic,0,16
291923,-5.05579,42,real,-1,21
291952,-6.152036,29,real,-1,8
291993,-4.827666,41,real,-1,20
292028,-2.47377,35,real,-1,14
292061,-2.844872,33,real,-1,12
292090,-40.158964,29,synthetic,2,8
292124,-21.843291,34,synthetic,1,13
292154,-25.72435,30,synthetic,1,9
292180,2.860878,26,real,-1,5
292206,-30.103305,26,synthetic,2,5
292241,-4.098634,35,real,-1,14
292277,-29.010698,36,synthetic,1,15
292318,-0.806123,41,real,-1,20
292352,-4.215382,34,real,-1,13
292394,-36.9451,42,synthetic,2,21
292432,-22.32147,38,synthetic,1,17
292455,-14.338515,23,synthetic,1,2
292494,-4.832228,39,real,-1,18
292518,-26.597183,24,synthetic,1,3
292544,-24.406221,26,synthetic,1,5
292583,-1.039533,39,real,-1,18
292616,-5.811655,33,real,-1,12
292654,-9.398863,38,synthetic,0,17
292690,3.607909,36,real,-1,15
292727,-11.629246,37,synthetic,0,16
292752,-40.92063,25,synthetic,2,4
292782,-6.308682,30,real,-1,9
292810,-1.035407,28,real,-1,7
292847,-10.435464,37,real,-1,16
292870,5.807111,23,real,-1,2
292898,-0.834094,28,real,-1,7
292931,-7.686984,33,real,-1,12
292961,-24.816417,30,synthetic,0,9
293001,-2.542128,40,real,-1,19
293032,-31.409505,31,synthetic,2,10
293067,-22.628538,35,synthetic,1,14
293093,0.138849,26,real,-1,5
293134,-19.065319,41,synthetic,1,20
293169,-18.473379,35,synthetic,1,14
293194,-4.195838,25,real,-1,4
293233,-1.383015,39,real,-1,18
293258,-5.896848,25,real,-1,4
293280,3.361519,22,real,-1,1
293311,-0.790705,31,real,-1,10
293333,-13.525136,22,synthetic,0,1
293363,-5.518546,30,real,-1,9
293394,1.017841,31,real,-1,10
293430,-5.455509,36,real,-1,15
293459,0.57047,29,real,-1,8
293483,-22.68929,24,synthetic,1,3
293525,-24.336563,42,synthetic,1,21
293566,-11.55887,41,synthetic,0,20
293602,-32.5007,36,synthetic,2,15
293635,-1.813282,33,real,-1,12
293673,-0.13616,38,real,-1,17
293703,-19.149382,30,synthetic,1,9
293741,-10.627375,38,synthetic,0,17
293763,-0.76659,22,real,-1,1
293787,-6.633879,24,real,-1,3
293809,-40.644919,22,synthetic,2,1
293838,-14.41773,29,synthetic,0,8
293873,-1.846148,35,real,-1,14
293907,-31.006814,34,synthetic,2,13
293940,-11.760574,33,real,-1,12
293964,-25.415629,24,synthetic,1,3
294001,-19.952624,37,synthetic,0,16
294026,-27.217341,25,synthetic,1,4
294051,-8.291071,25,synthetic,0,4
294073,6.242295,22,real,-1,1
294115,-1.48388,42,real,-1,21
294138,-39.085319,23,synthetic,2,2
294176,-39.935453,38,synthetic,2,17
294197,-23.584004,21,synthetic,2,0
294223,3.568473,26,real,-1,5
294251,-30.072097,28,synthetic,1,7
294288,-30.78077,37,synthetic,1,16
294329,-11.486184,41,real,-1,20
294354,-2.359037,25,real,-1,4
294381,-19.476961,27,synthetic,1,6
294403,-32.265701,22,synthetic,1,1
294435,-3.785685,32,real,-1,11
294457,-44.314218,22,synthetic,2,1
294483,-4.850942,26,real,-1,5
294523,-48.864711,40,synthetic,2,19
294548,-2.664789,25,real,-1,4
294588,-12.972981,40,real,-1,19
294615,-11.419904,27,real,-1,6
294653,-4.223563,38,real,-1,17
294678,-41.719069,25,synthetic,2,4
294708,-24.146412,30,synthetic,1,9
294736,-13.030857,28,synthetic,0,7
294763,-7.726522,27,real,-1,6
294798,-25.310514,35,synthetic,1,14
294828,-8.471394,30,real,-1,9
294861,-4.379642,33,real,-1,12
294895,-22.420002,34,synthetic,1,13
294924,-3.757193,29,real,-1,8
294946,-1.029136,22,real,-1,1
294988,-11.687035,42,synthetic,0,21
295017,-42.976961,29,synthetic,2,8
295039,-38.461862,22,synthetic,2,1
295075,-14.232403,36,synthetic,0,15
295106,-38.521203,31,synthetic,2,10
295141,-6.487443,35,real,-1,14
295173,-30.962474,32,synthetic,1,11
295199,1.658862,26,real,-1,5
295226,-11.460149,27,synthetic,0,6
295255,-45.6352,29,synthetic,2,8
295296,-40.496622,41,synthetic,2,20
295329,-46.91688,33,synthetic,2,12
295368,-27.651438,39,synthetic,1,18
295408,-17.353808,40,synthetic,1,19
295434,-0.622272,26,real,-1,5
295476,-1.624062,42,real,-1,21
295502,-12.84718,26,synthetic,0,5
295543,-3.49852,41,real,-1,20
295565,-3.565949,22,real,-1,1
295597,4.658195,32,real,-1,11
295638,-24.967778,41,synthetic,1,20
295665,-19.105445,27,synthetic,1,6
295700,-25.540079,35,synthetic,1,14
295736,-39.245106,36,synthetic,2,15
295776,-9.661557,40,real,-1,19
295813,-2.895414,37,real,-1,16
295837,-44.080674,24,synthetic,2,3
295859,-32.638495,22,synthetic,2,1
295884,-1.520118,25,real,-1,4
295914,-6.222689,30,real,-1,9
295956,2.214212,42,real,-1,21
295983,0.121926,27,real,-1,6
296005,2.992742,22,real,-1,1
296045,-30.706977,40,synthetic,1,19
296067,-7.700048,22,synthetic,0,1
296104,-2.887371,37,real,-1,16
296125,-1.021668,21,real,-1,0
296150,-9.842157,25,synthetic,0,4
296187,-38.860575,37,synthetic,2,16
296213,-9.262124,26,synthetic,0,5
296251,-18.321632,38,synthetic,0,17
296287,-9.621856,36,synthetic,0,15
296316,-3.887953,29,real,-1,8
296348,-39.094801,32,synthetic,2,11
296383,-24.041558,35,synthetic,1,14
296419,-3.485639,36,real,-1,15
296447,-6.816218,28,synthetic,0,7
296471,-12.658136,24,real,-1,3
296502,-12.339189,31,synthetic,0,10
296524,-23.961207,22,synthetic,1,1
296552,-7.123948,28,real,-1,7
296594,-4.197226,42,real,-1,21
296615,-31.713847,21,synthetic,2,0
296646,-4.091131,31,real,-1,10
296673,-33.349677,27,synthetic,2,6
296713,-7.124108,40,real,-1,19
296736,-24.945334,23,synthetic,1,2
296761,8.083186,25,real,-1,4
296787,-8.303428,26,synthetic,0,5
296828,-9.020872,41,synthetic,0,20
296864,-32.981888,36,synthetic,1,15
296895,-11.571611,31,synthetic,0,10
296937,-4.860148,42,real,-1,21
296967,-21.87882,30,synthetic,0,9
296999,-11.242653,32,real,-1,11
297032,-15.763401,33,synthetic,0,12
297071,-35.850699,39,synthetic,1,18
297108,-12.912993,37,real,-1,16
297143,-29.386161,35,synthetic,1,14
297180,-3.274612,37,real,-1,16
297215,-8.43924,35,real,-1,14
297243,-12.174309,28,synthetic,0,7
297275,-5.306272,32,synthetic,0,11
297311,-3.969763,36,synthetic,0,15
297347,-4.8917,36,real,-1,15
297381,0.592517,34,real,-1,13
297408,-2.317166,27,real,-1,6
297431,-41.220158,23,synthetic,2,2
297471,-19.535923,40,synthetic,0,19
297499,-7.254593,28,real,-1,7
297538,-35.505636,39,synthetic,1,18
297561,-3.281672,23,real,-1,2
297599,2.792432,38,real,-1,17
297630,-15.022795,31,synthetic,0,10
297672,-6.397356,42,real,-1,21
297710,-50.347937,38,synthetic,2,17
297748,-8.522076,38,real,-1,17
297776,-1.254449,28,real,-1,7
297815,-23.249009,39,synthetic,0,18
297845,-21.79508,30,synthetic,2,9
297875,-37.670879,30,synthetic,2,9
297917,-8.367223,42,real,-1,21
297946,-7.67022,29,real,-1,8
297980,-20.56088,34,synthetic,1,13
298017,-7.5503,37,real,-1,16
298041,-2.951706,24,real,-1,3
298080,-8.278137,39,real,-1,18
298110,-2.424896,30,real,-1,9
298146,-40.217813,36,synthetic,2,15
298167,-3.126933,21,real,-1,0
298207,-8.139177,40,real,-1,19
298248,-12.811915,41,real,-1,20
298276,-47.304067,28,synthetic,2,7
298301,-22.653313,25,synthetic,1,4
298337,-2.479771,36,real,-1,15
298363,-29.373623,26,synthetic,2,5
298399,-34.363797,36,synthetic,2,15
298439,-0.338633,40,real,-1,19
298479,-10.801719,40,real,-1,19
298505,-0.766513,26,real,-1,5
298541,-2.679356,36,real,-1,15
298566,-28.161027,25,synthetic,2,4
298591,-3.346546,25,real,-1,4
298628,-5.660972,37,real,-1,16
298656,3.937198,28,real,-1,7
298677,-6.022924,21,synthetic,0,0
298709,1.157435,32,real,-1,11
298748,-47.942922,39,synthetic,2,18
298772,-35.703126,24,synthetic,2,3
298810,-16.558557,38,synthetic,0,17
298846,-14.42648,36,synthetic,0,15
298871,-43.541486,25,synthetic,2,4
298902,1.163669,31,real,-1,10
298926,-16.339935,24,synthetic,0,3
298961,-27.028841,35,synthetic,1,14
298984,-30.956257,23,synthetic,2,2
299026,-43.953469,42,synthetic,2,21
299049,-0.435606,23,real,-1,2
299070,-3.877354,21,real,-1,0
299096,-3.234056,26,real,-1,5
299126,-2.601024,30,real,-1,9
299163,-2.247304,37,real,-1,16
299193,-40.680789,30,synthetic,2,9
299221,0.114079,28,real,-1,7
299261,-36.1193,40,synthetic,2,19
299293,-4.252128,32,real,-1,11
299318,-30.126589,25,synthetic,1,4
299353,-8.714452,35,real,-1,14
299380,-18.872148,27,synthetic,0,6
299411,-4.220702,31,real,-1,10
299435,-5.008454,24,real,-1,3
299469,0.02385,34,real,-1,13
299498,-27.481657,29,synthetic,1,8
299522,-2.104412,24,real,-1,3
299562,-36.559073,40,synthetic,2,19
299604,-38.831447,42,synthetic,2,21
299641,-6.712581,37,synthetic,0,16
299677,-22.165029,36,synthetic,1,15
299709,-9.2554,32,synthetic,0,11
299732,-30.842711,23,synthetic,1,2
299755,-5.870634,23,real,-1,2
299787,-21.423531,32,synthetic,1,11
299826,-5.505631,39,real,-1,18
299855,-5.493921,29,real,-1,8
299896,-0.970669,41,real,-1,20
299925,-13.406905,29,synthetic,0,8
299966,-53.099861,41,synthetic,2,20
300001,2.337558,35,real,-1,14
300035,-27.536369,34,synthetic,2,13
300069,-12.013891,34,synthetic,0,13
300098,-7.791364,29,real,-1,8
300121,-24.30893,23,synthetic,1,2
300145,2.406603,24,real,-1,3
300183,-3.92193,38,real,-1,17
300212,-44.377548,29,synthetic,2,8
300238,1.122953,26,real,-1,5
300279,-23.868907,41,synthetic,0,20
300319,-10.212887,40,real,-1,19
300352,-0.445947,33,real,-1,12
300378,-23.999282,26,synthetic,1,5
300412,-3.960203,34,real,-1,13
300446,-42.027984,34,synthetic,2,13
300477,-7.398054,31,real,-1,10
300518,-0.114228,41,real,-1,20
300558,-18.014726,40,synthetic,1,19
300588,-34.309431,30,synthetic,2,9
300621,-3.752284,33,real,-1,12
300662,-25.212444,41,synthetic,1,20
300693,-17.172578,31,synthetic,0,10
300718,-0.30889,25,real,-1,4
300746,-2.50096,28,real,-1,7
300781,-3.376276,35,real,-1,14
300817,-23.97203,36,synthetic,1,15
300840,-2.466454,23,real,-1,2
300861,1.809016,21,real,-1,0
300886,-0.761429,25,real,-1,4
300909,-26.95915,23,synthetic,1,2
300948,-0.949051,39,real,-1,18
300988,-0.309876,40,real,-1,19
301022,-31.243843,34,synthetic,2,13
301062,-36.859295,40,synthetic,2,19
301089,-8.400974,27,real,-1,6
301110,-7.629134,21,real,-1,0
301133,2.692617,23,real,-1,2
301174,2.952956,41,real,-1,20
301201,-13.247646,27,synthetic,0,6
301237,-9.339069,36,synthetic,0,15
301269,-17.306409,32,synthetic,0,11
301291,-33.766105,22,synthetic,1,1
301315,-10.171199,24,synthetic,0,3
301341,-2.093567,26,real,-1,5
301363,-37.767548,22,synthetic,2,1
301386,-19.84564,23,synthetic,1,2
301415,-25.498581,29,synthetic,1,8
301442,1.09571,27,real,-1,6
301482,-49.302823,40,synthetic,2,19
301523,-40.038876,41,synthetic,1,20
301548,-2.790143,25,real,-1,4
301587,-12.509073,39,synthetic,0,18
301608,-2.520502,21,real,-1,0
301632,-19.539979,24,synthetic,1,3
301662,0.423558,30,real,-1,9
301686,-10.461282,24,synthetic,0,3
301727,1.184413,41,real,-1,20
301764,-8.366911,37,real,-1,16
301806,-2.142571,42,real,-1,21
301843,-9.629894,37,synthetic,0,16
301884,-2.660166,41,real,-1,20
301926,-41.225646,42,synthetic,2,21
301947,-16.788803,21,synthetic,1,0
301977,-4.919806,30,real,-1,9
302010,-3.768806,33,real,-1,12
302041,-1.700638,31,real,-1,10
302078,-25.097016,37,synthetic,1,16
302111,-6.514369,33,real,-1,12
302137,-33.749373,26,synthetic,2,5
302169,-8.939514,32,real,-1,11
302201,-2.660918,32,real,-1,11
302225,-0.169007,24,real,-1,3
302249,-42.43242,24,synthetic,2,3
302291,-15.753712,42,real,-1,21
302333,-3.822068,42,real,-1,21
302360,-9.908798,27,real,-1,6
302401,-27.599518,41,synthetic,1,20
302431,-2.425986,30,real,-1,9
302453,-4.335954,22,real,-1,1
302486,2.763029,33,real,-1,12
302524,-20.71231,38,synthetic,1,17
302546,-5.895506,22,real,-1,1
302583,-27.24539,37,synthetic,1,16
302612,-9.116018,29,real,-1,8
302645,-40.242041,33,synthetic,2,12
302672,-14.115114,27,synthetic,0,6
302702,-1.371078,30,real,-1,9
302732,2.046374,30,real,-1,9
302759,-21.03159,27,synthetic,1,6
302792,-9.45183,33,synthetic,0,12
302831,0.684807,39,real,-1,18
302862,-18.277806,31,synthetic,0,10
302889,-30.222892,27,synthetic,2,6
302928,-1.888571,39,real,-1,18
302967,0.190092,39,real,-1,18
302991,-31.111236,24,synthetic,2,3
303026,-4.555189,35,real,-1,14
303063,-6.319963,37,synthetic,0,16
303096,4.208087,33,real,-1,12
303136,-4.459723,40,synthetic,0,19
303165,-4.363677,29,real,-1,8
303191,-5.830315,26,real,-1,5
303229,-15.687174,38,synthetic,0,17
303269,1.940005,40,real,-1,19
303293,-18.38413,24,synthetic,0,3
303324,-3.921943,31,real,-1,10
303360,-8.824692,36,synthetic,0,15
303382,-4.750485,22,real,-1,1
303407,-9.894002,25,real,-1,4
303445,-6.937248,38,real,-1,17
303486,-32.640895,41,synthetic,1,20
303519,-17.770013,33,synthetic,0,12
303549,1.988714,30,real,-1,9
303591,-27.525353,42,synthetic,1,21
303628,-6.87986,37,synthetic,0,16
303663,-15.732352,35,synthetic,0,14
303699,0.336995,36,real,-1,15
303732,-16.009073,33,synthetic,0,12
303758,-13.707895,26,synthetic,0,5
303793,-31.507684,35,synthetic,2,14
303833,-27.160317,40,synthetic,2,19
303869,-3.457917,36,real,-1,15
303908,-26.364409,39,synthetic,0,18
303949,-0.478984,41,real,-1,20
303988,-0.551901,39,real,-1,18
304017,-3.68666,29,real,-1,8
304038,0.167861,21,real,-1,0
304074,-0.821588,36,real,-1,15
304110,-3.962909,36,real,-1,15
304139,-12.041796,29,synthetic,0,8
304165,-1.519898,26,real,-1,5
304206,-0.525515,41,real,-1,20
304246,-4.897065,40,real,-1,19
304278,-5.725997,32,real,-1,11
304299,2.393916,21,real,-1,0
304324,-39.225721,25,synthetic,2,4
304362,-1.485694,38,real,-1,17
304387,-28.16036,25,synthetic,2,4
304410,-20.142584,23,synthetic,0,2
304442,-12.882355,32,synthetic,0,11
304480,-4.616217,38,real,-1,17
304504,-7.007467,24,real,-1,3
304533,-2.823701,29,real,-1,8
304556,-38.67042,23,synthetic,2,2
304597,-14.600034,41,real,-1,20
304632,-36.59876,35,synthetic,2,14
304663,0.293659,31,real,-1,10
304686,-2.539661,23,real,-1,2
304707,-3.900054,21,real,-1,0
304740,-31.557887,33,synthetic,2,12
304773,-47.741384,33,synthetic,2,12
304795,-9.465788,22,synthetic,0,1
304836,-42.638532,41,synthetic,1,20
304868,-1.268052,32,real,-1,11
304899,-24.711588,31,synthetic,1,10
304936,-27.724403,37,synthetic,2,16
304977,-37.532317,41,synthetic,2,20
305010,-32.567053,33,synthetic,1,12
305033,-35.16068,23,synthetic,1,2
305054,-36.091514,21,synthetic,2,0
305080,2.836807,26,real,-1,5
305102,-31.615938,22,synthetic,2,1
305134,-5.832911,32,real,-1,11
305167,-23.796247,33,synthetic,1,12
305197,-0.421368,30,real,-1,9
305233,-16.47414,36,synthetic,1,15
305259,-2.823384,26,real,-1,5
305296,-30.461052,37,synthetic,1,16
305338,-10.07747,42,real,-1,21
305369,-19.966719,31,synthetic,0,10
305404,1.303548,35,real,-1,14
305445,-21.524942,41,synthetic,0,20
305487,1.384617,42,real,-1,21
305508,-20.053585,21,synthetic,1,0
305538,-28.150234,30,synthetic,1,9
305576,-5.914535,38,synthetic,0,17
305602,-23.570317,26,synthetic,1,5
305633,-5.843192,31,real,-1,10
305665,-5.807912,32,real,-1,11
305700,-17.575909,35,synthetic,0,14
305738,-7.787276,38,real,-1,17
305778,-34.473221,40,synthetic,2,19
305818,-13.30072,40,real,-1,19
305849,-23.449685,31,synthetic,2,10
305883,-15.590479,34,synthetic,0,13
305922,-34.105761,39,synthetic,2,18
305944,-10.172184,22,real,-1,1
305974,-31.617331,30,synthetic,2,9
306015,0.758997,41,real,-1,20
306053,-11.555945,38,synthetic,0,17
306085,-0.721214,32,real,-1,11
306107,-6.133673,22,real,-1,1
306136,-15.74193,29,synthetic,1,8
306168,1.62184,32,real,-1,11
306192,-41.440567,24,synthetic,2,3
306226,0.924082,34,real,-1,13
306255,-12.414094,29,synthetic,0,8
306283,-2.379675,28,real,-1,7
306304,-30.656012,21,synthetic,2,0
306328,-24.187422,24,synthetic,1,3
306350,-23.701967,22,synthetic,2,1
306384,-6.427135,34,real,-1,13
306426,-13.529048,42,real,-1,21
306448,-5.783591,22,real,-1,1
306487,-8.286364,39,real,-1,18
306517,-0.967218,30,real,-1,9
306541,-14.153039,24,synthetic,0,3
306582,-30.307648,41,synthetic,2,20
306614,-9.145669,32,real,-1,11
306646,-3.102177,32,real,-1,11
306678,-3.446508,32,real,-1,11
306705,-9.710615,27,real,-1,6
306745,0.396027,40,real,-1,19
306775,2.936649,30,real,-1,9
306811,-2.180129,36,real,-1,15
306852,-42.944542,41,synthetic,2,20
306877,-3.764155,25,real,-1,4
306914,-11.639911,37,synthetic,0,16
306951,-26.420187,37,synthetic,1,16
306991,-38.747386,40,synthetic,2,19
307015,-18.972501,24,synthetic,1,3
307043,-0.607607,28,real,-1,7
307083,-6.1587,40,real,-1,19
307112,-13.031591,29,synthetic,0,8
307141,-26.675902,29,synthetic,2,8
307178,-6.052023,37,real,-1,16
307200,-5.202326,22,real,-1,1
307238,-41.657706,38,synthetic,2,17
307278,-1.174434,40,real,-1,19
307308,-23.552412,30,synthetic,1,9
307348,-56.067757,40,synthetic,2,19
307377,-3.479064,29,real,-1,8
307418,-8.776422,41,synthetic,0,20
307459,-22.99544,41,synthetic,1,20
307488,-4.508268,29,real,-1,8
307527,-6.965191,39,real,-1,18
307555,-5.74912,28,real,-1,7
307593,0.161196,38,synthetic,0,17
307627,0.661369,34,real,-1,13
307667,1.276174,40,real,-1,19
307696,2.884242,29,real,-1,8
307738,-18.752791,42,synthetic,0,21
307763,-21.779396,25,synthetic,1,4
307799,-18.253417,36,synthetic,0,15
307829,-11.937549,30,real,-1,9
307871,-29.771876,42,synthetic,1,21
307896,-4.693729,25,real,-1,4
307934,-15.206467,38,synthetic,0,17
307976,3.421012,42,real,-1,21
308014,-1.619184,38,real,-1,17
308055,-25.402055,41,synthetic,1,20
308090,-9.789613,35,synthetic,0,14
308131,-5.385497,41,real,-1,20
308167,-2.977831,36,real,-1,15
308204,0.105735,37,real,-1,16
308232,2.769407,28,real,-1,7
308254,-3.423564,22,real,-1,1
308286,-2.122173,32,real,-1,11
308307,-19.268022,21,synthetic,1,0
308336,-17.742081,29,synthetic,1,8
308359,-18.032114,23,synthetic,1,2
308381,-31.860369,22,synthetic,1,1
308411,-36.386521,30,synthetic,2,9
308436,-18.813209,25,synthetic,0,4
308476,-0.739768,40,real,-1,19
308500,-31.571343,24,synthetic,1,3
308531,-0.348162,31,real,-1,10
308562,-4.555619,31,real,-1,10
308593,-8.359292,31,synthetic,0,10
308628,-11.369743,35,synthetic,0,14
308660,-38.355178,32,synthetic,2,11
308689,-6.656739,29,real,-1,8
308712,-37.123872,23,synthetic,1,2
308745,-1.409133,33,real,-1,12
308771,-23.257982,26,synthetic,2,5
308811,-4.00932,40,real,-1,19
308851,-6.625652,40,real,-1,19
308877,-29.211479,26,synthetic,1,5
308898,-5.193268,21,real,-1,0
308935,-2.372049,37,real,-1,16
308976,1.940255,41,real,-1,20
309003,2.607271,27,real,-1,6
309026,1.316621,23,real,-1,2
309053,-11.19545,27,synthetic,0,6
309083,-6.867179,30,real,-1,9
309113,0.155952,30,real,-1,9
309145,-2.260382,32,real,-1,11
309179,-11.349465,34,synthetic,0,13
309211,-4.518134,32,real,-1,11
309236,6.384391,25,real,-1,4
309276,-9.9599,40,real,-1,19
309306,-1.665079,30,real,-1,9
309336,-31.383531,30,synthetic,2,9
309375,-25.606785,39,synthetic,1,18
309408,-11.731996,33,real,-1,12
309449,-1.943865,41,real,-1,20
309483,-15.008401,34,synthetic,0,13
309508,-14.067149,25,synthetic,0,4
309535,-1.462696,27,real,-1,6
309573,-28.23477,38,synthetic,1,17
309595,-4.587547,22,real,-1,1
309629,-7.357832,34,real,-1,13
309654,-26.405192,25,synthetic,1,4
309676,-3.075415,22,real,-1,1
309702,-19.939998,26,synthetic,1,5
309739,0.316256,37,real,-1,16
309769,-11.400277,30,real,-1,9
309793,-14.353374,24,synthetic,1,3
309818,-7.772843,25,synthetic,0,4
309844,-37.604904,26,synthetic,2,5
309872,-49.292119,28,synthetic,2,7
309901,-26.843868,29,synthetic,1,8
309926,-3.872137,25,real,-1,4
309958,1.442907,32,real,-1,11
309986,-5.427956,28,real,-1,7
310007,-16.356142,21,synthetic,0,0
310046,-34.656973,39,synthetic,1,18
310083,-4.341776,37,real,-1,16
310117,-28.72193,34,synthetic,1,13
310142,-2.719682,25,real,-1,4
310175,-0.860811,33,real,-1,12
310217,-7.449134,42,real,-1,21
310238,-8.001335,21,real,-1,0
310260,-10.08443,22,synthetic,0,1
310289,-3.567602,29,real,-1,8
310315,-34.878609,26,synthetic,2,5
310338,-7.43603,23,real,-1,2
310375,-0.528186,37,real,-1,16
310399,-4.494812,24,real,-1,3
310422,-21.891865,23,synthetic,1,2
310445,-0.825925,23,real,-1,2
310473,-2.540761,28,real,-1,7
310504,-38.661482,31,synthetic,2,10
310545,-33.616365,41,synthetic,2,20
310579,-4.492484,34,real,-1,13
310606,-1.976734,27,real,-1,6
310639,-28.333135,33,synthetic,1,12
310663,-2.008225,24,real,-1,3
310696,-27.16404,33,synthetic,2,12
310718,-5.535221,22,real,-1,1
310757,-4.853211,39,real,-1,18
310792,-8.114589,35,synthetic,0,14
310819,-0.701017,27,real,-1,6
310855,-35.32347,36,synthetic,2,15
310878,-2.686304,23,real,-1,2
310910,-1.472597,32,real,-1,11
310933,-47.195805,23,synthetic,2,2
310974,-22.45114,41,synthetic,1,20
311012,3.759598,38,real,-1,17
311050,-22.156695,38,synthetic,1,17
311079,-16.203687,29,synthetic,0,8
311113,-2.747528,34,real,-1,13
311152,-0.033273,39,real,-1,18
311179,2.201539,27,real,-1,6
311213,-15.966345,34,real,-1,13
311251,-13.356263,38,synthetic,0,17
311279,-4.841419,28,real,-1,7
311302,-4.498331,23,real,-1,2
311336,-5.814373,34,real,-1,13
311372,-7.634606,36,real,-1,15
311413,-29.543642,41,synthetic,2,20
311453,-22.866306,40,synthetic,1,19
311494,-44.752958,41,synthetic,2,20
311523,-4.388556,29,real,-1,8
311549,-19.464067,26,synthetic,1,5
311576,-40.607191,27,synthetic,2,6
311617,-6.524859,41,real,-1,20
311650,-2.621909,33,real,-1,12
311683,-17.028095,33,synthetic,0,12
311725,-51.442111,42,synthetic,2,21
311761,0.452016,36,real,-1,15
311784,-29.052265,23,synthetic,1,2
311817,-27.941453,33,synthetic,2,12
311838,-21.953536,21,synthetic,1,0
311880,-19.455377,42,synthetic,0,21
311922,-3.235778,42,real,-1,21
311950,0.281115,28,real,-1,7
311982,0.343115,32,real,-1,11
312019,-3.901485,37,real,-1,16
312055,-6.51866,36,real,-1,15
312082,-25.58394,27,synthetic,1,6
312118,-2.765876,36,real,-1,15
312139,-7.235115,21,real,-1,0
312163,-25.579141,24,synthetic,1,3
312205,-18.612097,42,synthetic,0,21
312231,2.822493,26,real,-1,5
312257,-33.590873,26,synthetic,2,5
312279,-25.783297,22,synthetic,1,1
312311,-31.567283,32,synthetic,2,11
312350,-12.315239,39,real,-1,18
312381,-9.295542,31,real,-1,10
312408,-5.386132,27,real,-1,6
312439,-28.002973,31,synthetic,2,10
312477,-0.861371,38,real,-1,17
312508,-2.485321,31,real,-1,10
312531,-13.393622,23,synthetic,0,2
312565,-25.112966,34,synthetic,1,13
312604,-9.779017,39,synthetic,1,18
312627,-0.984281,23,real,-1,2
312652,-4.74013,25,real,-1,4
312677,0.569422,25,real,-1,4
312709,-30.75333,32,synthetic,2,11
312731,-28.719785,22,synthetic,2,1
312767,-23.455723,36,synthetic,1,15
312809,-7.937092,42,real,-1,21
312844,-30.518772,35,synthetic,2,14
312868,-9.467802,24,real,-1,3
312902,-24.08707,34,synthetic,1,13
312935,-15.857045,33,synthetic,0,12
312968,-1.989241,33,real,-1,12
313008,-1.728536,40,real,-1,19
313044,-8.573326,36,real,-1,15
313066,-1.169692,22,real,-1,1
313099,-17.844314,33,synthetic,1,12
313129,0.242898,30,real,-1,9
313167,-12.594568,38,synthetic,0,17
313188,-23.241022,21,synthetic,1,0
313224,-39.695452,36,synthetic,2,15
313246,-19.934916,22,synthetic,1,1
313267,-1.478622,21,real,-1,0
313303,-24.871981,36,synthetic,1,15
313330,-45.608279,27,synthetic,2,6
313351,1.593207,21,real,-1,0
313392,-28.67252,41,synthetic,1,20
313413,3.2553,21,real,-1,0
313443,0.157436,30,real,-1,9
313475,-3.232142,32,real,-1,11
313496,-30.21281,21,synthetic,1,0
313530,-3.113363,34,real,-1,13
313560,-11.940644,30,synthetic,0,9
313600,-1.718154,40,real,-1,19
313631,-10.469401,31,synthetic,0,10
313652,-0.485301,21,real,-1,0
313692,-25.458983,40,synthetic,1,19
313726,-32.298865,34,synthetic,2,13
313754,-25.988928,28,synthetic,1,7
313791,-14.28096,37,synthetic,1,16
313821,-7.255574,30,real,-1,9
313844,0.404945,23,real,-1,2
313871,-29.687325,27,synthetic,2,6
313898,-7.97184,27,real,-1,6
313926,-2.914257,28,real,-1,7
313966,-0.681998,40,real,-1,19
313988,-42.119732,22,synthetic,2,1
314029,-4.595549,41,real,-1,20
314059,0.509608,30,real,-1,9
314080,-3.535982,21,real,-1,0
314122,-7.842843,42,real,-1,21
314163,-6.002829,41,real,-1,20
314201,0.157306,38,real,-1,17
314233,-17.332827,32,synthetic,0,11
314266,-17.610851,33,synthetic,0,12
314288,-36.689883,22,synthetic,2,1
314323,-1.95752,35,real,-1,14
314348,-35.295519,25,synthetic,2,4
314387,3.628015,39,real,-1,18
314415,-4.579889,28,real,-1,7
314439,-33.756837,24,synthetic,2,3
314464,-15.08645,25,synthetic,0,4
314499,-5.374485,35,real,-1,14
314538,0.432966,39,real,-1,18
314576,-8.001076,38,real,-1,17
314600,-30.54302,24,synthetic,2,3
314640,-6.269848,40,real,-1,19
314665,-2.796179,25,real,-1,4
314688,-14.368569,23,synthetic,0,2
314721,-11.138587,33,real,-1,12
314755,-6.078094,34,real,-1,13
314791,1.343477,36,real,-1,15
314820,-0.221672,29,real,-1,8
314848,-29.816883,28,synthetic,2,7
314880,-20.8926,32,synthetic,0,11
314915,-0.996545,35,real,-1,14
314953,-1.603654,38,real,-1,17
314986,-30.193279,33,synthetic,1,12
315019,-2.712059,33,real,-1,12
315042,-7.361297,23,real,-1,2
315078,-31.821577,36,synthetic,2,15
315111,-1.429782,33,real,-1,12
315134,-26.960023,23,synthetic,1,2
315173,-33.485123,39,synthetic,2,18
315213,-0.189001,40,real,-1,19
315236,3.542114,23,real,-1,2
315269,-28.536221,33,synthetic,2,12
315305,-0.866123,36,real,-1,15
315330,-44.392289,25,synthetic,2,4
315367,4.323747,37,real,-1,16
315393,-21.993318,26,synthetic,2,5
315421,-41.309893,28,synthetic,2,7
315460,-4.825192,39,real,-1,18
315498,-6.746602,38,real,-1,17
315537,-25.789572,39,synthetic,1,18
315575,-9.675599,38,synthetic,0,17
315609,0.352238,34,real,-1,13
315650,-7.89526,41,real,-1,20
315683,-2.589021,33,real,-1,12
315706,-26.031137,23,synthetic,1,2
315746,-27.391996,40,synthetic,1,19
315767,-26.345308,21,synthetic,1,0
315806,1.807036,39,real,-1,18
315841,-14.853818,35,synthetic,0,14
315877,-1.19558,36,real,-1,15
315913,0.480102,36,real,-1,15
315940,-4.398986,27,real,-1,6
315962,-31.353655,22,synthetic,2,1
315999,-36.872808,37,synthetic,2,16
316040,-32.065328,41,synthetic,2,20
316065,-29.487175,25,synthetic,2,4
316088,3.561746,23,real,-1,2
316127,-3.416617,39,real,-1,18
316156,-13.414993,29,synthetic,0,8
316194,-8.315988,38,real,-1,17
316219,-25.98722,25,synthetic,1,4
316253,-0.53086,34,real,-1,13
316286,-8.364602,33,real,-1,12
316315,-21.573088,29,synthetic,1,8
316351,-27.691344,36,synthetic,1,15
316392,-5.442154,41,real,-1,20
316414,-22.910828,22,synthetic,1,1
316450,-7.083948,36,real,-1,15
316474,2.036312,24,real,-1,3
316500,-37.500396,26,synthetic,2,5
316532,-0.753603,32,real,-1,11
316561,-3.501503,29,real,-1,8
316590,-0.560192,29,real,-1,8
316628,-9.645565,38,synthetic,0,17
316665,-7.592428,37,synthetic,0,16
316693,-10.906865,28,synthetic,0,7
316721,-12.997002,28,synthetic,0,7
316755,-30.975203,34,synthetic,2,13
316789,-31.750566,34,synthetic,2,13
316818,3.670685,29,real,-1,8
316846,-11.335222,28,synthetic,0,7
316877,-9.007468,31,real,-1,10
316908,-9.747775,31,real,-1,10
316943,-3.478188,35,real,-1,14
316973,-40.649794,30,synthetic,2,9
317013,-13.733275,40,synthetic,0,19
317050,-0.371311,37,real,-1,16
317076,0.034029,26,real,-1,5
317105,2.49774,29,real,-1,8
317127,-18.25969,22,synthetic,1,1
317156,-3.05572,29,real,-1,8
317181,1.941717,25,real,-1,4
317216,-1.624594,35,real,-1,14
317258,-18.728465,42,synthetic,0,21
317288,-16.792513,30,synthetic,1,9
317312,-20.813059,24,synthetic,1,3
317345,-32.831993,33,synthetic,1,12
317375,-3.959704,30,real,-1,9
317416,-2.001671,41,real,-1,20
317453,-29.463926,37,synthetic,1,16
317481,-32.20265,28,synthetic,2,7
317502,0.050636,21,real,-1,0
317530,-11.530564,28,synthetic,0,7
317560,-1.121179,30,real,-1,9
317594,-11.885163,34,real,-1,13
317632,-19.544528,38,synthetic,0,17
317659,-20.705919,27,synthetic,0,6
317687,-15.487122,28,synthetic,0,7
317729,-34.537026,42,synthetic,1,21
317756,-25.583898,27,synthetic,1,6
317791,-0.842349,35,real,-1,14
317831,5.675507,40,real,-1,19
317861,-0.432934,30,real,-1,9
317883,-33.10682,22,synthetic,2,1
317921,0.944169,38,real,-1,17
317963,-6.489186,42,real,-1,21
317990,-28.544581,27,synthetic,1,6
318026,-42.665782,36,synthetic,2,15
318064,3.655143,38,real,-1,17
318091,-22.22911,27,synthetic,1,6
318116,-40.685116,25,synthetic,2,4
318140,-7.988215,24,synthetic,0,3
318180,-6.105965,40,synthetic,0,19
318207,-17.107816,27,synthetic,1,6
318245,-11.303932,38,real,-1,17
318269,4.705106,24,real,-1,3
318305,-26.061354,36,synthetic,2,15
318327,-26.904181,22,synthetic,1,1
318369,-34.053022,42,synthetic,1,21
318395,-20.345856,26,synthetic,1,5
318428,-36.740366,33,synthetic,2,12
318458,-5.225732,30,real,-1,9
318500,-6.557221,42,real,-1,21
318532,-21.126809,32,synthetic,1,11
318559,-11.646312,27,synthetic,0,6
318596,-2.008327,37,real,-1,16
318628,-0.084745,32,real,-1,11
318669,-10.490765,41,synthetic,0,20
318708,-19.23716,39,synthetic,0,18
318730,-10.012324,22,synthetic,0,1
318756,-1.739713,26,real,-1,5
318783,0.802039,27,real,-1,6
318822,-1.009611,39,real,-1,18
318855,0.480481,33,real,-1,12
318880,2.579456,25,real,-1,4
318920,-40.593825,40,synthetic,2,19
318941,5.64503,21,real,-1,0
318962,0.914844,21,real,-1,0
318992,2.133701,30,real,-1,9
319022,-27.618814,30,synthetic,1,9
319059,-13.713926,37,synthetic,0,16
319082,-32.493852,23,synthetic,2,2
319110,-1.043567,28,real,-1,7
319150,-6.439666,40,real,-1,19
319178,-23.834894,28,synthetic,1,7
319219,-9.101127,41,real,-1,20
319244,-18.265346,25,synthetic,0,4
319285,-30.247911,41,synthetic,2,20
319313,-18.251858,28,synthetic,0,7
319341,-0.950691,28,real,-1,7
319376,-5.631453,35,real,-1,14
319399,-6.897909,23,real,-1,2
319425,-2.649168,26,real,-1,5
319452,-10.975042,27,synthetic,0,6
319493,-9.688575,41,real,-1,20
319526,-7.721546,33,real,-1,12
319563,-29.317037,37,synthetic,1,16
319601,-1.222634,38,real,-1,17
319627,-27.700739,26,synthetic,1,5
319664,-4.490318,37,real,-1,16
319687,-28.476753,23,synthetic,1,2
319722,-0.611611,35,real,-1,14
319745,-39.234951,23,synthetic,2,2
319778,-6.073866,33,real,-1,12
319804,-29.586348,26,synthetic,2,5
319828,-6.850268,24,synthetic,0,3
319851,-1.455129,23,real,-1,2
319872,-35.770297,21,synthetic,2,0
319903,-7.750811,31,real,-1,10
319928,-5.896343,25,real,-1,4
319958,-50.659405,30,synthetic,2,9
319997,-26.477848,39,synthetic,2,18
320030,3.51897,33,real,-1,12
320069,2.016704,39,real,-1,18
320105,-3.051708,36,real,-1,15
320131,-26.232583,26,synthetic,2,5
320169,0.792928,38,real,-1,17
320190,-30.367493,21,synthetic,2,0
320232,-36.141207,42,synthetic,1,21
320269,-9.093788,37,synthetic,0,16
320297,-18.019132,28,synthetic,1,7
320335,-35.932313,38,synthetic,2,17
320376,-34.532581,41,synthetic,2,20
320404,-14.137572,28,synthetic,0,7
320427,-40.333943,23,synthetic,2,2
320459,-2.273756,32,real,-1,11
320498,-19.012906,39,synthetic,1,18
320534,-3.037295,36,real,-1,15
320572,-33.740334,38,synthetic,1,17
320607,-32.578405,35,synthetic,2,14
320644,-36.058101,37,synthetic,2,16
320682,-2.10276,38,real,-1,17
320723,0.841773,41,real,-1,20
320747,0.377762,24,real,-1,3
320777,-0.00554,30,real,-1,9
320809,5.949861,32,real,-1,11
320837,-36.244465,28,synthetic,2,7
320862,-15.322748,25,synthetic,0,4
320883,-5.405363,21,real,-1,0
320912,-15.537065,29,synthetic,0,8
320950,-11.095397,38,synthetic,0,17
320976,-4.837803,26,real,-1,5
321008,-8.03937,32,synthetic,0,11
321040,-31.760807,32,synthetic,2,11
321074,-3.52417,34,real,-1,13
321095,-23.522638,21,synthetic,1,0
321135,-6.044469,40,real,-1,19
321156,-35.527187,21,synthetic,2,0
321186,-32.91667,30,synthetic,2,9
321216,-13.222529,30,synthetic,0,9
321241,-6.251075,25,synthetic,0,4
321283,-21.260852,42,synthetic,1,21
321317,-30.996258,34,synthetic,1,13
321342,-21.354824,25,synthetic,1,4
321369,-14.516941,27,synthetic,0,6
321396,-4.189153,27,real,-1,6
321433,-6.702589,37,real,-1,16
321472,1.476313,39,real,-1,18
321513,-16.472988,41,synthetic,1,20
321546,-24.912716,33,synthetic,2,12
321568,1.076142,22,real,-1,1
321601,-14.878359,33,synthetic,0,12
321643,-54.057266,42,synthetic,2,21
321685,-14.405996,42,synthetic,0,21
321711,-2.203856,26,real,-1,5
321733,-6.622044,22,real,-1,1
321773,3.70112,40,real,-1,19
321805,-28.8979,32,synthetic,1,11
321830,-26.945259,25,synthetic,1,4
321858,-5.127512,28,real,-1,7
321890,-26.035536,32,synthetic,2,11
321927,-3.443503,37,real,-1,16
321948,-1.23364,21,real,-1,0
321986,-0.63639,38,real,-1,17
322011,-1.281004,25,real,-1,4
322034,2.555106,23,real,-1,2
322055,-26.120619,21,synthetic,1,0
322082,-27.656,27,synthetic,1,6
322115,-2.645857,33,real,-1,12
322149,-32.58487,34,synthetic,2,13
322186,-19.730231,37,synthetic,0,16
322218,-30.907457,32,synthetic,1,11
322253,-11.753174,35,synthetic,0,14
322288,2.692529,35,real,-1,14
322320,-16.025358,32,synthetic,1,11
322362,0.642588,42,real,-1,21
322394,-6.351271,32,real,-1,11
322433,-40.907457,39,synthetic,2,18
322467,-7.205587,34,real,-1,13
322499,-11.220859,32,synthetic,0,11
322520,-43.644805,21,synthetic,2,0
322553,-3.427648,33,real,-1,12
322585,-1.67258,32,real,-1,11
322627,-11.119104,42,real,-1,21
322665,1.643648,38,real,-1,17
322700,-2.740619,35,real,-1,14
322730,-6.6043,30,real,-1,9
322761,-8.372258,31,real,-1,10
322800,-39.913243,39,synthetic,2,18
322831,-1.744517,31,real,-1,10
322853,-2.489629,22,real,-1,1
322889,-5.831083,36,real,-1,15
322928,-23.292394,39,synthetic,1,18
322966,0.689663,38,real,-1,17
323006,-17.841804,40,synthetic,0,19
323042,-7.411979,36,real,-1,15
323071,-3.063803,29,real,-1,8
323105,-42.310609,34,synthetic,2,13
323133,-17.588532,28,synthetic,0,7
323159,0.28313,26,real,-1,5
323184,-29.08955,25,synthetic,1,4
323223,-5.186783,39,real,-1,18
323258,-8.127659,35,synthetic,0,14
323293,-36.371299,35,synthetic,2,14
323320,-36.238074,27,synthetic,2,6
323343,-3.682305,23,real,-1,2
323373,-1.284187,30,real,-1,9
323398,-3.577245,25,real,-1,4
323428,-25.268533,30,synthetic,1,9
323465,-10.540909,37,synthetic,0,16
323493,-18.370424,28,synthetic,0,7
323531,-4.866686,38,real,-1,17
323563,-10.780707,32,synthetic,0,11
323593,-10.619164,30,synthetic,0,9
323631,-1.508863,38,real,-1,17
323653,-8.796184,22,synthetic,0,1
323682,-10.193187,29,synthetic,0,8
323709,-21.418663,27,synthetic,1,6
323731,-2.811717,22,real,-1,1
323763,-13.941608,32,synthetic,0,11
323800,-10.369542,37,synthetic,0,16
323839,-4.074549,39,real,-1,18
323872,1.950976,33,real,-1,12
323899,-8.202018,27,real,-1,6
323939,-6.844526,40,real,-1,19
323967,-16.828349,28,synthetic,1,7
323994,-9.363823,27,synthetic,0,6
324032,-15.362791,38,synthetic,0,17
324068,-12.664928,36,synthetic,0,15
324094,-45.865285,26,synthetic,2,5
324133,-7.111351,39,synthetic,0,18
324161,-1.102443,28,real,-1,7
324188,-2.585473,27,real,-1,6
324215,-9.827991,27,real,-1,6
324245,-20.27662,30,synthetic,0,9
324272,-24.602611,27,synthetic,1,6
324307,-30.245483,35,synthetic,2,14
324346,-13.066123,39,real,-1,18
324388,-32.431616,42,synthetic,2,21
324410,-7.745774,22,real,-1,1
324432,-37.651523,22,synthetic,2,1
324457,-2.169773,25,real,-1,4
324498,-2.825394,41,real,-1,20
324537,-9.250823,39,real,-1,18
324564,4.104296,27,real,-1,6
324587,1.475086,23,real,-1,2
324615,-45.294249,28,synthetic,2,7
324647,-30.909428,32,synthetic,0,11
324671,-30.145635,24,synthetic,1,3
324710,-2.05923,39,real,-1,18
324734,-24.592828,24,synthetic,2,3
324763,-7.741706,29,real,-1,8
324797,-8.030472,34,real,-1,13
324823,-3.44359,26,real,-1,5
324857,-2.554063,34,real,-1,13
324879,-28.456869,22,synthetic,1,1
324916,-29.375032,37,synthetic,1,16
324937,-1.152525,21,real,-1,0
324976,-29.425875,39,synthetic,1,18
325001,-5.096488,25,real,-1,4
325033,-3.629151,32,real,-1,11
325056,-7.056693,23,real,-1,2
325084,-16.830056,28,synthetic,1,7
325123,-6.69226,39,real,-1,18
325149,-1.438353,26,real,-1,5
325187,-5.804467,38,real,-1,17
325225,-1.458097,38,real,-1,17
325260,1.167791,35,real,-1,14
325296,-31.222067,36,synthetic,2,15
325335,-8.06028,39,synthetic,0,18
325373,-6.246145,38,real,-1,17
325406,0.162414,33,real,-1,12
325427,-17.741329,21,synthetic,0,0
325451,-12.914638,24,synthetic,0,3
325486,-10.13137,35,real,-1,14
325516,-2.062126,30,real,-1,9
325557,-12.858633,41,synthetic,0,20
325589,-36.008239,32,synthetic,1,11
325630,-18.971549,41,synthetic,1,20
325663,-2.959641,33,real,-1,12
325692,0.861754,29,real,-1,8
325730,-0.032071,38,real,-1,17
325756,-21.509571,26,synthetic,1,5
325798,-19.611723,42,synthetic,0,21
325822,-20.740871,24,synthetic,0,3
325856,-1.099643,34,real,-1,13
325883,-6.321016,27,real,-1,6
325911,-2.87561,28,real,-1,7
325940,2.241461,29,real,-1,8
325970,-2.443843,30,real,-1,9
326009,-9.960924,39,real,-1,18
326045,-12.252136,36,synthetic,0,15
326074,-3.09622,29,real,-1,8
326098,-15.540005,24,synthetic,0,3
326129,-8.684001,31,real,-1,10
326161,-44.948333,32,synthetic,2,11
326194,-7.297376,33,real,-1,12
326233,-11.598995,39,real,-1,18
326275,-39.817165,42,synthetic,1,21
326307,-6.475645,32,real,-1,11
326329,-39.006256,22,synthetic,2,1
326368,-0.952977,39,real,-1,18
326398,-37.11635,30,synthetic,2,9
326420,-4.355907,22,real,-1,1
326442,-3.24408,22,real,-1,1
326472,-32.057899,30,synthetic,2,9
326510,-4.248344,38,real,-1,17
326537,-5.080337,27,real,-1,6
326572,-24.319588,35,synthetic,1,14
326602,-32.403473,30,synthetic,2,9
326629,-3.278149,27,real,-1,6
326670,2.063521,41,real,-1,20
326692,-13.021939,22,synthetic,0,1
326730,-3.655129,38,synthetic,0,17
326766,-44.622803,36,synthetic,2,15
326789,-1.608652,23,real,-1,2
326824,-34.811612,35,synthetic,2,14
326863,-5.402957,39,real,-1,18
326893,-4.317841,30,real,-1,9
326917,-0.108189,24,real,-1,3
326938,1.945838,21,real,-1,0
326977,-9.451676,39,synthetic,1,18
327004,-14.946727,27,synthetic,0,6
327041,-11.252128,37,synthetic,0,16
327071,-16.089588,30,synthetic,0,9
327100,-40.677557,29,synthetic,2,8
327122,-3.867567,22,real,-1,1
327151,-26.126814,29,synthetic,1,8
327173,-35.360553,22,synthetic,2,1
327196,-25.84231,23,synthetic,1,2
327234,-23.771529,38,synthetic,1,17
327261,-5.989773,27,synthetic,0,6
327287,-2.389247,26,real,-1,5
327319,-14.704413,32,synthetic,0,11
327344,-12.922789,25,synthetic,0,4
327380,-0.624471,36,real,-1,15
327405,-6.641271,25,real,-1,4
327440,0.791781,35,real,-1,14
327464,-0.11071,24,real,-1,3
327504,-4.992044,40,real,-1,19
327531,-1.36928,27,real,-1,6
327569,-6.516581,38,real,-1,17
327597,-20.405147,28,synthetic,2,7
327639,-7.005099,42,synthetic,0,21
327668,-6.750515,29,real,-1,8
327703,1.59499,35,real,-1,14
327728,-16.970413,25,synthetic,0,4
327752,-7.990059,24,real,-1,3
327777,-42.152634,25,synthetic,2,4
327817,-4.064828,40,real,-1,19
327856,-16.292701,39,synthetic,0,18
327889,-2.163034,33,real,-1,12
327917,-4.345869,28,real,-1,7
327942,-18.577145,25,synthetic,1,4
327978,-3.309236,36,real,-1,15
328000,-4.449395,22,real,-1,1
328032,-19.396384,32,synthetic,1,11
328073,-7.284667,41,real,-1,20
328102,-28.415472,29,synthetic,2,8
328143,-0.332014,41,real,-1,20
328170,-1.290236,27,real,-1,6
328207,-3.152655,37,real,-1,16
328246,-3.40169,39,real,-1,18
328285,-4.433268,39,real,-1,18
328321,-29.99649,36,synthetic,1,15
328354,-8.601965,33,synthetic,0,12
328379,-8.076648,25,real,-1,4
328409,1.989788,30,real,-1,9
328430,-20.604807,21,synthetic,1,0
328471,-28.933914,41,synthetic,1,20
328498,-5.168185,27,real,-1,6
328525,-3.892033,27,real,-1,6
328567,3.722542,42,real,-1,21
328597,-2.518823,30,real,-1,9
328623,-10.543488,26,real,-1,5
328658,-8.216434,35,synthetic,0,14
328680,-12.906291,22,synthetic,0,1
328712,0.497004,32,real,-1,11
328749,-46.619911,37,synthetic,2,16
328787,-23.980343,38,synthetic,1,17
328821,0.290574,34,real,-1,13
328851,-2.330196,30,real,-1,9
328886,-0.150006,35,real,-1,14
328909,0.874728,23,real,-1,2
328933,-7.209158,24,real,-1,3
328956,-0.513073,23,real,-1,2
328997,-3.875908,41,real,-1,20
329031,-5.440888,34,real,-1,13
329073,1.277137,42,real,-1,21
329101,-9.016703,28,synthetic,0,7
329132,-41.145966,31,synthetic,2,10
329170,-5.9082,38,real,-1,17
329208,-15.905863,38,synthetic,0,17
329245,-2.26399,37,real,-1,16
329274,-21.421473,29,synthetic,1,8
329296,-30.392349,22,synthetic,2,1
329320,1.668563,24,real,-1,3
329362,-46.631608,42,synthetic,2,21
329401,-9.348073,39,real,-1,18
329435,-25.427972,34,synthetic,1,13
329467,-2.458051,32,real,-1,11
329493,-0.854247,26,real,-1,5
329523,-24.823108,30,synthetic,1,9
329558,-33.871349,35,synthetic,1,14
329597,-7.486454,39,real,-1,18
329627,-0.858324,30,real,-1,9
329650,-11.320669,23,synthetic,0,2
329690,-11.967311,40,real,-1,19
329721,-21.389274,31,synthetic,0,10
329762,-33.181705,41,synthetic,2,20
329791,-2.464511,29,real,-1,8
329820,2.183036,29,real,-1,8
329862,-31.200451,42,synthetic,2,21
329891,0.830123,29,real,-1,8
329915,-17.964352,24,synthetic,1,3
329944,-2.997225,29,real,-1,8
329967,-3.412558,23,real,-1,2
329994,-0.27024,27,real,-1,6
330031,1.50827,37,real,-1,16
330059,-2.107946,28,real,-1,7
330095,-5.885158,36,real,-1,15
330130,-13.494149,35,synthetic,0,14
330167,-18.801729,37,synthetic,1,16
330191,-43.624646,24,synthetic,2,3
330219,-2.863768,28,real,-1,7
330241,-14.543154,22,synthetic,0,1
330280,-44.891554,39,synthetic,2,18
330322,-4.358269,42,real,-1,21
330357,-1.189384,35,real,-1,14
330392,-29.505462,35,synthetic,1,14
330413,-3.78489,21,real,-1,0
330438,-3.416433,25,real,-1,4
330476,1.393887,38,real,-1,17
330498,-15.202861,22,synthetic,0,1
330520,-4.152884,22,synthetic,0,1
330553,-7.440642,33,synthetic,0,12
330586,2.0725,33,real,-1,12
330608,0.434781,22,real,-1,1
330644,-3.52729,36,real,-1,15
330681,-5.031075,37,real,-1,16
330709,-15.169521,28,synthetic,1,7
330750,6.46659,41,real,-1,20
330785,-4.886254,35,real,-1,14
330810,1.418935,25,real,-1,4
330834,-1.253518,24,real,-1,3
330876,2.858791,42,real,-1,21
330917,1.727842,41,real,-1,20
330940,1.027253,23,real,-1,2
330974,-2.923745,34,real,-1,13
331006,-21.139617,32,synthetic,1,11
331045,-2.315528,39,real,-1,18
331081,-1.826439,36,real,-1,15
331117,-0.298649,36,real,-1,15
331155,-4.095877,38,real,-1,17
331176,0.823257,21,real,-1,0
331198,-22.523083,22,synthetic,1,1
331222,-11.319591,24,synthetic,0,3
331243,-23.831171,21,synthetic,1,0
331277,-41.11996,34,synthetic,2,13
331310,-4.23989,33,synthetic,0,12
331338,-2.193735,28,real,-1,7
331366,-6.499874,28,real,-1,7
331391,-15.680942,25,synthetic,0,4
331424,-1.861717,33,real,-1,12
331454,-11.720081,30,synthetic,1,9
331483,1.510721,29,real,-1,8
331508,2.678603,25,real,-1,4
331535,-2.423,27,synthetic,0,6
331575,-2.932755,40,real,-1,19
331597,-1.202254,22,real,-1,1
331633,-19.045379,36,synthetic,1,15
331669,-13.548316,36,real,-1,15
331700,2.009923,31,real,-1,10
331736,-18.913707,36,synthetic,1,15
331761,-27.558572,25,synthetic,1,4
331795,1.628306,34,real,-1,13
331837,-2.691581,42,real,-1,21
331870,-13.663996,33,synthetic,0,12
331897,-5.690508,27,real,-1,6
331931,4.026226,34,real,-1,13
331960,-0.517648,29,real,-1,8
331986,-24.688654,26,synthetic,1,5
332026,-17.473872,40,synthetic,0,19
332052,-25.43138,26,synthetic,1,5
332086,-10.69908,34,real,-1,13
332108,-2.436924,22,real,-1,1
332149,-46.061236,41,synthetic,2,20
332186,-5.014317,37,real,-1,16
332228,-29.741493,42,synthetic,2,21
332256,-5.017507,28,real,-1,7
332282,2.610311,26,real,-1,5
332319,-25.276609,37,synthetic,2,16
332345,-11.041519,26,synthetic,0,5
332367,-23.683341,22,synthetic,1,1
332401,-16.135609,34,synthetic,0,13
332428,0.053637,27,real,-1,6
332457,-32.823348,29,synthetic,2,8
332485,-1.542542,28,real,-1,7
332507,-35.270119,22,synthetic,2,1
332539,1.322163,32,real,-1,11
332575,-10.995457,36,synthetic,0,15
332603,-15.739132,28,synthetic,0,7
332633,-1.012597,30,real,-1,9
332675,-4.49237,42,real,-1,21
332696,-6.786001,21,real,-1,0
332717,-35.785311,21,synthetic,2,0
332749,-19.017685,32,synthetic,0,11
332786,-9.778332,37,real,-1,16
332823,-9.589384,37,real,-1,16
332856,-24.08294,33,synthetic,2,12
332891,1.379839,35,real,-1,14
332921,-38.278646,30,synthetic,2,9
332947,-5.109578,26,real,-1,5
332986,-9.394024,39,synthetic,0,18
333014,-1.207989,28,real,-1,7
333056,-39.852869,42,synthetic,1,21
333088,-37.800257,32,synthetic,2,11
333122,-4.585473,34,real,-1,13
333148,3.987734,26,real,-1,5
333186,-24.589539,38,synthetic,2,17
333224,-5.278529,38,real,-1,17
333265,-9.92014,41,real,-1,20
333297,-23.027378,32,synthetic,1,11
333319,-4.026726,22,real,-1,1
333349,-2.73262,30,real,-1,9
333378,-32.234315,29,synthetic,2,8
333412,1.124223,34,real,-1,13
333440,0.033654,28,real,-1,7
333479,-4.805223,39,real,-1,18
333500,-40.771554,21,synthetic,2,0
333521,-33.775432,21,synthetic,1,0
333556,-36.430402,35,synthetic,1,14
333596,-34.090165,40,synthetic,2,19
333635,3.069768,39,real,-1,18
333665,-19.054842,30,synthetic,0,9
333693,-3.227087,28,real,-1,7
333729,-18.703486,36,synthetic,1,15
333758,-13.76241,29,synthetic,0,8
333785,-14.671225,27,synthetic,0,6
333814,-0.774117,29,real,-1,8
333838,-39.305878,24,synthetic,2,3
333880,-6.826175,42,real,-1,21
333911,-31.266015,31,synthetic,2,10
333936,-16.111124,25,synthetic,0,4
333978,0.771118,42,real,-1,21
334011,-13.092496,33,synthetic,0,12
334051,-10.450063,40,real,-1,19
334076,1.033351,25,real,-1,4
334114,-3.462055,38,real,-1,17
334155,-26.814583,41,synthetic,1,20
334178,-33.216422,23,synthetic,1,2
334204,-38.271646,26,synthetic,2,5
334235,-38.882814,31,synthetic,2,10
334265,-11.535289,30,synthetic,1,9
334302,0.962861,37,real,-1,16
334324,-5.029804,22,real,-1,1
334360,-15.050433,36,synthetic,0,15
334400,-3.790718,40,real,-1,19
334426,-35.688448,26,synthetic,1,5
334450,-2.087555,24,real,-1,3
334474,-31.451359,24,synthetic,2,3
334503,-7.127638,29,real,-1,8
334526,-28.594806,23,synthetic,1,2
334548,-22.323268,22,synthetic,1,1
334573,-13.019702,25,synthetic,0,4
334607,-53.955359,34,synthetic,2,13
334632,-8.289156,25,synthetic,0,4
334653,-0.055188,21,real,-1,0
334675,2.057672,22,real,-1,1
334707,1.333069,32,real,-1,11
334735,-2.745515,28,real,-1,7
334773,-5.507764,38,real,-1,17
334806,1.636865,33,real,-1,12
334830,-27.330078,24,synthetic,1,3
334871,-45.486232,41,synthetic,2,20
334905,-4.519408,34,real,-1,13
334933,-38.617909,28,synthetic,2,7
334971,-10.235249,38,real,-1,17
334998,-1.467944,27,real,-1,6
335039,-1.822823,41,real,-1,20
335075,-11.895694,36,synthetic,0,15
335114,-26.172803,39,synthetic,1,18
335139,-10.54039,25,real,-1,4
335175,-15.694908,36,real,-1,15
335199,-2.814743,24,real,-1,3
335232,-2.760387,33,real,-1,12
335263,-14.829436,31,synthetic,1,10
335304,-15.137712,41,synthetic,0,20
335337,-7.012052,33,real,-1,12
335359,1.166312,22,real,-1,1
335383,-26.764408,24,synthetic,1,3
335418,-1.870396,35,real,-1,14
335458,-17.77042,40,synthetic,1,19
335493,-25.513428,35,synthetic,1,14
335515,-13.451116,22,synthetic,0,1
335553,-3.71022,38,real,-1,17
335583,-6.31529,30,real,-1,9
335606,-24.108089,23,synthetic,1,2
335638,-5.18296,32,real,-1,11
335680,-37.615442,42,synthetic,2,21
335720,-14.726981,40,synthetic,0,19
335741,2.047784,21,real,-1,0
335781,1.658198,40,real,-1,19
335810,-33.227515,29,synthetic,2,8
335851,-15.276001,41,real,-1,20
335891,-10.405758,40,synthetic,0,19
335924,-3.613639,33,real,-1,12
335959,-32.271736,35,synthetic,1,14
335987,-23.620193,28,synthetic,1,7
336029,-7.874997,42,real,-1,21
336053,-0.233509,24,real,-1,3
336075,-11.111386,22,synthetic,0,1
336111,-3.129934,36,real,-1,15
336143,-13.763406,32,synthetic,0,11
336167,3.093452,24,real,-1,3
336198,5.103853,31,real,-1,10
336221,-0.699045,23,real,-1,2
336254,-28.805608,33,synthetic,2,12
336295,1.680984,41,real,-1,20
336317,3.740214,22,real,-1,1
336350,-7.834239,33,real,-1,12
336388,-25.234288,38,synthetic,2,17
336423,-5.012937,35,real,-1,14
336453,5.014272,30,real,-1,9
336479,-17.154245,26,synthetic,1,5
336502,-2.238559,23,real,-1,2
336525,-19.029826,23,synthetic,1,2
336556,-11.585998,31,synthetic,0,10
336589,-6.668257,33,synthetic,0,12
336627,-8.682249,38,real,-1,17
336658,-8.058194,31,synthetic,0,10
336696,6.855595,38,real,-1,17
336719,-7.106792,23,real,-1,2
336746,2.690112,27,real,-1,6
336779,-35.94303,33,synthetic,2,12
336814,-2.835207,35,real,-1,14
336849,-12.299159,35,synthetic,0,14
336887,-46.351859,38,synthetic,2,17
336917,-2.242075,30,real,-1,9
336940,-5.042548,23,real,-1,2
336981,-25.97172,41,synthetic,1,20
337014,-10.669877,33,real,-1,12
337044,-7.899793,30,real,-1,9
337066,2.410005,22,real,-1,1
337094,-14.607526,28,synthetic,0,7
337120,-4.604738,26,real,-1,5
337144,2.369828,24,real,-1,3
337184,-6.789455,40,real,-1,19
337205,5.100986,21,real,-1,0
337232,0.403097,27,real,-1,6
337269,-2.638275,37,real,-1,16
337298,-26.360268,29,synthetic,1,8
337320,-21.331694,22,synthetic,1,1
337347,-4.912123,27,real,-1,6
337373,-0.871676,26,real,-1,5
337401,-8.061427,28,real,-1,7
337425,-22.052932,24,synthetic,1,3
337451,-1.146584,26,real,-1,5
337475,-10.27607,24,synthetic,0,3
337501,-39.33799,26,synthetic,2,5
337530,-27.444748,29,synthetic,1,8
337572,-8.189186,42,real,-1,21
337599,-5.253984,27,real,-1,6
337623,7.151637,24,real,-1,3
337659,-12.995381,36,synthetic,0,15
337700,-10.992363,41,synthetic,0,20
337721,-9.207044,21,real,-1,0
337743,-22.413926,22,synthetic,1,1
337780,-31.828081,37,synthetic,1,16
337804,-9.197229,24,real,-1,3
337841,-18.971709,37,synthetic,1,16
337863,0.808905,22,real,-1,1
337895,-23.004226,32,synthetic,1,11
337934,1.077293,39,real,-1,18
337961,-38.359337,27,synthetic,2,6
337985,-11.715042,24,synthetic,0,3
338007,-13.963452,22,synthetic,0,1
338041,-28.20508,34,synthetic,1,13
338072,-16.718371,31,real,-1,10
338105,-4.542662,33,real,-1,12
338140,-42.441463,35,synthetic,2,14
338161,-1.558074,21,real,-1,0
338199,-6.323363,38,real,-1,17
338230,-3.719078,31,real,-1,10
338252,-2.891348,22,real,-1,1
338287,-7.471556,35,real,-1,14
338324,-27.620699,37,synthetic,1,16
338349,-16.181547,25,synthetic,0,4
338378,-13.615434,29,synthetic,0,8
338411,-18.819282,33,synthetic,0,12
338443,2.23662,32,real,-1,11
338476,-32.219831,33,synthetic,1,12
338508,-8.690979,32,real,-1,11
338536,-32.194444,28,synthetic,2,7
338570,-37.718371,34,synthetic,2,13
338605,-5.002808,35,real,-1,14
338630,-17.633897,25,synthetic,0,4
338664,-34.721792,34,synthetic,2,13
338685,-29.444086,21,synthetic,2,0
338711,-22.017525,26,synthetic,1,5
338747,2.655942,36,real,-1,15
338771,-11.72729,24,real,-1,3
338793,-18.837462,22,synthetic,0,1
338818,-45.920397,25,synthetic,2,4
338857,-11.91727,39,synthetic,0,18
338883,-9.728482,26,real,-1,5
338915,-4.151938,32,real,-1,11
338954,2.084074,39,real,-1,18
338979,-28.358883,25,synthetic,1,4
339000,4.011528,21,real,-1,0
339030,-8.060405,30,real,-1,9
339066,-37.731639,36,synthetic,2,15
339093,-22.766382,27,synthetic,1,6
339120,-1.458527,27,real,-1,6
339159,-0.467201,39,real,-1,18
339190,-5.909677,31,real,-1,10
339231,-19.528079,41,synthetic,0,20
339263,-2.352968,32,real,-1,11
339290,-3.756795,27,real,-1,6
339324,-13.161681,34,real,-1,13
339349,-10.667767,25,synthetic,0,4
339387,-30.295001,38,synthetic,2,17
339427,-13.075101,40,synthetic,0,19
339449,-28.016447,22,synthetic,1,1
339480,-21.556222,31,synthetic,1,10
339518,-16.580232,38,synthetic,0,17
339557,-4.626183,39,real,-1,18
339581,-27.157624,24,synthetic,1,3
339623,-28.239763,42,synthetic,2,21
339657,-22.490953,34,synthetic,1,13
339689,-2.952463,32,real,-1,11
339726,-33.010126,37,synthetic,2,16
339758,-38.954401,32,synthetic,2,11
339792,-1.541438,34,real,-1,13
339813,-3.410134,21,real,-1,0
339849,-26.667051,36,synthetic,1,15
339891,-12.454125,42,synthetic,0,21
339928,6.746901,37,real,-1,16
339952,-24.600941,24,synthetic,1,3
339973,2.646134,21,real,-1,0
340008,2.684692,35,real,-1,14
340031,-16.449968,23,synthetic,1,2
340060,-5.743916,29,synthetic,0,8
340087,-3.212211,27,real,-1,6
340117,-4.90081,30,synthetic,0,9
340140,0.323824,23,real,-1,2
340180,-29.849612,40,synthetic,1,19
340201,-16.435505,21,synthetic,0,0
340243,-10.259812,42,synthetic,0,21
340272,-0.232286,29,real,-1,8
340301,-9.355546,29,real,-1,8
340335,-7.301916,34,real,-1,13
340369,-4.313092,34,real,-1,13
340408,-6.99571,39,real,-1,18
340450,-21.007916,42,synthetic,0,21
340472,-32.480135,22,synthetic,2,1
340495,-2.935878,23,real,-1,2
340526,-10.372056,31,synthetic,0,10
340555,-7.739179,29,synthetic,0,8
340577,-44.357514,22,synthetic,2,1
340615,-23.258565,38,synthetic,2,17
340639,1.828274,24,real,-1,3
340681,-18.658633,42,synthetic,0,21
340712,-3.944904,31,real,-1,10
340736,0.121638,24,real,-1,3
340761,-39.224213,25,synthetic,2,4
340791,-5.045987,30,real,-1,9
340833,-10.660746,42,real,-1,21
340855,-1.432977,22,real,-1,1
340890,-25.459782,35,synthetic,1,14
340924,-11.69617,34,real,-1,13
340957,1.463182,33,real,-1,12
340979,-11.786071,22,synthetic,0,1
341004,-5.227394,25,real,-1,4
341027,-7.322908,23,real,-1,2
341069,-8.359378,42,real,-1,21
341094,-19.338014,25,synthetic,1,4
341124,0.079795,30,real,-1,9
341165,-47.687045,41,synthetic,2,20
341188,-35.940604,23,synthetic,2,2
341215,-1.911077,27,real,-1,6
341248,-14.485352,33,synthetic,0,12
341276,-15.737701,28,synthetic,0,7
341314,-16.485239,38,synthetic,1,17
341335,-2.664048,21,real,-1,0
341373,4.91629,38,real,-1,17
341411,-27.872289,38,synthetic,1,17
341452,-25.354275,41,synthetic,1,20
341474,-31.319294,22,synthetic,2,1
341504,1.399684,30,real,-1,9
341537,-19.139952,33,synthetic,1,12
341559,-9.277422,22,real,-1,1
341581,-33.079034,22,synthetic,2,1
341614,-16.932923,33,synthetic,0,12
341654,-25.988109,40,synthetic,1,19
341695,-13.665936,41,synthetic,0,20
341717,-16.562759,22,synthetic,0,1
341739,-23.517872,22,synthetic,1,1
341761,-0.035163,22,real,-1,1
341782,-2.58026,21,real,-1,0
341804,0.065766,22,real,-1,1
341825,-9.153557,21,real,-1,0
341866,-4.60554,41,real,-1,20
341897,-5.150481,31,real,-1,10
341925,-19.079448,28,synthetic,1,7
341966,-22.016816,41,synthetic,1,20
341997,-0.586232,31,real,-1,10
342019,-11.991934,22,synthetic,0,1
342057,-6.770049,38,real,-1,17
342092,2.108081,35,real,-1,14
342126,-9.942218,34,real,-1,13
342150,-17.874825,24,synthetic,1,3
342185,-0.014845,35,real,-1,14
342219,1.102191,34,real,-1,13
342244,-4.785451,25,real,-1,4
342270,-2.614789,26,real,-1,5
342299,7.362675,29,real,-1,8
342325,-36.901791,26,synthetic,2,5
342353,-12.320202,28,synthetic,0,7
342386,2.737348,33,real,-1,12
342422,-6.038472,36,real,-1,15
342446,-5.44444,24,real,-1,3
342482,-16.664732,36,synthetic,0,15
342518,-19.720922,36,synthetic,1,15
342548,-5.95132,30,real,-1,9
342577,-34.551445,29,synthetic,2,8
342605,-0.723793,28,real,-1,7
342626,-5.732596,21,synthetic,0,0
342654,2.470388,28,real,-1,7
342686,-41.606861,32,synthetic,1,11
342713,-45.36248,27,synthetic,2,6
342748,-4.710022,35,real,-1,14
342785,-24.976151,37,synthetic,2,16
342825,-40.034795,40,synthetic,2,19
342853,0.530956,28,real,-1,7
342883,-15.830492,30,synthetic,0,9
342913,-29.863502,30,synthetic,1,9
342943,-12.031852,30,synthetic,0,9
342973,-22.92045,30,synthetic,1,9
342997,-1.243328,24,real,-1,3
343034,-26.198334,37,synthetic,1,16
343058,-1.25598,24,real,-1,3
343090,-3.07181,32,real,-1,11
343116,-5.472119,26,real,-1,5
343142,-3.838157,26,real,-1,5
343168,-22.14114,26,synthetic,1,5
343195,-7.869691,27,synthetic,0,6
343233,-32.541785,38,synthetic,1,17
343269,1.555354,36,real,-1,15
343306,-14.59589,37,real,-1,16
343339,-23.461597,33,synthetic,1,12
343374,-48.837049,35,synthetic,2,14
343408,1.741475,34,real,-1,13
343441,-19.364481,33,synthetic,1,12
343464,-35.544467,23,synthetic,2,2
343488,-30.998321,24,synthetic,2,3
343514,-15.846355,26,synthetic,0,5
343549,-8.34268,35,real,-1,14
343578,-12.901925,29,real,-1,8
343604,-3.112022,26,real,-1,5
343642,-0.441924,38,real,-1,17
343664,-14.829604,22,synthetic,0,1
343703,-26.49855,39,synthetic,2,18
343730,3.804429,27,real,-1,6
343756,0.594328,26,real,-1,5
343792,-12.601759,36,real,-1,15
343833,-1.127728,41,real,-1,20
343854,-12.148898,21,synthetic,0,0
343881,-20.614494,27,synthetic,1,6
343907,-5.355742,26,real,-1,5
343942,-31.021577,35,synthetic,1,14
343969,-46.078154,27,synthetic,2,6
344002,-40.950934,33,synthetic,2,12
344032,0.982882,30,real,-1,9
344057,-3.234346,25,real,-1,4
344088,-27.042257,31,synthetic,1,10
344115,-28.634436,27,synthetic,1,6
344147,-13.007761,32,real,-1,11
344186,-18.457803,39,synthetic,0,18
344224,-2.216535,38,real,-1,17
344258,-8.451389,34,synthetic,0,13
344294,-34.928291,36,synthetic,2,15
344326,-38.155237,32,synthetic,2,11
344367,-12.537406,41,real,-1,20
344394,-20.825402,27,synthetic,0,6
344436,0.907797,42,real,-1,21
344477,-28.578937,41,synthetic,1,20
344498,-12.220147,21,synthetic,0,0
344519,-15.077629,21,synthetic,0,0
344552,-13.849102,33,real,-1,12
344594,-6.364711,42,real,-1,21
344626,-8.545637,32,real,-1,11
344653,-4.205145,27,real,-1,6
344692,-1.695089,39,real,-1,18
344733,-4.6153,41,real,-1,20
344762,-42.989137,29,synthetic,2,8
344795,-31.398365,33,synthetic,1,12
344830,-7.088865,35,real,-1,14
344856,-26.957238,26,synthetic,2,5
344883,-27.368249,27,synthetic,1,6
344916,-34.385633,33,synthetic,2,12
344953,-36.25667,37,synthetic,2,16
344994,-6.780273,41,real,-1,20
345022,-4.998666,28,real,-1,7
345050,-37.546619,28,synthetic,2,7
345079,-28.9462,29,synthetic,1,8
345119,-0.872422,40,real,-1,19
345154,-7.504349,35,real,-1,14
345196,-13.40514,42,synthetic,0,21
345223,-26.0344,27,synthetic,2,6
345250,-9.885558,27,synthetic,0,6
345290,-13.844854,40,synthetic,0,19
345326,-2.066582,36,real,-1,15
345364,-3.219767,38,synthetic,0,17
345394,-4.147764,30,real,-1,9
345436,-5.289409,42,real,-1,21
345472,-14.407568,36,synthetic,0,15
345499,-29.50166,27,synthetic,1,6
345522,-1.735996,23,real,-1,2
345558,0.287855,36,real,-1,15
345591,-6.236799,33,real,-1,12
345621,-18.786984,30,synthetic,0,9
345651,-2.406842,30,real,-1,9
345679,-0.194343,28,real,-1,7
345702,-9.615434,23,real,-1,2
345723,2.524756,21,real,-1,0
345750,-3.96725,27,real,-1,6
345777,-14.184074,27,synthetic,0,6
345817,4.560911,40,real,-1,19
345844,-21.190245,27,synthetic,0,6
345877,-23.061709,33,synthetic,1,12
345912,-3.521526,35,real,-1,14
345942,-41.299996,30,synthetic,2,9
345982,-2.247708,40,real,-1,19
346017,-9.900279,35,synthetic,0,14
346059,-22.731203,42,synthetic,1,21
346096,1.721481,37,real,-1,16
346136,-7.928711,40,real,-1,19
346171,-12.91993,35,synthetic,0,14
346207,-12.735889,36,synthetic,0,15
346248,-8.436938,41,real,-1,20
346270,-3.08789,22,real,-1,1
346294,1.88543,24,real,-1,3
346317,-12.005651,23,synthetic,0,2
346356,-6.212809,39,real,-1,18
346393,-5.305485,37,real,-1,16
346419,-2.667499,26,real,-1,5
346449,-15.744642,30,synthetic,0,9
346478,-40.403165,29,synthetic,2,8
346505,-13.1442,27,synthetic,0,6
346534,0.641098,29,real,-1,8
346562,1.612743,28,real,-1,7
346589,2.988689,27,real,-1,6
346629,1.57764,40,real,-1,19
346662,-9.825948,33,synthetic,0,12
346697,-36.932874,35,synthetic,2,14
346724,-3.71764,27,real,-1,6
346756,-1.634241,32,real,-1,11
346794,-17.402007,38,synthetic,0,17
346826,-0.325594,32,real,-1,11
346852,-27.997734,26,synthetic,2,5
346881,-25.752339,29,synthetic,1,8
346917,0.42433,36,real,-1,15
346953,-0.236057,36,real,-1,15
346992,-10.895083,39,real,-1,18
347029,-14.837262,37,synthetic,0,16
347067,-25.062397,38,synthetic,0,17
347105,-4.503392,38,real,-1,17
347126,-18.129913,21,synthetic,1,0
347164,-31.5234,38,synthetic,2,17
347206,-1.614665,42,real,-1,21
347234,-2.398351,28,real,-1,7
347255,-6.594844,21,real,-1,0
347297,-29.602455,42,synthetic,2,21
347323,5.341684,26,real,-1,5
347364,-2.4937,41,real,-1,20
347394,-28.574956,30,synthetic,1,9
347436,-17.346054,42,synthetic,0,21
347467,-12.074755,31,real,-1,10
347502,-13.758999,35,synthetic,0,14
347537,-15.48595,35,synthetic,0,14
347568,-0.746462,31,real,-1,10
347595,-8.861086,27,synthetic,0,6
347633,-9.030414,38,real,-1,17
347658,-2.814528,25,real,-1,4
347700,-10.856662,42,real,-1,21
347725,-22.25906,25,synthetic,1,4
347760,-1.068187,35,real,-1,14
347790,-14.749917,30,real,-1,9
347827,-2.249615,37,real,-1,16
347851,-6.382255,24,synthetic,0,3
347891,-26.734404,40,synthetic,1,19
347921,-6.740746,30,real,-1,9
347951,-32.869873,30,synthetic,2,9
347986,-17.602908,35,synthetic,0,14
348007,-5.001059,21,real,-1,0
348036,-38.845248,29,synthetic,2,8
348072,-2.7148,36,real,-1,15
348099,-25.490236,27,synthetic,1,6
348134,1.681805,35,real,-1,14
348174,2.849581,40,real,-1,19
348199,-28.46937,25,synthetic,2,4
348236,-9.939829,37,real,-1,16
348257,-3.430513,21,real,-1,0
348297,1.10792,40,real,-1,19
348339,-4.282958,42,real,-1,21
348378,-39.497227,39,synthetic,2,18
348408,1.044833,30,real,-1,9
348449,-4.398399,41,real,-1,20
348483,-24.071731,34,synthetic,1,13
348520,-1.733544,37,real,-1,16
348543,-22.899197,23,synthetic,1,2
348573,-3.855209,30,real,-1,9
348615,-52.317845,42,synthetic,2,21
348640,-21.125958,25,synthetic,1,4
348681,-3.499181,41,real,-1,20
348714,-37.115749,33,synthetic,2,12
348735,-37.815823,21,synthetic,2,0
348760,-1.081751,25,real,-1,4
348788,-5.582508,28,real,-1,7
348813,-22.002301,25,synthetic,1,4
348842,-24.471243,29,synthetic,1,8
348864,-9.750974,22,real,-1,1
348903,-3.793406,39,real,-1,18
348940,-17.49641,37,synthetic,1,16
348967,-0.195466,27,real,-1,6
348994,-28.470702,27,synthetic,1,6
349033,-9.179118,39,real,-1,18
349064,1.887675,31,real,-1,10
349099,3.579658,35,real,-1,14
349121,-3.217291,22,real,-1,1
349162,-43.734853,41,synthetic,2,20
349201,-4.512449,39,real,-1,18
349243,-31.632396,42,synthetic,1,21
349275,-44.569533,32,synthetic,2,11
349313,-3.804986,38,real,-1,17
349343,-29.735683,30,synthetic,2,9
349377,-6.00796,34,real,-1,13
349410,-5.722219,33,real,-1,12
349445,-17.205658,35,synthetic,0,14
349481,-14.332705,36,synthetic,0,15
349509,-3.18184,28,real,-1,7
349536,-7.60352,27,real,-1,6
349559,-13.507889,23,synthetic,0,2
349601,-7.289242,42,real,-1,21
349640,-26.52001,39,synthetic,2,18
349668,-6.171914,28,real,-1,7
349697,-7.826464,29,real,-1,8
349730,-29.6838,33,synthetic,1,12
349769,-9.622896,39,synthetic,0,18
349808,-9.028509,39,synthetic,0,18
349847,-5.491912,39,real,-1,18
349886,-20.050664,39,synthetic,0,18
349913,-46.74795,27,synthetic,2,6
349947,-31.846724,34,synthetic,1,13
349976,-9.403149,29,synthetic,0,8
350016,-28.034459,40,synthetic,1,19
350049,-2.601958,33,real,-1,12
350083,-5.648011,34,real,-1,13
350108,-11.147358,25,real,-1,4
350149,0.712746,41,real,-1,20
350173,-2.802476,24,real,-1,3
350205,-5.807271,32,real,-1,11
350238,-4.895353,33,real,-1,12
350264,-42.28413,26,synthetic,2,5
350301,-8.548093,37,real,-1,16
350343,-2.203928,42,real,-1,21
350371,4.480638,28,real,-1,7
350396,-40.222723,25,synthetic,2,4
350428,-10.794819,32,synthetic,0,11
350453,-6.088181,25,real,-1,4
350476,-28.597636,23,synthetic,1,2
350502,-9.794336,26,real,-1,5
350530,-4.154937,28,real,-1,7
350572,-13.857381,42,synthetic,0,21
350599,-6.980363,27,real,-1,6
350637,4.577253,38,real,-1,17
350663,2.301046,26,real,-1,5
350699,-6.550271,36,real,-1,15
350733,-7.412177,34,real,-1,13
350757,-4.008868,24,real,-1,3
350783,-2.536131,26,real,-1,5
350809,-14.764116,26,synthetic,0,5
350832,-12.60194,23,synthetic,0,2
350857,-2.01929,25,real,-1,4
350882,-37.496053,25,synthetic,1,4
350903,-4.864596,21,real,-1,0
350943,-0.169996,40,real,-1,19
350971,-40.750377,28,synthetic,2,7
350997,-6.120831,26,real,-1,5
351028,-43.651107,31,synthetic,2,10
351053,-37.978987,25,synthetic,2,4
351092,-8.214045,39,real,-1,18
351124,-1.25524,32,real,-1,11
351147,-35.868326,23,synthetic,2,2
351181,-12.213429,34,synthetic,0,13
351212,-23.881749,31,synthetic,1,10
351239,-3.507876,27,real,-1,6
351264,3.633244,25,real,-1,4
351286,-19.570104,22,synthetic,1,1
351310,3.563117,24,real,-1,3
351340,-4.10337,30,real,-1,9
351362,-13.84973,22,synthetic,0,1
351392,-43.536564,30,synthetic,2,9
351430,-11.015813,38,real,-1,17
351451,2.078443,21,real,-1,0
351492,-27.621209,41,synthetic,1,20
351528,-15.811051,36,synthetic,1,15
351563,-23.538819,35,synthetic,1,14
351605,-39.24899,42,synthetic,2,21
351637,-49.206586,32,synthetic,2,11
351658,-41.523202,21,synthetic,2,0
351683,-34.815583,25,synthetic,1,4
351705,-38.158055,22,synthetic,2,1
351732,-47.985766,27,synthetic,2,6
351765,3.515783,33,real,-1,12
351796,-5.291544,31,real,-1,10
351834,-26.437568,38,synthetic,1,17
351870,-34.343777,36,synthetic,2,15
351907,0.829413,37,real,-1,16
351928,-21.580253,21,synthetic,1,0
351954,-7.608175,26,real,-1,5
351977,-5.01087,23,real,-1,2
352012,-31.712845,35,synthetic,2,14
352046,-0.400375,34,real,-1,13
352081,-1.903653,35,real,-1,14
352110,-3.18795,29,real,-1,8
352150,-3.762554,40,real,-1,19
352176,0.388846,26,real,-1,5
352210,1.58281,34,real,-1,13
352236,-24.226591,26,synthetic,1,5
352270,-42.99283,34,synthetic,2,13
352296,-20.621209,26,synthetic,1,5
352319,-2.250824,23,real,-1,2
352340,0.062752,21,real,-1,0
352370,-4.610839,30,real,-1,9
352403,-6.557126,33,real,-1,12
352438,-0.751166,35,real,-1,14
352465,-1.798585,27,real,-1,6
352495,-0.402427,30,real,-1,9
352526,-5.311956,31,real,-1,10
352556,-4.609259,30,real,-1,9
352589,-5.636266,33,real,-1,12
352612,-2.004889,23,real,-1,2
352654,-10.172503,42,real,-1,21
352687,-5.389836,33,real,-1,12
352719,6.009787,32,real,-1,11
352746,-44.260136,27,synthetic,2,6
352783,-4.916246,37,real,-1,16
352811,-0.549403,28,real,-1,7
352835,-44.897434,24,synthetic,2,3
352859,0.675867,24,real,-1,3
352893,-39.290095,34,synthetic,2,13
352925,-0.048661,32,real,-1,11
352966,-26.385669,41,synthetic,1,20
352998,-23.804488,32,synthetic,1,11
353027,-41.41167,29,synthetic,2,8
353051,-6.941803,24,real,-1,3
353093,-6.106153,42,real,-1,21
353128,-7.705145,35,real,-1,14
353149,-2.175731,21,real,-1,0
353179,-13.620041,30,synthetic,1,9
353202,-1.469487,23,real,-1,2
353229,1.075272,27,real,-1,6
353254,-22.052127,25,synthetic,1,4
353283,-3.721175,29,real,-1,8
353307,-30.67214,24,synthetic,2,3
353334,-4.049735,27,real,-1,6
353358,-2.130313,24,real,-1,3
353387,-27.998367,29,synthetic,1,8
353422,-9.457865,35,real,-1,14
353458,-30.709453,36,synthetic,1,15
353487,-30.680495,29,synthetic,2,8
353529,-20.134836,42,synthetic,0,21
353557,6.653332,28,real,-1,7
353592,-9.715152,35,real,-1,14
353631,-6.446329,39,real,-1,18
353673,-11.439793,42,real,-1,21
353714,-12.219241,41,synthetic,0,20
353737,2.302084,23,real,-1,2
353773,-28.18369,36,synthetic,1,15
353815,-7.98734,42,synthetic,0,21
353840,-11.158795,25,synthetic,1,4
353872,-22.835821,32,synthetic,1,11
353906,-1.849784,34,real,-1,13
353942,-1.634439,36,real,-1,15
353983,-6.06962,41,real,-1,20
354010,-6.894655,27,real,-1,6
354046,-11.042929,36,synthetic,0,15
354074,-28.648162,28,synthetic,2,7
354106,-3.366039,32,real,-1,11
354144,-21.29625,38,synthetic,1,17
354173,-41.616542,29,synthetic,2,8
354195,-0.06978,22,real,-1,1
354221,-3.022807,26,real,-1,5
354256,-6.582723,35,real,-1,14
354284,-11.13439,28,synthetic,0,7
354305,-22.924671,21,synthetic,1,0
354341,-35.752328,36,synthetic,2,15
354367,-47.155227,26,synthetic,2,5
354399,-51.492009,32,synthetic,2,11
354432,-8.09891,33,real,-1,12
354459,1.474154,27,real,-1,6
354494,-0.281939,35,real,-1,14
354523,-32.068394,29,synthetic,1,8
354550,-2.960471,27,real,-1,6
354591,-27.893759,41,synthetic,1,20
354627,1.044967,36,real,-1,15
354650,-37.04043,23,synthetic,2,2
354690,-15.409081,40,real,-1,19
354714,-7.35865,24,synthetic,0,3
354742,-38.701929,28,synthetic,2,7
354775,-39.13258,33,synthetic,2,12
354799,-28.439683,24,synthetic,1,3
354840,-35.951625,41,synthetic,2,20
354867,-3.325771,27,real,-1,6
354892,-5.497527,25,real,-1,4
354913,-38.130343,21,synthetic,2,0
354934,-2.033085,21,real,-1,0
354970,-8.261036,36,real,-1,15
355003,-5.711764,33,real,-1,12
355024,-31.0358,21,synthetic,2,0
355060,-39.349863,36,synthetic,2,15
355092,-22.564844,32,synthetic,1,11
355117,-3.379339,25,real,-1,4
355147,-32.81956,30,synthetic,2,9
355184,3.57949,37,real,-1,16
355222,1.242573,38,real,-1,17
355262,-12.173852,40,synthetic,0,19
355287,3.27027,25,real,-1,4
355315,-34.095631,28,synthetic,1,7
355349,-4.262822,34,real,-1,13
355384,-28.416881,35,synthetic,2,14
355405,-3.418165,21,real,-1,0
355440,-6.871276,35,real,-1,14
355471,-1.295233,31,real,-1,10
355498,-16.017041,27,synthetic,0,6
355540,-40.116695,42,synthetic,2,21
355566,-21.31847,26,synthetic,1,5
355591,-4.548641,25,real,-1,4
355629,-1.116683,38,real,-1,17
355660,-1.380625,31,real,-1,10
355686,-1.0948,26,real,-1,5
355725,-5.758325,39,real,-1,18
355746,-9.955034,21,synthetic,0,0
355787,-34.648455,41,synthetic,1,20
355829,-16.925741,42,synthetic,0,21
355855,-32.139213,26,synthetic,2,5
355890,-40.477475,35,synthetic,2,14
355923,-2.048667,33,real,-1,12
355950,-36.962031,27,synthetic,2,6
355979,-29.32743,29,synthetic,1,8
356011,-28.283781,32,synthetic,1,11
356035,0.045123,24,real,-1,3
356058,-11.515149,23,synthetic,0,2
356094,-21.98611,36,synthetic,1,15
356119,-13.132046,25,synthetic,0,4
356140,-5.558335,21,real,-1,0
356167,-29.622077,27,synthetic,2,6
356201,-42.188038,34,synthetic,2,13
356223,0.205215,22,real,-1,1
356257,-0.895384,34,real,-1,13
356290,-23.935883,33,synthetic,1,12
356325,0.15638,35,real,-1,14
356356,5.507798,31,real,-1,10
356382,-35.232413,26,synthetic,2,5
356418,-5.200208,36,real,-1,15
356455,-25.760616,37,synthetic,1,16
356476,-4.388689,21,real,-1,0
356503,2.718261,27,real,-1,6
356540,-37.041103,37,synthetic,2,16
356574,-4.602396,34,real,-1,13
356601,0.977514,27,real,-1,6
356622,-42.54057,21,synthetic,2,0
356646,-12.130449,24,real,-1,3
356688,-6.716324,42,real,-1,21
356730,-3.710829,42,real,-1,21
356751,-9.171475,21,real,-1,0
356784,1.520692,33,real,-1,12
356809,-27.799441,25,synthetic,2,4
356837,-5.395789,28,real,-1,7
356873,-8.194661,36,real,-1,15
356907,-24.835329,34,synthetic,1,13
356939,-25.040988,32,synthetic,2,11
356968,-45.789253,29,synthetic,2,8
356999,-0.692162,31,real,-1,10
357031,2.946371,32,real,-1,11
357054,-25.951043,23,synthetic,2,2
357089,-7.471027,35,real,-1,14
357117,-30.935869,28,synthetic,1,7
357138,-4.095322,21,real,-1,0
357163,-8.750227,25,synthetic,0,4
357191,-6.127468,28,real,-1,7
357225,-17.248262,34,synthetic,0,13
357250,2.083049,25,real,-1,4
357274,1.906829,24,real,-1,3
357311,-20.571696,37,synthetic,1,16
357341,-28.726408,30,synthetic,1,9
357376,-47.548955,35,synthetic,2,14
357398,0.951585,22,real,-1,1
357424,-24.650098,26,synthetic,1,5
357462,-41.780666,38,synthetic,2,17
357496,2.298168,34,real,-1,13
357529,-11.585475,33,real,-1,12
357564,-36.867353,35,synthetic,2,14
357605,-31.328299,41,synthetic,1,20
357638,-12.23746,33,real,-1,12
357679,-5.728924,41,synthetic,0,20
357704,3.695432,25,real,-1,4
357727,-7.008569,23,real,-1,2
357765,-27.24202,38,synthetic,2,17
357798,-0.761803,33,real,-1,12
357834,-10.785904,36,real,-1,15
357871,-4.507992,37,real,-1,16
357900,-32.809909,29,synthetic,2,8
357928,-10.86799,28,synthetic,0,7
357964,-6.272153,36,real,-1,15
357987,-18.505143,23,synthetic,0,2
358017,-19.751875,30,synthetic,0,9
358049,-0.096222,32,real,-1,11
358082,-21.163372,33,synthetic,1,12
358106,-18.23965,24,synthetic,1,3
358132,-1.778264,26,real,-1,5
358154,-35.812526,22,synthetic,2,1
358180,-23.72374,26,synthetic,1,5
358219,-28.161567,39,synthetic,1,18
358250,2.189611,31,real,-1,10
358273,-38.438308,23,synthetic,2,2
358305,-27.439296,32,synthetic,2,11
358336,-40.140396,31,synthetic,2,10
358366,-8.875435,30,synthetic,0,9
358399,-58.115574,33,synthetic,2,12
358426,-6.759338,27,synthetic,0,6
358450,-0.124246,24,real,-1,3
358473,-8.295681,23,synthetic,0,2
358513,-7.159106,40,real,-1,19
358547,-24.810753,34,synthetic,2,13
358578,-20.690013,31,synthetic,0,10
358620,-0.745548,42,real,-1,21
358646,3.578994,26,real,-1,5
358668,5.929395,22,real,-1,1
358698,-1.522083,30,real,-1,9
358727,-13.962915,29,synthetic,0,8
358748,-3.952138,21,real,-1,0
358776,-32.288417,28,synthetic,2,7
358801,-11.293926,25,synthetic,0,4
358822,-4.337569,21,real,-1,0
358851,-4.615353,29,real,-1,8
358885,-14.81718,34,synthetic,1,13
358911,-4.675601,26,real,-1,5
358951,-2.99488,40,real,-1,19
358977,-23.391378,26,synthetic,1,5
359007,-5.892544,30,real,-1,9
359030,-10.84666,23,synthetic,0,2
359056,-1.369259,26,real,-1,5
359093,-4.532739,37,real,-1,16
359133,-30.07543,40,synthetic,1,19
359171,0.397825,38,real,-1,17
359198,-2.215121,27,real,-1,6
359240,-26.992143,42,synthetic,0,21
359262,-3.739791,22,real,-1,1
359300,-30.722784,38,synthetic,1,17
359330,-8.280402,30,real,-1,9
359365,-21.889305,35,synthetic,1,14
359397,-31.838922,32,synthetic,1,11
359429,-37.620776,32,synthetic,2,11
359466,-30.895595,37,synthetic,1,16
359493,-4.703684,27,real,-1,6
359522,-30.810453,29,synthetic,2,8
359554,-1.931642,32,real,-1,11
359593,-31.134341,39,synthetic,1,18
359618,-36.725928,25,synthetic,2,4
359643,-1.343087,25,real,-1,4
359668,-0.932072,25,real,-1,4
359691,-32.74566,23,synthetic,1,2
359722,-36.247463,31,synthetic,1,10
359758,-5.686923,36,real,-1,15
359792,-51.818784,34,synthetic,2,13
359826,-44.526772,34,synthetic,2,13
359865,-29.258725,39,synthetic,1,18
359895,-30.641894,30,synthetic,1,9
359928,2.730127,33,real,-1,12
359962,-12.241482,34,synthetic,0,13
359989,-8.536856,27,synthetic,0,6
360030,-23.01021,41,synthetic,1,20
360059,-1.199527,29,real,-1,8
360086,-3.35993,27,real,-1,6
360125,-11.20898,39,real,-1,18
360166,-30.14249,41,synthetic,1,20
360190,-27.648304,24,synthetic,2,3
360220,-3.381787,30,real,-1,9
360261,-4.554944,41,synthetic,0,20
360297,-4.311062,36,real,-1,15
360333,-22.880416,36,synthetic,1,15
360374,-37.968306,41,synthetic,2,20
360408,0.938687,34,real,-1,13
360449,-12.933416,41,synthetic,0,20
360474,-1.261071,25,real,-1,4
360510,-0.459898,36,real,-1,15
360543,-39.550886,33,synthetic,2,12
360578,-2.038493,35,real,-1,14
360619,-1.261267,41,real,-1,20
360648,-17.424601,29,synthetic,1,8
360677,-8.28805,29,real,-1,8
360708,-5.74055,31,real,-1,10
360746,-1.234422,38,real,-1,17
360778,-24.193433,32,synthetic,1,11
360817,-6.291808,39,real,-1,18
360852,1.872421,35,real,-1,14
360882,-10.58758,30,synthetic,0,9
360917,-17.095289,35,real,-1,14
360953,-35.762431,36,synthetic,2,15
360993,-6.341759,40,real,-1,19
361032,-16.108876,39,synthetic,0,18
361070,-1.940813,38,real,-1,17
361104,-1.280913,34,real,-1,13
361140,-6.655225,36,real,-1,15
361173,-3.765032,33,real,-1,12
361202,-31.262809,29,synthetic,2,8
361224,-1.34677,22,real,-1,1
361251,-1.521129,27,real,-1,6
361292,-21.929319,41,synthetic,1,20
361320,-27.14062,28,synthetic,1,7
361350,-6.783608,30,real,-1,9
361390,-5.917664,40,real,-1,19
361417,-1.618145,27,real,-1,6
361452,-3.885828,35,real,-1,14
361477,-13.637004,25,real,-1,4
361501,-37.100806,24,synthetic,2,3
361538,-0.529802,37,real,-1,16
361561,-4.579118,23,real,-1,2
361594,-6.424149,33,synthetic,0,12
361636,-42.712662,42,synthetic,2,21
361674,-3.217781,38,real,-1,17
361701,-24.808166,27,synthetic,1,6
361739,-8.842939,38,real,-1,17
361771,1.260732,32,real,-1,11
361806,0.953695,35,real,-1,14
361835,-12.522419,29,synthetic,0,8
361864,-32.329761,29,synthetic,1,8
361885,-6.005015,21,real,-1,0
361915,-15.829549,30,synthetic,0,9
361942,-28.691189,27,synthetic,2,6
361965,-3.696047,23,real,-1,2
362004,-4.684729,39,real,-1,18
362036,-17.592175,32,synthetic,0,11
362057,-45.207207,21,synthetic,2,0
362093,-13.197904,36,synthetic,0,15
362117,4.424699,24,real,-1,3
362145,-2.49907,28,real,-1,7
362170,-27.351038,25,synthetic,2,4
362208,-24.43214,38,synthetic,2,17
362243,-1.763941,35,real,-1,14
362268,-37.086304,25,synthetic,2,4
362309,-2.29393,41,real,-1,20
362339,-14.751386,30,synthetic,0,9
362361,1.610814,22,real,-1,1
362383,-7.036806,22,real,-1,1
362423,-35.771532,40,synthetic,2,19
362461,-42.910801,38,synthetic,2,17
362501,-6.988565,40,real,-1,19
362524,-14.978224,23,synthetic,1,2
362565,-41.169378,41,synthetic,2,20
362595,-7.937013,30,synthetic,0,9
362628,-2.177805,33,real,-1,12
362662,-12.547927,34,real,-1,13
362701,-7.513655,39,real,-1,18
362737,-20.761424,36,synthetic,1,15
362778,4.520378,41,real,-1,20
362818,-42.480101,40,synthetic,2,19
362848,-17.72955,30,synthetic,1,9
362869,-18.591126,21,synthetic,1,0
362891,-9.831218,22,synthetic,0,1
362925,-28.559291,34,synthetic,1,13
362959,2.699941,34,real,-1,13
362989,-41.108509,30,synthetic,2,9
363028,-14.932819,39,synthetic,0,18
363053,-44.426214,25,synthetic,2,4
363081,-6.503684,28,synthetic,0,7
363119,-52.698867,38,synthetic,2,17
363141,-44.076634,22,synthetic,2,1
363173,1.42764,32,real,-1,11
363198,-33.842935,25,synthetic,1,4
363236,-28.223571,38,synthetic,1,17
363272,-2.333097,36,synthetic,0,15
363303,-24.681113,31,synthetic,1,10
363335,-5.954072,32,real,-1,11
363367,-35.624466,32,synthetic,2,11
363406,-0.864595,39,real,-1,18
363448,-8.035243,42,real,-1,21
363490,-4.100395,42,real,-1,21
363521,-3.059355,31,real,-1,10
363558,-28.050838,37,synthetic,1,16
363589,-40.48821,31,synthetic,2,10
363611,-1.869877,22,real,-1,1
363641,0.018852,30,real,-1,9
363671,-19.847932,30,synthetic,1,9
363697,-9.348055,26,synthetic,0,5
363719,-41.200864,22,synthetic,2,1
363749,-25.247099,30,synthetic,2,9
363781,-18.486448,32,synthetic,0,11
363822,-24.27719,41,synthetic,1,20
363859,-34.308394,37,synthetic,2,16
363880,-12.044118,21,synthetic,0,0
363919,2.926332,39,real,-1,18
363956,-13.343724,37,synthetic,0,16
363989,-25.970128,33,synthetic,1,12
364012,1.302902,23,real,-1,2
364038,-1.755878,26,real,-1,5
364059,-34.071638,21,synthetic,2,0
364099,-4.579162,40,real,-1,19
364122,-38.576753,23,synthetic,2,2
364144,-1.762747,22,real,-1,1
364167,-19.852231,23,synthetic,1,2
364205,-25.373649,38,synthetic,1,17
364234,-33.631179,29,synthetic,2,8
364275,-47.983405,41,synthetic,2,20
364305,-12.411934,30,synthetic,0,9
364339,-0.512301,34,real,-1,13
364363,-1.704764,24,real,-1,3
364403,-7.024507,40,real,-1,19
364443,0.232162,40,real,-1,19
364480,-35.84025,37,synthetic,2,16
364501,-0.367644,21,real,-1,0
364536,1.289176,35,real,-1,14
364575,-17.641088,39,synthetic,0,18
364597,-17.411509,22,synthetic,0,1
364632,3.195878,35,real,-1,14
364670,-6.008668,38,real,-1,17
364711,-8.050917,41,real,-1,20
364741,1.869998,30,real,-1,9
364781,-8.594296,40,real,-1,19
364814,-1.252738,33,synthetic,0,12
364837,8.707005,23,real,-1,2
364860,-2.384921,23,real,-1,2
364881,-4.098201,21,real,-1,0
364917,6.654335,36,real,-1,15
364958,-10.838936,41,synthetic,1,20
364982,2.551061,24,real,-1,3
365015,-9.959346,33,real,-1,12
365045,-7.86047,30,synthetic,0,9
365071,-20.582682,26,synthetic,1,5
365111,-3.141139,40,real,-1,19
365148,-3.337602,37,real,-1,16
365169,-41.673342,21,synthetic,2,0
365192,-4.835272,23,real,-1,2
365230,-18.82714,38,synthetic,0,17
365271,-8.61078,41,real,-1,20
365312,-3.864127,41,real,-1,20
365347,-37.159937,35,synthetic,1,14
365374,1.04099,27,real,-1,6
365409,-20.449066,35,synthetic,1,14
365433,0.520936,24,real,-1,3
365455,-5.257952,22,real,-1,1
365495,-2.287891,40,real,-1,19
365529,-6.042073,34,real,-1,13
365566,-10.822861,37,real,-1,16
365589,3.103381,23,real,-1,2
365610,-27.987192,21,synthetic,2,0
365651,-17.714776,41,synthetic,1,20
365685,-11.866127,34,synthetic,0,13
365715,-13.564432,30,synthetic,0,9
365742,-3.610082,27,real,-1,6
365763,-21.358023,21,synthetic,1,0
365793,-5.099193,30,real,-1,9
365820,-11.88317,27,real,-1,6
365853,-4.337782,33,real,-1,12
365883,-36.759724,30,synthetic,2,9
365908,-5.829382,25,real,-1,4
365950,-10.222879,42,synthetic,0,21
365990,-1.824382,40,real,-1,19
366014,-4.099301,24,real,-1,3
366056,-41.378801,42,synthetic,2,21
366091,-5.217303,35,real,-1,14
366112,-6.999967,21,synthetic,0,0
366147,-0.309496,35,real,-1,14
366171,-35.778366,24,synthetic,2,3
366213,4.486201,42,real,-1,21
366249,-15.037651,36,synthetic,0,15
366278,-0.821941,29,real,-1,8
366305,-27.145873,27,synthetic,1,6
366339,-41.551427,34,synthetic,2,13
366373,0.019448,34,real,-1,13
366406,-5.224459,33,real,-1,12
366434,-0.198784,28,real,-1,7
366474,-7.749721,40,real,-1,19
366497,-26.915714,23,synthetic,2,2
366532,-3.581364,35,real,-1,14
366561,-2.498652,29,real,-1,8
366585,-21.723508,24,synthetic,1,3
366617,-5.167243,32,real,-1,11
366641,-14.000838,24,synthetic,0,3
366682,-38.798423,41,synthetic,2,20
366720,-10.296065,38,real,-1,17
366755,-34.107207,35,synthetic,2,14
366790,-17.856198,35,synthetic,0,14
366818,-0.392621,28,real,-1,7
366856,-44.552314,38,synthetic,2,17
366881,-1.301841,25,real,-1,4
366915,-8.650853,34,real,-1,13
366957,-7.163921,42,real,-1,21
366984,2.604899,27,real,-1,6
367024,-2.223633,40,real,-1,19
367054,-15.760439,30,synthetic,0,9
367094,-15.370411,40,synthetic,0,19
367115,-8.899421,21,real,-1,0
367143,-36.093803,28,synthetic,2,7
367175,-49.166565,32,synthetic,2,11
367200,-1.273517,25,real,-1,4
367231,-28.70355,31,synthetic,1,10
367270,-0.145466,39,real,-1,18
367293,-9.870717,23,synthetic,0,2
367318,5.316619,25,real,-1,4
367339,-11.296672,21,synthetic,0,0
367376,-30.629904,37,synthetic,1,16
367403,-19.010977,27,synthetic,1,6
367438,0.042667,35,real,-1,14
367465,1.540745,27,real,-1,6
367487,-23.033223,22,synthetic,1,1
367519,-12.877242,32,synthetic,0,11
367544,-33.464727,25,synthetic,2,4
367569,-7.300626,25,synthetic,0,4
367606,-4.460546,37,real,-1,16
367648,3.34213,42,real,-1,21
367670,-1.266544,22,real,-1,1
367694,-14.418894,24,synthetic,0,3
367721,-12.854383,27,synthetic,0,6
367747,-38.15006,26,synthetic,2,5
367788,-47.153329,41,synthetic,2,20
367820,-37.740392,32,synthetic,2,11
367848,-8.108617,28,synthetic,0,7
367870,-22.420079,22,synthetic,1,1
367912,-13.327763,42,synthetic,0,21
367948,-2.642559,36,real,-1,15
367985,-5.545321,37,real,-1,16
368019,-16.840673,34,synthetic,1,13
368043,-4.320291,24,real,-1,3
368083,-3.124665,40,real,-1,19
368125,-27.468817,42,synthetic,2,21
368166,-9.339015,41,real,-1,20
368194,-15.040271,28,synthetic,1,7
368221,-5.859533,27,real,-1,6
368257,-15.91954,36,synthetic,0,15
368283,-30.568629,26,synthetic,2,5
368317,-10.914795,34,synthetic,0,13
368358,-3.194688,41,real,-1,20
368397,-1.955822,39,real,-1,18
368426,-3.876803,29,real,-1,8
368462,-6.113538,36,real,-1,15
368496,-2.034194,34,real,-1,13
368532,-34.227148,36,synthetic,1,15
368555,-9.866543,23,synthetic,0,2
368584,-8.190163,29,synthetic,0,8
368621,-12.696094,37,synthetic,1,16
368656,-32.623868,35,synthetic,2,14
368696,1.47663,40,real,-1,19
368723,-18.016452,27,synthetic,1,6
368758,-17.039832,35,synthetic,0,14
368787,-31.772028,29,synthetic,1,8
368826,-40.80199,39,synthetic,2,18
368854,-2.941607,28,real,-1,7
368891,-7.333865,37,synthetic,0,16
368927,-39.575141,36,synthetic,2,15
368960,-4.743641,33,real,-1,12
369000,-0.419322,40,real,-1,19
369032,-2.793264,32,real,-1,11
369058,-11.718344,26,synthetic,1,5
369084,-10.54846,26,real,-1,5
369123,-43.666497,39,synthetic,2,18
369147,-40.031424,24,synthetic,2,3
369176,-19.282599,29,synthetic,1,8
369200,-35.141216,24,synthetic,2,3
369235,-2.115747,35,real,-1,14
369267,-13.434314,32,synthetic,1,11
369289,-2.091032,22,real,-1,1
369316,5.60165,27,real,-1,6
369349,-11.962304,33,synthetic,0,12
369387,-15.621847,38,real,-1,17
369421,-43.011796,34,synthetic,2,13
369445,-26.462474,24,synthetic,1,3
369470,-9.970588,25,real,-1,4
369500,-2.271648,30,real,-1,9
369542,-8.133259,42,real,-1,21
369583,-45.108089,41,synthetic,2,20
369604,-24.293998,21,synthetic,1,0
369629,-35.562149,25,synthetic,2,4
369651,-9.231725,22,real,-1,1
369682,0.296657,31,real,-1,10
369706,0.500927,24,real,-1,3
369747,-11.276762,41,real,-1,20
369773,-18.957202,26,synthetic,1,5
369810,-31.479332,37,synthetic,1,16
369841,-9.477062,31,real,-1,10
369882,-6.127366,41,real,-1,20
369914,-33.028241,32,synthetic,1,11
369949,-25.01335,35,synthetic,1,14
369976,-26.180365,27,synthetic,1,6
370004,-11.408514,28,synthetic,0,7
370041,-12.726551,37,real,-1,16
370082,-19.850377,41,synthetic,1,20
370116,-32.96084,34,synthetic,2,13
370152,-9.504413,36,real,-1,15
370191,-42.563835,39,synthetic,2,18
370230,-21.535892,39,synthetic,0,18
370256,-1.198598,26,real,-1,5
370277,-9.838556,21,synthetic,0,0
370301,-12.544803,24,synthetic,0,3
370332,-24.142457,31,synthetic,1,10
370371,-4.270418,39,real,-1,18
370408,-5.629203,37,real,-1,16
370449,-11.035252,41,synthetic,0,20
370489,-26.420555,40,synthetic,1,19
370522,-3.761573,33,real,-1,12
370554,-28.277589,32,synthetic,1,11
370593,-6.749121,39,real,-1,18
370629,8.832328,36,real,-1,15
370669,-15.872332,40,synthetic,0,19
370706,-28.814926,37,synthetic,2,16
370732,-38.108798,26,synthetic,2,5
370753,-36.412999,21,synthetic,2,0
370791,-45.937292,38,synthetic,2,17
370816,-14.617422,25,synthetic,0,4
370851,-7.450438,35,synthetic,0,14
370893,-31.035766,42,synthetic,2,21
370914,-8.16478,21,real,-1,0
370948,-5.669506,34,real,-1,13
370982,-42.96342,34,synthetic,2,13
371015,-36.011437,33,synthetic,2,12
371055,-3.82348,40,real,-1,19
371089,-27.944114,34,synthetic,1,13
371114,-0.170725,25,real,-1,4
371148,-2.327702,34,real,-1,13
371189,-25.943827,41,synthetic,1,20
371212,-20.69529,23,synthetic,0,2
371254,-7.328627,42,real,-1,21
371293,-1.012062,39,real,-1,18
371325,7.822465,32,real,-1,11
371366,-15.181144,41,real,-1,20
371388,-10.781745,22,synthetic,0,1
371418,-17.645881,30,synthetic,1,9
371440,-1.911315,22,real,-1,1
371482,-38.195217,42,synthetic,2,21
371506,-16.183821,24,synthetic,1,3
371541,-43.282467,35,synthetic,2,14
371569,-11.763624,28,synthetic,0,7
371598,-9.46899,29,real,-1,8
371630,-8.389282,32,real,-1,11
371653,-17.106108,23,synthetic,0,2
371691,-2.267093,38,real,-1,17
371718,-15.872919,27,synthetic,1,6
371752,-43.263841,34,synthetic,2,13
371778,-26.609307,26,synthetic,1,5
371817,-3.155737,39,real,-1,18
371858,1.232997,41,real,-1,20
371899,-22.351912,41,synthetic,0,20
371928,-6.841691,29,synthetic,0,8
371964,-21.774142,36,synthetic,1,15
371990,-23.701912,26,synthetic,1,5
372022,-50.420137,32,synthetic,2,11
372057,0.886563,35,real,-1,14
372098,-8.432556,41,real,-1,20
372126,1.896838,28,real,-1,7
372158,-18.843966,32,synthetic,1,11
372198,0.452085,40,real,-1,19
372229,-14.988065,31,synthetic,1,10
372271,-40.894113,42,synthetic,2,21
372296,-22.473867,25,synthetic,1,4
372322,-19.280643,26,synthetic,1,5
372357,-3.462827,35,real,-1,14
372392,-24.850482,35,synthetic,1,14
372432,-12.657202,40,synthetic,0,19
372455,-1.448471,23,real,-1,2
372494,-10.066751,39,real,-1,18
372530,-15.938246,36,synthetic,1,15
372561,3.352716,31,real,-1,10
372595,-7.758821,34,synthetic,0,13
372621,-19.888596,26,synthetic,1,5
372650,-30.929138,29,synthetic,2,8
372674,-29.864584,24,synthetic,1,3
372714,-8.798532,40,synthetic,0,19
372753,0.026212,39,real,-1,18
372774,-1.540848,21,real,-1,0
372810,0.297992,36,real,-1,15
372842,-10.733388,32,synthetic,0,11
372863,2.795398,21,real,-1,0
372890,-19.063078,27,synthetic,1,6
372912,-18.731344,22,synthetic,0,1
372945,-41.538889,33,synthetic,2,12
372973,-1.752447,28,real,-1,7
373005,-1.170557,32,real,-1,11
373028,-2.978197,23,real,-1,2
373052,-23.682955,24,synthetic,1,3
373074,5.485827,22,real,-1,1
373109,-32.354514,35,synthetic,2,14
373134,-15.794593,25,synthetic,1,4
373163,-8.576659,29,real,-1,8
373185,-0.220499,22,real,-1,1
373222,1.397202,37,real,-1,16
373262,-5.816402,40,real,-1,19
373289,-15.896218,27,synthetic,0,6
373315,-19.971312,26,synthetic,1,5
373349,3.029456,34,real,-1,13
373382,-3.26677,33,real,-1,12
373424,-2.551515,42,real,-1,21
373451,-5.583702,27,real,-1,6
373483,-27.6642,32,synthetic,1,11
373504,0.502823,21,real,-1,0
373530,-1.49012,26,real,-1,5
373554,0.675864,24,real,-1,3
373578,-23.665499,24,synthetic,1,3
373601,-30.491457,23,synthetic,2,2
373640,-28.139913,39,synthetic,2,18
373676,-14.652653,36,real,-1,15
373709,-39.280615,33,synthetic,2,12
373730,-24.053912,21,synthetic,1,0
373763,-4.453156,33,real,-1,12
373788,0.093547,25,real,-1,4
373822,-1.146635,34,real,-1,13
373861,-16.47953,39,synthetic,0,18
373901,-7.258226,40,synthetic,0,19
373928,-2.334724,27,real,-1,6
373961,-9.945789,33,real,-1,12
373988,-6.731284,27,real,-1,6
374029,-36.38217,41,synthetic,2,20
374071,-11.393226,42,synthetic,0,21
374113,-18.625928,42,synthetic,1,21
374154,-10.153299,41,real,-1,20
374175,2.888435,21,real,-1,0
374199,-19.226957,24,synthetic,1,3
374222,-28.615819,23,synthetic,1,2
374256,-6.022794,34,real,-1,13
374298,-23.151667,42,synthetic,1,21
374321,-28.86356,23,synthetic,1,2
374358,0.470949,37,real,-1,16
374391,-8.834759,33,real,-1,12
374418,-31.044067,27,synthetic,2,6
374451,-6.442347,33,real,-1,12
374480,-11.220374,29,synthetic,0,8
374519,-38.348683,39,synthetic,2,18
374545,-29.513005,26,synthetic,2,5
374586,-8.417146,41,real,-1,20
374607,-20.271871,21,synthetic,1,0
374639,8.090039,32,real,-1,11
374672,-1.917112,33,real,-1,12
374706,-14.639208,34,synthetic,0,13
374748,-1.075645,42,real,-1,21
374776,1.782929,28,real,-1,7
374812,-5.863688,36,real,-1,15
374851,-1.052191,39,real,-1,18
374880,-7.25377,29,real,-1,8
374904,-42.31995,24,synthetic,2,3
374937,-15.661176,33,synthetic,0,12
374959,-29.814413,22,synthetic,2,1
374983,-25.586792,24,synthetic,2,3
375006,-25.369313,23,synthetic,1,2
375031,-26.917504,25,synthetic,1,4
375054,-50.96608,23,synthetic,2,2
375088,-14.020875,34,synthetic,0,13
375128,-12.079177,40,synthetic,0,19
375157,-6.569939,29,real,-1,8
375181,0.048716,24,real,-1,3
375215,-3.413563,34,real,-1,13
375252,-6.154874,37,real,-1,16
375285,-8.876443,33,synthetic,0,12
375307,-44.424903,22,synthetic,2,1
375348,-14.339402,41,synthetic,0,20
375377,-28.396532,29,synthetic,1,8
375419,-2.805952,42,real,-1,21
375451,-14.131205,32,synthetic,0,11
375477,5.497929,26,real,-1,5
375512,-27.557328,35,synthetic,2,14
375543,-19.839063,31,synthetic,1,10
375572,-7.251705,29,real,-1,8
375603,-37.092684,31,synthetic,2,10
375628,0.719969,25,real,-1,4
375657,-30.361061,29,synthetic,2,8
375691,-2.824983,34,real,-1,13
375729,-45.438104,38,synthetic,2,17
375768,-8.49668,39,real,-1,18
375808,-12.935791,40,synthetic,0,19
375829,0.093667,21,real,-1,0
375857,-3.958945,28,real,-1,7
375889,-0.485866,32,real,-1,11
375913,-10.026474,24,synthetic,0,3
375951,-10.06239,38,real,-1,17
375982,-14.497659,31,real,-1,10
376009,2.937088,27,real,-1,6
376036,-23.50297,27,synthetic,1,6
376077,-38.567553,41,synthetic,2,20
376098,-1.667665,21,real,-1,0
376129,-14.469684,31,synthetic,0,10
376156,-10.7562,27,synthetic,0,6
376184,-29.731461,28,synthetic,1,7
376207,0.005403,23,real,-1,2
376240,-15.145041,33,synthetic,1,12
376277,-34.113348,37,synthetic,1,16
376316,-29.929176,39,synthetic,2,18
376341,-9.269055,25,real,-1,4
376367,-12.020191,26,synthetic,0,5
376389,-7.324719,22,real,-1,1
376414,-17.491822,25,synthetic,0,4
376450,-36.170727,36,synthetic,2,15
376474,-32.967875,24,synthetic,2,3
376513,-2.48713,39,real,-1,18
376546,-27.183328,33,synthetic,1,12
376585,-12.013756,39,synthetic,0,18
376623,-6.009147,38,real,-1,17
376665,-8.427203,42,real,-1,21
376689,-34.505056,24,synthetic,2,3
376711,-4.522417,22,real,-1,1
376744,-21.854374,33,synthetic,1,12
376777,-26.074406,33,synthetic,1,12
376814,-3.731592,37,real,-1,16
376850,0.750476,36,real,-1,15
376880,-8.263971,30,real,-1,9
376911,-9.198797,31,synthetic,0,10
376947,-28.133279,36,synthetic,0,15
376979,-26.31799,32,synthetic,1,11
377006,-4.875522,27,synthetic,0,6
377030,-17.309779,24,synthetic,0,3
377055,-13.616762,25,synthetic,0,4
377078,-4.592605,23,real,-1,2
377119,-5.192007,41,real,-1,20
377157,-2.856932,38,real,-1,17
377191,-1.130719,34,real,-1,13
377226,-8.182847,35,real,-1,14
377266,-13.963862,40,synthetic,1,19
377296,-6.891297,30,real,-1,9
377335,-11.925556,39,real,-1,18
377362,-33.942597,27,synthetic,1,6
377396,-3.894922,34,real,-1,13
377434,-10.207931,38,synthetic,1,17
377470,-30.417977,36,synthetic,1,15
377495,-23.486749,25,synthetic,2,4
377533,-21.066596,38,synthetic,2,17
377556,-23.191569,23,synthetic,1,2
377577,-6.381886,21,real,-1,0
377601,-2.199432,24,real,-1,3
377643,-26.690758,42,synthetic,1,21
377673,-33.640919,30,synthetic,2,9
377713,-8.848403,40,real,-1,19
377741,-20.454614,28,synthetic,1,7
377763,-19.584289,22,synthetic,1,1
377800,-25.957717,37,synthetic,1,16
377828,-18.642214,28,synthetic,0,7
377863,-24.101303,35,synthetic,1,14
377901,1.114152,38,real,-1,17
377939,-0.789494,38,real,-1,17
377968,0.624983,29,real,-1,8
378001,-2.556343,33,real,-1,12
378031,4.681824,30,real,-1,9
378066,-32.704528,35,synthetic,2,14
378099,1.663271,33,real,-1,12
378141,-9.991417,42,real,-1,21
378182,-35.822953,41,synthetic,2,20
378216,-42.25949,34,synthetic,2,13
378238,5.185694,22,real,-1,1
378262,-30.065896,24,synthetic,1,3
378286,-7.143903,24,real,-1,3
378319,-9.803503,33,synthetic,0,12
378359,-0.695055,40,real,-1,19
378399,-34.347981,40,synthetic,2,19
378421,-22.071698,22,synthetic,1,1
378459,-54.146085,38,synthetic,2,17
378483,-0.247087,24,real,-1,3
378514,-25.795256,31,synthetic,1,10
378549,-2.66503,35,real,-1,14
378587,-41.292368,38,synthetic,2,17
378628,0.408675,41,real,-1,20
378654,-10.69305,26,synthetic,0,5
378678,-1.212678,24,real,-1,3
378699,-33.706389,21,synthetic,2,0
378739,-36.6134,40,synthetic,2,19
378772,2.112272,33,real,-1,12
378794,-6.24097,22,real,-1,1
378835,2.666789,41,real,-1,20
378871,2.832763,36,real,-1,15
378895,-14.790888,24,synthetic,0,3
378924,-25.761475,29,synthetic,1,8
378960,-18.487206,36,synthetic,0,15
378996,-0.956397,36,real,-1,15
379024,-0.985696,28,real,-1,7
379057,-37.651873,33,synthetic,2,12
379082,-20.173652,25,synthetic,0,4
379118,-14.052073,36,synthetic,0,15
379150,-13.777061,32,real,-1,11
379175,-1.371792,25,real,-1,4
379197,-25.617457,22,synthetic,2,1
379236,-4.87064,39,real,-1,18
379261,-25.543482,25,synthetic,1,4
379294,-23.465204,33,synthetic,1,12
379327,2.249261,33,real,-1,12
379351,1.6153,24,real,-1,3
379381,-1.593117,30,real,-1,9
379405,-0.502205,24,real,-1,3
379432,-2.116078,27,real,-1,6
379456,-34.247095,24,synthetic,2,3
379482,-3.229617,26,real,-1,5
379510,-43.318514,28,synthetic,2,7
379546,1.649639,36,real,-1,15
379585,6.660196,39,real,-1,18
379607,-22.281383,22,synthetic,1,1
379636,-13.039879,29,synthetic,0,8
379678,-19.243647,42,synthetic,1,21
379717,-23.725945,39,synthetic,1,18
379755,-4.495316,38,real,-1,17
379796,-27.454178,41,synthetic,2,20
379831,-13.034258,35,synthetic,0,14
379854,-27.280697,23,synthetic,1,2
379882,-2.111569,28,real,-1,7
379915,-46.800915,33,synthetic,2,12
379948,-44.883287,33,synthetic,2,12
379988,-32.1931,40,synthetic,2,19
380012,0.595379,24,real,-1,3
380054,2.862693,42,real,-1,21
380077,-44.312581,23,synthetic,2,2
380103,-25.302534,26,synthetic,1,5
380145,-16.922699,42,synthetic,1,21
380183,-8.432299,38,synthetic,0,17
380224,-5.144108,41,real,-1,20
380261,-18.533734,37,synthetic,0,16
380303,-3.426677,42,real,-1,21
380341,-8.68816,38,real,-1,17
380363,-30.946009,22,synthetic,2,1
380387,-0.663823,24,real,-1,3
380411,2.166255,24,real,-1,3
380453,-5.445762,42,real,-1,21
380486,-27.237252,33,synthetic,2,12
380518,-3.598379,32,real,-1,11
380555,-9.534042,37,real,-1,16
380580,-10.043952,25,synthetic,0,4
380604,-6.576602,24,real,-1,3
380634,-8.163041,30,real,-1,9
380660,-10.031037,26,real,-1,5
380684,-10.315429,24,synthetic,0,3
380713,-24.562338,29,synthetic,1,8
380738,-3.662342,25,real,-1,4
380780,-32.72049,42,synthetic,2,21
380810,-3.789988,30,synthetic,0,9
380850,-29.864259,40,synthetic,0,19
380889,-1.200244,39,real,-1,18
380928,2.780684,39,real,-1,18
380949,-1.496272,21,real,-1,0
380973,-10.769671,24,real,-1,3
380995,-20.022739,22,synthetic,0,1
381027,-43.192066,32,synthetic,2,11
381057,-17.78139,30,synthetic,0,9
381090,-18.669542,33,synthetic,1,12
381132,-27.845324,42,synthetic,1,21
381160,-50.189694,28,synthetic,2,7
381188,-25.740359,28,synthetic,1,7
381213,-5.511655,25,real,-1,4
381245,-32.752991,32,synthetic,2,11
381277,-48.394277,32,synthetic,2,11
381311,-16.410562,34,synthetic,0,13
381348,-8.304126,37,real,-1,16
381381,-11.111283,33,synthetic,0,12
381405,-8.672703,24,synthetic,0,3
381433,2.794109,28,real,-1,7
381461,2.960112,28,real,-1,7
381497,-30.955521,36,synthetic,1,15
381531,-4.398336,34,real,-1,13
381573,5.600581,42,real,-1,21
381599,-21.74448,26,synthetic,2,5
381638,-19.649788,39,synthetic,1,18
381663,-9.853836,25,synthetic,0,4
381687,-15.962009,24,synthetic,0,3
381727,-0.931553,40,real,-1,19
381762,-39.809286,35,synthetic,2,14
381794,1.607312,32,real,-1,11
381823,-13.08205,29,synthetic,0,8
381860,-1.777351,37,real,-1,16
381883,0.324811,23,real,-1,2
381904,-13.632977,21,synthetic,0,0
381945,-18.112517,41,synthetic,0,20
381969,-11.54814,24,synthetic,0,3
381998,-1.104955,29,real,-1,8
382020,-1.736419,22,real,-1,1
382054,-9.244163,34,synthetic,0,13
382092,-2.485538,38,real,-1,17
382130,-1.255699,38,real,-1,17
382166,-34.345594,36,synthetic,2,15
382197,0.408624,31,real,-1,10
382238,-4.866555,41,real,-1,20
382259,-0.661779,21,real,-1,0
382290,-16.750122,31,synthetic,0,10
382327,-22.003584,37,synthetic,1,16
382352,-46.71771,25,synthetic,2,4
382390,-7.13427,38,real,-1,17
382423,-7.429267,33,real,-1,12
382456,-29.046675,33,synthetic,2,12
382493,-10.487044,37,synthetic,0,16
382521,-3.078117,28,real,-1,7
382546,-12.168009,25,synthetic,0,4
382581,-5.307324,35,real,-1,14
382603,-1.252414,22,real,-1,1
382642,-34.516939,39,synthetic,2,18
382679,-17.494444,37,synthetic,0,16
382714,-21.303416,35,synthetic,1,14
382736,-9.677009,22,synthetic,0,1
382774,-5.889361,38,real,-1,17
382802,-21.53633,28,synthetic,1,7
382838,-10.64939,36,synthetic,0,15
382861,3.507421,23,real,-1,2
382893,-4.228746,32,real,-1,11
382927,-26.733071,34,synthetic,1,13
382954,-0.746431,27,real,-1,6
382986,2.900405,32,real,-1,11
383020,3.690466,34,real,-1,13
383057,-17.801495,37,synthetic,0,16
383089,-0.703198,32,real,-1,11
383127,-1.0986,38,real,-1,17
383162,-13.675133,35,synthetic,0,14
383190,0.624807,28,real,-1,7
383227,-25.23256,37,synthetic,0,16
383256,-46.285982,29,synthetic,2,8
383286,4.039812,30,real,-1,9
383312,1.154562,26,real,-1,5
383344,-3.75457,32,real,-1,11
383368,-3.024582,24,real,-1,3
383399,-23.985875,31,synthetic,2,10
383422,-47.335274,23,synthetic,2,2
383447,-2.501905,25,real,-1,4
383471,-19.362571,24,synthetic,2,3
383498,-12.417493,27,synthetic,0,6
383523,-29.842191,25,synthetic,1,4
383558,-3.106251,35,real,-1,14
383589,-5.584946,31,real,-1,10
383624,-12.635804,35,real,-1,14
383658,-40.264481,34,synthetic,1,13
383698,-38.959623,40,synthetic,2,19
383730,-2.193313,32,real,-1,11
383758,-37.014617,28,synthetic,2,7
383783,-0.881498,25,real,-1,4
383819,-1.978212,36,real,-1,15
383853,-3.325129,34,real,-1,13
383895,1.212738,42,real,-1,21
383937,-43.577126,42,synthetic,2,21
383977,-8.983702,40,synthetic,0,19
384018,-3.846308,41,real,-1,20
384051,-12.23912,33,synthetic,0,12
384076,-15.065485,25,synthetic,0,4
384118,-11.345428,42,real,-1,21
384153,-1.717865,35,real,-1,14
384175,-7.242707,22,real,-1,1
384201,0.268821,26,real,-1,5
384226,-19.65865,25,synthetic,1,4
384249,3.816187,23,real,-1,2
384279,-13.014476,30,real,-1,9
384306,-36.872577,27,synthetic,2,6
384341,-24.270838,35,synthetic,1,14
384383,-4.840067,42,real,-1,21
384407,-15.956719,24,synthetic,0,3
384443,-18.859517,36,synthetic,0,15
384464,-37.122429,21,synthetic,2,0
384494,-43.309059,30,synthetic,2,9
384517,-0.401246,23,real,-1,2
384549,-11.996146,32,synthetic,0,11
384590,-1.335148,41,real,-1,20
384632,-21.997472,42,synthetic,1,21
384664,-4.141636,32,real,-1,11
384689,-4.368814,25,real,-1,4
384723,-4.011318,34,real,-1,13
384745,-2.425997,22,real,-1,1
384777,-6.212408,32,real,-1,11
384807,-8.389564,30,real,-1,9
384832,-11.268095,25,real,-1,4
384866,-10.586795,34,synthetic,1,13
384887,-18.799275,21,synthetic,1,0
384927,-8.375135,40,real,-1,19
384951,-3.593257,24,synthetic,0,3
384986,-1.456275,35,real,-1,14
385027,-11.112774,41,synthetic,0,20
385049,-3.549821,22,real,-1,1
385072,-37.772602,23,synthetic,2,2
385100,-3.38441,28,real,-1,7
385126,-4.435752,26,real,-1,5
385162,-28.114802,36,synthetic,1,15
385194,-2.059034,32,real,-1,11
385236,-18.268929,42,synthetic,0,21
385268,-0.430412,32,real,-1,11
385292,-3.062105,24,real,-1,3
385324,-0.893975,32,real,-1,11
385363,-8.638812,39,real,-1,18
385398,-34.406896,35,synthetic,2,14
385440,-10.667197,42,synthetic,0,21
385479,-16.819882,39,synthetic,1,18
385515,-20.019183,36,synthetic,0,15
385539,-4.5613,24,real,-1,3
385571,-44.979309,32,synthetic,2,11
385605,-1.808982,34,real,-1,13
385639,-6.784497,34,real,-1,13
385677,-31.339652,38,synthetic,1,17
385715,-43.381024,38,synthetic,2,17
385749,-9.035719,34,synthetic,0,13
385777,-49.929322,28,synthetic,2,7
385803,-4.692036,26,real,-1,5
385831,-20.925059,28,synthetic,1,7
385855,-14.910582,24,synthetic,0,3
385891,0.301161,36,real,-1,15
385915,-5.707182,24,real,-1,3
385955,-27.756609,40,synthetic,0,19
385987,-10.712535,32,synthetic,0,11
386028,-30.329109,41,synthetic,1,20
386064,-15.894488,36,synthetic,0,15
386092,-14.431534,28,synthetic,0,7
386113,-28.338981,21,synthetic,1,0
386136,-3.802321,23,real,-1,2
386174,-5.199671,38,real,-1,17
386211,-0.48906,37,real,-1,16
386233,-0.90248,22,real,-1,1
386261,-0.788762,28,real,-1,7
386290,-0.679503,29,real,-1,8
386327,-17.916968,37,synthetic,1,16
386363,-39.376973,36,synthetic,2,15
386401,-0.950301,38,real,-1,17
386424,-43.608742,23,synthetic,2,2
386450,-34.785669,26,synthetic,2,5
386487,-3.04502,37,real,-1,16
386515,-10.246035,28,synthetic,1,7
386554,-4.044975,39,real,-1,18
386592,-3.252438,38,real,-1,17
386614,1.739905,22,real,-1,1
386637,-20.574408,23,synthetic,1,2
386661,-1.73065,24,real,-1,3
386697,-49.817177,36,synthetic,2,15
386735,-1.253569,38,real,-1,17
386769,-23.653257,34,synthetic,1,13
386790,-9.761861,21,real,-1,0
386830,-25.422405,40,synthetic,1,19
386855,-8.01204,25,real,-1,4
386894,-20.728074,39,synthetic,1,18
386933,-9.142293,39,real,-1,18
386967,-4.134332,34,real,-1,13
386991,-7.510064,24,synthetic,0,3
387021,-14.857137,30,synthetic,0,9
387056,-33.523215,35,synthetic,2,14
387090,-0.801953,34,real,-1,13
387114,-14.472294,24,synthetic,0,3
387146,-3.512859,32,real,-1,11
387185,-4.179731,39,real,-1,18
387219,-3.01048,34,real,-1,13
387253,-5.685182,34,real,-1,13
387294,-17.918902,41,synthetic,1,20
387322,-24.391254,28,synthetic,1,7
387354,-20.585556,32,synthetic,1,11
387385,-38.444043,31,synthetic,2,10
387424,-42.832688,39,synthetic,2,18
387459,-5.139766,35,synthetic,0,14
387487,-28.603605,28,synthetic,1,7
387524,-34.696254,37,synthetic,2,16
387561,3.294325,37,real,-1,16
387600,-41.545726,39,synthetic,2,18
387639,-13.478553,39,synthetic,1,18
387667,-22.972408,28,synthetic,1,7
387695,3.281608,28,real,-1,7
387736,4.73572,41,real,-1,20
387765,-2.662061,29,real,-1,8
387800,-22.101899,35,synthetic,1,14
387829,-2.437394,29,real,-1,8
387858,-7.165255,29,synthetic,0,8
387888,-0.541271,30,real,-1,9
387915,-29.86359,27,synthetic,1,6
387956,-45.020913,41,synthetic,2,20
387985,-16.472446,29,synthetic,0,8
388014,-4.272115,29,real,-1,8
388041,-35.225379,27,synthetic,2,6
388069,-3.106393,28,real,-1,7
388097,-4.393487,28,real,-1,7
388123,-0.302399,26,real,-1,5
388159,-0.513572,36,real,-1,15
388198,-28.27719,39,synthetic,1,18
388226,-4.132344,28,real,-1,7
388249,-37.961467,23,synthetic,2,2
388291,-1.819208,42,real,-1,21
388325,-22.480695,34,synthetic,0,13
388359,-38.892265,34,synthetic,2,13
388394,-35.020097,35,synthetic,2,14
388416,-27.4048,22,synthetic,2,1
388452,-26.747944,36,synthetic,1,15
388486,-17.828976,34,synthetic,1,13
388516,-17.556006,30,synthetic,0,9
388540,6.349833,24,real,-1,3
388580,5.409342,40,real,-1,19
388606,-16.598228,26,synthetic,1,5
388646,-5.139401,40,real,-1,19
388674,-3.124868,28,real,-1,7
388708,-23.287494,34,synthetic,1,13
388734,-6.78118,26,real,-1,5
388774,-15.579453,40,synthetic,0,19
388803,-4.370417,29,real,-1,8
388838,-5.366711,35,real,-1,14
388870,-15.985719,32,synthetic,0,11
388912,-36.542973,42,synthetic,2,21
388954,-28.185575,42,synthetic,1,21
388980,1.385796,26,real,-1,5
389016,-15.793657,36,synthetic,0,15
389056,-26.486114,40,synthetic,1,19
389077,-0.949169,21,real,-1,0
389116,-1.302308,39,real,-1,18
389157,-15.941529,41,synthetic,0,20
389193,-13.299589,36,synthetic,0,15
389219,-10.031051,26,synthetic,0,5
389254,-3.915132,35,real,-1,14
389290,-4.457784,36,real,-1,15
389321,-4.651371,31,synthetic,0,10
389346,-26.269414,25,synthetic,1,4
389369,-0.11371,23,real,-1,2
389400,2.226995,31,real,-1,10
389428,-0.191008,28,real,-1,7
389452,-2.424408,24,real,-1,3
389483,-6.146441,31,real,-1,10
389523,-7.697421,40,real,-1,19
389553,-47.247452,30,synthetic,2,9
389579,-8.738794,26,synthetic,0,5
389611,-11.401167,32,real,-1,11
389651,-7.146291,40,real,-1,19
389676,-14.581438,25,synthetic,0,4
389711,-5.250387,35,real,-1,14
389753,-3.048561,42,real,-1,21
389780,2.567876,27,real,-1,6
389821,-22.483422,41,synthetic,0,20
389858,-4.869607,37,real,-1,16
389891,-2.286532,33,real,-1,12
389921,-4.391722,30,real,-1,9
389949,-30.368048,28,synthetic,1,7
389979,-4.659616,30,real,-1,9
390009,-34.066786,30,synthetic,2,9
390045,-2.924723,36,real,-1,15
390073,-0.896528,28,real,-1,7
390115,4.053623,42,real,-1,21
390143,0.427577,28,real,-1,7
390171,-9.701961,28,real,-1,7
390208,1.722325,37,real,-1,16
390246,-15.166534,38,real,-1,17
390269,-2.091648,23,real,-1,2
390301,-3.806266,32,real,-1,11
390341,-10.330727,40,real,-1,19
390370,-23.570849,29,synthetic,1,8
390401,-3.046948,31,real,-1,10
390443,-11.212489,42,synthetic,0,21
390471,-22.285341,28,synthetic,1,7
390492,-10.682914,21,synthetic,0,0
390524,-8.739338,32,real,-1,11
390548,-29.678748,24,synthetic,1,3
390571,-27.992733,23,synthetic,1,2
390598,-25.246459,27,synthetic,1,6
390632,-14.018623,34,synthetic,0,13
390673,-59.910798,41,synthetic,2,20
390707,1.970115,34,real,-1,13
390728,-16.142043,21,synthetic,0,0
390763,-2.403998,35,real,-1,14
390795,-1.111943,32,real,-1,11
390830,-6.4576,35,real,-1,14
390851,-1.80979,21,real,-1,0
390883,-27.225132,32,synthetic,1,11
390907,-33.322952,24,synthetic,2,3
390928,-0.729422,21,real,-1,0
390953,-36.55931,25,synthetic,2,4
390986,-7.185351,33,real,-1,12
391008,-1.869728,22,real,-1,1
391048,-7.390508,40,real,-1,19
391072,-2.295213,24,real,-1,3
391100,0.46419,28,real,-1,7
391130,-5.232649,30,real,-1,9
391163,-14.142985,33,synthetic,1,12
391203,-30.740252,40,synthetic,1,19
391235,-7.249168,32,real,-1,11
391256,-35.007662,21,synthetic,2,0
391298,-13.166906,42,real,-1,21
391330,4.5017,32,real,-1,11
391354,-0.250763,24,real,-1,3
391378,-27.342038,24,synthetic,1,3
391406,0.814754,28,real,-1,7
391433,1.275837,27,real,-1,6
391470,-1.87306,37,real,-1,16
391493,-9.927281,23,synthetic,0,2
391525,-22.670246,32,synthetic,1,11
391546,-9.788197,21,real,-1,0
391584,-2.00666,38,real,-1,17
391607,-7.972655,23,real,-1,2
391644,-34.30072,37,synthetic,1,16
391667,4.16659,23,real,-1,2
391702,-21.271114,35,synthetic,0,14
391740,-7.333974,38,real,-1,17
391777,-16.832252,37,synthetic,0,16
391798,-1.815222,21,real,-1,0
391840,-36.679199,42,synthetic,2,21
391861,-8.405639,21,real,-1,0
391883,-5.153058,22,real,-1,1
391912,-13.433987,29,synthetic,0,8
391943,-0.777735,31,real,-1,10
391985,-3.592746,42,real,-1,21
392025,-15.959013,40,synthetic,0,19
392067,1.915575,42,real,-1,21
392097,4.380764,30,real,-1,9
392127,-26.243821,30,synthetic,1,9
392161,-4.288272,34,real,-1,13
392191,-4.066912,30,synthetic,0,9
392214,-19.250402,23,synthetic,1,2
392237,0.208315,23,real,-1,2
392279,-7.456081,42,real,-1,21
392308,-42.413287,29,synthetic,2,8
392350,-7.142571,42,real,-1,21
392379,3.061505,29,real,-1,8
392417,-27.660937,38,synthetic,1,17
392441,-23.489412,24,synthetic,2,3
392470,-6.134428,29,real,-1,8
392497,0.545894,27,real,-1,6
392527,-3.963045,30,real,-1,9
392549,-26.878687,22,synthetic,1,1
392575,-16.698497,26,synthetic,0,5
392612,-7.086357,37,real,-1,16
392645,-6.335266,33,real,-1,12
392680,-35.279105,35,synthetic,1,14
392722,-31.704051,42,synthetic,2,21
392755,-10.504822,33,real,-1,12
392796,-8.698051,41,real,-1,20
392819,-4.355704,23,real,-1,2
392859,-22.185975,40,synthetic,1,19
392890,5.851472,31,real,-1,10
392928,-27.500234,38,synthetic,2,17
392952,-41.282576,24,synthetic,2,3
392982,-35.312599,30,synthetic,2,9
393019,-43.810845,37,synthetic,2,16
393042,-9.322188,23,synthetic,0,2
393071,-34.221682,29,synthetic,2,8
393098,2.381012,27,real,-1,6
393130,-30.103231,32,synthetic,1,11
393155,-5.521531,25,real,-1,4
393192,-33.440876,37,synthetic,2,16
393229,-2.979323,37,synthetic,0,16
393256,-24.08961,27,synthetic,1,6
393285,-10.372241,29,synthetic,0,8
393308,-30.117614,23,synthetic,2,2
393341,-12.768835,33,synthetic,0,12
393373,-14.468565,32,synthetic,0,11
393403,-23.496507,30,synthetic,1,9
393440,1.679585,37,real,-1,16
393476,-6.383167,36,real,-1,15
393506,-37.066764,30,synthetic,2,9
393536,-37.743354,30,synthetic,2,9
393569,1.157841,33,real,-1,12
393604,-38.439001,35,synthetic,2,14
393625,4.470662,21,real,-1,0
393651,-47.768825,26,synthetic,2,5
393674,-29.428426,23,synthetic,1,2
393714,-17.052792,40,synthetic,1,19
393735,-5.906532,21,synthetic,0,0
393759,-2.38795,24,real,-1,3
393796,-7.547746,37,real,-1,16
393822,-9.809626,26,real,-1,5
393843,-43.70762,21,synthetic,2,0
393873,-4.28697,30,real,-1,9
393914,-11.407154,41,real,-1,20
393947,-2.933475,33,real,-1,12
393970,-0.417022,23,real,-1,2
394008,-11.812586,38,synthetic,0,17
394029,-31.022562,21,synthetic,1,0
394055,-19.21633,26,synthetic,1,5
394091,-11.244381,36,real,-1,15
394123,-26.016731,32,synthetic,1,11
394162,-17.605772,39,synthetic,0,18
394201,-38.319506,39,synthetic,2,18
394237,-7.080277,36,real,-1,15
394267,-49.497926,30,synthetic,2,9
394293,-2.043847,26,real,-1,5
394331,-0.777268,38,real,-1,17
394358,-1.012764,27,real,-1,6
394386,-4.096121,28,real,-1,7
394424,-11.370364,38,synthetic,0,17
394459,-4.267013,35,real,-1,14
394485,-13.061265,26,synthetic,0,5
394524,-26.572456,39,synthetic,1,18
394551,-1.516403,27,real,-1,6
394573,-4.255288,22,real,-1,1
394612,-10.756761,39,real,-1,18
394633,-17.600812,21,synthetic,0,0
394657,0.456851,24,real,-1,3
394684,-3.807413,27,real,-1,6
394711,-8.630474,27,synthetic,0,6
394744,-8.384394,33,real,-1,12
394779,-9.529797,35,real,-1,14
394802,-11.342573,23,synthetic,0,2
394839,-13.664251,37,synthetic,0,16
394874,-31.92918,35,synthetic,1,14
394904,-3.911247,30,real,-1,9
394945,-45.764813,41,synthetic,2,20
394984,-33.476695,39,synthetic,2,18
395016,2.822239,32,real,-1,11
395041,-3.971789,25,real,-1,4
395079,-15.094652,38,synthetic,0,17
395112,-11.777873,33,synthetic,0,12
395143,-34.844215,31,synthetic,2,10
395172,-3.666659,29,real,-1,8
395210,-24.356298,38,synthetic,0,17
395239,-24.862477,29,synthetic,1,8
395266,-27.636597,27,synthetic,1,6
395292,-0.403472,26,real,-1,5
395320,3.183082,28,real,-1,7
395362,-10.059765,42,real,-1,21
395391,-16.494943,29,synthetic,0,8
395421,-18.45039,30,synthetic,0,9
395449,-2.766795,28,real,-1,7
395481,-35.41394,32,synthetic,2,11
395505,-4.924786,24,real,-1,3
395529,-26.195479,24,synthetic,1,3
395567,-5.241794,38,real,-1,17
395595,-12.522411,28,synthetic,0,7
395619,-4.433002,24,real,-1,3
395642,-20.33583,23,synthetic,1,2
395663,-37.424154,21,synthetic,2,0
395699,-33.197332,36,synthetic,2,15
395720,6.878771,21,real,-1,0
395760,-7.864785,40,real,-1,19
395793,-39.538707,33,synthetic,2,12
395834,-7.582025,41,real,-1,20
395864,-20.299005,30,synthetic,1,9
395889,-38.214337,25,synthetic,2,4
395923,-5.680949,34,real,-1,13
395961,-2.066683,38,real,-1,17
395995,-8.453287,34,real,-1,13
396034,-31.245712,39,synthetic,2,18
396064,0.497965,30,real,-1,9
396086,-30.988137,22,synthetic,1,1
396113,-29.122202,27,synthetic,2,6
396150,-6.423106,37,real,-1,16
396181,-16.924291,31,synthetic,1,10
396210,-23.46669,29,synthetic,2,8
396245,-32.430237,35,synthetic,1,14
396273,-15.793335,28,synthetic,0,7
396313,-25.574309,40,synthetic,1,19
396354,-12.80213,41,synthetic,0,20
396387,-53.082375,33,synthetic,2,12
396426,-7.858021,39,real,-1,18
396462,4.943744,36,real,-1,15
396504,-2.666161,42,real,-1,21
396544,-5.183845,40,real,-1,19
396569,-13.264839,25,synthetic,0,4
396603,-6.076976,34,real,-1,13
396636,-9.324113,33,synthetic,0,12
396657,-1.231964,21,real,-1,0
396694,-0.105166,37,real,-1,16
396735,2.290105,41,real,-1,20
396776,-31.131361,41,synthetic,1,20
396818,-6.946174,42,real,-1,21
396843,-15.747741,25,synthetic,0,4
396884,-27.497698,41,synthetic,1,20
396924,-6.428876,40,real,-1,19
396957,-11.842768,33,synthetic,0,12
396985,-4.056124,28,real,-1,7
397010,-44.620145,25,synthetic,2,4
397046,-3.023155,36,real,-1,15
397082,-7.323809,36,real,-1,15
397112,-5.787972,30,real,-1,9
397153,-11.102321,41,synthetic,0,20
397183,-12.352969,30,synthetic,0,9
397210,3.592193,27,real,-1,6
397249,-6.506255,39,real,-1,18
397281,-1.698688,32,real,-1,11
397323,-18.932012,42,synthetic,0,21
397348,-0.974926,25,real,-1,4
397377,-20.0718,29,synthetic,1,8
397416,1.793417,39,real,-1,18
397447,-16.299206,31,synthetic,0,10
397487,-8.02586,40,real,-1,19
397526,0.6278,39,real,-1,18
397548,1.955442,22,real,-1,1
397574,-1.667043,26,real,-1,5
397604,-16.452487,30,synthetic,0,9
397630,-37.548302,26,synthetic,2,5
397665,-5.605856,35,real,-1,14
397701,-3.97643,36,real,-1,15
397733,-4.433716,32,real,-1,11
397765,-31.611946,32,synthetic,1,11
397796,-0.596967,31,real,-1,10
397822,-28.105144,26,synthetic,1,5
397857,-5.451077,35,real,-1,14
397890,-6.058397,33,real,-1,12
397931,-6.700985,41,real,-1,20
397967,-6.448481,36,synthetic,0,15
397995,-5.727667,28,synthetic,0,7
398030,-20.931095,35,synthetic,0,14
398060,-2.253493,30,real,-1,9
398098,-33.425799,38,synthetic,2,17
398140,-0.826754,42,real,-1,21
398170,1.153081,30,real,-1,9
398212,-36.961995,42,synthetic,2,21
398237,-8.848087,25,real,-1,4
398258,-0.38943,21,real,-1,0
398299,-20.225728,41,synthetic,0,20
398332,-9.449346,33,real,-1,12
398369,-6.230261,37,real,-1,16
398410,-34.701296,41,synthetic,2,20
398442,-24.175571,32,synthetic,1,11
398469,-31.283852,27,synthetic,1,6
398492,-15.077442,23,synthetic,0,2
398522,-6.007353,30,real,-1,9
398550,-18.598227,28,synthetic,1,7
398592,-12.764538,42,synthetic,0,21
398626,-19.256778,34,synthetic,0,13
398659,-33.630943,33,synthetic,1,12
398695,-14.983331,36,synthetic,0,15
398733,-32.700781,38,synthetic,2,17
398760,-21.764385,27,synthetic,1,6
398788,-4.194528,28,real,-1,7
398818,-3.301922,30,real,-1,9
398851,-23.010885,33,synthetic,1,12
398883,-48.194952,32,synthetic,2,11
398919,-14.192281,36,synthetic,0,15
398953,-9.567659,34,real,-1,13
398990,-35.828829,37,synthetic,2,16
399031,-39.186496,41,synthetic,2,20
399067,-24.845782,36,synthetic,1,15
399090,1.408797,23,real,-1,2
399124,-2.308472,34,real,-1,13
399147,0.751842,23,real,-1,2
399173,-18.888541,26,synthetic,1,5
399214,-22.903875,41,synthetic,1,20
399254,-1.150704,40,real,-1,19
399291,-25.14976,37,synthetic,1,16
399330,2.442257,39,real,-1,18
399364,-24.850997,34,synthetic,1,13
399395,-19.502491,31,synthetic,0,10
399423,-13.398153,28,synthetic,0,7
399450,-11.565186,27,synthetic,0,6
399474,-0.284604,24,real,-1,3
399497,-9.812269,23,real,-1,2
399534,-2.815836,37,real,-1,16
399572,-14.295294,38,synthetic,0,17
399607,-15.487821,35,synthetic,0,14
399646,-17.892593,39,synthetic,1,18
399668,-14.686803,22,synthetic,0,1
399702,-16.70696,34,synthetic,0,13
399737,-14.510806,35,synthetic,0,14
399763,-22.12472,26,synthetic,1,5
399786,-21.684493,23,synthetic,1,2
399827,-28.474635,41,synthetic,1,20
399848,1.198142,21,real,-1,0
399869,-4.28132,21,real,-1,0
399901,-19.244502,32,synthetic,0,11
399939,-4.97166,38,real,-1,17
399964,-14.07001,25,synthetic,0,4
399985,2.452739,21,real,-1,0
400011,-15.301988,26,synthetic,0,5
400052,-4.269429,41,real,-1,20
400087,-31.007704,35,synthetic,2,14
400127,-9.338301,40,real,-1,19
400159,-4.999519,32,real,-1,11
400184,1.23823,25,real,-1,4
400226,-28.43814,42,synthetic,1,21
400250,-0.692676,24,real,-1,3
400291,-9.787482,41,synthetic,0,20
400323,-8.035049,32,real,-1,11
400353,-2.174899,30,real,-1,9
400388,0.245793,35,real,-1,14
400422,-16.736743,34,synthetic,0,13
400461,-32.316083,39,synthetic,2,18
400503,-3.052872,42,real,-1,21
400543,-30.319073,40,synthetic,1,19
400568,-25.593125,25,synthetic,1,4
400595,-4.007435,27,real,-1,6
400634,-6.83436,39,real,-1,18
400675,-34.927234,41,synthetic,2,20
400716,-9.482197,41,synthetic,0,20
400757,-7.383208,41,real,-1,20
400780,2.395231,23,real,-1,2
400818,-9.284859,38,real,-1,17
400856,-3.740808,38,real,-1,17
400884,-1.84779,28,real,-1,7
400912,-5.246495,28,real,-1,7
400942,4.204142,30,real,-1,9
400967,-21.97644,25,synthetic,1,4
400998,-1.633838,31,real,-1,10
401038,-30.523776,40,synthetic,2,19
401065,-27.663341,27,synthetic,2,6
401103,-24.586289,38,synthetic,1,17
401135,-16.347462,32,synthetic,0,11
401171,-22.549825,36,synthetic,1,15
401198,-26.691043,27,synthetic,1,6
401231,-16.58303,33,synthetic,1,12
401263,-25.571682,32,synthetic,1,11
401304,-42.117323,41,synthetic,2,20
401345,3.599966,41,real,-1,20
401372,-24.810143,27,synthetic,1,6
401403,-3.196223,31,real,-1,10
401430,-36.823993,27,synthetic,2,6
401458,-2.986728,28,real,-1,7
401500,-13.69657,42,real,-1,21
401541,-6.615751,41,real,-1,20
401568,-0.471866,27,real,-1,6
401594,-32.622596,26,synthetic,2,5
401615,-1.401689,21,real,-1,0
401637,1.055654,22,real,-1,1
401671,-22.001615,34,synthetic,1,13
401695,-22.093232,24,synthetic,1,3
401729,0.799189,34,real,-1,13
401764,-7.530165,35,synthetic,0,14
401800,-8.869012,36,synthetic,0,15
401833,-30.735702,33,synthetic,1,12
401863,-36.234078,30,synthetic,2,9
401899,-27.510716,36,synthetic,1,15
401925,-31.079512,26,synthetic,1,5
401946,-21.728801,21,synthetic,1,0
401978,-10.072147,32,synthetic,0,11
402003,-28.218709,25,synthetic,2,4
402037,-13.929048,34,synthetic,0,13
402073,-0.560718,36,real,-1,15
402103,-4.057462,30,real,-1,9
402134,-10.265545,31,real,-1,10
402163,-26.691009,29,synthetic,0,8
402193,-3.05397,30,real,-1,9
402219,-44.609443,26,synthetic,2,5
402258,-43.891088,39,synthetic,2,18
402298,-26.846063,40,synthetic,2,19
402326,-2.704705,28,real,-1,7
402363,7.182105,37,real,-1,16
402388,-36.153559,25,synthetic,2,4
402415,-45.217328,27,synthetic,2,6
402438,-38.874663,23,synthetic,2,2
402464,-11.780894,26,synthetic,0,5
402487,4.424617,23,real,-1,2
402523,-28.325823,36,synthetic,1,15
402548,-26.934693,25,synthetic,1,4
402569,-37.861448,21,synthetic,2,0
402596,-24.926423,27,synthetic,2,6
402622,-20.21518,26,synthetic,1,5
402648,-17.381798,26,synthetic,0,5
402680,-33.31783,32,synthetic,2,11
402717,3.494478,37,real,-1,16
402757,-3.524555,40,real,-1,19
402799,-12.292873,42,real,-1,21
402837,-8.417666,38,real,-1,17
402862,1.063126,25,real,-1,4
402897,-31.156783,35,synthetic,2,14
402933,-0.237639,36,real,-1,15
402961,-14.591659,28,synthetic,0,7
402997,-18.455352,36,synthetic,0,15
403033,-12.121919,36,synthetic,0,15
403075,1.065129,42,real,-1,21
403114,-38.946399,39,synthetic,2,18
403135,-1.41777,21,real,-1,0
403156,0.713514,21,real,-1,0
403178,-10.645263,22,real,-1,1
403216,-17.51556,38,synthetic,0,17
403244,-28.399007,28,synthetic,2,7
403275,-9.971008,31,real,-1,10
403306,-7.077893,31,real,-1,10
403344,-11.248783,38,real,-1,17
403376,0.520089,32,real,-1,11
403412,-10.647441,36,real,-1,15
403435,-10.200831,23,synthetic,0,2
403477,-23.447035,42,synthetic,1,21
403498,-38.329961,21,synthetic,2,0
403535,-5.29936,37,synthetic,0,16
403567,-32.17986,32,synthetic,1,11
403607,-10.185506,40,real,-1,19
403634,-12.432056,27,synthetic,0,6
403671,-15.042815,37,synthetic,0,16
403704,-0.35094,33,real,-1,12
403739,0.542203,35,real,-1,14
403775,-1.305238,36,real,-1,15
403799,-37.241345,24,synthetic,2,3
403834,-11.237687,35,synthetic,0,14
403857,-18.909245,23,synthetic,1,2
403883,4.540243,26,real,-1,5
403916,-29.149633,33,synthetic,2,12
403958,-1.994366,42,real,-1,21
403993,-15.933675,35,synthetic,1,14
404015,-6.440139,22,real,-1,1
404037,-3.749611,22,real,-1,1
404059,-39.400378,22,synthetic,2,1
404086,-28.183649,27,synthetic,2,6
404126,-0.013653,40,real,-1,19
404162,-11.429631,36,synthetic,0,15
404192,-27.487605,30,synthetic,2,9
404217,-7.780991,25,real,-1,4
404248,-2.785568,31,real,-1,10
404271,-10.419009,23,synthetic,0,2
404313,-8.320772,42,real,-1,21
404353,-4.537852,40,real,-1,19
404384,0.489321,31,real,-1,10
404425,-2.582378,41,real,-1,20
404455,-2.708087,30,real,-1,9
404491,-12.4792,36,synthetic,0,15
404514,-7.609036,23,synthetic,0,2
404541,-15.096754,27,synthetic,0,6
404567,-21.019834,26,synthetic,1,5
404597,-3.752515,30,real,-1,9
404631,-41.140612,34,synthetic,2,13
404663,-5.006789,32,real,-1,11
404702,-12.304791,39,synthetic,0,18
404744,-9.772121,42,synthetic,0,21
404766,-2.783352,22,real,-1,1
404793,-24.844491,27,synthetic,1,6
404822,-2.994694,29,real,-1,8
404856,-39.381344,34,synthetic,2,13
404880,-25.366613,24,synthetic,1,3
404911,-0.855486,31,real,-1,10
404941,-3.565069,30,real,-1,9
404981,-19.613154,40,synthetic,1,19
405008,3.312834,27,real,-1,6
405045,-5.855529,37,real,-1,16
405081,-3.19583,36,real,-1,15
405123,-22.954811,42,synthetic,1,21
405165,-44.911314,42,synthetic,2,21
405204,-8.081318,39,real,-1,18
405240,-4.760316,36,real,-1,15
405271,-6.174492,31,real,-1,10
405310,-26.724128,39,synthetic,1,18
405343,-6.022184,33,real,-1,12
405374,-21.795025,31,synthetic,1,10
405398,-7.913186,24,synthetic,0,3
405427,-12.019681,29,synthetic,0,8
405462,-12.746451,35,real,-1,14
405497,-3.158737,35,real,-1,14
405519,-12.935172,22,synthetic,0,1
405559,-8.228189,40,synthetic,0,19
405593,-6.218123,34,synthetic,0,13
405619,-23.116959,26,synthetic,1,5
405659,-15.121823,40,synthetic,0,19
405695,1.796016,36,real,-1,15
405723,-0.142922,28,real,-1,7
405749,-7.332636,26,real,-1,5
405789,-3.164821,40,real,-1,19
405819,-11.571457,30,synthetic,0,9
405856,-8.430094,37,real,-1,16
405889,-7.53623,33,real,-1,12
405921,-11.715554,32,synthetic,0,11
405957,-38.319572,36,synthetic,2,15
405993,-9.993353,36,real,-1,15
406016,-25.715277,23,synthetic,2,2
406051,-36.638905,35,synthetic,2,14
406079,-12.821397,28,synthetic,0,7
406102,-11.894816,23,synthetic,0,2
406124,-11.292269,22,synthetic,1,1
406147,-3.064953,23,real,-1,2
406187,-32.887549,40,synthetic,2,19
406228,0.483283,41,real,-1,20
406260,5.130986,32,real,-1,11
406301,-28.422524,41,synthetic,1,20
406339,-7.33399,38,real,-1,17
406375,-19.414852,36,synthetic,1,15
406409,-5.752813,34,real,-1,13
406447,-26.692095,38,synthetic,2,17
406468,-3.974102,21,real,-1,0
406494,-9.027051,26,real,-1,5
406530,-32.236604,36,synthetic,2,15
406563,-24.682888,33,synthetic,1,12
406587,5.547871,24,real,-1,3
406626,-8.576956,39,real,-1,18
406661,-35.1851,35,synthetic,2,14
406690,-3.658138,29,real,-1,8
406723,-11.978022,33,synthetic,0,12
406751,-8.575925,28,synthetic,0,7
406777,-18.532991,26,synthetic,1,5
406809,-1.719655,32,real,-1,11
406833,-3.760644,24,real,-1,3
406872,2.611186,39,real,-1,18
406902,-21.704529,30,synthetic,1,9
406938,-3.801813,36,real,-1,15
406962,-3.812699,24,real,-1,3
406984,-17.408175,22,synthetic,0,1
407007,-0.958499,23,real,-1,2
407043,-7.291132,36,real,-1,15
407070,-2.87045,27,real,-1,6
407101,-2.29648,31,real,-1,10
407125,-8.746652,24,synthetic,0,3
407154,3.467254,29,real,-1,8
407178,-15.621069,24,synthetic,0,3
407220,-9.502406,42,real,-1,21
407259,-6.491257,39,real,-1,18
407288,-35.34799,29,synthetic,2,8
407326,-29.124692,38,synthetic,1,17
407350,4.589659,24,real,-1,3
407384,-45.982418,34,synthetic,2,13
407409,-4.206995,25,real,-1,4
407441,-14.160783,32,synthetic,0,11
407481,-24.112913,40,synthetic,1,19
407517,-16.870757,36,synthetic,1,15
407551,-14.859889,34,synthetic,0,13
407588,-41.790589,37,synthetic,2,16
407626,-13.534706,38,synthetic,0,17
407653,-3.268202,27,real,-1,6
407684,-2.810284,31,real,-1,10
407722,-2.700036,38,real,-1,17
407745,1.87878,23,real,-1,2
407768,-10.531153,23,synthetic,0,2
407791,-1.353127,23,real,-1,2
407813,1.021932,22,real,-1,1
407854,-41.280559,41,synthetic,2,20
407891,-2.803041,37,real,-1,16
407920,-10.362432,29,synthetic,0,8
407943,-27.328732,23,synthetic,1,2
407984,-22.938979,41,synthetic,1,20
408025,-3.276807,41,real,-1,20
408058,-13.977392,33,real,-1,12
408099,-1.32915,41,real,-1,20
408121,-24.709772,22,synthetic,1,1
408148,-28.944972,27,synthetic,1,6
408173,-26.727789,25,synthetic,1,4
408206,-5.4623,33,real,-1,12
408247,-1.383509,41,real,-1,20
408284,-22.719889,37,synthetic,1,16
408315,-5.435725,31,real,-1,10
408346,-3.994025,31,real,-1,10
408370,-2.943507,24,real,-1,3
408400,-6.784906,30,real,-1,9
408424,-28.373624,24,synthetic,2,3
408447,-12.942136,23,synthetic,0,2
408473,-4.39872,26,real,-1,5
408514,-1.168403,41,real,-1,20
408556,-22.801488,42,synthetic,1,21
408578,-7.480786,22,real,-1,1
408603,-25.960448,25,synthetic,1,4
408631,-3.403758,28,real,-1,7
408657,-18.066348,26,synthetic,0,5
408688,-36.316867,31,synthetic,2,10
408721,2.213016,33,real,-1,12
408753,-46.428688,32,synthetic,2,11
408787,-25.642726,34,synthetic,2,13
408811,-9.942689,24,synthetic,0,3
408852,-13.465619,41,synthetic,0,20
408888,-8.060993,36,real,-1,15
408921,-40.466846,33,synthetic,2,12
408960,-8.985097,39,real,-1,18
408983,-0.02008,23,real,-1,2
409025,-14.705438,42,synthetic,0,21
409057,-4.68062,32,real,-1,11
409098,-28.948612,41,synthetic,1,20
409125,-1.778942,27,real,-1,6
409162,-2.912387,37,real,-1,16
409196,-27.586067,34,synthetic,1,13
409225,0.063905,29,real,-1,8
409266,-13.533301,41,synthetic,0,20
409287,-17.238343,21,synthetic,0,0
409318,-1.716332,31,real,-1,10
409349,-2.280675,31,real,-1,10
409373,-5.542794,24,real,-1,3
409404,-4.062331,31,real,-1,10
409446,-3.404952,42,real,-1,21
409486,-22.928356,40,synthetic,0,19
409519,-4.60248,33,real,-1,12
409553,-0.246314,34,real,-1,13
409583,-38.225465,30,synthetic,2,9
409607,-32.244019,24,synthetic,2,3
409638,-31.638879,31,synthetic,1,10
409674,-13.320101,36,synthetic,0,15
409716,-15.914251,42,synthetic,0,21
409742,-2.207776,26,real,-1,5
409778,-10.657792,36,synthetic,0,15
409813,-9.990255,35,synthetic,0,14
409853,-47.998964,40,synthetic,2,19
409888,-23.482427,35,synthetic,1,14
409923,-3.635793,35,real,-1,14
409950,-1.934407,27,real,-1,6
409987,-1.86514,37,real,-1,16
410018,-2.615862,31,real,-1,10
410046,-11.502261,28,synthetic,0,7
410078,-24.584236,32,synthetic,1,11
410101,-20.956881,23,synthetic,1,2
410134,-28.672143,33,synthetic,1,12
410165,4.963095,31,real,-1,10
410198,-12.990598,33,synthetic,0,12
410239,-16.98181,41,synthetic,1,20
410271,-8.622397,32,synthetic,0,11
410309,-6.110574,38,real,-1,17
410349,-45.755423,40,synthetic,2,19
410377,-5.449922,28,synthetic,0,7
410407,-4.285011,30,real,-1,9
410446,-32.320891,39,synthetic,1,18
410483,-11.838448,37,real,-1,16
410509,-16.566952,26,real,-1,5
410533,-19.645234,24,synthetic,2,3
410570,-4.837407,37,synthetic,0,16
410607,-23.676997,37,synthetic,1,16
410631,-0.647673,24,real,-1,3
410670,-10.952162,39,synthetic,0,18
410693,-21.631616,23,synthetic,1,2
410732,-0.593888,39,real,-1,18
410774,-8.634482,42,synthetic,0,21
410810,-1.10614,36,real,-1,15
410839,-6.412028,29,real,-1,8
410879,-7.730401,40,real,-1,19
410900,-34.271006,21,synthetic,2,0
410925,-2.34816,25,real,-1,4
410964,2.097859,39,real,-1,18
411002,-4.403023,38,real,-1,17
411036,5.789121,34,real,-1,13
411074,-32.081911,38,synthetic,1,17
411100,-3.296811,26,real,-1,5
411121,-13.073191,21,synthetic,0,0
411160,-34.560303,39,synthetic,2,18
411187,-25.63941,27,synthetic,1,6
411226,-14.338811,39,synthetic,0,18
411262,-4.020559,36,real,-1,15
411287,-40.555288,25,synthetic,2,4
411317,0.794711,30,real,-1,9
411354,-11.0498,37,synthetic,0,16
411377,-3.395086,23,real,-1,2
411419,-12.540422,42,real,-1,21
411446,-35.323909,27,synthetic,2,6
411479,-25.76871,33,synthetic,1,12
411510,-9.69342,31,synthetic,0,10
411538,-28.149991,28,synthetic,1,7
411576,-13.553458,38,real,-1,17
411597,-13.800458,21,synthetic,0,0
411627,-28.273615,30,synthetic,1,9
411669,-5.927909,42,real,-1,21
411690,-8.688888,21,synthetic,0,0
411722,3.094532,32,real,-1,11
411763,-3.411507,41,real,-1,20
411790,-3.732181,27,real,-1,6
411814,5.610184,24,real,-1,3
411852,-13.245688,38,synthetic,0,17
411882,-39.855758,30,synthetic,2,9
411923,-3.949486,41,real,-1,20
411964,-19.004792,41,synthetic,1,20
411991,-30.885406,27,synthetic,2,6
412020,-4.814276,29,real,-1,8
412048,-6.536058,28,synthetic,0,7
412087,-6.698007,39,real,-1,18
412122,0.04155,35,real,-1,14
412150,-27.671315,28,synthetic,1,7
412190,-28.052775,40,synthetic,2,19
412224,-6.793317,34,synthetic,0,13
412265,-27.492517,41,synthetic,1,20
412295,-1.688901,30,real,-1,9
412323,-6.81087,28,real,-1,7
412345,-3.283406,22,real,-1,1
412382,-0.4552,37,real,-1,16
412424,-23.280929,42,synthetic,1,21
412454,5.344159,30,real,-1,9
412481,3.136745,27,real,-1,6
412514,-7.397218,33,real,-1,12
412550,-3.877948,36,real,-1,15
412591,-1.651003,41,real,-1,20
412625,-26.748718,34,synthetic,1,13
412664,-6.373872,39,real,-1,18
412701,-1.772714,37,real,-1,16
412729,-11.525923,28,real,-1,7
412752,3.138916,23,real,-1,2
412792,-41.767431,40,synthetic,2,19
412819,-26.499398,27,synthetic,1,6
412857,-9.046033,38,real,-1,17
412882,-28.707867,25,synthetic,1,4
412908,-4.305351,26,real,-1,5
412944,-16.050294,36,synthetic,0,15
412973,-7.281952,29,real,-1,8
412994,1.218418,21,real,-1,0
413025,-32.010169,31,synthetic,2,10
413057,-2.503025,32,real,-1,11
413082,9.263908,25,real,-1,4
413109,-2.447616,27,real,-1,6
413138,-10.002432,29,synthetic,0,8
413173,-4.063859,35,real,-1,14
413212,0.297521,39,real,-1,18
413240,-9.664105,28,real,-1,7
413272,-19.666599,32,synthetic,1,11
413307,-34.077598,35,synthetic,2,14
413330,-0.042479,23,real,-1,2
413356,-20.131394,26,synthetic,1,5
413382,-5.282279,26,real,-1,5
413405,-13.587927,23,synthetic,0,2
413440,-22.410361,35,synthetic,1,14
413469,-33.431232,29,synthetic,1,8
413501,-2.336125,32,real,-1,11
413525,-7.735443,24,real,-1,3
413552,1.669342,27,real,-1,6
413577,-21.110592,25,synthetic,1,4
413604,-5.071804,27,real,-1,6
413641,-38.128843,37,synthetic,2,16
413666,1.770043,25,real,-1,4
413688,-8.40011,22,synthetic,0,1
413717,-10.090862,29,synthetic,0,8
413745,-9.282078,28,real,-1,7
413776,-33.009429,31,synthetic,2,10
413817,-3.0773,41,real,-1,20
413855,-3.166942,38,real,-1,17
413883,6.228399,28,real,-1,7
413914,-7.407479,31,synthetic,0,10
413943,-2.798952,29,real,-1,8
413977,0.743395,34,real,-1,13
414000,-12.123571,23,synthetic,0,2
414022,-35.871675,22,synthetic,2,1
414058,-15.862486,36,synthetic,0,15
414093,-37.662162,35,synthetic,2,14
414133,-6.636249,40,synthetic,0,19
414156,-34.834025,23,synthetic,2,2
414190,-7.508774,34,real,-1,13
414214,-4.535775,24,real,-1,3
414241,-39.404033,27,synthetic,1,6
414272,-43.159526,31,synthetic,2,10
414311,-1.812647,39,real,-1,18
414349,-5.475765,38,real,-1,17
414373,-2.952419,24,real,-1,3
414414,-43.835124,41,synthetic,2,20
414450,-7.419123,36,real,-1,15
414490,-40.404905,40,synthetic,2,19
414525,-32.196815,35,synthetic,2,14
414561,-5.601999,36,synthetic,0,15
414595,-23.89493,34,synthetic,1,13
414624,0.398249,29,real,-1,8
414645,-0.571361,21,real,-1,0
414667,2.086789,22,real,-1,1
414693,-34.79851,26,synthetic,2,5
414728,-1.412306,35,real,-1,14
414769,-32.469957,41,synthetic,1,20
414811,-47.935236,42,synthetic,2,21
414842,-9.929447,31,real,-1,10
414879,-1.295711,37,real,-1,16
414920,-3.669655,41,real,-1,20
414941,-24.205868,21,synthetic,1,0
414970,2.714819,29,real,-1,8
414991,-3.041727,21,real,-1,0
415033,-14.51826,42,synthetic,0,21
415065,-1.095329,32,real,-1,11
415105,-5.01486,40,real,-1,19
415133,-22.887557,28,synthetic,1,7
415171,-4.726915,38,real,-1,17
415206,-34.617463,35,synthetic,2,14
415238,-6.484052,32,real,-1,11
415268,0.114559,30,real,-1,9
415294,-32.987788,26,synthetic,2,5
415333,-8.043083,39,real,-1,18
415357,-4.502942,24,real,-1,3
415393,-12.089741,36,synthetic,0,15
415417,-5.902667,24,real,-1,3
415451,-2.553623,34,real,-1,13
415486,-12.339992,35,synthetic,0,14
415515,-25.038143,29,synthetic,1,8
415555,-0.621778,40,real,-1,19
415586,-2.593274,31,real,-1,10
415622,-29.687028,36,synthetic,2,15
415656,-31.976077,34,synthetic,1,13
415687,-35.967714,31,synthetic,2,10
415709,-39.393021,22,synthetic,2,1
415736,-0.570082,27,real,-1,6
415764,-6.949228,28,synthetic,0,7
415797,-24.714952,33,synthetic,2,12
415828,-8.673384,31,real,-1,10
415863,-4.575531,35,real,-1,14
415884,-7.605352,21,real,-1,0
415912,-17.93534,28,synthetic,0,7
415946,-1.277884,34,real,-1,13
415975,-3.925513,29,real,-1,8
416008,-12.212634,33,synthetic,0,12
416045,-28.187349,37,synthetic,1,16
416076,-40.911361,31,synthetic,2,10
416108,-1.356247,32,real,-1,11
416135,-1.283433,27,real,-1,6
416159,2.968076,24,real,-1,3
416185,-10.268816,26,synthetic,0,5
416220,4.432573,35,real,-1,14
416242,2.394802,22,real,-1,1
416264,-37.210569,22,synthetic,2,1
416289,-37.4479,25,synthetic,2,4
416320,-25.341431,31,synthetic,2,10
416360,-5.254976,40,real,-1,19
416392,-0.444309,32,real,-1,11
416418,2.268573,26,real,-1,5
416442,-9.83529,24,synthetic,0,3
416465,-11.068949,23,synthetic,0,2
416488,-41.280203,23,synthetic,2,2
416528,-20.55892,40,synthetic,1,19
416556,-27.233313,28,synthetic,1,7
416578,-6.001774,22,real,-1,1
416620,-34.568633,42,synthetic,1,21
416652,-47.754198,32,synthetic,2,11
416679,-27.459164,27,synthetic,1,6
416703,-2.508757,24,real,-1,3
416724,-17.204577,21,synthetic,0,0
416756,-29.399563,32,synthetic,1,11
416777,-17.077298,21,synthetic,1,0
416800,-39.187151,23,synthetic,2,2
416839,3.228559,39,real,-1,18
416877,-0.987951,38,real,-1,17
416912,-10.45686,35,real,-1,14
416947,-27.225543,35,synthetic,2,14
416978,-14.28803,31,synthetic,0,10
417003,-3.098778,25,real,-1,4
417041,-2.511594,38,real,-1,17
417064,-11.27098,23,synthetic,0,2
417093,-15.775237,29,synthetic,0,8
417132,-7.962996,39,real,-1,18
417159,-19.395183,27,synthetic,0,6
417189,-3.066466,30,real,-1,9
417228,-9.388351,39,real,-1,18
417267,0.688495,39,real,-1,18
417308,-4.759132,41,real,-1,20
417339,-21.335389,31,synthetic,1,10
417372,2.392046,33,real,-1,12
417393,-0.51056,21,real,-1,0
417428,-2.549834,35,real,-1,14
417467,-8.33945,39,synthetic,0,18
417496,4.985493,29,real,-1,8
417521,-3.330688,25,real,-1,4
417557,-15.228184,36,synthetic,0,15
417580,-25.728473,23,synthetic,1,2
417614,-8.442735,34,real,-1,13
417635,-5.415036,21,real,-1,0
417660,-3.96939,25,real,-1,4
417698,-7.71136,38,real,-1,17
417728,-17.82811,30,synthetic,1,9
417754,-7.649168,26,synthetic,0,5
417788,-8.168924,34,real,-1,13
417823,-8.22251,35,real,-1,14
417853,-5.086235,30,real,-1,9
417882,-1.804555,29,real,-1,8
417911,-31.243572,29,synthetic,1,8
417942,-10.968189,31,synthetic,0,10
417982,-21.898897,40,synthetic,1,19
418011,-13.151878,29,synthetic,0,8
418035,-10.729565,24,synthetic,0,3
418076,-32.898442,41,synthetic,2,20
418104,-19.325547,28,synthetic,0,7
418136,-24.572881,32,synthetic,1,11
418157,-8.771865,21,synthetic,0,0
418192,-1.705275,35,real,-1,14
418217,-33.70706,25,synthetic,2,4
418258,-30.208847,41,synthetic,2,20
418294,-5.285589,36,real,-1,15
418329,-37.597557,35,synthetic,2,14
418354,-23.167472,25,synthetic,1,4
418390,-31.630398,36,synthetic,1,15
418422,-9.219583,32,synthetic,0,11
418455,-41.43394,33,synthetic,2,12
418480,-27.539825,25,synthetic,1,4
418518,-0.48387,38,real,-1,17
418539,2.555604,21,real,-1,0
418575,-4.394061,36,real,-1,15
418609,-2.116992,34,real,-1,13
418641,-3.129887,32,real,-1,11
418671,2.827163,30,real,-1,9
418702,-14.372501,31,synthetic,0,10
418739,-27.865684,37,synthetic,2,16
418769,-10.352388,30,synthetic,0,9
418806,-25.964663,37,synthetic,1,16
418828,-32.47136,22,synthetic,1,1
418861,-10.869929,33,synthetic,0,12
418903,-1.899113,42,real,-1,21
418930,-40.056697,27,synthetic,2,6
418955,-4.224315,25,real,-1,4
418979,-3.51693,24,real,-1,3
419021,5.742871,42,real,-1,21
419055,-37.067718,34,synthetic,2,13
419076,-3.025242,21,real,-1,0
419099,-9.770416,23,real,-1,2
419128,-32.789305,29,synthetic,2,8
419150,0.575129,22,real,-1,1
419177,4.693877,27,real,-1,6
419211,-17.085883,34,synthetic,1,13
419234,-20.270743,23,synthetic,1,2
419258,-0.319731,24,real,-1,3
419295,-39.594919,37,synthetic,2,16
419324,-5.960255,29,real,-1,8
419361,-3.412925,37,real,-1,16
419386,-2.513434,25,real,-1,4
419424,1.577311,38,real,-1,17
419459,-16.266064,35,synthetic,0,14
419501,-29.096493,42,synthetic,1,21
419536,-6.650994,35,real,-1,14
419573,-19.378093,37,synthetic,0,16
419600,-36.693133,27,synthetic,2,6
419621,-0.740788,21,real,-1,0
419659,-3.451202,38,real,-1,17
419682,-1.027057,23,real,-1,2
419709,-32.152449,27,synthetic,2,6
419743,-1.064495,34,real,-1,13
419766,-1.357404,23,real,-1,2
419792,-18.828821,26,synthetic,1,5
419834,-7.544357,42,real,-1,21
419876,-0.044064,42,real,-1,21
419897,-3.89375,21,real,-1,0
419919,-24.223324,22,synthetic,1,1
419946,-12.115767,27,synthetic,0,6
419971,-5.330877,25,real,-1,4
420002,-0.641618,31,real,-1,10
420042,1.269491,40,real,-1,19
420069,-13.722656,27,synthetic,1,6
420091,-3.115113,22,real,-1,1
420133,-26.805861,42,synthetic,1,21
420169,-9.715456,36,synthetic,0,15
420211,-1.458191,42,real,-1,21
420240,-2.946194,29,real,-1,8
420278,-21.428415,38,synthetic,1,17
420302,-15.564282,24,synthetic,0,3
420340,-7.221647,38,real,-1,17
420366,-24.534463,26,synthetic,1,5
420394,-9.884293,28,synthetic,0,7
420429,-4.684598,35,real,-1,14
420471,-44.247424,42,synthetic,2,21
420508,-19.239439,37,synthetic,0,16
420531,-37.766515,23,synthetic,2,2
420552,-3.148956,21,real,-1,0
420584,-31.936125,32,synthetic,2,11
420614,3.03905,30,real,-1,9
420645,-44.668739,31,synthetic,2,10
420670,-1.066141,25,real,-1,4
420691,-6.243961,21,real,-1,0
420733,-8.250131,42,real,-1,21
420755,4.877732,22,real,-1,1
420781,-5.565754,26,real,-1,5
420806,-44.645143,25,synthetic,2,4
420845,-30.897983,39,synthetic,1,18
420886,-33.3794,41,synthetic,2,20
420914,-31.357498,28,synthetic,2,7
420947,0.058503,33,real,-1,12
420978,-28.435295,31,synthetic,1,10
421006,-9.962157,28,synthetic,0,7
421033,0.524154,27,real,-1,6
421063,-13.153067,30,synthetic,0,9
421097,-1.484916,34,real,-1,13
421126,-25.108388,29,synthetic,2,8
421166,-5.532568,40,real,-1,19
421198,-13.088713,32,synthetic,0,11
421223,-14.818431,25,synthetic,0,4
421262,-6.101193,39,real,-1,18
421289,-5.772605,27,real,-1,6
421313,-11.486056,24,synthetic,0,3
421353,3.361997,40,real,-1,19
421389,-47.79087,36,synthetic,2,15
421415,-8.899232,26,synthetic,0,5
421438,-2.510642,23,real,-1,2
421461,-2.839062,23,real,-1,2
421502,-2.304188,41,real,-1,20
421531,-10.618572,29,real,-1,8
421569,-15.881867,38,synthetic,0,17
421605,-29.842645,36,synthetic,1,15
421633,-4.237711,28,real,-1,7
421675,-5.42165,42,real,-1,21
421703,-2.869742,28,real,-1,7
421735,3.170803,32,real,-1,11
421773,-31.313061,38,synthetic,2,17
421803,-42.720013,30,synthetic,2,9
421840,-12.859545,37,synthetic,0,16
421863,-2.571568,23,real,-1,2
421901,-2.366365,38,real,-1,17
421942,-18.199576,41,synthetic,0,20
421979,-1.030547,37,real,-1,16
422008,3.972181,29,real,-1,8
422049,-3.40101,41,real,-1,20
422081,-15.424381,32,synthetic,0,11
422116,-10.697579,35,synthetic,0,14
422157,-18.701555,41,synthetic,1,20
422181,-34.501157,24,synthetic,2,3
422210,-10.217652,29,synthetic,0,8
422238,-3.241666,28,real,-1,7
422268,-33.714349,30,synthetic,2,9
422298,-5.224927,30,real,-1,9
422328,-26.363668,30,synthetic,1,9
422356,-21.632663,28,synthetic,1,7
422380,-6.821006,24,real,-1,3
422405,-6.239509,25,real,-1,4
422444,-4.864238,39,real,-1,18
422480,0.013885,36,real,-1,15
422519,-28.352279,39,synthetic,2,18
422555,-41.603511,36,synthetic,2,15
422580,-24.5241,25,synthetic,1,4
422612,-12.836549,32,synthetic,0,11
422640,-0.682892,28,real,-1,7
422669,-0.674976,29,real,-1,8
422691,-3.062034,22,real,-1,1
422714,-35.818932,23,synthetic,2,2
422756,-0.45981,42,real,-1,21
422795,-2.631765,39,real,-1,18
422823,-2.121424,28,real,-1,7
422853,-1.181059,30,real,-1,9
422889,-18.865917,36,synthetic,0,15
422910,-7.771832,21,synthetic,0,0
422936,-21.059643,26,synthetic,1,5
422963,-10.589853,27,synthetic,0,6
423004,-7.52736,41,real,-1,20
423045,-36.106564,41,synthetic,2,20
423078,-3.677107,33,real,-1,12
423106,-21.46571,28,synthetic,1,7
423128,-11.659158,22,synthetic,0,1
423164,-27.927567,36,synthetic,1,15
423195,-5.704756,31,real,-1,10
423217,-0.339957,22,real,-1,1
423250,-1.482508,33,real,-1,12
423292,-3.303488,42,real,-1,21
423331,-3.382163,39,real,-1,18
423356,-4.312681,25,real,-1,4
423392,-17.705416,36,synthetic,0,15
423417,-37.625824,25,synthetic,2,4
423439,-47.787823,22,synthetic,2,1
423469,-24.268726,30,synthetic,1,9
423511,2.000483,42,real,-1,21
423552,-17.132861,41,synthetic,1,20
423582,-23.621139,30,synthetic,1,9
423611,-23.915975,29,synthetic,1,8
423651,-39.04899,40,synthetic,2,19
423685,-22.706083,34,synthetic,1,13
423713,-26.043131,28,synthetic,1,7
423754,-4.16429,41,real,-1,20
423779,-32.872721,25,synthetic,1,4
423811,-4.265735,32,real,-1,11
423833,-45.679266,22,synthetic,2,1
423856,-11.086339,23,synthetic,0,2
423882,-1.153506,26,real,-1,5
423909,1.293799,27,real,-1,6
423940,-8.828996,31,real,-1,10
423966,-6.395534,26,real,-1,5
423996,-9.654974,30,synthetic,0,9
424026,-2.813478,30,real,-1,9
424055,-4.519971,29,real,-1,8
424094,-6.689893,39,real,-1,18
424128,-29.629735,34,synthetic,1,13
424155,-4.500637,27,real,-1,6
424192,-30.923969,37,synthetic,2,16
424213,-7.929679,21,synthetic,0,0
424248,-2.745618,35,real,-1,14
424270,-48.461408,22,synthetic,2,1
424305,-4.060653,35,real,-1,14
424332,0.00259,27,real,-1,6
424357,-7.762685,25,real,-1,4
424395,-15.03292,38,real,-1,17
424417,5.377812,22,real,-1,1
424447,0.462077,30,real,-1,9
424489,-6.900094,42,real,-1,21
424512,0.272204,23,real,-1,2
424548,-32.451702,36,synthetic,1,15
424581,-3.255757,33,real,-1,12
424604,-0.01606,23,real,-1,2
424642,5.59413,38,real,-1,17
424678,-35.25911,36,synthetic,2,15
424714,-20.329625,36,synthetic,1,15
424750,-28.81621,36,synthetic,1,15
424780,2.542737,30,real,-1,9
424807,4.597775,27,real,-1,6
424829,-35.919254,22,synthetic,2,1
424870,-23.218623,41,synthetic,2,20
424895,-43.523374,25,synthetic,2,4
424934,-3.87462,39,real,-1,18
424960,-9.127209,26,synthetic,0,5
424982,2.570563,22,real,-1,1
425024,-26.509213,42,synthetic,1,21
425064,-1.965402,40,real,-1,19
425100,-0.72309,36,real,-1,15
425133,-11.899889,33,synthetic,0,12
425167,3.426356,34,real,-1,13
425208,-20.18063,41,synthetic,1,20
425250,-1.568666,42,real,-1,21
425282,-24.408745,32,synthetic,1,11
425311,-0.244112,29,real,-1,8
425344,1.858256,33,real,-1,12
425381,-1.026397,37,real,-1,16
425413,-7.012346,32,synthetic,0,11
425442,-9.811455,29,synthetic,0,8
425481,-35.085587,39,synthetic,2,18
425521,-4.497381,40,real,-1,19
425542,-19.402688,21,synthetic,1,0
425566,-2.121278,24,real,-1,3
425589,-31.326691,23,synthetic,2,2
425630,4.716787,41,real,-1,20
425665,-10.297063,35,synthetic,0,14
425688,-51.31644,23,synthetic,2,2
425722,-3.714673,34,real,-1,13
425752,-33.295845,30,synthetic,1,9
425773,-11.881673,21,synthetic,0,0
425798,-21.834233,25,synthetic,1,4
425838,3.271615,40,real,-1,19
425869,-24.413414,31,synthetic,1,10
425909,-13.258007,40,synthetic,0,19
425934,-10.012211,25,synthetic,0,4
425976,-29.45694,42,synthetic,1,21
426008,-9.438868,32,real,-1,11
426043,-36.404186,35,synthetic,2,14
426064,-25.035025,21,synthetic,1,0
426095,-28.859265,31,synthetic,2,10
426133,-7.131548,38,real,-1,17
426171,-20.169662,38,synthetic,0,17
426195,1.896874,24,real,-1,3
426216,-4.795505,21,real,-1,0
426256,-5.694782,40,real,-1,19
426293,2.529601,37,real,-1,16
426315,-1.557198,22,real,-1,1
426349,-6.582975,34,real,-1,13
426371,-29.099188,22,synthetic,2,1
426396,-31.534758,25,synthetic,2,4
426434,-8.276917,38,synthetic,0,17
426468,-10.547067,34,real,-1,13
426491,3.385569,23,real,-1,2
426533,-8.09681,42,real,-1,21
426568,-24.608908,35,synthetic,2,14
426595,-1.711054,27,real,-1,6
426616,-15.592609,21,synthetic,0,0
426642,-0.159557,26,real,-1,5
426679,-14.189692,37,real,-1,16
426709,1.28808,30,real,-1,9
426742,-3.246946,33,real,-1,12
426775,-24.198549,33,synthetic,1,12
426799,-24.74342,24,synthetic,1,3
426820,-2.561769,21,real,-1,0
426844,-3.480818,24,real,-1,3
426882,-23.908721,38,synthetic,1,17
426918,-6.037811,36,real,-1,15
426950,-3.268888,32,real,-1,11
426982,-9.69824,32,synthetic,0,11
427022,-28.236494,40,synthetic,2,19
427046,-4.068873,24,real,-1,3
427080,-10.013255,34,real,-1,13
427104,-7.014403,24,synthetic,0,3
427143,-3.999398,39,real,-1,18
427175,-25.558685,32,synthetic,1,11
427212,-19.880005,37,synthetic,1,16
427238,-4.185477,26,real,-1,5
427278,2.667773,40,real,-1,19
427315,-25.63297,37,synthetic,1,16
427340,-3.456766,25,real,-1,4
427379,-8.751524,39,synthetic,0,18
427409,-38.686531,30,synthetic,2,9
427433,-36.010144,24,synthetic,2,3
427470,-1.645215,37,real,-1,16
427500,-13.830408,30,real,-1,9
427526,-20.477478,26,synthetic,1,5
427556,2.326197,30,real,-1,9
427583,-13.293236,27,synthetic,0,6
427625,-14.356557,42,synthetic,0,21
427658,-16.344795,33,synthetic,1,12
427688,-2.529984,30,real,-1,9
427726,-27.270539,38,synthetic,1,17
427763,-23.776596,37,synthetic,1,16
427795,-36.64238,32,synthetic,2,11
427822,-34.404883,27,synthetic,1,6
427861,-21.136753,39,synthetic,0,18
427890,-49.323,29,synthetic,2,8
427926,-35.715512,36,synthetic,2,15
427955,3.891975,29,real,-1,8
427994,-35.100415,39,synthetic,2,18
428022,-33.846443,28,synthetic,2,7
428051,-31.725613,29,synthetic,1,8
428091,-11.679404,40,synthetic,0,19
428113,-11.399739,22,synthetic,0,1
428144,-11.978995,31,synthetic,0,10
428185,4.633481,41,real,-1,20
428223,-0.054819,38,real,-1,17
428251,-6.528103,28,real,-1,7
428280,-3.292015,29,real,-1,8
428303,-1.510796,23,real,-1,2
428345,-11.023546,42,real,-1,21
428369,-1.870878,24,real,-1,3
428410,-28.424157,41,synthetic,1,20
428451,-4.317842,41,real,-1,20
428481,-2.43621,30,real,-1,9
428523,-7.860929,42,real,-1,21
428547,-18.96687,24,synthetic,1,3
428576,-18.422044,29,synthetic,1,8
428614,0.732599,38,real,-1,17
428651,-6.585401,37,real,-1,16
428677,-6.563536,26,synthetic,0,5
428699,-17.495499,22,synthetic,0,1
428735,-1.019204,36,real,-1,15
428768,-4.433809,33,real,-1,12
428804,0.666283,36,real,-1,15
428827,-8.803189,23,synthetic,0,2
428856,-3.663768,29,real,-1,8
428898,-3.695551,42,real,-1,21
428928,-24.556859,30,synthetic,1,9
428967,-8.742624,39,synthetic,0,18
429002,-23.072714,35,synthetic,1,14
429029,-15.943075,27,synthetic,1,6
429051,-8.475593,22,synthetic,0,1
429079,0.461898,28,real,-1,7
429121,-13.162242,42,synthetic,1,21
429142,-15.345214,21,synthetic,0,0
429174,3.608023,32,real,-1,11
429208,-13.045679,34,synthetic,0,13
429246,-9.401729,38,real,-1,17
429268,-28.993259,22,synthetic,1,1
429303,-27.889149,35,synthetic,1,14
429329,1.256403,26,real,-1,5
429360,-5.11359,31,real,-1,10
429398,-3.54035,38,real,-1,17
429437,-8.678788,39,synthetic,0,18
429469,-23.919626,32,synthetic,2,11
429504,-0.344999,35,real,-1,14
429526,-33.021698,22,synthetic,2,1
429558,-10.488784,32,synthetic,0,11
429588,-39.099407,30,synthetic,2,9
429610,-5.426501,22,real,-1,1
429639,-3.099569,29,real,-1,8
429662,-6.089433,23,real,-1,2
429683,-30.572503,21,synthetic,2,0
429724,-6.311309,41,real,-1,20
429761,6.318359,37,real,-1,16
429786,-24.05511,25,synthetic,2,4
429826,-23.844416,40,synthetic,1,19
429864,-36.259972,38,synthetic,2,17
429904,-25.695073,40,synthetic,1,19
429930,-1.162597,26,real,-1,5
429961,1.095593,31,real,-1,10
429997,-34.509972,36,synthetic,2,15
430024,-13.564181,27,synthetic,0,6
430061,-19.639142,37,synthetic,1,16
430093,-2.262713,32,real,-1,11
430121,-24.651497,28,synthetic,1,7
430160,-24.518409,39,synthetic,1,18
430189,-0.659075,29,real,-1,8
430220,-9.684847,31,real,-1,10
430253,-4.121386,33,real,-1,12
430291,-26.195469,38,synthetic,2,17
430316,-13.10039,25,synthetic,0,4
430342,-6.902307,26,real,-1,5
430368,-32.994496,26,synthetic,2,5
430394,-20.165506,26,synthetic,0,5
430418,-9.585356,24,synthetic,0,3
430440,-0.764006,22,real,-1,1
430473,-39.589533,33,synthetic,2,12
430513,-9.41433,40,real,-1,19
430540,-26.191735,27,synthetic,1,6
430570,-2.444587,30,real,-1,9
430594,-51.130503,24,synthetic,2,3
430625,-29.515877,31,synthetic,1,10
430663,-2.686091,38,real,-1,17
430701,-7.568815,38,real,-1,17
430729,0.306867,28,real,-1,7
430754,-6.326596,25,real,-1,4
430775,-2.844794,21,real,-1,0
430809,-6.856051,34,real,-1,13
430832,-47.043387,23,synthetic,2,2
430866,-13.696115,34,synthetic,0,13
430889,-6.309854,23,real,-1,2
430914,-8.314951,25,synthetic,0,4
430937,-28.83708,23,synthetic,2,2
430977,-6.587778,40,real,-1,19
431010,-10.906018,33,real,-1,12
431035,-2.510123,25,real,-1,4
431060,4.444352,25,real,-1,4
431093,-36.211602,33,synthetic,2,12
431118,-5.130143,25,real,-1,4
431149,-6.104631,31,real,-1,10
431189,-2.50681,40,real,-1,19
431217,-46.129824,28,synthetic,2,7
431256,1.18013,39,real,-1,18
431294,-16.980194,38,synthetic,1,17
431325,-25.494566,31,synthetic,2,10
431363,-33.122514,38,synthetic,2,17
431391,-40.277562,28,synthetic,2,7
431428,-10.836869,37,synthetic,0,16
431468,-13.083299,40,synthetic,0,19
431505,-0.778306,37,real,-1,16
431529,-4.408179,24,real,-1,3
431550,-10.389067,21,synthetic,0,0
431576,-2.393023,26,real,-1,5
431605,-41.459558,29,synthetic,2,8
431634,3.544708,29,real,-1,8
431660,-27.880848,26,synthetic,1,5
431701,-2.030798,41,real,-1,20
431722,-4.084264,21,real,-1,0
431763,-11.310785,41,synthetic,0,20
431797,-11.864971,34,real,-1,13
431830,-48.385802,33,synthetic,2,12
431868,-7.749306,38,real,-1,17
431910,-5.259566,42,synthetic,0,21
431943,-5.024884,33,real,-1,12
431981,-31.684501,38,synthetic,2,17
432009,-1.41883,28,real,-1,7
432048,2.702756,39,real,-1,18
432071,-28.043904,23,synthetic,1,2
432100,-8.640246,29,real,-1,8
432132,-22.210265,32,synthetic,0,11
432161,-30.170103,29,synthetic,2,8
432191,1.544557,30,real,-1,9
432225,-14.349776,34,synthetic,0,13
432252,-1.89496,27,real,-1,6
432292,-1.015194,40,real,-1,19
432329,-9.912193,37,synthetic,0,16
432357,-2.716408,28,real,-1,7
432394,-7.189698,37,real,-1,16
432436,-18.713402,42,synthetic,1,21
432460,-32.031307,24,synthetic,2,3
432486,-26.84103,26,synthetic,1,5
432521,1.159328,35,real,-1,14
432548,-11.082416,27,synthetic,0,6
432575,-8.250947,27,synthetic,0,6
432609,-2.512012,34,real,-1,13
432645,-35.220707,36,synthetic,2,15
432675,-9.056744,30,real,-1,9
432707,-46.921385,32,synthetic,2,11
432730,-4.826946,23,synthetic,0,2
432757,-10.939859,27,synthetic,0,6
432799,-13.568985,42,synthetic,0,21
432839,-7.421389,40,real,-1,19
432868,-33.64526,29,synthetic,2,8
432891,-4.53649,23,real,-1,2
432923,-3.419235,32,real,-1,11
432955,-15.851161,32,synthetic,0,11
432986,-1.75174,31,real,-1,10
433012,-10.469697,26,real,-1,5
433038,1.921952,26,real,-1,5
433065,-8.906502,27,synthetic,0,6
433099,-1.898615,34,real,-1,13
433127,-27.767033,28,synthetic,1,7
433159,-40.893733,32,synthetic,2,11
433188,-23.91097,29,synthetic,1,8
433229,-9.312255,41,real,-1,20
433263,-28.446745,34,synthetic,2,13
433298,1.486611,35,real,-1,14
433340,-3.840349,42,real,-1,21
433362,-0.146585,22,real,-1,1
433392,-10.868386,30,synthetic,0,9
433427,-9.277156,35,real,-1,14
433465,-23.43435,38,synthetic,1,17
433503,-17.125188,38,synthetic,0,17
433540,-3.768583,37,synthetic,0,16
433577,-9.350064,37,real,-1,16
433604,2.423801,27,real,-1,6
433625,-29.008833,21,synthetic,1,0
433661,-3.089955,36,real,-1,15
433690,-18.232284,29,synthetic,1,8
433719,-36.278329,29,synthetic,2,8
433742,-20.821519,23,synthetic,1,2
433770,-1.033938,28,real,-1,7
433797,-15.718271,27,synthetic,0,6
433837,-40.990412,40,synthetic,2,19
433868,-0.119619,31,real,-1,10
433889,-2.594974,21,real,-1,0
433915,-28.319885,26,synthetic,1,5
433939,-29.872088,24,synthetic,1,3
433973,-31.887977,34,synthetic,1,13
434007,-8.56759,34,real,-1,13
434043,-15.882857,36,synthetic,0,15
434074,-3.757878,31,real,-1,10
434104,-27.6346,30,synthetic,1,9
434130,-39.010494,26,synthetic,2,5
434171,-4.442183,41,real,-1,20
434207,-6.494929,36,synthetic,0,15
434234,-31.390207,27,synthetic,1,6
434274,-1.8073,40,real,-1,19
434297,-21.532042,23,synthetic,1,2
434327,-22.602322,30,synthetic,1,9
434363,-3.045802,36,real,-1,15
434387,-35.697898,24,synthetic,2,3
434412,-3.554783,25,real,-1,4
434440,-5.428055,28,real,-1,7
434473,-7.97234,33,real,-1,12
434498,-23.14157,25,synthetic,2,4
434536,-38.609981,38,synthetic,2,17
434574,-4.253687,38,real,-1,17
434612,-3.517828,38,real,-1,17
434646,-6.422218,34,synthetic,0,13
434677,-0.864405,31,real,-1,10
434699,-5.486083,22,synthetic,0,1
434724,-16.160373,25,synthetic,0,4
434752,-2.736691,28,real,-1,7
434773,-8.860022,21,synthetic,0,0
434814,-9.48981,41,real,-1,20
434836,-13.047979,22,synthetic,0,1
434861,-3.674586,25,real,-1,4
434901,1.890408,40,real,-1,19
434934,-5.666389,33,real,-1,12
434963,-4.14986,29,real,-1,8
434989,0.320333,26,real,-1,5
435021,-7.471779,32,real,-1,11
435059,-25.758058,38,synthetic,1,17
435092,-33.16526,33,synthetic,2,12
435120,-11.629485,28,synthetic,0,7
435156,0.100625,36,real,-1,15
435183,-7.026689,27,real,-1,6
435222,-10.745739,39,synthetic,0,18
435262,-0.597745,40,real,-1,19
435303,-23.615144,41,synthetic,1,20
435337,-0.416185,34,real,-1,13
435370,-34.989029,33,synthetic,2,12
435397,-1.403332,27,real,-1,6
435434,4.502727,37,real,-1,16
435474,-3.064774,40,real,-1,19
435514,-7.902962,40,real,-1,19
435553,-5.471656,39,real,-1,18
435575,-1.133643,22,real,-1,1
435609,-3.506722,34,real,-1,13
435651,-17.728523,42,synthetic,0,21
435682,-6.81171,31,real,-1,10
435718,-36.731897,36,synthetic,1,15
435747,-40.356915,29,synthetic,2,8
435781,-23.166019,34,synthetic,1,13
435807,-32.398658,26,synthetic,2,5
435833,0.099134,26,real,-1,5
435875,-39.246426,42,synthetic,2,21
435915,-34.788087,40,synthetic,2,19
435941,-5.912866,26,real,-1,5
435983,-2.33926,42,real,-1,21
436004,0.736645,21,real,-1,0
436027,0.34363,23,real,-1,2
436056,-26.490107,29,synthetic,1,8
436082,-12.074349,26,synthetic,0,5
436115,4.903539,33,real,-1,12
436142,-7.366134,27,real,-1,6
436181,-14.05149,39,synthetic,0,18
436220,-3.723285,39,real,-1,18
436256,-36.862509,36,synthetic,2,15
436292,-7.325312,36,real,-1,15
436329,4.085274,37,real,-1,16
436350,-26.14186,21,synthetic,1,0
436392,-21.046754,42,synthetic,0,21
436418,-4.02055,26,real,-1,5
436458,1.317269,40,real,-1,19
436494,-29.486116,36,synthetic,2,15
436533,-9.100847,39,real,-1,18
436567,1.494273,34,real,-1,13
436606,-31.992476,39,synthetic,2,18
436645,-11.091409,39,synthetic,0,18
436670,0.567694,25,real,-1,4
436694,-38.257465,24,synthetic,2,3
436734,-6.577783,40,real,-1,19
436765,-4.844915,31,real,-1,10
436787,-8.915291,22,real,-1,1
436809,-3.144599,22,real,-1,1
436849,-7.197763,40,real,-1,19
436875,-17.436349,26,synthetic,0,5
436897,-23.258969,22,synthetic,1,1
436933,-20.984948,36,synthetic,0,15
436956,-28.789799,23,synthetic,1,2
436984,5.33425,28,real,-1,7
437015,-4.180045,31,real,-1,10
437055,-7.967878,40,real,-1,19
437078,-2.271176,23,real,-1,2
437119,-14.638915,41,synthetic,0,20
437147,-13.802324,28,synthetic,1,7
437180,-26.025844,33,synthetic,1,12
437220,-2.575629,40,real,-1,19
437253,-15.762402,33,synthetic,0,12
437277,-35.852994,24,synthetic,2,3
437311,-44.338508,34,synthetic,2,13
437335,-3.182148,24,real,-1,3
437377,-6.651462,42,real,-1,21
437410,0.528498,33,real,-1,12
437444,2.839547,34,real,-1,13
437472,7.545428,28,real,-1,7
437499,3.834241,27,real,-1,6
437533,0.674085,34,real,-1,13
437555,1.778665,22,real,-1,1
437597,0.01816,42,real,-1,21
437638,-3.651217,41,real,-1,20
437669,-3.643007,31,real,-1,10
437702,-12.051532,33,synthetic,1,12
437738,3.893534,36,real,-1,15
437777,-13.812294,39,synthetic,0,18
437809,-15.680337,32,synthetic,0,11
437830,-6.44619,21,synthetic,0,0
437868,-1.863519,38,real,-1,17
437895,-3.287434,27,real,-1,6
437921,-25.423838,26,synthetic,1,5
437963,-3.157074,42,real,-1,21
437994,-7.699829,31,real,-1,10
438019,-5.8524,25,synthetic,0,4
438041,-0.601693,22,real,-1,1
438078,-2.931912,37,real,-1,16
438110,-11.151384,32,synthetic,0,11
438137,-9.129807,27,real,-1,6
438161,-7.402195,24,real,-1,3
438203,-5.246343,42,real,-1,21
438237,-34.436183,34,synthetic,2,13
438258,-1.336452,21,real,-1,0
438283,-15.815033,25,synthetic,1,4
438323,-9.681202,40,real,-1,19
438346,-24.244153,23,synthetic,1,2
438371,-3.252218,25,real,-1,4
438403,-14.459436,32,synthetic,0,11
438425,-9.411723,22,real,-1,1
438459,-36.544846,34,synthetic,2,13
438483,-11.209046,24,synthetic,0,3
438515,-35.31617,32,synthetic,2,11
438542,-36.589799,27,synthetic,2,6
438574,2.3259,32,real,-1,11
438597,-10.743929,23,real,-1,2
438635,4.772703,38,real,-1,17
438664,-2.820375,29,real,-1,8
438690,1.749796,26,real,-1,5
438713,-9.381781,23,real,-1,2
438751,-22.243006,38,synthetic,1,17
438790,-21.230482,39,synthetic,1,18
438830,-11.093286,40,synthetic,0,19
438854,-4.525714,24,real,-1,3
438883,3.604057,29,real,-1,8
438914,-8.170858,31,real,-1,10
438953,-5.687906,39,real,-1,18
438994,-20.41088,41,synthetic,1,20
439032,-14.56121,38,synthetic,0,17
439063,-46.861945,31,synthetic,2,10
439101,-29.679879,38,synthetic,1,17
439143,-8.469991,42,real,-1,21
439170,0.241516,27,real,-1,6
439210,-10.001246,40,real,-1,19
439232,-6.537925,22,synthetic,0,1
439272,-7.141168,40,real,-1,19
439302,-28.306189,30,synthetic,2,9
439324,-28.591136,22,synthetic,1,1
439364,-31.582596,40,synthetic,1,19
439394,-43.482639,30,synthetic,2,9
439420,-2.608855,26,real,-1,5
439457,-4.222781,37,real,-1,16
439491,-29.003889,34,synthetic,2,13
439519,-1.559074,28,real,-1,7
439549,-4.435857,30,real,-1,9
439572,-12.249656,23,synthetic,0,2
439603,-1.376845,31,real,-1,10
439632,-55.863318,29,synthetic,2,8
439658,-6.868495,26,real,-1,5
439683,-24.785953,25,synthetic,1,4
439713,1.644784,30,real,-1,9
439734,-0.871905,21,real,-1,0
439761,-8.042976,27,real,-1,6
439799,2.06636,38,real,-1,17
439822,-18.771753,23,synthetic,1,2
439846,-43.378438,24,synthetic,2,3
439886,-7.122988,40,real,-1,19
439922,-4.145292,36,real,-1,15
439948,0.133675,26,real,-1,5
439976,-31.400654,28,synthetic,1,7
440007,-43.125847,31,synthetic,2,10
440045,-2.751203,38,real,-1,17
440085,-9.151769,40,real,-1,19
440119,-35.498037,34,synthetic,1,13
440157,-34.227092,38,synthetic,2,17
440179,2.243263,22,real,-1,1
440219,-44.286236,40,synthetic,2,19
440260,-13.939293,41,synthetic,0,20
440301,-8.046665,41,real,-1,20
440332,-17.36088,31,synthetic,0,10
440357,-2.772735,25,real,-1,4
440378,-1.8932,21,real,-1,0
440418,-7.177885,40,real,-1,19
440447,5.024553,29,real,-1,8
440475,-5.623733,28,real,-1,7
440517,-0.953781,42,real,-1,21
440550,3.405732,33,real,-1,12
440589,-0.427858,39,real,-1,18
440620,-37.419309,31,synthetic,2,10
440654,-38.26257,34,synthetic,2,13
440687,-0.872987,33,real,-1,12
440729,-7.78,42,synthetic,0,21
440765,-1.279176,36,real,-1,15
440790,-1.530924,25,real,-1,4
440832,-13.979731,42,synthetic,0,21
440868,-20.08632,36,synthetic,0,15
440904,0.616291,36,real,-1,15
440941,-9.763045,37,synthetic,0,16
440970,-5.141254,29,real,-1,8
441010,-5.84225,40,real,-1,19
441037,-1.944174,27,real,-1,6
441059,-6.634128,22,real,-1,1
441082,-31.243166,23,synthetic,1,2
441117,0.340977,35,real,-1,14
441155,-39.489558,38,synthetic,2,17
441195,-14.162079,40,real,-1,19
441219,-37.301546,24,synthetic,2,3
441245,-8.352971,26,synthetic,0,5
441281,-7.549449,36,real,-1,15
441302,-1.949384,21,real,-1,0
441329,-4.133704,27,real,-1,6
441354,-6.938902,25,real,-1,4
441384,-6.23595,30,real,-1,9
441420,-21.110556,36,synthetic,1,15
441445,-20.031214,25,synthetic,1,4
441471,-27.538353,26,synthetic,1,5
441510,-16.693324,39,synthetic,0,18
441538,-17.34762,28,synthetic,0,7
441578,-7.009196,40,real,-1,19
441615,-8.933514,37,real,-1,16
441645,2.497589,30,real,-1,9
441671,-29.663313,26,synthetic,2,5
441693,-4.294241,22,real,-1,1
441726,-21.495087,33,synthetic,1,12
441751,-51.364556,25,synthetic,2,4
441786,-17.849192,35,synthetic,1,14
441828,-4.744833,42,real,-1,21
441869,-17.018409,41,synthetic,0,20
441895,-2.540808,26,real,-1,5
441919,-17.848276,24,synthetic,1,3
441954,-27.106496,35,synthetic,2,14
441977,-8.496659,23,synthetic,0,2
442014,-20.280354,37,synthetic,2,16
442045,-1.999282,31,real,-1,10
442066,-27.596373,21,synthetic,1,0
442091,0.454257,25,real,-1,4
442132,-15.290384,41,real,-1,20
442159,1.089798,27,real,-1,6
442190,-14.759625,31,synthetic,0,10
442224,-37.742127,34,synthetic,2,13
442265,-6.031907,41,real,-1,20
442307,-12.126926,42,synthetic,0,21
442335,3.190862,28,real,-1,7
442377,-44.026203,42,synthetic,2,21
442411,3.004352,34,real,-1,13
442450,-1.558316,39,real,-1,18
442481,-21.397963,31,synthetic,2,10
442502,-14.239335,21,synthetic,0,0
442535,-10.246945,33,synthetic,0,12
442560,-11.00211,25,real,-1,4
442581,-11.345236,21,synthetic,0,0
442617,-49.167051,36,synthetic,2,15
442656,2.182972,39,real,-1,18
442686,-41.126245,30,synthetic,2,9
442717,-9.276648,31,real,-1,10
442751,-6.152658,34,real,-1,13
442790,-7.51431,39,real,-1,18
442830,-29.266253,40,synthetic,2,19
442854,-34.741115,24,synthetic,2,3
442886,-25.497247,32,synthetic,1,11
442927,-2.488309,41,real,-1,20
442955,-34.569858,28,synthetic,2,7
442982,-10.016702,27,synthetic,0,6
443023,-4.847974,41,real,-1,20
443056,-12.449245,33,real,-1,12
443086,-0.254784,30,real,-1,9
443114,-31.772964,28,synthetic,2,7
443154,2.109711,40,real,-1,19
443196,-3.70717,42,real,-1,21
443228,1.21879,32,real,-1,11
443264,-4.454462,36,real,-1,15
443296,-35.718521,32,synthetic,2,11
443332,-40.701786,36,synthetic,2,15
443374,-15.323717,42,synthetic,0,21
443412,-37.720406,38,synthetic,2,17
443435,5.262113,23,real,-1,2
443469,-9.194704,34,synthetic,0,13
443497,-10.306166,28,synthetic,0,7
443536,-29.439139,39,synthetic,1,18
443563,-17.049657,27,synthetic,0,6
443587,-23.267933,24,synthetic,1,3
443629,-6.107854,42,real,-1,21
443661,-38.411504,32,synthetic,2,11
443695,4.753353,34,real,-1,13
443717,-20.990085,22,synthetic,1,1
443751,-36.797026,34,synthetic,2,13
443779,-38.643044,28,synthetic,2,7
443802,-1.927258,23,real,-1,2
443844,-6.277372,42,real,-1,21
443886,-9.787272,42,real,-1,21
443923,-2.793398,37,real,-1,16
443944,-19.772972,21,synthetic,1,0
443966,-42.04351,22,synthetic,2,1
443995,-30.272163,29,synthetic,1,8
444025,2.742836,30,real,-1,9
444060,-17.363423,35,synthetic,1,14
444091,-5.092705,31,real,-1,10
444130,-32.755656,39,synthetic,1,18
444156,-6.507811,26,real,-1,5
444193,-23.68278,37,synthetic,1,16
444231,4.323594,38,real,-1,17
444252,-13.684675,21,synthetic,0,0
444284,-9.819946,32,synthetic,0,11
444305,1.776374,21,real,-1,0
444344,-4.152734,39,real,-1,18
444385,-6.785411,41,real,-1,20
444415,2.016228,30,real,-1,9
444437,-32.909772,22,synthetic,2,1
444468,-27.946376,31,synthetic,2,10
444496,0.067837,28,real,-1,7
444524,5.994905,28,real,-1,7
444545,-29.619858,21,synthetic,1,0
444576,-3.593645,31,real,-1,10
444597,-16.318843,21,synthetic,0,0
444618,-43.166323,21,synthetic,2,0
444660,-4.531178,42,real,-1,21
444689,2.624043,29,real,-1,8
444731,-0.346131,42,real,-1,21
444755,-3.515268,24,real,-1,3
444781,-1.382559,26,real,-1,5
444804,-3.568012,23,real,-1,2
444833,-23.066636,29,synthetic,1,8
444867,-5.553848,34,real,-1,13
444898,-37.551353,31,synthetic,2,10
444923,-9.974145,25,real,-1,4
444959,-26.66412,36,synthetic,1,15
444993,-3.813453,34,real,-1,13
445022,-40.075919,29,synthetic,2,8
445046,-1.006853,24,real,-1,3
445069,-15.60455,23,synthetic,0,2
445107,-8.971092,38,real,-1,17
445128,-38.868771,21,synthetic,2,0
445153,-37.243329,25,synthetic,2,4
445179,4.530409,26,real,-1,5
445218,-9.308139,39,real,-1,18
445244,-3.421779,26,real,-1,5
445272,-26.933647,28,synthetic,1,7
445309,6.915321,37,real,-1,16
445346,-0.990322,37,real,-1,16
445387,-4.935858,41,real,-1,20
445429,-37.068468,42,synthetic,1,21
445458,0.883015,29,real,-1,8
445486,-2.159931,28,real,-1,7
445526,-11.788574,40,synthetic,0,19
445556,-7.011619,30,real,-1,9
445594,1.524349,38,real,-1,17
445629,2.442324,35,real,-1,14
445665,-2.517768,36,real,-1,15
445695,-19.294151,30,synthetic,0,9
445736,-2.661112,41,real,-1,20
445771,-11.626457,35,synthetic,0,14
445797,-0.279437,26,real,-1,5
445818,-7.771351,21,real,-1,0
445860,-8.464224,42,real,-1,21
445890,-11.908998,30,synthetic,0,9
445925,-9.388973,35,real,-1,14
445962,-36.510498,37,synthetic,2,16
445992,-0.257351,30,real,-1,9
446032,-19.909269,40,synthetic,0,19
446073,-22.715768,41,synthetic,1,20
446108,-0.472561,35,real,-1,14
446129,1.31452,21,real,-1,0
446153,-10.992547,24,real,-1,3
446189,-23.621663,36,synthetic,1,15
446231,-25.343159,42,synthetic,1,21
446255,-11.660959,24,real,-1,3
446284,-3.661116,29,real,-1,8
446306,-11.482765,22,synthetic,0,1
446339,-2.156103,33,real,-1,12
446361,-14.252602,22,synthetic,0,1
446386,-17.858945,25,synthetic,0,4
446426,-12.718047,40,synthetic,0,19
446448,-5.126192,22,real,-1,1
446472,-26.169155,24,synthetic,1,3
446507,-32.634334,35,synthetic,2,14
446532,-6.916622,25,synthetic,0,4
446559,-35.237825,27,synthetic,2,6
446585,-15.103138,26,synthetic,1,5
446623,-2.79568,38,real,-1,17
446647,-1.580742,24,real,-1,3
446680,-11.794081,33,synthetic,0,12
446702,-25.469553,22,synthetic,1,1
446728,-38.141596,26,synthetic,2,5
446765,-12.289154,37,real,-1,16
446786,0.073006,21,real,-1,0
446825,0.075589,39,real,-1,18
446848,-22.899975,23,synthetic,1,2
446878,-2.718831,30,real,-1,9
446909,2.771511,31,real,-1,10
446935,-0.944866,26,real,-1,5
446970,-0.016867,35,real,-1,14
446995,-13.472121,25,synthetic,0,4
447022,-0.557933,27,real,-1,6
447060,-4.999676,38,real,-1,17
447098,-2.882965,38,real,-1,17
447132,-10.004761,34,synthetic,0,13
447160,-10.345457,28,synthetic,0,7
447198,-1.118508,38,real,-1,17
447220,-9.096144,22,real,-1,1
447248,-32.511526,28,synthetic,2,7
447274,-33.579585,26,synthetic,1,5
447316,-1.145369,42,real,-1,21
447350,-7.112719,34,synthetic,0,13
447384,0.642133,34,real,-1,13
447407,-5.083179,23,real,-1,2
447448,-46.351569,41,synthetic,2,20
447482,-1.681168,34,real,-1,13
447523,-41.332151,41,synthetic,2,20
447564,-26.590597,41,synthetic,1,20
447604,-3.703946,40,synthetic,0,19
447626,-14.960947,22,synthetic,0,1
447652,-7.630602,26,synthetic,0,5
447686,-47.221891,34,synthetic,2,13
447708,-15.869931,22,synthetic,0,1
447730,-1.906533,22,real,-1,1
447767,-6.087484,37,real,-1,16
447805,0.375049,38,real,-1,17
447830,-19.329221,25,synthetic,1,4
447866,-19.45619,36,synthetic,1,15
447898,-0.268695,32,real,-1,11
447931,0.314117,33,real,-1,12
447960,-8.320851,29,real,-1,8
447991,-29.098296,31,synthetic,1,10
448022,-33.702335,31,synthetic,2,10
448049,-6.172441,27,real,-1,6
448077,-11.341544,28,synthetic,0,7
448103,-3.643447,26,real,-1,5
448136,-0.959011,33,real,-1,12
448164,-4.310733,28,real,-1,7
448185,-37.959712,21,synthetic,2,0
448208,-3.965566,23,real,-1,2
448236,-0.456125,28,real,-1,7
448264,-1.125976,28,real,-1,7
448288,-1.541938,24,real,-1,3
448327,0.12374,39,real,-1,18
448360,-34.038547,33,synthetic,2,12
448402,-24.204836,42,synthetic,2,21
448441,-1.753081,39,real,-1,18
448466,-3.350389,25,real,-1,4
448496,-30.709542,30,synthetic,1,9
448534,-19.792468,38,synthetic,1,17
448558,-18.650554,24,synthetic,1,3
448593,-19.771398,35,synthetic,1,14
448630,-38.569996,37,synthetic,2,16
448669,-10.349732,39,real,-1,18
448693,-37.690192,24,synthetic,2,3
448734,-32.157451,41,synthetic,2,20
448756,-21.300268,22,synthetic,1,1
448792,-8.385603,36,real,-1,15
448827,-12.061114,35,real,-1,14
448857,0.531273,30,real,-1,9
448892,-13.939279,35,synthetic,0,14
448920,-24.480754,28,synthetic,1,7
448946,-4.736258,26,real,-1,5
448974,-24.5394,28,synthetic,1,7
449008,-12.177035,34,synthetic,0,13
449036,-7.29876,28,real,-1,7
449068,-39.283223,32,synthetic,2,11
449096,-0.612753,28,real,-1,7
449121,-29.661496,25,synthetic,2,4
449143,-5.903476,22,real,-1,1
449167,-12.65771,24,synthetic,0,3
449200,-47.133573,33,synthetic,2,12
449233,-13.127223,33,synthetic,0,12
449265,-19.645786,32,synthetic,1,11
449288,-5.581328,23,real,-1,2
449324,-30.058633,36,synthetic,1,15
449351,-26.995163,27,synthetic,1,6
449387,4.657277,36,real,-1,15
449409,-6.735349,22,synthetic,0,1
449443,0.356634,34,real,-1,13
449467,-11.95533,24,real,-1,3
449503,2.175329,36,real,-1,15
449545,-15.32047,42,synthetic,0,21
449566,-9.596039,21,synthetic,0,0
449591,-8.439936,25,synthetic,0,4
449613,-16.449263,22,synthetic,1,1
449634,-20.97813,21,synthetic,1,0
449675,-4.375307,41,real,-1,20
449700,-22.70857,25,synthetic,1,4
449722,7.228433,22,real,-1,1
449757,-28.742103,35,synthetic,1,14
449792,-32.788296,35,synthetic,1,14
449832,1.574375,40,real,-1,19
449864,-8.395966,32,real,-1,11
449896,0.477564,32,real,-1,11
449935,-2.588936,39,real,-1,18
449959,3.862436,24,real,-1,3
449987,-36.835645,28,synthetic,2,7
450016,-0.658952,29,real,-1,8
450049,-10.977077,33,synthetic,0,12
450086,-5.479662,37,real,-1,16
450125,-25.374083,39,synthetic,1,18
450148,-3.424509,23,real,-1,2
450171,-4.891267,23,real,-1,2
450200,-32.444468,29,synthetic,2,8
450238,-14.077185,38,synthetic,0,17
450269,-35.094412,31,synthetic,2,10
450291,-30.094054,22,synthetic,1,1
450313,-1.04987,22,real,-1,1
450340,-24.707696,27,synthetic,2,6
450378,-24.343094,38,synthetic,1,17
450407,-6.661683,29,real,-1,8
450439,1.255893,32,real,-1,11
450481,-5.731414,42,real,-1,21
450508,-4.14712,27,synthetic,0,6
450546,5.240451,38,real,-1,17
450567,3.055943,21,real,-1,0
450593,-10.409652,26,synthetic,0,5
450621,-29.579087,28,synthetic,2,7
450659,-3.123367,38,real,-1,17
450700,-4.424508,41,real,-1,20
450738,-2.649763,38,real,-1,17
450777,-19.005148,39,synthetic,0,18
450802,-9.692706,25,synthetic,0,4
450844,-1.902103,42,real,-1,21
450876,-0.992833,32,real,-1,11
450910,-23.203255,34,synthetic,1,13
450946,-4.594506,36,real,-1,15
450982,-16.784823,36,synthetic,1,15
451014,-37.221438,32,synthetic,2,11
451049,0.725366,35,real,-1,14
451091,-2.338807,42,real,-1,21
451113,-3.239318,22,real,-1,1
451145,-8.989807,32,synthetic,0,11
451183,-17.307425,38,synthetic,0,17
451224,5.092736,41,real,-1,20
451253,-13.679806,29,synthetic,0,8
451284,-9.644576,31,synthetic,0,10
451320,-31.981485,36,synthetic,1,15
451354,-2.912781,34,synthetic,0,13
451380,-41.560007,26,synthetic,2,5
451414,-36.739451,34,synthetic,2,13
451455,-11.280251,41,synthetic,0,20
451490,-26.210471,35,synthetic,1,14
451518,2.341826,28,real,-1,7
451557,-7.482689,39,synthetic,0,18
451579,-0.923418,22,real,-1,1
451613,-23.758919,34,synthetic,1,13
451636,-24.803231,23,synthetic,1,2
451666,-1.397407,30,real,-1,9
451688,-7.51808,22,real,-1,1
451719,-5.731513,31,real,-1,10
451750,-9.601719,31,real,-1,10
451777,-3.011145,27,real,-1,6
451806,-5.978066,29,real,-1,8
451841,0.788598,35,real,-1,14
451882,-18.433573,41,synthetic,0,20
451903,-22.865649,21,synthetic,1,0
451930,-36.207458,27,synthetic,2,6
451956,-16.792932,26,synthetic,1,5
451980,-5.393808,24,real,-1,3
452013,-34.769577,33,synthetic,1,12
452044,-7.080621,31,real,-1,10
452082,-2.734088,38,real,-1,17
452116,-12.694817,34,synthetic,0,13
452149,-13.409613,33,synthetic,1,12
452191,-17.650667,42,synthetic,0,21
452218,-16.137268,27,synthetic,0,6
452244,-14.730188,26,synthetic,0,5
452285,-21.09519,41,synthetic,1,20
452309,-20.668276,24,synthetic,1,3
452337,-2.412148,28,real,-1,7
452378,-14.596558,41,synthetic,0,20
452418,-39.514059,40,synthetic,2,19
452459,-30.72228,41,synthetic,1,20
452490,-38.12685,31,synthetic,2,10
452515,2.264219,25,real,-1,4
452540,-8.375394,25,synthetic,0,4
452578,-7.989184,38,real,-1,17
452620,-44.728299,42,synthetic,2,21
452649,-45.133593,29,synthetic,2,8
452674,-0.433267,25,real,-1,4
452702,-26.953483,28,synthetic,2,7
452724,-13.652471,22,synthetic,0,1
452760,-23.13185,36,synthetic,1,15
452799,6.608578,39,real,-1,18
452835,-28.783544,36,synthetic,2,15
452877,-23.63955,42,synthetic,1,21
452913,-7.892416,36,synthetic,1,15
452944,-1.286668,31,real,-1,10
452985,-44.489956,41,synthetic,2,20
453009,5.228097,24,real,-1,3
453051,-21.751987,42,synthetic,0,21
453080,-2.562735,29,real,-1,8
453117,-37.110794,37,synthetic,2,16
453157,-19.763659,40,synthetic,1,19
453181,0.878293,24,real,-1,3
453208,-17.107814,27,synthetic,0,6
453245,-22.693846,37,synthetic,1,16
453285,-9.076407,40,synthetic,0,19
453322,-53.354003,37,synthetic,2,16
453350,2.539787,28,real,-1,7
453386,-2.414537,36,real,-1,15
453423,2.228162,37,real,-1,16
453463,-5.253745,40,real,-1,19
453491,2.67737,28,real,-1,7
453514,-0.954362,23,real,-1,2
453553,-7.798072,39,real,-1,18
453578,-9.493874,25,real,-1,4
453600,-0.929274,22,real,-1,1
453625,-39.351554,25,synthetic,2,4
453653,-5.359233,28,real,-1,7
453695,-5.610555,42,real,-1,21
453729,-2.354371,34,real,-1,13
453760,-1.655511,31,real,-1,10
453802,-38.599376,42,synthetic,1,21
453835,-2.117078,33,real,-1,12
453870,-6.703084,35,real,-1,14
453909,-30.180207,39,synthetic,2,18
453939,-11.16355,30,synthetic,0,9
453977,-46.013403,38,synthetic,2,17
454018,-28.549828,41,synthetic,1,20
454053,-1.956016,35,real,-1,14
454093,-8.72894,40,synthetic,0,19
454125,-24.85732,32,synthetic,1,11
454163,-28.152165,38,synthetic,1,17
454199,-11.010952,36,synthetic,0,15
454232,-5.242945,33,real,-1,12
454274,-50.400452,42,synthetic,2,21
454311,-2.719489,37,real,-1,16
454343,-21.100037,32,synthetic,1,11
454364,-26.330107,21,synthetic,1,0
454395,-28.653721,31,synthetic,1,10
454437,5.301471,42,real,-1,21
454461,-17.515047,24,synthetic,0,3
454495,-2.023191,34,real,-1,13
454520,-7.598443,25,real,-1,4
454553,-12.888262,33,real,-1,12
454586,-19.072064,33,synthetic,1,12
454616,0.209694,30,real,-1,9
454655,-34.225286,39,synthetic,2,18
454679,-18.063686,24,synthetic,0,3
454704,-37.617088,25,synthetic,2,4
454736,-0.947507,32,real,-1,11
454762,2.842599,26,real,-1,5
454795,-2.041126,33,real,-1,12
454837,-21.499767,42,synthetic,0,21
454860,-3.612637,23,real,-1,2
454889,-34.486824,29,synthetic,2,8
454910,-37.883244,21,synthetic,2,0
454948,-37.496918,38,synthetic,2,17
454977,-28.584608,29,synthetic,2,8
455018,-4.953928,41,real,-1,20
455047,-4.948707,29,real,-1,8
455084,-15.761876,37,synthetic,0,16
455120,-29.882827,36,synthetic,1,15
455145,2.883702,25,real,-1,4
455179,-5.308996,34,real,-1,13
455212,3.477707,33,real,-1,12
455245,-9.01097,33,synthetic,0,12
455266,-40.819296,21,synthetic,2,0
455298,-0.423473,32,real,-1,11
455338,2.385957,40,real,-1,19
455363,-2.750163,25,real,-1,4
455384,-10.304668,21,synthetic,0,0
455407,-21.407345,23,synthetic,1,2
455434,-0.855881,27,real,-1,6
455464,-3.473597,30,real,-1,9
455503,-15.054412,39,synthetic,0,18
455524,-47.153175,21,synthetic,2,0
455546,-26.045583,22,synthetic,1,1
455578,-23.453788,32,synthetic,1,11
455603,-2.988117,25,real,-1,4
455625,-36.398311,22,synthetic,2,1
455653,-0.645586,28,real,-1,7
455683,-1.992334,30,real,-1,9
455718,-0.671977,35,real,-1,14
455742,-13.318602,24,synthetic,0,3
455779,-17.427511,37,synthetic,0,16
455803,-31.686338,24,synthetic,1,3
455836,-3.255877,33,real,-1,12
455858,-45.061821,22,synthetic,2,1
455888,0.377399,30,real,-1,9
455913,-15.110532,25,synthetic,0,4
455951,-27.143096,38,synthetic,2,17
455992,-5.607407,41,real,-1,20
456015,-2.793272,23,real,-1,2
456050,-6.457438,35,real,-1,14
456072,-3.93728,22,real,-1,1
456096,-1.755603,24,synthetic,0,3
456122,-21.032304,26,synthetic,1,5
456161,-5.729317,39,real,-1,18
456190,-35.62709,29,synthetic,2,8
456228,-5.354405,38,real,-1,17
456263,-37.973255,35,synthetic,2,14
456294,-25.187116,31,synthetic,1,10
456319,-7.0516,25,real,-1,4
456344,-22.285653,25,synthetic,1,4
456383,-40.966289,39,synthetic,2,18
456405,-6.460469,22,real,-1,1
456444,-2.686414,39,real,-1,18
456479,-16.32425,35,synthetic,0,14
456512,-36.110533,33,synthetic,2,12
456554,-5.496886,42,real,-1,21
456580,-3.862285,26,real,-1,5
456608,-5.426239,28,real,-1,7
456635,-24.525891,27,synthetic,1,6
456664,-12.135523,29,synthetic,0,8
456694,-30.041077,30,synthetic,2,9
456733,-6.682371,39,real,-1,18
456765,-8.450497,32,real,-1,11
456801,-8.628634,36,synthetic,0,15
456823,-18.643126,22,synthetic,1,1
456844,-34.280625,21,synthetic,2,0
456877,-9.137372,33,synthetic,0,12
456913,-7.944051,36,real,-1,15
456952,-14.222069,39,synthetic,0,18
456988,-43.308756,36,synthetic,2,15
457019,-20.434228,31,synthetic,0,10
457052,0.056692,33,real,-1,12
457078,-6.74466,26,synthetic,0,5
457106,-7.975104,28,real,-1,7
457131,-0.907479,25,real,-1,4
457173,-4.181834,42,real,-1,21
457211,-1.393915,38,real,-1,17
457250,-1.395614,39,real,-1,18
457280,-3.115372,30,real,-1,9
457316,-43.058439,36,synthetic,2,15
457344,-5.171173,28,real,-1,7
457378,-5.627614,34,real,-1,13
457419,-11.8647,41,synthetic,0,20
457458,-37.192516,39,synthetic,2,18
457479,1.622277,21,real,-1,0
457506,4.538683,27,real,-1,6
457535,-15.029581,29,synthetic,0,8
457573,-33.704276,38,synthetic,2,17
457601,-9.59361,28,real,-1,7
457642,1.092102,41,real,-1,20
457674,-7.925379,32,synthetic,0,11
457695,0.382851,21,real,-1,0
457718,-5.896161,23,real,-1,2
457758,-3.60662,40,real,-1,19
457783,-2.895423,25,real,-1,4
457813,-28.100922,30,synthetic,1,9
457845,-3.855039,32,real,-1,11
457869,-1.22261,24,real,-1,3
457910,-4.276417,41,real,-1,20
457951,-21.805751,41,synthetic,0,20
457975,-2.903991,24,real,-1,3
457997,-1.899688,22,real,-1,1
458029,-26.989515,32,synthetic,2,11
458068,-20.023114,39,synthetic,1,18
458094,-5.572513,26,real,-1,5
458130,0.73211,36,real,-1,15
458160,-39.681403,30,synthetic,1,9
458192,-29.444828,32,synthetic,1,11
458213,-28.092395,21,synthetic,2,0
458239,0.475981,26,real,-1,5
458270,-40.568189,31,synthetic,2,10
458306,-11.324586,36,real,-1,15
458329,-4.993483,23,real,-1,2
458361,-36.033537,32,synthetic,2,11
458383,2.017135,22,real,-1,1
458417,-13.498609,34,real,-1,13
458444,-4.795046,27,real,-1,6
458471,-28.536246,27,synthetic,2,6
458513,-32.132775,42,synthetic,1,21
458551,-41.870426,38,synthetic,2,17
458583,-0.599127,32,real,-1,11
458608,-19.654547,25,synthetic,1,4
458639,-4.961318,31,real,-1,10
458665,-13.776016,26,synthetic,0,5
458690,-23.691963,25,synthetic,1,4
458718,-0.581056,28,real,-1,7
458751,1.943797,33,real,-1,12
458792,-17.313083,41,synthetic,0,20
458830,-0.219867,38,real,-1,17
458863,-5.061664,33,real,-1,12
458905,-38.878748,42,synthetic,2,21
458932,-3.537172,27,real,-1,6
458970,-1.56609,38,real,-1,17
458991,-3.275944,21,real,-1,0
459021,-3.852989,30,real,-1,9
459049,-32.773281,28,synthetic,2,7
459072,-5.180484,23,real,-1,2
459103,-1.090469,31,real,-1,10
459128,-4.039213,25,real,-1,4
459149,0.289034,21,real,-1,0
459185,-25.58145,36,synthetic,1,15
459217,-27.900013,32,synthetic,1,11
459242,-5.402134,25,real,-1,4
459271,-11.024361,29,synthetic,0,8
459304,-3.421251,33,real,-1,12
459345,-9.844808,41,synthetic,0,20
459378,-28.12307,33,synthetic,1,12
459408,-26.12635,30,synthetic,1,9
459444,-5.368297,36,real,-1,15
459479,-41.684279,35,synthetic,2,14
459521,-25.431085,42,synthetic,1,21
459554,4.009566,33,real,-1,12
459593,-7.070554,39,real,-1,18
459618,-2.146224,25,real,-1,4
459643,-20.977877,25,synthetic,1,4
459684,-4.589271,41,real,-1,20
459716,-2.277861,32,real,-1,11
459745,-13.162114,29,synthetic,0,8
459775,1.095875,30,real,-1,9
459796,-0.135906,21,real,-1,0
459831,2.812219,35,real,-1,14
459854,-7.239725,23,real,-1,2
459880,-7.042568,26,real,-1,5
459910,-40.648058,30,synthetic,2,9
459942,-6.811764,32,synthetic,0,11
459971,-29.914032,29,synthetic,2,8
460009,-8.511889,38,real,-1,17
460041,-4.701628,32,real,-1,11
460064,-2.417545,23,real,-1,2
460102,-45.928388,38,synthetic,2,17
460123,1.632298,21,real,-1,0
460151,-16.691596,28,synthetic,0,7
460183,0.393984,32,real,-1,11
460204,-3.535445,21,real,-1,0
460225,-0.500117,21,real,-1,0
460266,-7.543755,41,real,-1,20
460300,0.633578,34,real,-1,13
460327,-12.802548,27,synthetic,0,6
460368,-2.62031,41,real,-1,20
460410,-50.854805,42,synthetic,2,21
460449,-20.485642,39,synthetic,1,18
460470,0.03672,21,real,-1,0
460496,-31.146925,26,synthetic,1,5
460533,-17.463328,37,synthetic,1,16
460557,-35.473928,24,synthetic,2,3
460580,-8.841641,23,real,-1,2
460606,-30.41517,26,synthetic,1,5
460627,-22.506153,21,synthetic,1,0
460649,-2.125361,22,real,-1,1
460677,-5.244662,28,synthetic,0,7
460699,-8.519372,22,synthetic,0,1
460734,-3.952362,35,real,-1,14
460767,-46.424617,33,synthetic,2,12
460802,-1.604356,35,real,-1,14
460828,-5.010389,26,real,-1,5
460860,-1.133184,32,real,-1,11
460894,-28.357254,34,synthetic,1,13
460928,5.034556,34,real,-1,13
460952,-13.811583,24,synthetic,0,3
460986,-1.562979,34,real,-1,13
461025,0.527981,39,real,-1,18
461048,-2.683269,23,real,-1,2
461071,-12.662869,23,synthetic,1,2
461105,-13.658991,34,synthetic,0,13
461140,-40.50518,35,synthetic,2,14
461177,-7.040416,37,synthetic,0,16
461201,-8.544871,24,synthetic,0,3
461229,-26.672039,28,synthetic,1,7
461257,-4.771742,28,real,-1,7
461298,-4.483194,41,real,-1,20
461320,3.850093,22,real,-1,1
461344,-39.119932,24,synthetic,2,3
461377,-39.651338,33,synthetic,2,12
461408,-7.15845,31,synthetic,0,10
461433,-26.902623,25,synthetic,1,4
461460,-35.602435,27,synthetic,2,6
461487,-4.096992,27,real,-1,6
461529,0.49206,42,real,-1,21
461564,-4.678924,35,real,-1,14
461598,-15.440707,34,synthetic,1,13
461631,-8.906748,33,real,-1,12
461653,0.665661,22,real,-1,1
461687,-1.802494,34,real,-1,13
461722,-36.489832,35,synthetic,2,14
461746,-49.494503,24,synthetic,2,3
461787,-10.216264,41,synthetic,0,20
461824,-2.523044,37,real,-1,16
461861,-10.001576,37,real,-1,16
461898,-22.093634,37,synthetic,0,16
461933,-4.619968,35,synthetic,0,14
461962,-26.860684,29,synthetic,1,8
462003,-17.382255,41,synthetic,1,20
462041,-0.994791,38,real,-1,17
462081,-19.634579,40,synthetic,1,19
462121,1.643844,40,real,-1,19
462154,-36.440365,33,synthetic,2,12
462195,-2.490921,41,real,-1,20
462228,-12.76047,33,synthetic,0,12
462253,-4.490529,25,real,-1,4
462281,-18.574161,28,synthetic,1,7
462309,-29.806801,28,synthetic,2,7
462330,-5.667619,21,real,-1,0
462356,-5.151498,26,synthetic,0,5
462390,-13.381237,34,real,-1,13
462421,-28.313908,31,synthetic,2,10
462442,-9.253813,21,synthetic,0,0
462468,-4.435595,26,real,-1,5
462492,-1.282592,24,real,-1,3
462531,1.456897,39,real,-1,18
462561,-30.654055,30,synthetic,1,9
462603,-8.023429,42,synthetic,0,21
462626,3.606191,23,real,-1,2
462661,5.948766,35,real,-1,14
462701,-11.591867,40,synthetic,0,19
462724,-16.607733,23,synthetic,1,2
462756,-21.74338,32,synthetic,1,11
462786,-4.907814,30,real,-1,9
462813,-42.067776,27,synthetic,2,6
462840,-0.351708,27,real,-1,6
462882,-10.026009,42,real,-1,21
462920,-22.462602,38,synthetic,0,17
462961,-6.619787,41,real,-1,20
462992,-3.9679,31,real,-1,10
463016,-8.719046,24,synthetic,0,3
463037,-14.686706,21,synthetic,1,0
463060,-41.456455,23,synthetic,2,2
463083,-0.712592,23,real,-1,2
463110,-14.276894,27,synthetic,1,6
463139,-12.421587,29,synthetic,0,8
463166,-0.095391,27,real,-1,6
463191,-0.853588,25,real,-1,4
463228,-43.061612,37,synthetic,2,16
463267,-8.948099,39,real,-1,18
463300,8.363114,33,real,-1,12
463338,-40.628477,38,synthetic,2,17
463374,-45.210775,36,synthetic,2,15
463410,-31.826199,36,synthetic,1,15
463442,-29.113656,32,synthetic,1,11
463484,-13.327186,42,real,-1,21
463518,-3.656094,34,real,-1,13
463546,-37.318077,28,synthetic,2,7
463569,-7.865549,23,synthetic,0,2
463605,-7.108145,36,synthetic,1,15
463632,-30.16195,27,synthetic,1,6
463672,-2.056439,40,real,-1,19
463712,3.554488,40,real,-1,19
463733,-6.134015,21,real,-1,0
463760,-5.716384,27,real,-1,6
463801,-6.053739,41,real,-1,20
463834,-44.812965,33,synthetic,2,12
463863,-1.017309,29,real,-1,8
463895,-8.5345,32,synthetic,0,11
463923,1.106786,28,real,-1,7
463945,-33.740873,22,synthetic,2,1
463971,-29.856747,26,synthetic,2,5
464006,-13.460524,35,real,-1,14
464041,-16.142799,35,synthetic,0,14
464069,-44.16947,28,synthetic,2,7
464111,-1.809049,42,real,-1,21
464135,-31.270795,24,synthetic,1,3
464168,-25.062038,33,synthetic,1,12
464207,-1.556996,39,real,-1,18
464249,-34.344528,42,synthetic,1,21
464272,0.522234,23,real,-1,2
464297,-4.274175,25,real,-1,4
464318,-25.267918,21,synthetic,2,0
464350,-4.936618,32,real,-1,11
464385,2.00383,35,real,-1,14
464414,-26.092201,29,synthetic,2,8
464447,-39.989052,33,synthetic,2,12
464474,-22.120998,27,synthetic,1,6
464515,-31.984778,41,synthetic,1,20
464556,-7.848786,41,real,-1,20
464578,-27.564645,22,synthetic,1,1
464608,-33.123639,30,synthetic,2,9
464634,-8.234594,26,real,-1,5
464672,-17.726538,38,synthetic,1,17
464702,4.436067,30,real,-1,9
464740,-3.626458,38,real,-1,17
464770,-4.74236,30,real,-1,9
464804,-6.514045,34,real,-1,13
464842,2.440426,38,real,-1,17
464874,-23.137225,32,synthetic,1,11
464899,-2.774182,25,real,-1,4
464928,-27.411262,29,synthetic,2,8
464957,-6.697767,29,real,-1,8
464992,-0.173651,35,real,-1,14
465019,-1.95123,27,real,-1,6
465040,-12.038784,21,synthetic,0,0
465068,-6.782416,28,real,-1,7
465105,-11.282472,37,synthetic,0,16
465145,-5.368148,40,real,-1,19
465167,7.866155,22,real,-1,1
465192,-14.752534,25,synthetic,0,4
465234,4.064046,42,real,-1,21
465263,-21.829556,29,synthetic,1,8
465288,-32.690566,25,synthetic,2,4
465323,3.296463,35,real,-1,14
465350,-6.936987,27,real,-1,6
465374,1.139423,24,real,-1,3
465399,-25.392631,25,synthetic,1,4
465437,-5.185857,38,real,-1,17
465464,-12.704744,27,synthetic,0,6
465504,-24.913598,40,synthetic,1,19
465543,-32.354781,39,synthetic,1,18
465566,-18.801546,23,synthetic,1,2
465605,-15.859248,39,synthetic,1,18
465642,-3.461703,37,real,-1,16
465678,-37.418695,36,synthetic,2,15
465716,-35.289492,38,synthetic,1,17
465753,9.256832,37,real,-1,16
465789,-3.636893,36,real,-1,15
465825,-8.404388,36,synthetic,0,15
465852,-7.096263,27,real,-1,6
465879,-2.861908,27,real,-1,6
465916,-24.118446,37,synthetic,0,16
465958,-13.922069,42,real,-1,21
465986,1.935014,28,real,-1,7
466010,-31.60703,24,synthetic,2,3
466032,-7.104978,22,real,-1,1
466055,-16.380964,23,synthetic,1,2
466094,-18.356706,39,synthetic,0,18
466117,-27.800305,23,synthetic,1,2
466138,-4.032157,21,real,-1,0
466164,-41.856694,26,synthetic,2,5
466202,-31.021305,38,synthetic,2,17
466232,1.914202,30,real,-1,9
466273,-8.219014,41,real,-1,20
466305,-13.078164,32,synthetic,0,11
466341,-28.315126,36,synthetic,1,15
466370,-1.836177,29,real,-1,8
466398,-9.604149,28,synthetic,0,7
466431,4.813646,33,real,-1,12
466469,-11.230421,38,real,-1,17
466491,-13.060353,22,synthetic,1,1
466528,-7.127811,37,synthetic,0,16
466567,-6.030813,39,real,-1,18
466593,1.589741,26,real,-1,5
466629,-5.190947,36,real,-1,15
466663,-50.148706,34,synthetic,2,13
466690,-36.140861,27,synthetic,2,6
466729,2.677409,39,real,-1,18
466752,-13.970984,23,synthetic,0,2
466792,-8.06653,40,real,-1,19
466827,-7.952752,35,real,-1,14
466863,5.922818,36,real,-1,15
466891,-2.82215,28,real,-1,7
466914,0.518737,23,real,-1,2
466948,-12.294766,34,synthetic,0,13
466978,-38.207482,30,synthetic,2,9
467007,-4.254336,29,real,-1,8
467040,-7.965502,33,real,-1,12
467065,-26.072139,25,synthetic,2,4
467089,-13.283648,24,synthetic,0,3
467120,1.879065,31,real,-1,10
467147,-19.823519,27,synthetic,1,6
467188,-9.249244,41,synthetic,0,20
467216,-19.598532,28,synthetic,1,7
467244,-7.928304,28,real,-1,7
467275,0.586723,31,real,-1,10
467307,-9.466681,32,real,-1,11
467334,-16.207815,27,synthetic,0,6
467358,-3.464363,24,real,-1,3
467398,-21.22461,40,synthetic,0,19
467434,-7.619946,36,real,-1,15
467475,-30.457441,41,synthetic,1,20
467515,-1.81556,40,real,-1,19
467549,-16.510899,34,synthetic,0,13
467590,-4.286424,41,real,-1,20
467611,0.942634,21,real,-1,0
467647,-21.56562,36,synthetic,1,15
467676,-9.246008,29,synthetic,0,8
467703,-7.368455,27,synthetic,0,6
467742,-4.691676,39,real,-1,18
467784,-1.493293,42,real,-1,21
467817,-42.776356,33,synthetic,2,12
467848,-6.297447,31,real,-1,10
467881,-20.030829,33,synthetic,0,12
467906,-7.285364,25,real,-1,4
467943,-21.688864,37,synthetic,1,16
467984,-27.57376,41,synthetic,0,20
468012,-10.471231,28,synthetic,0,7
468037,-31.180489,25,synthetic,1,4
468077,-20.695479,40,synthetic,0,19
468103,-2.273355,26,real,-1,5
468133,-19.533118,30,synthetic,1,9
468164,-11.749,31,real,-1,10
468189,-13.655129,25,synthetic,0,4
468217,-13.930844,28,synthetic,0,7
468243,-0.559452,26,real,-1,5
468267,-24.702651,24,synthetic,1,3
468289,-4.234808,22,real,-1,1
468325,-1.5465,36,real,-1,15
468346,-10.431097,21,synthetic,0,0
468378,-14.159992,32,synthetic,0,11
468411,-1.138014,33,real,-1,12
468432,2.826546,21,real,-1,0
468464,0.969907,32,real,-1,11
468487,-3.960149,23,real,-1,2
468523,-27.24608,36,synthetic,0,15
468560,-12.32667,37,synthetic,0,16
468601,-20.828196,41,synthetic,1,20
468631,-21.522372,30,synthetic,1,9
468668,-5.880333,37,real,-1,16
468710,-16.344438,42,synthetic,0,21
468751,-54.157548,41,synthetic,2,20
468786,0.000859,35,real,-1,14
468816,-6.662291,30,real,-1,9
468858,-3.247818,42,real,-1,21
468897,-32.118425,39,synthetic,2,18
468931,-29.91708,34,synthetic,1,13
468971,-2.734543,40,real,-1,19
468996,-4.975055,25,real,-1,4
469030,-13.706097,34,synthetic,0,13
469065,-3.199404,35,real,-1,14
469107,-38.43,42,synthetic,2,21
469128,-16.709772,21,synthetic,1,0
469160,-1.261662,32,real,-1,11
469186,-3.275741,26,real,-1,5
469220,-26.657981,34,synthetic,2,13
469259,3.543449,39,real,-1,18
469286,5.786174,27,real,-1,6
469315,-35.173808,29,synthetic,2,8
469342,2.396735,27,real,-1,6
469377,-10.726212,35,synthetic,0,14
469402,-18.972252,25,synthetic,1,4
469438,-26.002543,36,synthetic,2,15
469463,-34.585447,25,synthetic,2,4
469501,-29.540342,38,synthetic,1,17
469532,-2.047386,31,real,-1,10
469570,-9.567566,38,synthetic,0,17
469612,-0.804668,42,real,-1,21
469651,-11.590947,39,synthetic,1,18
469683,-43.280359,32,synthetic,2,11
469722,-38.342722,39,synthetic,2,18
469764,-7.379715,42,real,-1,21
469790,-35.38679,26,synthetic,2,5
469820,-30.536521,30,synthetic,2,9
469852,1.170489,32,real,-1,11
469886,-3.491778,34,real,-1,13
469913,-19.983046,27,synthetic,1,6
469948,-4.798193,35,real,-1,14
469975,-5.079327,27,real,-1,6
469998,-29.367704,23,synthetic,1,2
470021,-23.448508,23,synthetic,1,2
470053,-38.749885,32,synthetic,2,11
470095,-26.060619,42,synthetic,1,21
470135,-3.082656,40,real,-1,19
470177,-8.232182,42,real,-1,21
470210,0.826229,33,real,-1,12
470248,1.623858,38,real,-1,17
470272,-1.560283,24,real,-1,3
470314,-2.586045,42,real,-1,21
470347,-15.148756,33,synthetic,0,12
470374,-12.766062,27,synthetic,0,6
470413,-39.876065,39,synthetic,2,18
470442,2.265332,29,real,-1,8
470483,-25.861285,41,synthetic,1,20
470518,-47.691311,35,synthetic,2,14
470551,0.769603,33,real,-1,12
470583,-0.982026,32,real,-1,11
470613,-6.371155,30,synthetic,0,9
470636,-2.361465,23,real,-1,2
470663,4.548334,27,real,-1,6
470691,-9.777045,28,real,-1,7
470720,-4.741244,29,real,-1,8
470750,-9.567914,30,real,-1,9
470789,-3.080054,39,real,-1,18
470818,-27.699745,29,synthetic,1,8
470851,-26.698821,33,synthetic,1,12
470882,-18.038429,31,synthetic,0,10
470909,6.002569,27,real,-1,6
470946,-4.533715,37,real,-1,16
470974,-2.580758,28,real,-1,7
471014,-26.200806,40,synthetic,1,19
471036,4.015502,22,real,-1,1
471072,-34.48684,36,synthetic,2,15
471106,-42.445409,34,synthetic,2,13
471134,-25.186087,28,synthetic,1,7
471168,-3.029295,34,real,-1,13
471195,-12.987853,27,synthetic,0,6
471235,-16.640859,40,synthetic,0,19
471268,-30.973259,33,synthetic,2,12
471302,-3.062317,34,real,-1,13
471338,-9.632697,36,synthetic,0,15
471370,-8.345592,32,real,-1,11
471400,-34.251001,30,synthetic,2,9
471421,2.322731,21,real,-1,0
471447,-24.163639,26,synthetic,1,5
471469,-11.881758,22,synthetic,0,1
471492,-9.613493,23,real,-1,2
471516,-2.361871,24,real,-1,3
471544,-15.115901,28,synthetic,1,7
471574,1.209391,30,real,-1,9
471612,-14.673452,38,synthetic,0,17
471635,-3.519013,23,real,-1,2
471661,-3.510485,26,real,-1,5
471703,-33.321447,42,synthetic,2,21
471742,-25.29886,39,synthetic,1,18
471784,-40.965879,42,synthetic,2,21
471819,-2.365619,35,real,-1,14
471849,2.352351,30,real,-1,9
471889,-4.302854,40,real,-1,19
471917,-9.775826,28,synthetic,0,7
471941,-44.303761,24,synthetic,2,3
471962,-1.188886,21,real,-1,0
471995,-36.106384,33,synthetic,2,12
472020,-41.946919,25,synthetic,2,4
472055,-20.972455,35,synthetic,2,14
472086,-2.153262,31,synthetic,0,10
472107,-17.869554,21,synthetic,1,0
472134,-15.054598,27,synthetic,0,6
472165,-30.744396,31,synthetic,1,10
472195,-8.450121,30,real,-1,9
472236,0.548471,41,real,-1,20
472268,-7.780468,32,real,-1,11
472305,-36.622305,37,synthetic,2,16
472345,-10.189674,40,real,-1,19
472383,-12.591644,38,synthetic,0,17
472421,-1.147163,38,real,-1,17
472462,-3.124803,41,real,-1,20
472501,-9.620078,39,real,-1,18
472531,-3.554689,30,real,-1,9
472561,-4.220473,30,real,-1,9
472596,-17.289426,35,real,-1,14
472634,-11.270639,38,synthetic,0,17
472668,-21.687945,34,synthetic,1,13
472699,-40.90824,31,synthetic,2,10
472740,-37.309717,41,synthetic,2,20
472779,-14.957952,39,synthetic,0,18
472802,-4.75513,23,real,-1,2
472831,-4.316634,29,real,-1,8
472856,-39.637912,25,synthetic,2,4
472890,-4.557917,34,real,-1,13
472911,3.102655,21,real,-1,0
472950,-4.519778,39,real,-1,18
472986,-22.711469,36,synthetic,1,15
473018,-10.438308,32,synthetic,0,11
473039,-39.376882,21,synthetic,2,0
473079,0.013687,40,real,-1,19
473101,-12.01686,22,synthetic,0,1
473127,-33.780394,26,synthetic,1,5
473155,1.192704,28,real,-1,7
473182,4.288144,27,real,-1,6
473209,-0.27167,27,real,-1,6
473241,-45.12024,32,synthetic,2,11
473270,-8.488949,29,synthetic,0,8
473306,-18.724094,36,synthetic,0,15
473332,0.036831,26,real,-1,5
473369,-27.877969,37,synthetic,2,16
473403,-1.17705,34,real,-1,13
473433,-22.917619,30,synthetic,1,9
473469,-11.606462,36,synthetic,0,15
473504,-6.312493,35,real,-1,14
473536,0.296202,32,real,-1,11
473561,2.441942,25,real,-1,4
473595,3.286201,34,real,-1,13
473622,5.989248,27,real,-1,6
473650,-1.517995,28,real,-1,7
473676,-2.035989,26,real,-1,5
473698,-7.510506,22,real,-1,1
473735,-25.176856,37,synthetic,1,16
473761,0.49505,26,real,-1,5
473799,-23.820359,38,synthetic,1,17
473828,-31.245205,29,synthetic,2,8
473862,-18.400899,34,synthetic,0,13
473889,-12.579263,27,synthetic,1,6
473915,-4.200699,26,real,-1,5
473948,-7.164889,33,real,-1,12
473980,-35.374231,32,synthetic,2,11
474010,-12.095269,30,synthetic,0,9
474043,1.642474,33,real,-1,12
474070,-3.352478,27,real,-1,6
474096,-3.291879,26,synthetic,0,5
474131,-7.014079,35,real,-1,14
474166,-21.315654,35,synthetic,1,14
474191,-6.233637,25,real,-1,4
474232,-17.643131,41,synthetic,0,20
474263,-12.706636,31,synthetic,0,10
474291,-8.498447,28,synthetic,0,7
474326,-13.431677,35,synthetic,0,14
474356,-26.749082,30,synthetic,1,9
474378,-25.432482,22,synthetic,1,1
474403,-15.572388,25,synthetic,0,4
474440,-1.277835,37,real,-1,16
474469,-35.636485,29,synthetic,2,8
474504,-33.016767,35,synthetic,2,14
474545,-9.13948,41,synthetic,0,20
474567,-10.381468,22,synthetic,0,1
474589,-32.441506,22,synthetic,2,1
474610,1.561893,21,real,-1,0
474644,-33.122096,34,synthetic,2,13
474673,-20.302994,29,synthetic,1,8
474695,-24.379568,22,synthetic,1,1
474736,5.182463,41,real,-1,20
474763,1.507118,27,real,-1,6
474799,-13.407272,36,synthetic,1,15
474824,-10.814773,25,synthetic,0,4
474860,-5.408419,36,synthetic,0,15
474889,-8.301963,29,real,-1,8
474922,1.149164,33,real,-1,12
474943,-2.205474,21,real,-1,0
474980,-1.738657,37,real,-1,16
475021,-10.441926,41,real,-1,20
475061,1.075614,40,real,-1,19
475101,-9.378337,40,real,-1,19
475128,-19.265565,27,synthetic,1,6
475162,-4.349977,34,real,-1,13
475188,-2.867429,26,real,-1,5
475219,-13.289889,31,synthetic,0,10
475257,-12.336377,38,real,-1,17
475299,-29.268128,42,synthetic,2,21
475333,1.96425,34,real,-1,13
475373,-22.62821,40,synthetic,0,19
475394,-11.383817,21,synthetic,0,0
475430,2.899313,36,real,-1,15
475461,-18.44531,31,synthetic,1,10
475489,-4.903057,28,real,-1,7
475519,4.406389,30,real,-1,9
475557,-21.730296,38,synthetic,1,17
475595,-7.183737,38,synthetic,0,17
475630,0.733987,35,real,-1,14
475655,-5.298445,25,synthetic,0,4
475691,-21.18586,36,synthetic,1,15
475730,0.232709,39,real,-1,18
475752,2.928781,22,real,-1,1
475791,-17.718731,39,synthetic,0,18
475832,-3.518149,41,real,-1,20
475866,-3.341886,34,real,-1,13
475899,-14.124819,33,synthetic,0,12
475921,-41.113227,22,synthetic,2,1
475949,-11.517902,28,synthetic,0,7
475987,-18.883747,38,synthetic,1,17
476011,-28.767289,24,synthetic,2,3
476036,-10.455821,25,synthetic,0,4
476064,-7.373316,28,real,-1,7
476103,-22.991557,39,synthetic,1,18
476134,-0.473605,31,real,-1,10
476175,-8.646442,41,real,-1,20
476204,-8.759347,29,synthetic,0,8
476227,-17.710268,23,synthetic,0,2
476251,-0.934745,24,real,-1,3
476276,-0.334343,25,real,-1,4
476305,-11.461991,29,synthetic,0,8
476336,-30.656448,31,synthetic,1,10
476357,-39.113092,21,synthetic,2,0
476382,-6.375687,25,real,-1,4
476420,-4.968009,38,real,-1,17
476455,0.901744,35,real,-1,14
476492,-8.786498,37,real,-1,16
476525,2.222232,33,real,-1,12
476556,2.023141,31,real,-1,10
476584,-22.618668,28,synthetic,1,7
476607,-28.602273,23,synthetic,2,2
476630,-22.569776,23,synthetic,1,2
476658,-5.607441,28,real,-1,7
476693,-29.086652,35,synthetic,1,14
476727,-1.211227,34,real,-1,13
476750,-1.593945,23,real,-1,2
476791,-18.353825,41,synthetic,1,20
476833,-2.871484,42,real,-1,21
476858,-5.084915,25,real,-1,4
476880,-0.209123,22,real,-1,1
476915,-0.965419,35,real,-1,14
476951,-3.902675,36,real,-1,15
476974,-41.625272,23,synthetic,2,2
476997,-3.659547,23,real,-1,2
477035,-15.586522,38,synthetic,1,17
477072,-21.954959,37,synthetic,1,16
477093,1.02836,21,real,-1,0
477119,-14.638934,26,synthetic,0,5
477155,-4.340776,36,synthetic,0,15
477195,-31.212184,40,synthetic,2,19
477216,-4.26525,21,real,-1,0
477255,-12.577743,39,synthetic,0,18
477279,-11.49646,24,synthetic,0,3
477315,3.206002,36,real,-1,15
477350,2.388869,35,real,-1,14
477384,-33.248429,34,synthetic,2,13
477420,-19.933507,36,synthetic,2,15
477450,-27.96144,30,synthetic,1,9
477472,-39.198463,22,synthetic,2,1
477498,-33.410309,26,synthetic,1,5
477523,0.327387,25,real,-1,4
477546,-16.544628,23,synthetic,1,2
477584,-8.417568,38,real,-1,17
477618,1.355417,34,real,-1,13
477655,-1.029808,37,real,-1,16
477683,-0.09231,28,real,-1,7
477720,-7.687037,37,real,-1,16
477757,-2.714391,37,real,-1,16
477798,0.620776,41,real,-1,20
477836,0.755117,38,real,-1,17
477869,5.59933,33,real,-1,12
477901,-3.471767,32,real,-1,11
477930,-20.664229,29,synthetic,2,8
477961,0.227699,31,real,-1,10
477990,-25.507659,29,synthetic,1,8
478020,-8.069271,30,real,-1,9
478052,-6.442845,32,real,-1,11
478086,-14.568958,34,synthetic,0,13
478123,-3.107821,37,real,-1,16
478144,-5.514649,21,synthetic,0,0
478178,-30.693426,34,synthetic,1,13
478205,-32.786322,27,synthetic,2,6
478230,-8.725128,25,synthetic,0,4
478260,-20.525717,30,synthetic,1,9
478289,-6.682684,29,real,-1,8
478322,-43.91115,33,synthetic,2,12
478357,-40.504796,35,synthetic,2,14
478378,-3.461298,21,real,-1,0
478411,5.058827,33,real,-1,12
478452,-0.466426,41,real,-1,20
478473,-18.840037,21,synthetic,1,0
478508,-52.413645,35,synthetic,2,14
478539,-12.341455,31,synthetic,0,10
478573,-2.017623,34,real,-1,13
478607,1.115807,34,real,-1,13
478643,-1.808656,36,real,-1,15
478667,-20.923148,24,synthetic,1,3
478696,0.303583,29,real,-1,8
478736,-10.359594,40,synthetic,0,19
478776,-10.300747,40,real,-1,19
478804,-9.473511,28,real,-1,7
478843,-1.596737,39,real,-1,18
478872,0.602623,29,real,-1,8
478897,-8.125711,25,synthetic,0,4
478934,-17.677746,37,synthetic,0,16
478964,-9.354395,30,synthetic,0,9
479003,-25.397457,39,synthetic,2,18
479036,-38.240366,33,synthetic,2,12
479057,-24.736235,21,synthetic,2,0
479078,0.46622,21,real,-1,0
479111,-21.233491,33,synthetic,1,12
479139,-5.083358,28,real,-1,7
479177,-20.761806,38,synthetic,0,17
479215,-45.049285,38,synthetic,2,17
479257,-25.83012,42,synthetic,1,21
479288,-36.306753,31,synthetic,2,10
479320,-31.388707,32,synthetic,2,11
479348,-13.24839,28,synthetic,1,7
479389,-3.941534,41,real,-1,20
479428,-9.390654,39,synthetic,0,18
479450,-1.427742,22,real,-1,1
479473,-17.697534,23,synthetic,1,2
479499,-41.240363,26,synthetic,2,5
479521,-16.726974,22,synthetic,0,1
479559,-38.311524,38,synthetic,2,17
479584,-21.833631,25,synthetic,1,4
479609,-8.828419,25,synthetic,0,4
479637,-34.897777,28,synthetic,1,7
479673,-17.245693,36,synthetic,0,15
479715,-37.073966,42,synthetic,2,21
479748,-34.320722,33,synthetic,1,12
479787,-1.352616,39,real,-1,18
479816,-32.837412,29,synthetic,1,8
479850,-6.06046,34,real,-1,13
479890,-18.714473,40,synthetic,0,19
479920,-6.582203,30,real,-1,9
479960,-17.480603,40,synthetic,1,19
479990,-11.063753,30,synthetic,0,9
480021,-30.98979,31,synthetic,2,10
480063,-34.772586,42,synthetic,1,21
480100,-33.519896,37,synthetic,2,16
480138,-19.851588,38,synthetic,1,17
480170,-5.625967,32,real,-1,11
480208,-9.131616,38,synthetic,0,17
480250,-3.469094,42,real,-1,21
480281,0.621942,31,real,-1,10
480315,-19.259714,34,synthetic,1,13
480336,-8.496757,21,synthetic,0,0
480361,-13.6645,25,synthetic,1,4
480383,-11.003939,22,synthetic,0,1
480425,-2.252365,42,real,-1,21
480451,-16.127801,26,synthetic,0,5
480489,1.413184,38,real,-1,17
480511,-3.000938,22,real,-1,1
480549,-16.286063,38,synthetic,0,17
480587,-20.091632,38,synthetic,1,17
480615,-8.689683,28,real,-1,7
480654,-22.699045,39,synthetic,1,18
480688,0.83105,34,real,-1,13
480716,-0.206063,28,real,-1,7
480748,-3.504035,32,synthetic,0,11
480780,4.414282,32,real,-1,11
480820,-26.059144,40,synthetic,1,19
480847,-41.563438,27,synthetic,2,6
480881,-3.957872,34,synthetic,0,13
480907,2.705591,26,real,-1,5
480943,-7.89806,36,real,-1,15
480965,-9.575934,22,synthetic,0,1
481003,-7.579262,38,real,-1,17
481037,-2.488564,34,real,-1,13
481068,-30.647408,31,synthetic,1,10
481110,-10.336669,42,synthetic,0,21
481150,-14.064101,40,synthetic,1,19
481174,-11.059865,24,real,-1,3
481211,-15.206408,37,synthetic,0,16
481232,-4.014196,21,real,-1,0
481258,3.919439,26,real,-1,5
481293,5.802795,35,real,-1,14
481334,-6.809377,41,real,-1,20
481374,-23.117738,40,synthetic,1,19
481400,-2.536341,26,real,-1,5
481441,-7.873955,41,real,-1,20
481476,-5.412367,35,real,-1,14
481510,-7.191351,34,real,-1,13
481551,-27.728688,41,synthetic,1,20
481573,-0.553941,22,real,-1,1
481595,-22.725981,22,synthetic,1,1
481618,-1.762664,23,real,-1,2
481653,-4.926379,35,real,-1,14
481686,0.758166,33,real,-1,12
481726,-0.645912,40,real,-1,19
481755,-7.140788,29,real,-1,8
481791,-4.723425,36,real,-1,15
481821,-4.179359,30,real,-1,9
481848,-14.040292,27,synthetic,1,6
481889,-7.038954,41,real,-1,20
481926,-7.279043,37,real,-1,16
481960,-36.402453,34,synthetic,2,13
481998,4.165522,38,real,-1,17
482020,-24.394522,22,synthetic,1,1
482045,-17.104004,25,synthetic,0,4
482085,-32.968953,40,synthetic,2,19
482116,-1.267967,31,real,-1,10
482158,-11.022989,42,real,-1,21
482190,-46.996308,32,synthetic,2,11
482219,-3.421095,29,real,-1,8
482258,-32.829428,39,synthetic,2,18
482299,2.293818,41,real,-1,20
482339,-27.849204,40,synthetic,1,19
482377,1.824672,38,real,-1,17
482414,-15.976214,37,synthetic,0,16
482452,-25.632934,38,synthetic,1,17
482493,-11.562215,41,synthetic,0,20
482523,-29.777936,30,synthetic,1,9
482563,-28.036083,40,synthetic,2,19
482599,-5.13751,36,real,-1,15
482627,2.304044,28,real,-1,7
482664,-39.28729,37,synthetic,2,16
482690,-26.357973,26,synthetic,1,5
482730,-11.198915,40,real,-1,19
482765,4.588646,35,real,-1,14
482802,-6.762517,37,real,-1,16
482839,4.290491,37,real,-1,16
482868,-35.051978,29,synthetic,2,8
482909,-3.986046,41,real,-1,20
482932,5.348899,23,real,-1,2
482954,-2.572163,22,real,-1,1
482985,-31.072798,31,synthetic,2,10
483026,-14.387286,41,synthetic,0,20
483048,-7.035519,22,synthetic,0,1
483070,-28.196059,22,synthetic,1,1
483103,-3.04035,33,real,-1,12
483145,-1.30181,42,real,-1,21
483166,-0.712591,21,real,-1,0
483191,1.77732,25,real,-1,4
483232,-12.004541,41,real,-1,20
483265,-47.534876,33,synthetic,2,12
483286,-26.88821,21,synthetic,1,0
483312,-1.704576,26,real,-1,5
483338,-21.544683,26,synthetic,1,5
483363,-30.432507,25,synthetic,1,4
483399,-12.122438,36,synthetic,0,15
483437,-1.812523,38,real,-1,17
483471,-11.261422,34,synthetic,0,13
483512,-27.246241,41,synthetic,2,20
483534,-1.182085,22,real,-1,1
483555,-12.687889,21,synthetic,1,0
483588,-7.576602,33,real,-1,12
483622,-5.674753,34,real,-1,13
483653,-13.598266,31,real,-1,10
483680,-14.783245,27,synthetic,0,6
483719,-21.835646,39,synthetic,0,18
483740,-18.842815,21,synthetic,1,0
483762,1.065867,22,real,-1,1
483788,-0.095319,26,real,-1,5
483825,-10.866422,37,real,-1,16
483847,-13.438069,22,synthetic,0,1
483878,6.572256,31,real,-1,10
483912,-44.084719,34,synthetic,2,13
483934,-17.112079,22,synthetic,0,1
483959,-8.659259,25,real,-1,4
483990,-23.294081,31,synthetic,1,10
484014,-3.504109,24,real,-1,3
484037,-45.498368,23,synthetic,2,2
484062,1.473594,25,real,-1,4
484091,-16.491529,29,synthetic,0,8
484118,-6.399438,27,synthetic,0,6
484144,-34.357384,26,synthetic,2,5
484169,-0.867629,25,real,-1,4
484202,-0.783641,33,real,-1,12
484237,-20.557154,35,synthetic,1,14
484277,-45.220805,40,synthetic,2,19
484298,-36.036359,21,synthetic,2,0
484330,-1.211233,32,real,-1,11
484370,-1.917607,40,real,-1,19
484404,-0.61011,34,real,-1,13
484427,-33.518974,23,synthetic,2,2
484454,-37.202122,27,synthetic,2,6
484481,-42.045872,27,synthetic,2,6
484523,-42.326364,42,synthetic,2,21
484565,-3.086304,42,real,-1,21
484606,-4.675155,41,real,-1,20
484638,-4.129619,32,real,-1,11
484677,-41.267371,39,synthetic,2,18
484700,-2.953869,23,real,-1,2
484734,2.550009,34,real,-1,13
484771,-6.524899,37,real,-1,16
484792,-2.940853,21,real,-1,0
484822,-8.854108,30,real,-1,9
484856,-11.703699,34,real,-1,13
484882,-5.684105,26,real,-1,5
484904,-2.730907,22,real,-1,1
484928,-6.161143,24,synthetic,0,3
484965,-10.173204,37,synthetic,0,16
485001,-2.252473,36,real,-1,15
485024,-41.797721,23,synthetic,2,2
485057,-27.372978,33,synthetic,1,12
485093,-7.530394,36,real,-1,15
485115,-39.898917,22,synthetic,2,1
485141,-1.79012,26,real,-1,5
485180,-2.948929,39,real,-1,18
485216,0.253952,36,real,-1,15
485246,-30.958517,30,synthetic,2,9
485288,-15.044919,42,synthetic,0,21
485329,-1.831815,41,synthetic,0,20
485367,-6.068496,38,real,-1,17
485389,0.846226,22,real,-1,1
485410,-28.584754,21,synthetic,1,0
485436,-2.992443,26,real,-1,5
485468,-23.622637,32,synthetic,1,11
485491,0.139624,23,real,-1,2
485516,-27.34396,25,synthetic,1,4
485541,-13.497059,25,synthetic,1,4
485576,-23.493853,35,synthetic,1,14
485609,-8.99979,33,real,-1,12
485632,-1.961895,23,real,-1,2
485664,1.373521,32,real,-1,11
485689,-8.876002,25,real,-1,4
485730,-7.892384,41,real,-1,20
485753,-40.875363,23,synthetic,2,2
485785,-10.645671,32,real,-1,11
485827,-5.606739,42,real,-1,21
485851,-20.51656,24,synthetic,1,3
485890,-7.868319,39,real,-1,18
485912,-4.376869,22,real,-1,1
485946,-9.211975,34,synthetic,0,13
485972,-31.479334,26,synthetic,2,5
486011,-26.934961,39,synthetic,2,18
486040,-3.003811,29,real,-1,8
486062,-12.729666,22,real,-1,1
486096,-33.880917,34,synthetic,2,13
486137,-14.238986,41,synthetic,1,20
486179,-0.430683,42,real,-1,21
486206,-14.957594,27,synthetic,0,6
486242,-24.62469,36,synthetic,1,15
486277,-35.90278,35,synthetic,2,14
486309,-5.843473,32,real,-1,11
486338,-1.786165,29,real,-1,8
486367,1.742966,29,real,-1,8
486409,-1.936587,42,real,-1,21
486451,-37.6075,42,synthetic,2,21
486491,-14.365973,40,synthetic,0,19
486522,-42.778076,31,synthetic,2,10
486564,-2.274594,42,real,-1,21
486597,-0.899902,33,real,-1,12
486629,2.960617,32,real,-1,11
486655,1.60911,26,real,-1,5
486681,-0.806481,26,real,-1,5
486715,-5.824779,34,real,-1,13
486746,-0.576495,31,real,-1,10
486776,-26.155085,30,synthetic,2,9
486808,-3.811401,32,real,-1,11
486848,-43.031815,40,synthetic,2,19
486869,1.960606,21,real,-1,0
486911,-6.279737,42,real,-1,21
486942,-0.701034,31,real,-1,10
486984,-24.540894,42,synthetic,1,21
487008,-36.669928,24,synthetic,2,3
487050,-4.372145,42,real,-1,21
487090,-1.123959,40,real,-1,19
487132,-6.441723,42,real,-1,21
487165,-18.837785,33,synthetic,1,12
487207,-22.491247,42,synthetic,1,21
487232,-2.296193,25,real,-1,4
487271,-3.02618,39,real,-1,18
487294,-37.318585,23,synthetic,2,2
487327,-8.130929,33,synthetic,0,12
487348,-19.914548,21,synthetic,1,0
487372,-10.428745,24,synthetic,0,3
487412,-21.563089,40,synthetic,1,19
487452,-30.999457,40,synthetic,1,19
487494,-31.731008,42,synthetic,1,21
487525,-12.948373,31,synthetic,0,10
487559,-1.710925,34,real,-1,13
487596,2.643529,37,real,-1,16
487626,-2.582476,30,real,-1,9
487656,-13.384234,30,synthetic,0,9
487698,-11.220124,42,real,-1,21
487733,-39.832081,35,synthetic,2,14
487765,-40.726238,32,synthetic,2,11
487807,-10.448447,42,real,-1,21
487832,3.519388,25,real,-1,4
487874,-9.071369,42,synthetic,0,21
487904,-26.742015,30,synthetic,1,9
487944,-14.549407,40,synthetic,0,19
487965,1.159417,21,real,-1,0
488007,-41.594096,42,synthetic,2,21
488032,2.640419,25,real,-1,4
488070,-39.043033,38,synthetic,2,17
488092,-6.989978,22,synthetic,0,1
488123,-14.424808,31,real,-1,10
488161,4.16836,38,real,-1,17
488194,-19.870066,33,synthetic,1,12
488223,0.863019,29,real,-1,8
488256,-25.088503,33,synthetic,1,12
488289,-47.213354,33,synthetic,2,12
488317,-4.481224,28,real,-1,7
488350,-9.994217,33,synthetic,0,12
488390,-13.970684,40,real,-1,19
488414,-14.351465,24,synthetic,0,3
488442,1.696005,28,real,-1,7
488472,-2.237038,30,real,-1,9
488493,-17.019853,21,synthetic,0,0
488525,1.899908,32,real,-1,11
488567,-3.078279,42,real,-1,21
488597,-0.257458,30,real,-1,9
488621,2.407693,24,real,-1,3
488654,-8.959449,33,synthetic,0,12
488696,-4.740666,42,real,-1,21
488729,-4.951851,33,real,-1,12
488755,-15.193248,26,synthetic,1,5
488780,-0.419692,25,real,-1,4
488804,-27.322556,24,synthetic,1,3
488831,-7.646018,27,synthetic,0,6
488857,-14.587226,26,synthetic,0,5
488880,-35.133526,23,synthetic,2,2
488902,-2.578744,22,real,-1,1
488936,-39.118933,34,synthetic,2,13
488966,-8.004497,30,real,-1,9
488987,-42.691456,21,synthetic,2,0
489011,-9.454248,24,real,-1,3
489038,0.351006,27,real,-1,6
489080,-3.558007,42,real,-1,21
489102,-7.564741,22,real,-1,1
489134,-28.374642,32,synthetic,1,11
489168,-9.547592,34,synthetic,0,13
489201,-5.74742,33,real,-1,12
489239,-40.44427,38,synthetic,2,17
489271,-9.891008,32,real,-1,11
489298,-5.529926,27,real,-1,6
489339,-27.822488,41,synthetic,1,20
489364,-30.827001,25,synthetic,1,4
489401,-8.099099,37,real,-1,16
489440,-4.156005,39,real,-1,18
489481,-1.872259,41,real,-1,20
489512,-27.459785,31,synthetic,1,10
489536,-24.08344,24,synthetic,1,3
489558,2.21291,22,real,-1,1
489595,-36.8176,37,synthetic,2,16
489617,-3.723296,22,real,-1,1
489656,3.745072,39,real,-1,18
489683,-26.726828,27,synthetic,1,6
489723,-18.497566,40,synthetic,0,19
489747,-12.904533,24,synthetic,0,3
489786,-24.044167,39,synthetic,1,18
489807,-10.78515,21,real,-1,0
489837,-16.145969,30,synthetic,0,9
489870,-7.178697,33,real,-1,12
489897,0.005799,27,real,-1,6
489919,-0.951327,22,real,-1,1
489959,-1.512913,40,real,-1,19
489996,-1.433755,37,real,-1,16
490024,-2.402434,28,real,-1,7
490050,-10.999792,26,synthetic,0,5
490079,-1.421731,29,real,-1,8
490119,3.431653,40,real,-1,19
490141,-2.955927,22,real,-1,1
490182,-33.225878,41,synthetic,2,20
490210,-27.252491,28,synthetic,1,7
490232,-12.032753,22,synthetic,0,1
490256,-7.260885,24,real,-1,3
490280,-18.633886,24,synthetic,1,3
490321,-16.224327,41,synthetic,1,20
490363,-8.873458,42,real,-1,21
490400,-22.432095,37,synthetic,1,16
490427,-29.951108,27,synthetic,2,6
490461,-38.869674,34,synthetic,2,13
490501,-37.045422,40,synthetic,2,19
490528,-6.334823,27,real,-1,6
490556,-18.547113,28,synthetic,0,7
490593,-0.113261,37,real,-1,16
490615,-1.99233,22,real,-1,1
490646,-10.757435,31,real,-1,10
490679,-4.211884,33,real,-1,12
490715,-31.455077,36,synthetic,2,15
490754,-1.319419,39,real,-1,18
490775,-43.205873,21,synthetic,2,0
490800,-1.054747,25,real,-1,4
490830,-3.210764,30,real,-1,9
490858,-26.542991,28,synthetic,1,7
490894,-44.086408,36,synthetic,2,15
490936,1.859831,42,real,-1,21
490968,-19.045405,32,synthetic,0,11
490992,-26.00594,24,synthetic,1,3
491023,-40.086799,31,synthetic,2,10
491065,-10.451211,42,real,-1,21
491091,-24.620342,26,synthetic,1,5
491126,-6.917414,35,real,-1,14
491159,-7.551864,33,real,-1,12
491197,-34.47114,38,synthetic,2,17
491222,-12.944716,25,synthetic,0,4
491259,-41.999659,37,synthetic,2,16
491298,-8.637346,39,real,-1,18
491327,-32.979143,29,synthetic,1,8
491351,-14.985963,24,synthetic,0,3
491393,-8.789464,42,real,-1,21
491417,-11.818454,24,synthetic,0,3
491453,6.318967,36,real,-1,15
491490,-7.666551,37,real,-1,16
491530,-5.276653,40,real,-1,19
491568,-3.035323,38,real,-1,17
491597,-8.332405,29,synthetic,0,8
491623,0.456815,26,real,-1,5
491644,-7.284826,21,real,-1,0
491680,-35.27843,36,synthetic,2,15
491720,-6.191468,40,real,-1,19
491756,-14.806618,36,synthetic,0,15
491791,4.264936,35,real,-1,14
491813,5.398286,22,real,-1,1
491841,1.525764,28,real,-1,7
491876,-39.004721,35,synthetic,2,14
491902,-19.99495,26,synthetic,1,5
491935,-12.58511,33,real,-1,12
491959,-13.15151,24,synthetic,0,3
491998,1.124055,39,real,-1,18
492030,0.061249,32,real,-1,11
492066,-2.870694,36,real,-1,15
492097,5.51407,31,real,-1,10
492126,-30.08044,29,synthetic,2,8
492166,0.206441,40,real,-1,19
492190,-20.656228,24,synthetic,1,3
492211,-12.130456,21,synthetic,0,0
492252,-12.364939,41,real,-1,20
492285,-2.820652,33,real,-1,12
492316,4.077135,31,real,-1,10
492338,0.889981,22,real,-1,1
492373,-47.89823,35,synthetic,2,14
492404,-25.93911,31,synthetic,1,10
492438,-3.750426,34,real,-1,13
492461,-0.099206,23,real,-1,2
492503,-14.824753,42,synthetic,0,21
492545,0.154024,42,real,-1,21
492587,-40.148225,42,synthetic,2,21
492625,-31.418969,38,synthetic,1,17
492661,-7.163722,36,real,-1,15
492701,-22.29153,40,synthetic,1,19
492735,-20.834573,34,synthetic,1,13
492770,-4.828014,35,real,-1,14
492806,-5.234464,36,real,-1,15
492828,-27.667981,22,synthetic,2,1
492854,0.474818,26,real,-1,5
492875,-4.396109,21,real,-1,0
492898,-13.566604,23,synthetic,0,2
492936,-11.378007,38,real,-1,17
492966,-2.398974,30,real,-1,9
492989,-1.467493,23,real,-1,2
493024,-22.646899,35,synthetic,1,14
493049,-25.942691,25,synthetic,2,4
493081,-24.17923,32,synthetic,1,11
493119,-14.631512,38,synthetic,1,17
493150,-22.568124,31,synthetic,1,10
493182,-30.008394,32,synthetic,2,11
493212,1.616115,30,real,-1,9
493251,-29.904739,39,synthetic,2,18
493293,2.565813,42,real,-1,21
493325,-22.261813,32,synthetic,2,11
493366,-40.151365,41,synthetic,2,20
493404,-11.982822,38,real,-1,17
493425,-8.888749,21,synthetic,0,0
493466,-20.759205,41,synthetic,1,20
493505,-2.232964,39,real,-1,18
493527,-9.024811,22,synthetic,0,1
493568,3.473321,41,real,-1,20
493600,-17.91343,32,synthetic,0,11
493621,-10.876501,21,synthetic,0,0
493645,-36.536835,24,synthetic,2,3
493667,-26.937832,22,synthetic,2,1
493707,-7.342375,40,real,-1,19
493728,-2.047589,21,real,-1,0
493759,-1.709207,31,real,-1,10
493783,-1.884369,24,real,-1,3
493821,-14.990168,38,synthetic,0,17
493852,-18.914336,31,synthetic,1,10
493882,-3.255152,30,real,-1,9
493915,-3.927176,33,real,-1,12
493953,-1.92259,38,real,-1,17
493993,-35.174019,40,synthetic,1,19
494014,-4.046971,21,real,-1,0
494049,-16.902379,35,synthetic,0,14
494082,-3.247659,33,real,-1,12
494120,-12.515878,38,synthetic,0,17
494144,-2.943515,24,real,-1,3
494175,-2.121651,31,real,-1,10
494197,-0.053281,22,real,-1,1
494219,-0.889265,22,real,-1,1
494258,8.050405,39,real,-1,18
494280,-27.708446,22,synthetic,2,1
494304,-1.403458,24,real,-1,3
494341,-3.889615,37,real,-1,16
494373,-2.269446,32,real,-1,11
494402,-4.314504,29,real,-1,8
494438,-19.751779,36,synthetic,2,15
494465,-0.367636,27,real,-1,6
494492,-22.323112,27,synthetic,1,6
494525,-4.034696,33,real,-1,12
494548,0.832164,23,real,-1,2
494576,-23.190089,28,synthetic,2,7
494598,-35.248045,22,synthetic,2,1
494632,1.992,34,real,-1,13
494670,-0.058915,38,real,-1,17
494705,-43.644076,35,synthetic,2,14
494739,-7.417577,34,real,-1,13
494781,-3.46041,42,real,-1,21
494819,-2.970406,38,real,-1,17
494857,-21.54194,38,synthetic,1,17
494899,-2.827313,42,real,-1,21
494933,0.50599,34,real,-1,13
494975,-22.851802,42,synthetic,1,21
495005,-22.985601,30,synthetic,1,9
495028,-12.637084,23,synthetic,0,2
495051,-15.106747,23,synthetic,0,2
495073,-25.463763,22,synthetic,1,1
495109,-0.388131,36,real,-1,15
495131,-41.320359,22,synthetic,2,1
495152,-8.422212,21,real,-1,0
495178,3.585172,26,real,-1,5
495215,-14.489081,37,synthetic,0,16
495247,-10.270235,32,synthetic,0,11
495269,-0.844579,22,real,-1,1
495298,-26.51037,29,synthetic,1,8
495332,-4.459938,34,real,-1,13
495373,-11.729434,41,real,-1,20
495414,-6.315195,41,real,-1,20
495454,-9.351367,40,real,-1,19
495488,-28.768421,34,synthetic,1,13
495519,-25.891309,31,synthetic,2,10
495548,-12.684527,29,real,-1,8
495583,-5.990539,35,real,-1,14
495617,-44.7774,34,synthetic,2,13
495650,-3.393433,33,real,-1,12
495682,5.089127,32,real,-1,11
495709,-31.83798,27,synthetic,2,6
495737,-5.669941,28,synthetic,0,7
495763,-11.301074,26,synthetic,0,5
495800,-4.86191,37,real,-1,16
495842,-29.301075,42,synthetic,1,21
495870,-19.846237,28,synthetic,1,7
495911,-13.351323,41,synthetic,0,20
495941,-3.316088,30,real,-1,9
495980,-44.555201,39,synthetic,2,18
496006,-2.281263,26,real,-1,5
496035,-8.650506,29,real,-1,8
496056,3.000082,21,real,-1,0
496084,-11.332203,28,synthetic,0,7
496111,-10.173069,27,real,-1,6
496144,-9.319905,33,synthetic,0,12
496185,-0.516398,41,real,-1,20
496222,-19.588762,37,synthetic,0,16
496252,-37.307353,30,synthetic,2,9
496274,-14.952476,22,synthetic,0,1
496311,-8.272561,37,real,-1,16
496338,-26.201956,27,synthetic,1,6
496380,1.823561,42,real,-1,21
496415,-0.73218,35,real,-1,14
496448,-29.608471,33,synthetic,1,12
496474,-8.231607,26,real,-1,5
496508,-30.276359,34,synthetic,1,13
496533,-12.809215,25,synthetic,0,4
496560,-19.132442,27,synthetic,1,6
496601,-7.734746,41,real,-1,20
496637,-3.692453,36,real,-1,15
496679,-2.343559,42,real,-1,21
496702,-4.547443,23,real,-1,2
496729,-1.669528,27,real,-1,6
496766,-33.134724,37,synthetic,1,16
496799,-1.197872,33,real,-1,12
496826,6.011207,27,real,-1,6
496850,-1.190898,24,real,-1,3
496873,-16.579707,23,synthetic,0,2
496914,-28.727012,41,synthetic,2,20
496935,-13.446324,21,synthetic,0,0
496957,-10.815218,22,synthetic,0,1
496999,-30.694971,42,synthetic,1,21
497028,-5.519501,29,real,-1,8
497055,-8.212615,27,synthetic,0,6
497078,-4.702324,23,real,-1,2
497108,-34.556767,30,synthetic,2,9
497136,-1.595044,28,real,-1,7
497169,-3.807605,33,real,-1,12
497210,-2.507444,41,real,-1,20
497246,-29.994661,36,synthetic,1,15
497272,-1.493033,26,real,-1,5
497307,-9.49234,35,real,-1,14
497337,-5.61837,30,real,-1,9
497366,-11.759605,29,synthetic,0,8
497395,-9.610381,29,real,-1,8
497432,-34.445588,37,synthetic,2,16
497467,-1.977827,35,real,-1,14
497488,-22.048785,21,synthetic,1,0
497525,-3.697367,37,real,-1,16
497567,-30.993182,42,synthetic,2,21
497597,-5.593292,30,real,-1,9
497635,-8.067943,38,real,-1,17
497672,-4.670128,37,real,-1,16
497711,-0.935518,39,real,-1,18
497735,-5.004634,24,real,-1,3
497774,-4.806981,39,real,-1,18
497803,-3.755426,29,real,-1,8
497824,-4.270044,21,real,-1,0
497863,-11.292338,39,real,-1,18
497899,-4.673065,36,real,-1,15
497932,-5.765901,33,real,-1,12
497972,0.082623,40,real,-1,19
498007,-25.443634,35,synthetic,1,14
498038,-0.537268,31,real,-1,10
498080,-0.817965,42,real,-1,21
498105,-24.610474,25,synthetic,1,4
498126,1.353963,21,real,-1,0
498164,-5.709124,38,real,-1,17
498204,-9.575147,40,real,-1,19
498246,-9.097835,42,synthetic,0,21
498278,-15.322551,32,synthetic,0,11
498303,-2.741278,25,real,-1,4
498325,-6.542478,22,real,-1,1
498347,-28.543148,22,synthetic,1,1
498382,-2.604163,35,real,-1,14
498410,-28.606185,28,synthetic,2,7
498438,-52.008274,28,synthetic,2,7
498476,-12.861099,38,synthetic,0,17
498503,1.090509,27,real,-1,6
498544,-25.231016,41,synthetic,1,20
498574,-20.449382,30,synthetic,1,9
498608,-40.29017,34,synthetic,2,13
498635,-3.365512,27,real,-1,6
498675,-8.83795,40,real,-1,19
498701,-43.011568,26,synthetic,2,5
498724,-28.972772,23,synthetic,1,2
498760,-7.676313,36,real,-1,15
498800,-28.341421,40,synthetic,2,19
498826,-1.877571,26,real,-1,5
498861,-2.899059,35,real,-1,14
498884,-1.926319,23,real,-1,2
498911,-34.341727,27,synthetic,2,6
498942,-24.677559,31,synthetic,1,10
498965,0.801415,23,real,-1,2
498991,-9.348525,26,synthetic,0,5
499026,-13.450509,35,synthetic,0,14
499060,-4.551582,34,real,-1,13
499100,-30.103503,40,synthetic,2,19
499122,-11.924123,22,synthetic,0,1
499159,-4.293544,37,real,-1,16
499197,-28.059295,38,synthetic,1,17
499227,-13.054211,30,synthetic,0,9
499249,-21.943467,22,synthetic,1,1
499276,-5.371347,27,real,-1,6
499297,-36.990879,21,synthetic,2,0
499329,-19.686118,32,synthetic,1,11
499368,-4.145426,39,real,-1,18
499390,-29.901901,22,synthetic,1,1
499422,-0.272626,32,real,-1,11
499452,-28.11027,30,synthetic,1,9
499480,-26.206694,28,synthetic,1,7
499516,-12.760455,36,synthetic,0,15
499548,-35.251726,32,synthetic,2,11
499586,-33.211936,38,synthetic,2,17
499622,-32.702122,36,synthetic,2,15
499650,-19.672731,28,synthetic,1,7
499689,-30.037225,39,synthetic,2,18
499713,-10.297535,24,synthetic,0,3
499737,-39.863687,24,synthetic,2,3
499767,-0.200776,30,real,-1,9
499806,-5.881498,39,real,-1,18
499836,-0.222901,30,real,-1,9
499864,-7.898773,28,real,-1,7
499886,-24.846425,22,synthetic,2,1
499910,-0.101825,24,real,-1,3
499938,-3.897076,28,real,-1,7
499960,-5.924705,22,real,-1,1
499988,-2.792964,28,real,-1,7
500009,2.940064,21,real,-1,0
500049,-5.224641,40,real,-1,19
500084,-25.598836,35,synthetic,1,14
500114,-11.540244,30,synthetic,0,9
500150,-41.292935,36,synthetic,2,15
500177,3.878224,27,real,-1,6
500210,-36.555696,33,synthetic,2,12
500244,-3.03456,34,real,-1,13
500283,-1.839936,39,real,-1,18
500307,-8.798439,24,synthetic,0,3
500330,-4.912857,23,real,-1,2
500360,-5.854168,30,real,-1,9
500393,-19.941634,33,synthetic,1,12
500426,-12.998055,33,synthetic,0,12
500463,-12.404686,37,real,-1,16
500492,-13.045024,29,synthetic,0,8
500534,-33.586767,42,synthetic,2,21
500557,-32.034341,23,synthetic,2,2
500581,-24.425655,24,synthetic,1,3
500613,-6.395523,32,real,-1,11
500648,-13.271702,35,synthetic,0,14
500690,-4.075528,42,real,-1,21
500711,-38.777144,21,synthetic,2,0
500744,-31.131359,33,synthetic,2,12
500782,-29.750629,38,synthetic,2,17
500824,-7.591668,42,real,-1,21
500848,-30.790834,24,synthetic,2,3
500869,-39.33226,21,synthetic,2,0
500897,-35.560307,28,synthetic,2,7
500923,-1.819456,26,real,-1,5
500952,-14.153265,29,synthetic,0,8
500979,-32.274785,27,synthetic,2,6
501015,-23.975713,36,synthetic,1,15
501056,-3.535396,41,real,-1,20
501081,-28.968756,25,synthetic,1,4
501107,-42.302606,26,synthetic,2,5
501145,-5.886113,38,real,-1,17
501182,-5.988568,37,real,-1,16
501212,-37.341348,30,synthetic,2,9
501248,-6.132251,36,real,-1,15
501279,0.673873,31,real,-1,10
501309,-31.457596,30,synthetic,1,9
501335,-5.499179,26,real,-1,5
501357,-5.125133,22,real,-1,1
501380,-4.13132,23,real,-1,2
501416,-0.800611,36,real,-1,15
501456,-23.658135,40,synthetic,1,19
501497,-23.711018,41,synthetic,1,20
501518,-10.391567,21,synthetic,0,0
501552,-3.844914,34,real,-1,13
501578,-17.395357,26,synthetic,0,5
501617,-3.898632,39,synthetic,0,18
501656,-3.216376,39,real,-1,18
501683,-25.487672,27,synthetic,2,6
501720,-19.664669,37,synthetic,0,16
501752,-5.686349,32,synthetic,0,11
501779,-1.495662,27,real,-1,6
501804,3.408214,25,real,-1,4
501838,-16.541136,34,synthetic,0,13
501870,-11.93009,32,synthetic,0,11
501906,-13.041113,36,synthetic,0,15
501941,-2.509747,35,real,-1,14
501982,-0.346983,41,real,-1,20
502005,-7.01166,23,synthetic,0,2
502046,-3.537109,41,real,-1,20
502084,-30.247081,38,synthetic,2,17
502109,-22.7971,25,synthetic,1,4
502136,-3.814966,27,real,-1,6
502175,-10.675399,39,synthetic,0,18
502212,-12.831489,37,synthetic,0,16
502239,4.501941,27,real,-1,6
502281,3.670979,42,real,-1,21
502322,-39.930101,41,synthetic,2,20
502363,-35.378014,41,synthetic,2,20
502398,0.097203,35,real,-1,14
502422,-23.217772,24,synthetic,2,3
502448,2.400004,26,real,-1,5
502483,-18.006631,35,synthetic,1,14
502504,-3.208953,21,real,-1,0
502538,-4.094883,34,real,-1,13
502564,-3.229011,26,real,-1,5
502596,6.393037,32,real,-1,11
502624,-2.957146,28,real,-1,7
502646,-2.01571,22,real,-1,1
502678,-5.658552,32,real,-1,11
502711,3.589515,33,real,-1,12
502738,-25.836778,27,synthetic,1,6
502768,-13.83723,30,synthetic,0,9
502798,-28.050344,30,synthetic,2,9
502826,1.671343,28,real,-1,7
502863,-10.977158,37,synthetic,0,16
502901,-6.462822,38,real,-1,17
502942,-10.420705,41,synthetic,0,20
502983,-8.685056,41,real,-1,20
503005,0.799465,22,real,-1,1
503030,-3.800417,25,real,-1,4
503051,-2.137184,21,real,-1,0
503090,-15.587143,39,synthetic,1,18
503129,-16.319769,39,synthetic,0,18
503154,-30.82032,25,synthetic,2,4
503186,-3.938356,32,real,-1,11
503209,-2.370368,23,real,-1,2
503237,-9.124533,28,real,-1,7
503259,-18.171196,22,synthetic,1,1
503283,-19.440692,24,synthetic,0,3
503307,-29.61963,24,synthetic,1,3
503333,-25.367284,26,synthetic,1,5
503373,0.053097,40,real,-1,19
503405,-23.251282,32,synthetic,1,11
503431,-1.475469,26,real,-1,5
503462,-3.681757,31,real,-1,10
503498,-12.663605,36,synthetic,0,15
503521,-16.229964,23,synthetic,1,2
503554,-1.590595,33,real,-1,12
503585,-38.262422,31,synthetic,2,10
503623,-49.244458,38,synthetic,2,17
503652,0.097335,29,real,-1,8
503682,-29.071289,30,synthetic,2,9
503722,-50.292124,40,synthetic,2,19
503764,-17.087277,42,synthetic,0,21
503804,-10.85574,40,synthetic,0,19
503844,-16.66988,40,synthetic,0,19
503881,-6.264145,37,real,-1,16
503916,-1.974576,35,real,-1,14
503951,-7.295533,35,real,-1,14
503982,-20.597367,31,synthetic,1,10
504012,-3.903144,30,real,-1,9
504033,-15.987524,21,synthetic,0,0
504073,2.342839,40,real,-1,19
504113,-7.588854,40,real,-1,19
504148,-13.305582,35,synthetic,0,14
504181,-18.848787,33,synthetic,1,12
504220,2.167567,39,real,-1,18
504247,-5.639656,27,real,-1,6
504284,6.996948,37,real,-1,16
504312,-6.314541,28,real,-1,7
504341,-42.573018,29,synthetic,2,8
504362,-16.24803,21,synthetic,1,0
504390,-11.928886,28,synthetic,0,7
504431,-34.878319,41,synthetic,2,20
504454,-33.699891,23,synthetic,1,2
504486,0.242585,32,real,-1,11
504509,-3.00567,23,real,-1,2
504532,-24.633972,23,synthetic,1,2
504562,-21.428018,30,synthetic,0,9
504598,-1.570469,36,real,-1,15
504633,-19.134658,35,synthetic,1,14
504655,-8.087316,22,real,-1,1
504677,-36.63083,22,synthetic,2,1
504716,-22.030351,39,synthetic,1,18
504743,-17.237482,27,synthetic,0,6
504774,-33.90162,31,synthetic,2,10
504796,2.566872,22,real,-1,1
504817,-12.350248,21,synthetic,0,0
504839,4.681324,22,real,-1,1
504877,-2.129233,38,real,-1,17
504917,-14.349992,40,synthetic,0,19
504956,-31.741212,39,synthetic,1,18
504992,-38.869172,36,synthetic,2,15
505029,-2.495353,37,real,-1,16
505068,-5.307272,39,real,-1,18
505090,5.084041,22,real,-1,1
505132,-28.058185,42,synthetic,1,21
505170,-11.391942,38,synthetic,0,17
505209,-28.210247,39,synthetic,1,18
505247,-8.369419,38,real,-1,17
505287,-0.041088,40,real,-1,19
505315,-22.117014,28,synthetic,1,7
505348,-18.797683,33,synthetic,1,12
505389,-13.819362,41,synthetic,0,20
505422,-1.670897,33,real,-1,12
505461,-6.298634,39,real,-1,18
505483,-4.440664,22,real,-1,1
505504,-40.697055,21,synthetic,2,0
505536,-10.83947,32,real,-1,11
505568,-1.945949,32,real,-1,11
505595,-1.231827,27,real,-1,6
505632,5.499772,37,real,-1,16
505658,-28.407334,26,synthetic,1,5
505689,-11.833423,31,synthetic,0,10
505726,-27.333881,37,synthetic,1,16
505752,5.321409,26,real,-1,5
505780,-3.4666,28,real,-1,7
505808,-7.005984,28,real,-1,7
505838,-1.219429,30,real,-1,9
505873,-7.633776,35,real,-1,14
505895,-2.633341,22,real,-1,1
505927,-9.952526,32,synthetic,0,11
505966,-3.418094,39,real,-1,18
505996,-6.725915,30,real,-1,9
506017,1.328082,21,real,-1,0
506048,-3.809768,31,real,-1,10
506077,-10.710944,29,synthetic,0,8
506109,-17.75288,32,synthetic,0,11
506136,-5.255423,27,real,-1,6
506176,-31.153047,40,synthetic,2,19
506215,-28.592595,39,synthetic,2,18
506236,-29.42794,21,synthetic,1,0
506276,0.556486,40,real,-1,19
506317,-17.986231,41,synthetic,1,20
506339,-2.599051,22,real,-1,1
506370,-39.3585,31,synthetic,2,10
506409,-15.954963,39,real,-1,18
506436,-36.115892,27,synthetic,2,6
506462,-4.026831,26,real,-1,5
506484,-15.336139,22,synthetic,0,1
506507,-12.296858,23,synthetic,0,2
506537,-17.432139,30,synthetic,0,9
506560,-3.57303,23,real,-1,2
506583,-1.314958,23,real,-1,2
506607,-27.460943,24,synthetic,1,3
506641,-5.989995,34,synthetic,0,13
506681,-6.910446,40,real,-1,19
506722,-39.117994,41,synthetic,2,20
506760,-6.154738,38,real,-1,17
506798,-17.678848,38,synthetic,0,17
506835,-4.117382,37,real,-1,16
506865,-26.028453,30,synthetic,1,9
506904,-23.171992,39,synthetic,1,18
506930,-2.026037,26,real,-1,5
506964,-11.660379,34,synthetic,0,13
506987,-4.874008,23,real,-1,2
507019,-2.581414,32,real,-1,11
507055,-7.949246,36,real,-1,15
507092,-10.412385,37,synthetic,0,16
507134,-0.613579,42,real,-1,21
507159,-5.256766,25,real,-1,4
507198,-29.178181,39,synthetic,1,18
507231,-5.196778,33,real,-1,12
507255,-5.436144,24,real,-1,3
507285,1.11538,30,real,-1,9
507327,4.636179,42,real,-1,21
507359,-33.527962,32,synthetic,1,11
507401,-19.379929,42,synthetic,1,21
507435,-28.827304,34,synthetic,1,13
507474,-17.750229,39,synthetic,1,18
507510,-8.335789,36,real,-1,15
507531,-31.239231,21,synthetic,1,0
507570,-49.125148,39,synthetic,2,18
507603,-12.359033,33,synthetic,0,12
507624,-21.389634,21,synthetic,1,0
507658,-44.408856,34,synthetic,2,13
507694,-24.801442,36,synthetic,2,15
507718,-21.360235,24,synthetic,1,3
507739,-3.033834,21,real,-1,0
507769,-4.115066,30,real,-1,9
507793,-1.127296,24,real,-1,3
507830,-6.083126,37,real,-1,16
507856,-25.552824,26,synthetic,1,5
507892,-7.234949,36,synthetic,0,15
507922,-30.762415,30,synthetic,2,9
507961,-46.308576,39,synthetic,2,18
507999,1.635486,38,real,-1,17
508041,-13.63333,42,synthetic,0,21
508069,-0.979214,28,real,-1,7
508094,-12.81555,25,synthetic,0,4
508116,-37.126297,22,synthetic,2,1
508151,0.471314,35,real,-1,14
508183,-31.683666,32,synthetic,1,11
508215,-23.657328,32,synthetic,1,11
508243,2.310274,28,real,-1,7
508266,-11.660232,23,real,-1,2
508306,-4.727941,40,real,-1,19
508338,-3.462182,32,real,-1,11
508370,2.623643,32,real,-1,11
508404,-1.692116,34,real,-1,13
508438,-44.548305,34,synthetic,2,13
508469,-14.177641,31,synthetic,0,10
508508,-37.316412,39,synthetic,2,18
508549,-30.855398,41,synthetic,2,20
508591,-1.271667,42,real,-1,21
508617,-28.093038,26,synthetic,1,5
508642,-3.011671,25,real,-1,4
508667,-31.212465,25,synthetic,2,4
508698,1.630359,31,real,-1,10
508737,-5.21813,39,real,-1,18
508777,-4.176087,40,real,-1,19
508815,-9.075614,38,real,-1,17
508851,-8.231257,36,real,-1,15
508875,-10.671645,24,synthetic,0,3
508917,-7.744563,42,real,-1,21
508951,-26.170973,34,synthetic,1,13
508977,-15.187507,26,synthetic,1,5
509000,-20.465602,23,synthetic,1,2
509021,-0.840555,21,real,-1,0
509061,-1.850586,40,real,-1,19
509097,-21.086906,36,synthetic,1,15
509120,-5.546185,23,real,-1,2
509143,2.022849,23,real,-1,2
509177,-10.931678,34,real,-1,13
509218,-13.384946,41,synthetic,0,20
509243,3.473099,25,real,-1,4
509285,-5.726071,42,real,-1,21
509318,-9.163784,33,synthetic,0,12
509358,-7.691073,40,real,-1,19
509384,-24.84343,26,synthetic,1,5
509412,-14.073098,28,synthetic,0,7
509437,-1.556338,25,real,-1,4
509467,-6.80864,30,real,-1,9
509488,-27.817011,21,synthetic,1,0
509530,-8.942593,42,real,-1,21
509565,-6.00592,35,real,-1,14
509601,-3.549381,36,real,-1,15
509629,-3.854305,28,real,-1,7
509664,-41.777501,35,synthetic,2,14
509685,-48.617281,21,synthetic,2,0
509712,-2.611328,27,real,-1,6
509737,-8.925884,25,synthetic,0,4
509772,-1.965232,35,synthetic,0,14
509793,-39.302623,21,synthetic,2,0
509835,-18.670897,42,synthetic,1,21
509856,-2.107054,21,real,-1,0
509877,-27.22991,21,synthetic,2,0
509913,-35.558917,36,synthetic,2,15
509946,-24.284337,33,synthetic,1,12
509967,-7.917447,21,real,-1,0
509998,-29.644076,31,synthetic,2,10
510028,-4.242913,30,real,-1,9
510066,-9.301046,38,real,-1,17
510092,-15.551218,26,real,-1,5
510122,-3.381514,30,real,-1,9
510162,-37.140677,40,synthetic,2,19
510197,-33.182577,35,synthetic,2,14
510228,-42.47039,31,synthetic,2,10
510249,-18.989037,21,synthetic,1,0
510270,-26.904199,21,synthetic,1,0
510298,-35.06512,28,synthetic,2,7
510331,1.194219,33,real,-1,12
510355,-37.234954,24,synthetic,2,3
510389,-20.219692,34,synthetic,1,13
510426,-33.038108,37,synthetic,1,16
510461,-21.44299,35,synthetic,0,14
510494,-17.883274,33,synthetic,1,12
510517,0.123091,23,real,-1,2
510559,-3.207083,42,real,-1,21
510595,-5.351861,36,real,-1,15
510624,-41.149419,29,synthetic,2,8
510653,-1.37051,29,real,-1,8
510692,0.599432,39,real,-1,18
510719,-2.185968,27,real,-1,6
510742,-11.715463,23,synthetic,0,2
510778,-36.010172,36,synthetic,2,15
510804,-2.585741,26,real,-1,5
510846,-10.572409,42,real,-1,21
510884,-11.499085,38,real,-1,17
510915,-3.344607,31,real,-1,10
510951,1.51519,36,real,-1,15
510973,-27.300493,22,synthetic,1,1
511007,-2.514372,34,real,-1,13
511037,-13.138771,30,synthetic,0,9
511070,-2.650999,33,real,-1,12
511100,-9.652371,30,synthetic,0,9
511141,-4.186196,41,real,-1,20
511169,-1.045155,28,real,-1,7
511203,-25.929446,34,synthetic,2,13
511242,-6.290642,39,real,-1,18
511276,-39.29879,34,synthetic,2,13
511299,-10.441899,23,synthetic,0,2
511331,-6.647995,32,real,-1,11
511362,-9.06967,31,synthetic,0,10
511393,-27.254809,31,synthetic,1,10
511430,-43.736551,37,synthetic,2,16
511462,-1.851792,32,real,-1,11
511491,-34.039143,29,synthetic,2,8
511528,-11.326916,37,synthetic,0,16
511557,-19.570254,29,synthetic,1,8
511592,-0.521493,35,real,-1,14
511616,-17.418507,24,synthetic,0,3
511637,-34.766199,21,synthetic,2,0
511668,-40.795958,31,synthetic,2,10
511693,-20.935407,25,synthetic,1,4
511735,-3.066017,42,real,-1,21
511762,-3.863559,27,real,-1,6
511802,-32.762856,40,synthetic,2,19
511832,3.826932,30,real,-1,9
511854,-39.244563,22,synthetic,2,1
511888,-43.339807,34,synthetic,2,13
511913,-2.20377,25,real,-1,4
511953,2.106636,40,real,-1,19
511984,5.806347,31,real,-1,10
512021,-16.168912,37,synthetic,0,16
512056,2.049708,35,real,-1,14
512090,-26.801721,34,synthetic,2,13
512128,-18.346535,38,synthetic,1,17
512162,-7.911186,34,synthetic,0,13
512204,2.535645,42,real,-1,21
512245,-4.787051,41,real,-1,20
512287,-14.033355,42,synthetic,1,21
512317,-5.016029,30,real,-1,9
512345,-2.009868,28,real,-1,7
512370,-8.815418,25,synthetic,0,4
512395,-36.698049,25,synthetic,2,4
512423,-0.530501,28,real,-1,7
512454,-9.712857,31,synthetic,0,10
512481,-5.142628,27,real,-1,6
512509,4.395955,28,real,-1,7
512535,-19.537972,26,synthetic,0,5
512560,-2.517422,25,real,-1,4
512588,-35.336731,28,synthetic,2,7
512629,-4.041257,41,real,-1,20
512658,4.03116,29,real,-1,8
512697,0.827972,39,real,-1,18
512720,-40.289438,23,synthetic,2,2
512748,-11.046244,28,real,-1,7
512782,-0.493603,34,real,-1,13
512805,3.458981,23,real,-1,2
512827,-2.365136,22,real,-1,1
512862,-7.887303,35,real,-1,14
512891,-3.511076,29,real,-1,8
512926,-10.753189,35,synthetic,0,14
512952,-39.94216,26,synthetic,2,5
512993,-19.293611,41,synthetic,1,20
513017,-12.030402,24,synthetic,0,3
513053,-37.250689,36,synthetic,2,15
513083,-3.236165,30,real,-1,9
513117,-35.532697,34,synthetic,2,13
513159,-1.066405,42,real,-1,21
513195,-14.798298,36,synthetic,1,15
513217,-12.261433,22,synthetic,0,1
513246,-4.139515,29,real,-1,8
513270,-5.775082,24,synthetic,0,3
513303,-0.82716,33,real,-1,12
513333,-3.294978,30,real,-1,9
513369,-11.032232,36,real,-1,15
513402,4.051683,33,real,-1,12
513440,-5.714386,38,real,-1,17
513472,0.920192,32,real,-1,11
513505,-6.164405,33,real,-1,12
513538,-13.269942,33,synthetic,1,12
513575,-11.063255,37,synthetic,0,16
513609,-32.543182,34,synthetic,2,13
513647,-29.427393,38,synthetic,1,17
513685,-0.584481,38,real,-1,17
513717,-0.074969,32,real,-1,11
513739,-35.34204,22,synthetic,2,1
513781,-0.825428,42,real,-1,21
513812,-19.125919,31,synthetic,1,10
513852,-8.114259,40,real,-1,19
513890,-31.209961,38,synthetic,1,17
513931,-38.17053,41,synthetic,2,20
513965,-31.260734,34,synthetic,2,13
513989,-6.088195,24,real,-1,3
514021,-2.251694,32,real,-1,11
514049,-1.844205,28,real,-1,7
514071,-14.412043,22,synthetic,0,1
514111,-1.470695,40,real,-1,19
514143,-39.871792,32,synthetic,2,11
514182,-5.647083,39,real,-1,18
514209,-20.719499,27,synthetic,1,6
514248,-1.97181,39,real,-1,18
514270,-19.369517,22,synthetic,1,1
514292,2.460007,22,real,-1,1
514320,-3.158141,28,real,-1,7
514359,-18.983413,39,synthetic,1,18
514396,-14.071725,37,synthetic,0,16
514420,-29.619125,24,synthetic,2,3
514443,-43.353544,23,synthetic,2,2
514479,-12.040056,36,synthetic,0,15
514510,8.075663,31,real,-1,10
514551,-0.298607,41,real,-1,20
514583,-15.72956,32,synthetic,0,11
514606,-11.624595,23,synthetic,0,2
514630,-5.403747,24,real,-1,3
514661,-5.737933,31,real,-1,10
514688,-26.4312,27,synthetic,1,6
514717,-6.681077,29,real,-1,8
514739,1.573824,22,real,-1,1
514779,-6.882385,40,synthetic,0,19
514820,-42.625852,41,synthetic,2,20
514844,-11.770985,24,synthetic,0,3
514881,-6.004578,37,real,-1,16
514921,-28.053904,40,synthetic,1,19
514944,0.793673,23,real,-1,2
514979,-3.469898,35,real,-1,14
515001,6.847405,22,real,-1,1
515033,-0.139057,32,real,-1,11
515058,-0.550121,25,real,-1,4
515079,-4.706051,21,real,-1,0
515119,-13.926905,40,real,-1,19
515153,-5.087065,34,real,-1,13
515182,-4.509897,29,real,-1,8
515203,1.359687,21,real,-1,0
515225,-6.147639,22,real,-1,1
515254,3.944496,29,real,-1,8
515288,-2.273969,34,real,-1,13
515316,-28.552176,28,synthetic,1,7
515351,1.187362,35,real,-1,14
515388,-27.294314,37,synthetic,1,16
515415,-12.418472,27,synthetic,0,6
515454,-26.660281,39,synthetic,2,18
515484,-3.237136,30,real,-1,9
515515,0.962675,31,real,-1,10
515536,-0.942389,21,real,-1,0
515572,-3.440821,36,real,-1,15
515606,-2.101283,34,real,-1,13
515630,-2.137178,24,real,-1,3
515668,-5.534661,38,real,-1,17
515703,-2.152426,35,real,-1,14
515744,-0.19572,41,real,-1,20
515781,-18.531343,37,synthetic,0,16
515806,-32.43339,25,synthetic,1,4
515834,-8.456166,28,real,-1,7
515874,-8.240574,40,real,-1,19
515896,-24.675119,22,synthetic,1,1
515931,-13.216559,35,synthetic,0,14
515953,-4.594361,22,real,-1,1
515981,-13.146561,28,synthetic,0,7
516017,-0.644007,36,real,-1,15
516040,-23.287174,23,synthetic,1,2
516065,1.597066,25,real,-1,4
516105,-33.415502,40,synthetic,2,19
516137,-2.302796,32,real,-1,11
516163,-3.227897,26,real,-1,5
516194,-39.657946,31,synthetic,2,10
516225,-3.405994,31,real,-1,10
516267,-8.752378,42,real,-1,21
516289,-6.063364,22,real,-1,1
516328,-1.757359,39,real,-1,18
516368,-27.078559,40,synthetic,2,19
516396,-32.880457,28,synthetic,2,7
516423,-23.559035,27,synthetic,1,6
516460,-0.194195,37,real,-1,16
516499,-3.2103,39,synthetic,0,18
516534,-1.479131,35,real,-1,14
516560,0.353097,26,real,-1,5
516596,-1.192734,36,real,-1,15
516628,-10.956544,32,synthetic,0,11
516664,0.654006,36,real,-1,15
516688,-6.941573,24,real,-1,3
516711,-21.892806,23,synthetic,1,2
516747,-8.61345,36,real,-1,15
516770,-26.011331,23,synthetic,1,2
516796,3.077463,26,real,-1,5
516831,-6.536127,35,real,-1,14
516872,0.616579,41,real,-1,20
516897,-14.298641,25,synthetic,0,4
516921,-20.842932,24,synthetic,1,3
516960,-14.636256,39,synthetic,0,18
516981,-3.949678,21,real,-1,0
517016,-26.981558,35,synthetic,1,14
517048,-10.731165,32,synthetic,0,11
517071,-19.64092,23,synthetic,1,2
517092,-13.594738,21,synthetic,0,0
517121,-9.332946,29,real,-1,8
517157,-28.822716,36,synthetic,2,15
517186,-34.303035,29,synthetic,2,8
517223,-36.812253,37,synthetic,2,16
517256,0.660083,33,real,-1,12
517281,-24.446016,25,synthetic,1,4
517322,-2.0297,41,real,-1,20
517353,-27.844027,31,synthetic,2,10
517374,-1.397245,21,real,-1,0
517416,-25.52812,42,synthetic,1,21
517445,0.723875,29,real,-1,8
517466,-6.540192,21,real,-1,0
517489,-42.708088,23,synthetic,2,2
517517,-46.403285,28,synthetic,2,7
517552,-12.954162,35,synthetic,0,14
517578,-32.557779,26,synthetic,1,5
517611,-2.371724,33,real,-1,12
517638,-4.437621,27,real,-1,6
517662,-23.795117,24,synthetic,1,3
517687,-0.778637,25,real,-1,4
517710,-35.895031,23,synthetic,2,2
517733,-17.20858,23,synthetic,0,2
517759,-2.661388,26,real,-1,5
517796,-2.391783,37,real,-1,16
517820,-22.108865,24,synthetic,1,3
517857,-34.67486,37,synthetic,2,16
517883,0.305416,26,real,-1,5
517917,-1.140693,34,real,-1,13
517959,3.105759,42,real,-1,21
517984,-10.620187,25,synthetic,0,4
518020,-25.650312,36,synthetic,1,15
518041,-24.260926,21,synthetic,2,0
518078,-8.176258,37,synthetic,0,16
518110,-6.284304,32,synthetic,0,11
518147,-6.020852,37,real,-1,16
518175,-45.101703,28,synthetic,2,7
518213,-6.430005,38,real,-1,17
518255,-6.528326,42,real,-1,21
518278,-1.109699,23,real,-1,2
518320,-4.304213,42,synthetic,0,21
518361,-38.868485,41,synthetic,2,20
518392,-15.041773,31,real,-1,10
518414,-1.675683,22,real,-1,1
518435,-0.38363,21,real,-1,0
518461,-34.787124,26,synthetic,2,5
518495,-28.841864,34,synthetic,2,13
518525,-24.902522,30,synthetic,1,9
518565,-59.211754,40,synthetic,2,19
518599,-47.278616,34,synthetic,2,13
518628,-44.843733,29,synthetic,2,8
518665,-4.757941,37,real,-1,16
518707,-4.323352,42,real,-1,21
518745,-1.672351,38,real,-1,17
518775,-4.439964,30,real,-1,9
518806,-13.035561,31,real,-1,10
518845,-11.221182,39,real,-1,18
518867,-3.932266,22,real,-1,1
518891,-37.01482,24,synthetic,2,3
518914,-13.181306,23,synthetic,1,2
518952,-15.65284,38,synthetic,1,17
518989,-21.067689,37,synthetic,1,16
519015,-11.884323,26,synthetic,0,5
519044,-26.572347,29,synthetic,1,8
519077,-31.209847,33,synthetic,2,12
519119,-14.949997,42,synthetic,0,21
519140,4.048095,21,real,-1,0
519171,-16.970679,31,synthetic,0,10
519212,6.154956,41,real,-1,20
519243,-10.783125,31,synthetic,0,10
519268,-18.545948,25,synthetic,1,4
519297,1.266016,29,real,-1,8
519326,-3.602808,29,real,-1,8
519361,3.653125,35,real,-1,14
519394,-20.798393,33,synthetic,0,12
519423,-1.969192,29,real,-1,8
519465,-23.08036,42,synthetic,1,21
519495,-0.192028,30,real,-1,9
519530,-6.140166,35,real,-1,14
519563,-9.06227,33,synthetic,0,12
519587,1.619537,24,real,-1,3
519611,-2.56288,24,real,-1,3
519632,-28.160661,21,synthetic,1,0
519671,-0.21825,39,real,-1,18
519706,-33.353046,35,synthetic,1,14
519739,-31.56377,33,synthetic,1,12
519776,-10.616237,37,real,-1,16
519806,-36.789906,30,synthetic,2,9
519831,-4.224689,25,real,-1,4
519854,-13.011141,23,synthetic,0,2
519885,-0.494525,31,real,-1,10
519926,-0.85247,41,real,-1,20
519950,-8.337902,24,real,-1,3
519980,0.424305,30,real,-1,9
520016,-2.762059,36,real,-1,15
520057,-37.79585,41,synthetic,2,20
520093,-16.953134,36,synthetic,1,15
520123,8.083987,30,real,-1,9
520163,-19.249922,40,synthetic,0,19
520185,-5.194312,22,real,-1,1
520224,-4.839122,39,real,-1,18
520257,-0.117656,33,real,-1,12
520279,-18.372669,22,synthetic,0,1
520311,-5.125011,32,real,-1,11
520339,-37.876105,28,synthetic,2,7
520372,-9.445533,33,synthetic,0,12
520406,-11.954867,34,real,-1,13
520428,-11.584778,22,synthetic,0,1
520453,-42.26031,25,synthetic,2,4
520489,2.234354,36,real,-1,15
520531,-1.622323,42,real,-1,21
520564,3.703828,33,real,-1,12
520593,-3.091746,29,real,-1,8
520629,-39.808667,36,synthetic,2,15
520655,-31.02485,26,synthetic,2,5
520683,-25.60966,28,synthetic,1,7
520713,-42.975495,30,synthetic,2,9
520743,-0.434447,30,real,-1,9
520775,-7.899967,32,real,-1,11
520807,-18.272226,32,synthetic,1,11
520838,-5.793882,31,real,-1,10
520879,-8.030774,41,real,-1,20
520912,-17.719124,33,synthetic,1,12
520942,-34.145607,30,synthetic,2,9
520979,-9.142346,37,real,-1,16
521019,-33.712475,40,synthetic,2,19
521043,-0.95308,24,real,-1,3
521077,-34.600395,34,synthetic,2,13
521115,-0.020106,38,real,-1,17
521138,-21.012367,23,synthetic,1,2
521166,-12.983851,28,synthetic,0,7
521192,0.063351,26,real,-1,5
521220,-26.665975,28,synthetic,1,7
521256,-40.056391,36,synthetic,2,15
521290,-6.300411,34,real,-1,13
521314,-20.13252,24,synthetic,0,3
521346,-15.698659,32,synthetic,0,11
521383,-8.237622,37,real,-1,16
521410,-29.162478,27,synthetic,2,6
521451,-4.441574,41,real,-1,20
521474,-26.288646,23,synthetic,2,2
521510,-6.870215,36,real,-1,15
521547,-43.071109,37,synthetic,2,16
521581,-22.057597,34,synthetic,1,13
521603,-10.521128,22,real,-1,1
521624,-2.479495,21,real,-1,0
521658,2.83511,34,real,-1,13
521700,-14.982957,42,synthetic,0,21
521724,-31.136045,24,synthetic,2,3
521750,0.676108,26,real,-1,5
521771,-0.299865,21,real,-1,0
521804,3.518699,33,real,-1,12
521841,-27.130611,37,synthetic,2,16
521867,-5.837295,26,real,-1,5
521905,-0.969772,38,real,-1,17
521947,-26.462507,42,synthetic,1,21
521968,-7.012978,21,real,-1,0
522003,-7.956826,35,synthetic,0,14
522028,-4.498805,25,real,-1,4
522066,-9.46342,38,synthetic,0,17
522107,-3.426786,41,real,-1,20
522135,0.74102,28,real,-1,7
522168,3.931329,33,real,-1,12
522204,-18.993251,36,synthetic,0,15
522226,-13.804611,22,synthetic,0,1
522248,-4.346077,22,real,-1,1
522288,-0.548401,40,real,-1,19
522322,-46.189663,34,synthetic,2,13
522351,-20.729493,29,synthetic,0,8
522390,-5.34526,39,real,-1,18
522426,-11.658754,36,synthetic,0,15
522468,-25.039127,42,synthetic,1,21
522508,-18.527241,40,synthetic,1,19
522530,-2.259204,22,real,-1,1
522558,-6.02379,28,real,-1,7
522586,-40.140943,28,synthetic,2,7
522609,0.247194,23,real,-1,2
522630,-1.40412,21,real,-1,0
522662,0.296237,32,real,-1,11
522696,-8.016227,34,synthetic,0,13
522720,-5.932937,24,real,-1,3
522753,-4.596657,33,real,-1,12
522791,-5.585223,38,real,-1,17
522816,-2.612455,25,real,-1,4
522847,-37.92093,31,synthetic,2,10
522881,-43.36707,34,synthetic,2,13
522911,-20.11988,30,synthetic,1,9
522936,-15.241233,25,synthetic,0,4
522975,-27.564942,39,synthetic,1,18
523006,-34.418483,31,synthetic,1,10
523037,0.276297,31,real,-1,10
523068,-2.032246,31,real,-1,10
523096,-13.807578,28,synthetic,1,7
523122,-9.366487,26,real,-1,5
523152,-38.199425,30,synthetic,2,9
523177,-32.724276,25,synthetic,2,4
523198,-22.220433,21,synthetic,1,0
523237,-2.850181,39,real,-1,18
523269,-43.976897,32,synthetic,2,11
523295,0.383832,26,real,-1,5
523318,-9.820704,23,synthetic,0,2
523359,-21.775362,41,synthetic,1,20
523397,-4.812681,38,real,-1,17
523429,0.326595,32,real,-1,11
523457,-2.410837,28,real,-1,7
523499,0.37697,42,real,-1,21
523533,-2.974697,34,real,-1,13
523555,-11.440488,22,synthetic,0,1
523585,-27.926374,30,synthetic,1,9
523608,-22.808367,23,synthetic,1,2
523637,0.40299,29,real,-1,8
523660,0.90716,23,real,-1,2
523689,-42.383177,29,synthetic,2,8
523712,-6.497178,23,synthetic,0,2
523733,-27.932323,21,synthetic,1,0
523768,-11.730509,35,synthetic,0,14
523807,-25.52992,39,synthetic,1,18
523838,0.585323,31,real,-1,10
523860,-33.052426,22,synthetic,2,1
523896,-30.783259,36,synthetic,1,15
523923,-31.609938,27,synthetic,2,6
523944,-19.723055,21,synthetic,1,0
523972,-27.813076,28,synthetic,1,7
524003,-4.42641,31,real,-1,10
524036,1.674286,33,real,-1,12
524059,-32.565872,23,synthetic,2,2
524092,-14.080135,33,synthetic,1,12
524113,-1.988299,21,real,-1,0
524135,-2.41735,22,real,-1,1
524167,-24.152291,32,synthetic,1,11
524192,-34.312122,25,synthetic,2,4
524225,-11.938159,33,synthetic,0,12
524263,-13.280151,38,synthetic,0,17
524284,-9.267471,21,synthetic,0,0
524320,5.147248,36,real,-1,15
524362,1.745811,42,real,-1,21
524400,-0.950479,38,real,-1,17
524426,-36.2386,26,synthetic,2,5
524462,-38.677042,36,synthetic,2,15
524490,2.204315,28,real,-1,7
524524,-29.967975,34,synthetic,2,13
524561,-15.827293,37,synthetic,1,16
524600,0.7692,39,real,-1,18
524624,-29.481582,24,synthetic,2,3
524647,1.217777,23,real,-1,2
524671,-3.379319,24,real,-1,3
524709,-33.563311,38,synthetic,2,17
524734,-22.597164,25,synthetic,1,4
524775,-5.266075,41,real,-1,20
524801,-2.964373,26,real,-1,5
524831,-41.210736,30,synthetic,2,9
524865,-14.881552,34,synthetic,0,13
524905,-20.062839,40,synthetic,1,19
524941,-12.946538,36,synthetic,0,15
524977,-9.448825,36,real,-1,15
525010,0.675466,33,real,-1,12
525043,-15.120741,33,synthetic,0,12
525064,0.564441,21,real,-1,0
525090,-27.845695,26,synthetic,2,5
525118,-24.799634,28,synthetic,1,7
525142,-46.092978,24,synthetic,2,3
525173,-24.580406,31,synthetic,1,10
525214,-16.39499,41,synthetic,0,20
525255,-6.045409,41,real,-1,20
525279,-1.002264,24,real,-1,3
525319,-7.061684,40,synthetic,0,19
525346,-4.853111,27,real,-1,6
525381,0.727751,35,real,-1,14
525407,-39.456199,26,synthetic,2,5
525438,-3.216972,31,real,-1,10
525476,2.894037,38,real,-1,17
525514,-21.858797,38,synthetic,1,17
525551,0.653995,37,real,-1,16
525590,-6.266723,39,real,-1,18
525631,-22.418922,41,synthetic,1,20
525653,-36.2506,22,synthetic,2,1
525687,-6.517132,34,real,-1,13
525722,-20.514717,35,synthetic,0,14
525748,-20.381073,26,synthetic,1,5
525784,-34.649877,36,synthetic,2,15
525813,-39.563804,29,synthetic,2,8
525846,-40.418117,33,synthetic,2,12
525868,7.60528,22,real,-1,1
525894,-24.121338,26,synthetic,1,5
525936,-6.787422,42,real,-1,21
525962,-7.735658,26,real,-1,5
526000,-0.426595,38,real,-1,17
526031,3.571274,31,real,-1,10
526067,-29.273429,36,synthetic,1,15
526100,-15.641617,33,synthetic,0,12
526138,-8.121655,38,real,-1,17
526175,-20.906269,37,synthetic,1,16
526212,-41.803285,37,synthetic,2,16
526237,2.923071,25,real,-1,4
526270,0.12058,33,real,-1,12
526310,-5.892032,40,real,-1,19
526333,-6.203117,23,real,-1,2
526364,-1.53272,31,real,-1,10
526388,-2.953694,24,real,-1,3
526428,-39.183746,40,synthetic,2,19
526456,-38.867267,28,synthetic,2,7
526477,-2.098809,21,real,-1,0
526512,-10.892112,35,real,-1,14
526552,0.695192,40,real,-1,19
526575,-3.321228,23,real,-1,2
526609,-32.401024,34,synthetic,2,13
526644,3.314128,35,real,-1,14
526682,-25.043196,38,synthetic,1,17
526718,-11.851697,36,real,-1,15
526760,-25.835666,42,synthetic,1,21
526799,-44.101783,39,synthetic,2,18
526841,-10.005266,42,real,-1,21
526876,-17.593011,35,synthetic,1,14
526904,-5.553344,28,real,-1,7
526942,-23.049616,38,synthetic,1,17
526963,-16.055985,21,synthetic,1,0
527001,-28.394474,38,synthetic,1,17
527036,-1.157729,35,real,-1,14
527071,-40.580844,35,synthetic,2,14
527111,-17.696422,40,synthetic,1,19
527149,-4.166417,38,real,-1,17
527182,-10.933779,33,synthetic,0,12
527208,2.975024,26,real,-1,5
527238,-13.0391,30,synthetic,0,9
527264,-4.280123,26,real,-1,5
527289,-33.89065,25,synthetic,2,4
527324,-6.604765,35,real,-1,14
527352,-5.594604,28,real,-1,7
527380,-16.809118,28,synthetic,0,7
527407,-5.439828,27,real,-1,6
527440,-2.48983,33,real,-1,12
527480,-27.526048,40,synthetic,2,19
527522,-24.459168,42,synthetic,1,21
527564,-9.556173,42,real,-1,21
527586,-23.437448,22,synthetic,1,1
527611,-26.961409,25,synthetic,1,4
527652,-33.974583,41,synthetic,1,20
527679,-0.29042,27,real,-1,6
527718,-24.655901,39,synthetic,1,18
527759,-18.100247,41,synthetic,0,20
527786,-5.065637,27,real,-1,6
527815,3.052278,29,real,-1,8
527853,-33.618399,38,synthetic,2,17
527884,-8.037616,31,synthetic,0,10
527913,-38.8221,29,synthetic,2,8
527937,-36.31605,24,synthetic,2,3
527966,-3.251817,29,real,-1,8
528001,-48.619129,35,synthetic,2,14
528039,-14.505773,38,synthetic,1,17
528065,0.457372,26,real,-1,5
528088,-3.732632,23,real,-1,2
528110,-35.120536,22,synthetic,2,1
528134,-1.331474,24,real,-1,3
528169,-3.257201,35,real,-1,14
528194,-0.020222,25,real,-1,4
528231,0.690359,37,real,-1,16
528253,-0.441703,22,real,-1,1
528291,-4.21625,38,real,-1,17
528316,-35.164518,25,synthetic,2,4
528343,-8.548536,27,synthetic,0,6
528374,-1.172848,31,real,-1,10
528402,-0.920012,28,real,-1,7
528439,-2.214181,37,real,-1,16
528462,-29.262927,23,synthetic,2,2
528499,-41.180706,37,synthetic,2,16
528525,-3.963939,26,real,-1,5
528563,-1.552497,38,real,-1,17
528592,-6.89139,29,real,-1,8
528615,0.741489,23,real,-1,2
528636,-22.656366,21,synthetic,1,0
528672,-23.572526,36,synthetic,1,15
528694,-34.424829,22,synthetic,2,1
528726,0.963864,32,real,-1,11
528762,-6.382149,36,real,-1,15
528794,2.613152,32,real,-1,11
528827,-38.403478,33,synthetic,2,12
528848,-1.43023,21,real,-1,0
528874,-15.00976,26,synthetic,1,5
528901,-40.727397,27,synthetic,2,6
528941,-26.806486,40,synthetic,2,19
528981,3.613051,40,real,-1,19
529011,-24.231961,30,synthetic,1,9
529035,2.921125,24,real,-1,3
529074,-3.039006,39,real,-1,18
529104,-32.631897,30,synthetic,2,9
529133,-32.581258,29,synthetic,2,8
529161,-8.49486,28,real,-1,7
529196,-1.958959,35,real,-1,14
529226,-4.468028,30,real,-1,9
529263,-3.211626,37,real,-1,16
529294,-45.073594,31,synthetic,2,10
529320,-40.310377,26,synthetic,2,5
529351,-6.236418,31,real,-1,10
529376,-27.889889,25,synthetic,2,4
529408,-2.067186,32,real,-1,11
529439,-50.226446,31,synthetic,2,10
529474,-30.736949,35,synthetic,1,14
529508,-27.015381,34,synthetic,2,13
529550,-4.608239,42,real,-1,21
529592,-9.455963,42,real,-1,21
529630,-42.134325,38,synthetic,2,17
529657,-9.670027,27,synthetic,0,6
529686,-33.281708,29,synthetic,2,8
529721,-4.50249,35,real,-1,14
529757,-0.038732,36,real,-1,15
529781,-17.679321,24,synthetic,0,3
529818,-1.991794,37,real,-1,16
529855,-21.218416,37,synthetic,1,16
529878,-3.456843,23,real,-1,2
529912,-33.607081,34,synthetic,2,13
529939,-13.315683,27,synthetic,0,6
529973,-44.513736,34,synthetic,2,13
530006,-21.599488,33,synthetic,2,12
530037,3.989284,31,real,-1,10
530060,-27.782744,23,synthetic,2,2
530090,-21.82262,30,synthetic,1,9
530115,-37.232502,25,synthetic,2,4
530138,2.984492,23,real,-1,2
530177,-3.575243,39,real,-1,18
530201,-8.005303,24,synthetic,0,3
530237,-34.591891,36,synthetic,2,15
530277,-21.637477,40,synthetic,1,19
530306,-24.88368,29,synthetic,1,8
530332,-9.060838,26,synthetic,0,5
530355,-9.228526,23,real,-1,2
530390,-3.985994,35,real,-1,14
530416,-1.115041,26,real,-1,5
530440,-35.73707,24,synthetic,2,3
530470,-2.698971,30,real,-1,9
530507,-0.151404,37,real,-1,16
530547,-7.898184,40,real,-1,19
530574,-3.486889,27,real,-1,6
530614,-1.428685,40,real,-1,19
530656,-4.905257,42,real,-1,21
530681,-22.628983,25,synthetic,2,4
530719,-40.720588,38,synthetic,2,17
530752,0.543524,33,real,-1,12
530779,-32.055327,27,synthetic,2,6
530814,-18.831747,35,synthetic,1,14
530852,-9.190573,38,synthetic,0,17
530884,-14.46056,32,synthetic,0,11
530923,-27.005104,39,synthetic,1,18
530963,-22.295817,40,synthetic,1,19
530989,-1.603747,26,real,-1,5
531027,-13.047386,38,synthetic,0,17
531058,-30.830386,31,synthetic,2,10
531082,-0.274795,24,real,-1,3
531107,-1.779711,25,real,-1,4
531146,-21.797985,39,synthetic,1,18
531177,-37.218373,31,synthetic,2,10
531214,-12.856183,37,synthetic,0,16
531253,-3.669325,39,real,-1,18
531295,2.523647,42,real,-1,21
531316,-2.782135,21,real,-1,0
531338,0.078749,22,real,-1,1
531377,-3.126544,39,real,-1,18
531407,-37.919878,30,synthetic,2,9
531447,-12.644966,40,real,-1,19
531473,-8.319941,26,real,-1,5
531515,-5.341105,42,real,-1,21
531549,2.961262,34,real,-1,13
531583,-0.616681,34,real,-1,13
531607,-32.539264,24,synthetic,1,3
531639,-1.280929,32,real,-1,11
531676,-23.05452,37,synthetic,1,16
531713,-2.665281,37,real,-1,16
531735,-10.085806,22,real,-1,1
531767,-29.968623,32,synthetic,2,11
531807,-2.461539,40,synthetic,0,19
531842,0.278483,35,real,-1,14
531870,-16.492398,28,synthetic,1,7
531895,-8.747128,25,synthetic,0,4
531918,-7.857828,23,real,-1,2
531940,-0.193895,22,real,-1,1
531968,-38.649561,28,synthetic,2,7
532007,-8.795137,39,real,-1,18
532042,-7.083384,35,real,-1,14
532073,-22.857661,31,synthetic,1,10
532111,-22.980645,38,synthetic,1,17
532142,-23.903376,31,synthetic,1,10
532182,-12.156189,40,real,-1,19
532211,-5.192937,29,real,-1,8
532249,-5.541766,38,real,-1,17
532280,-2.081032,31,real,-1,10
532315,-12.542103,35,synthetic,0,14
532351,-4.673038,36,real,-1,15
532386,-12.054787,35,synthetic,0,14
532413,0.545045,27,real,-1,6
532435,2.928381,22,real,-1,1
532470,-5.542736,35,real,-1,14
