timesteps,reward_train,reward_ext,reward_intrinsic,reward_surprise_raw,reward_surprise,reward_dejavu_raw,reward_dejavu,intrinsic_eta,intrinsic_time_decay,intrinsic_volatility_factor,intrinsic_surprise_loss,intrinsic_dejavu_loss,intrinsic_warmup,episode_reward_mean,explained_variance,value_loss,entropy_loss,approx_kl
256,0.038626208901405334,0.03862620902938797,0.0,-0.4164430499076843,0.0,0.20277944207191467,0.1126607769238632,0.49618080146824234,0.9993652015698321,0.49649597633460424,-0.3273427486419678,0.13470780849456787,True,,,,,
512,-0.057164937257766724,-0.057164936360168214,0.0,-0.09461299329996109,0.0,0.06894519180059433,0.05389998012221293,0.5178944392230808,0.9987283092848169,0.5185538793768064,-0.592220664024353,0.05139004439115524,True,,,,,
768,0.0967421680688858,0.09674217146568408,0.0,-0.849310576915741,0.0,0.011813228949904442,0.01129502450558514,0.4112187830715867,0.9980943181219187,0.41200393149753983,-0.7427682280540466,0.020693140104413033,True,,,,,
1024,0.19406934082508087,0.1940693414665235,0.0,-0.7094529271125793,0.0,0.019878460094332695,0.021951784965595363,0.5665236892054856,0.997458235766909,0.5679673282459855,-0.762942373752594,0.01436189841479063,True,,,,,
1280,0.0690886601805687,0.06880726772308408,0.000281395847115294,-1.123892068862915,0.0,0.0072871544398367405,0.008998350132725576,0.6254387592496581,0.9968225587851741,0.6274323887812884,-0.8651567697525024,0.011436295695602894,False,,,,,
1536,-0.0486932098865509,-0.04903212450561405,0.0003389155340691857,-1.0147725343704224,0.0,0.00825158879160881,0.011159276872448687,0.6074148673664322,0.9961897773897014,0.6097381052815366,-0.9102528691291809,0.009088385850191116,False,,,,,
1792,0.010740957222878933,0.010358239799500735,0.00038271701003596444,-1.0246473550796509,0.0,0.010233940556645393,0.01495091165210076,0.5119647803981086,0.995554908792482,0.5142506715366162,-0.953331708908081,0.0077682556584477425,False,,,,,
2048,-0.2859954535961151,-0.2862356296142578,0.00024017732349828098,-0.7708192467689514,0.0,0.005620020907372236,0.00877806136470597,0.5472217919641439,0.9949204447950135,0.55001562670359,-1.0013296604156494,0.0063439481891691685,False,,,,,
2304,0.31293684244155884,0.31249515191497923,0.00044170184290981775,-0.8701996207237244,0.0,0.008475267328321934,0.014038719713197811,0.629262285925651,0.9942888708585157,0.6328767266421442,-1.0295213460922241,0.005481862463057041,False,,-0.42487001419067383,0.2418219806626439,-7.097107446193695,0.006407649256289005
2560,-0.13082021474838257,-0.13103434533081018,0.0002141234368285612,-0.8557504415512085,0.0,0.00526236230507493,0.009189004797942055,0.46604271417186705,0.9936552137030219,0.46901853655563397,-1.056463360786438,0.0042989496141672134,False,,-0.42487001419067383,0.2418219806626439,-7.097107446193695,0.006407649256289005
2816,0.07767649739980698,0.07722503691101155,0.0004514604095080957,-1.123084545135498,0.0,0.008237016387283802,0.015086308290366184,0.5985034918004285,0.9930219603752309,0.6027092206241575,-1.065356969833374,0.00423020264133811,False,,-0.42487001419067383,0.2418219806626439,-7.097107446193695,0.006407649256289005
3072,-0.11091139912605286,-0.11099774220581021,8.634063706541636e-05,-0.9163720011711121,0.0,0.0019950205460190773,0.003815999733584354,0.45251909378052774,0.9923915915936625,0.4559884400610812,-1.10257887840271,0.0030984890181571245,False,,-0.42487001419067383,0.2418219806626439,-7.097107446193695,0.006407649256289005
3328,-0.0002831670281011611,-0.00038844451904296876,0.00010527749031919822,-1.1369035243988037,0.0,0.0020857034251093864,0.004152607267273845,0.5070428458230392,0.9917591435682489,0.5112560333941065,-1.1301190853118896,0.0025581717491149902,False,,-0.42487001419067383,0.2418219806626439,-7.097107446193695,0.006407649256289005
3584,0.1571149379014969,0.1569845874702456,0.00013035133836623037,-1.4455374479293823,0.0,0.002609697636216879,0.005391538206029214,0.4835404420225082,0.9911295764208071,0.48786803817184227,-1.1034822463989258,0.002396172843873501,False,,-0.42487001419067383,0.2418219806626439,-7.097107446193695,0.006407649256289005
3840,0.6673170924186707,0.6671104628463757,0.0002066310202588525,-0.9644574522972107,0.0,0.002998295007273555,0.006412128921445281,0.6445005170366358,0.9904979326736753,0.650683354075177,-1.1525743007659912,0.00229298765771091,False,,-0.42487001419067383,0.2418219806626439,-7.097107446193695,0.006407649256289005
4096,-0.4491525888442993,-0.44945290466537263,0.00030031345610502573,-1.1618174314498901,0.0,0.00476532569155097,0.010525808772034415,0.570623051604198,0.9898666914711075,0.5764645446915247,-1.1789817810058594,0.002029271563515067,False,,-0.42487001419067383,0.2418219806626439,-7.097107446193695,0.006407649256289005
4352,-0.059343356639146805,-0.05941644602966408,7.309038996233699e-05,-1.353371024131775,0.0,0.0010949469869956374,0.0024928075849929916,0.5864102019132975,0.9892383256492862,0.5927896106617254,-1.1627572774887085,0.0018528472865000367,False,,-0.04718184471130371,0.28567430898547175,-7.088248765468597,0.006614371202886105
4608,0.14892546832561493,0.1487087211792008,0.00021675179847885267,-1.3630341291427612,0.0,0.0027775121852755547,0.006507026059774292,0.6662084844527919,0.9886078871902948,0.6738854636758072,-1.2176780700683594,0.0016378419240936637,False,,-0.04718184471130371,0.28567430898547175,-7.088248765468597,0.006614371202886105
4864,-0.10258335620164871,-0.10272980522460858,0.00014645228998561418,-1.034388542175293,0.0,0.002001371933147311,0.004817391408005063,0.6080149092401098,0.9879778505077411,0.6154135023650976,-1.217313289642334,0.001539412303827703,False,,-0.04718184471130371,0.28567430898547175,-7.088248765468597,0.006614371202886105
5120,0.10462279617786407,0.1045279640129098,9.483536144918865e-05,-1.0624336004257202,0.0,0.0012554668355733156,0.003100276239117811,0.6117865256818161,0.9873506837191981,0.6196243500610243,-1.2141811847686768,0.0014306326629593968,False,,-0.04718184471130371,0.28567430898547175,-7.088248765468597,0.006614371202886105
5376,0.3169497847557068,0.3168485785980229,0.00010120600169944226,-1.2622689008712769,0.0,0.0014549546176567674,0.0036817579226194235,0.5497699948042115,0.9867214482484439,0.5571683840258294,-1.2357850074768066,0.0014847428537905216,False,,-0.04718184471130371,0.28567430898547175,-7.088248765468597,0.006614371202886105
5632,0.3554389774799347,0.3553295612716669,0.00010942027502706736,-1.4771147966384888,0.0,0.0012648666743189096,0.0032761729907434065,0.6679761742510334,0.9860926137874668,0.6773969958921148,-1.2375953197479248,0.0012323531555011868,False,,-0.04718184471130371,0.28567430898547175,-7.088248765468597,0.006614371202886105
5888,0.011385445483028889,0.011266127107238573,0.0001193182401593696,-1.2676243782043457,0.0,0.00161595712415874,0.004279379133528818,0.5576427628228332,0.9854666437442343,0.5658667052434121,-1.2687547206878662,0.0012129794340580702,False,,-0.04718184471130371,0.28567430898547175,-7.088248765468597,0.006614371202886105
6144,-0.019780071452260017,-0.019854186431883136,7.411585908002056e-05,-1.3563393354415894,0.0,0.0011789094423875213,0.0031892370593328227,0.4647873939827184,0.9848386089662027,0.4719427018307208,-1.2764630317687988,0.0012429713970050216,False,,-0.04718184471130371,0.28567430898547175,-7.088248765468597,0.006614371202886105
6400,-0.011359034106135368,-0.011394696392821788,3.566215018864122e-05,-1.2716224193572998,0.0,0.0005184661713428795,0.001431428703980549,0.49827350938920134,0.9842134349632622,0.5062657058809611,-1.2699748277664185,0.0011165742762386799,False,,0.02700352668762207,0.26099271029233934,-7.075201070308685,0.006949687842279673
6656,0.12317416816949844,0.1230843305633549,8.983600343113341e-05,-1.2118266820907593,0.0,0.0013003726489841938,0.0036613969700655664,0.4907198217817101,0.9835861988512266,0.4989088118101324,-1.2906297445297241,0.0010430129477754235,False,,0.02700352668762207,0.26099271029233934,-7.075201070308685,0.006949687842279673
6912,-0.0724940076470375,-0.07254113700256276,4.712714529329741e-05,-0.8928788900375366,0.0,0.0005903234123252332,0.0016938551037668764,0.5564483666695433,0.9829593624747831,0.5660949861330798,-1.2695187330245972,0.0010621753754094243,False,,0.02700352668762207,0.26099271029233934,-7.075201070308685,0.006949687842279673
7168,-0.020443806424736977,-0.020558923828124534,0.00011511794226060258,-1.434997797012329,0.0,0.0012771340552717447,0.0037316475013187025,0.6169818677671017,0.9823353814145653,0.6280766013727881,-1.318878173828125,0.0009494044352322817,False,,0.02700352668762207,0.26099271029233934,-7.075201070308685,0.006949687842279673
7424,0.0716577097773552,0.07154862904968323,0.00010907762319619509,-1.4100689888000488,0.0,0.0010714603122323751,0.0031861899120107172,0.6846900292102123,0.9817093421801217,0.6974467897898307,-1.3055661916732788,0.0009471154189668596,False,,0.02700352668762207,0.26099271029233934,-7.075201070308685,0.006949687842279673
7680,0.0101903872564435,0.01015689807739109,3.348896048398809e-05,-1.2400230169296265,0.0,0.0003619362832978368,0.0010947122505888804,0.6118312911173381,0.9810837019185039,0.6236280247250111,-1.316960096359253,0.000808127922937274,False,,0.02700352668762207,0.26099271029233934,-7.075201070308685,0.006949687842279673
7936,0.10788185894489288,0.107846306311035,3.555528405664273e-05,-1.3755100965499878,0.0,0.00043345862650312483,0.001332656564598298,0.5336001037500632,0.9804609115246627,0.5442339388321865,-1.3169382810592651,0.0008826970588415861,False,,0.02700352668762207,0.26099271029233934,-7.075201070308685,0.006949687842279673
8192,0.04623239487409592,0.04619967152938916,3.272223126533984e-05,-1.4257736206054688,0.0,0.0005791012663394213,0.0018089621779414937,0.3617790539167166,0.9798360668839567,0.3692240632325719,-1.325324535369873,0.000823742535430938,False,,0.02700352668762207,0.26099271029233934,-7.075201070308685,0.006949687842279673
8448,0.009950508363544941,0.009901908224489308,4.8600136340325445e-05,-1.5370720624923706,0.0,0.00044777244329452515,0.0014204434024158057,0.6842952877625286,0.9792116204547657,0.6988226788451796,-1.3650120496749878,0.0007855237345211208,False,,0.0009505152702331543,0.21756373792886735,-7.065563333034516,0.006909720599651337
8704,0.22801244258880615,0.2279527163879393,5.9731106514061e-05,-1.503169059753418,0.0,0.000688569329213351,0.0022170766911740174,0.5388276080105406,0.9785900184552989,0.5506162926749224,-1.335864543914795,0.0008359981584362686,False,,0.0009505152702331543,0.21756373792886735,-7.065563333034516,0.006909720599651337
8960,0.22360046207904816,0.22344102630615237,0.00015944121584811046,-1.274583101272583,0.0,0.0014651730889454484,0.004786583938446133,0.6662004381348833,0.9779663661288341,0.6812099691853004,-1.3402769565582275,0.0008407323039136827,False,,0.0009505152702331543,0.21756373792886735,-7.065563333034516,0.006909720599651337
9216,0.18153411149978638,0.181499542120361,3.4571543673241055e-05,-1.376734972000122,0.0,0.00042521749855950475,0.0014088026244878991,0.49079328888683527,0.9773455546148585,0.5021696641166405,-1.3677407503128052,0.0007289142231456935,False,,0.0009505152702331543,0.21756373792886735,-7.065563333034516,0.006909720599651337
9472,0.09553530812263489,0.0952857823448183,0.00024952394644706707,-0.7508352994918823,0.0,0.002713045570999384,0.009112858882097072,0.5476304410623026,0.9767226953812668,0.560681597399079,-1.4002845287322998,0.0006966583314351737,False,,0.0009505152702331543,0.21756373792886735,-7.065563333034516,0.006909720599651337
9728,-0.5208593606948853,-0.520972229944609,0.00011284703229589011,-1.4209253787994385,0.0,0.0010872726561501622,0.003701139092175571,0.6097962248133579,0.9761002330938964,0.6247270558275734,-1.3349900245666504,0.0006381601560860872,False,,0.0009505152702331543,0.21756373792886735,-7.065563333034516,0.006909720599651337
9984,-0.34235817193984985,-0.34239734453887943,3.918673335482168e-05,-1.257602334022522,0.0,0.0004453159053809941,0.0015356482671668298,0.5103607928020996,0.9754806061982418,0.5231890716834832,-1.3797059059143066,0.0006709570880047977,False,,0.0009505152702331543,0.21756373792886735,-7.065563333034516,0.006909720599651337
10240,-0.07244622707366943,-0.07248885419464204,4.262441536382183e-05,-1.5434294939041138,0.0,0.0003580080228857696,0.0012503228037814952,0.6818145719634625,0.9748589354903828,0.6993981868981789,-1.4108155965805054,0.0006296418141573668,False,,0.0009505152702331543,0.21756373792886735,-7.065563333034516,0.006909720599651337
10496,0.2906556725502014,0.2906170286041248,3.865694331628917e-05,-1.461915135383606,0.0,0.0003705707495100796,0.0013102983983920662,0.5900479366185147,0.9742376609713015,0.6056509209777879,-1.3882906436920166,0.000587831309530884,False,,0.08961695432662964,0.3033290321007371,-7.047711265087128,0.00778650538995862
10752,0.009836550801992416,0.009691159428405809,0.00014539096617514205,-1.2077749967575073,0.0,0.0012406031601130962,0.004439681040869434,0.654961312926524,0.9736192164335065,0.6727078737473283,-1.4018079042434692,0.0005976039101369679,False,,0.08961695432662964,0.3033290321007371,-7.047711265087128,0.00778650538995862
11008,-0.06292904168367386,-0.06304945220947411,0.00012040850378205014,-1.5710434913635254,0.0,0.0010734830284491181,0.0038871488187852813,0.619520936271626,0.9729987319834627,0.6367129944853366,-1.4076615571975708,0.0006391790811903775,False,,0.08961695432662964,0.3033290321007371,-7.047711265087128,0.00778650538995862
11264,0.3143827021121979,0.3143257548034686,5.693475365556061e-05,-1.622820258140564,0.0,0.0004162350669503212,0.001524663274659585,0.7468502009831981,0.9723786429661981,0.7680652042140339,-1.4218496084213257,0.0005754451267421246,False,,0.08961695432662964,0.3033290321007371,-7.047711265087128,0.00778650538995862
11520,0.047483209520578384,0.04740878219604493,7.442685429767233e-05,-1.3839291334152222,0.0,0.0006446823826991022,0.0023880801851706734,0.6233195581944257,0.9717613785301145,0.6414327343789464,-1.4268782138824463,0.0005604344187304378,False,,0.08961695432662964,0.3033290321007371,-7.047711265087128,0.00778650538995862
11776,0.07795623689889908,0.07790847214279056,4.7766234642278314e-05,-1.285529375076294,0.0,0.0005596326082013547,0.0020959733227106075,0.45579048287222335,0.9711420780742958,0.4693345012668206,-1.4379736185073853,0.0005680397152900696,False,,0.08961695432662964,0.3033290321007371,-7.047711265087128,0.00778650538995862
12032,-0.007154372055083513,-0.007154371948241897,0.0,0.0,0.0,0.0,0.0,0.0,0.0,0.0,-1.4467824697494507,0.0005502186832018197,False,,0.08961695432662964,0.3033290321007371,-7.047711265087128,0.00778650538995862
12288,0.057657744735479355,0.05761326527557394,4.447887093117752e-05,-1.4131017923355103,0.0,0.0005043739220127463,0.0019296226088429834,0.461011088151039,0.9699070857104851,0.47531469245153,-1.4586354494094849,0.0005828423309139907,False,,0.08961695432662964,0.3033290321007371,-7.047711265087128,0.00778650538995862
12544,0.03788267821073532,0.03782892148132378,5.375837033533574e-05,-1.3983359336853027,0.0,0.0004562686663120985,0.0017636984080693513,0.6096095578402526,0.9692889669896209,0.6289244782529133,-1.4902088642120361,0.0005137290572747588,False,,0.0888776183128357,0.3106470491737127,-7.03142637014389,0.006970482412725687
12800,0.051691945642232895,0.05165741328582808,3.453335987718792e-05,-1.5907515287399292,0.0,0.00038807079545222223,0.0015152726515666104,0.4558039088408883,0.9686736638749969,0.470544338965024,-1.4739699363708496,0.0005437601357698441,False,,0.0888776183128357,0.3106470491737127,-7.03142637014389,0.006970482412725687
13056,0.32847681641578674,0.3284153228233336,6.149289943130455e-05,-1.5334571599960327,0.0,0.0005333327571861446,0.0021032190051605906,0.5847503211070431,0.9680563312099708,0.6040457587588579,-1.4819817543029785,0.00047527061542496085,False,,0.0888776183128357,0.3106470491737127,-7.03142637014389,0.006970482412725687
13312,0.015169437043368816,0.015061778964233236,0.00010765763037343611,-1.3150248527526855,0.0,0.0007123369723558426,0.00283657579721732,0.759067538255443,0.9674393919691014,0.7846150824088901,-1.4769107103347778,0.0005227557849138975,False,,0.0888776183128357,0.3106470491737127,-7.03142637014389,0.006970482412725687
13568,-0.04800950363278389,-0.04803745012207073,2.7948120661151793e-05,-1.3999979496002197,0.0,0.00023559473629575223,0.0009471102162331562,0.5901767330165009,0.9668252629617969,0.6104275049749306,-1.5117014646530151,0.00046909591765142977,False,,0.0888776183128357,0.3106470491737127,-7.03142637014389,0.006970482412725687
13824,0.26079151034355164,0.26072782803497396,6.369152231512596e-05,-1.4047693014144897,0.0,0.0005251481779851019,0.0021309913475450757,0.5977642507887163,0.966209108276832,0.6186696499423278,-1.4999264478683472,0.0004476925532799214,False,,0.0888776183128357,0.3106470491737127,-7.03142637014389,0.006970482412725687
14080,-0.8012385964393616,-0.8013305532959,9.194989169609916e-05,-1.5516924858093262,0.0,0.0006643095402978361,0.002720573724914542,0.6759595658374409,0.9655933462653009,0.70004579925069,-1.4909480810165405,0.00048232762492261827,False,,0.0888776183128357,0.3106470491737127,-7.03142637014389,0.006970482412725687
14336,0.15228256583213806,0.1522452707611068,3.729680929368109e-05,-1.5455198287963867,0.0,0.000351601600414142,0.0014529270556371925,0.5134023645436802,0.9649803891249111,0.5320339877676241,-1.5117766857147217,0.000490757985971868,False,,0.0888776183128357,0.3106470491737127,-7.03142637014389,0.006970482412725687
14592,0.47137072682380676,0.47131526117401373,5.546193613099964e-05,-1.4818612337112427,0.0,0.00038880150532349944,0.0016209510785813862,0.6843135103070287,0.9643654101722128,0.7095998084220239,-1.495786428451538,0.00043045723577961326,False,,0.08786267042160034,0.49104899279773234,-7.019720876216889,0.007299959193915129
14848,0.28986355662345886,0.2898284017272963,3.515332007271032e-05,-1.5618317127227783,0.0,0.0002254688151879236,0.0009482228512405505,0.7414569270656065,0.9637508231436577,0.7693450519160637,-1.5426270961761475,0.0004395442665554583,False,,0.08786267042160034,0.49104899279773234,-7.019720876216889,0.007299959193915129
15104,-0.22004027664661407,-0.22007536409912137,3.508052931678759e-05,-1.2225843667984009,0.0,0.0002867937146220356,0.0012164558083409955,0.5767661936627271,0.9631390356340531,0.5988400140827339,-1.4772800207138062,0.0004388427478261292,False,,0.08786267042160034,0.49104899279773234,-7.019720876216889,0.007299959193915129
15360,0.08321603387594223,0.08315274636306859,6.328640701557161e-05,-1.5983201265335083,0.0,0.0004975449410267174,0.0021282072773346527,0.5947391279935,0.9625252301701158,0.6178945853589587,-1.5164676904678345,0.00044676061952486634,False,,0.08786267042160034,0.49104899279773234,-7.019720876216889,0.007299959193915129
15616,0.157751202583313,0.15769853401031578,5.266982269618958e-05,-1.6655447483062744,0.0,0.0005168698844499886,0.0022291703589235566,0.47255089756014246,0.9619142206650069,0.491260953844149,-1.5567619800567627,0.0004640420957002789,False,,0.08786267042160034,0.49104899279773234,-7.019720876216889,0.007299959193915129
15872,0.37359365820884705,0.3735253207458504,6.832288774990874e-05,-1.5314396619796753,0.0,0.0004855557926930487,0.002111238320315939,0.6472304627332122,0.9613011957717791,0.6732858188255807,-1.5553545951843262,0.00047275840188376606,False,,0.08786267042160034,0.49104899279773234,-7.019720876216889,0.007299959193915129
16128,-0.5983917713165283,-0.5985184979492202,0.00012669972436563247,-1.8165465593338013,0.0,0.0007970055448822677,0.0034933241524614128,0.7253820077152545,0.9606885615573786,0.7550646866652945,-1.5803236961364746,0.00041496733319945633,False,,0.08786267042160034,0.49104899279773234,-7.019720876216889,0.007299959193915129
16384,-0.09875593334436417,-0.09880197148437438,4.6036757546135614e-05,-1.525352954864502,0.0,0.0003397450200282037,0.001500865855738517,0.6134693166629837,0.9600787179666218,0.6389781433362755,-1.546064853668213,0.0003853064845316112,False,,0.08786267042160034,0.49104899279773234,-7.019720876216889,0.007299959193915129
16640,0.06014907360076904,0.060106875318908716,4.2196784256781655e-05,-1.5591999292373657,0.0,0.0003185271052643657,0.0014180997109054768,0.5951173099081786,0.9594668628334636,0.6202583257025669,-1.5593003034591675,0.00034873580443672836,False,,0.13642698526382446,0.5208925615996123,-7.0137587010860445,0.006879710592329502
16896,0.10842152684926987,0.1083773526458739,4.41715403149271e-05,-1.6063206195831299,0.0,0.0002774934400804341,0.0012448961924685128,0.7096421465847536,0.9588553976336482,0.7400929778734874,-1.5421198606491089,0.00034428350045345724,False,,0.13642698526382446,0.5208925615996123,-7.0137587010860445,0.006879710592329502
17152,-0.010210385546088219,-0.01027888412475586,6.849818539228161e-05,-1.388914942741394,0.0,0.0005690586403943598,0.0025721409274554207,0.5326161149346184,0.9582467177324725,0.55582357348947,-1.5760782957077026,0.00037797901313751936,False,,0.13642698526382446,0.5208925615996123,-7.0137587010860445,0.006879710592329502
17408,0.1108856201171875,0.1108112893127429,7.433352882019351e-05,-1.3545178174972534,0.0,0.0007133687031455338,0.0032484299753552806,0.45765818801166336,0.9576360301272744,0.47790410303467634,-1.5775419473648071,0.00038154286448843777,False,,0.13642698526382446,0.5208925615996123,-7.0137587010860445,0.006879710592329502
17664,0.40266820788383484,0.4025382559799211,0.00012995882611798433,-1.6797000169754028,0.0,0.000839632994029671,0.003851443847477305,0.6748576963058015,0.9570257317113574,0.7051614956047401,-1.540710687637329,0.00044736883137375116,False,,0.13642698526382446,0.5208925615996123,-7.0137587010860445,0.006879710592329502
17920,-0.03447819501161575,-0.03451802864990314,3.983436118230265e-05,-1.5535836219787598,0.0,0.0003542617487255484,0.0016367224037818083,0.48675769440512867,0.9564182132792368,0.5089381273242383,-1.573976993560791,0.000396185670979321,False,,0.13642698526382446,0.5208925615996123,-7.0137587010860445,0.006879710592329502
18176,-0.05627800151705742,-0.056317400689696664,3.9400643751324405e-05,-1.5064805746078491,0.0,0.0003416874969843775,0.0015898804015117634,0.4956428636249578,0.9558086909741489,0.5185586491369988,-1.5985969305038452,0.0004310289223212749,False,,0.13642698526382446,0.5208925615996123,-7.0137587010860445,0.006879710592329502
18432,-0.007281944155693054,-0.007294394929503324,1.245095723499498e-05,-1.6869620084762573,0.0,0.00015574967255815864,0.0007297801791921911,0.3412248671586889,0.9552019451175776,0.35722798608485545,-1.5807255506515503,0.0003901221207343042,False,,0.13642698526382446,0.5208925615996123,-7.0137587010860445,0.006879710592329502
18688,0.24037905037403107,0.24032418671569905,5.486046328823993e-05,-1.769386649131775,0.0,0.0004349111986812204,0.0020519419168422933,0.5347175067475982,0.9545931979363458,0.5601522280941857,-1.5953989028930664,0.00038199566188268363,False,,0.2196364402770996,0.4241117458790541,-7.005968695878982,0.008250666782259941
18944,-0.46024516224861145,-0.46030372445678663,5.857516646131882e-05,-1.453062891960144,0.0,0.00039630229002796113,0.0018825639374259646,0.6222913899159124,0.9539848387077688,0.652307421110428,-1.6066557168960571,0.00030723187956027687,False,,0.2196364402770996,0.4241117458790541,-7.005968695878982,0.008250666782259941
19200,-0.0424339585006237,-0.04251044949340722,7.649206600138055e-05,-1.4268385171890259,0.0,0.0006080869352445006,0.0029080131370854503,0.5260778572551055,0.9533792506297533,0.5518033425917394,-1.6042927503585815,0.00033060970599763095,False,,0.2196364402770996,0.4241117458790541,-7.005968695878982,0.008250666782259941
19456,0.11728758364915848,0.11727035715484527,1.722468511031546e-05,-1.6978169679641724,0.0,0.0001099120345315896,0.0005291225619790011,0.6510659853888083,0.9527716650459588,0.6833389460185121,-1.600066065788269,0.00037746812449768186,False,,0.2196364402770996,0.4241117458790541,-7.005968695878982,0.008250666782259941
19712,0.09041224420070648,0.09036590911254753,4.6331454397322464e-05,-1.6921309232711792,0.0,0.0002631096285767853,0.0012749419343690766,0.7268010118476533,0.952164466674537,0.7633145714689686,-1.5916701555252075,0.0003764223074540496,False,,0.2196364402770996,0.4241117458790541,-7.005968695878982,0.008250666782259941
19968,0.11461570113897324,0.1145827226028443,3.2978566950698894e-05,-1.7428900003433228,0.0,0.0002371645241510123,0.0011566403855939851,0.5702475438597618,0.9515600341658303,0.5992764758764381,-1.6094106435775757,0.00033881395938806236,False,,0.2196364402770996,0.4241117458790541,-7.005968695878982,0.008250666782259941
20224,-0.14758385717868805,-0.14763540267944628,5.154433575075391e-05,-1.6255319118499756,0.0,0.0003082012408412993,0.0015127015652480823,0.6814871741380218,0.9509536079629398,0.7166355629039062,-1.6416460275650024,0.0003460099396761507,False,,0.2196364402770996,0.4241117458790541,-7.005968695878982,0.008250666782259941
20480,0.17275092005729675,0.17270580184173595,4.512303639523233e-05,-1.721117377281189,0.0,0.0003190893621649593,0.001576037487909321,0.5726137448048891,0.950347568233552,0.6025308675953457,-1.6096751689910889,0.0003787035821005702,False,,0.2196364402770996,0.4241117458790541,-7.005968695878982,0.008250666782259941
20736,0.2695595920085907,0.26949514515380724,6.44399766947558e-05,-1.5198931694030762,0.0,0.0004416575829964131,0.0021949806847050357,0.5871575740395668,0.9497442890891236,0.6182270120336235,-1.6123231649398804,0.00034893315751105547,False,,0.2708582878112793,0.47153065390884874,-6.988892513513565,0.007639245130121708
20992,0.11340011656284332,0.11332447771911393,7.563750583023652e-05,-1.5621501207351685,0.0,0.0005431452300399542,0.002715996712400639,0.5569778894421517,0.9491390200548326,0.5868243509891465,-1.59867525100708,0.00041945319389924407,False,,0.2708582878112793,0.47153065390884874,-6.988892513513565,0.007639245130121708
21248,0.23212416470050812,0.23208861633148192,3.5542534477156645e-05,-1.7544782161712646,0.0,0.00027592055266723037,0.001388106906917679,0.5121008230710355,0.9485365080948908,0.5398852007284104,-1.6260286569595337,0.00030759285436943173,False,,0.2708582878112793,0.47153065390884874,-6.988892513513565,0.007639245130121708
21504,0.17244428396224976,0.17234384453124948,0.00010044678226206248,-1.5814943313598633,0.0,0.0006524949567392468,0.00330232948780332,0.6083389476007663,0.947932008775611,0.6417537776644157,-1.5902564525604248,0.0003901357704307884,False,,0.2708582878112793,0.47153065390884874,-6.988892513513565,0.007639245130121708
21760,-0.8280665278434753,-0.8282026489883428,0.00013610797764998788,-1.5664141178131104,0.0,0.0008348122937604785,0.0042501630370284085,0.6404835601090288,0.9473278947018372,0.676094901977541,-1.6404435634613037,0.00033401779364794493,False,,0.2708582878112793,0.47153065390884874,-6.988892513513565,0.007639245130121708
22016,-0.3594944477081299,-0.3595350970367421,4.064962348418706e-05,-1.6265441179275513,0.0,0.00031169241992756724,0.0015961600906649553,0.509342687139265,0.9467265324414262,0.5380040272303005,-1.6075488328933716,0.0003420498105697334,False,,0.2708582878112793,0.47153065390884874,-6.988892513513565,0.007639245130121708
22272,0.009336081333458424,0.00928358026885835,5.250093361110473e-05,-1.5444755554199219,0.0,0.0003148779214825481,0.0016218342067082136,0.6474266407003985,0.9461231866139109,0.6842942334152909,-1.5987238883972168,0.0003759014362003654,False,,0.2708582878112793,0.47153065390884874,-6.988892513513565,0.007639245130121708
22528,0.411045104265213,0.41101849285583303,2.6602649319192585e-05,-1.488106608390808,0.0,0.0001451074203941971,0.0007516906228716028,0.7078084656042495,0.945520225296785,0.7485915654338104,-1.6408615112304688,0.0002847570867743343,False,,0.2708582878112793,0.47153065390884874,-6.988892513513565,0.007639245130121708
22784,0.016461117193102837,0.016312960572814336,0.00014815693722752826,-1.6520193815231323,0.0,0.0007946266559883952,0.004139617359367815,0.7158001542932662,0.9449200105420746,0.7575246013497283,-1.64190673828125,0.0003977828600909561,False,,0.3137219548225403,0.4957908347249031,-6.974672657251358,0.005551305133849382
23040,-0.10837861895561218,-0.10843479106140148,5.617103101515381e-05,-1.6087555885314941,0.0,0.00033016293309628963,0.001729637688413816,0.6495121075520284,0.9443178160052573,0.6878109218564318,-1.6427509784698486,0.00031699647661298513,False,,0.3137219548225403,0.4957908347249031,-6.974672657251358,0.005551305133849382
23296,0.31433016061782837,0.3143008974777244,2.926586240402331e-05,-1.8180679082870483,0.0,0.00015591281407978386,0.0008213183088813894,0.712655789784658,0.9437160052451155,0.7551591642228818,-1.6395673751831055,0.00031671219039708376,False,,0.3137219548225403,0.4957908347249031,-6.974672657251358,0.005551305133849382
23552,0.11797809600830078,0.11793617180786096,4.192151307701927e-05,-1.7875425815582275,0.0,0.00022876467846799642,0.001211674489632951,0.6919599848919561,0.9431169358064615,0.7336947928946472,-1.6687352657318115,0.00034216378116980195,False,,0.3137219548225403,0.4957908347249031,-6.974672657251358,0.005551305133849382
23808,0.7051209807395935,0.7050868341072084,3.415053017557319e-05,-1.493024230003357,0.0,0.0001966844720300287,0.00104741312424463,0.652092844458136,0.9425158903634756,0.6918640323471472,-1.6524533033370972,0.00031572679290547967,False,,0.3137219548225403,0.4957908347249031,-6.974672657251358,0.005551305133849382
24064,-0.0028654616326093674,-0.002865461679841974,0.0,0.0,0.0,0.0,0.0,0.0,0.0,0.0,-1.6654337644577026,0.00030118724680505693,False,,0.3137219548225403,0.4957908347249031,-6.974672657251358,0.005551305133849382
24320,0.16229811310768127,0.1622597830474857,3.833161713220273e-05,-1.454588532447815,0.0,0.0002760624047368765,0.0014858436179775475,0.5159576239170811,0.9413173016567878,0.5481229581236398,-1.6726094484329224,0.00034999349736608565,False,,0.3137219548225403,0.4957908347249031,-6.974672657251358,0.005551305133849382
24576,0.12012505531311035,0.12003902305679513,8.602946893962004e-05,-1.6795791387557983,0.0,0.0004884896334260702,0.002643006709419668,0.650996977291138,0.9407174031149588,0.692021828378553,-1.6545974016189575,0.0004779776791110635,False,,0.3137219548225403,0.4957908347249031,-6.974672657251358,0.005551305133849382
24832,0.08295895159244537,0.08293096575279196,2.7984803231992084e-05,-1.331238865852356,0.0,0.00026078682276420295,0.0014183166899494261,0.3946199523745286,0.9401202371842298,0.41975476834374037,-1.6460392475128174,0.00027200134354643524,False,,0.35031044483184814,0.8053961366415023,-6.9643730342388155,0.007194400765001774
25088,0.3895551860332489,0.3894919980911247,6.319321625317713e-05,-1.498539924621582,0.0,0.0003184536471962929,0.0017408613757050478,0.7259994062144541,0.9395211015278063,0.7727334756333488,-1.661200761795044,0.00026996555970981717,False,,0.35031044483184814,0.8053961366415023,-6.9643730342388155,0.007194400765001774
25344,-0.006200431380420923,-0.006234119284059853,3.36879909389401e-05,-1.859751582145691,0.0,0.00016881119518075138,0.0009275277735506993,0.726403928800493,0.9389223476986436,0.7736570873842269,-1.6303977966308594,0.00033847635495476425,False,,0.35031044483184814,0.8053961366415023,-6.9643730342388155,0.007194400765001774
25600,-0.04462171345949173,-0.04465763388671767,3.592033456305815e-05,-1.4963159561157227,0.0,0.00023485254496335983,0.0012968744016941792,0.5539524030412416,0.9383263212662749,0.5903622124696244,-1.6663352251052856,0.00030799448722973466,False,,0.35031044483184814,0.8053961366415023,-6.9643730342388155,0.007194400765001774
25856,0.24883931875228882,0.24878007932128968,5.924641181825388e-05,-1.5390784740447998,0.0,0.0003745149006135762,0.0020784307188042466,0.570107160967475,0.9377283288667972,0.6079662343745379,-1.6628819704055786,0.0002763151132967323,False,,0.35031044483184814,0.8053961366415023,-6.9643730342388155,0.007194400765001774
26112,-0.678195059299469,-0.6782847686180089,8.973585177884216e-05,-1.5524078607559204,0.0,0.0005004329723306,0.002790967774401334,0.6430447001351751,0.9371307175659862,0.6861846358055128,-1.6609649658203125,0.00029987553716637194,False,,0.35031044483184814,0.8053961366415023,-6.9643730342388155,0.007194400765001774
26368,0.0921412855386734,0.09209883998489386,4.244561654722653e-05,-1.746681809425354,0.0,0.0003010485088452697,0.0016871691653380508,0.5031578032511267,0.9365358284576133,0.5372541956881463,-1.6565290689468384,0.0002636989520397037,False,,0.35031044483184814,0.8053961366415023,-6.9643730342388155,0.007194400765001774
26624,0.624340832233429,0.6243070896606456,3.376974807425774e-05,-1.687842607498169,0.0,0.0001748639188008383,0.0009847442028607567,0.6858582762133365,0.9359389771335448,0.7328023439240469,-1.6675958633422852,0.0002853659389074892,False,,0.35031044483184814,0.8053961366415023,-6.9643730342388155,0.007194400765001774
26880,0.2824037969112396,0.28238664804076835,1.713650947512352e-05,-1.8892366886138916,0.0,8.359554340131581e-05,0.0004730284813604186,0.7245445105478354,0.9353425061809391,0.7746301550072766,-1.6879578828811646,0.0002708821266423911,False,,0.4275873899459839,0.7474467784166337,-6.954364013671875,0.007426082156598568
27136,-0.3537876605987549,-0.35381994117050203,3.226891347507673e-05,-1.428547978401184,0.0,0.00018379643734078854,0.001044947317876759,0.6176179970612168,0.9347487522263461,0.6607315555010902,-1.6918363571166992,0.00029130603070370853,False,,0.4275873899459839,0.7474467784166337,-6.954364013671875,0.007426082156598568
27392,0.19267883896827698,0.19257688712081872,0.00010195282669958668,-1.8137680292129517,0.0,0.0005316808819770813,0.0030370380479664253,0.6713964401457099,0.9341530398003127,0.7187221060579426,-1.6019405126571655,0.00027932674856856465,False,,0.4275873899459839,0.7474467784166337,-6.954364013671875,0.007426082156598568
27648,0.16684800386428833,0.16681441848258838,3.3591197414421044e-05,-1.7230596542358398,0.0,0.0002752063737716526,0.0015793291097989117,0.42538565528875794,0.933560040917111,0.45565966477192776,-1.6848820447921753,0.00024126737844198942,False,,0.4275873899459839,0.7474467784166337,-6.954364013671875,0.007426082156598568
27904,0.6534117460250854,0.6533369943984988,7.476959662345392e-05,-1.8083643913269043,0.0,0.0003578859323170036,0.0020633031568329904,0.724756285821027,0.9329650860530386,0.7768310911688553,-1.6935895681381226,0.00025175054906867445,False,,0.4275873899459839,0.7474467784166337,-6.954364013671875,0.007426082156598568
28160,-1.0433387756347656,-1.0434308029174806,9.197001936427737e-05,-1.5927215814590454,0.0,0.0004180800751782954,0.0024213848288089307,0.7596481011200276,0.9323705103518212,0.8147491718001479,-1.661146640777588,0.000278356543276459,False,,0.4275873899459839,0.7474467784166337,-6.954364013671875,0.007426082156598568
28416,-0.03404121473431587,-0.03405771437683143,1.649972714602859e-05,-1.629712700843811,0.0,0.0001025865858537145,0.0005968362246843616,0.5529063573429884,0.931778643015515,0.5933880986514326,-1.6613351106643677,0.00027995530399493873,False,,0.4275873899459839,0.7474467784166337,-6.954364013671875,0.007426082156598568
28672,0.3292389214038849,0.3292014653900144,3.7469264368791754e-05,-1.6913572549819946,0.0,0.00019007193623110652,0.0011107924662339319,0.6746402322267958,0.9311848234306963,0.7244965932125784,-1.6692614555358887,0.0002431208558846265,False,,0.4275873899459839,0.7474467784166337,-6.954364013671875,0.007426082156598568
28928,0.20521225035190582,0.20516799667816085,4.424773251104658e-05,-1.6478791236877441,0.0,0.00020666717318817973,0.001213163659312464,0.729460236817893,0.9305913822852225,0.7838673887421798,-1.6770392656326294,0.00025880077737383544,False,,0.4732046127319336,0.8584822885692119,-6.94971843957901,0.005962437018752098
29184,0.20945851504802704,0.20939016106872588,6.83580087240337e-05,-1.6271251440048218,0.0,0.0003853065718431026,0.002271761534807571,0.6018061990808727,0.9300006443366202,0.6471029915362562,-1.6680177450180054,0.0002791366132441908,False,,0.4732046127319336,0.8584822885692119,-6.94971843957901,0.005962437018752098
29440,0.5364290475845337,0.5363785459930427,5.049851882699368e-05,-1.8160920143127441,0.0,0.00025302989524789155,0.0014983986804991628,0.6740331459738214,0.9294079578647411,0.7252285073202644,-1.6981816291809082,0.00029226081096567214,False,,0.4732046127319336,0.8584822885692119,-6.94971843957901,0.005962437018752098
29696,0.5511958003044128,0.5511507008773828,4.5076869830236417e-05,-1.888724446296692,0.0,0.00020769225375261158,0.0012352606254149843,0.7298357755893482,0.9288156491100777,0.7857703262091058,-1.6756553649902344,0.00022074865410104394,False,,0.4732046127319336,0.8584822885692119,-6.94971843957901,0.005962437018752098
29952,0.01252999808639288,0.012499785483549932,3.0212691751790677e-05,-1.818907380104065,0.0,0.0001507847773609683,0.0009006479797519219,0.6709101098547421,0.9282260383941072,0.7227874268809149,-1.6475138664245605,0.00023370618873741478,False,,0.4732046127319336,0.8584822885692119,-6.94971843957901,0.005962437018752098
30208,0.3587822914123535,0.3587438165435771,3.848095239377147e-05,-1.5382078886032104,0.0,0.0001850858679972589,0.001110251998223376,0.6931931211175236,0.9276344828729877,0.7472696777836751,-1.684767723083496,0.00027094254619441926,False,,0.4732046127319336,0.8584822885692119,-6.94971843957901,0.005962437018752098
30464,0.05495539307594299,0.054938682696533216,1.6710736285707524e-05,-1.6114468574523926,0.0,0.00011789587006205693,0.0007101904228044818,0.470598750676424,0.9270456219594904,0.5076327847616846,-1.690903902053833,0.00023306590446736664,False,,0.4732046127319336,0.8584822885692119,-6.94971843957901,0.005962437018752098
30720,0.3342215120792389,0.3341576272766106,6.389405307720177e-05,-1.6467140913009644,0.0,0.000337793753715232,0.0020433727559572546,0.6253783397172628,0.9264548187140346,0.6750230308967674,-1.6697272062301636,0.00025849920348264277,False,,0.4732046127319336,0.8584822885692119,-6.94971843957901,0.005962437018752098
30976,-0.9348754286766052,-0.934916195278932,4.076602648867976e-05,-1.6154900789260864,0.0,0.00019352041999809444,0.0011755129632822128,0.6935870171070637,0.9258643919856201,0.7491237627354785,-1.6674737930297852,0.00025737276882864535,False,,0.528340756893158,0.8283599600195884,-6.947166186571121,0.008534004911780357
31232,-0.07772772759199142,-0.07778397140808084,5.624195741814308e-05,-1.4055150747299194,0.0,0.0003586101811379194,0.0021872882316336445,0.5142619669849091,0.9252766547230393,0.5557926533214456,-1.7244130373001099,0.00026956573128700256,False,,0.528340756893158,0.8283599600195884,-6.947166186571121,0.008534004911780357
31488,0.14637184143066406,0.14635887756347948,1.296437566351482e-05,-1.605533242225647,0.0,5.8635170717025176e-05,0.00035910114295909293,0.722045914790734,0.9246869788348134,0.7808544202715767,-1.6939928531646729,0.0002472973719704896,False,,0.528340756893158,0.8283599600195884,-6.947166186571121,0.008534004911780357
31744,0.1426231861114502,0.14258638711853128,3.680407973707613e-05,-1.8826979398727417,0.0,0.00016458866593893617,0.0010120904233485335,0.727288370446361,0.9240976787451677,0.7870254272621331,-1.6673766374588013,0.00023775937734171748,False,,0.528340756893158,0.8283599600195884,-6.947166186571121,0.008534004911780357
32000,0.17374111711978912,0.17370086322174175,4.024662035050256e-05,-1.7674953937530518,0.0,0.00019318405247759074,0.0011926979558553956,0.674883697970924,0.9235110629893785,0.7307803068285345,-1.7209044694900513,0.0002378878853050992,False,,0.528340756893158,0.8283599600195884,-6.947166186571121,0.008534004911780357
32256,-0.170348659157753,-0.17039116055450867,4.249650761278595e-05,-1.837956428527832,0.0,0.00020722932822536677,0.0012845268118172788,0.6616678954745085,0.9229225123071852,0.7169268130868599,-1.6880180835723877,0.00024667882826179266,False,,0.528340756893158,0.8283599600195884,-6.947166186571121,0.008534004911780357
32512,0.018868522718548775,0.018837864944461036,3.065855867331374e-05,-1.75657320022583,0.0,0.00014916766667738557,0.0009282943012766751,0.6605353201274484,0.922334336706482,0.7161560551742238,-1.7020694017410278,0.0002354667376494035,False,,0.528340756893158,0.8283599600195884,-6.947166186571121,0.008534004911780357
32768,0.3095656931400299,0.3095207963806141,4.489209757287915e-05,-1.6471343040466309,0.0,0.00023363377840723842,0.0014596391053521966,0.6151122891716049,0.9217488403174509,0.6673317744123874,-1.664307713508606,0.00021958201250527054,False,,0.528340756893158,0.8283599600195884,-6.947166186571121,0.008534004911780357
33024,0.14973008632659912,0.14967344348907355,5.664391486179803e-05,-1.7031099796295166,0.0,0.0002670974063221365,0.0016752198906106273,0.6762564744996072,0.9211614126941978,0.734134610048095,-1.7089277505874634,0.00021727097919210792,False,,0.6181144714355469,0.8749038472771644,-6.945970976352692,0.003880908014252782
33280,0.18711340427398682,0.1870970504867568,1.6353587661499555e-05,-1.7938742637634277,0.0,0.00011214702681172639,0.0007060940603709692,0.46321272417750325,0.9205766608754884,0.5031766976766258,-1.6846363544464111,0.00021727412240579724,False,,0.6181144714355469,0.8749038472771644,-6.945970976352692,0.003880908014252782
33536,0.1398075968027115,0.13976234283447267,4.5259375239312944e-05,-1.524768352508545,0.0,0.00023858860367909074,0.0015079636054201268,0.6002714531920474,0.9199899802784898,0.6524760769789466,-1.6932637691497803,0.00023662782041355968,False,,0.6181144714355469,0.8749038472771644,-6.945970976352692,0.003880908014252782
33792,-1.0063729286193848,-1.0064972805450438,0.00012440902475692076,-1.7393234968185425,0.0,0.0005853809416294098,0.0037139275118425333,0.6699593589816708,0.9194036735711818,0.7286890168487036,-1.685950756072998,0.0002710218250285834,False,,0.6181144714355469,0.8749038472771644,-6.945970976352692,0.003880908014252782
34048,-0.34534552693367004,-0.345407236587524,6.171113056969272e-05,-1.8538360595703125,0.0,0.0003956214350182563,0.0025194713727386383,0.4898736396644458,0.9188200375625082,0.5331551551313651,-1.696777105331421,0.0002283685898873955,False,,0.6181144714355469,0.8749038472771644,-6.945970976352692,0.003880908014252782
34304,-0.042246486991643906,-0.042305366348268585,5.8878319768297407e-05,-1.5543432235717773,0.0,0.0003079874732065946,0.0019687545986455243,0.5981275656072612,0.9182344764559961,0.6513887040222943,-1.7053440809249878,0.0002367812121519819,False,,0.6181144714355469,0.8749038472771644,-6.945970976352692,0.003880908014252782
34560,0.5725458264350891,0.5724230018844654,0.0001228065328860234,-1.8486099243164062,0.0,0.0005131668876856565,0.0032925618988700533,0.7459633966375444,0.9176492885257268,0.8129068544650552,-1.6892759799957275,0.00029737871955148876,False,,0.6181144714355469,0.8749038472771644,-6.945970976352692,0.003880908014252782
34816,0.02351529151201248,0.023411245138550293,0.0001040467288525923,-1.7249555587768555,0.0,0.0004927093395963311,0.0031729606655733276,0.655833713802386,0.917066766197926,0.7151428205401138,-1.7308679819107056,0.00025181134697049856,False,,0.6181144714355469,0.8749038472771644,-6.945970976352692,0.003880908014252782
35072,-0.11649226397275925,-0.11653346102447831,4.119440593052438e-05,-1.9058001041412354,0.0,0.00019030495604965836,0.0012300339667492431,0.6698092417625462,0.9164823224457144,0.7308479665762683,-1.692867398262024,0.00022244142019189894,False,,0.6846141219139099,0.7179313778877259,-6.943486267328263,0.0027262340299785137
35328,0.5376680493354797,0.5376234173934965,4.465397915436061e-05,-1.5657397508621216,0.0,0.00019083460210822523,0.0012379572288209841,0.7214139247264388,0.9158982511576591,0.7876572794135158,-1.663087010383606,0.0002143331221304834,False,,0.6846141219139099,0.7179313778877259,-6.943486267328263,0.0027262340299785137
35584,0.11333876103162766,0.11326376733093058,7.499693828643513e-05,-1.6789848804473877,0.0,0.0003197064797859639,0.002081439995038332,0.7206255137328998,0.9153168403856308,0.7872962475259323,-1.6940014362335205,0.00021075742552056909,False,,0.6846141219139099,0.7179313778877259,-6.943486267328263,0.0027262340299785137
35840,0.8669639229774475,0.8669130089416489,5.090316154554755e-05,-1.885359287261963,0.0,0.00022683867427986115,0.0014821371918068023,0.6868886608734776,0.9147335118556096,0.7509166899112173,-1.704655647277832,0.00023972966300789267,False,,0.6846141219139099,0.7179313778877259,-6.943486267328263,0.0027262340299785137
36096,0.008271921426057816,0.00827192142944259,0.0,0.0,0.0,0.0,0.0,0.0,0.0,0.0,-1.7170714139938354,0.00020485495042521507,False,,0.6846141219139099,0.7179313778877259,-6.943486267328263,0.0027262340299785137
36352,0.1530773639678955,0.1530463669288627,3.0993649929665065e-05,-1.5834496021270752,0.0,0.00018556370923761278,0.0012210764780149752,0.5076446969161085,0.913570253741716,0.5556712194130059,-1.6922463178634644,0.00019800574227701873,False,,0.6846141219139099,0.7179313778877259,-6.943486267328263,0.0027262340299785137
36608,0.41283470392227173,0.41277844923706436,5.624068666012554e-05,-1.661085844039917,0.0,0.0002499387483112514,0.0016504768488628011,0.6815083374101982,0.9129880383058439,0.7464592183209944,-1.721206784248352,0.00020476747886277735,False,,0.6846141219139099,0.7179313778877259,-6.943486267328263,0.0027262340299785137
36864,0.07239017635583878,0.07235758610076883,3.25875985577251e-05,-1.398914098739624,0.0,0.00022947596153244376,0.0015206263024117792,0.4286075876241224,0.9124084749323652,0.46975406235227496,-1.6753180027008057,0.0002198537695221603,False,,0.6846141219139099,0.7179313778877259,-6.943486267328263,0.0027262340299785137
37120,0.4508969485759735,0.450837819889831,5.9119519565638926e-05,-1.5494427680969238,0.0,0.0002479282848071307,0.0016486037803998745,0.717207133314947,0.9118269998944571,0.7865605354940826,-1.6863192319869995,0.0002113554219249636,False,,0.6892588138580322,0.755460423976183,-6.940730118751526,0.0016664153663441539
37376,-0.009414970874786377,-0.009452623748779298,3.7653194058121386e-05,-1.5933641195297241,0.0,0.00015317862562369555,0.0010220754132496724,0.736798744398002,0.9112458954287532,0.8085619349224377,-1.7135541439056396,0.00022221941617317498,False,,0.6892588138580322,0.755460423976183,-6.940730118751526,0.0016664153663441539
37632,-0.04211368039250374,-0.042133518450926936,1.9837478987861276e-05,-1.8023920059204102,0.0,0.00011181732406839728,0.0007486389310415475,0.5299611913118728,0.9106674379648382,0.5819481066504709,-1.738891839981079,0.00018981745233759284,False,,0.6892588138580322,0.755460423976183,-6.940730118751526,0.0016664153663441539
37888,0.38820552825927734,0.3881665404052765,3.897296047157964e-05,-1.7961349487304688,0.0,0.00017513179045636207,0.0011765289107923812,0.6625074847558436,0.9100870724842878,0.7279605488158184,-1.724177360534668,0.0001951591984834522,False,,0.6892588138580322,0.755460423976183,-6.940730118751526,0.0016664153663441539
38144,-1.5291295051574707,-1.5292057166740445,7.623248354638205e-05,-1.7341026067733765,0.0,0.00031459121964871883,0.002120550272954455,0.7189877506669171,0.9095070768688244,0.7905246357644501,-1.7138302326202393,0.00023897447681520134,False,,0.6892588138580322,0.755460423976183,-6.940730118751526,0.0016664153663441539
38400,0.5077286958694458,0.5076699790679952,5.8719595132809175e-05,-1.7917591333389282,0.0,0.0002762644144240767,0.001868425516066395,0.6285462773643962,0.9089297232042014,0.6915235153149306,-1.7151366472244263,0.00020184270397294313,False,,0.6892588138580322,0.755460423976183,-6.940730118751526,0.0016664153663441539
38656,0.6355909109115601,0.6355432760665921,4.763718443936703e-05,-1.8522474765777588,0.0,0.0002138813870260492,0.0014513385985043307,0.6564585891735985,0.9083504651637769,0.7226930731578786,-1.7027944326400757,0.00021162124176044017,False,,0.6892588138580322,0.755460423976183,-6.940730118751526,0.0016664153663441539
38912,0.26716741919517517,0.2671475772232021,1.984610063526963e-05,-1.8531862497329712,0.0,8.537794201401994e-05,0.0005812685096844853,0.6828548357468106,0.9077715762826712,0.7522320081259917,-1.7323764562606812,0.00023243704345077276,False,,0.6892588138580322,0.755460423976183,-6.940730118751526,0.0016664153663441539
39168,-0.4253198206424713,-0.4253608750633241,4.1048972019935825e-05,-1.5542075634002686,0.0,0.0001868887193268165,0.00127654039326085,0.6431284468026672,0.907195324311096,0.7089194901781981,-1.691037893295288,0.00027320851222611964,False,,0.7450907230377197,0.7003143526613712,-6.940672755241394,0.0013598166406154633
39424,0.21891312301158905,0.21884466230850377,6.846055729395922e-05,-1.8578890562057495,0.0,0.0002915799559559673,0.001998139508015364,0.6852430175103951,0.9066171715976055,0.7558240004465021,-1.6947286128997803,0.00019852268451359123,False,,0.7450907230377197,0.7003143526613712,-6.940672755241394,0.0013598166406154633
39680,0.1875285506248474,0.18749234389228805,3.6206573893914506e-05,-1.8274396657943726,0.0,0.0002492274797987193,0.0017134287453530817,0.4226212965331512,0.9060416524403121,0.46644797774459107,-1.712064266204834,0.0001931210863403976,False,,0.7450907230377197,0.7003143526613712,-6.940672755241394,0.0013598166406154633
39936,0.668168306350708,0.6680962115615854,7.2103844491866e-05,-1.620979905128479,0.0,0.0003017233975697309,0.0020810262949328786,0.6929642808207922,0.9054642349582593,0.7653138070690743,-1.707589864730835,0.0002267521049361676,False,,0.7450907230377197,0.7003143526613712,-6.940672755241394,0.0013598166406154633
40192,-0.8045791387557983,-0.8046467383659358,6.760404151656971e-05,-1.8488999605178833,0.0,0.00028024177299812436,0.0019390587058241643,0.6972872075870002,0.9048871854625432,0.770579160351988,-1.6983991861343384,0.000198517634999007,False,,0.7450907230377197,0.7003143526613712,-6.940672755241394,0.0013598166406154633
40448,-0.04010804742574692,-0.040138340478515604,3.029280228820419e-05,-1.5001556873321533,0.0,0.00015810999320819974,0.0010974700603707368,0.5520479033017259,0.9043127644977326,0.6104612529806994,-1.7252403497695923,0.0002166590711567551,False,,0.7450907230377197,0.7003143526613712,-6.940672755241394,0.0013598166406154633
40704,0.35825273394584656,0.3582119573791512,4.076364914204627e-05,-1.6504899263381958,0.0,0.00018185266526415944,0.0012662662026645362,0.6438401191829886,0.9037364488305024,0.7124202194303022,-1.7002333402633667,0.00021612328418996185,False,,0.7450907230377197,0.7003143526613712,-6.940672755241394,0.0013598166406154633
40960,0.15018440783023834,0.1500883923324611,9.600828964412461e-05,-1.8530795574188232,0.0,0.00038460775977000594,0.0026864994503665576,0.7147463933485995,0.9031605004474258,0.791383583531957,-1.688017725944519,0.00026538065867498517,False,,0.7450907230377197,0.7003143526613712,-6.940672755241394,0.0013598166406154633
41216,0.2297794669866562,0.22968394883651783,9.551447494292163e-05,-1.8551768064498901,0.0,0.0004409441608004272,0.003089597290339615,0.6182972469685359,0.9025871755795521,0.6850277332729956,-1.70769202709198,0.00020156144455540925,False,,0.7654797434806824,0.6654372073709964,-6.940017992258072,0.0007795889396220446
41472,0.6540090441703796,0.6539799570022587,2.9078971044268413e-05,-1.691672921180725,0.0,0.00012164262443548068,0.0008549693694080217,0.6802342185522414,0.9020119596246867,0.7541299328617288,-1.7324228286743164,0.00016590632731094956,False,,0.7654797434806824,0.6654372073709964,-6.940017992258072,0.0007795889396220446
41728,0.6543359160423279,0.6542782979171782,5.761763963513192e-05,-1.806267261505127,0.0,0.00023555305961053818,0.0016607020431142145,0.6938949689865502,0.9014371102531318,0.7697652571588696,-1.7341320514678955,0.00022117693151813,False,,0.7654797434806824,0.6654372073709964,-6.940017992258072,0.0007795889396220446
41984,0.013603891246020794,0.01356925126342976,3.46400678333496e-05,-1.3460876941680908,0.0,0.00015248529962264001,0.0010783400818254413,0.6424701894547037,0.900864879390648,0.7131704256128572,-1.7238770723342896,0.00018810284382198006,False,,0.7654797434806824,0.6654372073709964,-6.940017992258072,0.0007795889396220446
42240,0.25493574142456055,0.25489803909454206,3.7688750468053284e-05,-1.5618034601211548,0.0,0.00016590954328421503,0.0011768498971343813,0.6405022519834525,0.9002907610497014,0.7114393257092337,-1.7117013931274414,0.00024818661040626466,False,,0.7654797434806824,0.6654372073709964,-6.940017992258072,0.0007795889396220446
42496,0.04908856749534607,0.04905698436431849,3.158198946936224e-05,-1.583347201347351,0.0,0.00023885669361334294,0.0016994012014743918,0.3716837370947116,0.8997192578878924,0.41311079410175794,-1.7252925634384155,0.0002332247095182538,False,,0.7654797434806824,0.6654372073709964,-6.940017992258072,0.0007795889396220446
42752,0.5124688744544983,0.5124071617126466,6.169810893325626e-05,-1.7013798952102661,0.0,0.00025421453756280243,0.0018141155745236529,0.6802004216237086,0.8991458696479094,0.7564961866421783,-1.7308990955352783,0.00016643761773593724,False,,0.7654797434806824,0.6654372073709964,-6.940017992258072,0.0007795889396220446
43008,-0.9540374875068665,-0.9540957614471438,5.8264437136005484e-05,-1.4554107189178467,0.0,0.00023982157290447503,0.0017165287102789942,0.6788635318139891,0.8985728468264399,0.7554908143636707,-1.7296953201293945,0.0001915385655593127,False,,0.7654797434806824,0.6654372073709964,-6.940017992258072,0.0007795889396220446
43264,-0.09857897460460663,-0.09864295174255386,6.397571673945995e-05,-1.7396087646484375,0.0,0.00032182008726522326,0.0023102632333743883,0.5538391973283193,0.898002434193883,0.6167457639750036,-1.726244568824768,0.00022791048104409128,False,,0.7902309894561768,0.6528299152851105,-6.9389694929122925,0.0021258308552205563
43520,0.13025516271591187,0.1302375855651859,1.7580583711470944e-05,-1.8234578371047974,0.0,7.137597276596352e-05,0.0005139055446002044,0.6841951364874981,0.8974301400802152,0.7623937573863326,-1.7244553565979004,0.00016572294407524168,False,,0.7902309894561768,0.6528299152851105,-6.9389694929122925,0.0021258308552205563
43776,0.192875936627388,0.1928478350524907,2.8097160018746225e-05,-1.6994562149047852,0.0,0.00010642684355843812,0.0007685247433432515,0.7311972779566577,0.8968582106877775,0.8152874883042229,-1.7282257080078125,0.0001906330289784819,False,,0.7902309894561768,0.6528299152851105,-6.9389694929122925,0.0021258308552205563
44032,0.12290685623884201,0.12285796806335421,4.888758225419564e-05,-1.800545573234558,0.0,0.00023993274953681976,0.0017376376108422437,0.5626901944243659,0.8962888865035497,0.6278000351197452,-1.7312105894088745,0.0005042688571847975,False,,0.7902309894561768,0.6528299152851105,-6.9389694929122925,0.0021258308552205563
44288,-0.20801687240600586,-0.20805152355881001,3.464658477435477e-05,-1.8263074159622192,0.0,0.00014309139805845916,0.0010393069560583306,0.6667247740889793,0.8957176844284102,0.744347003168125,-1.733542799949646,0.0001745361223584041,False,,0.7902309894561768,0.6528299152851105,-6.9389694929122925,0.0021258308552205563
44544,-0.008356830105185509,-0.008392820906065754,3.5990363972856404e-05,-1.722644567489624,0.0,0.00013961935474071652,0.0010170195170025298,0.7077615202298398,0.8951468463785481,0.7906652669259754,-1.7459394931793213,0.000212362123420462,False,,0.7902309894561768,0.6528299152851105,-6.9389694929122925,0.0021258308552205563
44800,0.4056544005870819,0.40559463599548035,5.975921185823432e-05,-1.875762939453125,0.0,0.0002664701023604721,0.001946585291341962,0.6139901716511661,0.8945786085656973,0.6863456892129285,-1.740740418434143,0.00019460309704300016,False,,0.7902309894561768,0.6528299152851105,-6.9389694929122925,0.0021258308552205563
45056,0.13258996605873108,0.13255545963592305,3.4511504656981116e-05,-1.8649698495864868,0.0,0.00014173750241752714,0.0010383620396284344,0.6647297058226561,0.8940084964452831,0.743538465759246,-1.7355197668075562,0.00016686705930624157,False,,0.7902309894561768,0.6528299152851105,-6.9389694929122925,0.0021258308552205563
45312,0.10438132286071777,0.10435016517028708,3.115400317947349e-05,-1.626967430114746,0.0,0.0002649854577612132,0.0019467639588986027,0.3200593789202787,0.8934409812551829,0.35823225667422565,-1.7085778713226318,0.0001962056412594393,False,,0.8009942173957825,0.6386144883930683,-6.938542485237122,0.004960059188306332
45568,0.17051094770431519,0.17047959377212538,3.135905657788412e-05,-1.6603281497955322,0.0,0.00014670639939140528,0.0010808500300667993,0.5802665625303457,0.8928715941410589,0.6498880313115586,-1.7532848119735718,0.00019199252710677683,False,,0.8009942173957825,0.6386144883930683,-6.938542485237122,0.004960059188306332
45824,-1.2512012720108032,-1.2512863638076757,8.506625802582862e-05,-1.6525657176971436,0.0,0.0003413225640542805,0.0025217360679740735,0.6746642450505903,0.8923025698955435,0.7560935805996494,-1.7112528085708618,0.00019870969117619097,False,,0.8009942173957825,0.6386144883930683,-6.938542485237122,0.004960059188306332
46080,-0.23192371428012848,-0.2319631068023693,3.938861486773274e-05,-1.8521283864974976,0.0,0.00023161727585829794,0.0017159802934215204,0.4590800374425647,0.891736137624939,0.5148160067453184,-1.7203459739685059,0.00017604096501599997,False,,0.8009942173957825,0.6386144883930683,-6.938542485237122,0.004960059188306332
46336,-0.02078239619731903,-0.020824006736757293,4.161112788984458e-05,-1.7469249963760376,0.0,0.00015922712918836623,0.0011829412349693156,0.7035197803536527,0.8911678370022733,0.7894357843076624,-1.7009400129318237,0.00016775276162661612,False,,0.8009942173957825,0.6386144883930683,-6.938542485237122,0.004960059188306332
46592,0.6801957488059998,0.6801628537734999,3.2884328360111303e-05,-1.9099650382995605,0.0,0.0001228226174134761,0.000915003099268204,0.7187806989159128,0.8905998985557987,0.8070747594755976,-1.7519935369491577,0.0001584385900059715,False,,0.8009942173957825,0.6386144883930683,-6.938542485237122,0.004960059188306332
46848,-0.014901564456522465,-0.014996144497681236,9.458023303992753e-05,-1.6767666339874268,0.0,0.00041342462645843625,0.0030883565751072127,0.612495550560862,0.8900345471382878,0.688170535099124,-1.7124148607254028,0.00022978847846388817,False,,0.8009942173957825,0.6386144883930683,-6.938542485237122,0.004960059188306332
47104,-0.14086808264255524,-0.14089927290802298,3.118532186103968e-05,-1.7243751287460327,0.0,0.00012635515304282308,0.0009464749246113822,0.6589783004308162,0.8894673309338623,0.7408684698278317,-1.7227760553359985,0.0001447128743166104,False,,0.8009942173957825,0.6386144883930683,-6.938542485237122,0.004960059188306332
47360,0.5540885925292969,0.5540460968116794,4.249874538110058e-05,-1.830003261566162,0.0,0.00016000214964151382,0.0012017679005768007,0.7072704365077961,0.8889004762145315,0.7956688689376965,-1.7434097528457642,0.00018509422079659998,False,,0.8132301568984985,0.6474429156631232,-6.937744057178497,0.002196862827986479
47616,0.09409530460834503,0.09404129333496095,5.401407954369207e-05,-1.565311312675476,0.0,0.00020524460705928504,0.0015457320672785631,0.698880235289289,0.8883362035876551,0.7867294302165949,-1.7028528451919556,0.0002307224494870752,False,,0.8132301568984985,0.6474429156631232,-6.937744057178497,0.002196862827986479
47872,1.1349514722824097,1.134886692645267,6.472980095916668e-05,-1.7279890775680542,0.0,0.00025526972603984177,0.001927648167856801,0.6715935204206336,0.8877700697322077,0.7564948890687619,-1.755377173423767,0.00018503284081816673,False,,0.8132301568984985,0.6474429156631232,-6.937744057178497,0.002196862827986479
48128,0.0065179988741874695,0.006517998673245894,0.0,0.0,0.0,0.0,0.0,0.0,0.0,0.0,-1.7149664163589478,0.00018613319844007492,False,,0.8132301568984985,0.6474429156631232,-6.937744057178497,0.002196862827986479
48384,0.23476079106330872,0.23474081130905253,1.9973344860986376e-05,-1.7730443477630615,0.0,9.555880387779325e-05,0.0007254509007297879,0.550646359137293,0.8866411007773118,0.6210476354576224,-1.7165862321853638,0.00017707314691506326,False,,0.8132301568984985,0.6474429156631232,-6.937744057178497,0.002196862827986479
48640,0.37884658575057983,0.37878524268722685,6.1347043816776e-05,-1.826243281364441,0.0,0.00023633793171029538,0.0017989466485081272,0.6820329426406426,0.8860760472055291,0.7697228074177274,-1.7378264665603638,0.00018095519044436514,False,,0.8132301568984985,0.6474429156631232,-6.937744057178497,0.002196862827986479
48896,0.027079353109002113,0.027044159623720043,3.5192934826021624e-05,-1.8408111333847046,0.0,0.00022759770217817277,0.0017369597818751635,0.4052245215260944,0.8855135675217537,0.4576152601028776,-1.7069875001907349,0.00020364488591440022,False,,0.8132301568984985,0.6474429156631232,-6.937744057178497,0.002196862827986479
49152,0.4220006763935089,0.4219585472869862,4.213095576311043e-05,-1.6005244255065918,0.0,0.00016069793491624296,0.0012296110036060092,0.6852729137842034,0.8849492325233518,0.7743640975089728,-1.746290683746338,0.00016472347488161176,False,,0.8132301568984985,0.6474429156631232,-6.937744057178497,0.002196862827986479
49408,-0.019479386508464813,-0.019513385082245805,3.3999374216257236e-05,-1.7449865341186523,0.0,0.00012149691610829905,0.0009320781934129255,0.7295390978253468,0.8843852571738611,0.8249109671464445,-1.7271664142608643,0.00016753441013861448,False,,0.8251587748527527,0.6540690716356039,-6.935935181379318,0.004656432196497917
49664,-0.04207406938076019,-0.042101465252685016,2.7396838897684453e-05,-1.6477473974227905,0.0,0.000129634456243366,0.0009970729833042242,0.5495453062401392,0.8838238508009435,0.6217814847858285,-1.727993130683899,0.0001653681101743132,False,,0.8251587748527527,0.6540690716356039,-6.935935181379318,0.004656432196497917
49920,0.3790515065193176,0.3790278811096214,2.361542534554299e-05,-1.9162849187850952,0.0,9.538908489048481e-05,0.000735568663137388,0.6420998209689134,0.8832605926536683,0.7269653217968081,-1.724582314491272,0.00017114923684857786,False,,0.8251587748527527,0.6540690716356039,-6.935935181379318,0.004656432196497917
50176,-1.7810178995132446,-1.7811208157905611,0.00010290916993222717,-1.6652926206588745,0.0,0.00037920568138360977,0.002931647047685923,0.7020570229520493,0.8826976934690305,0.7953538659344883,-1.7209314107894897,0.0001652022619964555,False,,0.8251587748527527,0.6540690716356039,-6.935935181379318,0.004656432196497917
50432,0.9221889972686768,0.9221284301727342,6.056799938705302e-05,-1.863654375076294,0.0,0.0002272493438795209,0.0017613343269641329,0.6877513083100935,0.8821373583589035,0.7796419704858223,-1.7202155590057373,0.00020008772844448686,False,,0.8251587748527527,0.6540690716356039,-6.935935181379318,0.004656432196497917
50688,0.5948131680488586,0.5947874264160171,2.5752730305836462e-05,-1.878983736038208,0.0,0.00010279369598720223,0.000798742321054422,0.6448319971787699,0.8815751750079325,0.7314543506434011,-1.746483325958252,0.00015008148329798132,False,,0.8251587748527527,0.6540690716356039,-6.935935181379318,0.004656432196497917
50944,0.2482767552137375,0.248254557696532,2.220401299484399e-05,-1.9033246040344238,0.0,8.556162356399e-05,0.0006665223694866662,0.6662645999996909,0.8810133499346344,0.7562480183179102,-1.7534880638122559,0.00016756269906181842,False,,0.8251587748527527,0.6540690716356039,-6.935935181379318,0.004656432196497917
51200,-0.3789314329624176,-0.3789664770553602,3.504439532589228e-05,-1.3835065364837646,0.0,0.0001619067188585177,0.0012644053348359913,0.554322168063898,0.880454084043139,0.629586684995987,-1.7434417009353638,0.00021167400700505823,False,,0.8251587748527527,0.6540690716356039,-6.935935181379318,0.004656432196497917
51456,0.2773599624633789,0.27730539041290175,5.4584610773011395e-05,-1.6933393478393555,0.0,0.000206458120374009,0.0016163596249837288,0.67540180946503,0.8798929734375702,0.7675954120037656,-1.7488442659378052,0.0001552287576487288,False,,0.8219084143638611,0.7638392083346843,-6.9334091484546665,0.004519011825323105
51712,0.24590778350830078,0.2458610997554788,4.668314881787379e-05,-1.8270798921585083,0.0,0.0002855424245353788,0.002241050441906344,0.41661845663913644,0.8793344187593163,0.4737884105878148,-1.7386847734451294,0.00017185381148010492,False,,0.8219084143638611,0.7638392083346843,-6.9334091484546665,0.004519011825323105
51968,0.6600290536880493,0.6599687801849359,6.029068086687877e-05,-1.6864972114562988,0.0,0.00023255145060829818,0.0018296748220944686,0.6590316502017851,0.8787740217128949,0.7499443928909155,-1.7388060092926025,0.0001569954038131982,False,,0.8219084143638611,0.7638392083346843,-6.9334091484546665,0.004519011825323105
52224,-1.1295002698898315,-1.129588055387116,8.781160800655136e-05,-1.6325668096542358,0.0,0.00030794396298006177,0.002428818929953699,0.7230807280329071,0.8782139818057403,0.823353696266762,-1.715386152267456,0.0001542403915664181,False,,0.8219084143638611,0.7638392083346843,-6.9334091484546665,0.004519011825323105
52480,-0.009255599230527878,-0.009274854269408389,1.9254734792064954e-05,-1.7894489765167236,0.0,8.683495252626017e-05,0.0006865579631016571,0.5609063131415154,0.8776564929487385,0.6390954976667351,-1.7414389848709106,0.00016484942170791328,False,,0.8219084143638611,0.7638392083346843,-6.9334091484546665,0.004519011825323105
52736,0.30803170800209045,0.30798815416412545,4.356871483822266e-05,-1.8308418989181519,0.0,0.00017386017134413123,0.001377973709439583,0.6323591595363877,0.8770971652391341,0.7209681944006507,-1.7421010732650757,0.00018449062190484256,False,,0.8219084143638611,0.7638392083346843,-6.9334091484546665,0.004519011825323105
52992,0.21532374620437622,0.21527055587768557,5.318606543756687e-05,-1.6620155572891235,0.0,0.00018573070701677352,0.001475630418916836,0.7208588919792978,0.8765381939873114,0.8223930194075865,-1.7315747737884521,0.0001748015929479152,False,,0.8219084143638611,0.7638392083346843,-6.9334091484546665,0.004519011825323105
53248,0.349407821893692,0.34933131798172107,7.65056525895279e-05,-1.8856725692749023,0.0,0.0003090411482844502,0.002461240617868959,0.6216836503841673,0.875981768917786,0.7096993024777374,-1.7558997869491577,0.00017791071149986237,False,,0.8219084143638611,0.7638392083346843,-6.9334091484546665,0.004519011825323105
53504,0.55609530210495,0.5560627137466422,3.260740614563681e-05,-1.6789660453796387,0.0,0.00012584528303705156,0.0010046566666343337,0.6491253624957026,0.8754235085045143,0.7414986645773349,-1.729190468788147,0.00017187408229801804,False,,0.83531653881073,0.6634730942547321,-6.932585257291794,0.002901968313381076
53760,0.7008578777313232,0.7008199377105717,3.793664991968382e-05,-1.9364908933639526,0.0,0.00013746019976679236,0.0011000075764181143,0.689752520491078,0.87486560386884,0.7884096910895194,-1.7368156909942627,0.00015509294462390244,False,,0.83531653881073,0.6634730942547321,-6.932585257291794,0.002901968313381076
54016,0.01704505831003189,0.017005226135253907,3.983188866061707e-05,-1.610291600227356,0.0,0.00015658636402804404,0.001256034718245488,0.6342482111681892,0.8743102405568962,0.7254269500082736,-1.7639235258102417,0.0001553688634885475,False,,0.83531653881073,0.6634730942547321,-6.932585257291794,0.002901968313381076
54272,0.3618744909763336,0.3618478020919778,2.6699637980684025e-05,-1.615134358406067,0.0,0.00010328761709388345,0.0008304703475222847,0.6430003927375039,0.8737530454033671,0.735906325156971,-1.741320013999939,0.000159593895659782,False,,0.83531653881073,0.6634730942547321,-6.932585257291794,0.002901968313381076
54528,-0.013756844215095043,-0.013777730123900983,2.0885840789492256e-05,-1.8147153854370117,0.0,0.0001788055815268308,0.0014410407508317138,0.28987161920907156,0.8731983883417905,0.33196536214357847,-1.73422372341156,0.00016390682139899582,False,,0.83531653881073,0.6634730942547321,-6.932585257291794,0.002901968313381076
54784,0.5068652629852295,0.5068107375465392,5.45376084200991e-05,-1.8241493701934814,0.0,0.00020578077237587422,0.0016623349092518278,0.6561566880003141,0.8726419017681647,0.7519197584608258,-1.7611769437789917,0.00017489035963080823,False,,0.83531653881073,0.6634730942547321,-6.932585257291794,0.002901968313381076
55040,-1.1303166151046753,-1.1303897861770618,7.319375758052484e-05,-1.8873937129974365,0.0,0.0002730602282099426,0.002210985867373805,0.6620915914533991,0.8720857698416736,0.7592046726936058,-1.7591726779937744,0.00017673178808763623,False,,0.83531653881073,0.6634730942547321,-6.932585257291794,0.002901968313381076
55296,-0.09219034016132355,-0.09226697980346653,7.663649182350734e-05,-1.749739408493042,0.0,0.00034547015093266964,0.0028037750984369293,0.5466664702616929,0.8715321711640064,0.6272476086930591,-1.7344239950180054,0.00016539156786166131,False,,0.83531653881073,0.6634730942547321,-6.932585257291794,0.002901968313381076
55552,0.14668583869934082,0.14666936950683884,1.6474715406801604e-05,-1.782920479774475,0.0,5.94667908444535e-05,0.00048373952100795863,0.6811399396300537,0.8709767464653227,0.7820414751534044,-1.7315173149108887,0.000169865699717775,False,,0.8589247465133667,0.6148864649236202,-6.932642495632171,0.0049090152606368065
55808,0.19749055802822113,0.19743826751708984,5.228311162535923e-05,-1.6706786155700684,0.0,0.00017855838814284652,0.0014558516608051022,0.7182477862675388,0.8704216757370444,0.8251722197282716,-1.7325284481048584,0.00015890950453467667,False,,0.8589247465133667,0.6148864649236202,-6.932642495632171,0.0049090152606368065
56064,0.18550965189933777,0.18547257156982525,3.707406764564838e-05,-1.6487451791763306,0.0,0.0001412915444234386,0.0011546340664835856,0.6421786559365373,0.8698691334237024,0.7382474343111795,-1.7600797414779663,0.00015155314758885652,False,,0.8589247465133667,0.6148864649236202,-6.932642495632171,0.0049090152606368065
56320,-0.2171846330165863,-0.2172119849792507,2.7346428601941358e-05,-1.783564805984497,0.0,0.00010216551163466647,0.0008368029550795626,0.6535930217727608,0.8693147685737156,0.7518485195473104,-1.7347674369812012,0.00017722811026033014,False,,0.8589247465133667,0.6148864649236202,-6.932642495632171,0.0049090152606368065
56576,-0.01137127261608839,-0.011398997062680428,2.7724644827554207e-05,-1.881730318069458,0.0,9.837291145231575e-05,0.0008075708091044228,0.6866183005871693,0.8687607570186958,0.7903422145164797,-1.7238130569458008,0.0001900017959997058,False,,0.8589247465133667,0.6148864649236202,-6.932642495632171,0.0049090152606368065
56832,0.39416804909706116,0.39411278408508227,5.526064552257095e-05,-1.7640089988708496,0.0,0.00021700239449273795,0.0017854492493525262,0.6190111037052509,0.8682092690539489,0.7129745393985039,-1.7334567308425903,0.00015953335969243199,False,,0.8589247465133667,0.6148864649236202,-6.932642495632171,0.0049090152606368065
57088,0.20897124707698822,0.20893788764190396,3.336404848029787e-05,-1.8339241743087769,0.0,0.00012698184582404792,0.001047133266322933,0.6372455073929145,0.8676559620302797,0.734444912822112,-1.7301712036132812,0.0001494163734605536,False,,0.8589247465133667,0.6148864649236202,-6.932642495632171,0.0049090152606368065
57344,0.2749047875404358,0.27487474240265003,3.0048657762535863e-05,-1.7827783823013306,0.0,0.00014248238585423678,0.0011775806209815924,0.5103456566309369,0.8671051753876571,0.5885625770861954,-1.7409660816192627,0.0001940609945449978,False,,0.8589247465133667,0.6148864649236202,-6.932642495632171,0.0049090152606368065
57600,0.2259588986635208,0.22594064483642579,1.825132259678886e-05,-1.6902129650115967,0.0,7.536092743976042e-05,0.0006242295741786014,0.5847631497051399,0.8665525719993926,0.6748155491084847,-1.751440167427063,0.0001595191570231691,False,,0.8347694277763367,0.678441658616066,-6.931221133470535,0.001356378779746592
57856,-1.221211314201355,-1.2212786583587674,6.73445932390829e-05,-1.7238630056381226,0.0,0.000252599100349471,0.002096979756625556,0.642300842688661,0.8660003207835213,0.7416866105863953,-1.7434983253479004,0.00013316974218469113,False,,0.8347694277763367,0.678441658616066,-6.931221133470535,0.001356378779746592
58112,-0.27526357769966125,-0.2752892766204823,2.5699298838538004e-05,-1.26107656955719,0.0,0.00014850379375275224,0.0012355385478743865,0.4160015708575168,0.865450585139363,0.4806762835460194,-1.746050477027893,0.00016251560009550303,False,,0.8347694277763367,0.678441658616066,-6.931221133470535,0.001356378779746592
58368,-0.021175095811486244,-0.02121912861633464,4.4032793223607866e-05,-1.6597964763641357,0.0,0.00015689253632444888,0.0013082082835293109,0.6731771045634308,0.8648990362162353,0.7783302748358345,-1.7510563135147095,0.00015065821935422719,False,,0.8347694277763367,0.678441658616066,-6.931221133470535,0.001356378779746592
58624,0.7894492149353027,0.789413031275943,3.6191245821425206e-05,-1.752242088317871,0.0,0.00012032852828269824,0.0010055296615625866,0.7198444204059429,0.8643478387934935,0.8328179791723007,-1.7384306192398071,0.00017354545707348734,False,,0.8347694277763367,0.678441658616066,-6.931221133470535,0.001356378779746592
58880,0.04204131290316582,0.041962384033203126,7.893056102042145e-05,-1.5955684185028076,0.0,0.000283986737485975,0.002378308289268061,0.6637538234768783,0.8637991521423084,0.7684122192418252,-1.7684862613677979,0.0001571813045302406,False,,0.8347694277763367,0.678441658616066,-6.931221133470535,0.001356378779746592
59136,-0.12490924447774887,-0.12492743893585576,1.8191303287381194e-05,-1.8942714929580688,0.0,6.715674680890515e-05,0.000563641755450424,0.645491683732478,0.8632486556722112,0.7477471056469054,-1.7398533821105957,0.00014581142750103027,False,,0.8347694277763367,0.678441658616066,-6.931221133470535,0.001356378779746592
59392,0.4881593883037567,0.48810611679076976,5.3282105259121287e-05,-1.8508689403533936,0.0,0.00019475974841043353,0.0016381439039803442,0.65051800552634,0.862698510031775,0.7540502249185292,-1.7523484230041504,0.00018553501286078244,False,,0.8347694277763367,0.678441658616066,-6.931221133470535,0.001356378779746592
59648,0.05447939410805702,0.05442413278045715,5.5260544049772894e-05,-1.6910113096237183,0.0,0.0002023100241785869,0.0017053042633138605,0.6481018694269483,0.8621508703718986,0.7517267472540881,-1.7519505023956299,0.0001552234316477552,False,,0.8073383569717407,0.66198178678751,-6.930645596981049,0.0013354067923501134
59904,1.0598483085632324,1.0598019971923873,4.633630558464217e-05,-1.9048043489456177,0.0,0.00016526164836250246,0.001396007820463329,0.6638402006840242,0.8616014243465654,0.7704724968247093,-1.7483659982681274,0.00017424960969947278,False,,0.8073383569717407,0.66198178678751,-6.930645596981049,0.0013354067923501134
60160,-0.01720682717859745,-0.01720682706756925,0.0,0.0,0.0,0.0,0.0,0.0,0.0,0.0,-1.738071084022522,0.000181197450729087,False,,0.8073383569717407,0.66198178678751,-6.930645596981049,0.0013354067923501134
60416,0.2635887563228607,0.26356585909729185,2.288839333937095e-05,-1.6751718521118164,0.0,9.79752148850821e-05,0.0008311493597116731,0.5507648672751421,0.8605057338150354,0.6400478760708971,-1.7401622533798218,0.00016000866889953613,False,,0.8073383569717407,0.66198178678751,-6.930645596981049,0.0013354067923501134
60672,0.40342438220977783,0.40337622479172136,4.8165635297506385e-05,-1.7761685848236084,0.0,0.00017483231204096228,0.001486291626340683,0.6481316915724319,0.8599573362300311,0.7536788911107821,-1.7490341663360596,0.0001612794876564294,False,,0.8073383569717407,0.66198178678751,-6.930645596981049,0.0013354067923501134
60928,0.07388348132371902,0.0738380214370729,4.545783026836861e-05,-1.67218816280365,0.0,0.0002687122905626893,0.0022891902151676155,0.397152058113617,0.859411436662981,0.4621209832344371,-1.7362614870071411,0.00018086352793034166,False,,0.8073383569717407,0.66198178678751,-6.930645596981049,0.0013354067923501134
61184,0.4517342448234558,0.45170967102050785,2.4562046895349108e-05,-1.7615193128585815,0.0,8.629629883216694e-05,0.0007367129313842546,0.6668010251753824,0.8588637364700938,0.7763758054518825,-1.741355061531067,0.00014068707241676748,False,,0.8073383569717407,0.66198178678751,-6.930645596981049,0.0013354067923501134
61440,-0.036111894994974136,-0.036207720240784697,9.582357308763519e-05,-1.867179036140442,0.0,0.0003182055661454797,0.0027222114515918707,0.7040127101926658,0.858316385324809,0.8202251783021121,-1.743593454360962,0.00021959858713671565,False,,0.8073383569717407,0.66198178678751,-6.930645596981049,0.0013354067923501134
61696,-0.022358184680342674,-0.022382999168396055,2.4813866119075712e-05,-1.6801304817199707,0.0,0.00011536470265127718,0.0009889803833363921,0.5018070436415424,0.8577715274308174,0.5850124742943453,-1.7511937618255615,0.00014054587518330663,False,,0.8548822402954102,0.6234875060617924,-6.930758094787597,0.0040349531918764114
61952,0.38352927565574646,0.38351090834961216,1.83665360443443e-05,-1.9081133604049683,0.0,6.806043529650196e-05,0.0005846687671773711,0.6282714957740316,0.8572248723469019,0.7329132833651408,-1.7555124759674072,0.00014633583487011492,False,,0.8548822402954102,0.6234875060617924,-6.930758094787597,0.0040349531918764114
62208,-1.7317181825637817,-1.7317937673156762,7.560333520108312e-05,-1.8111779689788818,0.0,0.0002565887989476323,0.002208765414406278,0.6845755072763623,0.856678565644544,0.7991042786990993,-1.750308632850647,0.0001366731885354966,False,,0.8548822402954102,0.6234875060617924,-6.930758094787597,0.0040349531918764114
62464,1.0719373226165771,1.0718562995910674,8.099172126729015e-05,-1.7836815118789673,0.0,0.00026823178632184863,0.002313724715404181,0.7000981640388609,0.8561347474359144,0.8177429617658013,-1.7779829502105713,0.0002401784877292812,False,,0.8548822402954102,0.6234875060617924,-6.930758094787597,0.0040349531918764114
62720,0.6784923076629639,0.6784334746337903,5.8832663652400065e-05,-1.660585641860962,0.0,0.0002116988762281835,0.0018298243067170967,0.643041667294848,0.8555891354667176,0.7515776447349036,-1.7550643682479858,0.00018705402908381075,False,,0.8548822402954102,0.6234875060617924,-6.930758094787597,0.0040349531918764114
62976,0.3752875030040741,0.3752729463134747,1.45616281468208e-05,-1.7824664115905762,0.0,5.087132376502268e-05,0.00044060522880582775,0.6609829931563533,0.8550438712143046,0.7730398584316469,-1.7641613483428955,0.0001526367268525064,False,,0.8548822402954102,0.6234875060617924,-6.930758094787597,0.0040349531918764114
63232,-0.4768495559692383,-0.4768900506103499,4.048325398806298e-05,-1.6432596445083618,0.0,0.0001500710641266778,0.0013024236893995106,0.6216602833249754,0.8545010907071331,0.7275125685451462,-1.7524492740631104,0.00015354089555330575,False,,0.8548822402954102,0.6234875060617924,-6.930758094787597,0.0040349531918764114
63488,0.2724440097808838,0.27237199547195345,7.200113987174684e-05,-1.7469033002853394,0.0,0.00025516768801026046,0.002219011829391392,0.6489477786289637,0.8539565198622072,0.7599307031857742,-1.730263590812683,0.00015681680815760046,False,,0.8548822402954102,0.6234875060617924,-6.930758094787597,0.0040349531918764114
63744,0.25606369972229004,0.2560185394226079,4.515340990058272e-05,-1.856523871421814,0.0,0.00026575595256872475,0.0023157335534418483,0.38997068409249175,0.853414429603967,0.4569534689886371,-1.7348332405090332,0.00018282950622960925,False,,0.8466221690177917,0.6308745481073856,-6.929989469051361,0.0030677802860736847
64000,0.8249634504318237,0.824925938175965,3.752865997387432e-05,-1.644347906112671,0.0,0.00013375173148233443,0.0011678217924529777,0.6427121024184075,0.8528705512847283,0.753586932331352,-1.7181859016418457,0.0001576741342432797,False,,0.8466221690177917,0.6308745481073856,-6.929989469051361,0.0030677802860736847
64256,-1.073082685470581,-1.073184137815857,0.00010146884938490646,-1.6930005550384521,0.0,0.00032944019767455757,0.0028821849265788383,0.7041106103163912,0.852327019577424,0.8261038241700738,-1.7722150087356567,0.0001506029220763594,False,,0.8466221690177917,0.6308745481073856,-6.929989469051361,0.0030677802860736847
64512,0.015339297242462635,0.015321200976562978,1.8096116723755662e-05,-1.7130905389785767,0.0,7.710329373367131e-05,0.0006758953108007452,0.5354709948295653,0.8517859637234065,0.6286450089983455,-1.7819666862487793,0.00016272040375042707,False,,0.8466221690177917,0.6308745481073856,-6.929989469051361,0.0030677802860736847
64768,0.31358107924461365,0.3135463485717774,3.472093342888413e-05,-1.7540992498397827,0.0,0.000128193772980012,0.001125990303357786,0.6167181604556229,0.8512431232203277,0.7244912101286924,-1.7540736198425293,0.0001508736895630136,False,,0.8466221690177917,0.6308745481073856,-6.929989469051361,0.0030677802860736847
65024,0.29120999574661255,0.29116176223754886,4.821928921654737e-05,-1.7361201047897339,0.0,0.0001582967524882406,0.0013931489173123937,0.6922345288050048,0.8507006286677862,0.8137228367740337,-1.7423710823059082,0.00016524952661711723,False,,0.8466221690177917,0.6308745481073856,-6.929989469051361,0.0030677802860736847
65280,0.18085555732250214,0.1807752034332283,8.036070258133947e-05,-1.9161608219146729,0.0,0.0003160818596370518,0.0027872518021757834,0.5766303748990912,0.850160605244165,0.6782605208265133,-1.7308757305145264,0.00016016204608604312,False,,0.8466221690177917,0.6308745481073856,-6.929989469051361,0.0030677802860736847
65536,0.6564309597015381,0.6564046969284071,2.6286767685762675e-05,-1.8741546869277954,0.0,9.297206270275638e-05,0.0008214482409324659,0.6400103226448761,0.849618800576909,0.7532911491721884,-1.7460097074508667,0.00013420135655906051,False,,0.8466221690177917,0.6308745481073856,-6.929989469051361,0.0030677802860736847
65792,0.5603446364402771,0.5603228637695342,2.175025817442104e-05,-1.779436707496643,0.0,7.650074985576794e-05,0.0006772378327706254,0.642322596935829,0.8490773412000553,0.7564948041458667,-1.762686848640442,0.0001305501937167719,False,,0.8406084179878235,0.6236840505152941,-6.929372787475586,0.003053603693842888
66048,0.017155485227704048,0.01713246294708224,2.3022272875839726e-05,-1.7268980741500854,0.0,9.0667417680379e-05,0.0008042071786426297,0.5725458187204336,0.8485383482367703,0.6747435986955234,-1.7702217102050781,0.00015101750614121556,False,,0.8406084179878235,0.6236840505152941,-6.929372787475586,0.003053603693842888
66304,0.3919370770454407,0.39189477953491153,4.2301056906448365e-05,-1.6031951904296875,0.0,0.00014996499521657825,0.0013327473357851818,0.6347948447636835,0.8479975774287788,0.7485809649226248,-1.751979947090149,0.00022494900622405112,False,,0.8406084179878235,0.6236840505152941,-6.929372787475586,0.003053603693842888
66560,-0.005566083826124668,-0.005608815280151612,4.273137562239465e-05,-1.7812869548797607,0.0,0.00021247391123324633,0.0018919002615177879,0.45172968672368763,0.8474592698978409,0.5330399970468699,-1.7523208856582642,0.00015325892309192568,False,,0.8406084179878235,0.6236840505152941,-6.929372787475586,0.003053603693842888
66816,0.488246351480484,0.48821300532531753,3.3352073445970336e-05,-1.7350878715515137,0.0,0.00011930876644328237,0.001064387465004525,0.6266904589266005,0.846919186783065,0.7399648853239699,-1.7437411546707153,0.0001548270374769345,False,,0.8406084179878235,0.6236840505152941,-6.929372787475586,0.003053603693842888
67072,-1.2798113822937012,-1.2798448840347294,3.349410537128137e-05,-1.7836596965789795,0.0,0.00011436235217843205,0.0010222145291584877,0.6553243847718453,0.8463794478615514,0.7742678374664901,-1.7662490606307983,0.0001343531475868076,False,,0.8406084179878235,0.6236840505152941,-6.929372787475586,0.003053603693842888
67328,-0.10993583500385284,-0.10998560066680803,4.976468209721606e-05,-1.7056975364685059,0.0,0.0002328155969735235,0.002084952671687188,0.47736989690941445,0.8458421675167226,0.5643723087380562,-1.758432149887085,0.00018894793174695224,False,,0.8406084179878235,0.6236840505152941,-6.929372787475586,0.003053603693842888
67584,0.151821106672287,0.1518050851135282,1.602830113481812e-05,-1.9618221521377563,0.0,5.387505370890722e-05,0.00048338938750292377,0.6631631371808374,0.8453031149761842,0.7845270240125893,-1.7462313175201416,0.00013786750787403435,False,,0.8406084179878235,0.6236840505152941,-6.929372787475586,0.003053603693842888
67840,0.18382954597473145,0.18379635923004245,3.3191212663188045e-05,-1.9281115531921387,0.0,0.00010650397598510608,0.0009574086739656179,0.6933551693386892,0.8447644059721264,0.8207674997158521,-1.7550989389419556,0.0001426810777047649,False,,0.8577574491500854,0.6441845651715994,-6.929536688327789,0.004874225240200758
68096,0.14793752133846283,0.14789409394226097,4.343471973807696e-05,-1.609667181968689,0.0,0.00017170714272651821,0.0015464494649437873,0.5617347442990099,0.8442281508533536,0.6653826264040157,-1.7549713850021362,0.00017364996892865747,False,,0.8577574491500854,0.6441845651715994,-6.929536688327789,0.004874225240200758
68352,-0.215953528881073,-0.21599529775696283,4.1768264197498674e-05,-1.914819359779358,0.0,0.0001458804472349584,0.0013163168234019398,0.6346232678171075,0.8436901269205346,0.7521994717817545,-1.7593194246292114,0.00015168388199526817,False,,0.8577574491500854,0.6441845651715994,-6.929536688327789,0.004874225240200758
68608,0.019980892539024353,0.0199520477294951,2.8844451933755867e-05,-1.7719218730926514,0.0,9.697628411231562e-05,0.0008766814246863403,0.6580372555304421,0.8431524458686678,0.7804487299476329,-1.7267457246780396,0.0001529949513496831,False,,0.8577574491500854,0.6441845651715994,-6.929536688327789,0.004874225240200758
68864,0.26563718914985657,0.2655776355667098,5.9565872257756614e-05,-1.854712963104248,0.0,0.000238581356825307,0.002160824462739545,0.5513254156909865,0.8426172140196381,0.6543011542108577,-1.7310594320297241,0.00014446944987867028,False,,0.8577574491500854,0.6441845651715994,-6.929536688327789,0.004874225240200758
69120,0.1508549153804779,0.15082573699950882,2.9176832036279166e-05,-1.830828070640564,0.0,0.00010139637743122876,0.000920051871192604,0.6342431975810041,0.8420802167317727,0.7531861988666446,-1.7637724876403809,0.0001488181878812611,False,,0.8577574491500854,0.6441845651715994,-6.929536688327789,0.004874225240200758
69376,0.15136052668094635,0.151332721136474,2.7805487178924425e-05,-1.8708417415618896,0.0,0.00016062392387539148,0.0014601613907617452,0.38085498431675013,0.841545665532116,0.45256603404395473,-1.769972324371338,0.0001565839338582009,False,,0.8577574491500854,0.6441845651715994,-6.929536688327789,0.004874225240200758
69632,0.24521520733833313,0.24519033859939665,2.4864439738852754e-05,-1.9643666744232178,0.0,9.6455893071834e-05,0.0008784566716274141,0.5660937082483376,0.8410093511387156,0.6731122638313762,-1.7827664613723755,0.00014955051301512867,False,,0.8577574491500854,0.6441845651715994,-6.929536688327789,0.004874225240200758
69888,-1.395735502243042,-1.3958220740463265,8.656780727776529e-05,-1.863155722618103,0.0,0.0002967774053104222,0.002707823910492787,0.6393902272767149,0.8404733785367834,0.7607501243999627,-1.7521356344223022,0.0001336413697572425,False,,0.8647928237915039,0.6589625954627991,-6.92859862446785,0.005421144887804985
70144,-0.1701534241437912,-0.17019684968567017,4.342741777294019e-05,-1.8760305643081665,0.0,0.00025075397570617497,0.002292077957496565,0.3789349104021935,0.8399398473554903,0.4511452952199513,-1.757246494293213,0.00016295672685373574,False,,0.8647928237915039,0.6589625954627991,-6.92859862446785,0.005421144887804985
70400,-0.030798010528087616,-0.030836651887514745,3.864188821882529e-05,-1.7280784845352173,0.0,0.0001267748884856701,0.0011609325530586821,0.6657042757051889,0.8394045563449396,0.7930672649716098,-1.7666336297988892,0.00014968868345022202,False,,0.8647928237915039,0.6589625954627991,-6.92859862446785,0.005421144887804985
70656,0.7371395230293274,0.7371050506149331,3.4477031993356093e-05,-1.8122453689575195,0.0,0.00010704386659199372,0.0009820302269336078,0.7021582645375535,0.8388696064736585,0.8370290914331774,-1.7435860633850098,0.000149105821037665,False,,0.8647928237915039,0.6589625954627991,-6.92859862446785,0.005421144887804985
70912,0.040247779339551926,0.040169802856445315,7.797590437627829e-05,-1.6145700216293335,0.0,0.00027113789110444486,0.002491934707388225,0.6258262236573938,0.8383370933643535,0.7465090458372461,-1.7741918563842773,0.00016237981617450714,False,,0.8647928237915039,0.6589625954627991,-6.92859862446785,0.005421144887804985
71168,-0.13109897077083588,-0.1311254993400595,2.652667530470058e-05,-1.9408342838287354,0.0,9.351852349936962e-05,0.0008610487019863629,0.6161480818333712,0.8378028237838566,0.7354332837535652,-1.7658861875534058,0.00015945153427310288,False,,0.8647928237915039,0.6589625954627991,-6.92859862446785,0.005421144887804985
71424,0.5961392521858215,0.5960970706565888,4.219922038000552e-05,-1.8802381753921509,0.0,0.00013755366671830416,0.0012687704592722364,0.6651986586164826,0.8372688946916752,0.7944862908844147,-1.764373540878296,0.0001544847764307633,False,,0.8647928237915039,0.6589625954627991,-6.92859862446785,0.005421144887804985
71680,0.11153381317853928,0.11148054787902802,5.3264207238764564e-05,-1.918427586555481,0.0,0.00017461975221522152,0.0016135380936939318,0.6602162966828364,0.8367373977116965,0.7890364390170576,-1.7365331649780273,0.00014436515630222857,False,,0.8647928237915039,0.6589625954627991,-6.92859862446785,0.005421144887804985
71936,1.3949623107910156,1.3949228466911359,3.94164958417896e-05,-1.881938099861145,0.0,0.00013124244287610054,0.0012148856673719131,0.6488922686372103,0.8362041476121843,0.7759974289653419,-1.7641643285751343,0.00015545153291895986,False,,0.8656919002532959,0.6075488116592169,-6.926023954153061,0.004418712109327316
72192,0.012181315571069717,0.012181315215298675,0.0,0.0,0.0,0.0,0.0,0.0,0.0,0.0,-1.7760220766067505,0.00013490943820215762,False,,0.8656919002532959,0.6075488116592169,-6.926023954153061,0.004418712109327316
72448,0.2607135772705078,0.26068655548095704,2.7017626151388286e-05,-1.6923578977584839,0.0,0.00010814828419825062,0.001004661973037602,0.5378451036561146,0.8351407545616683,0.6440173117146077,-1.7423285245895386,0.0001418761385139078,False,,0.8656919002532959,0.6075488116592169,-6.926023954153061,0.004418712109327316
72704,0.40922749042510986,0.4091685281486542,5.894904633817359e-05,-1.707506537437439,0.0,0.00019813483231700957,0.0018438611137502297,0.6394087482899089,0.8346085219977902,0.7661181637102932,-1.7690026760101318,0.00017933020717464387,False,,0.8656919002532959,0.6075488116592169,-6.926023954153061,0.004418712109327316
72960,0.05039992183446884,0.050362271226501616,3.765128722018284e-05,-1.5000660419464111,0.0,0.00023322553897742182,0.0021742267219756186,0.3463418680271841,0.8340787138182213,0.41523882852939664,-1.7443040609359741,0.00014366288087330759,False,,0.8656919002532959,0.6075488116592169,-6.926023954153061,0.004418712109327316
73216,0.4204179048538208,0.42039482879638673,2.3080605527104847e-05,-1.6891041994094849,0.0,7.595320494147018e-05,0.0007093106819329609,0.6507897347381627,0.8335471580895529,0.7807473499516682,-1.735193133354187,0.00013241238775663078,False,,0.8656919002532959,0.6075488116592169,-6.926023954153061,0.004418712109327316
73472,-0.028388556092977524,-0.028421468501281928,3.291281873216984e-05,-1.9421415328979492,0.0,0.00010264075535815209,0.000960216678299163,0.6855289951944699,0.8330159411196708,0.8229482310663092,-1.775856614112854,0.00013124675024300814,False,,0.8656919002532959,0.6075488116592169,-6.926023954153061,0.004418712109327316
73728,-0.009298687800765038,-0.009325353997803177,2.6665906517836606e-05,-1.8944222927093506,0.0,0.00011029442248400301,0.0010336091892314534,0.5159765759757652,0.8324871439079433,0.6198012542915883,-1.772509217262268,0.00013056879106443375,False,,0.8656919002532959,0.6075488116592169,-6.926023954153061,0.004418712109327316
73984,0.3877091705799103,0.38769453489685257,1.4644556929802423e-05,-1.8635655641555786,0.0,5.1523475121939555e-05,0.0004836839861377178,0.6055423520113284,0.8319566024817495,0.7278532921128084,-1.7648308277130127,0.00013575203774962574,False,,0.8710446357727051,0.6288875862956047,-6.924235993623734,0.004832691978663206
74240,-1.6856262683868408,-1.6857239836883586,9.77334670240827e-05,-1.9007104635238647,0.0,0.00031214923365041614,0.0029354181717274096,0.6658912720879516,0.8314263991679302,0.8009022479372296,-1.7663062810897827,0.0001368661760352552,False,,0.8710446357727051,0.6288875862956047,-6.924235993623734,0.004832691978663206
74496,0.9911404252052307,0.9910738656333968,6.656185041034843e-05,-1.9744065999984741,0.0,0.00021358362573664635,0.002011968994574442,0.6616588087574096,0.8308986109949382,0.7963171438752596,-1.7589712142944336,0.00015498450375162065,False,,0.8710446357727051,0.6288875862956047,-6.924235993623734,0.004832691978663206
74752,0.7422312498092651,0.7422083188110352,2.2953977899222938e-05,-1.9233224391937256,0.0,7.921208452899009e-05,0.000747464832251138,0.6141821503519436,0.8303690819357502,0.7396495892166007,-1.7643183469772339,0.000148105900734663,False,,0.8710446357727051,0.6288875862956047,-6.924235993623734,0.004832691978663206
75008,0.4127487242221832,0.4127320586593589,1.6675842717521066e-05,-1.7583949565887451,0.0,5.45225411769934e-05,0.0005153696621767374,0.647141030657034,0.8298398903437584,0.7798384220707418,-1.7575128078460693,0.00015392496425192803,False,,0.8710446357727051,0.6288875862956047,-6.924235993623734,0.004832691978663206
75264,-0.4680795967578888,-0.4681260213272093,4.641533135975318e-05,-1.7951041460037231,0.0,0.00016133948520291597,0.001527641433417919,0.6076731141797367,0.8293131092840774,0.7327426847313722,-1.7617027759552002,0.0001410425320500508,False,,0.8710446357727051,0.6288875862956047,-6.924235993623734,0.004832691978663206
75520,0.24706754088401794,0.24700835723876954,5.9185749189332124e-05,-1.7260081768035889,0.0,0.00019934841839130968,0.0018907405973031775,0.6260589027786319,0.8287845906601197,0.7553939948135153,-1.7276947498321533,0.00015517040446866304,False,,0.8710446357727051,0.6288875862956047,-6.924235993623734,0.004832691978663206
75776,0.1867007613182068,0.18666798115196143,3.278238029563758e-05,-1.8001240491867065,0.0,0.00017582975851837546,0.0016704925497763115,0.39248759654782445,0.8282584795030213,0.4738709065596626,-1.7824629545211792,0.00014104536967352033,False,,0.8710446357727051,0.6288875862956047,-6.924235993623734,0.004832691978663206
76032,0.8016741275787354,0.8016236388519276,5.0475436124052034e-05,-1.7617149353027344,0.0,0.00016329828940797597,0.0015540579648944185,0.6495952823417536,0.8277306329912905,0.7847906751912959,-1.7587766647338867,0.00013184855924919248,False,,0.8815264105796814,0.6016738161444664,-6.926520043611527,0.004108705557882786
76288,-1.1615909337997437,-1.1616603342201213,6.939809520393764e-05,-1.7539340257644653,0.0,0.00021340922103263438,0.002034368883634679,0.6822567506041326,0.8272031228744735,0.8247753565452433,-1.7719324827194214,0.00014891629689373076,False,,0.8815264105796814,0.6016738161444664,-6.926520043611527,0.004108705557882786
76544,-0.011403818614780903,-0.011424747294616828,2.0928395163234983e-05,-1.80198073387146,0.0,8.691613038536161e-05,0.0008299320719210527,0.5043399543481143,0.8266780156306428,0.6100802789141205,-1.7564961910247803,0.00014077330706641078,False,,0.8815264105796814,0.6016738161444664,-6.926520043611527,0.004108705557882786
76800,0.3722933530807495,0.37225879591598354,3.455469401468956e-05,-1.8110862970352173,0.0,0.0001209195761475712,0.0011565511603391053,0.5975471764614024,0.8261511763435436,0.7232903535961567,-1.7898476123809814,0.00013723490701522678,False,,0.8815264105796814,0.6016738161444664,-6.926520043611527,0.004108705557882786
77056,0.30202189087867737,0.3019677589691157,5.4136590962770776e-05,-1.9513896703720093,0.0,0.00016622290422674268,0.0015925121181965855,0.679889218351153,0.8256246728094573,0.8234846180621131,-1.7697875499725342,0.00015014586097095162,False,,0.8815264105796814,0.6016738161444664,-6.926520043611527,0.004108705557882786
77312,0.44855251908302307,0.4484543788192736,9.812961469489993e-05,-1.9879796504974365,0.0,0.0003247345157433301,0.0031162963573513882,0.6297835856555217,0.82510056756325,0.7632809992064927,-1.761412501335144,0.00014402871602214873,False,,0.8815264105796814,0.6016738161444664,-6.926520043611527,0.004108705557882786
77568,0.7442551255226135,0.7442213206008921,3.3808911167193195e-05,-1.7228829860687256,0.0,0.00011382035881979391,0.0010940800935355642,0.6180335675048858,0.8245747335788195,0.7495179543308298,-1.761703372001648,0.00015039693971630186,False,,0.8815264105796814,0.6016738161444664,-6.926520043611527,0.004108705557882786
77824,0.7207202315330505,0.7206747720474261,4.545575133528286e-05,-1.9216688871383667,0.0,0.000145000041811727,0.0013960911917234914,0.6511859913558682,0.8240492347067256,0.7902270446105342,-1.7763011455535889,0.00016163155669346452,False,,0.8815264105796814,0.6016738161444664,-6.926520043611527,0.004108705557882786
78080,0.018868139013648033,0.018830421447753907,3.771759976870735e-05,-1.71743905544281,0.0,0.00013613411283586174,0.001312876775364449,0.5745794346653305,0.8235261295461528,0.697706379980903,-1.7862502336502075,0.0001417755411239341,False,,0.874100923538208,0.603550161793828,-6.927586805820465,0.005922898184508085
78336,0.37302106618881226,0.3729879158019991,3.3136051743009e-05,-1.3244092464447021,0.0,0.00011149227066198364,0.0010769947015047817,0.6153428925269765,0.8230012989460954,0.7476815569002886,-1.7769426107406616,0.00012194556620670483,False,,0.874100923538208,0.603550161793828,-6.927586805820465,0.005922898184508085
78592,-0.029080044478178024,-0.029109424862671585,2.938062246237653e-05,-1.7790430784225464,0.0,0.00014005089178681374,0.0013550689283829257,0.43364026503711445,0.8224788590134983,0.5272357584451878,-1.7637426853179932,0.00013561670493800193,False,,0.874100923538208,0.603550161793828,-6.927586805820465,0.005922898184508085
78848,0.5025485157966614,0.5025176832794183,3.0827513831005076e-05,-1.7439968585968018,0.0,0.00010379181912867352,0.0010058791602778336,0.6129466649351839,0.8219546958356421,0.745718307883174,-1.7826154232025146,0.0001379354507662356,False,,0.874100923538208,0.603550161793828,-6.927586805820465,0.005922898184508085
79104,-1.3064942359924316,-1.3065356826782226,4.1402193313932476e-05,-1.784414529800415,0.0,0.0001338060392299667,0.0012988628195041356,0.637514488708492,0.8214308667053227,0.7761024263252964,-1.7631874084472656,0.0001738207065500319,False,,0.874100923538208,0.603550161793828,-6.927586805820465,0.005922898184508085
79360,-0.15453369915485382,-0.1545683714355473,3.467138918160458e-05,-1.7384487390518188,0.0,0.00013866701920051128,0.0013482194897017257,0.5143285562393869,0.8209094236806468,0.6265350858482445,-1.7700632810592651,0.00012312537000980228,False,,0.874100923538208,0.603550161793828,-6.927586805820465,0.005922898184508085
79616,0.1563459038734436,0.15632173115081968,2.4171414173212446e-05,-1.8356324434280396,0.0,7.702717994106933e-05,0.0007501217602246159,0.6444664174513369,0.8203862606989688,0.7855646155047158,-1.7588623762130737,0.00013989867875352502,False,,0.874100923538208,0.603550161793828,-6.927586805820465,0.005922898184508085
79872,0.17706359922885895,0.17702998702392506,3.361875871962089e-05,-1.8410741090774536,0.0,0.00010208551975665614,0.0009957492858492392,0.675245449781039,0.8198634311274059,0.8236072303560353,-1.767268180847168,0.0001589088496984914,False,,0.874100923538208,0.603550161793828,-6.927586805820465,0.005922898184508085
80128,0.21449458599090576,0.2144564304992673,3.8160774077140095e-05,-1.8366312980651855,0.0,0.00012565834913402796,0.001227638050438413,0.6216942210859651,0.8193429831083743,0.7587716425268193,-1.7794710397720337,0.00012019478890579194,False,,0.8941818475723267,0.5305443994700909,-6.924171072244644,0.004881596192717552
80384,-0.23702901601791382,-0.23704622128601188,1.719879981889132e-05,-1.8371520042419434,0.0,5.683585914084688e-05,0.0005561539967961851,0.6184905590166675,0.8188208184143231,0.7553429823809285,-1.7744133472442627,0.00012881122529506683,False,,0.8941818475723267,0.5305443994700909,-6.924171072244644,0.004881596192717552
80640,0.01944052241742611,0.019412339431766304,2.8183478950551885e-05,-1.6095361709594727,0.0,9.199716441798955e-05,0.0009016510825682256,0.6251526670444453,0.8182989864941815,0.7639660776347428,-1.7514562606811523,0.0001153019693447277,False,,0.8941818475723267,0.5305443994700909,-6.924171072244644,0.004881596192717552
80896,0.47671040892601013,0.47663789132690293,7.250614515636927e-05,-1.9661811590194702,0.0,0.000250781187787652,0.002461759156895382,0.5890596157896252,0.817779531582147,0.7203159201722492,-1.7486165761947632,0.00016433226119261235,False,,0.8941818475723267,0.5305443994700909,-6.924171072244644,0.004881596192717552
81152,0.16987159848213196,0.16984818979339325,2.3412864782555324e-05,-1.8288856744766235,0.0,7.972422463353723e-05,0.0007838410033440112,0.5973881101568225,0.8172583632708131,0.730966040856369,-1.7701443433761597,0.00012720971426460892,False,,0.8941818475723267,0.5305443994700909,-6.924171072244644,0.004881596192717552
81408,0.30737003684043884,0.3073320904632565,3.795929028398005e-05,-1.7995129823684692,0.0,0.00015755108324810863,0.0015514625083409672,0.489335579556753,0.8167395689447673,0.5991329404904157,-1.757149338722229,0.0001723212917568162,False,,0.8941818475723267,0.5305443994700909,-6.924171072244644,0.004881596192717552
81664,0.24008671939373016,0.24006305389404298,2.3669930757495582e-05,-1.8714921474456787,0.0,8.804959361441433e-05,0.0008684203700804698,0.5451261065030585,0.8162190633983359,0.6678674034314032,-1.7935761213302612,0.00013240436965133995,False,,0.8941818475723267,0.5305443994700909,-6.924171072244644,0.004881596192717552
81920,-1.3802227973937988,-1.3802941883552557,7.137955267505365e-05,-1.8834717273712158,0.0,0.00023592417710460722,0.002330535429853562,0.6125592579344631,0.8156988895684446,0.7509624761884193,-1.771694302558899,0.0001575877540744841,False,,0.8941818475723267,0.5305443994700909,-6.924171072244644,0.004881596192717552
82176,-0.3019517958164215,-0.3020019285415649,5.0125499035461865e-05,-1.7129056453704834,0.0,0.00022747785260435194,0.002250599464890721,0.4454413130138706,0.8151810851938569,0.5464323462656655,-1.788231611251831,0.00013792156823910773,False,,0.8995912671089172,0.504123630747199,-6.922113251686096,0.008090397343039513
82432,-0.03511645644903183,-0.03515741378478997,4.0957725952185085e-05,-1.8946176767349243,0.0,0.00013038887118455023,0.0012920401214200554,0.6340008374843542,0.8146615728641954,0.7782382999302737,-1.7679041624069214,0.0001392302947351709,False,,0.8995912671089172,0.504123630747199,-6.922113251686096,0.008090397343039513
82688,0.6774423718452454,0.6774146868850746,2.7683288016822088e-05,-1.9342037439346313,0.0,8.209095540223643e-05,0.0008147137893367436,0.6795831463552121,0.8141423916180999,0.8347227135594149,-1.7777290344238281,0.00012162392522441223,False,,0.8995912671089172,0.504123630747199,-6.922113251686096,0.008090397343039513
82944,0.030639279633760452,0.030562533557129793,7.67458693782418e-05,-1.8269331455230713,0.0,0.00025544222444295883,0.002539054408910498,0.6045232359646303,0.8136255753059676,0.7429993037488978,-1.7815971374511719,0.00015827262541279197,False,,0.8995912671089172,0.504123630747199,-6.922113251686096,0.008090397343039513
83200,-0.1637485772371292,-0.16376484985351855,1.6266534974979934e-05,-1.710837960243225,0.0,5.366521145333536e-05,0.0005342472482780298,0.6089515679270134,0.8131070542978421,0.7489193024562713,-1.788630723953247,0.00011812768207164481,False,,0.8995912671089172,0.504123630747199,-6.922113251686096,0.008090397343039513
83456,0.5587315559387207,0.5586991104454064,3.246354605594185e-05,-1.7790952920913696,0.0,0.00010111813026014715,0.0010081996594856197,0.6439904189712709,0.8125888637415167,0.7925169144037435,-1.7837090492248535,0.00014717067824676633,False,,0.8995912671089172,0.504123630747199,-6.922113251686096,0.008090397343039513
83712,0.10400621592998505,0.10394166641235351,6.45498030946714e-05,-1.784916877746582,0.0,0.0001971540623344481,0.001968732253255353,0.6557499425118526,0.8120730336064418,0.8075011918566567,-1.777085304260254,0.00014137278776615858,False,,0.8995912671089172,0.504123630747199,-6.922113251686096,0.008090397343039513
83968,1.265014886856079,1.2649838027954132,3.104947234101462e-05,-1.811057686805725,0.0,9.86707818810828e-05,0.0009868098715647366,0.629289860908687,0.8115555020282356,0.7754119827121729,-1.796592354774475,0.0001322196185356006,False,,0.8995912671089172,0.504123630747199,-6.922113251686096,0.008090397343039513
84224,-0.010992060415446758,-0.010992060121157556,0.0,0.0,0.0,0.0,0.0,0.0,0.0,0.0,-1.7726835012435913,0.00016969391435850412,False,,0.8981197476387024,0.49166137278079985,-6.920488339662552,0.005390537902712822
84480,0.28362974524497986,0.2836030746459961,2.6665687660409365e-05,-1.6903669834136963,0.0,0.00010208233288722113,0.0010240350856525414,0.520796367898221,0.8105234544314506,0.6425432417172168,-1.7595937252044678,0.00012632441939786077,False,,0.8981197476387024,0.49166137278079985,-6.920488339662552,0.005390537902712822
84736,0.5377956032752991,0.5377555914764438,4.000994074382111e-05,-1.8992332220077515,0.0,0.0001271411165362224,0.0012773450615944917,0.6264546980575048,0.8100069103951559,0.7733942637006559,-1.7939229011535645,0.00012012270599370822,False,,0.8981197476387024,0.49166137278079985,-6.920488339662552,0.005390537902712822
84992,0.054278664290905,0.054234507686232974,4.4154782941216645e-05,-1.84513521194458,0.0,0.0002302825596416369,0.002317056723712238,0.38112820018039706,0.809492719280012,0.470823506009275,-1.7681243419647217,0.00014373169688042253,False,,0.8981197476387024,0.49166137278079985,-6.920488339662552,0.005390537902712822
85248,0.4671550989151001,0.4671328018188477,2.2304487676563048e-05,-1.7375410795211792,0.0,6.922720785951242e-05,0.0006975999477537483,0.6394635707294088,0.8089768321279723,0.7904596835577262,-1.7730613946914673,0.00011993825319223106,False,,0.8981197476387024,0.49166137278079985,-6.920488339662552,0.005390537902712822
85504,-0.01896703988313675,-0.019022305043792587,5.526550165921627e-05,-1.9032336473464966,0.0,0.00016521041106898338,0.0016673204546075137,0.6629259721068526,0.8084612737491845,0.8199848200923443,-1.7859224081039429,0.00011552463547559455,False,,0.8981197476387024,0.49166137278079985,-6.920488339662552,0.005390537902712822
85760,-0.015644395723938942,-0.01566147229003982,1.7076295530101693e-05,-1.8315231800079346,0.0,6.55374678899534e-05,0.0006623977809681003,0.5155903603766466,0.807948063801757,0.6381479001887367,-1.7818158864974976,0.0001554669433971867,False,,0.8981197476387024,0.49166137278079985,-6.920488339662552,0.005390537902712822
86016,0.4434052109718323,0.4433883148193389,1.690356788679741e-05,-1.5836256742477417,0.0,5.637388312607072e-05,0.000570630944658688,0.5924518480822296,0.8074331610537726,0.7337472334044677,-1.7488124370574951,0.000129732332425192,False,,0.8981197476387024,0.49166137278079985,-6.920488339662552,0.005390537902712822
86272,-2.0011584758758545,-2.001233391571048,7.491546657505105e-05,-1.9975504875183105,0.0,0.00022667732264380902,0.0022979028889807272,0.6520333555808447,0.8069185864516825,0.8080534598268148,-1.7963758707046509,0.00013448593381326646,False,,0.90556401014328,0.5112706173211337,-6.920394748449326,0.005739992950111628
86528,0.9609156847000122,0.9608708251953154,4.4845422134446425e-05,-1.6251180171966553,0.0,0.0001392778503941372,0.0014139935879219265,0.6343087057467273,0.8064063557997296,0.7865869374475234,-1.7700543403625488,0.00015203846851363778,False,,0.90556401014328,0.5112706173211337,-6.920394748449326,0.005739992950111628
86784,0.7402524948120117,0.7402249572753906,2.755929120144214e-05,-1.7746014595031738,0.0,8.947432797867805e-05,0.0009097168577157557,0.6058872267277065,0.8058924355773832,0.7518214590184326,-1.8008430004119873,9.694144682725891e-05,False,,0.90556401014328,0.5112706173211337,-6.920394748449326,0.005739992950111628
87040,0.38755518198013306,0.38753432719573905,2.0858304458964542e-05,-1.8529189825057983,0.0,6.504014891106635e-05,0.0006622620082396082,0.6299109476144962,0.8053788428747705,0.7821299916025258,-1.7488996982574463,0.00013656236114911735,False,,0.90556401014328,0.5112706173211337,-6.920394748449326,0.005739992950111628
87296,-0.5056621432304382,-0.5056970581054687,3.4922796902881935e-05,-1.6860733032226562,0.0,0.00011849388101836666,0.0012083155699844437,0.5780409980702564,0.8048675896496232,0.7181814816545048,-1.8084427118301392,0.00013644369028043002,False,,0.90556401014328,0.5112706173211337,-6.920394748449326,0.005739992950111628
87552,0.2868103086948395,0.28677316639785716,3.71297397643248e-05,-1.945651650428772,0.0,0.00012059941218467429,0.0012315907170863758,0.6029558237035779,0.8043546500780818,0.7496143941544275,-1.7712901830673218,0.00012024903844576329,False,,0.90556401014328,0.5112706173211337,-6.920394748449326,0.005739992950111628
87808,0.250660240650177,0.2506252063701628,3.503695500018366e-05,-1.6868797540664673,0.0,0.00016663955466356128,0.0017042438375738718,0.4111730285034984,0.803844047008914,0.5115084574345785,-1.7863874435424805,0.00012171691923867911,False,,0.90556401014328,0.5112706173211337,-6.920394748449326,0.005739992950111628
88064,0.8069944381713867,0.8069677899536124,2.6655040017128772e-05,-1.7783994674682617,0.0,8.256459841504693e-05,0.0008456303694581083,0.6304182295205336,0.8033317597378632,0.7847545200083297,-1.777915120124817,0.00013399570889305323,False,,0.90556401014328,0.5112706173211337,-6.920394748449326,0.005739992950111628
88320,-1.0319664478302002,-1.032040699881743,7.422505462205345e-05,-1.332375407218933,0.0,0.00022342185548041016,0.0022916251263477394,0.6477940372415891,0.8028197989458714,0.8068984323657237,-1.7499595880508423,0.00014245473721530288,False,,0.912057638168335,0.4820825602859259,-6.920168799161911,0.007367142476141453
88576,-0.03266787528991699,-0.03267993562011689,1.2060660063271962e-05,-1.7682980298995972,0.0,4.7858084144536406e-05,0.0004915867382098555,0.4906828897456277,0.8023101701977929,0.611587523095538,-1.7970898151397705,0.00012079441512469202,False,,0.912057638168335,0.4820825602859259,-6.920168799161911,0.007367142476141453
88832,0.3178633153438568,0.3178309602386464,3.236156127802062e-05,-1.8774162530899048,0.0,0.00010810276580741629,0.0011120113905159956,0.582036507072184,0.8017988604615869,0.7259133627816732,-1.7826220989227295,0.00012614212755579501,False,,0.912057638168335,0.4820825602859259,-6.920168799161911,0.007367142476141453
89088,0.1625727266073227,0.16255219634475654,2.0523877255172096e-05,-1.8952475786209106,0.0,6.207767000887543e-05,0.0006394897835250422,0.6418828817573561,0.80128787658146,0.8010640127189064,-1.7587840557098389,0.00011482370609883219,False,,0.912057638168335,0.4820825602859259,-6.920168799161911,0.007367142476141453
89344,0.3731135427951813,0.3730375452278124,7.598392668265171e-05,-1.7991154193878174,0.0,0.0002558834385126829,0.0026397446062484706,0.5756915006307212,0.8007792202952935,0.718914135182517,-1.7942477464675903,0.00012956905993632972,False,,0.912057638168335,0.4820825602859259,-6.920168799161911,0.007367142476141453
89600,0.5438104867935181,0.5437858341934217,2.4623810894399267e-05,-1.9004161357879639,0.0,7.98838009359315e-05,0.0008252787210453482,0.5967392655710121,0.8002688862286226,0.7456734553097873,-1.7922495603561401,0.00012865655298810452,False,,0.912057638168335,0.4820825602859259,-6.920168799161911,0.007367142476141453
89856,0.6772054433822632,0.6771747861236596,3.063242186537397e-05,-1.9137650728225708,0.0,9.42540355026722e-05,0.0009751295020767203,0.6282739225946196,0.7997588773962397,0.7855791793647597,-1.7539916038513184,0.0001314580877078697,False,,0.912057638168335,0.4820825602859259,-6.920168799161911,0.007367142476141453
90112,0.005256914999336004,0.005206376813506358,5.053800006282569e-05,-1.7946522235870361,0.0,0.00016653411148581654,0.001725368131443273,0.5858228066441749,0.7992511917163558,0.7329645707329467,-1.7754708528518677,0.00013212536578066647,False,,0.912057638168335,0.4820825602859259,-6.920168799161911,0.007367142476141453
90368,0.3847408592700958,0.3847248092651338,1.6058969444519894e-05,-1.7143856287002563,0.0,5.163370951777324e-05,0.0005357088144255027,0.5995409824175332,0.7987418314574697,0.7506067152180407,-1.7691423892974854,0.00011097213428001851,False,,0.8910768628120422,0.5025667201727628,-6.918097341060639,0.0030001553241163492
90624,0.07838787883520126,0.07836984662170435,1.803461120630367e-05,-1.5413599014282227,0.0,0.00011363450175849721,0.0011806425151591215,0.3055050275548149,0.7982347913967511,0.3827257729774497,-1.7941865921020508,0.00010691495845094323,False,,0.8910768628120422,0.5025667201727628,-6.918097341060639,0.0030001553241163492
90880,0.5501673221588135,0.5501499105941781,1.742895138185323e-05,-1.803267002105713,0.0,5.563566810451448e-05,0.0005788618556155562,0.6021799920922221,0.797726078886577,0.7548706354601223,-1.7550095319747925,0.0001101098459912464,False,,0.8910768628120422,0.5025667201727628,-6.918097341060639,0.0030001553241163492
91136,-1.102393388748169,-1.1024227473495471,2.9303969887961208e-05,-1.8093699216842651,0.0,9.425263851881027e-05,0.0009820346973851684,0.5968011103067524,0.7972176905772781,0.7486049511452753,-1.7808138132095337,0.00011896403157152236,False,,0.8910768628120422,0.5025667201727628,-6.918097341060639,0.0030001553241163492
91392,-0.11263334006071091,-0.11267109943237302,3.7761338923889015e-05,-1.6707305908203125,0.0,0.00015635915042366832,0.0016314140633509726,0.46292771126817567,0.7967116180387975,0.5810480238856419,-1.78622305393219,0.00011652782268356532,False,,0.8910768628120422,0.5025667201727628,-6.918097341060639,0.0030001553241163492
91648,0.148975670337677,0.14896500907135196,1.0664085604893672e-05,-1.941270351409912,0.0,3.262863901909441e-05,0.00034091658524026605,0.6256126024128746,0.7962038762421912,0.7857442309444048,-1.7840166091918945,0.00012159113248344511,False,,0.8910768628120422,0.5025667201727628,-6.918097341060639,0.0030001553241163492
91904,0.19678524136543274,0.19675223268127592,3.301127579295301e-05,-1.7560664415359497,0.0,9.617030445951968e-05,0.0010062287759973832,0.6561385756481061,0.7956964580278275,0.8246091446408816,-1.7700965404510498,0.00014465561253018677,False,,0.8910768628120422,0.5025667201727628,-6.918097341060639,0.0030001553241163492
92160,0.22519633173942566,0.22514989995269716,4.642463238638422e-05,-1.8917677402496338,0.0,0.0001471966679673642,0.0015422551677361086,0.6020356858914778,0.7951913511653813,0.7570953645423495,-1.7733381986618042,0.00013633392518386245,False,,0.8910768628120422,0.5025667201727628,-6.918097341060639,0.0030001553241163492
92416,-0.20968970656394958,-0.20972793990097416,3.822654970381346e-05,-1.5713003873825073,0.0,0.00012255254841875285,0.001285830757187751,0.5945813551297994,0.7946845782300495,0.7481979283580319,-1.7997729778289795,0.00012499095464590937,False,,0.9017096161842346,0.4896706957370043,-6.918676394224167,0.006006066687405109
92672,-0.007665120530873537,-0.007706126207730268,4.1005617146297524e-05,-1.8564850091934204,0.0,0.00012494206021074206,0.0013127186739586632,0.6247434116655031,0.794178128259508,0.786654013041971,-1.7675917148590088,0.00011547377653187141,False,,0.9017096161842346,0.4896706957370043,-6.918676394224167,0.006006066687405109
92928,0.48482897877693176,0.4847844447936979,4.45472376373262e-05,-1.7677608728408813,0.0,0.00014677373110316694,0.0015442188916113017,0.5769549625292275,0.7936739852304152,0.7269420105305946,-1.7902451753616333,0.00011846323468489572,False,,0.9017096161842346,0.4896706957370043,-6.918676394224167,0.006006066687405109
93184,0.09084773808717728,0.09081601705169597,3.1720655830377684e-05,-1.8818546533584595,0.0,0.00010233938519377261,0.0010782055420981986,0.5883971950032639,0.7931681793075989,0.7418315690840106,-1.7779631614685059,0.00012445855827536434,False,,0.9017096161842346,0.4896706957370043,-6.918676394224167,0.006006066687405109
93440,0.17076940834522247,0.17074482916412237,2.4583468350884447e-05,-1.7902026176452637,0.0,0.00013507438416127115,0.001425036544073273,0.34502228666523804,0.7926646773925153,0.43526890563635945,-1.789962887763977,0.0001405923394486308,False,,0.9017096161842346,0.4896706957370043,-6.918676394224167,0.006006066687405109
93696,0.22576725482940674,0.22574960626220855,1.765066675499781e-05,-1.68220853805542,0.0,6.293355545494705e-05,0.0006648600394068481,0.5309588698019744,0.7921595146983949,0.6702676164965721,-1.7971432209014893,0.0001287601189687848,False,,0.9017096161842346,0.4896706957370043,-6.918676394224167,0.006006066687405109
93952,-1.2217527627944946,-1.221833019620515,8.024679510029321e-05,-1.8567564487457275,0.0,0.0002547629992477596,0.0026951171518281867,0.5954976394689127,0.7916546739428629,0.7522189397341854,-1.773359775543213,0.00016581012459937483,False,,0.9017096161842346,0.4896706957370043,-6.918676394224167,0.006006066687405109
94208,-0.1609589010477066,-0.1609866318740853,2.7724418843883683e-05,-1.8062821626663208,0.0,0.00014409034338314086,0.0015263901994484624,0.3632677784999075,0.791152132798609,0.45916298956926255,-1.7867250442504883,0.00011068125604651868,False,,0.9017096161842346,0.4896706957370043,-6.918676394224167,0.006006066687405109
94464,-0.018769826740026474,-0.01880188338470762,3.2056111080443874e-05,-1.738350510597229,0.0,9.619189950171858e-05,0.0010203738189707376,0.6283209248308473,0.7906479340443786,0.7946911612312896,-1.7813267707824707,0.00010675741214072332,False,,0.9128302335739136,0.49596795029938223,-6.916476398706436,0.004234212916344404
94720,0.8210924863815308,0.8210582761795086,3.420100757269622e-05,-1.8537280559539795,0.0,9.765201684786007e-05,0.0010372669430206627,0.6594446647089365,0.790144056614421,0.8345878946865711,-1.8009016513824463,0.00013794020924251527,False,,0.9128302335739136,0.49596795029938223,-6.916476398706436,0.004234212916344404
94976,0.03478875756263733,0.03473711910705606,5.163727517722405e-05,-1.742368459701538,0.0,0.0001598192029632628,0.0016998981652621157,0.6075337479908609,0.7896424744076757,0.7693782536794039,-1.7786247730255127,9.959461749531329e-05,False,,0.9128302335739136,0.49596795029938223,-6.916476398706436,0.004234212916344404
95232,-0.1386723816394806,-0.13868688812256152,1.451290668339883e-05,-1.9102959632873535,0.0,4.609244570019655e-05,0.0004909181002191331,0.5912557176816517,0.7891392377539673,0.7492413117924185,-1.7918696403503418,0.00012051765224896371,False,,0.9128302335739136,0.49596795029938223,-6.916476398706436,0.004234212916344404
95488,0.576572835445404,0.5765283902412456,4.446856059443369e-05,-1.829484462738037,0.0,0.0001348848600173369,0.0014385543400513613,0.6182395667145394,0.7886363218113882,0.7839349388505578,-1.78231942653656,0.00011514704237924889,False,,0.9128302335739136,0.49596795029938223,-6.916476398706436,0.004234212916344404
95744,0.10742619633674622,0.10737445416259579,5.1745199289884705e-05,-1.830127239227295,0.0,0.00014954777725506574,0.0015970663411797072,0.6480031286823315,0.788135696712329,0.8221974101483362,-1.738877296447754,0.00011977492977166548,False,,0.9128302335739136,0.49596795029938223,-6.916476398706436,0.004234212916344404
96000,1.1470839977264404,1.1470607739944476,2.3178602070446017e-05,-1.895957350730896,0.0,7.157219806686044e-05,0.0007653639586286577,0.6056883606585374,0.7876334203232845,0.7689977913963227,-1.8005154132843018,0.00012003802839899436,False,,0.9128302335739136,0.49596795029938223,-6.916476398706436,0.004234212916344404
96256,0.006586086470633745,0.006586086273190449,0.0,0.0,0.0,0.0,0.0,0.0,0.0,0.0,-1.7897753715515137,0.0001239733974216506,False,,0.9128302335739136,0.49596795029938223,-6.916476398706436,0.004234212916344404
96512,0.27620336413383484,0.2761792890686018,2.4073586404868614e-05,-1.9153807163238525,0.0,9.026751649798825e-05,0.0009678533606798973,0.4974635080660857,0.7866317942156916,0.6323968999525119,-1.7514755725860596,0.00012388879258651286,False,,0.8996089100837708,0.48093262016773225,-6.91308405995369,0.003627434838563204
96768,0.42897194623947144,0.4289412694519066,3.068220116970578e-05,-1.7811315059661865,0.0,9.445440082345158e-05,0.0010140895528190392,0.6051181788514276,0.786130476258956,0.7697426790156626,-1.8066939115524292,0.0001239844859810546,False,,0.8996089100837708,0.48093262016773225,-6.91308405995369,0.003627434838563204
97024,0.0569167360663414,0.05687047500610352,4.626029814070978e-05,-1.8111993074417114,0.0,0.000237996646319516,0.0025585694913064254,0.36161064452534303,0.7856314418667197,0.4602802602529868,-1.739134669303894,0.00011150354112032801,False,,0.8996089100837708,0.48093262016773225,-6.91308405995369,0.003627434838563204
97280,0.4564436078071594,0.4564207534790039,2.2861674932670767e-05,-1.9018257856369019,0.0,6.887899508001283e-05,0.0007414573770675165,0.6166686215488014,0.7851307614313751,0.7854342892189708,-1.7892638444900513,0.00012253489694558084,False,,0.8996089100837708,0.48093262016773225,-6.91308405995369,0.003627434838563204
97536,-0.025121089071035385,-0.0251409604637156,1.987083335735247e-05,-1.9265855550765991,0.0,5.6859043979784474e-05,0.0006128729337549707,0.6484487162977544,0.7846304000780898,0.8264384304166879,-1.7908624410629272,0.00011861364328069612,False,,0.8996089100837708,0.48093262016773225,-6.91308405995369,0.003627434838563204
97792,-0.012320231646299362,-0.012351717961119722,3.148663090121408e-05,-1.9089207649230957,0.0,0.00011667839135043323,0.001259299669678854,0.5000657374784159,0.7841323179318582,0.6377313191188633,-1.777328372001648,0.00015048208297230303,False,,0.8996089100837708,0.48093262016773225,-6.91308405995369,0.003627434838563204
98048,0.41315171122550964,0.4131366348266631,1.5079764261596187e-05,-1.9847053289413452,0.0,4.819798414246179e-05,0.0005208780359682873,0.5790132514827057,0.7836325928834601,0.7388835747019714,-1.7977478504180908,0.00011056644143536687,False,,0.8996089100837708,0.48093262016773225,-6.91308405995369,0.003627434838563204
98304,-1.6808462142944336,-1.6809206861022976,7.444052918809148e-05,-1.6219693422317505,0.0,0.00021942971216049045,0.0023744861078800867,0.6270032824454055,0.7831331863082562,0.8006342898085346,-1.788965106010437,0.00011665722558973357,False,,0.8996089100837708,0.48093262016773225,-6.91308405995369,0.003627434838563204
98560,1.0088258981704712,1.0087546251716646,7.130383370727806e-05,-1.9527440071105957,0.0,0.00020712245895992965,0.0022442163933178295,0.6354452620485773,0.7826360545909754,0.8119294508872025,-1.793910026550293,0.0001538955548312515,False,,0.9264774322509766,0.42781776301562785,-6.914980643987656,0.005969378165900707
98816,0.8037060499191284,0.8036766052246094,2.945151701046633e-05,-1.861616849899292,0.0,9.248721471522003e-05,0.0010034213257981105,0.5870219468784144,0.7821372831064763,0.7505356918249607,-1.786749243736267,0.00011664624616969377,False,,0.9264774322509766,0.42781776301562785,-6.914980643987656,0.005969378165900707
99072,0.39358940720558167,0.3935762535095186,1.3154875079063475e-05,-1.7936434745788574,0.0,3.9472059143008664e-05,0.00042879926930703533,0.613567980203069,0.7816388294874682,0.7849763305712363,-1.8061976432800293,0.00012666230031754822,False,,0.9264774322509766,0.42781776301562785,-6.914980643987656,0.005969378165900707
99328,-0.4940365254878998,-0.49409289855957034,5.6386187991519634e-05,-1.6932580471038818,0.0,0.00018896901747211814,0.002055482740012762,0.5486418046124731,0.7811426463855513,0.7023580227646131,-1.7961618900299072,0.00013743892486672848,False,,0.9264774322509766,0.42781776301562785,-6.914980643987656,0.005969378165900707
99584,0.25492942333221436,0.2548738556678756,5.556222745237268e-05,-1.639366626739502,0.0,0.00017102730635087937,0.0018627236045207765,0.5965697467678485,0.7806448266453825,0.764201242876932,-1.7728488445281982,0.00011423187970649451,False,,0.9264774322509766,0.42781776301562785,-6.914980643987656,0.005969378165900707
99840,0.2556658983230591,0.2556264704978952,3.94146248531453e-05,-1.5869510173797607,0.0,0.00018821969570126384,0.0020525991095861717,0.38404600946252726,0.7801492745349093,0.49227246887011283,-1.796032428741455,0.00012157997116446495,False,,0.9264774322509766,0.42781776301562785,-6.914980643987656,0.005969378165900707
100096,0.8257152438163757,0.8256670104873658,4.826000262934914e-05,-1.9135477542877197,0.0,0.00014433171600103378,0.001576005438474886,0.6124344681963884,0.7796520878674819,0.7855227706393115,-1.8001656532287598,0.0001252968650078401,False,,0.9264774322509766,0.42781776301562785,-6.914980643987656,0.005969378165900707
100352,-1.2220929861068726,-1.222176815032959,8.377408138643451e-05,-1.8487001657485962,0.0,0.00023846545082051307,0.0026072150021788157,0.6426327043717192,0.7791552180555466,0.8247813650988157,-1.788055658340454,0.00012809206964448094,False,,0.9264774322509766,0.42781776301562785,-6.914980643987656,0.005969378165900707
100608,-0.04009212553501129,-0.04011580505371094,2.3677878957661636e-05,-1.789680004119873,0.0,8.854926272761077e-05,0.0009693668977416854,0.4885225400789631,0.7786606115462678,0.6273882778131705,-1.7917431592941284,0.0001321344607276842,False,,0.9194517135620117,0.4167894031852484,-6.916262853145599,0.004614479839801788
100864,0.3870737850666046,0.38705171966552737,2.206147815998591e-05,-2.0033693313598633,0.0,7.087973062880337e-05,0.0007769228875997081,0.5679193781546202,0.7781643735990589,0.7298192996525369,-1.796022891998291,0.00011311419802950695,False,,0.9194517135620117,0.4167894031852484,-6.916262853145599,0.004614479839801788
101120,0.20565901696681976,0.20561365753784194,4.535798014561776e-05,-1.7994829416275024,0.0,0.00012965260248165578,0.0014229456572747963,0.6375223103387752,0.7776684519027256,0.8197867726007734,-1.7768560647964478,0.00012871326180174947,False,,0.9194517135620117,0.4167894031852484,-6.916262853145599,0.004614479839801788
101376,0.39407920837402344,0.3939995457611105,7.96542531487769e-05,-1.88033127784729,0.0,0.0002611283853184432,0.002869517174814864,0.5551753016004586,0.7771747891902667,0.714350631701386,-1.7924439907073975,0.00012740834790747613,False,,0.9194517135620117,0.4167894031852484,-6.916262853145599,0.004614479839801788
101632,0.747818112373352,0.7478019744873047,1.61568565333126e-05,-1.9318653345108032,0.0,5.0176891818409786e-05,0.0005520862623274108,0.5853018861654228,0.7766794981529501,0.7535951284375996,-1.7937774658203125,0.00012788971071131527,False,,0.9194517135620117,0.4167894031852484,-6.916262853145599,0.004614479839801788
101888,0.7007450461387634,0.7006974430892966,4.7591106511243055e-05,-1.403357982635498,0.0,0.00014204770559445024,0.0015648923448493052,0.6082348944690626,0.7761845227630466,0.7836215186356459,-1.7672135829925537,0.00012500376033131033,False,,0.9194517135620117,0.4167894031852484,-6.916262853145599,0.004614479839801788
102144,0.01883082091808319,0.01880439340667508,2.642744024358897e-05,-1.7858953475952148,0.0,8.790420542936772e-05,0.0009696241883993244,0.5451068684087993,0.775691802046476,0.7027364050653444,-1.8064653873443604,0.0001083465976989828,False,,0.9194517135620117,0.4167894031852484,-6.916262853145599,0.004614479839801788
102400,0.3410179913043976,0.3409937423706026,2.423581846567162e-05,-1.757675290107727,0.0,7.598772936034948e-05,0.0008392311135589767,0.577571972108931,0.77519745611218,0.7450643285203836,-1.7918291091918945,0.00011192205420229584,False,,0.9194517135620117,0.4167894031852484,-6.916262853145599,0.004614479839801788
102656,-0.016129182651638985,-0.016159609454343447,3.0427321118603156e-05,-1.6085482835769653,0.0,0.0001382813206873834,0.0015291231415352406,0.39797084083174755,0.7747053619839699,0.5137060621506093,-1.8043148517608643,0.0001310933439526707,False,,0.9244072437286377,0.40906371362507343,-6.914717358350754,0.006504496559500694
102912,0.5501864552497864,0.5501669654846192,1.950125919357358e-05,-1.953849196434021,0.0,6.0055845096940175e-05,0.000664929859195265,0.5865659038736833,0.7742116447048086,0.7576299166842538,-1.8107231855392456,0.00011405905388528481,False,,0.9244072437286377,0.40906371362507343,-6.914717358350754,0.006504496559500694
103168,-1.2314971685409546,-1.2315460676925636,4.893137032765282e-05,-1.7600862979888916,0.0,0.0001481276412960142,0.001642089876001639,0.5959645819971424,0.7737182420701094,0.7702604767371375,-1.7982056140899658,0.00010251829371554777,False,,0.9244072437286377,0.40906371362507343,-6.914717358350754,0.006504496559500694
103424,-0.15449534356594086,-0.15453401752319335,3.867273411236275e-05,-1.8039437532424927,0.0,0.00014333163562696427,0.0015908882869734135,0.48617787218655956,0.773227086944651,0.6287646674506128,-1.8102105855941772,0.00012321205576881766,False,,0.9244072437286377,0.40906371362507343,-6.914717358350754,0.006504496559500694
103680,0.16006264090538025,0.16004914169922121,1.3492777064986325e-05,-1.5667921304702759,0.0,4.0182469092542306e-05,0.0004465517958742858,0.6043096093060989,0.772734311765501,0.7820406058136663,-1.8175368309020996,0.00011307730164844543,False,,0.9244072437286377,0.40906371362507343,-6.914717358350754,0.006504496559500694
103936,0.20702336728572845,0.20699916229248047,2.4205963525336085e-05,-1.9140832424163818,0.0,6.864226452307776e-05,0.0007637708677647784,0.6338540666306453,0.7722418506304156,0.8207973526858221,-1.8014280796051025,0.00010798735456774011,False,,0.9244072437286377,0.40906371362507343,-6.914717358350754,0.006504496559500694
104192,0.2499207854270935,0.24990315413818173,1.7634672590310636e-05,-1.9022876024246216,0.0,5.1914979849243537e-05,0.0005783583710207191,0.6098181844999662,0.7717516327159255,0.7901741423648332,-1.8053902387619019,0.00012421052088029683,False,,0.9244072437286377,0.40906371362507343,-6.914717358350754,0.006504496559500694
104448,-0.23066432774066925,-0.23071518473511096,5.085177354445264e-05,-1.9563146829605103,0.0,0.00015612739662174135,0.0017414743788966936,0.5840082881571838,0.7712597978390932,0.7572134445402853,-1.8119205236434937,0.000105275321402587,False,,0.9244072437286377,0.40906371362507343,-6.914717358350754,0.006504496559500694
104704,-0.006900458596646786,-0.006930892944333028,3.0434462498679254e-05,-1.9312151670455933,0.0,8.900192187866196e-05,0.0009939617727123592,0.6123869817574288,0.7707682764070737,0.7945150319523563,-1.8054804801940918,0.0001129363154177554,False,,0.9333990812301636,0.39444515891373155,-6.910131680965423,0.005381903611123562
104960,0.43380114436149597,0.4337538533935527,4.72912336994612e-05,-1.8513729572296143,0.0,0.00015318467922043055,0.001712831235087409,0.5521995714545437,0.7702789939151872,0.7168825527070578,-1.8092955350875854,0.00011931367043871433,False,,0.9333990812301636,0.39444515891373155,-6.910131680965423,0.005381903611123562
105216,0.1247371956706047,0.12469724727325375,3.994475101394987e-05,-1.9079338312149048,0.0,0.00012301045353524387,0.0013771175008858761,0.580121173222388,0.7697880975464091,0.7536115134430402,-1.7936506271362305,0.00013265977031551301,False,,0.9333990812301636,0.39444515891373155,-6.910131680965423,0.005381903611123562
105472,0.27397894859313965,0.2739604543945301,1.8492530796117632e-05,-1.5280728340148926,0.0,7.467641989933327e-05,0.0008370257958547358,0.44186286462614527,0.7692994372705247,0.5743704508531492,-1.8034459352493286,0.00011381716467440128,False,,0.9333990812301636,0.39444515891373155,-6.910131680965423,0.005381903611123562
105728,0.24873121082782745,0.24871419372558595,1.701389884069332e-05,-1.9906084537506104,0.0,5.832248643855564e-05,0.0006545134144673402,0.51989458014515,0.7688091651701009,0.6762335878632796,-1.7648416757583618,0.0001468192203901708,False,,0.9333990812301636,0.39444515891373155,-6.910131680965423,0.005381903611123562
105984,-1.288320779800415,-1.288402969694516,8.2207220422386e-05,-1.7817333936691284,0.0,0.0002547871845308691,0.0028627669326447974,0.5743200362206083,0.7683192055185375,0.747501861329889,-1.8005181550979614,0.00012644195521716028,False,,0.9333990812301636,0.39444515891373155,-6.910131680965423,0.005381903611123562
106240,-0.23741306364536285,-0.23745019427337685,3.7137071749117166e-05,-1.8909926414489746,0.0,0.00016223777492996305,0.001825084426881001,0.40696278158028,0.7678314776930065,0.5300157565863578,-1.8029428720474243,0.00011975489178439602,False,,0.9333990812301636,0.39444515891373155,-6.910131680965423,0.005381903611123562
106496,-0.02430594526231289,-0.02432501220703416,1.9066171729387346e-05,-1.8701670169830322,0.0,5.582774610957131e-05,0.000628788273587053,0.6064417079733507,0.7673421411185828,0.7903146138817796,-1.8159161806106567,0.00010408234084025025,False,,0.9333990812301636,0.39444515891373155,-6.910131680965423,0.005381903611123562
106752,0.80533367395401,0.8053057866790798,2.7889047592837664e-05,-1.9528381824493408,0.0,7.713954255450517e-05,0.0008698682929855935,0.6412246041780846,0.7668531163968116,0.836176564282592,-1.8208223581314087,0.00010517788905417547,False,,0.9382580518722534,0.3699185386300087,-6.908887946605683,0.005686572752892971
107008,0.025806661695241928,0.025737931062316057,6.873002981849781e-05,-1.5835589170455933,0.0,0.00020545870938804,0.002319635826566267,0.5925932771976381,0.7663663192423535,0.7732506796273207,-1.8055957555770874,0.0001077013075700961,False,,0.9382580518722534,0.3699185386300087,-6.908887946605683,0.005686572752892971
107264,-0.14445966482162476,-0.14448490444641213,2.5241410139131754e-05,-1.7619694471359253,0.0,7.871694106142968e-05,0.0008897808820491123,0.5673623843434867,0.7658779164087807,0.7408000311640557,-1.8245604038238525,0.00011874888150487095,False,,0.9382580518722534,0.3699185386300087,-6.908887946605683,0.005686572752892971
107520,0.6258163452148438,0.6257752624511748,4.1081749325613076e-05,-1.8133118152618408,0.0,0.00011990762141067535,0.0013570005308565344,0.605478750987406,0.7653898248327902,0.7910723808219963,-1.8159191608428955,0.00011800281936302781,False,,0.9382580518722534,0.3699185386300087,-6.908887946605683,0.005686572752892971
107776,0.10192352533340454,0.10185967147979827,6.385743828755203e-05,-1.8246244192123413,0.0,0.00018563131743576378,0.002103292072372532,0.6072141774919568,0.7649039565735198,0.7938436875291461,-1.8396433591842651,0.00010547751298872754,False,,0.9382580518722534,0.3699185386300087,-6.908887946605683,0.005686572752892971
108032,1.1907464265823364,1.1907249762550376,2.1499940950531127e-05,-1.7774556875228882,0.0,6.412378570530564e-05,0.0007274169257254239,0.5911311708643593,0.7644164856990547,0.7733103379158196,-1.8264403343200684,0.00010899782500928268,False,,0.9382580518722534,0.3699185386300087,-6.908887946605683,0.005686572752892971
108288,0.006901611108332872,0.00690161132812209,0.0,0.0,0.0,0.0,0.0,0.0,0.0,0.0,-1.8005152940750122,0.00011446642747614533,False,,0.9382580518722534,0.3699185386300087,-6.908887946605683,0.005686572752892971
108544,0.2716996967792511,0.27167772686004465,2.198296891324543e-05,-1.7588528394699097,0.0,7.97813554527238e-05,0.0009071765283667236,0.4846458925215683,0.7634443843516584,0.6348149288348558,-1.7975058555603027,0.0001020609779516235,False,,0.9382580518722534,0.3699185386300087,-6.908887946605683,0.005686572752892971
108800,0.4573824405670166,0.4573510440910381,3.139768855758843e-05,-1.9718477725982666,0.0,9.380916162626818e-05,0.001067942605729601,0.5880032951047598,0.762957843657958,0.7706891016227206,-1.7834447622299194,0.00011712701962096617,False,,0.9432340264320374,0.3692997578531504,-6.910540592670441,0.005300421733409166
109056,0.05144736170768738,0.05141030285492016,3.7059127448255724e-05,-1.7725039720535278,0.0,0.000194489024579525,0.002216699445607714,0.33436312281023617,0.7624735192165197,0.4385242429846105,-1.8162850141525269,0.0001311672240262851,False,,0.9432340264320374,0.3692997578531504,-6.910540592670441,0.005300421733409166
109312,0.4445297122001648,0.4445076776649483,2.2040998726265418e-05,-1.9738656282424927,0.0,6.440340803237632e-05,0.0007349036879990933,0.5998336676272771,0.7619875972521022,0.78719610370354,-1.8338679075241089,9.811394556891173e-05,False,,0.9432340264320374,0.3692997578531504,-6.910540592670441,0.005300421733409166
109568,-0.029144011437892914,-0.02915948279418808,1.5470488629412684e-05,-1.8730154037475586,0.0,4.317202910897322e-05,0.0004932109466385343,0.6273376020889794,0.7615019849642171,0.8238161087898647,-1.797300100326538,0.00011785583046730608,False,,0.9432340264320374,0.3692997578531504,-6.910540592670441,0.005300421733409166
109824,-0.009864690713584423,-0.009877280351256195,1.2589355190540272e-05,-1.9189420938491821,0.0,4.608771632774733e-05,0.0005271338761905237,0.4776530501708852,0.761018584699592,0.6276496524187201,-1.7662862539291382,0.0001179668543045409,False,,0.9432340264320374,0.3692997578531504,-6.910540592670441,0.005300421733409166
110080,0.4015612006187439,0.4015498655700707,1.1330294566665248e-05,-1.9281314611434937,0.0,3.620188363129273e-05,0.0004145464564476619,0.5466356974201149,0.7605335899603446,0.7187528659301127,-1.815625548362732,0.00010975646000588313,False,,0.9432340264320374,0.3692997578531504,-6.910540592670441,0.005300421733409166
110336,-1.9285130500793457,-1.9285851005554229,7.210428835058522e-05,-1.8676807880401611,0.0,0.00020501145627349615,0.002350310782639115,0.613572374199984,0.7600489043067119,0.8072801246383766,-1.819710612297058,0.00011461936082923785,False,,0.9432340264320374,0.3692997578531504,-6.910540592670441,0.005300421733409166
110592,1.0471831560134888,1.0471028619644203,8.029714140149939e-05,-1.9597963094711304,0.0,0.00023304323258344084,0.0026747650221061654,0.6004051999922726,0.7595664264554072,0.790457791551061,-1.8070038557052612,0.0001160974134108983,False,,0.9432340264320374,0.3692997578531504,-6.910540592670441,0.005300421733409166
110848,0.7095053195953369,0.7094786736968992,2.6641189348633006e-05,-1.8511494398117065,0.0,8.178548159776255e-05,0.0009397842096314726,0.566963970571076,0.75908235717202,0.7469070585217054,-1.8190252780914307,0.0001286651095142588,False,,0.9429892897605896,0.3530196834355593,-6.917231822013855,0.006382707506418228
111104,0.4582577347755432,0.45824541821898895,1.2316501741301869e-05,-1.8740102052688599,0.0,3.574522634153254e-05,0.0004112175176222922,0.5990261218693854,0.7585985963844575,0.789648339351526,-1.8112975358963013,0.00010740502330008894,False,,0.9429892897605896,0.3530196834355593,-6.917231822013855,0.006382707506418228
111360,-0.5212230682373047,-0.521271061706543,4.800340568553929e-05,-1.8273940086364746,0.0,0.00015340864774771035,0.0017668590611086249,0.5433756063759755,0.7581170391863451,0.7167436929780097,-1.7957358360290527,0.00011329963308526203,False,,0.9429892897605896,0.3530196834355593,-6.917231822013855,0.006382707506418228
111616,0.2476855367422104,0.24761982078552247,6.571373484279703e-05,-1.7814503908157349,0.0,0.00019727427570614964,0.0022746880642591527,0.5777823858604494,0.7576338935928845,0.7626142266688527,-1.8168411254882812,0.00010915485472651199,False,,0.9429892897605896,0.3530196834355593,-6.917231822013855,0.006382707506418228
111872,0.19256547093391418,0.19253644941940293,2.9027374012958677e-05,-1.7839572429656982,0.0,0.00013289913476910442,0.0015341568822036336,0.3784146764868572,0.7571529487865898,0.4997863075000937,-1.819629430770874,0.00010913373262155801,False,,0.9429892897605896,0.3530196834355593,-6.917231822013855,0.006382707506418228
112128,0.8976203203201294,0.8975967193603516,2.3600090914776908e-05,-1.837012767791748,0.0,6.873608072055504e-05,0.0007943820601358804,0.5941748208850555,0.7566704176048945,0.7852491746219049,-1.832533359527588,0.00013017292076256126,False,,0.9429892897605896,0.3530196834355593,-6.917231822013855,0.006382707506418228
112384,-1.183843970298767,-1.1839100637802127,6.607385723343463e-05,-1.8077330589294434,0.0,0.00018331750470679253,0.0021210187499317375,0.6230388791759728,0.7561881939387964,0.823920399934728,-1.8312875032424927,0.00010959840437863022,False,,0.9429892897605896,0.3530196834355593,-6.917231822013855,0.006382707506418228
112640,-0.04274621978402138,-0.042767130229187024,2.0912049931277387e-05,-1.7810094356536865,0.0,7.531371375080198e-05,0.0008723835630617429,0.4794232907801207,0.7557081668603727,0.6344026858567755,-1.826264500617981,0.00012477255950216204,False,,0.9429892897605896,0.3530196834355593,-6.917231822013855,0.006382707506418228
112896,0.3785966634750366,0.37856792569732933,2.872791402103948e-05,-1.798628568649292,0.0,9.048815991263837e-05,0.001049346276586335,0.5475392568122557,0.7552265564336335,0.7250000044991419,-1.797726035118103,0.00010760736768133938,False,,0.9471374154090881,0.36647092923521996,-6.922202903032303,0.005451042205095291
113152,0.29327619075775146,0.2932285303955083,4.767117854477379e-05,-1.860132098197937,0.0,0.00013239713734947145,0.0015370861246381334,0.6202798630557766,0.7547452529356974,0.8218400323064015,-1.8447644710540771,0.00012820441043004394,False,,0.9471374154090881,0.36647092923521996,-6.922202903032303,0.005451042205095291
113408,0.4260842800140381,0.4259577735900879,0.0001265061296223719,-1.7948132753372192,0.0,0.00036314790486358106,0.004220779327375045,0.5994444144562641,0.7542661418339571,0.7947385958472795,-1.7984848022460938,0.0005673791165463626,False,,0.9471374154090881,0.36647092923521996,-6.922202903032303,0.005451042205095291
113664,0.6224537491798401,0.6224357361145026,1.800179346271825e-05,-1.9067600965499878,0.0,5.466736911330372e-05,0.0006361032227400118,0.566002271932395,0.7537854504052106,0.7508798048942582,-1.8405357599258423,0.00010942790686385706,False,,0.9471374154090881,0.36647092923521996,-6.922202903032303,0.005451042205095291
113920,0.7299109101295471,0.729880489028935,3.0409619939627258e-05,-1.8585920333862305,0.0,8.719991456018761e-05,0.0010157917825998767,0.5987372699904129,0.7533050653195926,0.7948138112364825,-1.8250339031219482,0.00010405397188151255,False,,0.9471374154090881,0.36647092923521996,-6.922202903032303,0.005451042205095291
114176,0.019449392333626747,0.01940733337402344,4.205960614659217e-05,-1.9718250036239624,0.0,0.00013016030425205827,0.0015179357621137696,0.5541684595140304,0.7528268684466902,0.7361167391082197,-1.8057830333709717,0.00010912128345808014,False,,0.9471374154090881,0.36647092923521996,-6.922202903032303,0.005451042205095291
114432,0.41116589307785034,0.4110860393875104,7.98464018265927e-05,-1.7181528806686401,0.0,0.0002421825920464471,0.0028275141335764743,0.5647816283457183,0.7523470942623253,0.7506929084367442,-1.8409510850906372,0.00021317150094546378,False,,0.9471374154090881,0.36647092923521996,-6.922202903032303,0.005451042205095291
114688,-0.006626782473176718,-0.006654865518950101,2.8083263902009605e-05,-1.733766794204712,0.0,0.00012251193402335048,0.0014319382401206512,0.39224127291472266,0.7518695055079462,0.521687965852177,-1.8368802070617676,0.00010996698983944952,False,,0.9471374154090881,0.36647092923521996,-6.922202903032303,0.005451042205095291
114944,0.5640563368797302,0.5640303901283275,2.595632715246992e-05,-1.932181477546692,0.0,7.83310824772343e-05,0.0009165683834729474,0.5663805913557571,0.751390341447957,0.7537767790098563,-1.7997170686721802,0.0001102572787203826,False,,0.9463689923286438,0.32539539132267237,-6.922225368022919,0.006790034472942352
115200,-1.396755337715149,-1.3967880266235355,3.266551598425802e-05,-2.000359535217285,0.0,9.576798765920103e-05,0.001121850223536261,0.5823507505536845,0.750911482757709,0.7755251636517951,-1.8238015174865723,9.226011025020853e-05,False,,0.9463689923286438,0.32539539132267237,-6.922225368022919,0.006790034472942352
115456,-0.14513853192329407,-0.1452052195434575,6.668519557164737e-05,-1.931687355041504,0.0,0.00023980122932698578,0.0028122033953255176,0.4742558499324224,0.7504348053272594,0.6319747519247895,-1.8394248485565186,0.00011477213411126286,False,,0.9463689923286438,0.32539539132267237,-6.922225368022919,0.006790034472942352
115712,0.1649015098810196,0.1648925735473662,8.94284345297996e-06,-1.8789527416229248,0.0,2.5931765776476823e-05,0.0003044451390950258,0.5874847257908525,0.7499565555971617,0.7833583444351133,-1.782135248184204,0.00011287673260085285,False,,0.9463689923286438,0.32539539132267237,-6.922225368022919,0.006790034472942352
115968,0.19906780123710632,0.19904644012451173,2.1367573302899895e-05,-1.9455372095108032,0.0,5.8425546740181744e-05,0.000686689337697088,0.62233595688435,0.7494786106541058,0.8303585292997323,-1.8048731088638306,0.00012766095460392535,False,,0.9463689923286438,0.32539539132267237,-6.922225368022919,0.006790034472942352
116224,0.24083591997623444,0.24081519455108502,2.0723705580692805e-05,-1.8401447534561157,0.0,6.233184831216931e-05,0.0007334071667857466,0.56513507146425,0.7490028428086182,0.7545165908117264,-1.787838339805603,0.00010517403279663995,False,,0.9463689923286438,0.32539539132267237,-6.922225368022919,0.006790034472942352
116480,-0.23692961037158966,-0.23696680189896144,3.719533552997815e-05,-1.7199361324310303,0.0,0.00011212398385396227,0.0013207241405176241,0.5632566921264933,0.7485255056637087,0.7524883091686505,-1.839404821395874,0.00011725693912012503,False,,0.9463689923286438,0.32539539132267237,-6.922225368022919,0.006790034472942352
116736,-0.007096606772392988,-0.007130630493161152,3.402394094218753e-05,-1.9776257276535034,0.0,9.671875886851922e-05,0.0011405168609779875,0.5966407355523384,0.7480484727242532,0.7975963554600733,-1.798458218574524,9.612984285922721e-05,False,,0.9463689923286438,0.32539539132267237,-6.922225368022919,0.006790034472942352
116992,0.4377577304840088,0.4376952433197003,6.248430551170667e-05,-1.7685761451721191,0.0,0.00019316078396514058,0.002280260377248161,0.5480453560054689,0.7475736127280784,0.7330988502998624,-1.8392072916030884,0.00011389103747205809,False,,0.9451627731323242,0.3453020010143518,-6.920408624410629,0.006967352703213692
117248,0.12666676938533783,0.1266237783050514,4.29852853606573e-05,-1.9599463939666748,0.0,0.0001292244269279763,0.001527163058495924,0.562942969600021,0.747097186426983,0.7535070133141772,-1.8311711549758911,0.00012239521311130375,False,,0.9451627731323242,0.3453020010143518,-6.920408624410629,0.006967352703213692
117504,0.2813762426376343,0.28135565981597904,2.0581291691858223e-05,-1.537766456604004,0.0,8.024553244467825e-05,0.0009493668777576496,0.43357930793772914,0.7466229303058564,0.5807205891200155,-1.8359187841415405,9.750435856403783e-05,False,,0.9451627731323242,0.3453020010143518,-6.920408624410629,0.006967352703213692
117760,0.24025219678878784,0.2402407411705033,1.1459571303026545e-05,-1.9016404151916504,0.0,3.843115337076597e-05,0.0004551660662341255,0.5035336398356217,0.7461471098716644,0.6748449912541085,-1.8491698503494263,0.00010497371840756387,False,,0.9451627731323242,0.3453020010143518,-6.920408624410629,0.006967352703213692
118016,-1.1545811891555786,-1.1546337110977154,5.2491106388551204e-05,-1.8841403722763062,0.0,0.00015855413221288472,0.0018799064605461119,0.5584438107979326,0.7456715926763317,0.7489138868675292,-1.8453699350357056,0.0001105101327993907,False,,0.9451627731323242,0.3453020010143518,-6.920408624410629,0.006967352703213692
118272,-0.2250826358795166,-0.22513274140930153,5.010211360073953e-05,-1.8990097045898438,0.0,0.00021367667068261653,0.002536209528073575,0.39509443558313195,0.7451982415198799,0.5301870208084648,-1.8167823553085327,0.00012780373799614608,False,,0.9451627731323242,0.3453020010143518,-6.920408624410629,0.006967352703213692
118528,-0.01898702047765255,-0.019028707885745098,4.168772901611207e-05,-1.8771910667419434,0.0,0.00011954895308008417,0.0014205089507493907,0.5869407439371596,0.7447233290353494,0.7881326138895529,-1.851212501525879,0.00011426892160670832,False,,0.9451627731323242,0.3453020010143518,-6.920408624410629,0.006967352703213692
118784,0.8151463270187378,0.8151161468505889,3.0163477856645698e-05,-1.85014808177948,0.0,8.217663707910106e-05,0.0009774976498498997,0.6171570409663383,0.7442487192110446,0.8292349385841975,-1.8562159538269043,0.00011035831994377077,False,,0.9451627731323242,0.3453020010143518,-6.920408624410629,0.006967352703213692
119040,0.05048583447933197,0.05040911865234375,7.671672581246767e-05,-1.8812111616134644,0.0,0.00021471215586643666,0.0025567620092949886,0.6001084616680598,0.743776271292435,0.8068400200846304,-1.8469688892364502,0.00012105276982765645,False,,0.9414382576942444,0.2965131100267172,-6.915965187549591,0.006077194586396217
119296,-0.15315625071525574,-0.15317882578277786,2.2578711330652458e-05,-1.9387240409851074,0.0,6.792525527998805e-05,0.0008097148358537877,0.5576953843718273,0.743302265025037,0.7502942081752464,-1.834130048751831,0.00012789751053787768,False,,0.9414382576942444,0.2965131100267172,-6.915965187549591,0.006077194586396217
119552,0.6254469752311707,0.6254118621826201,3.510792636983806e-05,-1.952255129814148,0.0,9.937392314895988e-05,0.0011858763154760515,0.592100979025701,0.7428285608403354,0.7970896788834806,-1.799414873123169,0.0001291020162170753,False,,0.9414382576942444,0.2965131100267172,-6.915965187549591,0.006077194586396217
119808,0.09489496052265167,0.09482302169799806,7.193954179692241e-05,-1.9095200300216675,0.0,0.0002126495965057984,0.0025403575356922996,0.5663733611207401,0.7423570144360302,0.7629393271794096,-1.8422240018844604,9.892309026326984e-05,False,,0.9414382576942444,0.2965131100267172,-6.915965187549591,0.006077194586396217
120064,1.2587050199508667,1.2586778956932103,2.711425158563819e-05,-1.8911404609680176,0.0,7.936050678836182e-05,0.0009490713596937403,0.5713848871045439,0.7418839126565421,0.7701809910643913,-1.8542678356170654,0.00010333284444641322,False,,0.9414382576942444,0.2965131100267172,-6.915965187549591,0.006077194586396217
120320,0.010766100138425827,0.010766100234983606,0.0,0.0,0.0,0.0,0.0,0.0,0.0,0.0,-1.8350523710250854,0.00011030710447812453,False,,0.9414382576942444,0.2965131100267172,-6.915965187549591,0.006077194586396217
120576,0.2664603590965271,0.26644559326171874,1.4754750454217013e-05,-1.8936569690704346,0.0,5.1734376029344276e-05,0.0006200078407177894,0.47595367300953123,0.740940465773073,0.642364258662721,-1.8282068967819214,0.00011247443762840703,False,,0.9414382576942444,0.2965131100267172,-6.915965187549591,0.006077194586396217
120832,0.4170854985713959,0.41705327527618796,3.222322369206378e-05,-1.8458093404769897,0.0,9.51034962781705e-05,0.0011409737413839278,0.5648372530112583,0.7404682667555716,0.7628108838291525,-1.8412505388259888,0.00010522152297198772,False,,0.9414382576942444,0.2965131100267172,-6.915965187549591,0.006077194586396217
121088,0.06547684222459793,0.06540740156822139,6.944231983907469e-05,-1.7984154224395752,0.0,0.0003046323836315423,0.0036585892546953953,0.37961255011041833,0.739998218662246,0.5129911674607465,-1.843171238899231,0.00011515213554957882,False,,0.9446508884429932,0.37107851542532444,-6.905800098180771,0.00662339199334383
121344,0.48442330956459045,0.4844101257324219,1.3170158178615806e-05,-1.9130113124847412,0.0,3.7608864658977836e-05,0.00045215471298589235,0.5825509632154039,0.7395266201358509,0.7877349474024199,-1.8574120998382568,0.00011704284406732768,False,,0.9446508884429932,0.37107851542532444,-6.905800098180771,0.00662339199334383
121600,-0.025721797719597816,-0.025758229556275183,3.643232597370096e-05,-1.9306906461715698,0.0,9.852126095211133e-05,0.0011857280237303415,0.6145140410713006,0.7390553221577063,0.8314858477403265,-1.8486279249191284,0.00011060340330004692,False,,0.9446508884429932,0.37107851542532444,-6.905800098180771,0.00662339199334383
121856,-0.012173764407634735,-0.012187968399046805,1.4204255408871412e-05,-1.9743772745132446,0.0,4.9487596697872505e-05,0.0005962206491071972,0.4764764665612098,0.7385861709993934,0.6451196695390078,-1.8348809480667114,0.00010769110667752102,False,,0.9446508884429932,0.37107851542532444,-6.905800098180771,0.00662339199334383
122112,0.4744570553302765,0.4744407806396514,1.62886258555679e-05,-1.973252296447754,0.0,4.9528836825629696e-05,0.0005973448722126724,0.5453675628027712,0.7381154723665118,0.7388648297186332,-1.851598858833313,0.00010560247756075114,False,,0.9446508884429932,0.37107851542532444,-6.905800098180771,0.00662339199334383
122368,-1.9432895183563232,-1.9433417846679717,5.223960252777325e-05,-1.9619394540786743,0.0,0.00014503937563858926,0.0017510894716760736,0.5966525796968166,0.7376450737083814,0.808861335841708,-1.8313202857971191,0.00010405822104075924,False,,0.9446508884429932,0.37107851542532444,-6.905800098180771,0.00662339199334383
122624,0.9952553510665894,0.9952152167137159,4.011261820080957e-05,-1.846693515777588,0.0,0.00010982032836182043,0.0013272655557467611,0.6044399785277478,0.7371768177735702,0.8199389399591868,-1.8506441116333008,0.0001002524804789573,False,,0.9446508884429932,0.37107851542532444,-6.905800098180771,0.00662339199334383
122880,0.7205029129981995,0.7204780846038804,2.4857551272667732e-05,-1.9252204895019531,0.0,7.446812378475443e-05,0.0009009465027267165,0.5518097067347795,0.736707017317046,0.749021922913631,-1.8318997621536255,0.00011202915629837662,False,,0.9446508884429932,0.37107851542532444,-6.905800098180771,0.00662339199334383
123136,0.45072057843208313,0.4507075984115596,1.2965486191584407e-05,-1.9339659214019775,0.0,3.6754227039637044e-05,0.00044513162061059344,0.5825461769621966,0.736237516262868,0.7912476124813542,-1.8529714345932007,9.315696661360562e-05,False,,0.9503860473632812,0.3243686055764556,-6.904080092906952,0.005237358622252941
123392,-0.5181894302368164,-0.5182316662765516,4.222023071161886e-05,-1.8316518068313599,0.0,0.0001287499035242945,0.0015609101863802834,0.5409693790201556,0.7357701538433137,0.7352423527842067,-1.8608418703079224,0.0001109212389565073,False,,0.9503860473632812,0.3243686055764556,-6.904080092906952,0.005237358622252941
123648,0.31631720066070557,0.3162817257194518,3.547936161085353e-05,-1.8373494148254395,0.0,0.00010358739382354543,0.0012571543280649842,0.5644392389829095,0.7353012498492671,0.7676299191639026,-1.8521276712417603,9.894715913105756e-05,False,,0.9503860473632812,0.3243686055764556,-6.904080092906952,0.005237358622252941
123904,0.1622181534767151,0.16218909008407645,2.9067737567985198e-05,-1.7365491390228271,0.0,0.00013683921133633703,0.0016624180316024441,0.3497043104130207,0.7348344817701624,0.4758953466236487,-1.8548922538757324,0.00010739285062300041,False,,0.9503860473632812,0.3243686055764556,-6.904080092906952,0.005237358622252941
124160,0.8648661375045776,0.8648504630126962,1.565871930792426e-05,-1.825513482093811,0.0,4.475071546039544e-05,0.0005442249996017523,0.5754502023752252,0.7343661740769714,0.7836011824734594,-1.841708779335022,0.0001043556840158999,False,,0.9503860473632812,0.3243686055764556,-6.904080092906952,0.005237358622252941
124416,-1.1615276336669922,-1.1615786331176758,5.1021253246704706e-05,-2.0234878063201904,0.0,0.00013880152255296707,0.001689742919471567,0.6038936770649179,0.7338981648347934,0.8228575925119793,-1.8586630821228027,0.00010074181045638397,False,,0.9503860473632812,0.3243686055764556,-6.904080092906952,0.005237358622252941
124672,0.018123844638466835,0.01810862218322873,1.522214939995352e-05,-1.9345837831497192,0.0,5.512548523256555e-05,0.0006717753409176233,0.45319166908271913,0.7334322874318532,0.6179052611245007,-1.8718310594558716,0.0001187086891150102,False,,0.9503860473632812,0.3243686055764556,-6.904080092906952,0.005237358622252941
124928,0.40471526980400085,0.40470386219253707,1.1394622392552833e-05,-1.9397121667861938,0.0,3.505589484120719e-05,0.00042764042669042243,0.5329066983090273,0.7329648733526831,0.7270562583325966,-1.8420825004577637,9.672763553680852e-05,False,,0.9503860473632812,0.3243686055764556,-6.904080092906952,0.005237358622252941
125184,0.32903873920440674,0.3290036064147949,3.5128582398258024e-05,-2.0137217044830322,0.0,9.518062870483845e-05,0.001162281741296236,0.6044761979841623,0.7324977571550287,0.8252260052398065,-1.8754838705062866,0.00011985316086793318,False,,0.9614080786705017,0.27811632081866267,-6.899553859233857,0.005530279595404863
125440,0.40875503420829773,0.4086979949951172,5.7034667596291924e-05,-1.8619682788848877,0.0,0.00016202402184717357,0.0019805451751929784,0.5759491710734105,0.7320327687286852,0.7867805864396703,-1.848311185836792,0.00012111260730307549,False,,0.9614080786705017,0.27811632081866267,-6.899553859233857,0.005530279595404863
125696,0.7456812262535095,0.7456605026245118,2.0729308871392815e-05,-1.9418076276779175,0.0,6.124887295300141e-05,0.0007494571059995368,0.5531819954858264,0.7315662465583622,0.7561611789612482,-1.830315113067627,0.00010399483289802447,False,,0.9614080786705017,0.27811632081866267,-6.899553859233857,0.005530279595404863
125952,0.799760639667511,0.7997478942871123,1.2766820061866383e-05,-1.9541287422180176,0.0,3.599582487368025e-05,0.0004409031913246901,0.5791212362745016,0.7311000217011443,0.7921231282786532,-1.868208646774292,8.682611951371655e-05,False,,0.9614080786705017,0.27811632081866267,-6.899553859233857,0.005530279595404863
126208,0.01857234723865986,0.018539611816406253,3.2735901344575126e-05,-2.0311458110809326,0.0,9.817469981499016e-05,0.001203733915043475,0.5439059402657573,0.7306359205550726,0.7444281412451575,-1.8110325336456299,0.00011337222531437874,False,,0.9614080786705017,0.27811632081866267,-6.899553859233857,0.005530279595404863
126464,0.3884696960449219,0.3884382621765108,3.1426859332139376e-05,-1.7462233304977417,0.0,9.340789983980358e-05,0.0011464501160523004,0.5482464329168545,0.7301702885916768,0.7508473591472618,-1.8393417596817017,0.00012615146988537163,False,,0.9614080786705017,0.27811632081866267,-6.899553859233857,0.005530279595404863
126720,0.0033104922622442245,0.003287015783690731,2.347650641759791e-05,-1.6449213027954102,0.0,0.00013455524458549917,0.0016531421906616284,0.2840228330050911,0.7297067776387236,0.3892287172173016,-1.8575890064239502,9.854403469944373e-05,False,,0.9614080786705017,0.27811632081866267,-6.899553859233857,0.005530279595404863
126976,0.5504207015037537,0.550403192604064,1.7492450086186618e-05,-1.8195645809173584,0.0,5.180281732464209e-05,0.000637091510786856,0.5491346153579139,0.7292417378151722,0.7530213739591153,-1.806702733039856,0.00010814169218065217,False,,0.9614080786705017,0.27811632081866267,-6.899553859233857,0.005530279595404863
127232,-1.2653613090515137,-1.2653820640594466,2.0774596317522062e-05,-1.872631311416626,0.0,5.99726517975796e-05,0.0007383115597715932,0.5627596112391622,0.728776994360031,0.7721972778975337,-1.8435405492782593,9.625033271731809e-05,False,,0.9446388483047485,0.30177415031939747,-6.895412963628769,0.005008031614124775
127488,-0.12164797633886337,-0.12168046758575511,3.2493005255264847e-05,-1.8066660165786743,0.0,0.0001175461002276279,0.0014485384389229098,0.4486315914326123,0.7283143678680687,0.6159861884173073,-1.8574646711349487,8.507564052706584e-05,False,,0.9446388483047485,0.30177415031939747,-6.895412963628769,0.005008031614124775
127744,0.1689242124557495,0.16890502319336229,1.9195481237989947e-05,-2.022097587585449,0.0,5.452060213428922e-05,0.0006725408427177412,0.5708346621870846,0.7278502154228643,0.7842749099901588,-1.8651201725006104,9.940913150785491e-05,False,,0.9446388483047485,0.30177415031939747,-6.895412963628769,0.005008031614124775
128000,0.19210590422153473,0.19206799818115253,3.79115144198915e-05,-1.8988120555877686,0.0,0.00010206393926637247,0.0012602760783009062,0.6016382453438852,0.7273863587805465,0.8271233548461422,-1.8462190628051758,0.00010119968646904454,False,,0.9446388483047485,0.30177415031939747,-6.895412963628769,0.005008031614124775
128256,0.2512117922306061,0.2511700703666691,4.172940268061539e-05,-1.981282353401184,0.0,0.00011752845603041351,0.0014526773683735529,0.5745171445375579,0.726924615061867,0.7903393730705651,-1.842624545097351,0.0001045485187205486,False,,0.9446388483047485,0.30177415031939747,-6.895412963628769,0.005008031614124775
128512,-0.2534743547439575,-0.25350803822327,3.3670040287262026e-05,-1.9487820863723755,0.0,9.950184175977483e-05,0.0012310930233111188,0.5469942506327244,0.7264613483017345,0.7529571282924351,-1.8685259819030762,8.186141349142417e-05,False,,0.9446388483047485,0.30177415031939747,-6.895412963628769,0.005008031614124775
128768,-0.010780089534819126,-0.01080093994140334,2.085062244975793e-05,-1.7807892560958862,0.0,5.933368083788082e-05,0.0007348416927082966,0.5674861036507576,0.7259983767800442,0.7816630474680647,-1.8414145708084106,0.00010864996875170618,False,,0.9446388483047485,0.30177415031939747,-6.895412963628769,0.005008031614124775
129024,0.4823291301727295,0.48229040344238167,3.873961782086265e-05,-1.9274946451187134,0.0,0.00011705554788932204,0.0014511579791287512,0.5339131697311303,0.7255375141501598,0.7358863729555268,-1.8796112537384033,9.466348274145275e-05,False,,0.9446388483047485,0.30177415031939747,-6.895412963628769,0.005008031614124775
129280,0.14654920995235443,0.14651909513244174,3.0108961077861314e-05,-1.9012019634246826,0.0,8.818437345325947e-05,0.0010943225737094,0.5502757925535916,0.7250751313850551,0.7589224464262652,-1.8515408039093018,9.081076859729365e-05,False,,0.9589414000511169,0.26833219919353724,-6.896320253610611,0.006260043941438198
129536,0.14893649518489838,0.14891189837493876,2.4589768240995438e-05,-1.6999361515045166,0.0,0.0001324407203355804,0.0016451433706553594,0.2989376935725651,0.7246148548298981,0.41254701249912984,-1.8362927436828613,9.906069317366928e-05,False,,0.9589414000511169,0.26833219919353724,-6.896320253610611,0.006260043941438198
129792,0.2419770509004593,0.24196458183898942,1.2471836624939843e-05,-1.8485444784164429,0.0,4.125057239434682e-05,0.0005129104271392754,0.4863163611042458,0.7241530600726626,0.6715657060890526,-1.8653916120529175,0.00010084310633828864,False,,0.9589414000511169,0.26833219919353724,-6.896320253610611,0.006260043941438198
130048,-1.4046696424484253,-1.4047027346961987,3.304556744834615e-05,-1.9038584232330322,0.0,9.667519043432549e-05,0.0012032477809564661,0.5492728591957694,0.7236915596157666,0.7589875160177324,-1.8560230731964111,9.280211816076189e-05,False,,0.9589414000511169,0.26833219919353724,-6.896320253610611,0.006260043941438198
130304,-0.24502477049827576,-0.24506730781249936,4.254375195958306e-05,-1.6970332860946655,0.0,0.00018028615158982575,0.0022460962689942175,0.3788239404238339,0.7232321613497967,0.5237929957606141,-1.8224937915802002,0.00011073990754084662,False,,0.9589414000511169,0.26833219919353724,-6.896320253610611,0.006260043941438198
130560,-0.028046583756804466,-0.028081517768863706,3.493436842668179e-05,-2.007174253463745,0.0,9.75373259279877e-05,0.0012163642464771403,0.5744063676297531,0.7227712477787468,0.7947277501630629,-1.8566135168075562,0.00013455923181027174,False,,0.9589414000511169,0.26833219919353724,-6.896320253610611,0.006260043941438198
130816,0.8358913660049438,0.8358646170806897,2.6732403053399617e-05,-1.9198670387268066,0.0,7.081139483489096e-05,0.0008839382276923269,0.6048477646043018,0.7223106279464594,0.8373790183925351,-1.861091136932373,0.00010650543117662892,False,,0.9589414000511169,0.26833219919353724,-6.896320253610611,0.006260043941438198
131072,0.04078690707683563,0.040744822836303506,4.208468617454971e-05,-1.8554317951202393,0.0,0.00011899870878551155,0.0014869093158563099,0.5660693053135277,0.7218521062937454,0.7841901414126725,-1.8386039733886719,9.172356658382341e-05,False,,0.9589414000511169,0.26833219919353724,-6.896320253610611,0.006260043941438198
131328,-0.15624678134918213,-0.1562636323471088,1.685526797702417e-05,-2.000948905944824,0.0,4.971630187355913e-05,0.0006218209563030186,0.542126083277594,0.7213920722274219,0.7514999182118632,-1.879223346710205,0.00010767395724542439,False,,0.9603925943374634,0.2829471556469798,-6.897950160503387,0.005661028437316418
131584,0.6052708625793457,0.6052396580223111,3.121581075868619e-05,-1.8704794645309448,0.0,8.696419536136091e-05,0.0010887558403390595,0.5734216911105613,0.7209323313393551,0.7953890624453656,-1.8727847337722778,0.00011304307554382831,False,,0.9603925943374634,0.2829471556469798,-6.897950160503387,0.005661028437316418
131840,0.10411561280488968,0.10403403898620454,8.157493840091252e-05,-2.0083634853363037,0.0,0.0002200544549850747,0.002757662901945359,0.5916237140033794,0.7204746846271636,0.8211582261346728,-1.858911395072937,9.840216807788238e-05,False,,0.9603925943374634,0.2829471556469798,-6.897950160503387,0.005661028437316418
132096,1.2554309368133545,1.2553976198127785,3.330542319072882e-05,-1.8528910875320435,0.0,9.5072464318946e-05,0.0011925802084145104,0.5585439529473175,0.7200155283873155,0.7757387596880575,-1.8661490678787231,0.00012744574632961303,False,,0.9603925943374634,0.2829471556469798,-6.897950160503387,0.005661028437316418
132352,0.0069335633888840675,0.006933563232418965,0.0,0.0,0.0,0.0,0.0,0.0,0.0,0.0,-1.8730677366256714,0.00010608438606141135,False,,0.9603925943374634,0.2829471556469798,-6.897950160503387,0.005661028437316418
132608,0.2985926866531372,0.29857381820678713,1.8860946087666165e-05,-1.904452919960022,0.0,6.475717964349315e-05,0.0008138799405864245,0.46348226924173347,0.7190998913250777,0.6445311351496378,-1.875572919845581,8.725251245778054e-05,False,,0.9603925943374634,0.2829471556469798,-6.897950160503387,0.005661028437316418
132864,0.5355574488639832,0.5355393758697552,1.809197019678921e-05,-1.917261004447937,0.0,5.168632560526021e-05,0.0006502307024540383,0.5564784968937404,0.7186416112366568,0.7743477251980135,-1.8733137845993042,9.262667299481109e-05,False,,0.9603925943374634,0.2829471556469798,-6.897950160503387,0.005661028437316418
133120,0.061552952975034714,0.06151274924163882,4.0202453851741256e-05,-1.851323127746582,0.0,0.00018177370657213032,0.0022889685283015884,0.35127135523852243,0.7181854186699905,0.4891095615517268,-1.8715327978134155,0.00010111133451573551,False,,0.9603925943374634,0.2829471556469798,-6.897950160503387,0.005661028437316418
133376,0.49550607800483704,0.49549502563476566,1.104362635211232e-05,-1.9857994318008423,0.0,3.103899143752642e-05,0.000391231795509659,0.5645566888409849,0.7177277213721031,0.7865889417810193,-1.855689287185669,0.00011151321814395487,False,,0.952140212059021,0.2891827393323183,-6.900822114944458,0.007494654040783644
133632,-0.0379546582698822,-0.037988422401429855,3.376381378351289e-05,-1.9865659475326538,0.0,8.96689816727303e-05,0.0011313207700405102,0.5968919634049302,0.7172703157632572,0.8321715680785832,-1.8643748760223389,0.0001202992134494707,False,,0.952140212059021,0.2891827393323183,-6.900822114944458,0.007494654040783644
133888,-0.007917758077383041,-0.007948029327392579,3.0270931885742427e-05,-1.9510539770126343,0.0,0.00010237239621346816,0.0012928285758185688,0.4682899566414062,0.7168149936928047,0.6532926358430704,-1.8703778982162476,0.00011753433500416577,False,,0.952140212059021,0.2891827393323183,-6.900822114944458,0.007494654040783644
134144,0.4855078160762787,0.48549038317871457,1.7427559888095255e-05,-2.0176281929016113,0.0,5.20599824085366e-05,0.0006580781630749291,0.529650149965877,0.7163581697624246,0.73936498852457,-1.8948978185653687,8.662420441396534e-05,False,,0.952140212059021,0.2891827393323183,-6.900822114944458,0.007494654040783644
134400,-1.6651113033294678,-1.6651577720603965,4.646868877295846e-05,-1.8071472644805908,0.0,0.00012832654465455562,0.001623695395084038,0.5723818508526762,0.7159016369644918,0.7995258305032565,-1.87430739402771,9.08963629626669e-05,False,,0.952140212059021,0.2891827393323183,-6.900822114944458,0.007494654040783644
134656,1.0533075332641602,1.0532484871872003,5.901520600281038e-05,-2.0088870525360107,0.0,0.00015872842050157487,0.0020102725270545845,0.5871363728904798,0.7154471837291922,0.8206564876390932,-1.8602343797683716,0.00010463016951689497,False,,0.952140212059021,0.2891827393323183,-6.900822114944458,0.007494654040783644
134912,0.8156323432922363,0.8156169433593751,1.5413854557548584e-05,-1.9640330076217651,0.0,4.52001258963719e-05,0.0005729977400909617,0.5380075165776982,0.7149912314997798,0.752467293129124,-1.8404855728149414,9.91162087302655e-05,False,,0.952140212059021,0.2891827393323183,-6.900822114944458,0.007494654040783644
135168,0.4649936258792877,0.4649678009033174,2.581846999900318e-05,-1.976985216140747,0.0,7.237048703245819e-05,0.0009183051024298266,0.5623070138821564,0.7145355698472824,0.7869545444775244,-1.8788648843765259,0.00011797317711170763,False,,0.952140212059021,0.2891827393323183,-6.900822114944458,0.007494654040783644
135424,-0.5439853668212891,-0.5440157509300217,3.039367770163046e-05,-1.9152013063430786,0.0,9.10530288820155e-05,0.001156457677392287,0.5256340685145624,0.7140819837892443,0.7360976476752832,-1.8652218580245972,9.34035997488536e-05,False,,0.9478927850723267,0.27862224262207747,-6.900175285339356,0.0071897259913384914
135680,0.3193686306476593,0.3193201835571294,4.8461051664761766e-05,-1.8726027011871338,0.0,0.00013923020742367953,0.0017700253969168953,0.5475746477894979,0.7136269015974396,0.7673122279495952,-1.863924503326416,9.48081215028651e-05,False,,0.9478927850723267,0.27862224262207747,-6.900175285339356,0.0071897259913384914
135936,0.24342438578605652,0.2433872922039038,3.7087862973522224e-05,-1.6755493879318237,0.0,0.00016382199828512967,0.002084618304614491,0.35582401719705603,0.7131738923605799,0.4989302342788956,-1.8459022045135498,0.00011053201887989417,False,,0.9478927850723267,0.27862224262207747,-6.900175285339356,0.0071897259913384914
136192,0.903843343257904,0.9038149722534174,2.8357865220539196e-05,-1.8486924171447754,0.0,7.945118704810739e-05,0.0010119611846026205,0.560453615257483,0.7127193888925732,0.7863594340099523,-1.8929553031921387,0.00010212297638645396,False,,0.9478927850723267,0.27862224262207747,-6.900175285339356,0.0071897259913384914
136448,-1.2105499505996704,-1.210601976251221,5.2040230762017855e-05,-2.014256715774536,0.0,0.00013859887258149683,0.0017669795753075482,0.5890303599345237,0.7122651750781905,0.8269818328122831,-1.8681424856185913,0.00011462736438261345,False,,0.9478927850723267,0.27862224262207747,-6.900175285339356,0.0071897259913384914
136704,0.014996573328971863,0.014986199951171876,1.0373280676967181e-05,-1.937375545501709,0.0,3.594288500607945e-05,0.00045865989688145744,0.45232996159017574,0.7118130302631877,0.6354617608263368,-1.8656896352767944,9.708286233944818e-05,False,,0.9478927850723267,0.27862224262207747,-6.900175285339356,0.0071897259913384914
136960,0.3995048701763153,0.39949049111785717,1.439049941180401e-05,-1.9831087589263916,0.0,4.343919499660842e-05,0.0005548383151758187,0.5187276732049014,0.7113593940682954,0.7292061896283891,-1.8572453260421753,9.474734542891383e-05,False,,0.9478927850723267,0.27862224262207747,-6.900175285339356,0.0071897259913384914
137216,0.29526078701019287,0.295226492996217,3.430589294192268e-05,-1.9365170001983643,0.0,9.175458399113268e-05,0.0011730554070109533,0.5848980830212797,0.7109060469743167,0.8227501869067806,-1.8611512184143066,0.00010036792809842154,False,,0.9478927850723267,0.27862224262207747,-6.900175285339356,0.0071897259913384914
137472,0.4802367687225342,0.4801572372436524,7.952347737749335e-05,-2.0404107570648193,0.0,0.00021829931938555092,0.0027934883851316933,0.5693489029756204,0.7104547649317006,0.8013865640416313,-1.864149808883667,0.00010205817670794204,False,,0.9649320840835571,0.26373640187084674,-6.888603127002716,0.006672367453575134
137728,0.7054216265678406,0.7054008316040039,2.0767337475047442e-05,-1.9928456544876099,0.0,6.0388021665858105e-05,0.0007734813733922487,0.5369835186584613,0.710001994355012,0.7563126905668398,-1.869919776916504,8.738806354813278e-05,False,,0.9649320840835571,0.26373640187084674,-6.888603127002716,0.006672367453575134
137984,0.7998790740966797,0.7998572042236367,2.1894664107061733e-05,-1.9853566884994507,0.0,6.058272992959246e-05,0.0007766971534592427,0.563788962262771,0.7095495123275811,0.794573109370955,-1.8649656772613525,0.00010272578219883144,False,,0.9649320840835571,0.26373640187084674,-6.888603127002716,0.006672367453575134
138240,0.01875598169863224,0.018732041833497352,2.394074845976492e-05,-2.0417349338531494,0.0,7.090021972544491e-05,0.0009098125921424454,0.5262786790714504,0.7090990914110292,0.7421793166089294,-1.8673105239868164,0.00010189828026341274,False,,0.9649320840835571,0.26373640187084674,-6.888603127002716,0.006672367453575134
138496,0.41693830490112305,0.4169035140991182,3.477823244690931e-05,-1.9246363639831543,0.0,0.00010148630826734006,0.0013035093189224072,0.533609264499313,0.7086471848007915,0.7529970850717715,-1.8835920095443726,0.00010627551091602072,False,,0.9649320840835571,0.26373640187084674,-6.888603127002716,0.006672367453575134
138752,-0.027575962245464325,-0.027589339993287287,1.3378165843767114e-05,-1.8587840795516968,0.0,5.702464477508329e-05,0.000733110230637564,0.36497010366728955,0.7081973366803371,0.5153508559889263,-1.8615918159484863,8.876830543158576e-05,False,,0.9649320840835571,0.26373640187084674,-6.888603127002716,0.006672367453575134
139008,0.5829717516899109,0.5829583740234375,1.3387112269947802e-05,-2.047776460647583,0.0,3.8809070247225463e-05,0.0004993910684979793,0.5361374327423307,0.7077460047555397,0.7575280243758016,-1.8555212020874023,8.929700561566278e-05,False,,0.9649320840835571,0.26373640187084674,-6.888603127002716,0.006672367453575134
139264,-1.3578397035598755,-1.3578826647445705,4.3002758821509926e-05,-1.8004547357559204,0.0,0.00012146108929300681,0.0015643891900498314,0.5497705953866906,0.7072949604631519,0.7772861763735586,-1.8355399370193481,9.735358617035672e-05,False,,0.9649320840835571,0.26373640187084674,-6.888603127002716,0.006672367453575134
139520,-0.17668397724628448,-0.17672231713256917,3.834178010558989e-05,-1.9007173776626587,0.0,0.00013621994003187865,0.0017560873770293048,0.436672805774061,0.7068459707325843,0.6177764659555004,-1.881453514099121,0.00010153494076803327,False,,0.9535101056098938,0.2726543502882123,-6.886461323499679,0.007878202944993973
139776,0.1633908450603485,0.1633795729492209,1.1273993536204863e-05,-1.9268548488616943,0.0,3.1475410651182756e-05,0.00040613973170623626,0.5551780658760774,0.7063955000290352,0.7859309209263902,-1.8593801259994507,9.134970605373383e-05,False,,0.9535101056098938,0.2726543502882123,-6.886461323499679,0.007878202944993973
140032,0.20925071835517883,0.20922324606933398,2.747405273212281e-05,-1.9575891494750977,0.0,7.273489609360695e-05,0.0009393875523068547,0.5849354223324497,0.7059453164090419,0.8285846066772738,-1.8968369960784912,8.53792589623481e-05,False,,0.9535101056098938,0.2726543502882123,-6.886461323499679,0.007878202944993973
140288,0.2566405236721039,0.25660010223388674,4.041360692628347e-05,-1.9937204122543335,0.0,0.00011011346214218065,0.0014234362373240785,0.5678316438291203,0.7054971834304011,0.8048673434358766,-1.8564330339431763,0.000117647519800812,False,,0.9535101056098938,0.2726543502882123,-6.886461323499679,0.007878202944993973
140544,-0.25432491302490234,-0.2543581077575713,3.318782643038e-05,-2.052121877670288,0.0,9.61807745625265e-05,0.0012444639658846738,0.533367415050659,0.7050475723047376,0.7564984775525551,-1.8880106210708618,0.00011671436368487775,False,,0.9535101056098938,0.2726543502882123,-6.886461323499679,0.007878202944993973
140800,-0.007096551358699799,-0.007126354280850501,2.9802854495023262e-05,-1.967745304107666,0.0,8.205448830267414e-05,0.0010626546081891673,0.5609132876355614,0.7045982477148238,0.796075337193548,-1.8800675868988037,8.91818999662064e-05,False,,0.9535101056098938,0.2726543502882123,-6.886461323499679,0.007878202944993973
141056,0.5054656863212585,0.5054259613037081,3.9700652489251936e-05,-2.0487565994262695,0.0,0.00011798421473940834,0.0015293509609224517,0.519183019511831,0.7041509698532754,0.7373177652798144,-1.8839519023895264,8.706561493454501e-05,False,,0.9535101056098938,0.2726543502882123,-6.886461323499679,0.007878202944993973
141312,0.1318047046661377,0.1317737823486299,3.092644261168514e-05,-1.9763308763504028,0.0,8.941238047555089e-05,0.0011600459984447114,0.5331933846269651,0.7037022166652706,0.7576974635005146,-1.8938263654708862,0.00011159805580973625,False,,0.9535101056098938,0.2726543502882123,-6.886461323499679,0.007878202944993973
141568,0.19391269981861115,0.19389719737243724,1.55082412795514e-05,-1.6062997579574585,0.0,7.213684148155153e-05,0.0009367565049767299,0.3311050672647668,0.7032555076028258,0.4708175957176625,-1.856777310371399,8.21022767922841e-05,False,,0.9642379283905029,0.25611811578273774,-6.892264646291733,0.00733180483803153
141824,0.2612883150577545,0.2612769424438477,1.1377059393453507e-05,-2.0017638206481934,0.0,3.679640212794766e-05,0.0004782641476002309,0.4757646773457628,0.7028073250900836,0.6769489451248687,-1.9006987810134888,9.93565481621772e-05,False,,0.9642379283905029,0.25611811578273774,-6.892264646291733,0.00733180483803153
142080,-1.516149640083313,-1.5162139595031738,6.436765682490215e-05,-2.028763771057129,0.0,0.00018541814642958343,0.0024121642124712924,0.5336921631795265,0.7023594282026405,0.75985619577324,-1.8837001323699951,0.00011574712698347867,False,,0.9642379283905029,0.25611811578273774,-6.892264646291733,0.00733180483803153
142336,-0.229788139462471,-0.22981450728912314,2.636185106618091e-05,-1.7865846157073975,0.0,0.00010605874558677897,0.0013809916260314732,0.3817814759954253,0.701913571540204,0.5439152218665396,-1.8883644342422485,8.619129221187904e-05,False,,0.9642379283905029,0.25611811578273774,-6.892264646291733,0.00733180483803153
142592,-0.025433627888560295,-0.025459045410159163,2.5416999199177766e-05,-1.9794044494628906,0.0,6.998710887273774e-05,0.0009121229202849039,0.5573152178050454,0.701466244239074,0.7945004087967219,-1.8928030729293823,8.154415263561532e-05,False,,0.9642379283905029,0.25611811578273774,-6.892264646291733,0.00733180483803153
142848,0.846377432346344,0.8463378759246873,3.9531566431434734e-05,-2.0229694843292236,0.0,0.00010324225877411664,0.0013467372355340742,0.5870717076558404,0.7010192020182195,0.8374545318668494,-1.89377760887146,9.694737673271447e-05,False,,0.9642379283905029,0.25611811578273774,-6.892264646291733,0.00733180483803153
143104,0.050307296216487885,0.050254004777525556,5.329230651702044e-05,-1.9651634693145752,0.0,0.00014466181164607406,0.0018887179139976762,0.5643225610564735,0.7005741961292609,0.8055143397721604,-1.8809512853622437,8.97183854249306e-05,False,,0.9642379283905029,0.25611811578273774,-6.892264646291733,0.00733180483803153
143360,-0.14911381900310516,-0.14912457733154588,1.0760883585112854e-05,-1.995750069618225,0.0,3.127566014882177e-05,0.00040870349009775037,0.5265863319414842,0.7001277224078479,0.7521289546005578,-1.88898503780365,9.247435809811577e-05,False,,0.9642379283905029,0.25611811578273774,-6.892264646291733,0.00733180483803153
143616,0.6453409790992737,0.6452941249717725,4.684335511664641e-05,-2.02584171295166,0.0,0.00012819711992051452,0.00167674915520976,0.5587401666027538,0.6996815332227269,0.7985635465169442,-1.8969411849975586,9.315592615166679e-05,False,,0.960914134979248,0.263354511000216,-6.889565902948379,0.0051326509565114975
143872,0.10832926630973816,0.10827222061157227,5.7045814303097994e-05,-2.0259346961975098,0.0,0.0001516333140898496,0.0019850443400280643,0.574756071214928,0.6992373764838197,0.8219756130673999,-1.861284852027893,8.603700553067029e-05,False,,0.960914134979248,0.263354511000216,-6.889565902948379,0.0051326509565114975
144128,1.4133541584014893,1.4133233001709014,3.082771150127166e-05,-2.0016109943389893,0.0,8.631913806311786e-05,0.001131017352941257,0.5451324229659771,0.6987917547133425,0.7801071195947362,-1.888175368309021,0.00011704209464369342,False,,0.960914134979248,0.263354511000216,-6.889565902948379,0.0051326509565114975
144384,0.007279370911419392,0.007279371029659524,0.0,0.0,0.0,0.0,0.0,0.0,0.0,0.0,-1.836706519126892,9.791251068236306e-05,False,,0.960914134979248,0.263354511000216,-6.889565902948379,0.0051326509565114975
144640,0.28122422099113464,0.2812083660598757,1.586392057955003e-05,-1.9371986389160156,0.0,5.4111987992655486e-05,0.0007102729420852527,0.4466992796593373,0.6979031077270271,0.6400591639635685,-1.8954112529754639,9.947595390258357e-05,False,,0.960914134979248,0.263354511000216,-6.889565902948379,0.0051326509565114975
144896,0.5249146819114685,0.524896679687503,1.7976446453547206e-05,-2.022334575653076,0.0,5.05321440869011e-05,0.0006638715291051247,0.5415640124762939,0.6974583362818124,0.7764822417399161,-1.8834137916564941,9.855923417489976e-05,False,,0.960914134979248,0.263354511000216,-6.889565902948379,0.0051326509565114975
145152,0.02565009705722332,0.025598419213866873,5.167777138508884e-05,-1.7352176904678345,0.0,0.0002197716967202723,0.002889817603507429,0.3576542085034467,0.6970155908248332,0.5131222503648827,-1.9118050336837769,8.829280704958364e-05,False,,0.960914134979248,0.263354511000216,-6.889565902948379,0.0051326509565114975
145408,0.44829797744750977,0.4482808582565311,1.7110869795302356e-05,-1.881866455078125,0.0,4.723303936771117e-05,0.000621623960910471,0.5505215651674901,0.6965713849913359,0.7903304342229585,-1.8397095203399658,8.808316488284618e-05,False,,0.960914134979248,0.263354511000216,-6.889565902948379,0.0051326509565114975
145664,0.003864072961732745,0.0038368083366396607,2.726467338675888e-05,-1.7506775856018066,0.0,7.198047387646511e-05,0.0009481543952644281,0.5751104149900631,0.6961274622488125,0.826156768951754,-1.8865315914154053,0.00012674712343141437,False,,0.9638036489486694,0.2632564021274447,-6.887227833271027,0.0053181834518909454
145920,-0.009289962239563465,-0.009307203579711496,1.7241427264913066e-05,-1.9453904628753662,0.0,5.714954750146717e-05,0.000753455306651187,0.4576629061528397,0.6956855616285802,0.657858853763565,-1.8748092651367188,0.00010404944623587653,False,,0.9638036489486694,0.2632564021274447,-6.887227833271027,0.0053181834518909454
146176,0.47905096411705017,0.479038356903079,1.2619775139306937e-05,-2.014568567276001,0.0,3.7358673580456525e-05,0.0004929663956422999,0.5119933225007872,0.6952422034184867,0.7364243999908667,-1.9021483659744263,0.00010864547220990062,False,,0.9638036489486694,0.2632564021274447,-6.887227833271027,0.0053181834518909454
146432,-1.9580676555633545,-1.9580984687805205,3.076726194701034e-05,-2.0195653438568115,0.0,8.307178359245881e-05,0.0010971345750779454,0.560865779748569,0.6947991277591795,0.807234432716455,-1.8892254829406738,9.252943709725514e-05,False,,0.9638036489486694,0.2632564021274447,-6.887227833271027,0.0053181834518909454
146688,1.041330099105835,1.0412791583740268,5.096710859972597e-05,-1.9725347757339478,0.0,0.00013639019744005054,0.0018028843528400784,0.5653952070684692,0.694358070363596,0.8142703760502182,-1.8972941637039185,0.0001286644401261583,False,,0.9638036489486694,0.2632564021274447,-6.887227833271027,0.0053181834518909454
146944,0.730913519859314,0.7308771727691666,3.633691312772256e-05,-1.9220101833343506,0.0,0.00010526821279199794,0.0013927114124523256,0.5218153998428073,0.6939155581594909,0.7519868861664466,-1.8984277248382568,8.6079744505696e-05,False,,0.9638036489486694,0.2632564021274447,-6.887227833271027,0.0053181834518909454
147200,0.4732631742954254,0.47323363692321585,2.9537736674228792e-05,-2.010152816772461,0.0,8.125991735141724e-05,0.0010760161088091624,0.5490203433277313,0.6934733279670152,0.7916964087677865,-1.8812354803085327,9.674177272245288e-05,False,,0.9638036489486694,0.2632564021274447,-6.887227833271027,0.0053181834518909454
147456,-0.5353824496269226,-0.5354262114059472,4.374971976428859e-05,-1.9289144277572632,0.0,0.00012919791333843023,0.0017122779705824028,0.5110118861064112,0.6930331121870584,0.7373556575006515,-1.8664203882217407,9.964943455997854e-05,False,,0.9638036489486694,0.2632564021274447,-6.887227833271027,0.0053181834518909454
147712,0.3170454204082489,0.3170034355506912,4.1991780925892825e-05,-1.8962634801864624,0.0,0.00011968718172283843,0.0015876092126204504,0.5289939185548402,0.6925914443746125,0.763789276999378,-1.897353172302246,9.593337745172903e-05,False,,0.95769864320755,0.2824046391993761,-6.885892629623413,0.0061659617349505424
147968,0.2968350052833557,0.29680219428100685,3.2809558002314355e-05,-1.6615626811981201,0.0,0.00012943388719577342,0.0017183793066644355,0.3818663071077286,0.6921517884129758,0.5517089076419264,-1.9009547233581543,9.534191485727206e-05,False,,0.95769864320755,0.2824046391993761,-6.885892629623413,0.0061659617349505424
148224,0.8966005444526672,0.8965778808593751,2.265300599823923e-05,-1.9728633165359497,0.0,6.270901212701574e-05,0.0008332530178148425,0.5437245473804683,0.691710682265386,0.7860577569797593,-1.9121898412704468,9.667495760368183e-05,False,,0.95769864320755,0.2824046391993761,-6.885892629623413,0.0061659617349505424
148480,-1.1928669214248657,-1.1929330478813152,6.618592659638288e-05,-1.941787600517273,0.0,0.0001743519096635282,0.002318723114628609,0.5708825359856208,0.6912698572333503,0.8258461294268604,-1.8382700681686401,0.00010599706729408354,False,,0.95769864320755,0.2824046391993761,-6.885892629623413,0.0061659617349505424
148736,-0.0026731984689831734,-0.002681494941710844,8.29636665588115e-06,-1.974095106124878,0.0,2.796495937218424e-05,0.00037222840135135444,0.44576752476499115,0.6908310402131562,0.6452627325886361,-1.8854771852493286,9.973034320864826e-05,False,,0.95769864320755,0.2824046391993761,-6.885892629623413,0.0061659617349505424
148992,0.4098021984100342,0.4097924438476563,9.752442942403102e-06,-2.034111738204956,0.0,2.9082644687150605e-05,0.0003874388514709748,0.5034313366032529,0.6903907757742208,0.7291976577159405,-1.8968781232833862,8.564971358282492e-05,False,,0.95769864320755,0.2824046391993761,-6.885892629623413,0.0061659617349505424
149248,0.3214944303035736,0.32145172325134336,4.2693566624578495e-05,-2.0002176761627197,0.0,0.00011322069622110575,0.0015096226606206658,0.565619048233225,0.689950791914421,0.8197962157037169,-1.9150844812393188,0.00010356702841818333,False,,0.95769864320755,0.2824046391993761,-6.885892629623413,0.0061659617349505424
149504,0.4908941090106964,0.4908091896057129,8.492829602519483e-05,-2.0332248210906982,0.0,0.0002299263869645074,0.0030683338629282696,0.5535792375875509,0.6895128122348206,0.8028556217734556,-1.8589822053909302,9.888039494398981e-05,False,,0.95769864320755,0.2824046391993761,-6.885892629623413,0.0061659617349505424
149760,0.7770292162895203,0.7770143183639535,1.4911297714453312e-05,-1.9878849983215332,0.0,4.278820415493101e-05,0.0005714916571267395,0.5218378091264573,0.6890733878984103,0.757303675183276,-1.9044488668441772,0.00010517120244912803,False,,0.9635422229766846,0.32476167734712363,-6.880768102407456,0.009112720377743244
150016,0.8307735919952393,0.8307493576049835,2.4220891740452424e-05,-2.0330586433410645,0.0,6.611902790609747e-05,0.0008838604401710968,0.548070501622717,0.6886342436057409,0.7958804063431096,-1.892756462097168,0.00010048395051853731,False,,0.9635422229766846,0.32476167734712363,-6.880768102407456,0.009112720377743244
150272,0.018436327576637268,0.01841294097900391,2.3387084296568286e-05,-1.998914122581482,0.0,6.802472489653155e-05,0.0009101088645426564,0.5139403692836384,0.6881970996689402,0.7467924080628521,-1.9172395467758179,0.00010620324610499665,False,,0.9635422229766846,0.32476167734712363,-6.880768102407456,0.009112720377743244
150528,0.39359280467033386,0.3935717340972886,2.105593449406368e-05,-1.7534525394439697,0.0,6.093258343753405e-05,0.0008159175589488649,0.5161289707060537,0.6877585138319904,0.750450863676457,-1.8922274112701416,8.230646926676854e-05,False,,0.9635422229766846,0.32476167734712363,-6.880768102407456,0.009112720377743244
150784,-0.026727410033345222,-0.026750351982879512,2.2942636887381946e-05,-1.589288353919983,0.0,9.570160909788683e-05,0.0012825785934160333,0.35775798855766466,0.6873219258070753,0.5205100770466093,-1.8875540494918823,8.97081772563979e-05,False,,0.9635422229766846,0.32476167734712363,-6.880768102407456,0.009112720377743244
151040,0.5760202407836914,0.5760026206970215,1.7642345378236425e-05,-2.0496840476989746,0.0,5.057111047790386e-05,0.0006783223388220641,0.5201758623746083,0.6868838977156622,0.757298087936743,-1.9012023210525513,9.102952753892168e-05,False,,0.9635422229766846,0.32476167734712363,-6.880768102407456,0.009112720377743244
151296,-1.344162106513977,-1.3442015762329103,3.942321800200817e-05,-2.037691116333008,0.0,0.00011058994277846068,0.00148462756358265,0.531085626712648,0.6864461487781676,0.7736741296574365,-1.8817009925842285,9.993828280130401e-05,False,,0.9635422229766846,0.32476167734712363,-6.880768102407456,0.009112720377743244
151552,-0.1641351878643036,-0.1641619899719226,2.6807528540288832e-05,-1.9027953147888184,0.0,9.848703484749421e-05,0.0013232659606993704,0.40517219268786386,0.6860103938405284,0.5906210697764605,-1.8989911079406738,9.77024610619992e-05,False,,0.9635422229766846,0.32476167734712363,-6.880768102407456,0.009112720377743244
151808,0.16940084099769592,0.1693826957702666,1.8146195970022764e-05,-2.0028860569000244,0.0,5.0036152970278636e-05,0.000672851158468777,0.5393821721677193,0.6855732015842932,0.7867608753102651,-1.8862190246582031,8.616952982265502e-05,False,,0.9584077596664429,0.2536514729261398,-6.875208103656769,0.006661120802164078
152064,0.21566390991210938,0.21563326721191406,3.064200385188255e-05,-1.9843806028366089,0.0,8.01979549578391e-05,0.0010793561783832596,0.5677829888884396,0.6851362879493015,0.8287153941121481,-1.8994866609573364,8.284858631668612e-05,False,,0.9584077596664429,0.2536514729261398,-6.875208103656769,0.006661120802164078
152320,0.2547398805618286,0.25470566177368165,3.42161715207267e-05,-1.8845146894454956,0.0,9.221855725627393e-05,0.0012421789224730205,0.5509056851907718,0.6847013645092602,0.8045926497979413,-1.9138083457946777,9.426707401871681e-05,False,,0.9584077596664429,0.2536514729261398,-6.875208103656769,0.006661120802164078
152576,-0.26037558913230896,-0.2604039710998564,2.8375657226989074e-05,-2.0556063652038574,0.0,8.122190047288314e-05,0.0010949748509350887,0.5182887479608645,0.6842650064932814,0.7574386283714678,-1.9125014543533325,8.758666808716953e-05,False,,0.9584077596664429,0.2536514729261398,-6.875208103656769,0.006661120802164078
152832,-0.0071732839569449425,-0.0071945465087861525,2.1262427669917415e-05,-2.0570826530456543,0.0,5.80946980335284e-05,0.0007838483490923592,0.5425138088136002,0.6838289265668872,0.7933472652835131,-1.9129822254180908,9.148791286861524e-05,False,,0.9584077596664429,0.2536514729261398,-6.875208103656769,0.006661120802164078
153088,0.5151593089103699,0.5151128173828096,4.6504054520693536e-05,-2.025118112564087,0.0,0.00013684933946933597,0.0018479949059537113,0.5032920206746324,0.6833948330377991,0.7364586273463892,-1.8800346851348877,8.643562614452094e-05,False,,0.9584077596664429,0.2536514729261398,-6.875208103656769,0.006661120802164078
153344,0.1199423149228096,0.1199210668014508,2.1251567656874313e-05,-1.9021306037902832,0.0,6.079872400732711e-05,0.0008217048748098212,0.5172554845020936,0.6829593076701985,0.7573737976668393,-1.896621584892273,9.091514948522672e-05,False,,0.9584077596664429,0.2536514729261398,-6.875208103656769,0.006661120802164078
153600,0.26271551847457886,0.2626913073471078,2.421271961792397e-05,-1.6276650428771973,0.0,9.123979543801397e-05,0.0012341473291490605,0.3923797272181197,0.682525766173821,0.5748936474849378,-1.8949096202850342,8.469553722534329e-05,False,,0.9584077596664429,0.2536514729261398,-6.875208103656769,0.006661120802164078
153856,0.2477358728647232,0.24772611236572267,9.76250997842242e-06,-2.039609909057617,0.0,3.137507155770436e-05,0.0004247462515236243,0.4596866926266178,0.6820907946597865,0.6739376872193393,-1.884074330329895,8.459280797978863e-05,False,,0.9685641527175903,0.24739480167627334,-6.8746119976043705,0.005860288627445698
154112,-1.4406403303146362,-1.4406843630722055,4.3985271557172955e-05,-1.9069339036941528,0.0,0.0001253493974218145,0.0016983555018351751,0.517974846958063,0.6816561003517234,0.7598770797925763,-1.9218244552612305,8.86733178049326e-05,False,,0.9685641527175903,0.24739480167627334,-6.8746119976043705,0.005860288627445698
154368,-0.23992668092250824,-0.2399524311035144,2.575705988480089e-05,-1.9815442562103271,0.0,0.00010313301754649729,0.0013985035843151789,0.36835171784580933,0.6812233861293058,0.5407208932429266,-1.9123165607452393,8.840829104883596e-05,False,,0.9685641527175903,0.24739480167627334,-6.8746119976043705,0.005860288627445698
154624,-0.025595206767320633,-0.025634520423892537,3.9313457406860904e-05,-1.9320554733276367,0.0,0.00010708501213230193,0.0014532986621924985,0.5410237885659539,0.6807892446179582,0.7947008458830204,-1.8920305967330933,9.847676119534299e-05,False,,0.9685641527175903,0.24739480167627334,-6.8746119976043705,0.005860288627445698
154880,0.8360671401023865,0.8360386007904076,2.8540253742118593e-05,-1.8227581977844238,0.0,7.369161903625354e-05,0.0010009306990914095,0.5702743210499165,0.680355379783624,0.8382006492419932,-1.8935357332229614,9.257713099941611e-05,False,,0.9685641527175903,0.24739480167627334,-6.8746119976043705,0.005860288627445698
155136,0.04969319328665733,0.04962930908203125,6.388290300274182e-05,-1.9613723754882812,0.0,0.0001716006372589618,0.0023327195712588753,0.5477118106251132,0.6799234912565811,0.8055491796773713,-1.901967167854309,0.00012317956134211272,False,,0.9685641527175903,0.24739480167627334,-6.8746119976043705,0.005860288627445698
155392,-0.15922418236732483,-0.15925348873901532,2.930951812284363e-05,-1.9387625455856323,0.0,8.440969395451248e-05,0.001148403492477484,0.5104393763138662,0.6794901781641284,0.7512093518305004,-1.903748631477356,0.00011711876140907407,False,,0.9685641527175903,0.24739480167627334,-6.8746119976043705,0.005860288627445698
155648,0.6115503311157227,0.6115041515609774,4.618230693942116e-05,-1.9406930208206177,0.0,0.00012538749433588237,0.0017073177432634188,0.5409925261029256,0.6790571412207402,0.7966818891417355,-1.9072147607803345,9.810944175114855e-05,False,,0.9685641527175903,0.24739480167627334,-6.8746119976043705,0.005860288627445698
155904,0.10875962674617767,0.1087040756225586,5.5547443733889275e-05,-2.0467934608459473,0.0,0.000146408929140307,0.0019951872267934905,0.5568143479262424,0.678626076813499,0.8205024341840418,-1.9058794975280762,9.736994979903102e-05,False,,0.9702823162078857,0.24309226386249067,-6.877024674415589,0.00544818677008152
156160,1.4292778968811035,1.4292570465087922,2.084495895061964e-05,-2.0270612239837646,0.0,5.767504626419395e-05,0.000786612458259409,0.5299931047810937,0.6781935905591711,0.7814776078082868,-1.9013339281082153,0.00010082202788908035,False,,0.9702823162078857,0.24309226386249067,-6.877024674415589,0.00544818677008152
156416,0.006837707478553057,0.00683770751952834,0.0,0.0,0.0,0.0,0.0,0.0,0.0,0.0,-1.9198278188705444,8.614406397100538e-05,False,,0.9702823162078857,0.24309226386249067,-6.877024674415589,0.00544818677008152
156672,0.2919515371322632,0.2919369188545243,1.4604359256019305e-05,-1.986494541168213,0.0,4.9118818424176425e-05,0.0006710133904604125,0.43529263241672705,0.6773311380669603,0.6426585283809799,-1.8967888355255127,9.456444240640849e-05,False,,0.9702823162078857,0.24309226386249067,-6.877024674415589,0.00544818677008152
156928,0.5259036421775818,0.5258851580047631,1.8488251152700545e-05,-1.9077770709991455,0.0,5.177200000616722e-05,0.0007078369797597169,0.522387263772983,0.6768994770730036,0.7717353631765969,-1.8869869709014893,8.746680396143347e-05,False,,0.9702823162078857,0.24309226386249067,-6.877024674415589,0.00544818677008152
157184,0.04933496564626694,0.04930961343841482,2.5350421549875047e-05,-1.7428582906723022,0.0,0.00010641806875355542,0.001456152094684674,0.3481837047436259,0.6764697823475762,0.514706959319472,-1.8787120580673218,8.471452019875869e-05,False,,0.9702823162078857,0.24309226386249067,-6.877024674415589,0.00544818677008152
157440,0.48636752367019653,0.48634998321533207,1.7526540466870762e-05,-2.054593801498413,0.0,4.791888568433933e-05,0.0006562237602534444,0.5341635438528383,0.6760386702928975,0.7901375576953444,-1.8941854238510132,8.783582597970963e-05,False,,0.9702823162078857,0.24309226386249067,-6.877024674415589,0.00544818677008152
157696,-0.03695923835039139,-0.036993460696408874,3.4223620679554425e-05,-1.9500960111618042,0.0,8.907578740036115e-05,0.0012208384805215571,0.5606576336770392,0.6756078329845692,0.8298566214075328,-1.9128211736679077,9.597592725185677e-05,False,,0.9702823162078857,0.24309226386249067,-6.877024674415589,0.00544818677008152
157952,-0.013914338313043118,-0.013927739974975702,1.3401361238727422e-05,-1.868482232093811,0.0,4.48538557975553e-05,0.0006152472268393753,0.43564150000553065,0.6751789581927814,0.6452237510060903,-1.8980706930160522,8.019998495001346e-05,False,,0.9612276554107666,0.26630312763154507,-6.878039020299911,0.005831331945955753
158208,0.47297030687332153,0.4729631280334492,7.174073668081412e-06,-2.0524120330810547,0.0,2.100325764331501e-05,0.00028832924677183987,0.49763065997660555,0.6747486687762577,0.7375052119467266,-1.923349142074585,9.762825357029215e-05,False,,0.9612276554107666,0.26630312763154507,-6.878039020299911,0.005831331945955753
158464,-1.9309810400009155,-1.931041350566104,6.031193386502351e-05,-1.9149826765060425,0.0,0.00016235688235610723,0.0022306134967535274,0.5407654347362509,0.6743186535818195,0.801943460801261,-1.9060600996017456,8.748508844291791e-05,False,,0.9612276554107666,0.26630312763154507,-6.878039020299911,0.005831331945955753
158720,1.0989329814910889,1.0989041562080413,2.8787572655631916e-05,-1.9945886135101318,0.0,7.605734572280198e-05,0.0010457898647684542,0.5505422002154458,0.6738905971590928,0.816960798290339,-1.9054328203201294,8.149127097567543e-05,False,,0.9612276554107666,0.26630312763154507,-6.878039020299911,0.005831331945955753
158976,0.7353503704071045,0.7353239429626469,2.6427524798925748e-05,-1.9992783069610596,0.0,7.605829887324944e-05,0.0010466472181933917,0.5049939337638915,0.6734611288109847,0.7498486730117192,-1.908140778541565,9.18095392989926e-05,False,,0.9612276554107666,0.26630312763154507,-6.878039020299911,0.005831331945955753
159232,0.4535596966743469,0.45354234213104067,1.7359532768134484e-05,-1.9521573781967163,0.0,4.7410576371476054e-05,0.0006529483646067233,0.5317275824280618,0.6730319341616978,0.7900480726674001,-1.9207853078842163,8.216736023314297e-05,False,,0.9612276554107666,0.26630312763154507,-6.878039020299911,0.005831331945955753
159488,-0.5438406467437744,-0.543868635559082,2.8014408158911132e-05,-1.9454360008239746,0.0,8.214402623707429e-05,0.001132211456137352,0.4948617682157178,0.6726046945464391,0.735739390801339,-1.8955705165863037,8.721816266188398e-05,False,,0.9612276554107666,0.26630312763154507,-6.878039020299911,0.005831331945955753
159744,0.32336464524269104,0.3233281903503434,3.645846292181504e-05,-1.9445241689682007,0.0,0.00010239977564197034,0.0014125353661382678,0.5162130987415752,0.6721760457000027,0.7679730660499691,-1.9054802656173706,9.112323459703475e-05,False,,0.9612276554107666,0.26630312763154507,-6.878039020299911,0.005831331945955753
160000,0.315743088722229,0.3157118157958976,3.1262377616155616e-05,-1.7233545780181885,0.0,0.00011978271504631266,0.0016536413372428575,0.3781034848618368,0.671749349401396,0.5628639390551988,-1.9157872200012207,9.842573490459472e-05,False,,0.9611570835113525,0.26362819522619246,-6.878155285120011,0.0057749501429498196
160256,0.9097666144371033,0.909747578343202,1.9052814615691014e-05,-2.0196950435638428,0.0,5.258216697257012e-05,0.0007264961190686989,0.524512495403691,0.6713212456637175,0.7813137135040608,-1.9155319929122925,8.420895755989477e-05,False,,0.9611570835113525,0.26362819522619246,-6.878155285120011,0.0057749501429498196
160512,-1.2086069583892822,-1.208665792620086,5.8792363826186445e-05,-2.0019309520721436,0.0,0.00015345800784416497,0.0021219320395069337,0.5541399322086472,0.6708934147551985,0.8259731278042827,-1.9123345613479614,0.00010294553067069501,False,,0.9611570835113525,0.26362819522619246,-6.878155285120011,0.0057749501429498196
160768,0.003852102207019925,0.0038424638687123663,9.638410557773247e-06,-1.866257667541504,0.0,3.3145028282888234e-05,0.000458675445986342,0.4202714857363544,0.6704675326687018,0.6268334636034094,-1.9159345626831055,8.016406354727224e-05,False,,0.9611570835113525,0.26362819522619246,-6.878155285120011,0.0057749501429498196
161024,0.4104903042316437,0.4104815567016602,8.744086867523796e-06,-1.9992380142211914,0.0,2.5826895580394194e-05,0.00035768876275040233,0.4889215305668117,0.6700402458287769,0.7296897964122464,-1.877793788909912,7.858566823415458e-05,False,,0.9611570835113525,0.26362819522619246,-6.878155285120011,0.0057749501429498196
161280,0.3206058442592621,0.32055348587036137,5.236485839607831e-05,-2.041257858276367,0.0,0.00013691021013073623,0.0018976423675852068,0.551893858300748,0.6696132312974047,0.8241979586207245,-1.8895354270935059,0.0001336667046416551,False,,0.9611570835113525,0.26362819522619246,-6.878155285120011,0.0057749501429498196
161536,0.46737751364707947,0.4673202690124512,5.72341490702895e-05,-2.0485897064208984,0.0,0.00015386386075988412,0.0021343158898508067,0.5363231313832395,0.6691881618693575,0.8014534056983862,-1.894572377204895,8.429841545876116e-05,False,,0.9611570835113525,0.26362819522619246,-6.878155285120011,0.0057749501429498196
161792,0.723275899887085,0.7232622188201903,1.3702120968140045e-05,-1.9589741230010986,0.0,3.910491432179697e-05,0.0005428723953345834,0.5048007998157705,0.6687616903684,0.7548291223704686,-1.9278920888900757,9.496643906459212e-05,False,,0.9611570835113525,0.26362819522619246,-6.878155285120011,0.0057749501429498196
162048,0.7974219918251038,0.7973977691848763,2.424311544479212e-05,-2.0110390186309814,0.0,6.580736226169392e-05,0.0009142915500420258,0.5303147654307376,0.6683354906563825,0.7934858657736512,-1.9156112670898438,8.46596885821782e-05,False,,0.9665288925170898,0.24553335215896369,-6.871015280485153,0.005919960327446461
162304,0.019009968265891075,0.01898405456542969,2.5914396612115233e-05,-2.044163227081299,0.0,7.482900400646031e-05,0.0010404521246645917,0.49813722318975895,0.6679112323360884,0.7458135139417743,-1.9107885360717773,9.462999150855467e-05,False,,0.9665288925170898,0.24553335215896369,-6.871015280485153,0.005919960327446461
162560,0.4098489284515381,0.4098052703857393,4.366634167928772e-05,-1.9975214004516602,0.0,0.00012483053433243185,0.0017370634642566753,0.5027604641719113,0.6674855746182875,0.7532154750451694,-1.8929013013839722,9.207004768541083e-05,False,,0.9665288925170898,0.24553335215896369,-6.871015280485153,0.005919960327446461
162816,0.020644143223762512,0.02061668999252288,2.745262796032155e-05,-1.7970309257507324,0.0,0.00010824068158399314,0.001507392024937783,0.36424005840756185,0.6670618558233602,0.5460364061110603,-1.9277933835983276,8.686176443006843e-05,False,,0.9665288925170898,0.24553335215896369,-6.871015280485153,0.005919960327446461
163072,0.5819819569587708,0.5819646949768067,1.7269431989551217e-05,-1.9867299795150757,0.0,4.910728966933675e-05,0.0006844209635448218,0.5046435719942779,0.6666367394105268,0.7569993403611518,-1.8829103708267212,9.222148219123483e-05,False,,0.9665288925170898,0.24553335215896369,-6.871015280485153,0.005919960327446461
163328,-1.3312137126922607,-1.331257974534607,4.424885039460645e-05,-1.4582234621047974,0.0,0.0001229367480846122,0.0017147474489502467,0.5160975795204734,0.6662118939230401,0.7746748207712009,-1.8803519010543823,8.511974738212302e-05,False,,0.9665288925170898,0.24553335215896369,-6.871015280485153,0.005919960327446461
163584,-0.16793178021907806,-0.16796658480987536,3.479812330487668e-05,-1.9108697175979614,0.0,0.0001194300057250075,0.0016671364023996525,0.4174598221811815,0.6657889836586186,0.6270152141706701,-1.931075096130371,9.141425834968686e-05,False,,0.9665288925170898,0.24553335215896369,-6.871015280485153,0.005919960327446461
163840,0.17016111314296722,0.17014697189331346,1.4144695645689665e-05,-2.0383212566375732,0.0,3.8698999560438097e-05,0.0005406266616750323,0.5232703693104934,0.6653646784431937,0.7864414602452755,-1.9171251058578491,0.00011498716048663482,False,,0.9665288925170898,0.24553335215896369,-6.871015280485153,0.005919960327446461
164096,0.21879765391349792,0.2187638931274414,3.376736726994157e-05,-2.0540504455566406,0.0,8.801904186839238e-05,0.0012305913761332219,0.5487990233776181,0.6649406436361417,0.8253353568170865,-1.9195221662521362,8.207531209336594e-05,False,,0.9700935482978821,0.22532439958304168,-6.856667375564575,0.007265295833349228
164352,0.24823111295700073,0.24821901776733285,1.2095630209930496e-05,-1.967454433441162,0.0,3.356108572916128e-05,0.0004695813965697173,0.5151664992816509,0.6645185403594067,0.7752477440328779,-1.9155075550079346,7.09972737240605e-05,False,,0.9700935482978821,0.22532439958304168,-6.856667375564575,0.007265295833349228
164608,-0.21755875647068024,-0.2175914368766826,3.268339416457689e-05,-1.8647100925445557,0.0,9.302308171754703e-05,0.0013025789521827964,0.5018259217194889,0.6640950447934818,0.755653766209843,-1.9079445600509644,8.010739838937297e-05,False,,0.9700935482978821,0.22532439958304168,-6.856667375564575,0.007265295833349228
164864,-0.009903030470013618,-0.009924856751249172,2.182660897114003e-05,-2.021439552307129,0.0,5.91093412367627e-05,0.0008283376056489531,0.5269979009111914,0.6636718191199429,0.7940640023106798,-1.901798129081726,9.815258817980066e-05,False,,0.9700935482978821,0.22532439958304168,-6.856667375564575,0.007265295833349228
165120,0.46187257766723633,0.4618350795959443,3.7504057723755455e-05,-2.0171422958374023,0.0,0.00011784632806666195,0.0016527356405349465,0.45384218508915786,0.6632505212910189,0.6842696244033896,-1.8947157859802246,8.734040602575988e-05,False,,0.9700935482978821,0.22532439958304168,-6.856667375564575,0.007265295833349228
165376,0.16835233569145203,0.16833143510589144,2.0905255147571908e-05,-1.8852413892745972,0.0,5.9304991737008095e-05,0.0008323681745223591,0.5023078918068449,0.6628278338296394,0.7578255863285737,-1.915672779083252,0.00010404922068119049,False,,0.9700935482978821,0.22532439958304168,-6.856667375564575,0.007265295833349228
165632,0.29073548316955566,0.29071251585540886,2.296060192171454e-05,-1.4652988910675049,0.0,8.623603207524866e-05,0.0012112896926325853,0.37911000252652305,0.6624070717612528,0.5723217922757372,-1.9029420614242554,8.099465776467696e-05,False,,0.9700935482978821,0.22532439958304168,-6.856667375564575,0.007265295833349228
165888,0.23964975774288177,0.23963830846633646,1.1452090992940126e-05,-1.6644949913024902,0.0,3.682264286908321e-05,0.000517618811669924,0.4424912980265838,0.6619849218275934,0.6684310826974179,-1.882818341255188,0.00010140964877791703,False,,0.9700935482978821,0.22532439958304168,-6.856667375564575,0.007265295833349228
166144,-1.3986862897872925,-1.3987232329040533,3.690169807749331e-05,-1.8550480604171753,0.0,0.0001054120875778608,0.0014829306116388916,0.4976861059832143,0.6615630409287527,0.752288255529699,-1.9160935878753662,9.973943087970838e-05,False,,0.9652040600776672,0.2933371502906084,-6.855632346868515,0.003499566111713648
166400,-0.31379494071006775,-0.3138292496490467,3.429715466323554e-05,-1.547913670539856,0.0,0.0001319967268500477,0.0018583481080627548,0.3691144249501112,0.661143081748914,0.5582973415885971,-1.9064033031463623,7.878988981246948e-05,False,,0.9652040600776672,0.2933371502906084,-6.855632346868515,0.003499566111713648
166656,-0.02417878620326519,-0.0241974334716826,1.864724827210896e-05,-2.0425610542297363,0.0,5.056408190284856e-05,0.0007124269244679379,0.5234852202149797,0.6607217373520954,0.7922930193168701,-1.8826488256454468,8.895673818187788e-05,False,,0.9652040600776672,0.2933371502906084,-6.855632346868515,0.003499566111713648
166912,0.8453383445739746,0.8453161486862198,2.2169060244139847e-05,-1.9543367624282837,0.0,5.694427090929821e-05,0.0008029379988567023,0.5521985576895405,0.6603006614767293,0.8362835143229694,-1.9145435094833374,8.13629012554884e-05,False,,0.9652040600776672,0.2933371502906084,-6.855632346868515,0.003499566111713648
167168,0.04887162521481514,0.04881277018127439,5.885613239015801e-05,-1.9773520231246948,0.0,0.00015694407920818776,0.0022146692162799586,0.531511721547476,0.659881503653385,0.8054654034168267,-1.924818515777588,9.003132436191663e-05,False,,0.9652040600776672,0.2933371502906084,-6.855632346868515,0.003499566111713648
167424,-0.14764156937599182,-0.14765323791504198,1.166880626693347e-05,-2.047417163848877,0.0,3.3330648875562474e-05,0.0004706959446677142,0.4958107839731236,0.6594609632563001,0.7518425071362811,-1.9372317790985107,9.559468162478879e-05,False,,0.9652040600776672,0.2933371502906084,-6.855632346868515,0.003499566111713648
167680,0.5705495476722717,0.5705069066955591,4.263851356165418e-05,-1.7693344354629517,0.0,0.00011521899432409555,0.0016283697073311777,0.5236957353073919,0.6590406908682813,0.7946333854096725,-1.9149059057235718,9.02396350284107e-05,False,,0.9652040600776672,0.2933371502906084,-6.855632346868515,0.003499566111713648
167936,0.1094687283039093,0.10941504366454902,5.368689725343299e-05,-2.0539064407348633,0.0,0.00014011039456818253,0.0019816626739156597,0.5418368924247894,0.6586223328723014,0.822682234387343,-1.9183094501495361,7.746919436613098e-05,False,,0.9652040600776672,0.2933371502906084,-6.855632346868515,0.003499566111713648
168192,1.2712690830230713,1.271249070739749,1.9959529375816854e-05,-1.9696725606918335,0.0,5.529221016331576e-05,0.0007826265158474529,0.5100652475134717,0.6582025949407764,0.7749365490717433,-1.8862342834472656,0.00010104975081048906,False,,0.9690579771995544,0.22732008937746287,-6.852723884582519,0.007536789868026972
168448,0.006877508480101824,0.006877508303069044,0.0,0.0,0.0,0.0,0.0,0.0,0.0,0.0,-1.90278959274292,8.125005115289241e-05,False,,0.9690579771995544,0.22732008937746287,-6.852723884582519,0.007536789868026972
168704,0.2724323570728302,0.2724159683914186,1.6385178413880783e-05,-1.9843575954437256,0.0,5.5644468375248834e-05,0.0007888097475424781,0.41544056637049664,0.6573655648120807,0.6319779869961054,-1.9190587997436523,9.05278793652542e-05,False,,0.9690579771995544,0.22732008937746287,-6.852723884582519,0.007536789868026972
168960,0.4714696407318115,0.47144790838318007,2.1734394130717973e-05,-1.8573702573776245,0.0,6.0681180912069976e-05,0.0008608629614617871,0.5049443431463683,0.6569466278148692,0.7686230840790068,-1.9061169624328613,8.601778972661123e-05,False,,0.9690579771995544,0.22732008937746287,-6.852723884582519,0.007536789868026972
169216,0.03973963111639023,0.039714272706603514,2.5359925334306685e-05,-1.7086905241012573,0.0,0.00010717644909163937,0.0015216238283884676,0.3333271319911579,0.6565295991268282,0.5077107451582938,-1.9122380018234253,9.009605855681002e-05,False,,0.9690579771995544,0.22732008937746287,-6.852723884582519,0.007536789868026972
169472,0.48926350474357605,0.4892439422149648,1.9568015438655962e-05,-1.9452781677246094,0.0,5.311254062689841e-05,0.0007546294400729499,0.518612563982776,0.6561111948879061,0.7904339508661772,-1.8871742486953735,9.136919834418222e-05,False,,0.9690579771995544,0.22732008937746287,-6.852723884582519,0.007536789868026972
169728,-0.03876581788063049,-0.038789652103424305,2.383332684104518e-05,-2.064220905303955,0.0,6.15974422544241e-05,0.0008758456580735052,0.5442357707970727,0.6556930572966835,0.8300160642860379,-1.920552372932434,9.536772267892957e-05,False,,0.9690579771995544,0.22732008937746287,-6.852723884582519,0.007536789868026972
169984,-0.007960975170135498,-0.007979790139770194,1.8814860566737404e-05,-2.022874355316162,0.0,6.346753070829436e-05,0.0009031147987881819,0.41666597849982245,0.6552768243732396,0.6358625286318585,-1.9176799058914185,7.851387636037543e-05,False,,0.9690579771995544,0.22732008937746287,-6.852723884582519,0.007536789868026972
170240,0.4452144205570221,0.445204163597108,1.025859501032953e-05,-2.0346786975860596,0.0,2.981010402436368e-05,0.0004245043019497679,0.48332113305854985,0.6548592185237093,0.7380534920896912,-1.9296821355819702,8.491562039125711e-05,False,,0.9600965976715088,0.2530502138659358,-6.839449095726013,0.011114099994301796
170496,-1.8503156900405884,-1.8503532504943898,3.76060434579759e-05,-1.947340965270996,0.0,0.00010130475857295096,0.0014436941769831147,0.5209696632088824,0.6544418788130674,0.7960518421494394,-1.9092656373977661,7.904625817900524e-05,False,,0.9600965976715088,0.2530502138659358,-6.839449095726013,0.011114099994301796
170752,0.9213966727256775,0.9213579483032256,3.872133591583931e-05,-1.7970763444900513,0.0,0.00010573022882454097,0.0015078894949724212,0.5135832041398698,0.6540264401357607,0.785263672265699,-1.8967297077178955,8.456393697997555e-05,False,,0.9600965976715088,0.2530502138659358,-6.839449095726013,0.011114099994301796
171008,0.7281826734542847,0.7281565795898438,2.6076776079380535e-05,-1.9089299440383911,0.0,7.609858585055918e-05,0.0010861072334277697,0.48018787237208355,0.6536096311521539,0.7346707415030433,-1.9058377742767334,8.632936078356579e-05,False,,0.9600965976715088,0.2530502138659358,-6.839449095726013,0.011114099994301796
171264,0.4453579783439636,0.4453479996871931,9.973378502527334e-06,-1.937473177909851,0.0,2.7003132345271297e-05,0.0003856874903539793,0.5171740723752221,0.6531930877995951,0.7917629289639625,-1.9203016757965088,7.601290417369455e-05,False,,0.9600965976715088,0.2530502138659358,-6.839449095726013,0.011114099994301796
171520,-0.5383248925209045,-0.5383719284057618,4.704955663435388e-05,-1.9548925161361694,0.0,0.00013735088577959687,0.0019632535943444034,0.47930187694438237,0.6527784418528634,0.7342489368734657,-1.921453595161438,0.00010210197069682181,False,,0.9600965976715088,0.2530502138659358,-6.839449095726013,0.011114099994301796
171776,0.3290172517299652,0.3289908873786917,2.6371093334870572e-05,-1.95658278465271,0.0,7.386963261524215e-05,0.0010566598218134933,0.4991406466011201,0.6523624282146187,0.765127826210294,-1.8784018754959106,7.540121441707015e-05,False,,0.9600965976715088,0.2530502138659358,-6.839449095726013,0.011114099994301796
172032,0.23449772596359253,0.23446432001991344,3.340730915231967e-05,-1.7466130256652832,0.0,0.000131178559968248,0.0018778231111482861,0.35580890398021725,0.6519483095692875,0.5457624458222523,-1.9171605110168457,8.496017835568637e-05,False,,0.9600965976715088,0.2530502138659358,-6.839449095726013,0.011114099994301796
172288,0.7993245720863342,0.799293599316408,3.098701464437274e-05,-1.7545801401138306,0.0,8.496011287206784e-05,0.001217111190968438,0.5091895444608772,0.6515328249717238,0.781525542451335,-1.9000229835510254,0.00010238618415314704,False,,0.9622429609298706,0.24105827119201423,-6.833008867502213,0.00872295256704092
172544,-1.1542086601257324,-1.1542504454956042,4.1742330928149895e-05,-1.8946316242218018,0.0,0.00010913221922237426,0.001564555722133814,0.5335997988134262,0.6511176051611813,0.8195137016473942,-1.9238170385360718,8.239898306783289e-05,False,,0.9622429609298706,0.24105827119201423,-6.833008867502213,0.00872295256704092
172800,-0.015610207803547382,-0.015622677244567604,1.2469338996000613e-05,-1.859768033027649,0.0,4.284444366930984e-05,0.0006146865172429501,0.40571376290891387,0.6507042767275703,0.6234994565415676,-1.923021674156189,9.76265873759985e-05,False,,0.9622429609298706,0.24105827119201423,-6.833008867502213,0.00872295256704092
173056,0.3437349498271942,0.34371171528701966,2.3243367647061663e-05,-1.8931097984313965,0.0,6.877955456729978e-05,0.0009875076219715998,0.4707481163670478,0.6502895849482057,0.723905360416532,-1.9162229299545288,0.00010707116598496214,False,,0.9622429609298706,0.24105827119201423,-6.833008867502213,0.00872295256704092
173312,0.29097744822502136,0.290943177685549,3.427446441899497e-05,-1.9214503765106201,0.0,8.970431372290477e-05,0.0012888900383563808,0.531844663222046,0.6498751574506014,0.8183797412851143,-1.9384067058563232,9.804065484786406e-05,False,,0.9622429609298706,0.24105827119201423,-6.833008867502213,0.00872295256704092
173568,0.4245795011520386,0.42452199382019173,5.749515245477955e-05,-1.9585039615631104,0.0,0.00015454081585630774,0.002222109458398929,0.5174826310870021,0.6494626177208468,0.796785861060024,-1.9212721586227417,8.519067341694608e-05,False,,0.9622429609298706,0.24105827119201423,-6.833008867502213,0.00872295256704092
173824,0.7108908295631409,0.7108600828720082,3.076237504862146e-05,-1.7934038639068604,0.0,8.798167255008593e-05,0.0012660036439360168,0.4859760901316359,0.6490487172468434,0.7487513297816311,-1.9269566535949707,0.00011819139763247222,False,,0.9622429609298706,0.24105827119201423,-6.833008867502213,0.00872295256704092
174080,0.7728044986724854,0.7727901000976592,1.4410982301096307e-05,-2.045862913131714,0.0,3.884609759552404e-05,0.000559384155640636,0.5152445651447561,0.6486350805503043,0.7943519871105659,-1.9067997932434082,8.080673433141783e-05,False,,0.9622429609298706,0.24105827119201423,-6.833008867502213,0.00872295256704092
174336,0.018468845635652542,0.018444374084472658,2.447065190349136e-05,-2.0302445888519287,0.0,7.054847810650244e-05,0.0010166435566893175,0.4814008162935616,0.6482233280194192,0.7426465470849886,-1.9120386838912964,9.039285214385018e-05,False,,0.9649112820625305,0.22781543396413326,-6.843766725063324,0.006610998883843422
174592,0.3809998631477356,0.380975291320798,2.456583933070074e-05,-1.8377028703689575,0.0,7.026802632026374e-05,0.0010133463371324635,0.484845870173398,0.6478102173408264,0.7484381338775805,-1.9347997903823853,9.42614278756082e-05,False,,0.9649112820625305,0.22781543396413326,-6.843766725063324,0.006610998883843422
174848,-0.011859207414090633,-0.011880589852905542,2.1382900364076795e-05,-1.5119136571884155,0.0,8.560626883991063e-05,0.0012354440500103134,0.34615732479181544,0.6473989884318118,0.534689319843253,-1.9286466836929321,7.924585952423513e-05,False,,0.9649112820625305,0.22781543396413326,-6.843766725063324,0.006610998883843422
175104,0.5727047324180603,0.572690357208252,1.4367838582039458e-05,-1.9806897640228271,0.0,4.0598744817543775e-05,0.0005863383094346151,0.49008698053155847,0.6469864031022334,0.7574919321049742,-1.9064182043075562,8.699407044332474e-05,False,,0.9649112820625305,0.22781543396413326,-6.843766725063324,0.006610998883843422
175360,-1.3111612796783447,-1.311196150225829,3.482969364628963e-05,-2.0138044357299805,0.0,9.740768291521817e-05,0.0014078181544799442,0.4948038713019141,0.6465740807119819,0.7652701926391104,-1.8971138000488281,9.715338092064485e-05,False,,0.9649112820625305,0.22781543396413326,-6.843766725063324,0.006610998883843422
175616,-0.15250663459300995,-0.1525201837127679,1.3550552049352853e-05,-1.8318175077438354,0.0,4.716192415799014e-05,0.000682120091972686,0.3973069319850926,0.6461636365005586,0.6148704593418406,-1.935671329498291,8.118759433273226e-05,False,,0.9649112820625305,0.22781543396413326,-6.843766725063324,0.006610998883843422
175872,0.16452568769454956,0.16451043548584277,1.5249610868175799e-05,-2.0489985942840576,0.0,4.188644379610196e-05,0.0006062609227101035,0.5030708824183189,0.6457518384568625,0.779046767594956,-1.921004295349121,8.255409920820966e-05,False,,0.9649112820625305,0.22781543396413326,-6.843766725063324,0.006610998883843422
176128,0.20864519476890564,0.20860925199279737,3.5948530998362985e-05,-2.05714750289917,0.0,9.278364450437948e-05,0.0013439212229857493,0.5349797351737212,0.6453403028507582,0.8289885705425112,-1.9219049215316772,8.674926357343793e-05,False,,0.9649112820625305,0.22781543396413326,-6.843766725063324,0.006610998883843422
176384,0.23559004068374634,0.23557456047058223,1.5481183133697344e-05,-1.9479453563690186,0.0,4.116176933166571e-05,0.0005966381510849302,0.5189471409277557,0.6449306418395845,0.8046557370068873,-1.9296023845672607,8.798520138952881e-05,False,,0.9622475504875183,0.2388827780261636,-6.847881692647934,0.007779449224472046
176640,-0.23359458148479462,-0.23362943344116502,3.484547648073185e-05,-2.0542850494384766,0.0,9.95242444332689e-05,0.0014436478101297816,0.48274206820012844,0.6445196295794895,0.7489951369131903,-1.9252023696899414,0.00010813072003656998,False,,0.9622475504875183,0.2388827780261636,-6.847881692647934,0.007779449224472046
176896,-0.006980912294238806,-0.0070107879638642775,2.9875748872451204e-05,-1.930357575416565,0.0,8.03466173238121e-05,0.0011663123880596236,0.5123112671752554,0.6441088792562091,0.7953799173935496,-1.9311578273773193,8.959594561019912e-05,False,,0.9622475504875183,0.2388827780261636,-6.847881692647934,0.007779449224472046
177152,0.4989260137081146,0.4988730880737276,5.2939415849486454e-05,-2.0351381301879883,0.0,0.00015544984489679337,0.0022581397728233046,0.46887634225845476,0.6436999999508,0.728408175072693,-1.9127267599105835,8.506075391778722e-05,False,,0.9622475504875183,0.2388827780261636,-6.847881692647934,0.007779449224472046
177408,0.15244010090827942,0.15241481462707163,2.5279989743104737e-05,-1.302307367324829,0.0,7.147307769628242e-05,0.0010390035366971495,0.48661989781991255,0.6432897719748919,0.7564552073103779,-1.9020012617111206,8.990756032289937e-05,False,,0.9622475504875183,0.2388827780261636,-6.847881692647934,0.007779449224472046
177664,0.2585190534591675,0.25848949403686566,2.9551206330744562e-05,-1.843582034111023,0.0,0.00010933315206784755,0.0015905185701399428,0.37159209437139085,0.6428814126374992,0.5780103251809522,-1.9190846681594849,8.409731526626274e-05,False,,0.9622475504875183,0.2388827780261636,-6.847881692647934,0.007779449224472046
177920,0.22093486785888672,0.22092499035873625,9.878451358567749e-06,-1.9109946489334106,0.0,3.1333547667600214e-05,0.00045615197124350366,0.4331210640891616,0.6424717063446993,0.6741480750232186,-1.9409688711166382,7.506099791498855e-05,False,,0.9622475504875183,0.2388827780261636,-6.847881692647934,0.007779449224472046
178176,-1.4460649490356445,-1.4460959714630124,3.097810133044266e-05,-1.9778063297271729,0.0,8.778127812547609e-05,0.0012788350971641301,0.4844737433174595,0.6420622611564251,0.7545588218265138,-1.8920435905456543,8.44198148115538e-05,False,,0.9622475504875183,0.2388827780261636,-6.847881692647934,0.007779449224472046
178432,-0.21506419777870178,-0.21508680816650305,2.2617421169674657e-05,-1.8512775897979736,0.0,8.978202822618186e-05,0.0013089198269806135,0.3455890987891597,0.6416546810409729,0.53859047397348,-1.917117714881897,9.435718675376847e-05,False,,0.9571378827095032,0.24967451058328152,-6.852598607540131,0.006870510056614876
178688,-0.023282736539840698,-0.023304382324221662,2.1645252878380552e-05,-2.052474021911621,0.0,5.833166142110713e-05,0.0008510199573749541,0.5086896656371547,0.641245756540343,0.7932834805514245,-1.9166414737701416,7.6740347140003e-05,False,,0.9571378827095032,0.24967451058328152,-6.852598607540131,0.006870510056614876
178944,0.8227434754371643,0.8227170227050811,2.6465415782879373e-05,-2.062777280807495,0.0,6.763292185496539e-05,0.0009874266995258255,0.536048210881646,0.6408370926460052,0.8364812477821973,-1.917033076286316,8.973722287919372e-05,False,,0.9571378827095032,0.24967451058328152,-6.852598607540131,0.006870510056614876
179200,0.03893699869513512,0.038873959574889164,6.303964749211875e-05,-1.790136694908142,0.0,0.0001702664012555033,0.0024876273678340515,0.5068254860614968,0.6404302902656002,0.791382752760344,-1.9242044687271118,9.35315401875414e-05,False,,0.9571378827095032,0.24967451058328152,-6.852598607540131,0.006870510056614876
179456,-0.1471051275730133,-0.14712134029693844,1.6214532975469e-05,-1.9662015438079834,0.0,4.6070847020018846e-05,0.0006735859119450035,0.4814391954442442,0.6400221460653424,0.7522227135482468,-1.9271045923233032,8.444441482424736e-05,False,,0.9571378827095032,0.24967451058328152,-6.852598607540131,0.006870510056614876
179712,0.6376373171806335,0.6376061031799356,3.1230077529461696e-05,-2.0572664737701416,0.0,8.394040196435526e-05,0.0012281398657786773,0.5085752592138338,0.6396142619740937,0.7951280786706921,-1.9653468132019043,7.852347334846854e-05,False,,0.9571378827095032,0.24967451058328152,-6.852598607540131,0.006870510056614876
179968,0.10765419155359268,0.10759359130859375,6.0603152387516704e-05,-2.0573956966400146,0.0,0.00015797826927155256,0.002313036398532127,0.5240138237857043,0.6392082358446795,0.8197857824739195,-1.9474457502365112,9.180679626297206e-05,False,,0.9571378827095032,0.24967451058328152,-6.852598607540131,0.006870510056614876
180224,1.4049608707427979,1.4049437222557084,1.7166739007970275e-05,-2.0314137935638428,0.0,4.7031251597218215e-05,0.0006890976311433349,0.49823822437141785,0.6388008704558426,0.7799585871194564,-1.9019168615341187,7.506131805712357e-05,False,,0.9571378827095032,0.24967451058328152,-6.852598607540131,0.006870510056614876
180480,0.007021430879831314,0.007021430969235371,0.0,0.0,0.0,0.0,0.0,0.0,0.0,0.0,-1.90658700466156,9.767676965566352e-05,False,,0.9595440030097961,0.24522862043231725,-6.859354954957962,0.008462347090244293
180736,0.29808589816093445,0.29807458035202,1.1324664945725757e-05,-1.9762964248657227,0.0,3.7601450458168983e-05,0.0005517146342194208,0.4105261757918807,0.637988513320033,0.643469540941326,-1.9295109510421753,7.455678132828325e-05,False,,0.9595440030097961,0.24522862043231725,-6.859354954957962,0.008462347090244293
180992,0.5191932916641235,0.5191739806861908,1.9339561720534906e-05,-1.9103074073791504,0.0,5.3448424296220765e-05,0.0007847884534874704,0.49286050615533605,0.6375819252565067,0.7730151791192206,-1.9506419897079468,8.727288513910025e-05,False,,0.9595440030097961,0.24522862043231725,-6.859354954957962,0.008462347090244293
181248,0.036300014704465866,0.03627695070953341,2.306347985177798e-05,-1.80623197555542,0.0,9.830652561504394e-05,0.001444462255493091,0.3193365526038599,0.6371771892512504,0.5011738618250186,-1.9362424612045288,8.318975596921518e-05,False,,0.9595440030097961,0.24522862043231725,-6.859354954957962,0.008462347090244293
181504,0.4823811948299408,0.4823585580413812,2.2630034408610057e-05,-1.5982238054275513,0.0,6.158527685329318e-05,0.0009055400702656585,0.49981298788845596,0.6367711182419895,0.7849178041685523,-1.9195927381515503,8.955198427429423e-05,False,,0.9595440030097961,0.24522862043231725,-6.859354954957962,0.008462347090244293
181760,-0.028049927204847336,-0.02807077357788221,2.0846596075988546e-05,-1.8808232545852661,0.0,5.367360790842213e-05,0.000789765300922555,0.5279187640084172,0.6363653060204996,0.8295844525367809,-1.9262614250183105,8.15149542177096e-05,False,,0.9595440030097961,0.24522862043231725,-6.859354954957962,0.008462347090244293
182016,-0.008322163484990597,-0.008337869406127721,1.5705844290335445e-05,-2.047741413116455,0.0,5.1987495680805296e-05,0.0007654926341401804,0.4103460592531142,0.6359613423232244,0.6452374255235119,-1.9220919609069824,7.623199053341523e-05,False,,0.9595440030097961,0.24522862043231725,-6.859354954957962,0.008462347090244293
182272,0.4434944689273834,0.44348433014526967,1.0129333921416518e-05,-1.9017837047576904,0.0,2.9988132155267522e-05,0.000441872694087373,0.4584729519137749,0.6355560461693687,0.721372968878337,-1.927771806716919,8.731319394428283e-05,False,,0.9595440030097961,0.24522862043231725,-6.859354954957962,0.008462347090244293
182528,-1.5621023178100586,-1.5621406439415004,3.8316993168189444e-05,-1.840628743171692,0.0,0.00010225224104942754,0.001507737664170252,0.5082713535484477,0.635151008309471,0.8002370253670407,-1.9275866746902466,7.122320675989613e-05,False,,0.9664628505706787,0.2367773985490203,-6.860884249210358,0.0068755787797272205
182784,1.1025266647338867,1.1024982749938994,2.837526351195553e-05,-2.0549490451812744,0.0,7.432512211380526e-05,0.001096710894485832,0.5174611404814872,0.6347478154464766,0.8152231924067499,-1.9063595533370972,8.635238191345707e-05,False,,0.9664628505706787,0.2367773985490203,-6.860884249210358,0.0068755787797272205
183040,0.8117870688438416,0.8117630592041039,2.3984051435736712e-05,-2.018247604370117,0.0,6.808280886616558e-05,0.0010053061461924625,0.47714920527592286,0.6343432926694648,0.752193978859566,-1.92610502243042,9.131737897405401e-05,False,,0.9664628505706787,0.2367773985490203,-6.860884249210358,0.0068755787797272205
183296,0.47622132301330566,0.4761978569274885,2.3460393413293468e-05,-1.9441958665847778,0.0,6.36884433333762e-05,0.0009410775803030768,0.49858574689959095,0.6339390276935403,0.7864884872502566,-1.9420794248580933,0.00010498359188204631,False,,0.9664628505706787,0.2367773985490203,-6.860884249210358,0.0068755787797272205
183552,-0.41437140107154846,-0.41441060653305034,3.921993824352385e-05,-1.7199898958206177,0.0,0.00011801908840425313,0.0017450961283606663,0.44948742486027793,0.6335366041939383,0.7094892732080889,-1.9303702116012573,7.388602534774691e-05,False,,0.9664628505706787,0.2367773985490203,-6.860884249210358,0.0068755787797272205
183808,0.2610410153865814,0.26101063148956166,3.0378919712615473e-05,-1.7352523803710938,0.0,8.650284144096076e-05,0.0012799722270331194,0.4746809199607643,0.6331328533180303,0.7497335156012294,-1.9056928157806396,7.35999274183996e-05,False,,0.9664628505706787,0.2367773985490203,-6.860884249210358,0.0068755787797272205
184064,0.26765838265419006,0.267623150392533,3.522619652848906e-05,-1.7937456369400024,0.0,0.00014601236034650356,0.002162027729627863,0.32586257840968885,0.6327309415766563,0.5150097094946796,-1.9189687967300415,8.759439515415579e-05,False,,0.9664628505706787,0.2367773985490203,-6.860884249210358,0.0068755787797272205
184320,0.9045419692993164,0.9045173552978523,2.4589597318179298e-05,-1.9825857877731323,0.0,6.733345071552321e-05,0.0009977109569730771,0.49292026205226563,0.6323277041469884,0.7795329206984791,-1.9323110580444336,7.609042222611606e-05,False,,0.9664628505706787,0.2367773985490203,-6.860884249210358,0.0068755787797272205
184576,-1.1846753358840942,-1.184728500366211,5.318856532761141e-05,-2.053346633911133,0.0,0.00013742649753112346,0.002037727749722946,0.5220379938865046,0.6319247236992602,0.8261078801134992,-1.9351272583007812,9.450346260564402e-05,False,,0.965060830116272,0.26814798954874275,-6.857833355665207,0.005934384185820818
184832,0.02064167708158493,0.02062919455413794,1.2481675471382783e-05,-2.0553929805755615,0.0,4.113706017960794e-05,0.0006103924386628996,0.40897215236560347,0.6315235788766717,0.6475960139019139,-1.9200226068496704,9.461316221859306e-05,False,,0.965060830116272,0.26814798954874275,-6.857833355665207,0.005934384185820818
185088,0.4123309254646301,0.41231919097900394,1.1720687863723e-05,-2.0534300804138184,0.0,3.435088729020208e-05,0.0005100524396010034,0.45958756212956037,0.6311211108954372,0.7282081904652115,-1.8915977478027344,9.722172399051487e-05,False,,0.965060830116272,0.26814798954874275,-6.857833355665207,0.005934384185820818
185344,0.32040178775787354,0.3203697875976563,3.201262179661094e-05,-2.0619797706604004,0.0,8.286433876492083e-05,0.0012312467548934026,0.5200033489531103,0.6307188994057755,0.8244613399773265,-1.9217711687088013,8.516383968526497e-05,False,,0.965060830116272,0.26814798954874275,-6.857833355665207,0.005934384185820818
185600,0.38102683424949646,0.3809684242630028,5.841590956158733e-05,-1.7399307489395142,0.0,0.0001645027514314279,0.002445961203698753,0.4776519715296505,0.6303185200385555,0.7577946012127859,-1.9003946781158447,8.010846795514226e-05,False,,0.965060830116272,0.26814798954874275,-6.857833355665207,0.005934384185820818
185856,0.6331511735916138,0.6331352262329106,1.5961512201943333e-05,-1.862212896347046,0.0,4.570012242766097e-05,0.0006799758575759129,0.46947290919549683,0.6299168200375107,0.7452934963183557,-1.9123562574386597,9.145033254753798e-05,False,,0.965060830116272,0.26814798954874275,-6.857833355665207,0.005934384185820818
186112,0.7738012075424194,0.7737807121643099,2.046993143323825e-05,-1.9451109170913696,0.0,5.510110713657923e-05,0.0008204191210151372,0.4990115639408791,0.6295153760386072,0.7926916211023184,-1.9382508993148804,8.05353483883664e-05,False,,0.965060830116272,0.26814798954874275,-6.857833355665207,0.005934384185820818
186368,0.0189812108874321,0.018952308654785158,2.890251173304555e-05,-1.9879940748214722,0.0,8.277905726572499e-05,0.0012333707935011891,0.46867514433351437,0.6291157606661314,0.7449744127174044,-1.8534871339797974,8.365470421267673e-05,False,,0.965060830116272,0.26814798954874275,-6.857833355665207,0.005934384185820818
186624,0.4048634469509125,0.40483649978637404,2.693827302448626e-05,-2.046870708465576,0.0,7.655459194211289e-05,0.001141413296164265,0.4720161069616535,0.628714827179834,0.7507634408415833,-1.931875467300415,8.892708137864247e-05,False,,0.9647088646888733,0.24242346473038195,-6.832500320672989,0.008094023913145065
186880,-0.025027118623256683,-0.025046857241820545,1.9739225329273773e-05,-1.7516905069351196,0.0,7.77765380917117e-05,0.0011604253542599776,0.34020672259202406,0.628315719994517,0.5414582378982861,-1.9107645750045776,8.368608541786671e-05,False,,0.9647088646888733,0.24242346473038195,-6.832500320672989,0.008094023913145065
187136,0.6018575429916382,0.6018382759094238,1.9271806101800442e-05,-2.0608279705047607,0.0,5.427458381745964e-05,0.0008103316152465969,0.47565233144545943,0.6279152963716115,0.757510342866309,-1.8877915143966675,8.243889169534668e-05,False,,0.9647088646888733,0.24242346473038195,-6.832500320672989,0.008094023913145065
187392,-1.3160046339035034,-1.3160304329376202,2.579357788370731e-05,-1.9741854667663574,0.0,7.120668306015432e-05,0.0010638595844758565,0.4849056822929375,0.6275151279374156,0.772739430022632,-1.9268057346343994,7.991449092514813e-05,False,,0.9647088646888733,0.24242346473038195,-6.832500320672989,0.008094023913145065
187648,-0.1698080599308014,-0.16983435052337592,2.628523729069642e-05,-1.8143903017044067,0.0,8.905937283998355e-05,0.0013314930080318022,0.3948235121347119,0.6271167823192942,0.6295853073402347,-1.932667851448059,0.00010730078065535054,False,,0.9647088646888733,0.24242346473038195,-6.832500320672989,0.008094023913145065
187904,0.1643049567937851,0.16429229360199243,1.265794064254424e-05,-2.0582778453826904,0.0,3.45947737514507e-05,0.0005175665678545477,0.48913285473653373,0.6267171227755807,0.7804683117165859,-1.9328275918960571,8.681268082000315e-05,False,,0.9647088646888733,0.24242346473038195,-6.832500320672989,0.008094023913145065
188160,0.22566281259059906,0.22563266073456034,3.0149949928646413e-05,-1.9966747760772705,0.0,7.760089647490531e-05,0.0011617656135250094,0.5190367071920118,0.6263177179336313,0.828711518659308,-1.9306609630584717,8.354950114153326e-05,False,,0.9647088646888733,0.24242346473038195,-6.832500320672989,0.008094023913145065
188416,0.24708056449890137,0.2470535369873047,2.7022977012253432e-05,-2.054971933364868,0.0,7.24435958545655e-05,0.0010852911850507505,0.49798574584367933,0.6259201324295007,0.7956058928968369,-1.9217591285705566,8.221086318371817e-05,False,,0.9647088646888733,0.24242346473038195,-6.832500320672989,0.008094023913145065
188672,-0.23260539770126343,-0.2326341536148102,2.875794785941172e-05,-1.9825029373168945,0.0,8.104265725705773e-05,0.0012149410442692079,0.47340482890196117,0.6255212355069805,0.7568165587828045,-1.92726731300354,9.154115105047822e-05,False,,0.9613557457923889,0.25906131193041804,-6.820143181085586,0.009215055033564568
188928,-0.007231955416500568,-0.007262457275387715,3.0501936761630402e-05,-2.0452239513397217,0.0,8.21819412522018e-05,0.0012328572166456745,0.4948170209786218,0.6251225928002084,0.7915519718494116,-1.9203561544418335,7.997481588972732e-05,False,,0.9613557457923889,0.25906131193041804,-6.820143181085586,0.009215055033564568
189184,0.5084682106971741,0.5084252227783175,4.298104702689205e-05,-2.0585949420928955,0.0,0.00012469672947190702,0.0018719090742326861,0.45922152543130756,0.6247257659596365,0.7350769736956517,-1.920297384262085,8.514036744600162e-05,False,,0.9613557457923889,0.25906131193041804,-6.820143181085586,0.009215055033564568
189440,0.1338542252779007,0.1338238021926838,3.041589880623078e-05,-1.8331902027130127,0.0,8.56363185448572e-05,0.0012864168879346194,0.47287779088572773,0.6243276302030933,0.7574192907847134,-1.9454550743103027,7.710740464972332e-05,False,,0.9613557457923889,0.25906131193041804,-6.820143181085586,0.009215055033564568
189696,0.247669979929924,0.24763495489502094,3.502220938833331e-05,-1.5479588508605957,0.0,0.0001429028488928452,0.002148113079902995,0.32607416914862647,0.6239313080035299,0.5226122891508783,-1.9194716215133667,9.388731996295974e-05,False,,0.9613557457923889,0.25906131193041804,-6.820143181085586,0.009215055033564568
189952,0.25493478775024414,0.2549249908447266,9.797080618474383e-06,-2.0022823810577393,0.0,3.09215574816335e-05,0.00046512627970270507,0.42126540881484426,0.6235336785525317,0.6756097117204124,-1.9286689758300781,8.369112765649334e-05,False,,0.9613557457923889,0.25906131193041804,-6.820143181085586,0.009215055033564568
190208,-1.4255293607711792,-1.4255607760536193,3.1414240099437125e-05,-1.8572500944137573,0.0,8.872536272974685e-05,0.0013355193038394068,0.4704423217115043,0.6231363025095262,0.7549589388660475,-1.8940820693969727,8.325721137225628e-05,False,,0.9613557457923889,0.25906131193041804,-6.820143181085586,0.009215055033564568
190464,-0.2457907348871231,-0.24582029106750417,2.9551201305690283e-05,-1.8440948724746704,0.0,0.00011749696568585932,0.0017697844131642586,0.3339525547391919,0.6227407365629126,0.536262581090123,-1.9305715560913086,7.849313988117501e-05,False,,0.9613557457923889,0.25906131193041804,-6.820143181085586,0.009215055033564568
190720,-0.025142081081867218,-0.02516136169433885,1.9280214795767427e-05,-2.0654802322387695,0.0,5.178942228667438e-05,0.0007805969747691284,0.493986408324726,0.6223438658593314,0.7937515502665562,-1.9154480695724487,7.726307376287878e-05,False,,0.9670909643173218,0.24202247485518455,-6.822197586297989,0.008837687782943249
190976,0.8585413694381714,0.8585080764770537,3.328473717444235e-05,-2.055180072784424,0.0,8.48362033138983e-05,0.0012795542742308989,0.5202551833051207,0.6219472480801955,0.8364940674808445,-1.945435881614685,6.988587119849399e-05,False,,0.9670909643173218,0.24202247485518455,-6.822197586297989,0.008837687782943249
191232,0.05018184706568718,0.050130615234375,5.123237946078653e-05,-1.9919497966766357,0.0,0.00013527383271139115,0.0020416506915926216,0.5018721338743986,0.621552436943467,0.8074493864787889,-1.9357678890228271,7.867859676480293e-05,False,,0.9670909643173218,0.24202247485518455,-6.822197586297989,0.008837687782943249
191488,-0.14867287874221802,-0.14869144781723154,1.856816042842544e-05,-2.0181379318237305,0.0,5.274079740047455e-05,0.0007965357035535438,0.46622292875481314,0.6211563235394783,0.7505726193016561,-1.9237325191497803,9.528703958494589e-05,False,,0.9670909643173218,0.24202247485518455,-6.822197586297989,0.008837687782943249
191744,0.6598919034004211,0.6598609339553864,3.094391410962982e-05,-2.009711980819702,0.0,8.380608051083982e-05,0.0012665566114238853,0.4886305725385953,0.6207604625773102,0.7871483478665343,-1.9110090732574463,7.743838796159253e-05,False,,0.9670909643173218,0.24202247485518455,-6.822197586297989,0.008837687782943249
192000,0.10745502263307571,0.1074142733901972,4.074838217054848e-05,-2.0234150886535645,0.0,0.00010555845801718533,0.001596361002526348,0.5105158808823498,0.6203664048101559,0.8229263817704272,-1.9423011541366577,7.852623093640432e-05,False,,0.9670909643173218,0.24202247485518455,-6.822197586297989,0.008837687782943249
192256,1.376691222190857,1.376675683593753,1.5488656208563248e-05,-2.0585997104644775,0.0,4.238540350343101e-05,0.0006414224285402234,0.4829471349735305,0.619971047260698,0.7789833688321434,-1.90579092502594,8.325418457388878e-05,False,,0.9670909643173218,0.24202247485518455,-6.822197586297989,0.008837687782943249
192512,0.006088830530643463,0.006088830697629601,0.0,0.0,0.0,0.0,0.0,0.0,0.0,0.0,-1.9456688165664673,0.00010038992331828922,False,,0.9670909643173218,0.24202247485518455,-6.822197586297989,0.008837687782943249
192768,0.2901754379272461,0.2901632881164551,1.2149193928894697e-05,-1.9874091148376465,0.0,4.024829831905663e-05,0.0006098914541312222,0.3984051209965213,0.6191826358362142,0.643437166900635,-1.9056074619293213,9.101259638555348e-05,False,,0.967674195766449,0.2420854065567255,-6.811975139379501,0.005675495136529207
193024,0.5546267032623291,0.5546120414405857,1.4678744908169689e-05,-1.9971694946289062,0.0,4.044580055051483e-05,0.0006132916532740756,0.4786872552335182,0.6187880326989827,0.7735884179039734,-1.9190599918365479,8.010642341105267e-05,False,,0.967674195766449,0.2420854065567255,-6.811975139379501,0.005675495136529207
193280,0.04218922555446625,0.042156932804870303,3.229111942891819e-05,-1.6911441087722778,0.0,0.00013517442857846618,0.0020510452490788357,0.31487476391289526,0.6183952270272187,0.5091804563670024,-1.9305334091186523,8.504952711518854e-05,False,,0.967674195766449,0.2420854065567255,-6.811975139379501,0.005675495136529207
193536,0.47603675723075867,0.4760254036788945,1.1350498456979437e-05,-1.983475685119629,0.0,3.074889536947012e-05,0.00046687223591183907,0.48623574433853406,0.618001125703133,0.7867877971667407,-1.943827748298645,8.448976586805657e-05,False,,0.967674195766449,0.2420854065567255,-6.811975139379501,0.005675495136529207
193792,-0.038413289934396744,-0.038500679779052735,8.739018396795776e-05,-2.026918888092041,0.0,0.0002239174209535122,0.0034020748275063266,0.5137463953549402,0.6176072755385759,0.8318334574458093,-1.8941607475280762,0.00015272575546987355,False,,0.967674195766449,0.2420854065567255,-6.811975139379501,0.005675495136529207
194048,-0.008134386502206326,-0.008150212097167969,1.5825295421622043e-05,-2.058297872543335,0.0,5.124163726577535e-05,0.0007790492610063847,0.4062720090685599,0.6172152194096037,0.6582339454577592,-1.9454087018966675,8.125366002786905e-05,False,,0.967674195766449,0.2420854065567255,-6.811975139379501,0.005675495136529207
194304,0.4744483530521393,0.4744407806396514,7.579455445623116e-06,-1.9739303588867188,0.0,2.1931853552814573e-05,0.00033365985060236885,0.4543222945127881,0.6168218701006439,0.7365534792705364,-1.9172261953353882,8.513914508512244e-05,False,,0.967674195766449,0.2420854065567255,-6.811975139379501,0.005675495136529207
194560,-1.7763413190841675,-1.7763994110557602,5.8147520585879727e-05,-1.7344131469726562,0.0,0.00015466187323909253,0.002354497280317162,0.49392726907755846,0.6164287714719558,0.8012722506415804,-1.9230998754501343,7.418647146550938e-05,False,,0.967674195766449,0.2420854065567255,-6.811975139379501,0.005675495136529207
194816,1.0606272220611572,1.0605986784584065,2.8582232871927994e-05,-1.8716108798980713,0.0,7.423652277793735e-05,0.0011308821894740664,0.5054855958996151,0.6160374634555151,0.820543596592672,-1.934553861618042,8.409524889430031e-05,False,,0.9672431945800781,0.2571581218391657,-6.807117116451264,0.00878702662885189
195072,0.7339345812797546,0.7339008318832406,3.376977512335454e-05,-1.913195013999939,0.0,9.58713426371105e-05,0.001461416863218112,0.46215116265993855,0.6156448647267032,0.7506781736335875,-1.909338355064392,9.29464804357849e-05,False,,0.9672431945800781,0.2571581218391657,-6.807117116451264,0.00878702662885189
195328,0.424740731716156,0.4247230080871552,1.7721146911718236e-05,-1.8063163757324219,0.0,4.8032386985141784e-05,0.0007326636769969966,0.4837457476902019,0.6152525161998207,0.7862556185517359,-1.898694396018982,8.174005779437721e-05,False,,0.9672431945800781,0.2571581218391657,-6.807117116451264,0.00878702662885189
195584,-0.5410283207893372,-0.541069041794585,4.0709894260838577e-05,-1.9394177198410034,0.0,0.00011918421660084277,0.0018191685297356689,0.4475659466993292,0.6148619548683801,0.7279128967983342,-1.9400215148925781,8.366876863874495e-05,False,,0.9672431945800781,0.2571581218391657,-6.807117116451264,0.00878702662885189
195840,0.2810952961444855,0.2810568820098881,3.8422779689057376e-05,-1.7689504623413086,0.0,0.00010761232988443226,0.0016436171479202832,0.46753928964144525,0.6144701052874764,0.7608820764725562,-1.9574482440948486,7.844402716727927e-05,False,,0.9672431945800781,0.2571581218391657,-6.807117116451264,0.00878702662885189
196096,0.31039145588874817,0.3103683471298209,2.3106955330656185e-05,-1.8098453283309937,0.0,9.028893691720441e-05,0.0013799270394260726,0.33490111680493817,0.6140800406292548,0.5453704641853547,-1.9264848232269287,8.130708738463e-05,False,,0.9672431945800781,0.2571581218391657,-6.807117116451264,0.00878702662885189
196352,0.8851205706596375,0.8851033182113665,1.7245157156758725e-05,-2.0122721195220947,0.0,4.674795491155237e-05,0.0007149372096732693,0.48242438422361217,0.6136886893598247,0.7861060381068092,-1.9094065427780151,7.979522342793643e-05,False,,0.9672431945800781,0.2571581218391657,-6.807117116451264,0.00878702662885189
196608,-1.0855462551116943,-1.085599296379852,5.30521105904617e-05,-1.8982326984405518,0.0,0.0001380150788463652,0.002112103282588615,0.5023628439745664,0.613297587497322,0.8191175935071815,-1.943383812904358,6.938553997315466e-05,False,,0.9672431945800781,0.2571581218391657,-6.807117116451264,0.00878702662885189
196864,-0.0001079011635738425,-0.00012600182647729525,1.8100660241139887e-05,-1.860226035118103,0.0,6.28867928753607e-05,0.0009630080371080359,0.37591919368600757,0.612908267151553,0.6133367974184211,-1.9228557348251343,8.050085307331756e-05,False,,0.9657947421073914,0.289072335883975,-6.802571380138398,0.01040299329906702
197120,0.40130454301834106,0.4012933853149414,1.1165616466747308e-05,-2.042837619781494,0.0,3.276304778410122e-05,0.0005020388813645216,0.44481082566352664,0.6125176626496576,0.7262008147476812,-1.9218388795852661,9.023385791806504e-05,False,,0.9657947421073914,0.289072335883975,-6.802571380138398,0.01040299329906702
197376,0.32401153445243835,0.32395824788970934,5.3301321435015855e-05,-2.0041301250457764,0.0,0.00013843354827258736,0.00212264141782041,0.5022169169745797,0.6121273070787768,0.8204452099536014,-1.9167577028274536,9.160740592051297e-05,False,,0.9657947421073914,0.289072335883975,-6.802571380138398,0.01040299329906702
197632,0.49659404158592224,0.49654485626220707,4.919472793450448e-05,-2.0292067527770996,0.0,0.000131051434436813,0.002010748795887354,0.4893174924199777,0.6117387296251804,0.7998798649217262,-1.9278643131256104,7.824384374544024e-05,False,,0.9657947421073914,0.289072335883975,-6.802571380138398,0.01040299329906702
197888,0.7131250500679016,0.7131101303100587,1.4916175767895465e-05,-2.0445361137390137,0.0,4.250039273756556e-05,0.0006525149666069829,0.4571903030962858,0.6113488704658547,0.7478386322164979,-1.9418573379516602,7.507269037887454e-05,False,,0.9657947421073914,0.289072335883975,-6.802571380138398,0.01040299329906702
198144,0.7918289303779602,0.7918061934219383,2.2740139112137394e-05,-1.8294974565505981,0.0,6.264085095608607e-05,0.0009623572316111779,0.47259247117758685,0.6109592597625395,0.7735253433449368,-1.9435203075408936,8.658340811962262e-05,False,,0.9657947421073914,0.289072335883975,-6.802571380138398,0.01040299329906702
198400,0.018705151975154877,0.01867717742919922,2.797393853749747e-05,-2.036914110183716,0.0,8.053325291257352e-05,0.0012380368571489918,0.4519080086503586,0.6105714237835457,0.7401394677956055,-1.9416618347167969,8.417951175943017e-05,False,,0.9657947421073914,0.289072335883975,-6.802571380138398,0.01040299329906702
198656,0.3620052933692932,0.36196201958312596,4.327204758709618e-05,-1.7495436668395996,0.0,0.00012571791012305766,0.001933908365317054,0.4475087689069689,0.6101823085445444,0.7334017434468112,-1.9387485980987549,7.632861525053158e-05,False,,0.9657947421073914,0.289072335883975,-6.802571380138398,0.01040299329906702
198912,0.02301468327641487,0.022989621156310022,2.5062235873076155e-05,-1.543929934501648,0.0,0.00010263802687404677,0.0015798868378386081,0.3172662151849177,0.6097949657729641,0.5202834280252827,-1.9141243696212769,8.477480878354982e-05,False,,0.9489640593528748,0.32777802012860774,-6.793923783302307,0.00616622855886817
199168,0.5674479603767395,0.5674190261581418,2.895869416537872e-05,-1.930193543434143,0.0,8.175979019142687e-05,0.0012593230147969706,0.45990891653873994,0.6094063453681993,0.7546835047489799,-1.930483341217041,8.544236334273592e-05,False,,0.9489640593528748,0.32777802012860774,-6.793923783302307,0.00616622855886817
199424,-1.3780299425125122,-1.3780639353912325,3.401839541993253e-05,-2.0176446437835693,0.0,9.350057371193543e-05,0.001441089565931851,0.4721204874998207,0.6090179726299905,0.7752160177818891,-1.9285563230514526,9.90163825917989e-05,False,,0.9489640593528748,0.32777802012860774,-6.793923783302307,0.00616622855886817
199680,-0.1692430078983307,-0.16925745297241085,1.4442330879600422e-05,-1.8274065256118774,0.0,5.0171100156148896e-05,0.0007737634230263661,0.37330094573644107,0.608631368977021,0.6133448993335326,-1.9305719137191772,8.36720282677561e-05,False,,0.9489640593528748,0.32777802012860774,-6.793923783302307,0.00616622855886817
199936,0.16322819888591766,0.1632077964782744,2.0404618971555614e-05,-2.0228633880615234,0.0,5.573223461396992e-05,0.0008600815646135844,0.47448102159294525,0.6082434901288173,0.7800840112443406,-1.8850326538085938,8.616386912763119e-05,False,,0.9489640593528748,0.32777802012860774,-6.793923783302307,0.00616622855886817
200192,0.18629495799541473,0.18626401275635,3.094308871941491e-05,-1.7247459888458252,0.0,8.075914956862107e-05,0.00124710543739495,0.4962385343143274,0.6078558584745779,0.8163753419431449,-1.9239312410354614,7.228892354760319e-05,False,,0.9489640593528748,0.32777802012860774,-6.793923783302307,0.00616622855886817
200448,0.2534859776496887,0.25347416960906993,1.1802476609377329e-05,-1.8494224548339844,0.0,3.13000418827869e-05,0.000483652194360378,0.4880563655866757,0.6074699925298499,0.8034246490993439,-1.9246546030044556,8.473685011267662e-05,False,,0.9489640593528748,0.32777802012860774,-6.793923783302307,0.00616622855886817
200704,-0.26613321900367737,-0.2661796034149215,4.637076148854646e-05,-2.0583698749542236,0.0,0.00013097855844534934,0.0020251910239159274,0.45793963078982586,0.6070828538231863,0.754328059021745,-1.9460079669952393,8.558942499803379e-05,False,,0.9489640593528748,0.32777802012860774,-6.793923783302307,0.00616622855886817
