timesteps,reward,length,source,scenario,k
39,0.839773,39,real,-1,18
71,-3.076043,32,real,-1,11
98,1.437453,27,real,-1,6
120,-2.418098,22,real,-1,1
144,6.203721,24,real,-1,3
179,0.672974,35,real,-1,14
211,2.68802,32,real,-1,11
253,2.308399,42,real,-1,21
287,5.905857,34,real,-1,13
320,-3.546254,33,real,-1,12
347,4.706119,27,real,-1,6
382,1.80594,35,real,-1,14
411,0.785897,29,real,-1,8
444,0.689165,33,real,-1,12
481,3.856163,37,real,-1,16
520,-4.317159,39,real,-1,18
542,3.314089,22,real,-1,1
563,3.800271,21,real,-1,0
585,0.642293,22,real,-1,1
616,-0.99866,31,real,-1,10
645,0.153104,29,real,-1,8
666,-1.585118,21,real,-1,0
687,0.207141,21,real,-1,0
719,0.853864,32,real,-1,11
745,-3.758738,26,real,-1,5
782,5.325037,37,real,-1,16
813,6.172426,31,real,-1,10
851,4.066208,38,real,-1,17
880,-0.214937,29,real,-1,8
921,0.755215,41,real,-1,20
960,2.253488,39,real,-1,18
996,6.27006,36,real,-1,15
1036,4.077068,40,real,-1,19
1069,3.668019,33,real,-1,12
1108,-0.952372,39,real,-1,18
1137,5.696039,29,real,-1,8
1167,1.26256,30,real,-1,9
1203,7.893809,36,real,-1,15
1225,-1.368973,22,real,-1,1
1257,-2.439117,32,real,-1,11
1292,6.188761,35,real,-1,14
1318,-2.448406,26,real,-1,5
1354,9.076596,36,real,-1,15
1386,-2.671593,32,real,-1,11
1423,4.473882,37,real,-1,16
1451,7.11681,28,real,-1,7
1477,3.373515,26,real,-1,5
1513,0.676078,36,real,-1,15
1535,2.125447,22,real,-1,1
1564,-1.124463,29,real,-1,8
1593,-4.958557,29,real,-1,8
1620,8.15465,27,real,-1,6
1658,2.900436,38,real,-1,17
1680,8.053349,22,real,-1,1
1715,-2.219663,35,real,-1,14
1748,-2.032777,33,real,-1,12
1787,4.075367,39,real,-1,18
1827,0.475638,40,real,-1,19
1863,11.522056,36,real,-1,15
1900,3.181773,37,real,-1,16
1933,2.182025,33,real,-1,12
1975,7.565401,42,real,-1,21
2016,5.62052,41,real,-1,20
2050,-3.722109,34,real,-1,13
2090,4.025525,40,real,-1,19
2130,-5.648515,40,real,-1,19
2170,5.301114,40,real,-1,19
2207,3.904447,37,real,-1,16
2229,3.559958,22,real,-1,1
2264,2.31866,35,real,-1,14
2296,1.577113,32,real,-1,11
2333,1.843821,37,real,-1,16
2363,2.133876,30,real,-1,9
2394,0.853537,31,real,-1,10
2419,0.07122,25,real,-1,4
2441,0.343025,22,real,-1,1
2482,-1.341717,41,real,-1,20
2510,4.377396,28,real,-1,7
2544,4.30397,34,real,-1,13
2565,2.658647,21,real,-1,0
2604,-7.865384,39,real,-1,18
2633,2.372466,29,real,-1,8
2663,2.256202,30,real,-1,9
2689,-4.436277,26,real,-1,5
2711,-1.064265,22,real,-1,1
2738,1.088714,27,real,-1,6
2775,9.818469,37,real,-1,16
2816,-1.475672,41,real,-1,20
2841,-0.186224,25,real,-1,4
2864,-1.137719,23,real,-1,2
2906,0.589157,42,real,-1,21
2941,1.409238,35,real,-1,14
2981,-4.910974,40,real,-1,19
3004,0.766679,23,real,-1,2
3026,5.16688,22,real,-1,1
3065,4.641288,39,real,-1,18
3093,-4.561703,28,real,-1,7
3125,4.869112,32,real,-1,11
3154,5.288778,29,real,-1,8
3183,1.158173,29,real,-1,8
3209,3.001814,26,real,-1,5
3237,10.025244,28,real,-1,7
3277,-1.267368,40,real,-1,19
3301,1.152983,24,real,-1,3
3343,-4.473593,42,real,-1,21
3373,4.437724,30,real,-1,9
3408,0.185398,35,real,-1,14
3432,1.420828,24,real,-1,3
3468,-0.325116,36,real,-1,15
3506,-0.696137,38,real,-1,17
3531,-3.456552,25,real,-1,4
3563,-1.44787,32,real,-1,11
3604,5.357601,41,real,-1,20
3631,-8.593648,27,real,-1,6
3654,6.634476,23,real,-1,2
3678,0.83348,24,real,-1,3
3718,-1.871661,40,real,-1,19
3744,3.541607,26,real,-1,5
3775,-1.93901,31,real,-1,10
3809,6.07495,34,real,-1,13
3844,-0.8933,35,real,-1,14
3869,5.486344,25,real,-1,4
3909,0.591844,40,real,-1,19
3933,3.327813,24,real,-1,3
3970,4.966137,37,real,-1,16
3996,3.568037,26,real,-1,5
4021,3.962544,25,real,-1,4
4046,1.885273,25,real,-1,4
4069,-1.893345,23,real,-1,2
4107,-0.616107,38,real,-1,17
4145,2.010265,38,real,-1,17
4184,1.604817,39,real,-1,18
4221,3.498489,37,real,-1,16
4243,-0.680271,22,real,-1,1
4274,1.223767,31,real,-1,10
4304,-1.854783,30,real,-1,9
4335,8.706091,31,real,-1,10
4374,1.568475,39,real,-1,18
4410,3.298665,36,real,-1,15
4445,1.331925,35,real,-1,14
4467,5.438977,22,real,-1,1
4493,5.580717,26,real,-1,5
4514,-2.099849,21,real,-1,0
4555,-0.221834,41,real,-1,20
4594,1.959792,39,real,-1,18
4615,-0.116759,21,real,-1,0
4656,-0.375522,41,real,-1,20
4690,5.451762,34,real,-1,13
4728,1.131556,38,real,-1,17
4767,0.961964,39,real,-1,18
4790,-3.181241,23,real,-1,2
4813,1.868232,23,real,-1,2
4836,6.244576,23,real,-1,2
4862,5.673122,26,real,-1,5
4894,-0.420707,32,real,-1,11
4935,-5.656527,41,real,-1,20
4969,3.06873,34,real,-1,13
5007,4.502705,38,real,-1,17
5028,2.733578,21,real,-1,0
5057,6.744077,29,real,-1,8
5088,4.698655,31,real,-1,10
5118,2.512961,30,real,-1,9
5145,2.11541,27,real,-1,6
5176,3.020161,31,real,-1,10
5212,9.275203,36,real,-1,15
5233,2.850702,21,real,-1,0
5275,-8.840695,42,real,-1,21
5307,-0.306994,32,real,-1,11
5342,1.988256,35,real,-1,14
5366,-2.405335,24,real,-1,3
5400,1.170289,34,real,-1,13
5433,3.762502,33,real,-1,12
5470,3.674019,37,real,-1,16
5492,1.307797,22,real,-1,1
5518,1.055958,26,real,-1,5
5544,4.2033,26,real,-1,5
5571,-1.231014,27,real,-1,6
5603,1.592365,32,real,-1,11
5636,0.887107,33,real,-1,12
5678,-4.084003,42,real,-1,21
5712,-2.283947,34,real,-1,13
5754,7.847593,42,real,-1,21
5787,5.64771,33,real,-1,12
5810,-1.494231,23,real,-1,2
5832,3.433736,22,real,-1,1
5871,1.204481,39,real,-1,18
5906,8.803955,35,real,-1,14
5946,-1.862274,40,real,-1,19
5979,3.631904,33,real,-1,12
6015,0.090848,36,real,-1,15
6052,7.805491,37,real,-1,16
6090,0.868921,38,real,-1,17
6127,-0.835331,37,real,-1,16
6154,5.655771,27,real,-1,6
6186,4.140563,32,real,-1,11
6207,6.810529,21,real,-1,0
6237,2.787123,30,real,-1,9
6269,8.857351,32,real,-1,11
6306,8.78719,37,real,-1,16
6338,2.938645,32,real,-1,11
6380,0.714701,42,real,-1,21
6418,7.501703,38,real,-1,17
6446,-3.567585,28,real,-1,7
6479,7.05777,33,real,-1,12
6514,2.989222,35,real,-1,14
6555,7.273451,41,real,-1,20
6595,1.902847,40,real,-1,19
6617,5.934707,22,real,-1,1
6649,-2.422255,32,real,-1,11
6682,-4.110952,33,real,-1,12
6709,-3.642473,27,real,-1,6
6744,1.293096,35,real,-1,14
6785,9.945994,41,real,-1,20
6821,5.184718,36,real,-1,15
6847,3.88524,26,real,-1,5
6875,4.118773,28,real,-1,7
6917,2.613708,42,real,-1,21
6943,-0.415167,26,real,-1,5
6977,-0.96175,34,real,-1,13
7000,9.440425,23,real,-1,2
7041,-0.263406,41,real,-1,20
7068,-0.907962,27,real,-1,6
7102,3.670419,34,real,-1,13
7125,2.801952,23,real,-1,2
7150,3.272149,25,real,-1,4
7185,1.351071,35,real,-1,14
7227,1.693994,42,real,-1,21
7248,4.530174,21,real,-1,0
7274,-6.377593,26,real,-1,5
7302,-0.210191,28,real,-1,7
7325,5.759607,23,real,-1,2
7346,4.049519,21,real,-1,0
7383,3.975526,37,real,-1,16
7419,-4.037643,36,real,-1,15
7444,4.469652,25,real,-1,4
7466,1.428217,22,real,-1,1
7492,0.046792,26,real,-1,5
7529,7.299623,37,real,-1,16
7570,-1.624233,41,real,-1,20
7602,6.586093,32,real,-1,11
7634,5.404095,32,real,-1,11
7660,2.919581,26,real,-1,5
7681,2.596274,21,real,-1,0
7716,0.078694,35,real,-1,14
7755,4.383229,39,real,-1,18
7785,2.24775,30,real,-1,9
7822,1.604129,37,real,-1,16
7853,0.748088,31,real,-1,10
7893,8.480317,40,real,-1,19
7926,-1.399258,33,real,-1,12
7948,5.915896,22,real,-1,1
7980,-4.566466,32,real,-1,11
8016,5.20842,36,real,-1,15
8045,0.80503,29,real,-1,8
8068,1.418194,23,real,-1,2
8089,1.475034,21,real,-1,0
8110,1.538579,21,real,-1,0
8152,2.634719,42,real,-1,21
8190,-1.730347,38,real,-1,17
8217,-2.601078,27,real,-1,6
8259,0.069791,42,real,-1,21
8295,-3.461909,36,real,-1,15
8329,-0.518226,34,real,-1,13
8365,8.235157,36,real,-1,15
8395,2.790332,30,real,-1,9
8431,1.203205,36,real,-1,15
8461,2.919694,30,real,-1,9
8494,0.514723,33,real,-1,12
8535,1.426423,41,real,-1,20
8559,5.300479,24,real,-1,3
8589,-6.187071,30,real,-1,9
8616,-1.514777,27,real,-1,6
8641,2.967629,25,real,-1,4
8670,-4.792634,29,real,-1,8
8697,1.947301,27,real,-1,6
8718,3.554867,21,real,-1,0
8740,-2.33661,22,real,-1,1
8761,3.912989,21,real,-1,0
8788,7.797472,27,real,-1,6
8823,6.786666,35,real,-1,14
8853,2.490908,30,real,-1,9
8885,-7.408502,32,real,-1,11
8917,0.266597,32,real,-1,11
8942,-0.855798,25,real,-1,4
8968,6.346492,26,real,-1,5
8992,-4.832631,24,real,-1,3
9033,2.57421,41,real,-1,20
9060,10.213334,27,real,-1,6
9094,2.750476,34,real,-1,13
9134,6.080267,40,real,-1,19
9161,5.732959,27,real,-1,6
9202,3.50197,41,real,-1,20
9232,-0.734874,30,real,-1,9
9253,3.452545,21,real,-1,0
9288,4.226717,35,real,-1,14
9315,1.573666,27,real,-1,6
9357,-0.871492,42,real,-1,21
9384,1.523308,27,real,-1,6
9411,0.521876,27,real,-1,6
9439,0.306935,28,real,-1,7
9472,7.709114,33,real,-1,12
9507,-0.967274,35,real,-1,14
9538,7.405801,31,real,-1,10
9561,3.701028,23,real,-1,2
9596,3.734004,35,real,-1,14
9619,0.525097,23,real,-1,2
9657,2.146569,38,real,-1,17
9683,5.202802,26,real,-1,5
9715,8.222346,32,real,-1,11
9742,2.546058,27,real,-1,6
9780,-2.14256,38,real,-1,17
9808,8.652518,28,real,-1,7
9844,-7.335205,36,real,-1,15
9882,6.241248,38,real,-1,17
9916,2.417408,34,real,-1,13
9953,2.065975,37,real,-1,16
9980,5.711463,27,real,-1,6
10005,0.037392,25,real,-1,4
10047,8.89564,42,real,-1,21
10089,4.609493,42,real,-1,21
10113,2.631072,24,real,-1,3
10141,2.758261,28,real,-1,7
10175,4.473873,34,real,-1,13
10216,2.72192,41,real,-1,20
10240,-2.901035,24,real,-1,3
10265,-4.822664,25,real,-1,4
10298,0.114073,33,real,-1,12
10340,-5.226975,42,real,-1,21
10365,4.556256,25,real,-1,4
10400,-8.643304,35,real,-1,14
10434,1.934633,34,real,-1,13
10463,4.152454,29,real,-1,8
10490,2.167807,27,real,-1,6
10523,0.625683,33,real,-1,12
10558,5.492098,35,real,-1,14
10592,3.838783,34,real,-1,13
10617,-5.082777,25,real,-1,4
10638,0.99827,21,real,-1,0
10673,6.116182,35,real,-1,14
10711,3.820584,38,real,-1,17
10741,-6.469712,30,real,-1,9
10764,1.592092,23,real,-1,2
10793,5.015994,29,real,-1,8
10835,1.072098,42,real,-1,21
10872,0.019105,37,real,-1,16
10899,0.977246,27,real,-1,6
10933,6.505176,34,real,-1,13
10956,2.665474,23,real,-1,2
10990,6.63978,34,real,-1,13
11024,6.769103,34,real,-1,13
11061,1.84076,37,real,-1,16
11083,-3.216539,22,real,-1,1
11111,0.835906,28,real,-1,7
11147,-8.912563,36,real,-1,15
11187,1.47753,40,real,-1,19
11211,2.821994,24,real,-1,3
11235,7.298967,24,real,-1,3
11265,-0.879421,30,real,-1,9
11292,0.715579,27,real,-1,6
11319,8.028657,27,real,-1,6
11358,8.465588,39,real,-1,18
11385,-0.38953,27,real,-1,6
11425,3.491789,40,real,-1,19
11465,1.145697,40,real,-1,19
11490,7.49839,25,real,-1,4
11524,-3.939357,34,real,-1,13
11548,-1.586797,24,real,-1,3
11578,5.814936,30,real,-1,9
11610,3.92653,32,real,-1,11
11652,-0.510001,42,real,-1,21
11689,7.030051,37,real,-1,16
11720,4.299649,31,real,-1,10
11759,12.598557,39,real,-1,18
11792,-8.873958,33,real,-1,12
11822,-1.829017,30,real,-1,9
11845,0.522367,23,real,-1,2
11872,3.230315,27,real,-1,6
11899,-0.302858,27,real,-1,6
11934,0.806114,35,real,-1,14
11973,5.141321,39,real,-1,18
12013,0.320567,40,real,-1,19
12041,5.89231,28,real,-1,7
12070,2.626347,29,real,-1,8
12093,5.193483,23,real,-1,2
12122,-1.028242,29,real,-1,8
12143,1.864763,21,real,-1,0
12181,5.435767,38,real,-1,17
12202,0.79505,21,real,-1,0
12238,4.079828,36,real,-1,15
12262,0.56884,24,real,-1,3
12295,-0.587767,33,real,-1,12
12331,-1.629696,36,real,-1,15
12370,-7.932087,39,real,-1,18
12399,0.477587,29,real,-1,8
12432,5.799413,33,real,-1,12
12455,0.322811,23,real,-1,2
12488,-10.979869,33,real,-1,12
12529,5.760782,41,real,-1,20
12568,4.387692,39,real,-1,18
12609,8.350335,41,real,-1,20
12650,0.633746,41,real,-1,20
12678,0.116733,28,real,-1,7
12720,1.201705,42,real,-1,21
12744,4.452491,24,real,-1,3
12785,-4.099519,41,real,-1,20
12817,4.992834,32,real,-1,11
12856,-5.563922,39,real,-1,18
12885,0.096082,29,real,-1,8
12916,-4.923065,31,real,-1,10
12957,3.685012,41,real,-1,20
12995,1.750936,38,real,-1,17
13029,5.188193,34,real,-1,13
13068,6.373953,39,real,-1,18
13100,6.322794,32,real,-1,11
13135,5.756549,35,real,-1,14
13165,-0.785574,30,real,-1,9
13192,4.765765,27,real,-1,6
13215,5.528073,23,real,-1,2
13243,3.19022,28,real,-1,7
13267,1.148627,24,real,-1,3
13290,0.83365,23,real,-1,2
13332,7.990605,42,real,-1,21
13358,4.181189,26,real,-1,5
13383,-7.612891,25,real,-1,4
13408,1.368852,25,real,-1,4
13440,3.563919,32,real,-1,11
13461,-1.726202,21,real,-1,0
13488,8.631332,27,real,-1,6
13527,-0.747808,39,real,-1,18
13554,1.36268,27,real,-1,6
13578,-2.44157,24,real,-1,3
13606,-0.250497,28,real,-1,7
13643,-0.740998,37,real,-1,16
13670,-0.023902,27,real,-1,6
13708,3.683087,38,real,-1,17
13746,1.010937,38,real,-1,17
13779,5.176255,33,real,-1,12
13813,-1.01289,34,real,-1,13
13844,7.724434,31,real,-1,10
13876,-3.908287,32,real,-1,11
13914,-2.563086,38,real,-1,17
13938,5.393674,24,real,-1,3
13967,3.120347,29,real,-1,8
13988,-2.094861,21,real,-1,0
14015,3.615492,27,real,-1,6
14037,-0.475081,22,real,-1,1
14077,-0.72961,40,real,-1,19
14115,4.014157,38,real,-1,17
14151,4.175039,36,real,-1,15
14179,4.530819,28,real,-1,7
14209,5.638793,30,real,-1,9
14247,-2.957126,38,real,-1,17
14272,-2.610895,25,real,-1,4
14298,1.559575,26,real,-1,5
14327,4.664218,29,real,-1,8
14360,3.55628,33,real,-1,12
14382,-2.26189,22,real,-1,1
14421,5.348792,39,real,-1,18
14454,0.2234,33,real,-1,12
14488,4.848187,34,real,-1,13
14529,7.86437,41,real,-1,20
14551,-0.382199,22,real,-1,1
14588,3.927474,37,real,-1,16
14613,1.290337,25,real,-1,4
14635,-2.756134,22,real,-1,1
14659,0.807938,24,real,-1,3
14693,2.852353,34,real,-1,13
14722,-7.183578,29,real,-1,8
14764,3.078723,42,real,-1,21
14788,9.032104,24,real,-1,3
14825,-3.395115,37,real,-1,16
14853,-1.22214,28,real,-1,7
14886,4.888046,33,real,-1,12
14908,2.593186,22,real,-1,1
14939,5.253725,31,real,-1,10
14976,8.828511,37,real,-1,16
15012,8.064179,36,real,-1,15
15050,4.717168,38,real,-1,17
15080,1.588117,30,real,-1,9
15104,-3.380514,24,real,-1,3
15140,0.72591,36,real,-1,15
15182,2.123113,42,real,-1,21
15217,-2.092361,35,real,-1,14
15255,1.917266,38,real,-1,17
15289,5.223357,34,real,-1,13
15329,-4.037586,40,real,-1,19
15363,0.997065,34,real,-1,13
15385,4.774074,22,real,-1,1
15412,0.587155,27,real,-1,6
15439,5.516253,27,real,-1,6
15470,-2.923483,31,real,-1,10
15502,3.473457,32,real,-1,11
15527,4.186585,25,real,-1,4
15569,-3.966504,42,real,-1,21
15603,-2.269753,34,real,-1,13
15643,7.591196,40,real,-1,19
15673,4.590355,30,real,-1,9
15706,5.586477,33,real,-1,12
15730,4.039681,24,real,-1,3
15755,0.475139,25,real,-1,4
15788,2.864424,33,real,-1,12
15813,3.09294,25,real,-1,4
15843,0.633261,30,real,-1,9
15866,-0.57394,23,real,-1,2
15899,-7.808648,33,real,-1,12
15928,0.906494,29,real,-1,8
15954,5.35547,26,real,-1,5
15995,3.502151,41,real,-1,20
16027,3.652763,32,real,-1,11
16058,1.687958,31,real,-1,10
16079,-0.864939,21,real,-1,0
16100,-0.9734,21,real,-1,0
16140,0.607072,40,real,-1,19
16165,4.906108,25,real,-1,4
16189,7.181078,24,real,-1,3
16219,0.425263,30,real,-1,9
16254,5.321078,35,real,-1,14
16279,7.391634,25,real,-1,4
16312,-0.139124,33,real,-1,12
16347,10.524375,35,real,-1,14
16388,1.811638,41,real,-1,20
16419,3.153235,31,real,-1,10
16443,5.370633,24,real,-1,3
16474,-10.532471,31,real,-1,10
16508,-2.037243,34,real,-1,13
16534,5.727369,26,real,-1,5
16562,-1.114059,28,real,-1,7
16587,0.404253,25,real,-1,4
16621,5.937286,34,real,-1,13
16656,2.181625,35,real,-1,14
16682,3.621839,26,real,-1,5
16723,8.283267,41,real,-1,20
16750,0.112846,27,real,-1,6
16783,1.562187,33,real,-1,12
16821,-0.840463,38,real,-1,17
16854,6.517663,33,real,-1,12
16876,0.00576,22,real,-1,1
16906,2.010506,30,real,-1,9
16927,6.68851,21,real,-1,0
16949,2.870342,22,real,-1,1
16971,0.7397,22,real,-1,1
16996,2.047464,25,real,-1,4
17024,3.212598,28,real,-1,7
17053,5.253311,29,real,-1,8
17082,4.849795,29,real,-1,8
17124,-0.995546,42,real,-1,21
17147,0.809311,23,real,-1,2
17172,-0.902933,25,real,-1,4
17208,4.86655,36,real,-1,15
17250,4.607538,42,real,-1,21
17292,3.750535,42,real,-1,21
17325,-0.557188,33,real,-1,12
17352,7.088125,27,real,-1,6
17389,10.156819,37,real,-1,16
17413,0.280418,24,real,-1,3
17445,-1.447751,32,real,-1,11
17472,1.195034,27,real,-1,6
17493,-0.836956,21,real,-1,0
17526,-3.710162,33,real,-1,12
17559,3.067489,33,real,-1,12
17597,4.631711,38,real,-1,17
17631,6.992645,34,real,-1,13
17668,-2.641754,37,real,-1,16
17710,0.265531,42,real,-1,21
17751,-2.926936,41,real,-1,20
17793,5.239502,42,real,-1,21
17833,3.982777,40,real,-1,19
17866,-3.500368,33,real,-1,12
17889,1.802047,23,real,-1,2
17915,-0.010493,26,real,-1,5
17946,4.019891,31,real,-1,10
17976,-0.439256,30,real,-1,9
17998,-1.034542,22,real,-1,1
18024,1.802044,26,real,-1,5
18054,6.143099,30,real,-1,9
18092,-1.101692,38,real,-1,17
18122,-0.636439,30,real,-1,9
18164,-0.831665,42,real,-1,21
18193,3.275552,29,real,-1,8
18221,-7.383382,28,real,-1,7
18256,0.986827,35,real,-1,14
18294,3.919549,38,real,-1,17
18320,3.476705,26,real,-1,5
18350,-3.617124,30,real,-1,9
18391,1.584176,41,real,-1,20
18419,1.46672,28,real,-1,7
18454,3.658581,35,real,-1,14
18493,3.468398,39,real,-1,18
18524,2.989598,31,real,-1,10
18561,-2.764409,37,real,-1,16
18599,2.66737,38,real,-1,17
18638,2.851461,39,real,-1,18
18672,5.811247,34,real,-1,13
18695,6.325016,23,real,-1,2
18722,-7.081177,27,real,-1,6
18764,-0.003218,42,real,-1,21
18794,6.014035,30,real,-1,9
18820,-0.922371,26,real,-1,5
18844,4.059369,24,real,-1,3
18876,-0.582439,32,real,-1,11
18910,-2.5566,34,real,-1,13
18939,8.339094,29,real,-1,8
18981,-2.579905,42,real,-1,21
19004,4.946218,23,real,-1,2
19040,0.239812,36,real,-1,15
19064,-1.801908,24,real,-1,3
19093,-5.01828,29,real,-1,8
19135,-0.684118,42,real,-1,21
19174,-4.752936,39,real,-1,18
19204,11.27801,30,real,-1,9
19244,1.354035,40,real,-1,19
19279,6.7702,35,real,-1,14
19320,-6.264194,41,real,-1,20
19343,6.141968,23,real,-1,2
19376,-0.365677,33,real,-1,12
19416,4.958061,40,real,-1,19
19457,-1.769868,41,real,-1,20
19490,11.85939,33,real,-1,12
19527,0.877038,37,real,-1,16
19549,-6.207592,22,real,-1,1
19575,-1.327929,26,real,-1,5
19608,2.08026,33,real,-1,12
19639,3.755373,31,real,-1,10
19666,1.552647,27,real,-1,6
19695,-1.598064,29,real,-1,8
19736,-0.693053,41,real,-1,20
19761,-0.087969,25,real,-1,4
19787,1.655896,26,real,-1,5
19828,-0.005907,41,real,-1,20
19869,-8.380701,41,real,-1,20
19891,-1.756924,22,real,-1,1
19925,1.198585,34,real,-1,13
19951,-3.17365,26,real,-1,5
19987,1.435401,36,real,-1,15
20027,12.550973,40,real,-1,19
20050,0.322782,23,real,-1,2
20075,1.926444,25,real,-1,4
20117,2.028667,42,real,-1,21
20144,5.666915,27,real,-1,6
20175,-2.037779,31,real,-1,10
20212,-1.612555,37,real,-1,16
20246,7.018755,34,real,-1,13
20275,-0.552145,29,real,-1,8
20314,5.822109,39,real,-1,18
20340,2.248922,26,real,-1,5
20379,5.044032,39,real,-1,18
20409,-1.106008,30,real,-1,9
20438,4.71122,29,real,-1,8
20479,2.025982,41,real,-1,20
20515,5.08587,36,real,-1,15
20557,2.142339,42,real,-1,21
20590,-3.52188,33,real,-1,12
20630,9.967386,40,real,-1,19
20662,-5.021419,32,real,-1,11
20690,-1.428321,28,real,-1,7
20732,5.982965,42,real,-1,21
20774,5.458671,42,real,-1,21
20804,-4.072828,30,real,-1,9
20826,1.13396,22,real,-1,1
20859,5.402153,33,real,-1,12
20888,3.477036,29,real,-1,8
20930,3.971017,42,real,-1,21
20958,0.172334,28,real,-1,7
20986,-0.248494,28,real,-1,7
21018,3.697569,32,real,-1,11
21048,-0.816546,30,real,-1,9
21078,5.651723,30,real,-1,9
21099,4.811627,21,real,-1,0
21135,5.006316,36,real,-1,15
21177,2.519616,42,real,-1,21
21205,0.156097,28,real,-1,7
21230,2.435101,25,real,-1,4
21268,2.467367,38,real,-1,17
21309,2.43658,41,real,-1,20
21341,7.396015,32,real,-1,11
21371,1.816782,30,real,-1,9
21398,-2.667129,27,real,-1,6
21437,1.438096,39,real,-1,18
21466,3.947686,29,real,-1,8
21503,-3.37274,37,real,-1,16
21545,-3.463917,42,real,-1,21
21578,6.113682,33,real,-1,12
21599,0.089545,21,real,-1,0
21630,-0.447702,31,real,-1,10
21662,0.447986,32,real,-1,11
21698,5.961831,36,real,-1,15
21720,-0.15548,22,real,-1,1
21749,-1.192139,29,real,-1,8
21788,8.279758,39,real,-1,18
21813,1.029195,25,real,-1,4
21855,3.85149,42,real,-1,21
21894,4.470911,39,real,-1,18
21921,4.359733,27,real,-1,6
21952,-2.625804,31,real,-1,10
21991,2.889141,39,real,-1,18
22021,-2.767992,30,real,-1,9
22047,3.622546,26,real,-1,5
22076,-1.565246,29,real,-1,8
22103,8.158163,27,real,-1,6
22132,3.869926,29,real,-1,8
22172,-1.728593,40,real,-1,19
22195,-6.506847,23,real,-1,2
22235,8.161664,40,real,-1,19
22276,6.010339,41,real,-1,20
22301,1.077798,25,real,-1,4
22325,8.387342,24,real,-1,3
22361,-0.9451,36,real,-1,15
22388,5.685723,27,real,-1,6
22428,5.700301,40,real,-1,19
22463,6.203052,35,real,-1,14
22499,-1.24116,36,real,-1,15
22521,3.150507,22,real,-1,1
22560,1.062297,39,real,-1,18
22599,1.193617,39,real,-1,18
22625,0.444398,26,real,-1,5
22666,8.779413,41,real,-1,20
22696,0.496844,30,real,-1,9
22723,-0.536704,27,real,-1,6
22760,1.26428,37,real,-1,16
22796,-3.949945,36,real,-1,15
22819,-1.954547,23,real,-1,2
22861,-4.375622,42,real,-1,21
22902,-5.149918,41,real,-1,20
22934,7.291756,32,real,-1,11
22970,-2.144822,36,real,-1,15
23008,4.62351,38,real,-1,17
23043,-1.690867,35,real,-1,14
23085,8.457466,42,real,-1,21
23124,1.618279,39,real,-1,18
23163,7.612248,39,real,-1,18
23185,-4.745954,22,real,-1,1
23209,4.967647,24,real,-1,3
23245,2.494752,36,real,-1,15
23267,1.122201,22,real,-1,1
23289,6.480219,22,real,-1,1
23321,1.939896,32,real,-1,11
23350,8.873784,29,real,-1,8
23387,-1.410732,37,real,-1,16
23424,2.946617,37,real,-1,16
23453,-4.056195,29,real,-1,8
23491,-4.253946,38,real,-1,17
23522,2.336298,31,real,-1,10
23561,-0.635956,39,real,-1,18
23593,9.736166,32,real,-1,11
23624,2.264082,31,real,-1,10
23659,7.286212,35,real,-1,14
23693,6.967017,34,real,-1,13
23722,-0.375874,29,real,-1,8
23751,-2.365666,29,real,-1,8
23785,0.884706,34,real,-1,13
23822,9.340327,37,real,-1,16
23848,3.52727,26,real,-1,5
23875,3.707159,27,real,-1,6
23917,-1.927544,42,real,-1,21
23955,0.655198,38,real,-1,17
23987,-7.216506,32,real,-1,11
24027,2.99719,40,real,-1,19
24052,-2.504257,25,real,-1,4
24082,0.48398,30,real,-1,9
24106,-0.893449,24,real,-1,3
24148,-2.619012,42,real,-1,21
24188,0.117358,40,real,-1,19
24213,1.592897,25,real,-1,4
24246,-1.047234,33,real,-1,12
24277,4.999476,31,real,-1,10
24303,4.580216,26,real,-1,5
24326,1.843066,23,real,-1,2
24360,-0.401187,34,real,-1,13
24386,4.507929,26,real,-1,5
24422,6.203486,36,real,-1,15
24458,3.385746,36,real,-1,15
24490,7.676446,32,real,-1,11
24514,-0.543082,24,real,-1,3
24550,-1.597851,36,real,-1,15
24575,3.060936,25,real,-1,4
24598,-0.583053,23,real,-1,2
24639,4.488743,41,real,-1,20
24680,-4.430138,41,real,-1,20
24703,0.226233,23,real,-1,2
24731,7.130337,28,real,-1,7
24761,0.370012,30,real,-1,9
24796,-8.485715,35,real,-1,14
24826,-1.900783,30,real,-1,9
24865,9.733786,39,real,-1,18
24890,-5.898937,25,real,-1,4
24930,6.432157,40,real,-1,19
24953,1.027716,23,real,-1,2
24991,2.095858,38,real,-1,17
25025,0.205408,34,real,-1,13
25046,0.56784,21,real,-1,0
25076,2.783853,30,real,-1,9
25108,2.223707,32,real,-1,11
25132,2.758524,24,real,-1,3
25166,4.490758,34,real,-1,13
25200,6.949297,34,real,-1,13
25224,2.939357,24,real,-1,3
25256,5.205101,32,real,-1,11
25291,-3.007184,35,real,-1,14
25331,7.132446,40,real,-1,19
25357,3.367893,26,real,-1,5
25399,-4.121296,42,real,-1,21
25431,0.984152,32,real,-1,11
25456,8.619299,25,real,-1,4
25494,-0.486939,38,real,-1,17
25525,-1.04209,31,real,-1,10
25549,-0.907974,24,real,-1,3
25581,3.294116,32,real,-1,11
25607,-4.147411,26,real,-1,5
25633,4.965093,26,real,-1,5
25663,2.593659,30,real,-1,9
25684,-1.206306,21,real,-1,0
25713,0.686788,29,real,-1,8
25751,9.261441,38,real,-1,17
25772,-7.298556,21,real,-1,0
25811,5.242762,39,real,-1,18
25851,-2.180378,40,real,-1,19
25889,4.105077,38,real,-1,17
25911,2.517895,22,real,-1,1
25935,-0.965746,24,real,-1,3
25961,2.131656,26,real,-1,5
25989,3.540112,28,real,-1,7
26011,4.388522,22,real,-1,1
26035,6.366813,24,real,-1,3
26059,1.856875,24,real,-1,3
26099,-1.57274,40,real,-1,19
26131,-4.631709,32,real,-1,11
26164,5.295972,33,real,-1,12
26195,-2.354924,31,real,-1,10
26219,-2.513582,24,real,-1,3
26250,3.938829,31,real,-1,10
26280,4.642192,30,real,-1,9
26311,5.945316,31,real,-1,10
26338,2.630133,27,real,-1,6
26363,-2.411126,25,real,-1,4
26384,-2.140161,21,real,-1,0
26412,9.780527,28,real,-1,7
26441,-6.206463,29,real,-1,8
26470,4.695001,29,real,-1,8
26491,-1.65861,21,real,-1,0
26532,12.730562,41,real,-1,20
26567,-1.110723,35,real,-1,14
26592,2.573214,25,real,-1,4
26629,3.408463,37,real,-1,16
26659,4.186091,30,real,-1,9
26694,1.75553,35,real,-1,14
26728,4.415166,34,real,-1,13
26750,-0.749356,22,real,-1,1
26784,-6.969475,34,real,-1,13
26812,1.829137,28,real,-1,7
26849,-1.985338,37,real,-1,16
26883,2.429964,34,real,-1,13
26915,-0.349849,32,real,-1,11
26942,9.715739,27,real,-1,6
26980,-1.596903,38,real,-1,17
27007,-1.264539,27,real,-1,6
27043,-1.816673,36,real,-1,15
27069,4.208908,26,real,-1,5
27103,4.224995,34,real,-1,13
27143,1.88099,40,real,-1,19
27171,5.123261,28,real,-1,7
27200,2.73402,29,real,-1,8
27229,3.702589,29,real,-1,8
27267,2.478037,38,real,-1,17
27298,4.195238,31,real,-1,10
27330,5.36913,32,real,-1,11
27365,3.044719,35,real,-1,14
27397,7.5274,32,real,-1,11
27420,6.976336,23,real,-1,2
27460,5.252607,40,real,-1,19
27493,2.588931,33,real,-1,12
27521,-1.234823,28,real,-1,7
27549,0.361665,28,real,-1,7
27587,7.740413,38,real,-1,17
27622,0.153049,35,real,-1,14
27659,5.151691,37,real,-1,16
27680,-1.299025,21,real,-1,0
27719,6.937373,39,real,-1,18
27747,-0.893522,28,real,-1,7
27787,4.513474,40,real,-1,19
27810,1.589035,23,real,-1,2
27845,3.044502,35,real,-1,14
27887,-4.081623,42,real,-1,21
27922,1.565491,35,real,-1,14
27959,-3.366235,37,real,-1,16
28001,3.85995,42,real,-1,21
28027,-2.018572,26,real,-1,5
28067,-1.715065,40,real,-1,19
28109,8.316853,42,real,-1,21
28148,2.062629,39,real,-1,18
28188,-4.590187,40,real,-1,19
28218,-0.358415,30,real,-1,9
28252,4.914433,34,real,-1,13
28273,5.373768,21,real,-1,0
28307,-0.436408,34,real,-1,13
28347,6.927825,40,real,-1,19
28368,-0.670232,21,real,-1,0
28399,-1.993411,31,real,-1,10
28432,-0.753215,33,real,-1,12
28454,-2.849499,22,real,-1,1
28490,11.271798,36,real,-1,15
28516,2.06851,26,real,-1,5
28555,6.35431,39,real,-1,18
28585,-0.64859,30,real,-1,9
28615,-1.921673,30,real,-1,9
28646,13.003003,31,real,-1,10
28680,6.052504,34,real,-1,13
28709,5.394933,29,real,-1,8
28737,-3.143697,28,real,-1,7
28767,4.36338,30,real,-1,9
28807,5.31631,40,real,-1,19
28848,-1.1116,41,real,-1,20
28872,0.441299,24,real,-1,3
28908,-1.79768,36,real,-1,15
28950,1.268069,42,real,-1,21
28983,3.272728,33,real,-1,12
29015,2.273495,32,real,-1,11
29049,1.515845,34,real,-1,13
29075,1.64715,26,real,-1,5
29116,8.282258,41,real,-1,20
29153,-0.477364,37,real,-1,16
29176,1.143724,23,real,-1,2
29197,4.65573,21,real,-1,0
29230,-0.372117,33,real,-1,12
29261,3.953487,31,real,-1,10
29300,3.742352,39,real,-1,18
29337,10.856515,37,real,-1,16
29373,3.730545,36,real,-1,15
29415,-2.935236,42,real,-1,21
29450,4.893316,35,real,-1,14
29477,7.886306,27,real,-1,6
29501,-4.930994,24,real,-1,3
29528,-5.608646,27,real,-1,6
29570,6.178544,42,real,-1,21
29610,6.691725,40,real,-1,19
29650,4.998746,40,real,-1,19
29688,-3.864781,38,real,-1,17
29728,-0.031007,40,real,-1,19
29756,-0.343395,28,real,-1,7
29795,-1.381041,39,real,-1,18
29819,2.159219,24,real,-1,3
29846,1.577999,27,real,-1,6
29878,7.674665,32,real,-1,11
29918,4.277842,40,real,-1,19
29953,-2.132755,35,real,-1,14
29994,-1.554765,41,real,-1,20
30035,1.314632,41,real,-1,20
30069,4.060126,34,real,-1,13
30091,1.95519,22,real,-1,1
30123,4.744839,32,real,-1,11
30149,-0.095361,26,real,-1,5
30170,6.866915,21,real,-1,0
30206,-3.337594,36,real,-1,15
30246,-0.556167,40,real,-1,19
30271,8.433797,25,real,-1,4
30313,5.914931,42,real,-1,21
30334,-1.141951,21,real,-1,0
30376,5.951795,42,real,-1,21
30415,6.604659,39,real,-1,18
30437,2.536818,22,real,-1,1
30465,1.85259,28,real,-1,7
30491,-4.316104,26,real,-1,5
30520,1.122593,29,real,-1,8
30561,9.19217,41,real,-1,20
30603,6.410951,42,real,-1,21
30624,-2.33496,21,real,-1,0
30651,0.034715,27,real,-1,6
30692,-7.103425,41,real,-1,20
30715,-0.218626,23,real,-1,2
30749,-0.493391,34,real,-1,13
30777,0.345063,28,real,-1,7
30811,5.710083,34,real,-1,13
30850,4.635356,39,real,-1,18
30886,1.90429,36,real,-1,15
30918,9.084605,32,real,-1,11
30945,5.214527,27,real,-1,6
30983,1.065766,38,real,-1,17
31009,6.288681,26,real,-1,5
31035,-2.220277,26,real,-1,5
31057,0.043965,22,real,-1,1
31087,-0.143392,30,real,-1,9
31120,0.320092,33,real,-1,12
31144,-0.168841,24,real,-1,3
31174,-2.519932,30,real,-1,9
31211,-1.274391,37,real,-1,16
31236,0.977267,25,real,-1,4
31258,-5.483649,22,real,-1,1
31290,-3.059369,32,real,-1,11
31327,7.973746,37,real,-1,16
31348,-1.451197,21,real,-1,0
31385,-0.465248,37,real,-1,16
31418,-1.294034,33,real,-1,12
31443,1.105967,25,real,-1,4
31467,3.369427,24,real,-1,3
31502,-4.57806,35,real,-1,14
31526,1.148821,24,real,-1,3
31559,-4.275149,33,real,-1,12
31596,2.696334,37,real,-1,16
31619,3.832762,23,real,-1,2
31641,6.355651,22,real,-1,1
31667,4.186502,26,real,-1,5
31704,-6.191417,37,real,-1,16
31736,1.657318,32,real,-1,11
31774,-0.579995,38,real,-1,17
31802,-0.470893,28,real,-1,7
31835,2.987892,33,real,-1,12
31876,-1.464262,41,real,-1,20
31913,5.727491,37,real,-1,16
31947,-5.395676,34,real,-1,13
31978,2.536469,31,real,-1,10
32004,-2.305582,26,real,-1,5
32039,7.733609,35,real,-1,14
32066,2.740006,27,real,-1,6
32091,3.302336,25,real,-1,4
32117,5.775142,26,real,-1,5
32154,4.568703,37,real,-1,16
32177,0.273994,23,real,-1,2
32219,0.857735,42,real,-1,21
32257,0.585452,38,real,-1,17
32288,4.33677,31,real,-1,10
32319,-3.644743,31,real,-1,10
32360,8.469225,41,real,-1,20
32381,1.748662,21,real,-1,0
32404,2.712524,23,real,-1,2
32443,-1.756374,39,real,-1,18
32482,0.177175,39,real,-1,18
32512,4.519161,30,real,-1,9
32551,5.739329,39,real,-1,18
32591,-4.290634,40,real,-1,19
32619,-0.443024,28,real,-1,7
32640,2.803751,21,real,-1,0
32661,-0.394098,21,real,-1,0
32686,-3.015442,25,real,-1,4
32718,5.028211,32,real,-1,11
32750,0.29479,32,real,-1,11
32779,4.758733,29,real,-1,8
32813,2.504308,34,real,-1,13
32839,2.192115,26,real,-1,5
32871,1.905208,32,real,-1,11
32901,-0.379719,30,real,-1,9
32924,1.351108,23,real,-1,2
32960,1.958872,36,real,-1,15
32984,3.743367,24,real,-1,3
33024,4.120559,40,real,-1,19
33058,-6.162807,34,real,-1,13
33091,2.201853,33,real,-1,12
33129,3.684908,38,real,-1,17
33164,3.042965,35,real,-1,14
33189,3.053968,25,real,-1,4
33230,-5.075214,41,real,-1,20
33254,4.807522,24,real,-1,3
33286,1.575851,32,real,-1,11
33322,-0.537844,36,real,-1,15
33348,4.554321,26,real,-1,5
33383,4.095631,35,real,-1,14
33425,2.807837,42,real,-1,21
33462,-3.527593,37,real,-1,16
33496,-3.473089,34,real,-1,13
33519,2.549657,23,real,-1,2
33553,-1.601205,34,real,-1,13
33583,13.460027,30,real,-1,9
33614,-4.138575,31,real,-1,10
33641,7.101857,27,real,-1,6
33671,4.108318,30,real,-1,9
33699,4.142946,28,real,-1,7
33739,-1.365352,40,real,-1,19
33760,1.194811,21,real,-1,0
33786,0.126497,26,real,-1,5
33811,4.656602,25,real,-1,4
33841,-0.288879,30,real,-1,9
33883,2.673396,42,real,-1,21
33916,-4.691394,33,real,-1,12
33938,-1.777919,22,real,-1,1
33980,4.361696,42,real,-1,21
34005,5.34369,25,real,-1,4
34037,4.621753,32,real,-1,11
34078,-1.633864,41,real,-1,20
34108,-6.699607,30,real,-1,9
34148,-3.462986,40,real,-1,19
34181,0.846268,33,real,-1,12
34219,-2.704312,38,real,-1,17
34245,7.086624,26,real,-1,5
34271,-3.564671,26,real,-1,5
34292,3.066206,21,real,-1,0
34320,-0.433199,28,real,-1,7
34356,6.585391,36,real,-1,15
34381,-5.876384,25,real,-1,4
34404,-0.214233,23,real,-1,2
34434,0.055389,30,real,-1,9
34474,4.533756,40,real,-1,19
34501,3.850944,27,real,-1,6
34542,6.199083,41,real,-1,20
34581,-3.08349,39,real,-1,18
34610,0.457879,29,real,-1,8
34632,7.649992,22,real,-1,1
34662,-2.473542,30,real,-1,9
34686,-1.01297,24,real,-1,3
34724,5.626517,38,real,-1,17
34758,1.723828,34,real,-1,13
34788,-0.179233,30,real,-1,9
34814,1.241151,26,real,-1,5
34852,-1.24664,38,real,-1,17
34890,3.946584,38,real,-1,17
34930,5.782959,40,real,-1,19
34972,-0.811986,42,real,-1,21
35000,3.746772,28,real,-1,7
35033,7.920131,33,real,-1,12
35073,13.089399,40,real,-1,19
35105,2.341058,32,real,-1,11
35147,-3.296327,42,real,-1,21
35171,5.030233,24,real,-1,3
35194,0.907396,23,real,-1,2
35226,6.445696,32,real,-1,11
35252,2.984516,26,real,-1,5
35283,-3.819321,31,real,-1,10
35314,1.85894,31,real,-1,10
35338,0.996412,24,real,-1,3
35359,-10.389222,21,real,-1,0
35394,-2.242653,35,real,-1,14
35429,1.162818,35,real,-1,14
35455,-0.811187,26,real,-1,5
35494,6.517422,39,real,-1,18
35534,3.112617,40,real,-1,19
35570,5.002788,36,real,-1,15
35591,-2.762833,21,real,-1,0
35622,1.030523,31,real,-1,10
35650,-1.034013,28,real,-1,7
35692,9.091754,42,real,-1,21
35731,7.258803,39,real,-1,18
35763,-5.637618,32,real,-1,11
35804,7.082776,41,real,-1,20
35836,4.113194,32,real,-1,11
35869,-0.745949,33,real,-1,12
35911,9.067696,42,real,-1,21
35939,0.076993,28,real,-1,7
35981,-0.270841,42,real,-1,21
36015,-8.216817,34,real,-1,13
36036,0.85725,21,real,-1,0
36059,0.417678,23,real,-1,2
36101,6.14213,42,real,-1,21
36129,0.38188,28,real,-1,7
36162,-0.07996,33,real,-1,12
36197,7.010445,35,real,-1,14
36225,-1.231916,28,real,-1,7
36267,1.970295,42,real,-1,21
36294,8.520813,27,real,-1,6
36315,-3.603038,21,real,-1,0
36351,7.875759,36,real,-1,15
36377,4.405654,26,real,-1,5
36403,-4.041172,26,real,-1,5
36440,-2.262647,37,real,-1,16
36465,1.897174,25,real,-1,4
36506,-1.339037,41,real,-1,20
36547,4.51697,41,real,-1,20
36579,3.420667,32,real,-1,11
36611,5.77878,32,real,-1,11
36632,-7.210633,21,real,-1,0
36671,-1.054086,39,real,-1,18
36712,7.65136,41,real,-1,20
36738,-1.485613,26,real,-1,5
36766,1.628026,28,real,-1,7
36807,0.757008,41,real,-1,20
36848,-1.973713,41,real,-1,20
36876,1.138366,28,real,-1,7
36911,4.561701,35,real,-1,14
36933,-1.269191,22,real,-1,1
36965,-4.039871,32,real,-1,11
37006,1.690414,41,real,-1,20
37047,1.493738,41,real,-1,20
37081,-0.391617,34,real,-1,13
37116,5.23465,35,real,-1,14
37139,-0.103282,23,real,-1,2
37162,-4.495933,23,real,-1,2
37194,0.066364,32,real,-1,11
37225,1.669559,31,real,-1,10
37263,2.782943,38,real,-1,17
37300,-0.342063,37,real,-1,16
37326,2.547685,26,real,-1,5
37366,1.56764,40,real,-1,19
37390,1.525966,24,real,-1,3
37412,3.351555,22,real,-1,1
37453,-7.702392,41,real,-1,20
37476,-1.394038,23,real,-1,2
37516,-6.976045,40,real,-1,19
37554,1.744906,38,real,-1,17
37592,-4.494819,38,real,-1,17
37632,-0.209306,40,real,-1,19
37659,6.458967,27,real,-1,6
37693,-4.764293,34,real,-1,13
37733,-2.546539,40,real,-1,19
37754,-1.998193,21,real,-1,0
37792,9.904486,38,real,-1,17
37834,5.142607,42,real,-1,21
37875,9.177374,41,real,-1,20
37898,-1.302202,23,real,-1,2
37921,6.763753,23,real,-1,2
37948,7.871188,27,real,-1,6
37982,-1.586334,34,real,-1,13
38020,-7.854656,38,real,-1,17
38057,1.654536,37,real,-1,16
38091,5.972116,34,real,-1,13
38122,5.102689,31,real,-1,10
38148,3.821235,26,real,-1,5
38170,-4.231891,22,real,-1,1
38206,4.059688,36,real,-1,15
38241,3.138802,35,real,-1,14
38275,5.02791,34,real,-1,13
38310,-6.94567,35,real,-1,14
38344,-0.669163,34,real,-1,13
38385,8.950011,41,real,-1,20
38419,8.398919,34,real,-1,13
38443,3.535646,24,real,-1,3
38475,3.57494,32,real,-1,11
38510,5.769274,35,real,-1,14
38542,3.101612,32,real,-1,11
38575,0.42684,33,real,-1,12
38610,1.229545,35,real,-1,14
38650,-7.066466,40,real,-1,19
38683,2.139303,33,real,-1,12
38717,0.417746,34,real,-1,13
38744,7.376891,27,real,-1,6
38782,5.232787,38,real,-1,17
38813,5.255905,31,real,-1,10
38840,-4.190411,27,real,-1,6
38869,-5.941401,29,real,-1,8
38897,-5.321697,28,real,-1,7
38927,-6.100739,30,real,-1,9
38969,2.89946,42,real,-1,21
39003,0.213181,34,real,-1,13
39032,-0.890951,29,real,-1,8
39063,-0.969376,31,real,-1,10
39097,3.721259,34,real,-1,13
39122,6.466826,25,real,-1,4
39153,2.080243,31,real,-1,10
39174,2.990143,21,real,-1,0
39198,2.693467,24,real,-1,3
39236,-2.974302,38,real,-1,17
39272,0.417624,36,real,-1,15
39299,4.820985,27,real,-1,6
39325,-4.392155,26,real,-1,5
39361,-0.321915,36,real,-1,15
39403,0.424618,42,real,-1,21
39432,2.507597,29,real,-1,8
39466,5.382235,34,real,-1,13
39504,1.926552,38,real,-1,17
39525,-3.391327,21,real,-1,0
39563,3.658445,38,real,-1,17
39590,0.855272,27,real,-1,6
39614,4.132451,24,real,-1,3
39652,6.515064,38,real,-1,17
39694,5.900478,42,real,-1,21
39727,-1.572432,33,real,-1,12
39761,4.844208,34,real,-1,13
39788,2.057338,27,real,-1,6
39830,-1.15082,42,real,-1,21
39871,-3.665822,41,real,-1,20
39893,-6.949747,22,real,-1,1
39928,1.289086,35,real,-1,14
39956,1.217495,28,real,-1,7
39978,-0.134711,22,real,-1,1
40009,2.421441,31,real,-1,10
40048,6.149912,39,real,-1,18
40084,3.181633,36,real,-1,15
40124,3.190238,40,real,-1,19
40149,-1.743019,25,real,-1,4
40170,-5.40149,21,real,-1,0
40212,1.834598,42,real,-1,21
40249,7.793925,37,real,-1,16
40273,2.974832,24,real,-1,3
40301,5.637046,28,real,-1,7
40343,6.943445,42,real,-1,21
40384,-6.622645,41,real,-1,20
40417,-2.047975,33,real,-1,12
40456,-3.503525,39,real,-1,18
40478,-3.226341,22,real,-1,1
40504,-0.48367,26,real,-1,5
40532,5.558149,28,real,-1,7
40567,-0.443842,35,real,-1,14
40607,6.677344,40,real,-1,19
40630,3.94031,23,real,-1,2
40661,4.544686,31,real,-1,10
40702,-2.364805,41,real,-1,20
40737,-1.046506,35,real,-1,14
40774,4.244353,37,real,-1,16
40816,1.730543,42,real,-1,21
40852,-5.119508,36,real,-1,15
40873,-2.750197,21,real,-1,0
40912,2.196043,39,real,-1,18
40949,6.666709,37,real,-1,16
40973,4.721371,24,real,-1,3
41005,5.900442,32,real,-1,11
41046,3.570989,41,real,-1,20
41068,-3.440971,22,real,-1,1
41095,6.477538,27,real,-1,6
41133,5.610228,38,real,-1,17
41164,3.672619,31,real,-1,10
41201,3.508391,37,real,-1,16
41239,3.573313,38,real,-1,17
41267,3.743035,28,real,-1,7
41289,-1.016602,22,real,-1,1
41314,-0.014384,25,real,-1,4
41344,6.934572,30,real,-1,9
41370,2.675599,26,real,-1,5
41412,1.674039,42,real,-1,21
41440,4.514763,28,real,-1,7
41471,2.18952,31,real,-1,10
41512,6.207449,41,real,-1,20
41545,2.092105,33,real,-1,12
41578,4.690398,33,real,-1,12
41606,2.075295,28,real,-1,7
41648,1.039324,42,real,-1,21
41688,4.532048,40,real,-1,19
41729,6.390768,41,real,-1,20
41760,-6.07981,31,real,-1,10
41782,1.2028,22,real,-1,1
41814,1.413158,32,real,-1,11
41840,1.907512,26,real,-1,5
41873,5.010145,33,real,-1,12
41907,2.591986,34,real,-1,13
41941,12.125641,34,real,-1,13
41969,5.167644,28,real,-1,7
42007,2.154438,38,real,-1,17
42029,2.629789,22,real,-1,1
42065,2.771886,36,real,-1,15
42107,4.125251,42,real,-1,21
42145,-0.622218,38,real,-1,17
42171,3.522025,26,real,-1,5
42210,9.822885,39,real,-1,18
42245,-0.596911,35,real,-1,14
42271,-1.914653,26,real,-1,5
42297,6.414205,26,real,-1,5
42331,8.38584,34,real,-1,13
42368,-0.871822,37,real,-1,16
42393,4.059657,25,real,-1,4
42428,4.769277,35,real,-1,14
42449,3.322602,21,real,-1,0
42486,1.07845,37,real,-1,16
42508,-1.260425,22,real,-1,1
42542,6.668596,34,real,-1,13
42583,6.056641,41,real,-1,20
42611,1.684901,28,real,-1,7
42632,5.035269,21,real,-1,0
42662,-6.187761,30,real,-1,9
42700,6.107576,38,real,-1,17
42733,-0.560455,33,real,-1,12
42755,-10.035988,22,real,-1,1
42791,3.660374,36,real,-1,15
42832,8.088064,41,real,-1,20
42855,-1.543462,23,real,-1,2
42897,5.17456,42,real,-1,21
42923,4.389842,26,real,-1,5
42946,4.775679,23,real,-1,2
42985,0.275865,39,real,-1,18
43013,-3.229991,28,real,-1,7
43049,-0.429091,36,real,-1,15
43074,1.131438,25,real,-1,4
43112,-0.475965,38,real,-1,17
43135,4.686143,23,real,-1,2
43159,0.523306,24,real,-1,3
43194,-2.9462,35,real,-1,14
43224,2.141188,30,real,-1,9
43250,0.696407,26,real,-1,5
43283,2.94481,33,real,-1,12
43322,-3.074564,39,real,-1,18
43362,0.322784,40,real,-1,19
43395,4.566642,33,real,-1,12
43429,5.099722,34,real,-1,13
43459,3.524851,30,real,-1,9
43494,4.090795,35,real,-1,14
43528,4.752597,34,real,-1,13
43552,-6.718969,24,real,-1,3
43591,0.880179,39,real,-1,18
43621,1.195308,30,real,-1,9
43648,2.608128,27,real,-1,6
43673,5.92409,25,real,-1,4
43695,-5.226364,22,real,-1,1
43726,-1.158271,31,real,-1,10
43761,2.30124,35,real,-1,14
43797,6.845017,36,real,-1,15
43818,3.529271,21,real,-1,0
43856,-1.176434,38,real,-1,17
43878,0.178783,22,real,-1,1
43899,2.301495,21,real,-1,0
43930,9.620611,31,real,-1,10
43954,0.72076,24,real,-1,3
43976,-1.57632,22,real,-1,1
44007,4.448075,31,real,-1,10
44030,-2.228975,23,real,-1,2
44063,3.404797,33,real,-1,12
44084,0.494289,21,real,-1,0
44121,-4.139461,37,real,-1,16
44156,1.435739,35,real,-1,14
44180,4.996966,24,real,-1,3
44215,-0.381775,35,real,-1,14
44257,-1.058075,42,real,-1,21
44278,4.942425,21,real,-1,0
44318,5.001238,40,real,-1,19
44354,4.147683,36,real,-1,15
44396,-0.961972,42,real,-1,21
44438,3.165206,42,real,-1,21
44475,6.533147,37,real,-1,16
44507,2.57802,32,real,-1,11
44545,-5.860403,38,real,-1,17
44578,0.602911,33,real,-1,12
44605,0.631876,27,real,-1,6
44644,4.813622,39,real,-1,18
44669,0.198862,25,real,-1,4
44695,3.630874,26,real,-1,5
44732,5.820271,37,real,-1,16
44769,-2.382826,37,real,-1,16
44797,3.119324,28,real,-1,7
44818,2.856158,21,real,-1,0
44857,4.829604,39,real,-1,18
44880,5.162883,23,real,-1,2
44903,4.16555,23,real,-1,2
44927,2.031443,24,real,-1,3
44954,0.922339,27,real,-1,6
44986,2.046407,32,real,-1,11
45007,4.364822,21,real,-1,0
45043,4.03193,36,real,-1,15
45071,1.836901,28,real,-1,7
45101,2.753794,30,real,-1,9
45138,3.77729,37,real,-1,16
45177,4.162702,39,real,-1,18
45212,1.889683,35,real,-1,14
45251,0.108765,39,real,-1,18
45279,-0.348782,28,real,-1,7
45302,5.548083,23,real,-1,2
45340,-1.239793,38,real,-1,17
45368,0.287356,28,real,-1,7
45393,-0.828114,25,real,-1,4
45429,-1.031166,36,real,-1,15
45466,-0.324937,37,real,-1,16
45495,-1.993165,29,real,-1,8
45536,0.158229,41,real,-1,20
45568,0.899073,32,real,-1,11
45593,2.970804,25,real,-1,4
45625,2.637545,32,real,-1,11
45664,12.098981,39,real,-1,18
45703,-1.731527,39,real,-1,18
45729,9.511332,26,real,-1,5
45768,1.010149,39,real,-1,18
45789,-2.704607,21,real,-1,0
45810,7.445571,21,real,-1,0
45852,6.479095,42,real,-1,21
45891,6.1885,39,real,-1,18
45921,7.696553,30,real,-1,9
45956,-3.833004,35,real,-1,14
45998,-1.307592,42,real,-1,21
46030,-1.335097,32,real,-1,11
46071,2.749256,41,real,-1,20
46109,-1.138991,38,real,-1,17
46148,3.474503,39,real,-1,18
46176,-0.978901,28,real,-1,7
46198,2.149642,22,real,-1,1
46226,6.38166,28,real,-1,7
46263,4.926476,37,real,-1,16
46301,-1.179557,38,real,-1,17
46324,0.086408,23,real,-1,2
46357,-0.716604,33,real,-1,12
46386,6.764057,29,real,-1,8
46410,-8.151375,24,real,-1,3
46439,2.927235,29,real,-1,8
46474,8.388796,35,real,-1,14
46497,1.832319,23,real,-1,2
46519,6.444658,22,real,-1,1
46550,2.867041,31,real,-1,10
46585,5.3173,35,real,-1,14
46611,6.497215,26,real,-1,5
46653,1.624533,42,real,-1,21
46686,4.593003,33,real,-1,12
46713,3.82142,27,real,-1,6
46754,4.851401,41,real,-1,20
46793,4.696354,39,real,-1,18
46823,6.77119,30,real,-1,9
46864,3.239399,41,real,-1,20
46902,0.453269,38,real,-1,17
46923,7.036445,21,real,-1,0
46956,0.338647,33,real,-1,12
46997,4.61743,41,real,-1,20
47033,-0.600073,36,real,-1,15
47062,1.591006,29,real,-1,8
47101,4.819684,39,real,-1,18
47142,-0.120539,41,real,-1,20
47169,7.786475,27,real,-1,6
47211,-3.134246,42,real,-1,21
47235,0.703,24,real,-1,3
47263,10.779185,28,real,-1,7
47305,3.759456,42,real,-1,21
47347,6.023931,42,real,-1,21
47379,-2.654729,32,real,-1,11
47412,4.17568,33,real,-1,12
47454,0.489708,42,real,-1,21
47475,8.945239,21,real,-1,0
47510,1.188853,35,real,-1,14
47534,-0.013617,24,real,-1,3
47558,1.675266,24,real,-1,3
47597,-2.840351,39,real,-1,18
47637,-1.096518,40,real,-1,19
47671,8.448629,34,real,-1,13
47694,0.755728,23,real,-1,2
47719,-3.448368,25,real,-1,4
47750,2.361459,31,real,-1,10
47786,-7.257344,36,real,-1,15
47813,2.718972,27,real,-1,6
47841,-1.755229,28,real,-1,7
47883,3.924128,42,real,-1,21
47908,-5.541679,25,real,-1,4
47942,3.164014,34,real,-1,13
47978,-0.557995,36,real,-1,15
48001,2.475462,23,real,-1,2
48022,-0.200959,21,real,-1,0
48044,2.233779,22,real,-1,1
48080,4.417706,36,real,-1,15
48111,0.531667,31,real,-1,10
48149,-1.36597,38,real,-1,17
48183,-3.292912,34,real,-1,13
48210,7.043917,27,real,-1,6
48233,3.033762,23,real,-1,2
48264,4.045174,31,real,-1,10
48298,3.857095,34,real,-1,13
48336,1.978691,38,real,-1,17
48364,0.995212,28,real,-1,7
48403,7.390355,39,real,-1,18
48442,3.012094,39,real,-1,18
48473,7.36694,31,real,-1,10
48515,3.486082,42,real,-1,21
48550,0.417372,35,real,-1,14
48581,1.630737,31,real,-1,10
48605,0.834764,24,real,-1,3
48646,0.623638,41,real,-1,20
48683,2.779138,37,real,-1,16
48717,4.228202,34,real,-1,13
48758,5.26293,41,real,-1,20
48790,-2.453665,32,real,-1,11
48829,7.658256,39,real,-1,18
48855,5.10741,26,real,-1,5
48897,5.122451,42,real,-1,21
48925,1.12159,28,real,-1,7
48946,5.411173,21,real,-1,0
48977,4.393018,31,real,-1,10
48998,-4.540389,21,real,-1,0
49020,-3.016049,22,real,-1,1
49044,1.678969,24,real,-1,3
49075,0.094504,31,real,-1,10
49097,-0.714791,22,real,-1,1
49133,2.145636,36,real,-1,15
49175,4.586231,42,real,-1,21
49213,4.578832,38,real,-1,17
49244,-5.396292,31,real,-1,10
49285,6.39669,41,real,-1,20
49316,4.402774,31,real,-1,10
49346,3.23458,30,real,-1,9
49379,-1.632926,33,real,-1,12
49406,5.24455,27,real,-1,6
49427,-0.351554,21,real,-1,0
49461,-7.277945,34,real,-1,13
49482,3.818127,21,real,-1,0
49524,0.744203,42,real,-1,21
49565,13.245206,41,real,-1,20
49606,0.223444,41,real,-1,20
49632,-12.916116,26,real,-1,5
49672,0.93371,40,real,-1,19
49708,-6.783992,36,real,-1,15
49750,11.421978,42,real,-1,21
49780,-3.789347,30,real,-1,9
49821,8.007791,41,real,-1,20
49845,3.573033,24,real,-1,3
49866,6.464532,21,real,-1,0
49906,0.877914,40,real,-1,19
49940,3.214919,34,real,-1,13
49982,0.502186,42,real,-1,21
50024,-1.924389,42,real,-1,21
50056,2.417171,32,real,-1,11
50084,3.066848,28,real,-1,7
50113,1.450282,29,real,-1,8
50134,-0.951926,21,real,-1,0
50155,-0.605609,21,real,-1,0
50186,2.025913,31,real,-1,10
50211,-0.110101,25,real,-1,4
50240,-1.565011,29,real,-1,8
50277,5.543356,37,real,-1,16
50298,1.577613,21,real,-1,0
50332,3.645498,34,real,-1,13
50364,-4.421289,32,real,-1,11
50392,-3.802995,28,real,-1,7
50421,-1.540916,29,real,-1,8
50461,-0.216094,40,real,-1,19
50488,6.006476,27,real,-1,6
50530,-3.040672,42,real,-1,21
50562,10.50487,32,real,-1,11
50600,-2.048127,38,real,-1,17
50635,6.472143,35,real,-1,14
50667,-3.401219,32,real,-1,11
50688,-1.68584,21,real,-1,0
50720,1.457951,32,real,-1,11
50749,3.320676,29,real,-1,8
50777,10.16363,28,real,-1,7
50805,4.209846,28,real,-1,7
50834,-5.033162,29,real,-1,8
50861,6.150284,27,real,-1,6
50892,15.341031,31,real,-1,10
50928,6.547559,36,real,-1,15
50962,4.812841,34,real,-1,13
50993,4.425503,31,real,-1,10
51014,-4.37816,21,real,-1,0
51056,9.240645,42,real,-1,21
51084,5.016224,28,real,-1,7
51115,0.551291,31,real,-1,10
51150,6.257372,35,real,-1,14
51177,-0.203202,27,real,-1,6
51206,-2.987023,29,real,-1,8
51243,6.853605,37,real,-1,16
51277,1.90971,34,real,-1,13
51311,-3.42456,34,real,-1,13
51350,-1.872157,39,real,-1,18
51388,-6.128685,38,real,-1,17
51415,0.426844,27,real,-1,6
51445,3.028183,30,real,-1,9
51483,-0.193976,38,real,-1,17
51511,2.396109,28,real,-1,7
51550,-4.02107,39,real,-1,18
51584,1.724768,34,real,-1,13
51605,3.555032,21,real,-1,0
51647,4.421188,42,real,-1,21
51682,2.674187,35,real,-1,14
51717,3.878277,35,real,-1,14
51750,1.411203,33,real,-1,12
51778,0.27839,28,real,-1,7
51804,-0.770752,26,real,-1,5
51827,4.483112,23,real,-1,2
51858,2.536161,31,real,-1,10
51885,2.118555,27,real,-1,6
51907,-0.684138,22,real,-1,1
51930,3.63373,23,real,-1,2
51970,-2.461918,40,real,-1,19
52011,-3.659361,41,real,-1,20
52034,-2.006712,23,real,-1,2
52058,-0.911625,24,real,-1,3
52082,6.208441,24,real,-1,3
52111,8.666906,29,real,-1,8
52134,2.464221,23,real,-1,2
52168,-4.20772,34,real,-1,13
52192,3.369126,24,real,-1,3
52225,0.686116,33,real,-1,12
52255,-7.759513,30,real,-1,9
52276,3.66686,21,real,-1,0
52309,0.035589,33,real,-1,12
52331,0.270697,22,real,-1,1
52363,3.1686,32,real,-1,11
52391,3.884035,28,real,-1,7
52420,-3.890342,29,real,-1,8
52450,4.788718,30,real,-1,9
52476,7.542865,26,real,-1,5
52516,7.093662,40,real,-1,19
52546,5.997293,30,real,-1,9
52588,3.736794,42,real,-1,21
52630,5.330063,42,real,-1,21
52651,4.345005,21,real,-1,0
52690,6.448392,39,real,-1,18
52717,12.235884,27,real,-1,6
52738,4.077152,21,real,-1,0
52780,0.689164,42,real,-1,21
52808,0.663735,28,real,-1,7
52840,-2.059383,32,real,-1,11
52871,3.736582,31,real,-1,10
52911,0.504406,40,real,-1,19
52940,3.639605,29,real,-1,8
52975,-0.063586,35,real,-1,14
53007,1.602636,32,real,-1,11
53046,8.036569,39,real,-1,18
53068,2.616466,22,real,-1,1
53110,-0.186045,42,real,-1,21
53144,3.255465,34,real,-1,13
53166,-2.724958,22,real,-1,1
53203,2.160179,37,real,-1,16
53229,0.996743,26,real,-1,5
53266,3.496023,37,real,-1,16
53292,3.740196,26,real,-1,5
53333,-1.435699,41,real,-1,20
53355,3.019616,22,real,-1,1
53396,5.943427,41,real,-1,20
53420,2.086959,24,real,-1,3
53455,0.752593,35,real,-1,14
53480,1.820416,25,real,-1,4
53516,4.181081,36,real,-1,15
53553,-0.828954,37,real,-1,16
53574,-4.210727,21,real,-1,0
53611,3.101255,37,real,-1,16
53643,-2.934555,32,real,-1,11
53675,-0.270281,32,real,-1,11
53697,1.052246,22,real,-1,1
53731,3.465722,34,real,-1,13
53766,-8.360013,35,real,-1,14
53807,-4.755353,41,real,-1,20
53830,1.83922,23,real,-1,2
53852,0.62483,22,real,-1,1
53890,12.128058,38,real,-1,17
53919,-0.265203,29,real,-1,8
53953,6.369019,34,real,-1,13
53975,1.937505,22,real,-1,1
53998,0.219509,23,real,-1,2
54019,-4.075933,21,real,-1,0
54049,9.034278,30,real,-1,9
54079,-3.071954,30,real,-1,9
54116,4.731759,37,real,-1,16
54154,7.078624,38,real,-1,17
54187,-8.347759,33,real,-1,12
54227,4.706774,40,real,-1,19
54250,-1.456508,23,real,-1,2
54271,6.149242,21,real,-1,0
54306,2.516227,35,real,-1,14
54336,4.30966,30,real,-1,9
54366,1.804985,30,real,-1,9
54402,9.05465,36,real,-1,15
54427,-0.324873,25,real,-1,4
54460,2.713423,33,real,-1,12
54501,3.882965,41,real,-1,20
54529,3.038925,28,real,-1,7
54563,1.454089,34,real,-1,13
54597,4.207266,34,real,-1,13
54637,1.505577,40,real,-1,19
54675,6.21995,38,real,-1,17
54713,-3.379387,38,real,-1,17
54747,1.713244,34,real,-1,13
54782,-1.966821,35,real,-1,14
54803,3.460504,21,real,-1,0
54835,3.687046,32,real,-1,11
54860,3.789618,25,real,-1,4
54898,2.994324,38,real,-1,17
54928,-6.229158,30,real,-1,9
54968,0.352291,40,real,-1,19
54994,1.468388,26,real,-1,5
55035,3.108934,41,real,-1,20
55057,0.555397,22,real,-1,1
55097,-7.05797,40,real,-1,19
55132,-4.249986,35,real,-1,14
55167,0.745968,35,real,-1,14
55205,2.260283,38,real,-1,17
55229,-0.534923,24,real,-1,3
55271,-2.697925,42,real,-1,21
55304,-2.53508,33,real,-1,12
55328,8.672284,24,real,-1,3
55355,-2.018566,27,real,-1,6
55387,0.292558,32,real,-1,11
55408,6.892173,21,real,-1,0
55444,2.115951,36,real,-1,15
55477,2.170887,33,real,-1,12
55519,-6.944507,42,real,-1,21
55558,2.616751,39,real,-1,18
55595,2.88376,37,real,-1,16
55620,2.770801,25,real,-1,4
55649,-1.602929,29,real,-1,8
55691,4.043191,42,real,-1,21
55712,4.424357,21,real,-1,0
55749,1.379734,37,real,-1,16
55780,-0.446076,31,real,-1,10
55817,6.373492,37,real,-1,16
55855,1.872873,38,real,-1,17
55890,8.517647,35,real,-1,14
55931,4.085202,41,real,-1,20
55972,-1.166558,41,real,-1,20
56003,2.503771,31,real,-1,10
56037,0.623946,34,real,-1,13
56058,2.027773,21,real,-1,0
56083,3.298617,25,real,-1,4
56119,2.74384,36,real,-1,15
56151,2.455759,32,real,-1,11
56190,2.253837,39,real,-1,18
56231,-1.268977,41,real,-1,20
56266,2.144549,35,real,-1,14
56301,-4.686135,35,real,-1,14
56337,1.056336,36,real,-1,15
56369,0.788392,32,real,-1,11
56399,-4.441465,30,real,-1,9
56436,4.337197,37,real,-1,16
56474,-4.918484,38,real,-1,17
56498,4.166816,24,real,-1,3
56535,3.19384,37,real,-1,16
56567,4.885739,32,real,-1,11
56597,4.745545,30,real,-1,9
56625,-0.828755,28,real,-1,7
56656,3.851526,31,real,-1,10
56689,0.076217,33,real,-1,12
56717,1.945155,28,real,-1,7
56745,5.635963,28,real,-1,7
56778,2.20218,33,real,-1,12
56818,4.891977,40,real,-1,19
56856,-5.359469,38,real,-1,17
56877,5.975946,21,real,-1,0
56912,-6.88178,35,real,-1,14
56952,-2.53209,40,real,-1,19
56977,1.802011,25,real,-1,4
57006,-3.102223,29,real,-1,8
57034,-1.769565,28,real,-1,7
57055,8.436328,21,real,-1,0
57093,-6.311957,38,real,-1,17
57114,0.041538,21,real,-1,0
57151,6.803164,37,real,-1,16
57183,-0.651735,32,real,-1,11
57219,1.937806,36,real,-1,15
57257,11.287861,38,real,-1,17
57287,3.546862,30,real,-1,9
57309,-5.451916,22,real,-1,1
57349,4.589866,40,real,-1,19
57391,-1.353202,42,real,-1,21
57433,4.988217,42,real,-1,21
57470,5.085358,37,real,-1,16
57491,-1.563966,21,real,-1,0
57519,1.396562,28,real,-1,7
57560,1.314434,41,real,-1,20
57588,1.215845,28,real,-1,7
57611,0.072561,23,real,-1,2
57641,5.029234,30,real,-1,9
57681,-0.951751,40,real,-1,19
57712,4.703195,31,real,-1,10
57739,-7.15453,27,real,-1,6
57776,7.840872,37,real,-1,16
57799,4.204257,23,real,-1,2
57830,4.974489,31,real,-1,10
57862,-3.406391,32,real,-1,11
57893,5.639406,31,real,-1,10
57928,0.128291,35,real,-1,14
57950,3.011109,22,real,-1,1
57977,0.579578,27,real,-1,6
58007,-1.895226,30,real,-1,9
58037,4.192248,30,real,-1,9
58070,3.302875,33,real,-1,12
58109,3.141724,39,real,-1,18
58150,-2.403865,41,real,-1,20
58176,-2.132043,26,real,-1,5
58204,-0.528777,28,real,-1,7
58236,4.831871,32,real,-1,11
58272,5.18062,36,real,-1,15
58302,-4.963117,30,real,-1,9
58329,6.249655,27,real,-1,6
58350,-14.662387,21,real,-1,0
58380,3.018186,30,real,-1,9
58404,7.036027,24,real,-1,3
58445,3.441689,41,real,-1,20
58468,-2.472681,23,real,-1,2
58507,-1.954016,39,real,-1,18
58545,-1.901065,38,real,-1,17
58577,5.950565,32,real,-1,11
58600,-0.957558,23,real,-1,2
58638,3.169818,38,real,-1,17
58673,5.097497,35,real,-1,14
58713,1.951979,40,real,-1,19
58738,1.764916,25,real,-1,4
58766,3.091954,28,real,-1,7
58803,0.422181,37,real,-1,16
58844,2.608161,41,real,-1,20
58882,2.204291,38,real,-1,17
58918,-5.308557,36,real,-1,15
58950,-5.072899,32,real,-1,11
58990,-0.253154,40,real,-1,19
59023,3.090682,33,real,-1,12
59045,0.736047,22,real,-1,1
59087,8.924209,42,real,-1,21
59122,-6.24301,35,real,-1,14
59147,3.120531,25,real,-1,4
59174,10.189961,27,real,-1,6
59203,2.53885,29,real,-1,8
59224,0.721667,21,real,-1,0
59254,3.644572,30,real,-1,9
59295,3.845361,41,real,-1,20
59337,5.362833,42,real,-1,21
59367,-0.777488,30,real,-1,9
59407,1.808214,40,real,-1,19
59437,2.295024,30,real,-1,9
59463,3.543847,26,real,-1,5
59488,1.996816,25,real,-1,4
59514,8.940271,26,real,-1,5
59538,-0.711004,24,real,-1,3
59567,2.579239,29,real,-1,8
59596,2.973024,29,real,-1,8
59625,-0.061684,29,real,-1,8
59646,-0.274274,21,real,-1,0
59670,10.321094,24,real,-1,3
59697,2.343287,27,real,-1,6
59730,5.298351,33,real,-1,12
59754,2.036863,24,real,-1,3
59775,-4.264845,21,real,-1,0
59814,2.000632,39,real,-1,18
59850,1.007651,36,real,-1,15
59880,1.872015,30,real,-1,9
59901,2.28795,21,real,-1,0
59927,1.907989,26,real,-1,5
59952,2.053791,25,real,-1,4
59984,7.903044,32,real,-1,11
60024,-0.294562,40,real,-1,19
60045,5.231978,21,real,-1,0
60070,-1.990239,25,real,-1,4
60107,3.298023,37,real,-1,16
60140,0.716354,33,real,-1,12
60181,-5.620442,41,real,-1,20
60214,6.196096,33,real,-1,12
60241,7.051152,27,real,-1,6
60264,-0.584909,23,real,-1,2
60304,-3.151098,40,real,-1,19
60331,-6.616202,27,real,-1,6
60361,1.375748,30,real,-1,9
60399,4.02181,38,real,-1,17
60424,0.580462,25,real,-1,4
60464,4.398932,40,real,-1,19
60495,-1.753695,31,real,-1,10
60524,6.135204,29,real,-1,8
60548,-0.570018,24,real,-1,3
60577,-3.694016,29,real,-1,8
60601,2.935886,24,real,-1,3
60623,-7.551283,22,real,-1,1
60656,-4.425447,33,real,-1,12
60690,0.661847,34,real,-1,13
60719,-2.579725,29,real,-1,8
60756,2.234241,37,real,-1,16
60779,-0.009853,23,real,-1,2
60806,2.987903,27,real,-1,6
60845,0.19044,39,real,-1,18
60886,6.899563,41,real,-1,20
60924,-3.939583,38,real,-1,17
60949,2.980917,25,real,-1,4
60981,-6.038838,32,real,-1,11
61004,4.29798,23,real,-1,2
61027,-0.329063,23,real,-1,2
61050,7.855184,23,real,-1,2
61083,2.61769,33,real,-1,12
61120,3.095845,37,real,-1,16
61146,5.82328,26,real,-1,5
61182,4.658975,36,real,-1,15
61213,2.906853,31,real,-1,10
61239,2.610584,26,real,-1,5
61277,1.926766,38,real,-1,17
61312,-5.150369,35,real,-1,14
61351,4.374994,39,real,-1,18
61393,-5.41064,42,real,-1,21
61428,0.469401,35,real,-1,14
61462,6.108115,34,real,-1,13
61489,3.22763,27,real,-1,6
61519,2.173097,30,real,-1,9
61551,5.707321,32,real,-1,11
61580,11.321528,29,real,-1,8
61621,5.281788,41,real,-1,20
61645,-2.798579,24,real,-1,3
61670,8.011445,25,real,-1,4
61699,-3.554873,29,real,-1,8
61727,0.593454,28,real,-1,7
61749,-1.147112,22,real,-1,1
61782,9.899634,33,real,-1,12
61815,0.033314,33,real,-1,12
61855,-6.465098,40,real,-1,19
61882,1.478179,27,real,-1,6
61913,4.991039,31,real,-1,10
61953,-1.537534,40,real,-1,19
61979,2.414039,26,real,-1,5
62009,0.504063,30,real,-1,9
62042,4.443552,33,real,-1,12
62074,2.663521,32,real,-1,11
62097,0.425438,23,real,-1,2
62118,-2.510393,21,real,-1,0
62152,2.426868,34,real,-1,13
62178,2.772511,26,real,-1,5
62209,0.203586,31,real,-1,10
62230,3.153567,21,real,-1,0
62253,1.432182,23,real,-1,2
62292,-0.526071,39,real,-1,18
62333,4.081433,41,real,-1,20
62375,-0.265434,42,real,-1,21
62398,0.891925,23,real,-1,2
62437,5.939467,39,real,-1,18
62463,2.634559,26,real,-1,5
62488,3.417178,25,real,-1,4
62526,0.660719,38,real,-1,17
62552,2.213089,26,real,-1,5
62593,1.384878,41,real,-1,20
62626,1.696611,33,real,-1,12
62666,-4.146766,40,real,-1,19
62701,5.938917,35,real,-1,14
62728,8.326853,27,real,-1,6
62766,3.717221,38,real,-1,17
62795,-4.053596,29,real,-1,8
62828,-1.001228,33,real,-1,12
62851,3.601649,23,real,-1,2
62875,2.895082,24,real,-1,3
62911,4.480848,36,real,-1,15
62942,5.83523,31,real,-1,10
62975,3.287613,33,real,-1,12
63000,-1.619256,25,real,-1,4
63027,-0.759109,27,real,-1,6
63051,2.434788,24,real,-1,3
63076,-4.762236,25,real,-1,4
63118,-4.03597,42,real,-1,21
63139,-1.178668,21,real,-1,0
63169,8.865565,30,real,-1,9
63208,-2.489879,39,real,-1,18
63236,4.223457,28,real,-1,7
63266,-2.464249,30,real,-1,9
63293,1.198777,27,real,-1,6
63331,1.800675,38,real,-1,17
63360,4.400288,29,real,-1,8
63390,4.110219,30,real,-1,9
63416,-1.747212,26,real,-1,5
63446,6.303338,30,real,-1,9
63481,9.816578,35,real,-1,14
63519,1.226164,38,real,-1,17
63547,-3.010205,28,real,-1,7
63568,2.353043,21,real,-1,0
63601,2.564395,33,real,-1,12
63627,3.2259,26,real,-1,5
63664,-5.924922,37,real,-1,16
63698,2.983199,34,real,-1,13
63720,-2.497587,22,real,-1,1
63753,6.975759,33,real,-1,12
63784,5.050072,31,real,-1,10
63824,2.707981,40,real,-1,19
63864,-2.364376,40,real,-1,19
63898,-2.181356,34,real,-1,13
63938,4.287473,40,real,-1,19
63979,7.500981,41,real,-1,20
64006,1.909937,27,real,-1,6
64033,4.760947,27,real,-1,6
64063,0.468776,30,real,-1,9
64102,-0.965875,39,real,-1,18
64141,1.573899,39,real,-1,18
64180,3.249852,39,real,-1,18
64207,5.48157,27,real,-1,6
64247,5.122601,40,real,-1,19
64268,-1.724644,21,real,-1,0
64298,6.830944,30,real,-1,9
64338,-2.625151,40,real,-1,19
64368,8.855564,30,real,-1,9
64407,-7.054054,39,real,-1,18
64435,-0.129266,28,real,-1,7
64458,-5.339507,23,real,-1,2
64488,2.437617,30,real,-1,9
64523,-3.204941,35,real,-1,14
64565,-4.780671,42,real,-1,21
64592,7.352431,27,real,-1,6
64632,-5.12662,40,real,-1,19
64673,8.007263,41,real,-1,20
64695,-2.673926,22,real,-1,1
64719,5.53865,24,real,-1,3
64756,5.523858,37,real,-1,16
64786,3.847112,30,real,-1,9
64828,0.567508,42,real,-1,21
64853,4.014746,25,real,-1,4
64878,2.741817,25,real,-1,4
64902,7.832746,24,real,-1,3
64936,-0.506667,34,real,-1,13
64960,2.333316,24,real,-1,3
64991,-2.91622,31,real,-1,10
65017,3.343193,26,real,-1,5
65057,7.793995,40,real,-1,19
65080,1.548804,23,real,-1,2
65119,0.800747,39,real,-1,18
65160,-2.870924,41,real,-1,20
65194,0.789461,34,real,-1,13
65217,3.850501,23,real,-1,2
65244,4.179117,27,real,-1,6
65270,6.851999,26,real,-1,5
65297,3.698394,27,real,-1,6
65325,-3.987056,28,real,-1,7
65366,1.367638,41,real,-1,20
65393,1.407593,27,real,-1,6
65435,-2.981902,42,real,-1,21
65464,1.191288,29,real,-1,8
65486,1.994889,22,real,-1,1
65515,4.444088,29,real,-1,8
65548,8.502107,33,real,-1,12
65581,5.855463,33,real,-1,12
65621,3.395773,40,real,-1,19
65645,2.417077,24,real,-1,3
65667,-7.116372,22,real,-1,1
65708,-0.652162,41,real,-1,20
65743,3.181638,35,real,-1,14
65784,8.66382,41,real,-1,20
65816,6.39046,32,real,-1,11
65837,3.363571,21,real,-1,0
65866,3.790692,29,real,-1,8
65904,0.156691,38,real,-1,17
65925,9.556177,21,real,-1,0
65964,-11.001474,39,real,-1,18
65995,2.584939,31,real,-1,10
66029,3.158356,34,real,-1,13
66066,-3.885298,37,real,-1,16
66104,0.595063,38,real,-1,17
66136,-9.402775,32,real,-1,11
66174,0.789195,38,real,-1,17
66196,3.292094,22,real,-1,1
66218,1.557768,22,real,-1,1
66252,5.918326,34,real,-1,13
66294,-5.925915,42,real,-1,21
66322,3.857366,28,real,-1,7
66358,5.969269,36,real,-1,15
66387,3.473065,29,real,-1,8
66423,-0.717137,36,real,-1,15
66457,3.803528,34,real,-1,13
66487,6.577576,30,real,-1,9
66522,5.010791,35,real,-1,14
66551,-1.989613,29,real,-1,8
66574,-1.661574,23,real,-1,2
66599,4.203257,25,real,-1,4
66638,3.997988,39,real,-1,18
66671,1.962846,33,real,-1,12
66702,3.906841,31,real,-1,10
66739,1.063699,37,real,-1,16
66771,-1.666677,32,real,-1,11
66794,-0.321289,23,real,-1,2
66823,1.270093,29,real,-1,8
66855,3.616418,32,real,-1,11
66879,8.71992,24,real,-1,3
66903,4.843538,24,real,-1,3
66941,-2.661832,38,real,-1,17
66976,6.489729,35,real,-1,14
67003,0.809083,27,real,-1,6
67030,9.498754,27,real,-1,6
67059,4.355224,29,real,-1,8
67082,0.85604,23,real,-1,2
67123,7.564643,41,real,-1,20
67161,4.799069,38,real,-1,17
67188,-8.529805,27,real,-1,6
67226,2.073925,38,real,-1,17
67257,6.476225,31,real,-1,10
67296,2.787258,39,real,-1,18
67325,1.108032,29,real,-1,8
67356,7.055335,31,real,-1,10
67379,1.884123,23,real,-1,2
67400,1.277853,21,real,-1,0
67433,1.782236,33,real,-1,12
67467,1.654901,34,real,-1,13
67507,-2.181552,40,real,-1,19
67541,-1.117418,34,real,-1,13
67565,6.546193,24,real,-1,3
67604,2.220812,39,real,-1,18
67644,0.948218,40,real,-1,19
67677,2.495647,33,real,-1,12
67710,1.992497,33,real,-1,12
67735,3.186872,25,real,-1,4
67772,-2.03353,37,real,-1,16
67797,-0.289625,25,real,-1,4
67836,11.120012,39,real,-1,18
67870,-4.721112,34,real,-1,13
67893,4.48016,23,real,-1,2
67935,4.743023,42,real,-1,21
67958,0.413208,23,real,-1,2
67983,2.087276,25,real,-1,4
68025,0.199766,42,real,-1,21
68063,-1.75358,38,real,-1,17
68103,-0.910023,40,real,-1,19
68135,4.700995,32,real,-1,11
68174,6.783383,39,real,-1,18
68213,-0.082975,39,real,-1,18
68242,3.916972,29,real,-1,8
68270,4.262469,28,real,-1,7
68301,2.920588,31,real,-1,10
68332,2.711459,31,real,-1,10
68367,-1.035271,35,real,-1,14
68402,11.041286,35,real,-1,14
68433,-6.365422,31,real,-1,10
68455,1.32771,22,real,-1,1
68483,9.068099,28,real,-1,7
68504,5.808635,21,real,-1,0
68536,-1.085419,32,real,-1,11
68558,8.583304,22,real,-1,1
68579,1.765033,21,real,-1,0
68608,3.112547,29,real,-1,8
68644,3.082916,36,real,-1,15
68675,-1.752012,31,real,-1,10
68708,2.421381,33,real,-1,12
68740,3.162243,32,real,-1,11
68763,1.569721,23,real,-1,2
68803,3.322949,40,real,-1,19
68827,-4.552688,24,real,-1,3
68869,5.720348,42,real,-1,21
68890,-4.664839,21,real,-1,0
68924,-1.739947,34,real,-1,13
68949,-2.527437,25,real,-1,4
68970,-0.970247,21,real,-1,0
68991,3.224637,21,real,-1,0
69029,2.444679,38,real,-1,17
69053,2.683996,24,real,-1,3
69092,-1.916207,39,real,-1,18
69115,0.442763,23,real,-1,2
69157,6.441134,42,real,-1,21
69185,3.419532,28,real,-1,7
69211,-4.569456,26,real,-1,5
69242,-3.761676,31,real,-1,10
69268,0.097122,26,real,-1,5
69294,2.115771,26,real,-1,5
69327,1.485594,33,real,-1,12
69367,-5.063203,40,real,-1,19
69409,8.417385,42,real,-1,21
69431,-2.51107,22,real,-1,1
69462,4.969839,31,real,-1,10
69487,5.273082,25,real,-1,4
69509,4.853199,22,real,-1,1
69534,4.767893,25,real,-1,4
69560,4.456697,26,real,-1,5
69596,7.406858,36,real,-1,15
69637,-1.245946,41,real,-1,20
69667,-2.244746,30,real,-1,9
69689,0.490074,22,real,-1,1
69716,3.372749,27,real,-1,6
69745,1.741899,29,real,-1,8
69777,1.077105,32,real,-1,11
69798,-0.955919,21,real,-1,0
69833,3.478711,35,real,-1,14
69860,4.286617,27,real,-1,6
69892,-3.138113,32,real,-1,11
69924,-2.994016,32,real,-1,11
69948,-2.311319,24,real,-1,3
69973,-1.443885,25,real,-1,4
70012,5.867505,39,real,-1,18
70051,-8.227093,39,real,-1,18
70080,9.651437,29,real,-1,8
70103,7.903553,23,real,-1,2
70125,4.728211,22,real,-1,1
70146,-4.217096,21,real,-1,0
70185,-4.140875,39,real,-1,18
70218,-3.531029,33,real,-1,12
70249,6.314432,31,real,-1,10
70272,4.89853,23,real,-1,2
70313,3.764898,41,real,-1,20
70349,-3.201334,36,real,-1,15
70371,3.148579,22,real,-1,1
70401,7.283273,30,real,-1,9
70437,4.264917,36,real,-1,15
70468,1.992031,31,real,-1,10
70490,3.534132,22,real,-1,1
70531,7.09196,41,real,-1,20
70560,6.705095,29,real,-1,8
70581,3.666675,21,real,-1,0
70605,-0.379236,24,real,-1,3
70627,0.363341,22,real,-1,1
70669,5.820894,42,real,-1,21
70703,1.234627,34,real,-1,13
70732,6.774272,29,real,-1,8
70767,-3.428556,35,real,-1,14
70792,6.305881,25,real,-1,4
70833,3.38949,41,real,-1,20
70867,-4.900241,34,real,-1,13
70907,1.365192,40,real,-1,19
70931,0.745937,24,real,-1,3
70969,8.178233,38,real,-1,17
71006,-1.943859,37,real,-1,16
71028,-6.056163,22,real,-1,1
71053,0.34672,25,real,-1,4
71092,2.032141,39,real,-1,18
71125,7.493154,33,real,-1,12
71146,-2.002749,21,real,-1,0
71185,1.874127,39,real,-1,18
71206,0.336498,21,real,-1,0
71243,-6.269661,37,real,-1,16
71285,2.945139,42,real,-1,21
71307,-3.827473,22,real,-1,1
71336,6.903012,29,real,-1,8
71360,1.212072,24,real,-1,3
71400,-0.814532,40,real,-1,19
71431,3.994276,31,real,-1,10
71467,-7.356361,36,real,-1,15
71504,4.128998,37,real,-1,16
71539,4.396049,35,real,-1,14
71581,5.253453,42,real,-1,21
71608,0.76828,27,real,-1,6
71644,8.299793,36,real,-1,15
71686,7.684911,42,real,-1,21
71724,3.632749,38,real,-1,17
71745,2.309496,21,real,-1,0
71771,-0.677876,26,real,-1,5
71811,-2.744746,40,real,-1,19
71837,0.92128,26,real,-1,5
71873,-6.140802,36,real,-1,15
71906,0.749503,33,real,-1,12
71947,5.509091,41,real,-1,20
71970,-7.601115,23,real,-1,2
71995,-3.631004,25,real,-1,4
72023,9.261513,28,real,-1,7
72044,8.748102,21,real,-1,0
72077,6.860046,33,real,-1,12
72117,9.803289,40,real,-1,19
72151,-4.606916,34,real,-1,13
72174,5.680783,23,real,-1,2
72206,5.859809,32,real,-1,11
72230,5.230692,24,real,-1,3
72251,2.352554,21,real,-1,0
72280,1.914137,29,real,-1,8
72307,1.722989,27,real,-1,6
72329,1.847611,22,real,-1,1
72364,-1.473411,35,real,-1,14
72405,-0.726862,41,real,-1,20
72440,9.607941,35,real,-1,14
72480,-3.516615,40,real,-1,19
72508,4.548226,28,real,-1,7
72541,-2.503651,33,real,-1,12
72572,-0.802192,31,real,-1,10
72595,0.329187,23,real,-1,2
72633,3.752739,38,real,-1,17
72662,6.48584,29,real,-1,8
72691,-1.329859,29,real,-1,8
72724,3.578577,33,real,-1,12
72747,1.481534,23,real,-1,2
72780,0.188682,33,real,-1,12
72821,9.787475,41,real,-1,20
72842,8.78619,21,real,-1,0
72880,4.175087,38,real,-1,17
72919,-1.520767,39,real,-1,18
72957,2.005179,38,real,-1,17
72997,7.041828,40,real,-1,19
73021,-3.09453,24,real,-1,3
73048,1.519198,27,real,-1,6
73076,6.331879,28,real,-1,7
73114,-0.48451,38,real,-1,17
73144,7.141368,30,real,-1,9
73179,-2.478539,35,real,-1,14
73212,6.184346,33,real,-1,12
73253,0.593726,41,real,-1,20
73287,4.653601,34,real,-1,13
73325,4.034726,38,real,-1,17
73351,1.415575,26,real,-1,5
73387,4.555839,36,real,-1,15
73412,3.734423,25,real,-1,4
73446,1.616654,34,real,-1,13
73471,1.04477,25,real,-1,4
73510,3.814054,39,real,-1,18
73539,4.978357,29,real,-1,8
73578,4.303926,39,real,-1,18
73604,4.626699,26,real,-1,5
73626,-1.672501,22,real,-1,1
73664,7.786244,38,real,-1,17
73688,4.655445,24,real,-1,3
73716,-0.337992,28,real,-1,7
73748,3.515127,32,real,-1,11
73790,6.65183,42,real,-1,21
73821,1.433115,31,real,-1,10
73843,6.54101,22,real,-1,1
73878,0.695539,35,real,-1,14
73916,0.396391,38,real,-1,17
73948,4.742225,32,real,-1,11
73970,-0.452906,22,real,-1,1
74006,3.266614,36,real,-1,15
74046,4.445972,40,real,-1,19
74068,3.034366,22,real,-1,1
74095,4.497264,27,real,-1,6
74119,-8.393049,24,real,-1,3
74144,3.773811,25,real,-1,4
74172,-0.437389,28,real,-1,7
74196,3.492135,24,real,-1,3
74220,-3.44416,24,real,-1,3
74253,7.324253,33,real,-1,12
74290,-2.690883,37,real,-1,16
74320,0.974305,30,real,-1,9
74360,5.353295,40,real,-1,19
74382,4.335823,22,real,-1,1
74411,2.782594,29,real,-1,8
74447,3.868189,36,real,-1,15
74481,-3.310513,34,real,-1,13
74514,-1.865086,33,real,-1,12
74549,0.603228,35,real,-1,14
74590,3.575605,41,real,-1,20
74623,-0.603985,33,real,-1,12
74644,1.417334,21,real,-1,0
74665,0.25561,21,real,-1,0
74707,3.873437,42,real,-1,21
74749,-3.976672,42,real,-1,21
74774,4.597402,25,real,-1,4
74809,-4.695902,35,real,-1,14
74847,-5.459857,38,real,-1,17
74886,0.817437,39,real,-1,18
74923,-0.73481,37,real,-1,16
74951,4.844662,28,real,-1,7
74993,1.946962,42,real,-1,21
75033,-1.689573,40,real,-1,19
75060,3.701832,27,real,-1,6
75095,2.279226,35,real,-1,14
75116,-0.147517,21,real,-1,0
75143,2.796954,27,real,-1,6
75169,-5.413222,26,real,-1,5
75211,7.375844,42,real,-1,21
75242,-2.071416,31,real,-1,10
75270,-2.348119,28,real,-1,7
75308,6.995837,38,real,-1,17
75345,2.798995,37,real,-1,16
75369,8.090049,24,real,-1,3
75392,-0.241085,23,real,-1,2
75420,2.482332,28,real,-1,7
75444,3.633702,24,real,-1,3
75468,-0.121199,24,real,-1,3
75493,-1.382054,25,real,-1,4
75520,4.233138,27,real,-1,6
75555,0.979568,35,real,-1,14
75587,4.210914,32,real,-1,11
75615,2.830059,28,real,-1,7
75647,5.430086,32,real,-1,11
75669,0.109669,22,real,-1,1
75697,8.36413,28,real,-1,7
75729,5.838114,32,real,-1,11
75756,1.251074,27,real,-1,6
75797,1.554514,41,real,-1,20
75825,-0.332657,28,real,-1,7
75862,0.341768,37,real,-1,16
75885,0.133617,23,real,-1,2
75925,-0.775462,40,real,-1,19
75957,6.468295,32,real,-1,11
75992,-2.988542,35,real,-1,14
76029,1.464811,37,real,-1,16
76052,0.901337,23,real,-1,2
76091,10.700349,39,real,-1,18
76123,3.51436,32,real,-1,11
76151,2.924699,28,real,-1,7
76178,5.014087,27,real,-1,6
76210,-0.01315,32,real,-1,11
76242,6.99349,32,real,-1,11
76282,-2.638258,40,real,-1,19
76309,-0.554029,27,real,-1,6
76335,-2.411329,26,real,-1,5
76368,3.93117,33,real,-1,12
76395,2.892084,27,real,-1,6
76427,5.899999,32,real,-1,11
76456,6.713548,29,real,-1,8
76482,1.627675,26,real,-1,5
76514,4.163579,32,real,-1,11
76541,9.677245,27,real,-1,6
76564,4.983761,23,real,-1,2
76592,7.743199,28,real,-1,7
76623,1.3503,31,real,-1,10
76661,-0.903422,38,real,-1,17
76685,-8.310697,24,real,-1,3
76717,7.885807,32,real,-1,11
76740,-0.208253,23,real,-1,2
76775,3.99271,35,real,-1,14
76805,-1.325127,30,real,-1,9
76841,1.519838,36,real,-1,15
76868,5.834113,27,real,-1,6
76905,4.518632,37,real,-1,16
76939,-0.345989,34,real,-1,13
76966,0.264118,27,real,-1,6
77006,2.591344,40,real,-1,19
77037,4.111755,31,real,-1,10
77069,1.372051,32,real,-1,11
77111,1.106724,42,real,-1,21
77142,0.175253,31,real,-1,10
77176,5.664063,34,real,-1,13
77204,-2.23232,28,real,-1,7
77235,0.067951,31,real,-1,10
77262,-2.635732,27,real,-1,6
77303,-3.710034,41,real,-1,20
77325,3.229584,22,real,-1,1
77354,1.479462,29,real,-1,8
77384,6.895663,30,real,-1,9
77423,-3.164749,39,real,-1,18
77447,3.438204,24,real,-1,3
77473,3.939672,26,real,-1,5
77501,-3.365825,28,real,-1,7
77530,2.629538,29,real,-1,8
77562,1.166507,32,real,-1,11
77593,0.760926,31,real,-1,10
77628,-7.135255,35,real,-1,14
77657,-11.556136,29,real,-1,8
77683,-0.985247,26,real,-1,5
77705,2.649686,22,real,-1,1
77727,3.593974,22,real,-1,1
77748,1.664436,21,real,-1,0
77769,10.829787,21,real,-1,0
77807,1.225684,38,real,-1,17
77844,-3.036058,37,real,-1,16
77869,-1.813755,25,real,-1,4
77908,3.833262,39,real,-1,18
77932,0.800348,24,real,-1,3
77963,0.321035,31,real,-1,10
77986,-2.853477,23,real,-1,2
78027,4.501117,41,real,-1,20
78061,0.871751,34,real,-1,13
78096,-2.315873,35,real,-1,14
78135,1.234206,39,real,-1,18
78167,3.669285,32,real,-1,11
78207,2.835542,40,real,-1,19
78234,4.239488,27,real,-1,6
78265,5.225792,31,real,-1,10
78304,1.081517,39,real,-1,18
78339,1.223465,35,real,-1,14
78379,-4.300292,40,real,-1,19
78412,-5.068873,33,real,-1,12
78443,6.916754,31,real,-1,10
78479,1.525271,36,real,-1,15
78512,1.38678,33,real,-1,12
78552,10.396726,40,real,-1,19
78589,-4.854039,37,real,-1,16
78612,6.303654,23,real,-1,2
78638,-0.337248,26,real,-1,5
78680,-0.059347,42,real,-1,21
78703,2.902067,23,real,-1,2
78739,-0.227434,36,real,-1,15
78761,-0.034082,22,real,-1,1
78801,3.652721,40,real,-1,19
78832,0.909611,31,real,-1,10
78869,5.606369,37,real,-1,16
78891,-7.162568,22,real,-1,1
78920,5.652073,29,real,-1,8
78955,6.520792,35,real,-1,14
78991,-4.859182,36,real,-1,15
79030,4.70188,39,real,-1,18
79056,2.982613,26,real,-1,5
79097,0.877392,41,real,-1,20
79133,2.480066,36,real,-1,15
79162,3.134433,29,real,-1,8
79186,-1.209913,24,real,-1,3
79209,-1.057487,23,real,-1,2
79251,-5.64953,42,real,-1,21
79279,1.104647,28,real,-1,7
79320,8.222355,41,real,-1,20
79360,6.814828,40,real,-1,19
79402,2.7259,42,real,-1,21
79440,1.973268,38,real,-1,17
79472,-2.572735,32,real,-1,11
79493,-4.244259,21,real,-1,0
79516,-2.332934,23,real,-1,2
79558,3.663063,42,real,-1,21
79589,4.015245,31,real,-1,10
79629,11.629271,40,real,-1,19
79651,2.93541,22,real,-1,1
79690,-1.757278,39,real,-1,18
79717,1.980783,27,real,-1,6
79747,-3.076727,30,real,-1,9
79782,6.030998,35,real,-1,14
79815,1.540111,33,real,-1,12
79837,0.636096,22,real,-1,1
79868,-1.183198,31,real,-1,10
79907,4.766778,39,real,-1,18
79935,2.928664,28,real,-1,7
79961,-2.529836,26,real,-1,5
79990,0.825831,29,real,-1,8
80011,8.836685,21,real,-1,0
80038,-0.828417,27,real,-1,6
80071,5.532956,33,real,-1,12
80108,5.336493,37,real,-1,16
80146,0.479169,38,real,-1,17
80180,11.858023,34,real,-1,13
80201,1.537393,21,real,-1,0
80222,0.842107,21,real,-1,0
80256,6.103515,34,real,-1,13
80278,-1.224823,22,real,-1,1
80314,0.75594,36,real,-1,15
80344,1.967967,30,real,-1,9
80375,7.794623,31,real,-1,10
80411,6.492004,36,real,-1,15
80444,-2.412196,33,real,-1,12
80476,-0.930522,32,real,-1,11
80513,2.223026,37,real,-1,16
80546,-1.449393,33,real,-1,12
80572,5.516161,26,real,-1,5
80606,1.667065,34,real,-1,13
80642,6.119007,36,real,-1,15
80664,1.56129,22,real,-1,1
80694,-3.524262,30,real,-1,9
80730,-1.368752,36,real,-1,15
80768,1.751963,38,real,-1,17
80804,-1.089217,36,real,-1,15
80842,9.367447,38,real,-1,17
80874,-1.327498,32,real,-1,11
80897,3.619921,23,real,-1,2
80919,2.574215,22,real,-1,1
80941,-0.093331,22,real,-1,1
80971,-5.418038,30,real,-1,9
81003,4.029789,32,real,-1,11
81039,7.564416,36,real,-1,15
81068,-0.034738,29,real,-1,8
81101,2.505742,33,real,-1,12
81142,1.778216,41,real,-1,20
81168,5.89113,26,real,-1,5
81206,5.516499,38,real,-1,17
81229,3.576199,23,real,-1,2
81258,0.185254,29,real,-1,8
81294,10.099834,36,real,-1,15
81329,-2.468956,35,real,-1,14
81353,-2.882753,24,real,-1,3
81388,9.68204,35,real,-1,14
81413,5.52714,25,real,-1,4
81445,-1.414965,32,real,-1,11
81468,-0.991664,23,real,-1,2
81505,-4.187412,37,real,-1,16
81537,-1.185013,32,real,-1,11
81559,0.96765,22,real,-1,1
81580,4.572297,21,real,-1,0
81602,2.094494,22,real,-1,1
81629,-1.275335,27,real,-1,6
81661,5.908051,32,real,-1,11
81696,1.574272,35,real,-1,14
81721,0.915988,25,real,-1,4
81763,2.31756,42,real,-1,21
81803,1.972456,40,real,-1,19
81841,4.63296,38,real,-1,17
81876,-0.568991,35,real,-1,14
81903,0.551125,27,real,-1,6
81929,0.264652,26,real,-1,5
81953,1.643447,24,real,-1,3
81980,-4.901437,27,real,-1,6
82013,-0.082139,33,real,-1,12
82046,3.574726,33,real,-1,12
82079,2.380494,33,real,-1,12
82115,4.039198,36,real,-1,15
82142,0.570946,27,real,-1,6
82175,-1.664344,33,real,-1,12
82205,2.26805,30,real,-1,9
82247,-0.550341,42,real,-1,21
82281,-7.587533,34,real,-1,13
82310,-0.587095,29,real,-1,8
82352,7.888368,42,real,-1,21
82388,6.306821,36,real,-1,15
82413,0.950225,25,real,-1,4
82453,5.858176,40,real,-1,19
82477,-3.096039,24,real,-1,3
82512,3.840731,35,real,-1,14
82543,4.021089,31,real,-1,10
82581,-1.364687,38,real,-1,17
82608,1.238088,27,real,-1,6
82629,4.633953,21,real,-1,0
82659,-2.054293,30,real,-1,9
82689,2.215825,30,real,-1,9
82711,5.271467,22,real,-1,1
82739,-8.759747,28,real,-1,7
82773,3.866332,34,real,-1,13
82802,2.373203,29,real,-1,8
82835,-4.685223,33,real,-1,12
82877,-3.252955,42,real,-1,21
82904,10.120396,27,real,-1,6
82943,-0.573562,39,real,-1,18
82972,-0.843569,29,real,-1,8
83003,5.776407,31,real,-1,10
83024,5.517729,21,real,-1,0
83047,-2.133943,23,real,-1,2
83069,4.282427,22,real,-1,1
83091,2.428463,22,real,-1,1
83117,2.392518,26,real,-1,5
83147,4.100313,30,real,-1,9
83171,4.450553,24,real,-1,3
83203,1.077751,32,real,-1,11
83240,-1.878546,37,real,-1,16
83269,0.793565,29,real,-1,8
83306,3.220948,37,real,-1,16
83331,1.335026,25,real,-1,4
83358,2.56156,27,real,-1,6
83389,3.118331,31,real,-1,10
83410,3.011899,21,real,-1,0
83440,5.825924,30,real,-1,9
83479,-2.804499,39,real,-1,18
83518,6.798894,39,real,-1,18
83560,-1.114999,42,real,-1,21
83586,2.057174,26,real,-1,5
83610,7.661895,24,real,-1,3
83652,2.165768,42,real,-1,21
83688,4.51288,36,real,-1,15
83719,-3.269109,31,real,-1,10
83750,0.518454,31,real,-1,10
83787,7.488747,37,real,-1,16
83811,3.512422,24,real,-1,3
83836,0.845415,25,real,-1,4
83862,3.377337,26,real,-1,5
83892,0.095327,30,real,-1,9
83916,1.807552,24,real,-1,3
83956,2.020035,40,real,-1,19
83985,3.842312,29,real,-1,8
84006,-3.030909,21,real,-1,0
84042,-3.551562,36,real,-1,15
84080,3.326822,38,real,-1,17
84103,2.194724,23,real,-1,2
84133,0.095147,30,real,-1,9
84163,2.605151,30,real,-1,9
84184,-0.275567,21,real,-1,0
84224,3.524712,40,real,-1,19
84254,3.757114,30,real,-1,9
84287,6.376961,33,real,-1,12
84321,-2.201228,34,real,-1,13
84362,6.536835,41,real,-1,20
84383,-4.552675,21,real,-1,0
84418,-2.503037,35,real,-1,14
84450,-1.402206,32,real,-1,11
84483,3.820243,33,real,-1,12
84514,1.481817,31,real,-1,10
84551,-1.038405,37,real,-1,16
84576,3.734234,25,real,-1,4
84617,0.75851,41,real,-1,20
84655,-3.421811,38,real,-1,17
84680,3.788452,25,real,-1,4
84704,5.396916,24,real,-1,3
84731,4.007755,27,real,-1,6
84769,-0.31698,38,real,-1,17
84802,1.272383,33,real,-1,12
84829,-5.030172,27,real,-1,6
84865,6.541856,36,real,-1,15
84898,2.845014,33,real,-1,12
84935,4.434891,37,real,-1,16
84971,1.590122,36,real,-1,15
84996,-2.693602,25,real,-1,4
85032,7.212105,36,real,-1,15
85055,4.178324,23,real,-1,2
85087,5.021514,32,real,-1,11
85120,1.546152,33,real,-1,12
85153,3.950128,33,real,-1,12
85176,4.681231,23,real,-1,2
85197,8.8173,21,real,-1,0
85232,-2.660872,35,real,-1,14
85257,2.910415,25,real,-1,4
85282,3.631588,25,real,-1,4
85311,3.078922,29,real,-1,8
85351,7.389806,40,real,-1,19
85386,3.677797,35,real,-1,14
85418,2.325575,32,real,-1,11
85456,2.024237,38,real,-1,17
85486,-3.946813,30,real,-1,9
85511,3.671322,25,real,-1,4
85540,1.791653,29,real,-1,8
85579,2.697266,39,real,-1,18
85614,1.018061,35,real,-1,14
85650,1.487385,36,real,-1,15
85672,-3.796178,22,real,-1,1
85713,10.747538,41,real,-1,20
85753,-0.121748,40,real,-1,19
85774,-1.905507,21,real,-1,0
85809,4.755556,35,real,-1,14
85842,1.096198,33,real,-1,12
85878,-1.272135,36,real,-1,15
85912,-0.76879,34,real,-1,13
85934,5.16897,22,real,-1,1
85956,-1.306702,22,real,-1,1
85983,-2.185929,27,real,-1,6
86009,0.637917,26,real,-1,5
86048,2.81195,39,real,-1,18
86072,3.545081,24,real,-1,3
86113,-4.266975,41,real,-1,20
86134,6.251932,21,real,-1,0
86165,4.21232,31,real,-1,10
86193,1.503633,28,real,-1,7
86228,6.709084,35,real,-1,14
86260,4.149986,32,real,-1,11
86286,0.555929,26,real,-1,5
86315,5.951261,29,real,-1,8
86352,2.88524,37,real,-1,16
86383,1.151691,31,real,-1,10
86425,2.702778,42,real,-1,21
86446,1.235247,21,real,-1,0
86479,1.239365,33,real,-1,12
86517,5.569249,38,real,-1,17
86552,-5.846959,35,real,-1,14
86573,3.096837,21,real,-1,0
86612,3.778235,39,real,-1,18
86649,4.614041,37,real,-1,16
86670,-2.079162,21,real,-1,0
86701,-1.76984,31,real,-1,10
86733,-0.475287,32,real,-1,11
86758,5.155492,25,real,-1,4
86791,3.21229,33,real,-1,12
86832,5.614143,41,real,-1,20
86855,1.718179,23,real,-1,2
86896,3.138637,41,real,-1,20
86934,-1.986824,38,real,-1,17
86976,-2.772401,42,real,-1,21
87013,5.572272,37,real,-1,16
87049,1.751428,36,real,-1,15
87073,0.291953,24,real,-1,3
87107,-9.546308,34,real,-1,13
87147,13.170765,40,real,-1,19
87185,0.972503,38,real,-1,17
87215,-6.704734,30,real,-1,9
87255,-3.690944,40,real,-1,19
87280,0.010763,25,real,-1,4
87301,1.479158,21,real,-1,0
87330,1.443714,29,real,-1,8
87356,0.467672,26,real,-1,5
87388,2.453003,32,real,-1,11
87424,-0.181559,36,real,-1,15
87457,0.64661,33,real,-1,12
87497,-0.803623,40,real,-1,19
87521,4.63324,24,real,-1,3
87555,3.702825,34,real,-1,13
87594,0.566884,39,real,-1,18
87628,0.972,34,real,-1,13
87650,-1.023527,22,real,-1,1
87679,1.159648,29,real,-1,8
87705,1.335602,26,real,-1,5
87747,8.946055,42,real,-1,21
87773,-4.662549,26,real,-1,5
87801,-0.83653,28,real,-1,7
87823,-2.541272,22,real,-1,1
87862,-0.985987,39,real,-1,18
87883,6.509253,21,real,-1,0
87918,-1.330847,35,real,-1,14
87945,1.022026,27,real,-1,6
87967,0.211325,22,real,-1,1
88009,4.707531,42,real,-1,21
88030,3.581279,21,real,-1,0
88058,4.181301,28,real,-1,7
88095,-1.542496,37,real,-1,16
88126,4.579171,31,real,-1,10
88162,7.133979,36,real,-1,15
88191,0.318748,29,real,-1,8
88214,1.485696,23,real,-1,2
88256,3.539524,42,real,-1,21
88280,-2.746719,24,real,-1,3
88304,0.080667,24,real,-1,3
88335,0.907321,31,real,-1,10
88365,3.703833,30,real,-1,9
88393,4.680607,28,real,-1,7
88418,2.622072,25,real,-1,4
88452,2.676369,34,real,-1,13
88481,-0.38017,29,real,-1,8
88522,3.385567,41,real,-1,20
88550,3.295187,28,real,-1,7
88573,1.617331,23,real,-1,2
88605,-0.257617,32,real,-1,11
88629,1.043215,24,real,-1,3
88650,1.482584,21,real,-1,0
88675,1.486262,25,real,-1,4
88716,-4.323271,41,real,-1,20
88737,3.177738,21,real,-1,0
88770,-7.346679,33,real,-1,12
88804,-1.613728,34,real,-1,13
88843,5.348936,39,real,-1,18
88866,2.87395,23,real,-1,2
88894,4.932597,28,real,-1,7
88917,1.024805,23,real,-1,2
88939,6.563539,22,real,-1,1
88981,3.335148,42,real,-1,21
89006,6.208145,25,real,-1,4
89044,2.166901,38,real,-1,17
89071,8.415454,27,real,-1,6
89097,-10.497992,26,real,-1,5
89129,-2.250545,32,real,-1,11
89154,0.301843,25,real,-1,4
89192,11.92865,38,real,-1,17
89222,5.577207,30,real,-1,9
89259,5.53658,37,real,-1,16
89291,1.6519,32,real,-1,11
89318,-0.068328,27,real,-1,6
89339,-3.924282,21,real,-1,0
89378,-0.069039,39,real,-1,18
89401,4.453884,23,real,-1,2
89433,0.316682,32,real,-1,11
89458,3.004775,25,real,-1,4
89500,8.960757,42,real,-1,21
89525,6.936436,25,real,-1,4
89557,-3.686246,32,real,-1,11
89584,1.994671,27,real,-1,6
89608,3.708712,24,real,-1,3
89648,-0.654803,40,real,-1,19
89677,0.867903,29,real,-1,8
89710,6.966771,33,real,-1,12
89740,3.907171,30,real,-1,9
89780,0.428843,40,real,-1,19
89821,7.550121,41,real,-1,20
89857,1.699477,36,real,-1,15
89878,0.920253,21,real,-1,0
89920,-6.304973,42,real,-1,21
89951,4.823227,31,real,-1,10
89984,4.360669,33,real,-1,12
90007,1.069134,23,real,-1,2
90040,2.410435,33,real,-1,12
90067,-1.207265,27,real,-1,6
90102,7.260021,35,real,-1,14
90130,0.326461,28,real,-1,7
90155,-0.107344,25,real,-1,4
90180,1.615042,25,real,-1,4
90203,3.488986,23,real,-1,2
90224,3.699085,21,real,-1,0
90250,6.108944,26,real,-1,5
90283,-6.860474,33,real,-1,12
90322,8.230213,39,real,-1,18
90359,5.002813,37,real,-1,16
90382,-0.566399,23,real,-1,2
90416,1.824118,34,real,-1,13
90438,-0.338926,22,real,-1,1
90460,5.905872,22,real,-1,1
90496,8.292285,36,real,-1,15
90525,1.619045,29,real,-1,8
90553,4.639757,28,real,-1,7
90578,-3.761842,25,real,-1,4
90619,6.057676,41,real,-1,20
90660,0.940855,41,real,-1,20
90702,13.335342,42,real,-1,21
90728,3.958898,26,real,-1,5
90758,-0.883299,30,real,-1,9
90792,-5.408069,34,real,-1,13
90817,6.571102,25,real,-1,4
90844,0.972339,27,real,-1,6
90880,0.631788,36,real,-1,15
90921,5.921227,41,real,-1,20
90961,5.977334,40,real,-1,19
90997,-1.977224,36,real,-1,15
91019,2.291057,22,real,-1,1
91040,3.680123,21,real,-1,0
91073,8.633892,33,real,-1,12
91097,1.693416,24,real,-1,3
91130,6.9247,33,real,-1,12
91155,0.077341,25,real,-1,4
91178,4.763741,23,real,-1,2
91211,8.085929,33,real,-1,12
91242,5.289324,31,real,-1,10
91267,-6.805055,25,real,-1,4
91307,0.414798,40,real,-1,19
91344,2.623593,37,real,-1,16
91381,-2.956251,37,real,-1,16
91404,-0.789706,23,real,-1,2
91437,-5.167151,33,real,-1,12
91474,-4.356574,37,real,-1,16
91503,4.341356,29,real,-1,8
91538,-5.828415,35,real,-1,14
91578,-0.075185,40,real,-1,19
91610,0.656058,32,real,-1,11
91633,-6.106147,23,real,-1,2
91658,-1.740933,25,real,-1,4
91696,7.411913,38,real,-1,17
91734,0.289631,38,real,-1,17
91757,5.614078,23,real,-1,2
91790,-4.334337,33,real,-1,12
91824,0.918467,34,real,-1,13
91854,2.025605,30,real,-1,9
91881,-1.023207,27,real,-1,6
91905,-0.007756,24,real,-1,3
91945,1.281533,40,real,-1,19
91985,-0.917326,40,real,-1,19
92006,-0.476193,21,real,-1,0
92047,-2.444756,41,real,-1,20
92089,6.753645,42,real,-1,21
92120,3.810197,31,real,-1,10
92149,-0.520171,29,real,-1,8
92190,0.718875,41,real,-1,20
92216,0.418216,26,real,-1,5
92253,2.594915,37,real,-1,16
92287,0.467964,34,real,-1,13
92319,4.954136,32,real,-1,11
92355,7.103288,36,real,-1,15
92394,5.522625,39,real,-1,18
92435,0.971678,41,real,-1,20
92473,2.627611,38,real,-1,17
92510,-3.696082,37,real,-1,16
92545,1.474839,35,real,-1,14
92580,3.085642,35,real,-1,14
92615,5.682723,35,real,-1,14
92644,3.009002,29,real,-1,8
92683,5.385495,39,real,-1,18
92711,3.884119,28,real,-1,7
92739,6.628991,28,real,-1,7
92765,2.527866,26,real,-1,5
92807,12.329616,42,real,-1,21
92834,-5.731867,27,real,-1,6
92871,1.767177,37,real,-1,16
92896,-2.132971,25,real,-1,4
92930,7.6962,34,real,-1,13
92971,3.603402,41,real,-1,20
92997,0.709595,26,real,-1,5
93021,0.489397,24,real,-1,3
93048,1.409644,27,real,-1,6
93083,3.738746,35,real,-1,14
93109,6.931478,26,real,-1,5
93138,-0.630019,29,real,-1,8
93164,9.230543,26,real,-1,5
93197,7.090322,33,real,-1,12
93239,3.476866,42,real,-1,21
93275,5.189827,36,real,-1,15
93297,1.047788,22,real,-1,1
93318,-1.092556,21,real,-1,0
93340,2.145742,22,real,-1,1
93364,3.189823,24,real,-1,3
93389,3.275572,25,real,-1,4
93421,6.89775,32,real,-1,11
93457,-0.042199,36,real,-1,15
93495,2.277805,38,real,-1,17
93523,-0.88365,28,real,-1,7
93557,-6.859771,34,real,-1,13
93581,4.72548,24,real,-1,3
93616,-0.649173,35,real,-1,14
93639,4.80009,23,real,-1,2
93676,3.645791,37,real,-1,16
93706,0.000287,30,real,-1,9
93748,4.32681,42,real,-1,21
93770,-5.227497,22,real,-1,1
93805,7.902835,35,real,-1,14
93826,1.001712,21,real,-1,0
93867,0.822108,41,real,-1,20
93902,-3.729649,35,real,-1,14
93939,-0.097134,37,real,-1,16
93979,6.343831,40,real,-1,19
94011,1.681867,32,real,-1,11
94048,4.383449,37,real,-1,16
94077,4.129044,29,real,-1,8
94119,2.702027,42,real,-1,21
94155,-0.235387,36,real,-1,15
94190,-5.470319,35,real,-1,14
94232,1.359395,42,real,-1,21
94263,7.395364,31,real,-1,10
94289,-2.023133,26,real,-1,5
94328,-0.038046,39,real,-1,18
94354,2.020157,26,real,-1,5
94390,-3.831832,36,real,-1,15
94424,2.375299,34,real,-1,13
94466,-0.894411,42,real,-1,21
94504,0.959069,38,real,-1,17
94541,2.776994,37,real,-1,16
94578,0.434748,37,real,-1,16
94604,3.983245,26,real,-1,5
94630,-3.434053,26,real,-1,5
94652,-1.691114,22,real,-1,1
94678,2.397413,26,real,-1,5
94718,2.207243,40,real,-1,19
94750,0.933829,32,real,-1,11
94792,-1.527531,42,real,-1,21
94831,6.417268,39,real,-1,18
94853,0.826809,22,real,-1,1
94874,2.943367,21,real,-1,0
94904,0.248783,30,real,-1,9
94927,-0.426006,23,real,-1,2
94968,-3.07861,41,real,-1,20
94989,0.345233,21,real,-1,0
95015,0.774695,26,real,-1,5
95037,5.531507,22,real,-1,1
95070,4.309808,33,real,-1,12
95091,3.09194,21,real,-1,0
95129,4.52751,38,real,-1,17
95154,5.026628,25,real,-1,4
95182,1.463012,28,real,-1,7
95204,9.860032,22,real,-1,1
95234,2.611914,30,real,-1,9
95276,4.223497,42,real,-1,21
95310,4.488009,34,real,-1,13
95348,3.089975,38,real,-1,17
95369,1.912883,21,real,-1,0
95404,-1.264176,35,real,-1,14
95441,3.864299,37,real,-1,16
95468,5.664109,27,real,-1,6
95496,7.190411,28,real,-1,7
95523,4.130655,27,real,-1,6
95557,0.997011,34,real,-1,13
95584,4.188621,27,real,-1,6
95607,3.475229,23,real,-1,2
95649,-1.331657,42,real,-1,21
95685,-1.135574,36,real,-1,15
95720,4.258436,35,real,-1,14
95758,-6.552221,38,real,-1,17
95791,-3.370366,33,real,-1,12
95822,1.468816,31,real,-1,10
95851,4.71133,29,real,-1,8
95876,7.674735,25,real,-1,4
95903,7.827333,27,real,-1,6
95936,7.471154,33,real,-1,12
95960,6.648531,24,real,-1,3
95993,2.812832,33,real,-1,12
96028,-2.637128,35,real,-1,14
96056,3.020189,28,real,-1,7
96086,0.562151,30,real,-1,9
96116,2.934589,30,real,-1,9
96139,3.397318,23,real,-1,2
96164,-4.666932,25,real,-1,4
96191,0.480969,27,real,-1,6
96221,1.178879,30,real,-1,9
96258,-0.63765,37,real,-1,16
96284,-1.121644,26,real,-1,5
96320,7.645135,36,real,-1,15
96355,1.336717,35,real,-1,14
96390,-0.119278,35,real,-1,14
96421,5.952429,31,real,-1,10
96453,4.983138,32,real,-1,11
96491,2.722574,38,real,-1,17
96515,0.549323,24,real,-1,3
96552,11.683367,37,real,-1,16
96581,-0.572272,29,real,-1,8
96604,2.91428,23,real,-1,2
96629,-1.24839,25,real,-1,4
96665,2.245118,36,real,-1,15
96692,0.427035,27,real,-1,6
96722,2.115913,30,real,-1,9
96753,-0.754641,31,real,-1,10
96781,3.278278,28,real,-1,7
96812,3.079788,31,real,-1,10
96837,2.819194,25,real,-1,4
96875,-1.087413,38,real,-1,17
96900,-1.15539,25,real,-1,4
96937,-6.602218,37,real,-1,16
96977,3.181103,40,real,-1,19
96999,0.30672,22,real,-1,1
97041,14.660963,42,real,-1,21
97080,8.118521,39,real,-1,18
97107,5.099992,27,real,-1,6
97143,-1.189809,36,real,-1,15
97176,13.800146,33,real,-1,12
97204,0.468482,28,real,-1,7
97235,-1.220069,31,real,-1,10
97263,4.756594,28,real,-1,7
97296,1.009791,33,real,-1,12
97324,-3.137372,28,real,-1,7
97354,2.545065,30,real,-1,9
97377,-1.509307,23,real,-1,2
97409,-3.590022,32,real,-1,11
97439,4.663061,30,real,-1,9
97460,0.081294,21,real,-1,0
97481,3.89632,21,real,-1,0
97507,1.761446,26,real,-1,5
97534,1.433194,27,real,-1,6
97569,1.44141,35,real,-1,14
97607,2.874417,38,real,-1,17
97636,2.0203,29,real,-1,8
97659,-3.171671,23,real,-1,2
97686,4.529186,27,real,-1,6
97710,-2.346722,24,real,-1,3
97752,-3.096416,42,real,-1,21
97773,3.206903,21,real,-1,0
97812,4.75332,39,real,-1,18
97834,2.746503,22,real,-1,1
97855,1.61348,21,real,-1,0
97889,7.695817,34,real,-1,13
97931,6.645964,42,real,-1,21
97970,8.427148,39,real,-1,18
97993,3.719439,23,real,-1,2
98026,4.690608,33,real,-1,12
98057,-6.190136,31,real,-1,10
98098,1.531107,41,real,-1,20
98124,6.069462,26,real,-1,5
98163,0.706445,39,real,-1,18
98195,-2.64314,32,real,-1,11
98228,-3.466532,33,real,-1,12
98267,0.865388,39,real,-1,18
98307,1.636656,40,real,-1,19
98340,0.429469,33,real,-1,12
98375,5.778033,35,real,-1,14
98399,-0.835316,24,real,-1,3
98428,3.669441,29,real,-1,8
98462,4.968401,34,real,-1,13
98504,1.676548,42,real,-1,21
98533,1.626809,29,real,-1,8
98573,-3.560307,40,real,-1,19
98599,-0.870741,26,real,-1,5
98620,3.665286,21,real,-1,0
98651,5.231146,31,real,-1,10
98687,-8.316323,36,real,-1,15
98721,0.426808,34,real,-1,13
98762,0.930971,41,real,-1,20
98804,-0.003638,42,real,-1,21
98845,1.040288,41,real,-1,20
98872,0.744922,27,real,-1,6
98895,0.117031,23,real,-1,2
98920,-0.788003,25,real,-1,4
98945,-1.2793,25,real,-1,4
98972,5.621744,27,real,-1,6
99011,2.973434,39,real,-1,18
99047,7.812181,36,real,-1,15
99078,-5.322872,31,real,-1,10
99102,0.272699,24,real,-1,3
99130,-4.488283,28,real,-1,7
99168,6.041129,38,real,-1,17
99210,3.66588,42,real,-1,21
99243,5.541769,33,real,-1,12
99280,1.305963,37,real,-1,16
99308,5.873318,28,real,-1,7
99347,3.207043,39,real,-1,18
99375,-3.815143,28,real,-1,7
99409,9.772597,34,real,-1,13
99445,4.296039,36,real,-1,15
99484,-9.528643,39,real,-1,18
99522,7.014962,38,real,-1,17
99553,-7.895972,31,real,-1,10
99590,5.239146,37,real,-1,16
99615,4.720051,25,real,-1,4
99641,6.729746,26,real,-1,5
99664,-2.606028,23,real,-1,2
99698,4.213344,34,real,-1,13
99728,-2.895442,30,real,-1,9
99759,-1.979899,31,real,-1,10
99787,5.930735,28,real,-1,7
99824,3.56809,37,real,-1,16
99847,1.22166,23,real,-1,2
99888,7.702012,41,real,-1,20
99925,4.668054,37,real,-1,16
99957,5.793692,32,real,-1,11
99999,7.400733,42,real,-1,21
100030,-0.56036,31,real,-1,10
100071,-0.217883,41,real,-1,20
100095,-3.148768,24,real,-1,3
100131,1.797117,36,real,-1,15
100159,3.250172,28,real,-1,7
100197,2.884299,38,real,-1,17
100231,-1.767343,34,real,-1,13
100265,-3.541578,34,real,-1,13
100298,3.805319,33,real,-1,12
100328,6.360044,30,real,-1,9
100366,-10.966327,38,real,-1,17
100400,3.145023,34,real,-1,13
100427,1.716286,27,real,-1,6
100455,-1.640467,28,real,-1,7
100490,5.421158,35,real,-1,14
100520,-1.137288,30,real,-1,9
100541,-2.744133,21,real,-1,0
100565,-6.583777,24,real,-1,3
100598,1.863907,33,real,-1,12
100620,-0.396308,22,real,-1,1
100643,-6.298912,23,real,-1,2
100681,-4.02445,38,real,-1,17
100714,2.506385,33,real,-1,12
100742,1.963482,28,real,-1,7
100763,1.184096,21,real,-1,0
100794,4.576067,31,real,-1,10
100824,5.487929,30,real,-1,9
100854,5.532885,30,real,-1,9
100878,0.80086,24,real,-1,3
100912,2.247953,34,real,-1,13
100934,3.520186,22,real,-1,1
100962,3.219819,28,real,-1,7
100996,-5.053314,34,real,-1,13
101019,0.297384,23,real,-1,2
101040,0.374136,21,real,-1,0
101064,0.68031,24,real,-1,3
101097,5.215061,33,real,-1,12
101139,4.540746,42,real,-1,21
101165,-2.307611,26,real,-1,5
101187,-4.535751,22,real,-1,1
101213,-5.166606,26,real,-1,5
101255,4.715908,42,real,-1,21
101286,1.173208,31,real,-1,10
101319,-0.305891,33,real,-1,12
101345,3.180746,26,real,-1,5
101366,-0.595209,21,real,-1,0
101393,4.704943,27,real,-1,6
101417,3.926511,24,real,-1,3
101441,-3.365684,24,real,-1,3
101479,1.331804,38,real,-1,17
101515,2.609064,36,real,-1,15
101538,3.780088,23,real,-1,2
101572,-0.738362,34,real,-1,13
101612,1.290029,40,real,-1,19
101653,2.325792,41,real,-1,20
101689,2.355373,36,real,-1,15
101716,4.090278,27,real,-1,6
101748,4.969399,32,real,-1,11
101781,-6.177806,33,real,-1,12
101811,0.079128,30,real,-1,9
101850,-0.734261,39,real,-1,18
101876,3.413628,26,real,-1,5
101898,2.324148,22,real,-1,1
101929,-1.996052,31,real,-1,10
101950,-0.456686,21,real,-1,0
101990,3.339412,40,real,-1,19
102021,6.658682,31,real,-1,10
102046,7.667419,25,real,-1,4
102088,10.062805,42,real,-1,21
102127,5.42849,39,real,-1,18
102166,5.966143,39,real,-1,18
102188,-11.343773,22,real,-1,1
102229,7.815542,41,real,-1,20
102257,4.159972,28,real,-1,7
102293,1.469962,36,real,-1,15
102319,4.933696,26,real,-1,5
102350,3.899268,31,real,-1,10
102388,-0.161463,38,real,-1,17
102418,6.956441,30,real,-1,9
102445,4.15896,27,real,-1,6
102473,0.510539,28,real,-1,7
102515,2.35307,42,real,-1,21
102541,-1.007551,26,real,-1,5
102577,-1.164529,36,real,-1,15
102600,3.5576,23,real,-1,2
102626,0.664293,26,real,-1,5
102668,0.480814,42,real,-1,21
102702,-8.75508,34,real,-1,13
102736,3.380631,34,real,-1,13
102763,6.777568,27,real,-1,6
102790,2.517475,27,real,-1,6
102814,6.405426,24,real,-1,3
102849,-3.712118,35,real,-1,14
102872,3.724541,23,real,-1,2
102902,-0.008722,30,real,-1,9
102933,3.344069,31,real,-1,10
102960,4.33247,27,real,-1,6
102987,-3.53798,27,real,-1,6
103010,3.787537,23,real,-1,2
103031,6.507026,21,real,-1,0
103061,-2.109688,30,real,-1,9
103098,4.244363,37,real,-1,16
103138,4.698383,40,real,-1,19
103178,3.114495,40,real,-1,19
103208,-7.89026,30,real,-1,9
103238,2.51621,30,real,-1,9
103266,7.994687,28,real,-1,7
103291,-1.021024,25,real,-1,4
103326,5.649706,35,real,-1,14
103362,5.840845,36,real,-1,15
103389,1.902457,27,real,-1,6
103428,3.086153,39,real,-1,18
103462,3.818023,34,real,-1,13
103484,4.827832,22,real,-1,1
103526,5.453833,42,real,-1,21
103568,4.402402,42,real,-1,21
103606,1.288303,38,real,-1,17
103648,-2.39756,42,real,-1,21
103676,-2.291607,28,real,-1,7
103699,0.475396,23,real,-1,2
103739,5.506438,40,real,-1,19
103762,1.413816,23,real,-1,2
103783,0.471433,21,real,-1,0
103807,0.438604,24,real,-1,3
103840,0.959306,33,real,-1,12
103882,4.08646,42,real,-1,21
103903,0.6265,21,real,-1,0
103935,6.500869,32,real,-1,11
103956,4.726239,21,real,-1,0
103986,1.632356,30,real,-1,9
104007,4.390722,21,real,-1,0
104046,3.675576,39,real,-1,18
104070,3.066683,24,real,-1,3
104095,-4.668504,25,real,-1,4
104118,-3.974514,23,real,-1,2
104152,-0.557124,34,real,-1,13
104189,6.401729,37,real,-1,16
104214,0.003045,25,real,-1,4
104250,-2.052405,36,real,-1,15
104283,-7.379032,33,real,-1,12
104307,-5.116715,24,real,-1,3
104344,-0.127335,37,real,-1,16
104374,4.139727,30,real,-1,9
104401,-1.934131,27,real,-1,6
104435,-0.113102,34,real,-1,13
104466,0.104882,31,real,-1,10
104488,2.964313,22,real,-1,1
104522,3.689121,34,real,-1,13
104543,2.699389,21,real,-1,0
104564,2.506438,21,real,-1,0
104601,8.719509,37,real,-1,16
104629,3.50568,28,real,-1,7
104650,7.528254,21,real,-1,0
104685,5.479576,35,real,-1,14
104719,3.860118,34,real,-1,13
104754,-2.053398,35,real,-1,14
104784,-8.611531,30,real,-1,9
104812,-3.258016,28,real,-1,7
104846,2.487005,34,real,-1,13
104870,3.303828,24,real,-1,3
104896,-4.537593,26,real,-1,5
104928,2.827524,32,real,-1,11
104953,-3.163187,25,real,-1,4
104982,7.428029,29,real,-1,8
105010,-0.225051,28,real,-1,7
105035,3.025959,25,real,-1,4
105071,-2.679855,36,real,-1,15
105092,1.324977,21,real,-1,0
105124,1.861876,32,real,-1,11
105152,-1.423857,28,real,-1,7
105184,1.486384,32,real,-1,11
105216,6.801404,32,real,-1,11
105238,5.73628,22,real,-1,1
105273,3.240446,35,real,-1,14
105300,3.048481,27,real,-1,6
105341,11.975083,41,real,-1,20
105366,5.539294,25,real,-1,4
105396,10.8908,30,real,-1,9
105423,-7.531681,27,real,-1,6
105452,4.441808,29,real,-1,8
105476,-5.005946,24,real,-1,3
105510,7.206878,34,real,-1,13
105533,-0.221431,23,real,-1,2
105565,1.068639,32,real,-1,11
105605,7.077535,40,real,-1,19
105640,-4.525924,35,real,-1,14
105681,-1.45367,41,real,-1,20
105713,3.083191,32,real,-1,11
105754,0.996709,41,real,-1,20
105790,4.142543,36,real,-1,15
105820,1.755258,30,real,-1,9
105855,-5.19521,35,real,-1,14
105887,2.289433,32,real,-1,11
105908,0.223714,21,real,-1,0
105941,-6.152687,33,real,-1,12
105976,7.21823,35,real,-1,14
106010,4.79638,34,real,-1,13
106051,-5.512619,41,real,-1,20
106091,-0.80516,40,real,-1,19
106130,6.322931,39,real,-1,18
106151,-0.58359,21,real,-1,0
106177,-2.75457,26,real,-1,5
106218,3.019249,41,real,-1,20
106249,1.272195,31,real,-1,10
106277,-0.944678,28,real,-1,7
106298,0.388809,21,real,-1,0
106328,4.413994,30,real,-1,9
106358,-8.050328,30,real,-1,9
106382,2.358528,24,real,-1,3
106405,-2.305115,23,real,-1,2
106441,5.141345,36,real,-1,15
106474,-0.932049,33,real,-1,12
106514,11.154942,40,real,-1,19
106553,-0.685524,39,real,-1,18
106577,-0.780969,24,real,-1,3
106602,2.307538,25,real,-1,4
106644,3.678438,42,real,-1,21
106686,4.444959,42,real,-1,21
106728,-1.437539,42,real,-1,21
106764,4.918325,36,real,-1,15
106791,4.907608,27,real,-1,6
106814,2.053104,23,real,-1,2
106854,0.685583,40,real,-1,19
106893,3.598471,39,real,-1,18
106923,-0.39162,30,real,-1,9
106960,9.373905,37,real,-1,16
106994,-0.073502,34,real,-1,13
107024,6.890505,30,real,-1,9
107062,7.50083,38,real,-1,17
107095,6.08218,33,real,-1,12
107134,2.394921,39,real,-1,18
107158,6.033477,24,real,-1,3
107193,4.297833,35,real,-1,14
107222,1.24811,29,real,-1,8
107243,0.827054,21,real,-1,0
107265,-0.08561,22,real,-1,1
107290,4.184266,25,real,-1,4
107314,0.320806,24,real,-1,3
107335,4.85433,21,real,-1,0
107357,7.021398,22,real,-1,1
107381,2.908303,24,real,-1,3
107411,-0.760046,30,real,-1,9
107437,-2.851949,26,real,-1,5
107459,3.486286,22,real,-1,1
107484,0.315534,25,real,-1,4
107521,3.40487,37,real,-1,16
107548,2.552748,27,real,-1,6
107581,0.663274,33,real,-1,12
107612,-4.890904,31,real,-1,10
107645,5.811823,33,real,-1,12
107680,6.920233,35,real,-1,14
107706,1.734547,26,real,-1,5
107738,4.065792,32,real,-1,11
107767,-7.691713,29,real,-1,8
107803,6.592235,36,real,-1,15
107827,3.4964,24,real,-1,3
107861,11.355596,34,real,-1,13
107896,7.947379,35,real,-1,14
107928,11.445267,32,real,-1,11
107950,-0.548754,22,real,-1,1
107972,-0.674264,22,real,-1,1
107998,-1.257736,26,real,-1,5
108028,4.009276,30,real,-1,9
108063,4.11919,35,real,-1,14
108097,2.028076,34,real,-1,13
108122,3.101096,25,real,-1,4
108161,-1.269473,39,real,-1,18
108203,11.370206,42,real,-1,21
108237,-5.291844,34,real,-1,13
108265,0.450218,28,real,-1,7
108306,3.115114,41,real,-1,20
108327,1.12658,21,real,-1,0
108365,-9.437866,38,real,-1,17
108386,1.828322,21,real,-1,0
108411,1.325074,25,real,-1,4
108447,-3.786783,36,real,-1,15
108478,-0.097371,31,real,-1,10
108500,5.284427,22,real,-1,1
108539,3.532418,39,real,-1,18
108562,3.476731,23,real,-1,2
108585,0.365127,23,real,-1,2
108610,2.405557,25,real,-1,4
108639,0.718615,29,real,-1,8
108680,2.774878,41,real,-1,20
108718,-2.110929,38,real,-1,17
108754,7.642886,36,real,-1,15
108796,4.122537,42,real,-1,21
108827,-4.472036,31,real,-1,10
108866,5.263211,39,real,-1,18
108895,2.528364,29,real,-1,8
108935,8.628439,40,real,-1,19
108956,-0.398696,21,real,-1,0
108998,-0.767739,42,real,-1,21
109019,7.146065,21,real,-1,0
109050,0.100376,31,real,-1,10
109083,1.575545,33,real,-1,12
109105,-3.314848,22,real,-1,1
109139,1.332647,34,real,-1,13
109171,9.665763,32,real,-1,11
109211,8.478915,40,real,-1,19
109237,5.163334,26,real,-1,5
109269,0.023542,32,real,-1,11
109311,8.871941,42,real,-1,21
109343,0.647569,32,real,-1,11
109367,5.904894,24,real,-1,3
109409,4.127773,42,real,-1,21
109435,-3.244102,26,real,-1,5
109464,5.050764,29,real,-1,8
109503,-0.368965,39,real,-1,18
109534,2.674119,31,real,-1,10
109562,8.146027,28,real,-1,7
109603,-2.126318,41,real,-1,20
109639,7.411277,36,real,-1,15
109663,5.126797,24,real,-1,3
109691,-6.389225,28,real,-1,7
109731,5.56778,40,real,-1,19
109758,5.373222,27,real,-1,6
109791,-1.807988,33,real,-1,12
109821,-7.853752,30,real,-1,9
109850,10.303304,29,real,-1,8
109882,2.769875,32,real,-1,11
109919,6.579585,37,real,-1,16
109941,-8.655736,22,real,-1,1
109971,-1.487624,30,real,-1,9
110012,3.5057,41,real,-1,20
110037,0.028661,25,real,-1,4
110077,-0.898524,40,real,-1,19
110098,6.552728,21,real,-1,0
110128,2.971054,30,real,-1,9
110167,0.883531,39,real,-1,18
110190,-0.873392,23,real,-1,2
110231,8.137668,41,real,-1,20
110269,4.795245,38,real,-1,17
110310,4.557826,41,real,-1,20
110332,2.21579,22,real,-1,1
110353,10.772744,21,real,-1,0
110380,3.675229,27,real,-1,6
110402,1.557868,22,real,-1,1
110440,7.20154,38,real,-1,17
110474,2.825941,34,real,-1,13
110497,2.946183,23,real,-1,2
110522,-0.563516,25,real,-1,4
110560,3.590979,38,real,-1,17
110590,3.030515,30,real,-1,9
110619,8.003366,29,real,-1,8
110654,5.633942,35,real,-1,14
110685,10.84592,31,real,-1,10
110717,3.824919,32,real,-1,11
110757,5.05182,40,real,-1,19
110781,-5.330402,24,real,-1,3
110807,4.992318,26,real,-1,5
110846,6.171822,39,real,-1,18
110872,3.744358,26,real,-1,5
110898,1.160661,26,real,-1,5
110937,-7.409433,39,real,-1,18
110971,-4.488524,34,real,-1,13
110992,1.001943,21,real,-1,0
111028,13.78515,36,real,-1,15
111050,2.485149,22,real,-1,1
111074,3.298266,24,real,-1,3
111105,3.610315,31,real,-1,10
111130,3.660379,25,real,-1,4
111152,3.344268,22,real,-1,1
111176,5.32366,24,real,-1,3
111208,-5.092041,32,real,-1,11
111232,5.7134,24,real,-1,3
111265,7.710061,33,real,-1,12
111305,6.081411,40,real,-1,19
111326,-3.490459,21,real,-1,0
111356,2.789308,30,real,-1,9
111395,8.714789,39,real,-1,18
111424,1.676283,29,real,-1,8
111462,4.523622,38,real,-1,17
111501,-0.883415,39,real,-1,18
111522,0.594529,21,real,-1,0
111549,6.017579,27,real,-1,6
111582,2.604002,33,real,-1,12
111618,-1.326201,36,real,-1,15
111645,2.874122,27,real,-1,6
111681,8.052845,36,real,-1,15
111707,-3.484446,26,real,-1,5
111749,9.445901,42,real,-1,21
111772,5.019984,23,real,-1,2
111807,4.09401,35,real,-1,14
111845,-0.045516,38,real,-1,17
111870,0.879341,25,real,-1,4
111905,6.238458,35,real,-1,14
111947,4.733879,42,real,-1,21
111969,1.938757,22,real,-1,1
112003,2.31751,34,real,-1,13
112038,2.216486,35,real,-1,14
112064,6.477349,26,real,-1,5
112096,0.243314,32,real,-1,11
112131,5.550863,35,real,-1,14
112162,-4.602603,31,real,-1,10
112199,5.556322,37,real,-1,16
112228,1.333885,29,real,-1,8
112261,-0.983023,33,real,-1,12
112297,1.484259,36,real,-1,15
112319,4.606917,22,real,-1,1
112360,1.139415,41,real,-1,20
112390,3.90859,30,real,-1,9
112412,4.529591,22,real,-1,1
112448,0.459297,36,real,-1,15
112478,5.737456,30,real,-1,9
112519,4.981363,41,real,-1,20
112543,3.487532,24,real,-1,3
112571,10.578304,28,real,-1,7
112610,8.142338,39,real,-1,18
112632,5.496075,22,real,-1,1
112663,2.849048,31,real,-1,10
112693,-1.929666,30,real,-1,9
112725,3.026033,32,real,-1,11
112746,0.489897,21,real,-1,0
112771,4.509488,25,real,-1,4
112806,1.466942,35,real,-1,14
112843,3.699715,37,real,-1,16
112878,4.715601,35,real,-1,14
112919,3.13593,41,real,-1,20
112952,8.47328,33,real,-1,12
112982,-0.770154,30,real,-1,9
113017,6.912663,35,real,-1,14
113050,9.519091,33,real,-1,12
113091,7.7105,41,real,-1,20
113130,1.053885,39,real,-1,18
113166,5.969816,36,real,-1,15
113194,4.866813,28,real,-1,7
113224,2.884652,30,real,-1,9
113266,0.241403,42,real,-1,21
113301,2.67892,35,real,-1,14
113342,7.588039,41,real,-1,20
113363,7.588668,21,real,-1,0
113392,4.409021,29,real,-1,8
113430,5.824713,38,real,-1,17
113465,7.013838,35,real,-1,14
113486,5.477502,21,real,-1,0
113527,-2.139894,41,real,-1,20
113568,8.492786,41,real,-1,20
113605,-1.240489,37,real,-1,16
113633,6.242857,28,real,-1,7
113654,-3.135816,21,real,-1,0
113678,-2.477482,24,real,-1,3
113699,-0.917263,21,real,-1,0
113721,-1.748642,22,real,-1,1
113762,-0.610377,41,real,-1,20
113793,-0.677025,31,real,-1,10
113824,5.219421,31,real,-1,10
113863,-4.631696,39,real,-1,18
113893,6.828357,30,real,-1,9
113921,1.716563,28,real,-1,7
113961,4.399688,40,real,-1,19
113993,4.503641,32,real,-1,11
114035,3.165193,42,real,-1,21
114068,6.623629,33,real,-1,12
114106,-5.373407,38,real,-1,17
114140,5.620815,34,real,-1,13
114162,-2.531575,22,real,-1,1
114199,2.980614,37,real,-1,16
114237,10.511988,38,real,-1,17
114274,6.315982,37,real,-1,16
114307,4.381125,33,real,-1,12
114335,-4.466634,28,real,-1,7
114377,-8.362808,42,real,-1,21
114418,-5.396958,41,real,-1,20
114448,-1.694482,30,real,-1,9
114485,2.824033,37,real,-1,16
114525,2.504584,40,real,-1,19
114565,-5.089133,40,real,-1,19
114593,7.53198,28,real,-1,7
114620,-1.839005,27,real,-1,6
114661,6.566809,41,real,-1,20
114686,6.728186,25,real,-1,4
114724,4.064498,38,real,-1,17
114761,-3.217235,37,real,-1,16
114792,1.98967,31,real,-1,10
114819,7.127989,27,real,-1,6
114860,-3.807358,41,real,-1,20
114899,7.896961,39,real,-1,18
114926,-0.144117,27,real,-1,6
114948,-0.72538,22,real,-1,1
114987,-3.036454,39,real,-1,18
115009,0.680876,22,real,-1,1
115030,-2.953967,21,real,-1,0
115068,7.100804,38,real,-1,17
115094,3.065812,26,real,-1,5
115120,-2.070795,26,real,-1,5
115162,10.9214,42,real,-1,21
115186,4.093235,24,real,-1,3
115216,4.043703,30,real,-1,9
115253,2.980824,37,real,-1,16
115281,-1.599381,28,real,-1,7
115318,1.968025,37,real,-1,16
115341,2.908879,23,real,-1,2
115369,1.394017,28,real,-1,7
115396,5.738975,27,real,-1,6
115435,3.131012,39,real,-1,18
115469,-0.014979,34,real,-1,13
115499,-8.602012,30,real,-1,9
115537,11.366722,38,real,-1,17
115575,1.022695,38,real,-1,17
115612,4.830027,37,real,-1,16
115646,3.425054,34,real,-1,13
115679,2.646855,33,real,-1,12
115719,2.772617,40,real,-1,19
115756,-1.449174,37,real,-1,16
115790,4.754769,34,real,-1,13
115826,10.392968,36,real,-1,15
115868,7.500773,42,real,-1,21
115904,5.963762,36,real,-1,15
115933,2.668962,29,real,-1,8
115970,6.551795,37,real,-1,16
116012,-2.956506,42,real,-1,21
116046,3.402523,34,real,-1,13
116068,7.453109,22,real,-1,1
116099,-0.03133,31,real,-1,10
116125,4.170216,26,real,-1,5
116162,1.530683,37,real,-1,16
116197,3.538232,35,real,-1,14
116219,5.934775,22,real,-1,1
116258,4.533394,39,real,-1,18
116294,4.964894,36,real,-1,15
116330,1.963746,36,real,-1,15
116353,6.928086,23,real,-1,2
116394,5.925984,41,real,-1,20
116417,2.145472,23,real,-1,2
116447,0.55944,30,real,-1,9
116485,2.782454,38,real,-1,17
116525,3.964214,40,real,-1,19
116562,3.629674,37,real,-1,16
116595,-5.133294,33,real,-1,12
116629,4.53101,34,real,-1,13
116651,-0.434639,22,real,-1,1
116689,4.316284,38,real,-1,17
116731,-0.725191,42,real,-1,21
116771,2.656621,40,real,-1,19
116813,6.462512,42,real,-1,21
116846,10.736775,33,real,-1,12
116884,0.175087,38,real,-1,17
116914,-1.736104,30,real,-1,9
116940,-4.974263,26,real,-1,5
116961,-1.6531,21,real,-1,0
116997,-3.04881,36,real,-1,15
117025,-4.622601,28,real,-1,7
117063,1.009205,38,real,-1,17
117103,10.048532,40,real,-1,19
117125,-1.991362,22,real,-1,1
117150,2.036363,25,real,-1,4
117171,3.405706,21,real,-1,0
117197,-2.645912,26,real,-1,5
117226,2.699596,29,real,-1,8
117259,-0.343671,33,real,-1,12
117297,4.126054,38,real,-1,17
117333,2.790587,36,real,-1,15
117360,0.20815,27,real,-1,6
117402,9.691465,42,real,-1,21
117423,-1.081697,21,real,-1,0
117446,1.576673,23,real,-1,2
117467,5.456135,21,real,-1,0
117504,0.1044,37,real,-1,16
117534,2.677511,30,real,-1,9
117564,3.941481,30,real,-1,9
117602,1.029063,38,real,-1,17
117637,3.454873,35,real,-1,14
117671,4.614047,34,real,-1,13
117704,0.950085,33,real,-1,12
117732,7.425257,28,real,-1,7
117768,4.362405,36,real,-1,15
117796,5.867218,28,real,-1,7
117824,0.800792,28,real,-1,7
117845,-1.694617,21,real,-1,0
117876,-2.327324,31,real,-1,10
117916,-5.390631,40,real,-1,19
117953,1.686055,37,real,-1,16
117993,6.140567,40,real,-1,19
118035,-2.270974,42,real,-1,21
118069,0.888924,34,real,-1,13
118104,3.00362,35,real,-1,14
118141,2.103389,37,real,-1,16
118177,8.122346,36,real,-1,15
118207,9.029779,30,real,-1,9
118237,4.471042,30,real,-1,9
118271,2.610035,34,real,-1,13
118292,-3.839249,21,real,-1,0
118331,12.489475,39,real,-1,18
118368,11.100579,37,real,-1,16
118396,2.316246,28,real,-1,7
118428,0.952747,32,real,-1,11
118456,0.235229,28,real,-1,7
118492,5.819071,36,real,-1,15
118530,3.047107,38,real,-1,17
118555,2.695858,25,real,-1,4
118577,2.531781,22,real,-1,1
118606,-5.34764,29,real,-1,8
118631,-2.602674,25,real,-1,4
118661,-2.090104,30,real,-1,9
118695,1.726437,34,real,-1,13
118719,-7.428208,24,real,-1,3
118745,8.484762,26,real,-1,5
118769,-6.333938,24,real,-1,3
118791,-6.445616,22,real,-1,1
118815,2.073514,24,real,-1,3
118849,-1.190612,34,real,-1,13
118880,3.410086,31,real,-1,10
118911,8.477239,31,real,-1,10
118951,4.673395,40,real,-1,19
118972,-1.127116,21,real,-1,0
118998,1.056762,26,real,-1,5
119025,8.042317,27,real,-1,6
119054,-4.283271,29,real,-1,8
119077,0.498881,23,real,-1,2
119117,5.919055,40,real,-1,19
119141,0.612059,24,real,-1,3
119180,-3.025645,39,real,-1,18
119207,4.196098,27,real,-1,6
119228,0.843914,21,real,-1,0
119255,0.666504,27,real,-1,6
119279,-2.658893,24,real,-1,3
119312,10.072033,33,real,-1,12
119353,2.645053,41,real,-1,20
119385,6.450278,32,real,-1,11
119416,-0.657094,31,real,-1,10
119452,1.79635,36,real,-1,15
119478,0.975493,26,real,-1,5
119502,4.983218,24,real,-1,3
119535,0.442234,33,real,-1,12
119565,-1.819514,30,real,-1,9
119586,1.440598,21,real,-1,0
119612,-1.742288,26,real,-1,5
119640,5.494934,28,real,-1,7
119682,1.250681,42,real,-1,21
119708,5.157167,26,real,-1,5
119748,-0.141617,40,real,-1,19
119773,1.232699,25,real,-1,4
119811,4.659863,38,real,-1,17
119842,-1.030875,31,real,-1,10
119870,-2.407349,28,real,-1,7
119896,2.26649,26,real,-1,5
119917,4.242352,21,real,-1,0
119958,0.401912,41,real,-1,20
119983,10.381573,25,real,-1,4
120007,0.275912,24,real,-1,3
120031,3.449224,24,real,-1,3
120071,3.115128,40,real,-1,19
120101,-3.638888,30,real,-1,9
120128,8.830431,27,real,-1,6
120166,0.876623,38,real,-1,17
120187,2.10538,21,real,-1,0
120221,16.433334,34,real,-1,13
120256,-0.43731,35,real,-1,14
120286,1.614976,30,real,-1,9
120309,-8.516957,23,real,-1,2
120347,-5.798727,38,real,-1,17
120376,-4.098303,29,real,-1,8
120418,3.802253,42,real,-1,21
120451,7.227567,33,real,-1,12
120485,0.712486,34,real,-1,13
120526,1.559342,41,real,-1,20
120553,-6.273952,27,real,-1,6
120591,-0.928059,38,real,-1,17
120618,-1.530554,27,real,-1,6
120642,0.544807,24,real,-1,3
120675,5.589835,33,real,-1,12
120705,2.671011,30,real,-1,9
120746,-5.999204,41,real,-1,20
120779,5.46948,33,real,-1,12
120815,-0.602583,36,real,-1,15
120836,6.597109,21,real,-1,0
120861,-0.226003,25,real,-1,4
120883,-0.728796,22,real,-1,1
120914,-0.873088,31,real,-1,10
120940,6.520718,26,real,-1,5
120974,10.989502,34,real,-1,13
120996,2.742516,22,real,-1,1
121029,0.647551,33,real,-1,12
121051,2.206682,22,real,-1,1
121081,-1.89444,30,real,-1,9
121102,-0.583942,21,real,-1,0
121141,9.537147,39,real,-1,18
121177,3.127047,36,real,-1,15
121211,-0.36059,34,real,-1,13
121246,1.143842,35,real,-1,14
121281,-2.687004,35,real,-1,14
121308,5.745129,27,real,-1,6
121343,11.212914,35,real,-1,14
121368,4.762433,25,real,-1,4
121405,10.898227,37,real,-1,16
121432,-0.83033,27,real,-1,6
121465,4.554411,33,real,-1,12
121486,1.537088,21,real,-1,0
121522,4.079815,36,real,-1,15
121551,7.950077,29,real,-1,8
121586,2.736515,35,real,-1,14
121619,6.111619,33,real,-1,12
121655,7.637497,36,real,-1,15
121692,-3.430179,37,real,-1,16
121727,3.252731,35,real,-1,14
121751,0.573254,24,real,-1,3
121781,0.944214,30,real,-1,9
121815,0.66507,34,real,-1,13
121844,2.385103,29,real,-1,8
121871,0.069814,27,real,-1,6
121896,5.08082,25,real,-1,4
121932,5.834887,36,real,-1,15
121966,1.434323,34,real,-1,13
121994,4.205253,28,real,-1,7
122018,-0.475712,24,real,-1,3
122042,0.367195,24,real,-1,3
122066,-0.958218,24,real,-1,3
122090,-1.771579,24,real,-1,3
122116,6.547185,26,real,-1,5
122157,1.869685,41,real,-1,20
122185,-1.310732,28,real,-1,7
122223,-3.647216,38,real,-1,17
122250,4.63856,27,real,-1,6
122290,-1.607534,40,real,-1,19
122320,-1.220593,30,real,-1,9
122350,1.581878,30,real,-1,9
122378,-8.141762,28,real,-1,7
122416,-6.89367,38,real,-1,17
122455,5.772045,39,real,-1,18
122484,2.590883,29,real,-1,8
122521,1.889598,37,real,-1,16
122548,11.814616,27,real,-1,6
122578,-6.516858,30,real,-1,9
122608,2.136786,30,real,-1,9
122649,1.157542,41,real,-1,20
122691,8.221752,42,real,-1,21
122715,-0.965417,24,real,-1,3
122743,-1.148837,28,real,-1,7
122775,-5.1005,32,real,-1,11
122810,5.648294,35,real,-1,14
122833,-4.228711,23,real,-1,2
122865,3.532966,32,real,-1,11
122895,10.178701,30,real,-1,9
122933,-4.083051,38,real,-1,17
122975,0.107057,42,real,-1,21
123010,2.022746,35,real,-1,14
123050,-3.243662,40,real,-1,19
123090,5.511534,40,real,-1,19
123117,1.581333,27,real,-1,6
123152,-0.590166,35,real,-1,14
123178,4.549259,26,real,-1,5
123209,-1.500068,31,real,-1,10
123251,8.278249,42,real,-1,21
123284,-7.435909,33,real,-1,12
123323,-1.217535,39,real,-1,18
123349,0.563347,26,real,-1,5
123390,2.712514,41,real,-1,20
123429,-2.504836,39,real,-1,18
123453,-7.706458,24,real,-1,3
123480,4.188838,27,real,-1,6
123519,4.530803,39,real,-1,18
123558,7.111213,39,real,-1,18
123596,-4.169638,38,real,-1,17
123619,-0.913172,23,real,-1,2
123654,-1.02781,35,real,-1,14
123694,8.747038,40,real,-1,19
123734,4.294117,40,real,-1,19
123763,5.533635,29,real,-1,8
123796,0.493859,33,real,-1,12
123838,-0.706541,42,real,-1,21
123874,7.846368,36,real,-1,15
123896,1.769789,22,real,-1,1
123935,0.319879,39,real,-1,18
123960,8.839369,25,real,-1,4
123998,7.222192,38,real,-1,17
124022,9.095657,24,real,-1,3
124063,3.460925,41,real,-1,20
124096,5.467212,33,real,-1,12
124120,5.100034,24,real,-1,3
124162,1.446145,42,real,-1,21
124197,2.50671,35,real,-1,14
124238,0.984345,41,real,-1,20
124272,3.093645,34,real,-1,13
124294,-4.745392,22,real,-1,1
124319,-1.620961,25,real,-1,4
124352,6.770163,33,real,-1,12
124387,-2.994286,35,real,-1,14
124411,5.922562,24,real,-1,3
124446,-0.883159,35,real,-1,14
124481,4.20547,35,real,-1,14
124517,-0.146189,36,real,-1,15
124543,3.648967,26,real,-1,5
124569,2.745474,26,real,-1,5
124593,1.558318,24,real,-1,3
124626,4.356588,33,real,-1,12
124653,-1.812632,27,real,-1,6
124687,1.884173,34,real,-1,13
124723,3.098061,36,real,-1,15
124758,-1.528905,35,real,-1,14
124791,-3.699789,33,real,-1,12
124819,2.121107,28,real,-1,7
124856,11.142533,37,real,-1,16
124885,8.309255,29,real,-1,8
124916,1.631978,31,real,-1,10
124952,-4.046973,36,real,-1,15
124988,0.206416,36,real,-1,15
125028,-1.680823,40,real,-1,19
125058,-0.422186,30,real,-1,9
125094,-1.494079,36,real,-1,15
125115,1.511148,21,real,-1,0
125150,4.102466,35,real,-1,14
125182,3.076406,32,real,-1,11
125213,6.712851,31,real,-1,10
125240,1.795385,27,real,-1,6
125264,8.470242,24,real,-1,3
125296,1.142124,32,real,-1,11
125333,3.903507,37,real,-1,16
125373,0.955218,40,real,-1,19
125394,5.416892,21,real,-1,0
125420,-0.622245,26,real,-1,5
125448,6.884203,28,real,-1,7
125483,0.498714,35,real,-1,14
125517,3.297335,34,real,-1,13
125557,-2.760915,40,real,-1,19
125593,5.353537,36,real,-1,15
125619,2.901758,26,real,-1,5
125655,0.07312,36,real,-1,15
125681,9.290131,26,real,-1,5
125716,2.606699,35,real,-1,14
125753,10.491581,37,real,-1,16
125785,3.868981,32,real,-1,11
125811,-1.28707,26,real,-1,5
125845,-5.063512,34,real,-1,13
125886,0.327539,41,real,-1,20
125922,5.679378,36,real,-1,15
125958,7.715578,36,real,-1,15
125998,4.310722,40,real,-1,19
126027,1.986876,29,real,-1,8
126053,7.049374,26,real,-1,5
126086,1.875836,33,real,-1,12
126119,1.940783,33,real,-1,12
126159,6.477723,40,real,-1,19
126198,2.978517,39,real,-1,18
126230,-0.548871,32,real,-1,11
126256,3.646415,26,real,-1,5
126291,2.160768,35,real,-1,14
126322,2.639877,31,real,-1,10
126358,5.791298,36,real,-1,15
126382,4.182915,24,real,-1,3
126415,4.276462,33,real,-1,12
126437,-3.119745,22,real,-1,1
126476,13.275293,39,real,-1,18
126515,1.816822,39,real,-1,18
126539,0.726362,24,real,-1,3
126564,-0.07599,25,real,-1,4
126589,1.518751,25,real,-1,4
126627,6.222701,38,real,-1,17
126665,-4.021876,38,real,-1,17
126689,-3.091586,24,real,-1,3
126715,-0.386403,26,real,-1,5
126756,6.708323,41,real,-1,20
126781,1.29609,25,real,-1,4
126809,2.415996,28,real,-1,7
126844,5.161072,35,real,-1,14
126878,-1.757502,34,real,-1,13
126903,2.337324,25,real,-1,4
126940,1.823569,37,real,-1,16
126978,3.545899,38,real,-1,17
127013,7.511044,35,real,-1,14
127054,0.128583,41,real,-1,20
127086,9.955223,32,real,-1,11
127121,7.369559,35,real,-1,14
127143,2.934441,22,real,-1,1
127164,0.091968,21,real,-1,0
127187,2.306476,23,real,-1,2
127216,4.543549,29,real,-1,8
127253,-0.214306,37,real,-1,16
127294,6.340287,41,real,-1,20
127331,5.080336,37,real,-1,16
127359,-0.196882,28,real,-1,7
127401,-3.847683,42,real,-1,21
127431,7.79382,30,real,-1,9
127469,3.10791,38,real,-1,17
127491,-2.06534,22,real,-1,1
127512,-4.017998,21,real,-1,0
127541,-1.538512,29,real,-1,8
127583,-0.22707,42,real,-1,21
127609,-1.334492,26,real,-1,5
127636,-0.206932,27,real,-1,6
127670,-0.799708,34,real,-1,13
127703,4.033497,33,real,-1,12
127731,3.004201,28,real,-1,7
127770,0.903205,39,real,-1,18
127807,-0.271705,37,real,-1,16
127849,4.566329,42,real,-1,21
127870,4.000196,21,real,-1,0
127912,-0.084866,42,real,-1,21
127939,1.095709,27,real,-1,6
127961,-2.39194,22,real,-1,1
127990,4.639965,29,real,-1,8
128017,1.850857,27,real,-1,6
128044,5.804758,27,real,-1,6
128076,-0.97065,32,real,-1,11
128105,-1.989572,29,real,-1,8
128147,12.032852,42,real,-1,21
128171,1.768859,24,real,-1,3
128194,0.489712,23,real,-1,2
128233,0.521042,39,real,-1,18
128274,0.353766,41,real,-1,20
128300,3.117721,26,real,-1,5
128331,3.927099,31,real,-1,10
128355,-2.460174,24,real,-1,3
128383,3.480697,28,real,-1,7
128415,-5.873191,32,real,-1,11
128450,-3.180095,35,real,-1,14
128490,1.894668,40,real,-1,19
128525,-3.903209,35,real,-1,14
128565,4.85868,40,real,-1,19
128594,5.121218,29,real,-1,8
128634,2.824805,40,real,-1,19
128672,1.460346,38,real,-1,17
128705,7.256096,33,real,-1,12
128747,9.583546,42,real,-1,21
128776,3.456786,29,real,-1,8
128804,0.978772,28,real,-1,7
128837,-4.832112,33,real,-1,12
128870,0.16766,33,real,-1,12
128905,6.355726,35,real,-1,14
128942,3.373741,37,real,-1,16
128970,-4.017614,28,real,-1,7
129002,2.316553,32,real,-1,11
129038,5.839011,36,real,-1,15
129064,3.487657,26,real,-1,5
129103,2.085612,39,real,-1,18
129136,-8.288214,33,real,-1,12
129175,-1.829906,39,real,-1,18
129203,1.979451,28,real,-1,7
129231,4.651379,28,real,-1,7
129263,-1.506742,32,real,-1,11
129287,2.530746,24,real,-1,3
129323,-3.38461,36,real,-1,15
129345,2.939417,22,real,-1,1
129369,4.645127,24,real,-1,3
129409,-0.736521,40,real,-1,19
129434,1.654049,25,real,-1,4
129463,4.948298,29,real,-1,8
129494,-6.648301,31,real,-1,10
129533,2.865243,39,real,-1,18
129571,2.043884,38,real,-1,17
129607,-1.754318,36,real,-1,15
129642,1.148669,35,real,-1,14
129666,4.260679,24,real,-1,3
129692,3.204784,26,real,-1,5
129724,3.478716,32,real,-1,11
129757,1.551191,33,real,-1,12
129795,-5.737318,38,real,-1,17
129828,2.917161,33,real,-1,12
129868,-1.459119,40,real,-1,19
129909,-0.35381,41,real,-1,20
129943,6.247235,34,real,-1,13
129971,-0.444012,28,real,-1,7
129993,8.428851,22,real,-1,1
130033,6.46904,40,real,-1,19
130055,1.785514,22,real,-1,1
130077,-0.442205,22,real,-1,1
130102,0.39984,25,real,-1,4
130133,2.38474,31,real,-1,10
130164,3.795966,31,real,-1,10
130198,4.168979,34,real,-1,13
130230,0.819081,32,real,-1,11
130260,1.334965,30,real,-1,9
130292,5.072158,32,real,-1,11
130316,4.590142,24,real,-1,3
130350,8.210005,34,real,-1,13
130386,5.580918,36,real,-1,15
130414,-0.222772,28,real,-1,7
130438,-7.215721,24,real,-1,3
130480,1.553706,42,real,-1,21
130501,4.063303,21,real,-1,0
130538,6.400851,37,real,-1,16
130571,-8.304488,33,real,-1,12
130602,0.881101,31,real,-1,10
130642,1.78003,40,real,-1,19
130672,3.323499,30,real,-1,9
130694,3.04966,22,real,-1,1
130732,7.266667,38,real,-1,17
130766,3.750923,34,real,-1,13
130791,-1.298465,25,real,-1,4
130821,3.182529,30,real,-1,9
130847,-0.56278,26,real,-1,5
130871,-0.52892,24,real,-1,3
130901,6.177224,30,real,-1,9
130928,-2.632558,27,real,-1,6
130951,-2.778366,23,real,-1,2
130988,5.022218,37,real,-1,16
131027,-0.399785,39,real,-1,18
131069,3.192018,42,real,-1,21
131104,3.117891,35,real,-1,14
131126,1.723397,22,real,-1,1
131148,-5.143693,22,real,-1,1
131184,-5.639308,36,real,-1,15
131211,5.415229,27,real,-1,6
131232,0.256073,21,real,-1,0
131260,3.201463,28,real,-1,7
131281,3.917441,21,real,-1,0
131309,1.292311,28,real,-1,7
131337,-3.545075,28,real,-1,7
131358,-5.541584,21,real,-1,0
131399,1.64973,41,real,-1,20
131436,-1.467944,37,real,-1,16
131473,-2.324888,37,real,-1,16
131499,-0.621847,26,real,-1,5
131523,-1.264368,24,real,-1,3
131564,5.022036,41,real,-1,20
131587,-0.656458,23,real,-1,2
131611,3.056917,24,real,-1,3
131650,-2.366133,39,real,-1,18
131690,4.386565,40,real,-1,19
131719,-5.048708,29,real,-1,8
131758,-2.75106,39,real,-1,18
131779,1.253423,21,real,-1,0
131804,6.456864,25,real,-1,4
131844,6.654394,40,real,-1,19
131865,1.391303,21,real,-1,0
131903,1.652998,38,real,-1,17
131937,-10.898725,34,real,-1,13
131965,6.338119,28,real,-1,7
131991,6.01898,26,real,-1,5
132028,-4.905901,37,real,-1,16
132061,6.977519,33,real,-1,12
132088,5.225314,27,real,-1,6
132117,1.466571,29,real,-1,8
132156,9.59445,39,real,-1,18
132193,8.775112,37,real,-1,16
132215,6.369926,22,real,-1,1
132254,-0.936613,39,real,-1,18
132279,0.875993,25,real,-1,4
132318,9.407888,39,real,-1,18
132356,2.224306,38,real,-1,17
132380,3.649236,24,real,-1,3
132413,2.949575,33,real,-1,12
132451,6.084344,38,real,-1,17
132475,2.470953,24,real,-1,3
132503,3.752428,28,real,-1,7
132540,0.23849,37,real,-1,16
132574,2.11176,34,real,-1,13
132613,4.321225,39,real,-1,18
132652,3.278288,39,real,-1,18
132682,7.826032,30,real,-1,9
132719,5.250011,37,real,-1,16
132746,6.194971,27,real,-1,6
132774,-5.247748,28,real,-1,7
132806,5.429174,32,real,-1,11
132847,2.754524,41,real,-1,20
132881,-2.344917,34,real,-1,13
132918,-5.542064,37,real,-1,16
132952,5.635065,34,real,-1,13
132993,-0.486019,41,real,-1,20
133017,-0.225582,24,real,-1,3
133039,-3.307731,22,real,-1,1
133061,3.415709,22,real,-1,1
133096,4.541406,35,real,-1,14
133121,0.582637,25,real,-1,4
133163,4.031448,42,real,-1,21
133190,5.607051,27,real,-1,6
133213,-4.599706,23,real,-1,2
133236,-0.057634,23,real,-1,2
133278,-11.228258,42,real,-1,21
133314,2.375409,36,real,-1,15
133344,2.877682,30,real,-1,9
133385,2.090277,41,real,-1,20
133418,7.711691,33,real,-1,12
133441,4.778506,23,real,-1,2
133464,0.8745,23,real,-1,2
133489,2.984524,25,real,-1,4
133513,3.542089,24,real,-1,3
133535,1.180111,22,real,-1,1
133572,9.187421,37,real,-1,16
133613,4.125985,41,real,-1,20
133652,4.199066,39,real,-1,18
133678,2.135986,26,real,-1,5
133719,1.116895,41,real,-1,20
133760,4.447179,41,real,-1,20
133800,-0.578815,40,real,-1,19
133827,-3.43481,27,real,-1,6
133868,3.459702,41,real,-1,20
133889,7.207837,21,real,-1,0
133916,-1.946857,27,real,-1,6
133939,1.609576,23,real,-1,2
133966,-3.580016,27,real,-1,6
133995,-2.068581,29,real,-1,8
134037,-8.378441,42,real,-1,21
134063,3.023439,26,real,-1,5
134105,2.91118,42,real,-1,21
134147,10.09697,42,real,-1,21
134186,11.342392,39,real,-1,18
134226,4.463123,40,real,-1,19
134258,8.059382,32,real,-1,11
134300,-3.628567,42,real,-1,21
134334,-0.708804,34,real,-1,13
134372,5.646948,38,real,-1,17
134395,0.548981,23,real,-1,2
134432,-8.159745,37,real,-1,16
134468,-6.27669,36,real,-1,15
134504,4.303994,36,real,-1,15
134525,5.318769,21,real,-1,0
134552,1.907188,27,real,-1,6
134579,5.620892,27,real,-1,6
134600,1.278887,21,real,-1,0
134628,-0.773631,28,real,-1,7
134649,-3.635877,21,real,-1,0
134670,-7.104871,21,real,-1,0
134694,1.466356,24,real,-1,3
134719,4.702756,25,real,-1,4
134760,7.427762,41,real,-1,20
134797,-1.209537,37,real,-1,16
134823,2.930834,26,real,-1,5
134847,-0.574376,24,real,-1,3
134874,4.428603,27,real,-1,6
134901,5.66407,27,real,-1,6
134934,-1.12974,33,real,-1,12
134973,-2.640521,39,real,-1,18
135009,0.35803,36,real,-1,15
135044,-1.047464,35,real,-1,14
135073,1.977062,29,real,-1,8
135101,5.400679,28,real,-1,7
135124,-3.195001,23,real,-1,2
135162,-4.963014,38,real,-1,17
135197,2.669668,35,real,-1,14
135219,-0.946263,22,real,-1,1
135251,6.662075,32,real,-1,11
135287,5.268252,36,real,-1,15
135312,-0.288661,25,real,-1,4
135345,2.882557,33,real,-1,12
135372,-3.377213,27,real,-1,6
135399,1.39249,27,real,-1,6
135439,7.53688,40,real,-1,19
135464,0.514043,25,real,-1,4
135489,-0.251827,25,real,-1,4
135525,11.68518,36,real,-1,15
135548,2.886765,23,real,-1,2
135590,5.700149,42,real,-1,21
135613,-4.429924,23,real,-1,2
135642,1.347339,29,real,-1,8
135668,6.561843,26,real,-1,5
135706,3.748395,38,real,-1,17
135727,6.829181,21,real,-1,0
135761,-5.480714,34,real,-1,13
135791,5.386413,30,real,-1,9
135832,6.647626,41,real,-1,20
135863,5.338472,31,real,-1,10
135888,4.920334,25,real,-1,4
135930,-4.757949,42,real,-1,21
135955,-3.285336,25,real,-1,4
135983,6.938836,28,real,-1,7
136015,1.646361,32,real,-1,11
136037,6.800708,22,real,-1,1
136079,1.264795,42,real,-1,21
136103,-1.298811,24,real,-1,3
136134,-0.566776,31,real,-1,10
136162,-3.414189,28,real,-1,7
136194,2.35801,32,real,-1,11
136229,-0.073117,35,real,-1,14
136259,-2.525986,30,real,-1,9
136291,-6.507323,32,real,-1,11
136327,3.661783,36,real,-1,15
136363,0.668032,36,real,-1,15
136390,0.510022,27,real,-1,6
136426,2.142477,36,real,-1,15
136459,-4.047127,33,real,-1,12
136499,5.38492,40,real,-1,19
136535,-3.528012,36,real,-1,15
136558,-4.891365,23,real,-1,2
136595,4.415909,37,real,-1,16
136618,-0.3939,23,real,-1,2
136660,2.048489,42,real,-1,21
136696,3.501835,36,real,-1,15
136731,3.672223,35,real,-1,14
136761,6.239411,30,real,-1,9
136782,1.131928,21,real,-1,0
136806,2.701114,24,real,-1,3
136831,-4.726682,25,real,-1,4
136859,7.602505,28,real,-1,7
136889,-0.059168,30,real,-1,9
136929,1.198099,40,real,-1,19
136957,1.431517,28,real,-1,7
136979,2.966577,22,real,-1,1
137016,2.830489,37,real,-1,16
137037,3.422626,21,real,-1,0
137078,5.351404,41,real,-1,20
137105,-1.395808,27,real,-1,6
137134,2.066907,29,real,-1,8
137176,-1.282771,42,real,-1,21
137204,-2.563639,28,real,-1,7
137236,0.507221,32,real,-1,11
137275,1.008833,39,real,-1,18
137311,9.722048,36,real,-1,15
137338,6.555903,27,real,-1,6
137375,4.787628,37,real,-1,16
137407,0.195175,32,real,-1,11
137428,-1.17103,21,real,-1,0
137465,2.172948,37,real,-1,16
137503,-0.611229,38,real,-1,17
137527,-1.095207,24,real,-1,3
137556,4.973473,29,real,-1,8
137587,-0.760996,31,real,-1,10
137622,5.761427,35,real,-1,14
137661,0.610223,39,real,-1,18
137685,1.468784,24,real,-1,3
137724,3.665204,39,real,-1,18
137754,4.133373,30,real,-1,9
137783,6.117779,29,real,-1,8
137808,3.298662,25,real,-1,4
137846,1.551021,38,real,-1,17
137883,-2.627861,37,real,-1,16
137904,4.510393,21,real,-1,0
137941,3.092307,37,real,-1,16
137964,7.831298,23,real,-1,2
137985,-3.651173,21,real,-1,0
138014,-6.689818,29,real,-1,8
138047,1.771212,33,real,-1,12
138081,5.879711,34,real,-1,13
138102,-3.17133,21,real,-1,0
138127,2.100779,25,real,-1,4
138148,4.639581,21,real,-1,0
138170,5.160329,22,real,-1,1
138197,0.811163,27,real,-1,6
138227,-0.758876,30,real,-1,9
138266,1.166634,39,real,-1,18
138295,7.607365,29,real,-1,8
138334,8.322986,39,real,-1,18
138358,5.320062,24,real,-1,3
138380,0.163337,22,real,-1,1
138408,5.980501,28,real,-1,7
138433,2.141392,25,real,-1,4
138474,6.975775,41,real,-1,20
138496,1.949913,22,real,-1,1
138535,-3.655634,39,real,-1,18
138575,1.88088,40,real,-1,19
138600,0.13822,25,real,-1,4
138642,5.12803,42,real,-1,21
138677,-2.068349,35,real,-1,14
138710,3.085075,33,real,-1,12
138750,9.608421,40,real,-1,19
138779,2.584,29,real,-1,8
138803,7.859277,24,real,-1,3
138845,3.461745,42,real,-1,21
138882,8.117431,37,real,-1,16
138917,4.704792,35,real,-1,14
138954,6.804829,37,real,-1,16
138980,3.44592,26,real,-1,5
139010,8.128864,30,real,-1,9
139039,0.9018,29,real,-1,8
139079,-2.890091,40,real,-1,19
139120,7.661434,41,real,-1,20
139156,-2.727753,36,real,-1,15
139177,0.422755,21,real,-1,0
139208,6.002933,31,real,-1,10
139235,3.884976,27,real,-1,6
139272,2.993803,37,real,-1,16
139300,-0.560807,28,real,-1,7
139326,2.525001,26,real,-1,5
139360,1.343341,34,real,-1,13
139385,-0.589303,25,real,-1,4
139408,2.322119,23,real,-1,2
139431,7.288823,23,real,-1,2
139452,1.637802,21,real,-1,0
139484,5.650745,32,real,-1,11
139507,0.528936,23,real,-1,2
139537,-4.146878,30,real,-1,9
139570,-4.004178,33,real,-1,12
139609,2.293307,39,real,-1,18
139630,-0.834285,21,real,-1,0
139655,7.585702,25,real,-1,4
139681,4.673607,26,real,-1,5
139715,0.578568,34,real,-1,13
139753,2.152548,38,real,-1,17
139792,-0.31105,39,real,-1,18
139825,3.683488,33,real,-1,12
139853,-1.204495,28,real,-1,7
139879,-3.341173,26,real,-1,5
139914,5.453969,35,real,-1,14
139945,0.009114,31,real,-1,10
139979,1.743556,34,real,-1,13
140011,-5.284213,32,real,-1,11
140050,-1.099822,39,real,-1,18
140079,2.03299,29,real,-1,8
140101,1.358971,22,real,-1,1
140141,2.326178,40,real,-1,19
140174,2.938037,33,real,-1,12
140199,1.317916,25,real,-1,4
140240,5.84042,41,real,-1,20
140277,-0.075591,37,real,-1,16
140298,0.761649,21,real,-1,0
140329,6.525463,31,real,-1,10
140371,-5.192406,42,real,-1,21
140403,0.337874,32,real,-1,11
140427,3.157616,24,real,-1,3
140458,2.594552,31,real,-1,10
140494,8.330739,36,real,-1,15
140517,-4.316339,23,real,-1,2
140553,-3.557434,36,real,-1,15
140593,-4.019938,40,real,-1,19
140627,0.182187,34,real,-1,13
140667,6.119532,40,real,-1,19
140691,2.758844,24,real,-1,3
140718,1.300495,27,real,-1,6
140759,1.81849,41,real,-1,20
140780,-1.080479,21,real,-1,0
140806,7.468241,26,real,-1,5
140831,-7.784192,25,real,-1,4
140864,3.446677,33,real,-1,12
140888,2.735808,24,real,-1,3
140927,3.236945,39,real,-1,18
140951,3.234212,24,real,-1,3
140992,3.422987,41,real,-1,20
141018,2.680325,26,real,-1,5
141058,5.813322,40,real,-1,19
141082,-6.982003,24,real,-1,3
141109,8.182027,27,real,-1,6
141130,3.665601,21,real,-1,0
141168,3.394352,38,real,-1,17
141205,7.627387,37,real,-1,16
141244,1.536558,39,real,-1,18
141268,-2.341443,24,real,-1,3
141299,2.558552,31,real,-1,10
141325,1.323382,26,real,-1,5
141347,-2.909794,22,real,-1,1
141385,1.97532,38,real,-1,17
141416,-8.206225,31,real,-1,10
141453,7.574506,37,real,-1,16
141475,3.277869,22,real,-1,1
141502,-2.492896,27,real,-1,6
141528,6.501564,26,real,-1,5
141568,6.595037,40,real,-1,19
141599,3.049759,31,real,-1,10
141627,-5.754561,28,real,-1,7
141658,0.290288,31,real,-1,10
141686,1.657808,28,real,-1,7
141707,-0.371476,21,real,-1,0
141748,1.315907,41,real,-1,20
141785,3.924843,37,real,-1,16
141825,-0.288389,40,real,-1,19
141852,0.239024,27,real,-1,6
141893,5.244154,41,real,-1,20
141929,4.411737,36,real,-1,15
141970,-3.702937,41,real,-1,20
142012,6.039689,42,real,-1,21
142043,-6.227893,31,real,-1,10
142079,1.197456,36,real,-1,15
142100,7.016732,21,real,-1,0
142135,4.210391,35,real,-1,14
142166,-0.053925,31,real,-1,10
142198,7.0204,32,real,-1,11
142231,0.196395,33,real,-1,12
142262,-5.851218,31,real,-1,10
142290,-0.389682,28,real,-1,7
142324,0.194923,34,real,-1,13
142358,4.361193,34,real,-1,13
142383,1.040877,25,real,-1,4
142405,-4.893864,22,real,-1,1
142445,-5.315505,40,real,-1,19
142473,4.168094,28,real,-1,7
142505,4.3396,32,real,-1,11
142536,0.190153,31,real,-1,10
142557,2.279902,21,real,-1,0
142591,-0.939858,34,real,-1,13
142620,-2.370066,29,real,-1,8
142645,9.045373,25,real,-1,4
142678,6.207467,33,real,-1,12
142699,4.78161,21,real,-1,0
142724,-0.147023,25,real,-1,4
142751,1.926117,27,real,-1,6
142772,0.723518,21,real,-1,0
142800,-7.287999,28,real,-1,7
142840,0.193159,40,real,-1,19
142866,2.053063,26,real,-1,5
142887,-4.646898,21,real,-1,0
142917,-0.822273,30,real,-1,9
142942,0.395431,25,real,-1,4
142984,-6.04176,42,real,-1,21
143013,-4.770649,29,real,-1,8
143048,3.171003,35,real,-1,14
143087,1.694586,39,real,-1,18
143111,0.12589,24,real,-1,3
143146,1.522962,35,real,-1,14
143188,-1.283506,42,real,-1,21
143230,2.946978,42,real,-1,21
143251,5.097518,21,real,-1,0
143279,-7.189475,28,real,-1,7
143319,0.102358,40,real,-1,19
143359,-0.579618,40,real,-1,19
143385,6.221869,26,real,-1,5
143423,3.630613,38,real,-1,17
143457,-4.294678,34,real,-1,13
143493,7.196735,36,real,-1,15
143514,5.722897,21,real,-1,0
143542,3.123463,28,real,-1,7
143571,-8.94393,29,real,-1,8
143609,6.086399,38,real,-1,17
143641,-4.567132,32,real,-1,11
143663,4.182424,22,real,-1,1
143693,4.806586,30,real,-1,9
143715,3.051767,22,real,-1,1
143753,4.331595,38,real,-1,17
143793,0.656543,40,real,-1,19
143815,-1.416516,22,real,-1,1
143842,4.664454,27,real,-1,6
143881,6.525352,39,real,-1,18
143914,11.653194,33,real,-1,12
143954,-1.120376,40,real,-1,19
143977,0.943423,23,real,-1,2
144002,2.453589,25,real,-1,4
144032,-0.970177,30,real,-1,9
144069,4.179027,37,real,-1,16
144111,0.624328,42,real,-1,21
144144,3.320178,33,real,-1,12
144175,-1.998091,31,real,-1,10
144201,-2.869768,26,real,-1,5
144238,-2.382352,37,real,-1,16
144279,6.269074,41,real,-1,20
144311,-0.000636,32,real,-1,11
144336,-0.385694,25,real,-1,4
144378,3.590565,42,real,-1,21
144420,2.606116,42,real,-1,21
144451,-1.102718,31,real,-1,10
144488,1.222308,37,real,-1,16
144511,8.591757,23,real,-1,2
144547,5.409688,36,real,-1,15
144572,0.913906,25,real,-1,4
144611,7.660786,39,real,-1,18
144633,-2.477885,22,real,-1,1
144668,0.945399,35,real,-1,14
144695,6.550718,27,real,-1,6
144732,-0.198495,37,real,-1,16
144772,4.797645,40,real,-1,19
144805,2.085701,33,real,-1,12
144837,2.712273,32,real,-1,11
144871,3.974167,34,real,-1,13
144910,5.724116,39,real,-1,18
144944,-9.823066,34,real,-1,13
144983,1.873437,39,real,-1,18
145016,7.941252,33,real,-1,12
145046,10.250822,30,real,-1,9
145077,-4.747722,31,real,-1,10
145116,2.863987,39,real,-1,18
145158,4.992206,42,real,-1,21
145194,11.189107,36,real,-1,15
145217,5.441846,23,real,-1,2
145238,2.4793,21,real,-1,0
145263,-1.56354,25,real,-1,4
145289,1.49089,26,real,-1,5
145327,4.057679,38,real,-1,17
145367,9.614804,40,real,-1,19
145402,4.895601,35,real,-1,14
145431,7.061094,29,real,-1,8
145462,5.609426,31,real,-1,10
145504,4.788029,42,real,-1,21
145544,-4.213682,40,real,-1,19
145577,6.604682,33,real,-1,12
145616,2.094178,39,real,-1,18
145640,5.509052,24,real,-1,3
145669,0.031055,29,real,-1,8
145694,5.80558,25,real,-1,4
145735,3.546379,41,real,-1,20
145756,2.770269,21,real,-1,0
145780,2.001096,24,real,-1,3
145820,0.243649,40,real,-1,19
145852,4.418553,32,real,-1,11
145878,-9.819339,26,real,-1,5
145904,4.774975,26,real,-1,5
145942,9.293567,38,real,-1,17
145974,1.780043,32,real,-1,11
145996,1.361362,22,real,-1,1
146029,6.913925,33,real,-1,12
146060,7.07081,31,real,-1,10
146096,-10.597141,36,real,-1,15
146127,-3.057213,31,real,-1,10
146162,-0.912481,35,real,-1,14
146197,2.444149,35,real,-1,14
146233,-4.911024,36,real,-1,15
146260,4.361103,27,real,-1,6
146291,10.049596,31,real,-1,10
146330,1.198326,39,real,-1,18
146363,-1.068337,33,real,-1,12
146390,-0.687615,27,real,-1,6
146422,2.524166,32,real,-1,11
146446,-5.044645,24,real,-1,3
146478,0.88645,32,real,-1,11
146499,2.093612,21,real,-1,0
146541,1.19009,42,real,-1,21
146573,0.040443,32,real,-1,11
146601,1.339309,28,real,-1,7
146641,-2.607719,40,real,-1,19
146670,0.2391,29,real,-1,8
146692,0.778074,22,real,-1,1
146730,-0.842087,38,real,-1,17
146759,0.801438,29,real,-1,8
146796,-4.09325,37,real,-1,16
146836,4.477449,40,real,-1,19
146871,0.023836,35,real,-1,14
146898,-0.180087,27,real,-1,6
146932,6.475576,34,real,-1,13
146974,5.125992,42,real,-1,21
146998,-1.268469,24,real,-1,3
147034,-5.132186,36,real,-1,15
147071,6.975678,37,real,-1,16
147107,6.64333,36,real,-1,15
147140,7.618246,33,real,-1,12
147163,3.65491,23,real,-1,2
147197,-3.943943,34,real,-1,13
147225,2.32465,28,real,-1,7
147260,3.517119,35,real,-1,14
147294,-0.564052,34,real,-1,13
147327,-8.435209,33,real,-1,12
147365,-2.142859,38,real,-1,17
147388,-0.674522,23,real,-1,2
147422,10.600496,34,real,-1,13
147448,1.783352,26,real,-1,5
147480,2.707058,32,real,-1,11
147522,-10.584417,42,real,-1,21
147546,1.001709,24,real,-1,3
147588,3.385552,42,real,-1,21
147612,2.258775,24,real,-1,3
147640,-5.099543,28,real,-1,7
147676,0.260444,36,real,-1,15
147707,5.965544,31,real,-1,10
147737,3.299237,30,real,-1,9
147758,6.539529,21,real,-1,0
147784,2.232777,26,real,-1,5
147813,0.762688,29,real,-1,8
147848,-1.137594,35,real,-1,14
147887,4.948736,39,real,-1,18
147910,4.15936,23,real,-1,2
147934,4.287468,24,real,-1,3
147960,0.745885,26,real,-1,5
147987,4.442792,27,real,-1,6
148022,-1.239416,35,real,-1,14
148047,11.841815,25,real,-1,4
148087,9.565073,40,real,-1,19
148126,4.623285,39,real,-1,18
148155,4.991849,29,real,-1,8
148181,0.063126,26,real,-1,5
148214,-1.016091,33,real,-1,12
148246,-0.869659,32,real,-1,11
148282,1.278258,36,real,-1,15
148307,3.047776,25,real,-1,4
148336,1.052958,29,real,-1,8
148378,6.588162,42,real,-1,21
148402,-2.969392,24,real,-1,3
148435,9.938044,33,real,-1,12
148477,9.395667,42,real,-1,21
148511,2.754029,34,real,-1,13
148534,1.80399,23,real,-1,2
148561,-1.764654,27,real,-1,6
148597,6.830439,36,real,-1,15
148638,4.327718,41,real,-1,20
148666,0.778759,28,real,-1,7
148691,-0.197682,25,real,-1,4
148722,2.202683,31,real,-1,10
148755,2.965188,33,real,-1,12
148788,6.218109,33,real,-1,12
148826,4.740904,38,real,-1,17
148852,1.729419,26,real,-1,5
148891,-5.225941,39,real,-1,18
148930,0.455271,39,real,-1,18
148969,5.4027,39,real,-1,18
148999,2.724783,30,real,-1,9
149034,5.906261,35,real,-1,14
149067,5.530038,33,real,-1,12
149104,3.014321,37,real,-1,16
149132,-2.531822,28,real,-1,7
149160,2.044504,28,real,-1,7
149191,0.643765,31,real,-1,10
149226,-0.898204,35,real,-1,14
149268,9.786418,42,real,-1,21
149306,-4.218975,38,real,-1,17
149336,-2.861155,30,real,-1,9
149367,6.80845,31,real,-1,10
149399,3.938317,32,real,-1,11
149423,-0.950503,24,real,-1,3
149444,-0.773167,21,real,-1,0
149482,12.28573,38,real,-1,17
149511,3.969147,29,real,-1,8
149543,-3.305716,32,real,-1,11
149582,8.469439,39,real,-1,18
149605,-3.380954,23,real,-1,2
149640,-2.969917,35,real,-1,14
149669,0.331438,29,real,-1,8
149709,-1.054638,40,real,-1,19
149751,8.498646,42,real,-1,21
149776,-1.450077,25,real,-1,4
149806,-1.741365,30,real,-1,9
149839,1.395637,33,real,-1,12
149868,-7.348084,29,real,-1,8
149896,7.144792,28,real,-1,7
149927,-1.119456,31,real,-1,10
149968,3.791177,41,real,-1,20
150008,3.446265,40,real,-1,19
150032,1.105425,24,real,-1,3
150057,3.376595,25,real,-1,4
150096,8.196875,39,real,-1,18
150134,7.698095,38,real,-1,17
150158,2.084348,24,real,-1,3
150186,4.125385,28,real,-1,7
150208,3.110386,22,real,-1,1
150250,4.970268,42,real,-1,21
150284,6.463484,34,real,-1,13
150325,11.567416,41,real,-1,20
150362,-0.674002,37,real,-1,16
150383,-4.155865,21,real,-1,0
150407,-2.138685,24,real,-1,3
150438,-3.289647,31,real,-1,10
150467,-2.558519,29,real,-1,8
150508,4.5738,41,real,-1,20
150542,-0.611129,34,real,-1,13
150582,1.492849,40,real,-1,19
150618,-0.811426,36,real,-1,15
150656,2.745605,38,real,-1,17
150687,2.602674,31,real,-1,10
150729,5.288974,42,real,-1,21
150765,0.041661,36,real,-1,15
150800,4.544214,35,real,-1,14
150840,9.846718,40,real,-1,19
150876,0.743743,36,real,-1,15
150903,4.917787,27,real,-1,6
150942,-2.612669,39,real,-1,18
150973,3.123166,31,real,-1,10
151000,-0.920569,27,real,-1,6
151038,6.200285,38,real,-1,17
151067,4.065493,29,real,-1,8
151092,4.849299,25,real,-1,4
151121,7.122948,29,real,-1,8
151149,-6.983216,28,real,-1,7
151181,5.355681,32,real,-1,11
151204,-0.305043,23,real,-1,2
151243,0.30474,39,real,-1,18
151272,4.815161,29,real,-1,8
151297,-0.157259,25,real,-1,4
151339,4.164572,42,real,-1,21
151370,4.476449,31,real,-1,10
151406,5.508835,36,real,-1,15
151444,3.657961,38,real,-1,17
151483,-0.967479,39,real,-1,18
151509,-3.686538,26,real,-1,5
151551,0.250019,42,real,-1,21
151593,5.422353,42,real,-1,21
151630,1.837996,37,real,-1,16
151652,-0.38606,22,real,-1,1
151683,1.475432,31,real,-1,10
151721,-7.219184,38,real,-1,17
151744,-4.919059,23,real,-1,2
151771,2.664551,27,real,-1,6
151795,6.856404,24,real,-1,3
151830,3.33022,35,real,-1,14
151860,5.740719,30,real,-1,9
151899,-4.204563,39,real,-1,18
151938,5.639948,39,real,-1,18
151972,-2.618245,34,real,-1,13
152011,3.082611,39,real,-1,18
152053,-4.939519,42,real,-1,21
152076,-4.2346,23,real,-1,2
152115,3.420255,39,real,-1,18
152150,0.977621,35,real,-1,14
152179,2.504043,29,real,-1,8
152205,12.304311,26,real,-1,5
152232,-2.274566,27,real,-1,6
152274,-0.474804,42,real,-1,21
152302,4.668759,28,real,-1,7
152337,4.276481,35,real,-1,14
152378,4.731596,41,real,-1,20
152417,7.355237,39,real,-1,18
152455,-5.963038,38,real,-1,17
152489,-1.474615,34,real,-1,13
152523,-1.806112,34,real,-1,13
152563,3.560963,40,real,-1,19
152601,6.745663,38,real,-1,17
152636,7.759784,35,real,-1,14
152676,3.827644,40,real,-1,19
152718,-1.276542,42,real,-1,21
152751,6.081693,33,real,-1,12
152785,1.994003,34,real,-1,13
152827,5.039876,42,real,-1,21
152864,8.601789,37,real,-1,16
152889,-2.073259,25,real,-1,4
152919,3.049945,30,real,-1,9
152947,4.5061,28,real,-1,7
152977,3.033116,30,real,-1,9
152999,8.76803,22,real,-1,1
153032,5.022782,33,real,-1,12
153054,3.708658,22,real,-1,1
153078,-1.307993,24,real,-1,3
153113,0.351432,35,real,-1,14
153146,-0.42715,33,real,-1,12
153174,-2.919026,28,real,-1,7
153215,-0.774233,41,real,-1,20
153246,2.295823,31,real,-1,10
153282,-2.059192,36,real,-1,15
153314,2.644772,32,real,-1,11
153353,5.386074,39,real,-1,18
153383,6.653873,30,real,-1,9
153424,5.263107,41,real,-1,20
153458,0.660539,34,real,-1,13
153490,2.744301,32,real,-1,11
153524,-1.404719,34,real,-1,13
153547,1.498248,23,real,-1,2
153582,-0.196058,35,real,-1,14
153610,1.369075,28,real,-1,7
153644,-1.881332,34,real,-1,13
153673,0.366214,29,real,-1,8
153697,0.510278,24,real,-1,3
153725,5.622181,28,real,-1,7
153750,3.071845,25,real,-1,4
153780,-4.499491,30,real,-1,9
153805,1.637651,25,real,-1,4
153847,-2.093933,42,real,-1,21
153869,4.990808,22,real,-1,1
153900,-5.452845,31,real,-1,10
153926,1.416885,26,real,-1,5
153957,4.302788,31,real,-1,10
153995,-1.566558,38,real,-1,17
154032,2.305073,37,real,-1,16
154074,4.336371,42,real,-1,21
154112,-0.835544,38,real,-1,17
154133,2.131653,21,real,-1,0
154167,1.033796,34,real,-1,13
154191,3.066641,24,real,-1,3
154215,3.13803,24,real,-1,3
154240,8.963024,25,real,-1,4
154263,3.568101,23,real,-1,2
154296,-6.413026,33,real,-1,12
154335,2.72115,39,real,-1,18
154368,6.583358,33,real,-1,12
154393,-5.610762,25,real,-1,4
154425,3.474096,32,real,-1,11
154461,7.047178,36,real,-1,15
154485,4.217294,24,real,-1,3
154509,-0.924009,24,real,-1,3
154537,4.326296,28,real,-1,7
154569,0.609796,32,real,-1,11
154607,4.035687,38,real,-1,17
154641,1.123245,34,real,-1,13
154673,1.325537,32,real,-1,11
154705,-0.831763,32,real,-1,11
154746,3.617392,41,real,-1,20
154767,-10.380434,21,real,-1,0
154798,-0.813617,31,real,-1,10
154830,5.255107,32,real,-1,11
154863,5.823455,33,real,-1,12
154888,4.177401,25,real,-1,4
154912,3.77507,24,real,-1,3
154945,6.494985,33,real,-1,12
154980,0.692546,35,real,-1,14
155021,7.265223,41,real,-1,20
155048,3.972758,27,real,-1,6
155077,1.760989,29,real,-1,8
155103,-0.531065,26,real,-1,5
155132,3.037865,29,real,-1,8
155155,-4.018176,23,real,-1,2
155189,-2.740458,34,real,-1,13
155231,0.026754,42,real,-1,21
155256,-4.455383,25,real,-1,4
155294,5.090106,38,real,-1,17
155331,1.174931,37,real,-1,16
155358,6.360413,27,real,-1,6
155394,0.792808,36,real,-1,15
155424,5.104077,30,real,-1,9
155456,-7.038077,32,real,-1,11
155484,-1.457252,28,real,-1,7
155511,-1.317357,27,real,-1,6
155542,-3.166115,31,real,-1,10
155575,0.940499,33,real,-1,12
155600,0.59662,25,real,-1,4
155628,-4.098993,28,real,-1,7
155653,0.07131,25,real,-1,4
155694,5.990526,41,real,-1,20
155717,0.720571,23,real,-1,2
155754,3.119902,37,real,-1,16
155782,2.292703,28,real,-1,7
155813,-3.552276,31,real,-1,10
155851,1.253313,38,real,-1,17
155881,-3.3069,30,real,-1,9
155905,-3.180594,24,real,-1,3
155932,-0.904986,27,real,-1,6
155971,6.566148,39,real,-1,18
155994,-12.618362,23,real,-1,2
156025,2.692269,31,real,-1,10
156056,1.939158,31,real,-1,10
156080,-0.251169,24,real,-1,3
156119,6.862197,39,real,-1,18
156144,-1.816293,25,real,-1,4
156166,-1.3798,22,real,-1,1
156190,-3.110421,24,real,-1,3
156227,8.37179,37,real,-1,16
156256,2.304206,29,real,-1,8
156291,3.3557,35,real,-1,14
156314,2.64541,23,real,-1,2
156342,1.452503,28,real,-1,7
156379,2.038076,37,real,-1,16
156415,3.237862,36,real,-1,15
156455,0.849673,40,real,-1,19
156493,3.758611,38,real,-1,17
156527,1.83837,34,real,-1,13
156562,6.005881,35,real,-1,14
156583,3.5695,21,real,-1,0
156616,5.81941,33,real,-1,12
156649,5.906344,33,real,-1,12
156682,2.065079,33,real,-1,12
156715,4.180041,33,real,-1,12
156740,3.942624,25,real,-1,4
156782,11.504928,42,real,-1,21
156807,5.395288,25,real,-1,4
156838,1.46831,31,real,-1,10
156867,-0.718178,29,real,-1,8
156898,3.697955,31,real,-1,10
156923,1.405224,25,real,-1,4
156947,6.292069,24,real,-1,3
156972,4.170192,25,real,-1,4
157006,8.545802,34,real,-1,13
157047,-0.639808,41,real,-1,20
157087,3.397662,40,real,-1,19
157123,3.102843,36,real,-1,15
157146,4.081712,23,real,-1,2
157187,-1.733128,41,real,-1,20
157225,3.503392,38,real,-1,17
157266,5.919252,41,real,-1,20
157301,2.670371,35,real,-1,14
157325,2.450061,24,real,-1,3
157354,-7.134747,29,real,-1,8
157386,-1.987177,32,real,-1,11
157410,2.539775,24,real,-1,3
157439,-4.19718,29,real,-1,8
157466,5.072226,27,real,-1,6
157507,2.770376,41,real,-1,20
157540,5.568701,33,real,-1,12
157562,5.088549,22,real,-1,1
157597,9.102894,35,real,-1,14
157639,8.56215,42,real,-1,21
157680,0.646431,41,real,-1,20
157715,5.080627,35,real,-1,14
157746,-1.628588,31,real,-1,10
157783,1.095278,37,real,-1,16
157805,0.769617,22,real,-1,1
157832,-1.549986,27,real,-1,6
157868,6.859479,36,real,-1,15
157891,-3.423329,23,real,-1,2
157920,4.567326,29,real,-1,8
157951,0.365221,31,real,-1,10
157993,-1.774631,42,real,-1,21
158031,0.372102,38,real,-1,17
158063,0.173709,32,real,-1,11
158095,6.305286,32,real,-1,11
158116,6.118044,21,real,-1,0
158140,2.615,24,real,-1,3
158180,3.768308,40,real,-1,19
158220,5.518659,40,real,-1,19
158260,4.198666,40,real,-1,19
158297,-1.477638,37,real,-1,16
158326,2.264762,29,real,-1,8
158357,0.47247,31,real,-1,10
158395,5.061557,38,real,-1,17
158421,4.915213,26,real,-1,5
158447,2.399615,26,real,-1,5
158479,2.264775,32,real,-1,11
158514,12.74186,35,real,-1,14
158551,2.159602,37,real,-1,16
158576,3.37771,25,real,-1,4
158613,4.124061,37,real,-1,16
158643,4.234115,30,real,-1,9
158672,1.066482,29,real,-1,8
158699,0.36509,27,real,-1,6
158736,1.008919,37,real,-1,16
158760,0.154119,24,real,-1,3
158791,-4.642028,31,real,-1,10
158814,1.494168,23,real,-1,2
158852,-2.399665,38,real,-1,17
158886,1.348289,34,real,-1,13
158910,4.120557,24,real,-1,3
158937,-7.396545,27,real,-1,6
158961,3.809538,24,real,-1,3
158989,4.963423,28,real,-1,7
159028,2.645185,39,real,-1,18
159056,-1.482622,28,real,-1,7
159095,1.282116,39,real,-1,18
159127,5.609555,32,real,-1,11
159158,-0.104848,31,real,-1,10
159192,4.466324,34,real,-1,13
159228,4.565628,36,real,-1,15
159262,5.552419,34,real,-1,13
159304,4.905768,42,real,-1,21
159335,5.33772,31,real,-1,10
159368,2.459783,33,real,-1,12
159405,1.639742,37,real,-1,16
159431,-7.370095,26,real,-1,5
159463,1.229592,32,real,-1,11
159505,5.930239,42,real,-1,21
159542,-2.5799,37,real,-1,16
159583,8.44619,41,real,-1,20
159604,2.42398,21,real,-1,0
159642,-1.072891,38,real,-1,17
159684,-6.569244,42,real,-1,21
159716,0.629715,32,real,-1,11
159738,-0.626355,22,real,-1,1
159771,-0.886025,33,real,-1,12
159801,4.291064,30,real,-1,9
159839,0.844055,38,real,-1,17
159877,3.891507,38,real,-1,17
159918,8.492619,41,real,-1,20
159953,0.358202,35,real,-1,14
159978,2.369843,25,real,-1,4
160019,2.177122,41,real,-1,20
160058,7.053067,39,real,-1,18
160085,-7.189348,27,real,-1,6
160116,6.353654,31,real,-1,10
160146,-3.955864,30,real,-1,9
160176,3.400131,30,real,-1,9
160216,3.428633,40,real,-1,19
160246,-3.099987,30,real,-1,9
160270,7.449394,24,real,-1,3
160302,0.240938,32,real,-1,11
160340,1.664654,38,real,-1,17
160362,-0.793623,22,real,-1,1
160404,-3.449965,42,real,-1,21
160439,4.783479,35,real,-1,14
160471,4.864183,32,real,-1,11
160506,1.230046,35,real,-1,14
160542,3.588784,36,real,-1,15
160567,-0.056907,25,real,-1,4
160598,0.216745,31,real,-1,10
160620,-0.142479,22,real,-1,1
160644,6.909809,24,real,-1,3
160676,-0.874605,32,real,-1,11
160705,3.529786,29,real,-1,8
160736,-1.256876,31,real,-1,10
160763,1.123956,27,real,-1,6
160785,0.498718,22,real,-1,1
160822,-4.909335,37,real,-1,16
160848,-4.12649,26,real,-1,5
160887,-9.287696,39,real,-1,18
160917,0.191086,30,real,-1,9
160942,9.430399,25,real,-1,4
160976,1.665553,34,real,-1,13
161010,7.807029,34,real,-1,13
161048,3.548619,38,real,-1,17
161089,9.476849,41,real,-1,20
161125,2.063539,36,real,-1,15
161162,1.516374,37,real,-1,16
161203,4.034468,41,real,-1,20
161242,7.54396,39,real,-1,18
161284,6.041123,42,real,-1,21
161317,-2.131887,33,real,-1,12
161346,-0.107671,29,real,-1,8
161383,5.687624,37,real,-1,16
161406,-3.960347,23,real,-1,2
161438,6.073041,32,real,-1,11
161459,1.16495,21,real,-1,0
161483,3.863957,24,real,-1,3
161511,-4.66299,28,real,-1,7
161552,4.625438,41,real,-1,20
161582,0.389419,30,real,-1,9
161610,-2.097153,28,real,-1,7
161632,4.535703,22,real,-1,1
161660,2.888588,28,real,-1,7
161692,-1.735967,32,real,-1,11
161719,5.659343,27,real,-1,6
161757,2.8185,38,real,-1,17
161786,3.034541,29,real,-1,8
161827,8.750402,41,real,-1,20
161848,-1.562665,21,real,-1,0
161872,4.778806,24,real,-1,3
161909,10.32379,37,real,-1,16
161943,0.253698,34,real,-1,13
161977,7.294556,34,real,-1,13
162000,4.778553,23,real,-1,2
162029,4.38891,29,real,-1,8
162065,-0.074268,36,real,-1,15
162099,-0.370904,34,real,-1,13
162131,-0.635786,32,real,-1,11
162161,6.881641,30,real,-1,9
162182,-2.770152,21,real,-1,0
162220,1.727076,38,real,-1,17
162262,10.294521,42,real,-1,21
162302,5.375101,40,real,-1,19
162330,3.127925,28,real,-1,7
162362,4.256099,32,real,-1,11
162401,-5.552254,39,real,-1,18
162425,9.652532,24,real,-1,3
162449,6.301858,24,real,-1,3
162474,-4.754443,25,real,-1,4
162512,-1.77355,38,real,-1,17
162543,5.249625,31,real,-1,10
162573,0.963208,30,real,-1,9
162610,4.249147,37,real,-1,16
162643,-5.603066,33,real,-1,12
162667,-3.08047,24,real,-1,3
162700,4.360394,33,real,-1,12
162722,2.504814,22,real,-1,1
162761,1.241052,39,real,-1,18
162798,-4.866209,37,real,-1,16
162826,2.253787,28,real,-1,7
162847,-3.243518,21,real,-1,0
162888,-4.789153,41,real,-1,20
162927,3.85648,39,real,-1,18
162951,4.864176,24,real,-1,3
162972,4.625421,21,real,-1,0
163004,0.035169,32,real,-1,11
163027,1.843017,23,real,-1,2
163060,0.829805,33,real,-1,12
163095,-0.187071,35,real,-1,14
163119,-1.465206,24,real,-1,3
163155,0.118096,36,real,-1,15
163187,10.045924,32,real,-1,11
163224,-9.653928,37,real,-1,16
163245,1.257688,21,real,-1,0
163278,9.405205,33,real,-1,12
163311,2.474881,33,real,-1,12
163348,6.580675,37,real,-1,16
163375,-5.657435,27,real,-1,6
163417,7.944617,42,real,-1,21
163443,5.777411,26,real,-1,5
163482,8.496367,39,real,-1,18
163507,9.848696,25,real,-1,4
163540,2.607293,33,real,-1,12
163572,3.075498,32,real,-1,11
163597,-4.754942,25,real,-1,4
163634,2.436541,37,real,-1,16
163670,-6.918275,36,real,-1,15
163699,2.376931,29,real,-1,8
163726,6.141098,27,real,-1,6
163759,-3.176764,33,real,-1,12
163799,0.141784,40,real,-1,19
163827,7.343952,28,real,-1,7
163854,3.075156,27,real,-1,6
163878,4.532928,24,real,-1,3
163910,-4.168259,32,real,-1,11
163936,2.818849,26,real,-1,5
163963,-1.063419,27,real,-1,6
163999,0.370148,36,real,-1,15
164021,-0.032336,22,real,-1,1
164056,1.302743,35,real,-1,14
164092,10.329698,36,real,-1,15
164134,2.762616,42,real,-1,21
164176,6.442294,42,real,-1,21
164207,-4.741824,31,real,-1,10
164229,-2.387482,22,real,-1,1
164260,6.107949,31,real,-1,10
164290,4.04854,30,real,-1,9
164323,-9.432892,33,real,-1,12
164360,5.790342,37,real,-1,16
164401,0.76525,41,real,-1,20
164439,-1.311033,38,real,-1,17
164474,2.92368,35,real,-1,14
164506,1.506326,32,real,-1,11
164537,6.074718,31,real,-1,10
164562,2.873031,25,real,-1,4
164598,4.101008,36,real,-1,15
164633,1.381804,35,real,-1,14
164660,4.011871,27,real,-1,6
164681,2.45531,21,real,-1,0
164709,2.711413,28,real,-1,7
164749,8.948836,40,real,-1,19
164782,0.564045,33,real,-1,12
164806,7.637962,24,real,-1,3
164844,10.077195,38,real,-1,17
164878,7.301971,34,real,-1,13
164907,-2.74269,29,real,-1,8
164932,0.783258,25,real,-1,4
164969,-0.72183,37,real,-1,16
164993,4.40113,24,real,-1,3
165034,-0.45868,41,real,-1,20
165057,-0.018365,23,real,-1,2
165087,4.189352,30,real,-1,9
165119,4.054024,32,real,-1,11
165147,6.116339,28,real,-1,7
165172,0.098236,25,real,-1,4
165199,5.892769,27,real,-1,6
165240,0.93945,41,real,-1,20
165281,4.506351,41,real,-1,20
165311,2.260179,30,real,-1,9
165334,1.61951,23,real,-1,2
165371,6.545422,37,real,-1,16
165407,-4.828717,36,real,-1,15
165428,-1.795118,21,real,-1,0
165455,0.408109,27,real,-1,6
165482,1.868535,27,real,-1,6
165504,3.620825,22,real,-1,1
165543,-1.053246,39,real,-1,18
165570,-8.994632,27,real,-1,6
165594,-1.628377,24,real,-1,3
165636,3.102052,42,real,-1,21
165664,-4.443516,28,real,-1,7
165701,1.585292,37,real,-1,16
165739,-0.309138,38,real,-1,17
165779,4.339769,40,real,-1,19
165815,-5.26715,36,real,-1,15
165844,6.318341,29,real,-1,8
165884,1.662892,40,real,-1,19
165926,2.148298,42,real,-1,21
165951,5.777315,25,real,-1,4
165977,-1.612418,26,real,-1,5
166010,10.145571,33,real,-1,12
166031,6.008965,21,real,-1,0
166071,-3.237228,40,real,-1,19
166111,-2.882459,40,real,-1,19
166150,-0.385013,39,real,-1,18
166177,5.855692,27,real,-1,6
166213,3.73135,36,real,-1,15
166252,-0.65137,39,real,-1,18
166291,7.960058,39,real,-1,18
166321,5.243528,30,real,-1,9
166344,3.639555,23,real,-1,2
166368,0.637045,24,real,-1,3
166406,5.413692,38,real,-1,17
166435,-0.715754,29,real,-1,8
166476,11.251192,41,real,-1,20
166515,3.019206,39,real,-1,18
166538,0.506645,23,real,-1,2
166571,-1.560554,33,real,-1,12
166594,3.348685,23,real,-1,2
166626,1.270561,32,real,-1,11
166666,4.107405,40,real,-1,19
166708,-2.356666,42,real,-1,21
166748,8.334692,40,real,-1,19
166786,-2.395822,38,real,-1,17
166819,-0.406453,33,real,-1,12
166851,-0.468746,32,real,-1,11
166880,-0.50651,29,real,-1,8
166914,-7.47749,34,real,-1,13
166947,4.579974,33,real,-1,12
166987,-0.080402,40,real,-1,19
167009,3.867403,22,real,-1,1
167041,3.802365,32,real,-1,11
167081,9.762965,40,real,-1,19
167114,-4.971323,33,real,-1,12
167140,2.996622,26,real,-1,5
167171,-5.169861,31,real,-1,10
167212,-1.374514,41,real,-1,20
167252,-5.543607,40,real,-1,19
167285,-0.930395,33,real,-1,12
167308,0.407163,23,real,-1,2
167332,-6.586386,24,real,-1,3
167354,-0.801818,22,real,-1,1
167391,1.18381,37,real,-1,16
167419,-2.753157,28,real,-1,7
167442,6.738316,23,real,-1,2
167472,-1.701995,30,real,-1,9
167503,7.59068,31,real,-1,10
167530,-1.266599,27,real,-1,6
167559,-9.283795,29,real,-1,8
167599,3.781117,40,real,-1,19
167623,0.312597,24,real,-1,3
167664,-5.379786,41,real,-1,20
167697,1.489315,33,real,-1,12
167722,3.472986,25,real,-1,4
167759,4.149617,37,real,-1,16
167780,3.201563,21,real,-1,0
167811,5.411737,31,real,-1,10
167846,-0.823817,35,real,-1,14
167880,-3.71879,34,real,-1,13
167922,-2.544504,42,real,-1,21
167959,-0.045266,37,real,-1,16
167990,2.138004,31,real,-1,10
168017,3.889052,27,real,-1,6
168057,3.050689,40,real,-1,19
168090,4.679924,33,real,-1,12
168126,1.360958,36,real,-1,15
168168,0.506172,42,real,-1,21
168206,4.372518,38,real,-1,17
168232,0.440429,26,real,-1,5
168267,-1.183332,35,real,-1,14
168292,-0.133301,25,real,-1,4
168331,7.898816,39,real,-1,18
168369,2.130321,38,real,-1,17
168391,-1.488646,22,real,-1,1
168414,4.2629,23,real,-1,2
168438,2.945987,24,real,-1,3
168474,6.601104,36,real,-1,15
168508,1.502784,34,real,-1,13
168536,-2.488103,28,real,-1,7
168570,0.953433,34,real,-1,13
168604,-2.46473,34,real,-1,13
168630,-2.23915,26,real,-1,5
168660,0.752635,30,real,-1,9
168682,0.624136,22,real,-1,1
168716,5.154842,34,real,-1,13
168737,2.960351,21,real,-1,0
168762,-0.321153,25,real,-1,4
168801,7.711135,39,real,-1,18
168829,-1.381513,28,real,-1,7
168853,-2.399898,24,real,-1,3
168874,0.849906,21,real,-1,0
168898,5.481447,24,real,-1,3
168926,-1.650865,28,real,-1,7
168960,5.010581,34,real,-1,13
168986,-0.161938,26,real,-1,5
169012,-3.953047,26,real,-1,5
169049,-0.152581,37,real,-1,16
169076,0.706889,27,real,-1,6
169099,0.032726,23,real,-1,2
169124,9.027374,25,real,-1,4
169150,3.650327,26,real,-1,5
169187,8.457013,37,real,-1,16
169213,2.454671,26,real,-1,5
169250,2.14482,37,real,-1,16
169288,6.078079,38,real,-1,17
169313,-1.406334,25,real,-1,4
169334,4.934755,21,real,-1,0
169364,3.541716,30,real,-1,9
169392,-2.283455,28,real,-1,7
169427,3.438791,35,real,-1,14
169453,-3.328324,26,real,-1,5
169474,-3.49431,21,real,-1,0
169508,4.516351,34,real,-1,13
169532,-8.765969,24,real,-1,3
169561,1.972647,29,real,-1,8
169587,4.433004,26,real,-1,5
169608,6.18296,21,real,-1,0
169642,5.538052,34,real,-1,13
169672,10.157076,30,real,-1,9
169704,1.912128,32,real,-1,11
169734,5.324902,30,real,-1,9
169773,1.161406,39,real,-1,18
169795,0.325725,22,real,-1,1
169835,0.841236,40,real,-1,19
169872,0.928286,37,real,-1,16
169907,2.776375,35,real,-1,14
169932,5.871458,25,real,-1,4
169974,3.732488,42,real,-1,21
169997,2.581399,23,real,-1,2
170023,-6.86533,26,real,-1,5
170064,2.963864,41,real,-1,20
170094,1.094777,30,real,-1,9
170124,-3.526706,30,real,-1,9
170153,-1.968238,29,real,-1,8
170185,0.433952,32,real,-1,11
170214,3.550359,29,real,-1,8
170242,4.856899,28,real,-1,7
170263,6.15312,21,real,-1,0
170291,6.748842,28,real,-1,7
170323,3.215767,32,real,-1,11
170347,6.44422,24,real,-1,3
170385,1.651309,38,real,-1,17
170422,-1.080039,37,real,-1,16
170457,1.427246,35,real,-1,14
170494,3.057638,37,real,-1,16
170516,3.374667,22,real,-1,1
170557,-2.228415,41,real,-1,20
170595,7.303866,38,real,-1,17
170617,3.42988,22,real,-1,1
170648,3.805863,31,real,-1,10
170681,0.424344,33,real,-1,12
170703,0.398762,22,real,-1,1
170745,5.970547,42,real,-1,21
170777,-3.496493,32,real,-1,11
170812,-1.949902,35,real,-1,14
170854,3.195926,42,real,-1,21
170875,0.872506,21,real,-1,0
170898,3.375801,23,real,-1,2
170920,4.842191,22,real,-1,1
170954,0.577061,34,real,-1,13
170976,0.718451,22,real,-1,1
171016,2.143135,40,real,-1,19
171048,-0.237205,32,real,-1,11
171069,6.069733,21,real,-1,0
171095,-0.263631,26,real,-1,5
171135,6.959843,40,real,-1,19
171173,2.25186,38,real,-1,17
171203,-0.062378,30,real,-1,9
171243,0.556309,40,real,-1,19
171272,4.916236,29,real,-1,8
171296,0.828914,24,real,-1,3
171333,9.345074,37,real,-1,16
171368,-5.445596,35,real,-1,14
171402,-0.275402,34,real,-1,13
171436,6.373977,34,real,-1,13
171464,1.530376,28,real,-1,7
171495,0.25812,31,real,-1,10
171536,4.850842,41,real,-1,20
171560,-7.101343,24,real,-1,3
171594,7.265111,34,real,-1,13
171615,2.555786,21,real,-1,0
171657,2.681787,42,real,-1,21
171695,-8.843564,38,real,-1,17
171718,0.423843,23,real,-1,2
171757,4.151996,39,real,-1,18
171793,-4.383677,36,real,-1,15
171819,3.075363,26,real,-1,5
171857,2.493563,38,real,-1,17
171891,-0.311675,34,real,-1,13
171913,4.366706,22,real,-1,1
171935,4.883027,22,real,-1,1
171974,-4.349058,39,real,-1,18
172011,5.676894,37,real,-1,16
172034,5.875191,23,real,-1,2
172075,-0.163569,41,real,-1,20
172114,3.266736,39,real,-1,18
172154,-4.052431,40,real,-1,19
172179,-1.865855,25,real,-1,4
172204,2.608694,25,real,-1,4
172225,1.957524,21,real,-1,0
172254,4.546149,29,real,-1,8
172277,-7.344921,23,real,-1,2
172298,-5.763069,21,real,-1,0
172340,0.025067,42,real,-1,21
172369,6.081045,29,real,-1,8
172398,6.653362,29,real,-1,8
172431,1.722853,33,real,-1,12
172454,2.740575,23,real,-1,2
172488,4.703518,34,real,-1,13
172529,3.257702,41,real,-1,20
172551,0.54006,22,real,-1,1
172584,3.396839,33,real,-1,12
172619,6.354112,35,real,-1,14
172644,2.03257,25,real,-1,4
172672,4.852253,28,real,-1,7
172697,-0.05058,25,real,-1,4
172737,6.995615,40,real,-1,19
172769,-0.83404,32,real,-1,11
172797,-1.072105,28,real,-1,7
172830,1.397373,33,real,-1,12
172872,8.271662,42,real,-1,21
172898,-2.581087,26,real,-1,5
172933,3.95344,35,real,-1,14
172971,4.919893,38,real,-1,17
172992,2.96135,21,real,-1,0
173017,-2.685179,25,real,-1,4
173041,0.648141,24,real,-1,3
173069,-5.354997,28,real,-1,7
173092,4.557643,23,real,-1,2
173127,5.53297,35,real,-1,14
173168,1.696696,41,real,-1,20
173189,1.410466,21,real,-1,0
173230,2.478318,41,real,-1,20
173265,-9.821158,35,real,-1,14
173286,3.354883,21,real,-1,0
173317,-2.557864,31,real,-1,10
173338,1.197776,21,real,-1,0
173362,0.749457,24,real,-1,3
173399,6.057171,37,real,-1,16
173428,4.920183,29,real,-1,8
173449,-0.894943,21,real,-1,0
173489,6.935028,40,real,-1,19
173522,2.836195,33,real,-1,12
173545,4.31064,23,real,-1,2
173576,-2.508351,31,real,-1,10
173607,11.867667,31,real,-1,10
173642,-7.2116,35,real,-1,14
173665,2.589288,23,real,-1,2
173687,5.016058,22,real,-1,1
173718,1.133124,31,real,-1,10
173760,-11.715412,42,real,-1,21
173793,1.281298,33,real,-1,12
173832,5.809604,39,real,-1,18
173864,6.250138,32,real,-1,11
173900,3.579916,36,real,-1,15
173940,0.936296,40,real,-1,19
173973,0.993459,33,real,-1,12
173996,-4.238001,23,real,-1,2
174024,-6.5301,28,real,-1,7
174047,1.262971,23,real,-1,2
174082,1.726017,35,real,-1,14
174118,4.684933,36,real,-1,15
174148,-6.613528,30,real,-1,9
174178,7.256996,30,real,-1,9
174215,0.080689,37,real,-1,16
174248,3.884671,33,real,-1,12
174279,4.703354,31,real,-1,10
174318,12.751539,39,real,-1,18
174347,-1.095155,29,real,-1,8
174376,2.536319,29,real,-1,8
174406,1.955234,30,real,-1,9
174435,5.625491,29,real,-1,8
174471,-1.924104,36,real,-1,15
174509,7.612139,38,real,-1,17
174545,-2.217048,36,real,-1,15
174581,2.805585,36,real,-1,15
174621,9.573872,40,real,-1,19
174649,5.565032,28,real,-1,7
174672,-0.396409,23,real,-1,2
174700,-2.935269,28,real,-1,7
174738,4.301294,38,real,-1,17
174764,4.792403,26,real,-1,5
174791,2.046062,27,real,-1,6
174814,3.572084,23,real,-1,2
174849,-3.658563,35,real,-1,14
174870,1.299328,21,real,-1,0
174897,2.028213,27,real,-1,6
174937,3.617523,40,real,-1,19
174958,-1.319763,21,real,-1,0
174980,0.706179,22,real,-1,1
175006,0.147249,26,real,-1,5
175046,-1.368982,40,real,-1,19
175084,0.731896,38,real,-1,17
175112,7.175664,28,real,-1,7
175146,-0.867321,34,real,-1,13
175174,2.268908,28,real,-1,7
175210,0.565718,36,real,-1,15
175243,0.364461,33,real,-1,12
175266,2.808741,23,real,-1,2
175290,3.001578,24,real,-1,3
175314,1.252106,24,real,-1,3
175337,2.156135,23,real,-1,2
175376,2.377685,39,real,-1,18
175412,4.478212,36,real,-1,15
175440,4.101336,28,real,-1,7
175476,5.06868,36,real,-1,15
175498,2.303511,22,real,-1,1
175535,-1.098737,37,real,-1,16
175561,6.278682,26,real,-1,5
175595,-0.007015,34,real,-1,13
175616,0.760561,21,real,-1,0
175651,2.534625,35,real,-1,14
175692,3.554953,41,real,-1,20
175732,-2.498838,40,real,-1,19
175769,-1.315249,37,real,-1,16
175790,-0.014133,21,real,-1,0
175815,-1.896291,25,real,-1,4
175839,7.002675,24,real,-1,3
175876,3.899598,37,real,-1,16
175908,2.981029,32,real,-1,11
175929,1.901063,21,real,-1,0
175960,3.502263,31,real,-1,10
175992,12.268712,32,real,-1,11
176027,-0.780345,35,real,-1,14
176066,2.926296,39,real,-1,18
176088,-0.157361,22,real,-1,1
176116,1.281358,28,real,-1,7
176154,-1.918615,38,real,-1,17
176178,1.702984,24,real,-1,3
176205,4.308363,27,real,-1,6
176241,-2.635163,36,real,-1,15
176272,0.902763,31,real,-1,10
176304,-1.040598,32,real,-1,11
176330,7.420644,26,real,-1,5
176353,6.561561,23,real,-1,2
176375,3.970321,22,real,-1,1
176411,5.422119,36,real,-1,15
176441,4.047614,30,real,-1,9
176465,-5.694628,24,real,-1,3
176491,3.743612,26,real,-1,5
176512,-4.295199,21,real,-1,0
176554,5.053433,42,real,-1,21
176584,2.169991,30,real,-1,9
176611,3.301779,27,real,-1,6
176652,6.321713,41,real,-1,20
176685,3.82566,33,real,-1,12
176720,0.249611,35,real,-1,14
176758,0.424307,38,real,-1,17
176779,-1.280886,21,real,-1,0
176802,2.227718,23,real,-1,2
176837,-5.187302,35,real,-1,14
176866,-4.199957,29,real,-1,8
176904,-2.126678,38,real,-1,17
176927,-0.736717,23,real,-1,2
176962,4.035981,35,real,-1,14
177004,3.730361,42,real,-1,21
177030,-3.391277,26,real,-1,5
177051,0.729275,21,real,-1,0
177085,0.459107,34,real,-1,13
177114,3.218086,29,real,-1,8
177147,5.577869,33,real,-1,12
177169,-2.73687,22,real,-1,1
177207,5.401174,38,real,-1,17
177240,4.505978,33,real,-1,12
177266,5.64824,26,real,-1,5
177295,-1.580019,29,real,-1,8
177321,4.140232,26,real,-1,5
177363,1.992145,42,real,-1,21
177391,-0.01053,28,real,-1,7
177422,-0.324898,31,real,-1,10
177452,0.44609,30,real,-1,9
177475,1.394273,23,real,-1,2
177511,1.491951,36,real,-1,15
177534,-1.680531,23,real,-1,2
177564,2.789722,30,real,-1,9
177603,2.565458,39,real,-1,18
177638,5.219973,35,real,-1,14
177664,6.65022,26,real,-1,5
177704,-8.210155,40,real,-1,19
177746,3.970239,42,real,-1,21
177781,-2.312113,35,real,-1,14
177822,-1.910235,41,real,-1,20
177847,1.214551,25,real,-1,4
177879,5.553853,32,real,-1,11
177911,2.840829,32,real,-1,11
177943,-1.794638,32,real,-1,11
177977,4.521915,34,real,-1,13
178005,0.212672,28,real,-1,7
178037,9.898338,32,real,-1,11
178073,7.64314,36,real,-1,15
178103,-0.468304,30,real,-1,9
178137,4.532952,34,real,-1,13
178169,5.089365,32,real,-1,11
178207,-6.083634,38,real,-1,17
178245,0.281591,38,real,-1,17
178287,-1.834967,42,real,-1,21
178323,-3.892932,36,real,-1,15
178355,2.702006,32,real,-1,11
178396,4.553103,41,real,-1,20
178432,-0.229439,36,real,-1,15
178453,7.496109,21,real,-1,0
178477,-5.979895,24,real,-1,3
178498,-0.002005,21,real,-1,0
178536,-2.342681,38,real,-1,17
178578,1.573213,42,real,-1,21
178618,7.096079,40,real,-1,19
178643,0.653497,25,real,-1,4
178670,-1.307045,27,real,-1,6
178711,-1.160572,41,real,-1,20
178743,-0.594536,32,real,-1,11
178768,2.919383,25,real,-1,4
178792,3.161165,24,real,-1,3
178825,0.976709,33,real,-1,12
178855,-2.145022,30,real,-1,9
178878,-1.00109,23,real,-1,2
178908,2.46267,30,real,-1,9
178950,0.706436,42,real,-1,21
178978,-2.493178,28,real,-1,7
179003,5.38145,25,real,-1,4
179040,2.466269,37,real,-1,16
179067,5.616743,27,real,-1,6
179097,3.416124,30,real,-1,9
179130,2.069413,33,real,-1,12
179154,4.047681,24,real,-1,3
179189,4.363006,35,real,-1,14
179210,7.970829,21,real,-1,0
179232,7.152663,22,real,-1,1
179254,2.299485,22,real,-1,1
179296,6.379617,42,real,-1,21
179320,2.079576,24,real,-1,3
179353,2.060087,33,real,-1,12
179383,3.067384,30,real,-1,9
179424,4.752861,41,real,-1,20
179451,-3.052557,27,real,-1,6
179488,3.280649,37,real,-1,16
179528,0.462279,40,real,-1,19
179565,-1.467134,37,real,-1,16
179605,0.612238,40,real,-1,19
179632,3.020721,27,real,-1,6
179657,2.326614,25,real,-1,4
179680,-1.802966,23,real,-1,2
179715,7.075985,35,real,-1,14
179755,-1.998594,40,real,-1,19
179778,1.922372,23,real,-1,2
179806,1.549596,28,real,-1,7
179846,0.990888,40,real,-1,19
179880,8.773151,34,real,-1,13
179901,-0.032691,21,real,-1,0
179941,5.90633,40,real,-1,19
179967,-0.260496,26,real,-1,5
179997,4.44984,30,real,-1,9
180034,5.828744,37,real,-1,16
180061,0.71372,27,real,-1,6
180082,-7.194202,21,real,-1,0
180110,4.118787,28,real,-1,7
180138,4.003105,28,real,-1,7
180171,0.089307,33,real,-1,12
180193,0.862076,22,real,-1,1
180230,6.77146,37,real,-1,16
180251,-4.194464,21,real,-1,0
180284,1.356627,33,real,-1,12
180318,3.336441,34,real,-1,13
180345,4.412187,27,real,-1,6
180376,6.290013,31,real,-1,10
180408,1.976154,32,real,-1,11
180438,2.105017,30,real,-1,9
180461,2.987988,23,real,-1,2
180495,-0.138728,34,real,-1,13
180519,-0.082501,24,real,-1,3
180547,3.125366,28,real,-1,7
180571,2.821649,24,real,-1,3
180611,5.565077,40,real,-1,19
180645,6.742728,34,real,-1,13
180671,-0.54539,26,real,-1,5
180704,4.772156,33,real,-1,12
180746,2.299057,42,real,-1,21
180767,2.280878,21,real,-1,0
180790,5.422282,23,real,-1,2
180820,1.040551,30,real,-1,9
180858,-2.246127,38,real,-1,17
180879,2.740562,21,real,-1,0
180919,0.759925,40,real,-1,19
180944,3.637432,25,real,-1,4
180980,3.90067,36,real,-1,15
181017,4.111689,37,real,-1,16
181045,-1.255856,28,real,-1,7
181069,-5.084441,24,real,-1,3
181107,6.582531,38,real,-1,17
181135,1.816795,28,real,-1,7
181159,-2.14072,24,real,-1,3
181182,5.25996,23,real,-1,2
181223,5.96464,41,real,-1,20
181265,10.052842,42,real,-1,21
181303,3.856447,38,real,-1,17
181333,0.284539,30,real,-1,9
181361,2.263185,28,real,-1,7
181403,2.04146,42,real,-1,21
181424,-1.050851,21,real,-1,0
181461,-2.56582,37,real,-1,16
181499,-4.051412,38,real,-1,17
181521,2.301064,22,real,-1,1
181553,3.654469,32,real,-1,11
181591,7.893995,38,real,-1,17
181627,-1.032997,36,real,-1,15
181660,2.898585,33,real,-1,12
181687,-1.322131,27,real,-1,6
181725,4.721466,38,real,-1,17
181749,0.442247,24,real,-1,3
181784,2.336987,35,real,-1,14
181808,1.503818,24,real,-1,3
181837,-11.802473,29,real,-1,8
181878,-4.016199,41,real,-1,20
181900,2.838752,22,real,-1,1
181934,4.109008,34,real,-1,13
181958,-5.234278,24,real,-1,3
181986,4.99096,28,real,-1,7
182009,3.795709,23,real,-1,2
182050,-4.415734,41,real,-1,20
182092,-0.215912,42,real,-1,21
182124,5.871068,32,real,-1,11
182159,6.82946,35,real,-1,14
182184,-1.000487,25,real,-1,4
182216,1.752908,32,real,-1,11
182257,-0.059385,41,real,-1,20
182291,1.981997,34,real,-1,13
182318,-4.282315,27,real,-1,6
182358,5.232866,40,real,-1,19
182384,0.488033,26,real,-1,5
182421,6.02914,37,real,-1,16
182457,-0.875667,36,real,-1,15
182480,4.07584,23,real,-1,2
182514,5.379348,34,real,-1,13
182547,2.010557,33,real,-1,12
182576,2.739789,29,real,-1,8
182605,3.093366,29,real,-1,8
182627,5.270791,22,real,-1,1
182666,3.725768,39,real,-1,18
182708,2.694305,42,real,-1,21
182734,1.70355,26,real,-1,5
182764,4.378643,30,real,-1,9
182791,4.899654,27,real,-1,6
182820,5.920985,29,real,-1,8
182862,8.246266,42,real,-1,21
182889,2.521834,27,real,-1,6
182910,7.437203,21,real,-1,0
182935,8.493996,25,real,-1,4
182972,0.647479,37,real,-1,16
183013,-2.669373,41,real,-1,20
183038,-3.384806,25,real,-1,4
183067,5.514102,29,real,-1,8
183109,2.087786,42,real,-1,21
183130,-1.929662,21,real,-1,0
183161,-2.763072,31,real,-1,10
183200,6.980895,39,real,-1,18
183234,-3.556206,34,real,-1,13
183270,-4.816119,36,real,-1,15
183303,5.973899,33,real,-1,12
183331,1.549317,28,real,-1,7
183373,1.953424,42,real,-1,21
183406,0.692296,33,real,-1,12
183447,-3.835563,41,real,-1,20
183483,-1.778296,36,real,-1,15
183525,6.683058,42,real,-1,21
183560,3.746135,35,real,-1,14
183600,0.418181,40,real,-1,19
183631,5.415667,31,real,-1,10
183658,1.147681,27,real,-1,6
183680,1.457109,22,real,-1,1
183722,3.904672,42,real,-1,21
183761,2.697845,39,real,-1,18
183802,-2.750514,41,real,-1,20
183835,0.653777,33,real,-1,12
183867,-0.027966,32,real,-1,11
183900,1.230422,33,real,-1,12
183942,8.501193,42,real,-1,21
183965,1.608141,23,real,-1,2
183990,0.005273,25,real,-1,4
184026,6.82794,36,real,-1,15
184054,7.831575,28,real,-1,7
184077,2.113506,23,real,-1,2
184118,10.44939,41,real,-1,20
184155,-5.039767,37,real,-1,16
184185,2.446475,30,real,-1,9
184224,6.10272,39,real,-1,18
184253,2.985314,29,real,-1,8
184293,6.666828,40,real,-1,19
184324,2.399382,31,real,-1,10
184349,1.09366,25,real,-1,4
184381,7.296271,32,real,-1,11
184404,1.393385,23,real,-1,2
184439,-0.026779,35,real,-1,14
184481,6.486097,42,real,-1,21
184502,5.45552,21,real,-1,0
184536,5.004132,34,real,-1,13
184564,2.03707,28,real,-1,7
184586,-1.502727,22,real,-1,1
184623,3.012682,37,real,-1,16
184659,-1.974044,36,real,-1,15
184699,2.717891,40,real,-1,19
184727,8.581315,28,real,-1,7
184763,3.629924,36,real,-1,15
184798,2.904018,35,real,-1,14
184820,-0.926082,22,real,-1,1
184860,7.337391,40,real,-1,19
184895,-2.445192,35,real,-1,14
184925,3.058241,30,real,-1,9
184956,6.38556,31,real,-1,10
184985,6.034291,29,real,-1,8
185020,2.911621,35,real,-1,14
185052,4.193514,32,real,-1,11
185073,1.730144,21,real,-1,0
185106,-3.190244,33,real,-1,12
185144,3.289644,38,real,-1,17
185174,6.204484,30,real,-1,9
185211,3.767346,37,real,-1,16
185247,9.114179,36,real,-1,15
185273,3.837797,26,real,-1,5
185301,-1.8512,28,real,-1,7
185335,3.609983,34,real,-1,13
185370,-0.036867,35,real,-1,14
185405,4.417053,35,real,-1,14
185442,7.339508,37,real,-1,16
185469,2.793015,27,real,-1,6
185500,-8.952901,31,real,-1,10
185531,2.838741,31,real,-1,10
185563,3.142951,32,real,-1,11
185586,1.159561,23,real,-1,2
185614,6.856785,28,real,-1,7
185636,1.567075,22,real,-1,1
185658,6.451971,22,real,-1,1
185690,0.928549,32,real,-1,11
185732,11.45807,42,real,-1,21
185770,2.434127,38,real,-1,17
185799,-1.066489,29,real,-1,8
185841,3.953976,42,real,-1,21
185868,3.040779,27,real,-1,6
185896,3.507854,28,real,-1,7
185931,1.449293,35,real,-1,14
185967,3.083825,36,real,-1,15
185995,0.703567,28,real,-1,7
186030,-4.979612,35,real,-1,14
186064,3.562856,34,real,-1,13
186105,2.613063,41,real,-1,20
186135,2.714514,30,real,-1,9
186167,3.774766,32,real,-1,11
186207,2.791548,40,real,-1,19
186235,-4.353148,28,real,-1,7
186273,2.534701,38,real,-1,17
186304,4.500527,31,real,-1,10
186329,-7.710512,25,real,-1,4
186367,-4.063563,38,real,-1,17
186407,2.071796,40,real,-1,19
186438,-3.834555,31,real,-1,10
186460,3.039169,22,real,-1,1
186484,1.157709,24,real,-1,3
186523,-4.361791,39,real,-1,18
186555,3.893067,32,real,-1,11
186597,-3.09565,42,real,-1,21
186635,2.771235,38,real,-1,17
186663,4.195871,28,real,-1,7
186696,4.055646,33,real,-1,12
186728,2.825934,32,real,-1,11
186755,-1.471255,27,real,-1,6
186792,6.492832,37,real,-1,16
186815,-2.36219,23,real,-1,2
186838,2.624619,23,real,-1,2
186863,4.023022,25,real,-1,4
186887,1.766706,24,real,-1,3
186929,5.768119,42,real,-1,21
186960,3.180738,31,real,-1,10
187002,0.805845,42,real,-1,21
187043,6.265045,41,real,-1,20
187071,5.351551,28,real,-1,7
187110,4.149567,39,real,-1,18
187134,-3.845214,24,real,-1,3
187161,5.241426,27,real,-1,6
187190,2.457298,29,real,-1,8
187228,2.730639,38,real,-1,17
187250,7.717867,22,real,-1,1
187291,-2.469139,41,real,-1,20
187315,0.317736,24,real,-1,3
187351,-3.081765,36,real,-1,15
187372,6.215112,21,real,-1,0
187407,0.799195,35,real,-1,14
187435,8.505138,28,real,-1,7
187468,3.702931,33,real,-1,12
187507,4.856127,39,real,-1,18
187542,4.831398,35,real,-1,14
187584,6.479811,42,real,-1,21
187618,-0.937559,34,real,-1,13
187645,-1.657191,27,real,-1,6
187683,4.712759,38,real,-1,17
187713,5.193848,30,real,-1,9
187745,-4.052142,32,real,-1,11
187784,-4.120139,39,real,-1,18
187821,0.711846,37,real,-1,16
187851,7.292508,30,real,-1,9
187880,7.457007,29,real,-1,8
187912,-1.223189,32,real,-1,11
187933,5.163557,21,real,-1,0
187966,7.681155,33,real,-1,12
187995,-4.370737,29,real,-1,8
188032,6.953808,37,real,-1,16
188069,5.614386,37,real,-1,16
188093,1.426494,24,real,-1,3
188127,7.318774,34,real,-1,13
188150,5.202606,23,real,-1,2
188192,4.271,42,real,-1,21
188230,10.323361,38,real,-1,17
188259,1.878686,29,real,-1,8
188301,-3.925968,42,real,-1,21
188341,8.817981,40,real,-1,19
188378,8.066529,37,real,-1,16
188406,-3.206801,28,real,-1,7
188440,4.031123,34,real,-1,13
188475,-6.057345,35,real,-1,14
188509,-0.526203,34,real,-1,13
188544,-3.075964,35,real,-1,14
188585,3.469037,41,real,-1,20
188617,-0.037037,32,real,-1,11
188646,-2.240564,29,real,-1,8
188685,7.208862,39,real,-1,18
188725,3.829613,40,real,-1,19
188754,3.216899,29,real,-1,8
188796,-4.721457,42,real,-1,21
188830,3.176257,34,real,-1,13
188870,2.292334,40,real,-1,19
188895,3.107641,25,real,-1,4
188927,3.719172,32,real,-1,11
188955,2.427538,28,real,-1,7
188984,-10.63735,29,real,-1,8
189013,2.531199,29,real,-1,8
189051,-0.584535,38,real,-1,17
189093,1.156953,42,real,-1,21
189118,-1.02657,25,real,-1,4
189160,-4.091864,42,real,-1,21
189182,2.423162,22,real,-1,1
189223,11.85909,41,real,-1,20
189251,-2.384875,28,real,-1,7
189278,1.852224,27,real,-1,6
189320,3.740309,42,real,-1,21
189352,5.100562,32,real,-1,11
189394,-0.592105,42,real,-1,21
189419,-0.393494,25,real,-1,4
189457,0.400985,38,real,-1,17
189493,0.371613,36,real,-1,15
189535,2.292982,42,real,-1,21
189574,7.713708,39,real,-1,18
189595,1.401724,21,real,-1,0
189631,2.307046,36,real,-1,15
189667,-4.247407,36,real,-1,15
189692,1.689535,25,real,-1,4
189733,5.680367,41,real,-1,20
189762,2.320399,29,real,-1,8
189795,-2.427959,33,real,-1,12
189825,4.706968,30,real,-1,9
189867,2.767286,42,real,-1,21
189891,-0.760756,24,real,-1,3
189932,0.199342,41,real,-1,20
189965,4.203789,33,real,-1,12
190004,4.6255,39,real,-1,18
190038,4.998154,34,real,-1,13
190070,0.132931,32,real,-1,11
190097,2.181408,27,real,-1,6
190126,-3.707377,29,real,-1,8
190152,5.920025,26,real,-1,5
190188,2.549287,36,real,-1,15
190212,-1.440781,24,real,-1,3
190241,-0.945953,29,real,-1,8
190279,7.423303,38,real,-1,17
190314,-4.601784,35,real,-1,14
190347,7.452314,33,real,-1,12
190368,-1.716216,21,real,-1,0
190399,2.099681,31,real,-1,10
190435,5.904335,36,real,-1,15
190471,7.699766,36,real,-1,15
190506,3.708146,35,real,-1,14
190546,5.27245,40,real,-1,19
190578,3.697713,32,real,-1,11
190609,-5.516159,31,real,-1,10
190638,-2.762562,29,real,-1,8
190665,-1.6713,27,real,-1,6
190698,2.959079,33,real,-1,12
190720,0.101623,22,real,-1,1
190753,5.50143,33,real,-1,12
190792,9.683112,39,real,-1,18
190820,-8.443452,28,real,-1,7
190860,-0.306449,40,real,-1,19
190888,0.071931,28,real,-1,7
190918,8.469207,30,real,-1,9
190954,0.563787,36,real,-1,15
190977,2.684133,23,real,-1,2
191005,0.131378,28,real,-1,7
191026,1.107954,21,real,-1,0
191049,3.262298,23,real,-1,2
191075,3.69872,26,real,-1,5
191117,6.554111,42,real,-1,21
191152,-3.23032,35,real,-1,14
191176,-1.322298,24,real,-1,3
191198,5.680816,22,real,-1,1
191230,6.450587,32,real,-1,11
191251,0.957421,21,real,-1,0
191279,0.378848,28,real,-1,7
191313,6.129749,34,real,-1,13
191336,-0.679292,23,real,-1,2
191367,2.618274,31,real,-1,10
191402,-1.74944,35,real,-1,14
191435,1.788806,33,real,-1,12
191462,2.216266,27,real,-1,6
191494,1.25731,32,real,-1,11
191536,11.664896,42,real,-1,21
191574,1.23756,38,real,-1,17
191597,1.392187,23,real,-1,2
191629,9.678913,32,real,-1,11
191663,1.078617,34,real,-1,13
191702,4.988896,39,real,-1,18
191727,0.655698,25,real,-1,4
191749,5.662715,22,real,-1,1
191788,4.910609,39,real,-1,18
191823,-1.977417,35,real,-1,14
191847,6.429685,24,real,-1,3
191876,5.356286,29,real,-1,8
191905,-1.265409,29,real,-1,8
191946,-3.883791,41,real,-1,20
191977,-0.484123,31,real,-1,10
192011,-4.413559,34,real,-1,13
192037,5.462735,26,real,-1,5
192061,6.229467,24,real,-1,3
192085,-2.781533,24,real,-1,3
192113,0.95919,28,real,-1,7
192143,7.034632,30,real,-1,9
192169,5.928538,26,real,-1,5
192197,-11.398567,28,real,-1,7
192237,1.097532,40,real,-1,19
192268,2.37774,31,real,-1,10
192298,-2.516426,30,real,-1,9
192320,0.112976,22,real,-1,1
192360,-0.001971,40,real,-1,19
192398,6.14804,38,real,-1,17
192428,7.047965,30,real,-1,9
192462,2.430925,34,real,-1,13
192499,4.111325,37,real,-1,16
192538,10.348109,39,real,-1,18
192563,-1.459398,25,real,-1,4
192595,5.341473,32,real,-1,11
192627,0.717546,32,real,-1,11
192650,3.488467,23,real,-1,2
192683,3.423368,33,real,-1,12
192721,1.185602,38,real,-1,17
192746,0.739694,25,real,-1,4
192783,0.894963,37,real,-1,16
192820,-3.770786,37,real,-1,16
192848,-0.822296,28,real,-1,7
192887,1.071098,39,real,-1,18
192921,-1.945956,34,real,-1,13
192957,2.75525,36,real,-1,15
192979,0.65394,22,real,-1,1
193001,1.628244,22,real,-1,1
193040,4.798571,39,real,-1,18
193067,4.854244,27,real,-1,6
193097,5.240591,30,real,-1,9
193137,1.078337,40,real,-1,19
193159,3.116248,22,real,-1,1
193189,5.021506,30,real,-1,9
193210,3.807373,21,real,-1,0
193249,4.457238,39,real,-1,18
193283,-4.790795,34,real,-1,13
193323,5.91003,40,real,-1,19
193350,-2.688775,27,real,-1,6
193383,-2.547375,33,real,-1,12
193423,-0.029621,40,real,-1,19
193462,5.328542,39,real,-1,18
193500,-1.666537,38,real,-1,17
193528,8.189738,28,real,-1,7
193559,3.218203,31,real,-1,10
193598,2.669175,39,real,-1,18
193636,-3.199242,38,real,-1,17
193660,2.296032,24,real,-1,3
193696,4.495836,36,real,-1,15
193730,3.311112,34,real,-1,13
193754,3.839033,24,real,-1,3
193790,3.720872,36,real,-1,15
193829,5.988321,39,real,-1,18
193867,-6.569901,38,real,-1,17
193903,4.699868,36,real,-1,15
193943,5.426945,40,real,-1,19
193975,0.732747,32,real,-1,11
194007,5.033868,32,real,-1,11
194028,1.271847,21,real,-1,0
194067,8.287175,39,real,-1,18
194091,-2.815178,24,real,-1,3
194119,2.303363,28,real,-1,7
194145,-1.906271,26,real,-1,5
194173,-1.531144,28,real,-1,7
194214,4.890807,41,real,-1,20
194241,-0.043716,27,real,-1,6
194282,2.55703,41,real,-1,20
194303,-3.319665,21,real,-1,0
194329,2.057991,26,real,-1,5
194364,-0.19645,35,real,-1,14
194402,0.401515,38,real,-1,17
194443,8.048026,41,real,-1,20
194472,5.519545,29,real,-1,8
194496,1.11359,24,real,-1,3
194531,-4.536859,35,real,-1,14
194569,11.724604,38,real,-1,17
194596,2.951516,27,real,-1,6
194630,2.102415,34,real,-1,13
194664,-1.544313,34,real,-1,13
194692,-11.250555,28,real,-1,7
194717,-6.262679,25,real,-1,4
194743,-1.276482,26,real,-1,5
194764,-2.808545,21,real,-1,0
194803,3.180098,39,real,-1,18
194836,-0.01815,33,real,-1,12
194863,3.938361,27,real,-1,6
194905,1.133821,42,real,-1,21
194947,-3.006028,42,real,-1,21
194987,2.735776,40,real,-1,19
195019,4.67273,32,real,-1,11
195043,1.341075,24,real,-1,3
195081,6.016897,38,real,-1,17
195123,9.616553,42,real,-1,21
195158,6.153022,35,real,-1,14
195181,-0.885375,23,real,-1,2
195203,5.560123,22,real,-1,1
195225,-0.709646,22,real,-1,1
195247,3.3625,22,real,-1,1
195269,5.344844,22,real,-1,1
195308,10.916284,39,real,-1,18
195343,3.764706,35,real,-1,14
195371,2.735233,28,real,-1,7
195404,-2.562456,33,real,-1,12
195442,3.787096,38,real,-1,17
195482,9.309955,40,real,-1,19
195518,2.204184,36,real,-1,15
195559,-3.063512,41,real,-1,20
195592,-7.706898,33,real,-1,12
195622,2.086916,30,real,-1,9
195657,1.453454,35,real,-1,14
195690,4.140839,33,real,-1,12
195718,-0.222023,28,real,-1,7
195752,-0.229044,34,real,-1,13
195791,8.16561,39,real,-1,18
195822,1.029263,31,real,-1,10
195859,2.81461,37,real,-1,16
195889,0.02657,30,real,-1,9
195914,-4.671696,25,real,-1,4
195951,4.357703,37,real,-1,16
195982,10.165528,31,real,-1,10
196008,4.933429,26,real,-1,5
196040,1.359679,32,real,-1,11
196069,8.871517,29,real,-1,8
196091,2.688681,22,real,-1,1
196121,5.289713,30,real,-1,9
196163,6.489597,42,real,-1,21
196197,-3.743817,34,real,-1,13
196232,3.113088,35,real,-1,14
196259,-2.701872,27,real,-1,6
196294,3.14189,35,real,-1,14
196336,6.863692,42,real,-1,21
196377,-0.95132,41,real,-1,20
196404,-5.532135,27,real,-1,6
196442,7.660552,38,real,-1,17
196479,5.375179,37,real,-1,16
196512,3.366086,33,real,-1,12
196551,-2.374545,39,real,-1,18
196590,4.751915,39,real,-1,18
196625,-3.928058,35,real,-1,14
196649,2.454737,24,real,-1,3
196680,5.604824,31,real,-1,10
196720,4.709243,40,real,-1,19
196761,0.546074,41,real,-1,20
196786,2.410454,25,real,-1,4
196825,11.699093,39,real,-1,18
196849,2.208173,24,real,-1,3
196888,1.855215,39,real,-1,18
196920,-10.132306,32,real,-1,11
196949,5.392644,29,real,-1,8
196991,2.888594,42,real,-1,21
197024,1.725099,33,real,-1,12
197045,-0.09286,21,real,-1,0
197080,4.123254,35,real,-1,14
197105,3.846897,25,real,-1,4
197139,-0.79258,34,real,-1,13
197168,-6.884283,29,real,-1,8
197205,3.967615,37,real,-1,16
197231,0.916352,26,real,-1,5
197261,3.951823,30,real,-1,9
197292,2.034784,31,real,-1,10
197327,5.523531,35,real,-1,14
197367,2.547107,40,real,-1,19
197391,-10.401409,24,real,-1,3
197430,7.355239,39,real,-1,18
197462,1.193453,32,real,-1,11
197501,4.582329,39,real,-1,18
197526,-2.516393,25,real,-1,4
197565,-2.692185,39,real,-1,18
197600,4.00482,35,real,-1,14
197626,-0.77122,26,real,-1,5
197652,2.436828,26,real,-1,5
197690,5.97068,38,real,-1,17
197729,2.733172,39,real,-1,18
197762,-7.009706,33,real,-1,12
197789,-2.29532,27,real,-1,6
197810,-0.419311,21,real,-1,0
197846,-0.770557,36,real,-1,15
197877,-0.508778,31,real,-1,10
197908,4.779825,31,real,-1,10
197947,5.240472,39,real,-1,18
197968,-7.694942,21,real,-1,0
197995,1.029261,27,real,-1,6
198020,2.005514,25,real,-1,4
198051,7.21466,31,real,-1,10
198088,-1.073969,37,real,-1,16
198127,3.962278,39,real,-1,18
198150,-2.420211,23,real,-1,2
198189,6.182321,39,real,-1,18
198214,1.778123,25,real,-1,4
198240,0.67261,26,real,-1,5
198264,-4.319854,24,real,-1,3
198301,4.701392,37,real,-1,16
198330,1.938183,29,real,-1,8
198353,2.679312,23,real,-1,2
198389,1.530316,36,real,-1,15
198411,-0.285983,22,real,-1,1
198440,-1.148891,29,real,-1,8
198466,9.850279,26,real,-1,5
198507,8.593843,41,real,-1,20
198541,5.675568,34,real,-1,13
198569,1.41055,28,real,-1,7
198606,7.275936,37,real,-1,16
198630,3.151532,24,real,-1,3
198661,1.763106,31,real,-1,10
198684,-6.648937,23,real,-1,2
198719,3.687827,35,real,-1,14
198755,1.418941,36,real,-1,15
198786,-3.226764,31,real,-1,10
198824,1.267123,38,real,-1,17
198852,3.417244,28,real,-1,7
198884,3.055239,32,real,-1,11
198910,-3.280172,26,real,-1,5
198952,4.962318,42,real,-1,21
198978,6.747249,26,real,-1,5
199011,5.547723,33,real,-1,12
199032,-5.400259,21,real,-1,0
199071,-1.377936,39,real,-1,18
199100,-4.077816,29,real,-1,8
199139,3.557981,39,real,-1,18
199172,4.753271,33,real,-1,12
199212,2.802539,40,real,-1,19
199247,10.496306,35,real,-1,14
199287,-3.516102,40,real,-1,19
199308,3.911101,21,real,-1,0
199332,6.891881,24,real,-1,3
199369,6.735912,37,real,-1,16
199394,-1.952704,25,real,-1,4
199436,-4.219581,42,real,-1,21
199467,-5.314847,31,real,-1,10
199499,-2.262125,32,real,-1,11
199535,4.923899,36,real,-1,15
199570,1.976928,35,real,-1,14
199596,-0.845538,26,real,-1,5
199627,-1.82436,31,real,-1,10
199651,2.725222,24,real,-1,3
199693,-3.117578,42,real,-1,21
199733,9.405815,40,real,-1,19
199770,8.727016,37,real,-1,16
199804,8.135105,34,real,-1,13
199829,-2.167654,25,real,-1,4
199863,6.6713,34,real,-1,13
199901,6.825513,38,real,-1,17
199926,-0.164582,25,real,-1,4
199965,3.179132,39,real,-1,18
199995,3.135936,30,real,-1,9
200023,1.802568,28,real,-1,7
200049,-1.780456,26,real,-1,5
200087,6.919279,38,real,-1,17
200125,4.751652,38,real,-1,17
200151,4.81987,26,real,-1,5
200183,5.59166,32,real,-1,11
200221,-2.5593,38,real,-1,17
200244,3.333446,23,real,-1,2
200282,2.601095,38,real,-1,17
200317,3.710665,35,real,-1,14
200354,-2.491457,37,real,-1,16
200389,0.541723,35,real,-1,14
200417,3.68893,28,real,-1,7
200455,-2.033485,38,real,-1,17
200496,-0.703001,41,real,-1,20
200536,5.953595,40,real,-1,19
200568,5.544006,32,real,-1,11
200591,2.222184,23,real,-1,2
200619,6.700027,28,real,-1,7
200645,0.692645,26,real,-1,5
200678,2.407727,33,real,-1,12
200700,1.291209,22,real,-1,1
200725,2.177429,25,real,-1,4
200753,0.157327,28,real,-1,7
200789,6.667554,36,real,-1,15
200813,2.765462,24,real,-1,3
200839,-3.076801,26,real,-1,5
200875,4.264559,36,real,-1,15
200896,2.343142,21,real,-1,0
200930,6.136156,34,real,-1,13
200969,11.715666,39,real,-1,18
201004,3.32177,35,real,-1,14
201042,2.09549,38,real,-1,17
201082,1.397176,40,real,-1,19
201104,-0.759767,22,real,-1,1
201127,4.712024,23,real,-1,2
201167,6.284786,40,real,-1,19
201203,-0.078606,36,real,-1,15
201230,4.989874,27,real,-1,6
201254,-2.087996,24,real,-1,3
201293,4.304375,39,real,-1,18
201324,7.994968,31,real,-1,10
201358,6.355515,34,real,-1,13
201395,4.113136,37,real,-1,16
201431,-3.441902,36,real,-1,15
201454,5.878316,23,real,-1,2
201494,6.512662,40,real,-1,19
201527,-1.275704,33,real,-1,12
201552,-6.398052,25,real,-1,4
201575,-2.148555,23,real,-1,2
201596,2.204363,21,real,-1,0
201619,-0.665777,23,real,-1,2
201654,7.640733,35,real,-1,14
201679,6.13306,25,real,-1,4
201721,4.350072,42,real,-1,21
201752,6.092958,31,real,-1,10
201792,-9.174298,40,real,-1,19
201827,-1.887292,35,real,-1,14
201855,-6.498046,28,real,-1,7
201879,-4.144397,24,real,-1,3
201915,0.525005,36,real,-1,15
201950,2.025737,35,real,-1,14
201986,4.086156,36,real,-1,15
202012,2.746797,26,real,-1,5
202037,2.487463,25,real,-1,4
202069,-2.904915,32,real,-1,11
202109,11.154644,40,real,-1,19
202150,5.11201,41,real,-1,20
202182,1.647822,32,real,-1,11
202218,-0.046601,36,real,-1,15
202244,3.085787,26,real,-1,5
202278,5.045172,34,real,-1,13
202318,4.500077,40,real,-1,19
202353,1.351472,35,real,-1,14
202391,1.875267,38,real,-1,17
202433,0.48244,42,real,-1,21
202465,1.706224,32,real,-1,11
202487,0.216346,22,real,-1,1
202512,-7.861447,25,real,-1,4
202542,4.697154,30,real,-1,9
202564,2.824548,22,real,-1,1
202597,1.617072,33,real,-1,12
202627,1.099057,30,real,-1,9
202667,1.51481,40,real,-1,19
202696,0.55106,29,real,-1,8
202731,3.605717,35,real,-1,14
202768,4.440258,37,real,-1,16
202802,7.162208,34,real,-1,13
202823,-0.266043,21,real,-1,0
202849,-2.107085,26,real,-1,5
202885,5.076265,36,real,-1,15
202914,6.194453,29,real,-1,8
202948,5.295763,34,real,-1,13
202980,5.811612,32,real,-1,11
203022,-6.982152,42,real,-1,21
203051,1.524922,29,real,-1,8
203084,-4.350962,33,real,-1,12
203122,7.066149,38,real,-1,17
203152,3.643159,30,real,-1,9
203177,5.783797,25,real,-1,4
203202,1.292207,25,real,-1,4
203239,3.894991,37,real,-1,16
203266,5.521348,27,real,-1,6
203291,6.984339,25,real,-1,4
203312,3.548376,21,real,-1,0
203344,1.182301,32,real,-1,11
203369,1.781674,25,real,-1,4
203406,6.474278,37,real,-1,16
203447,9.63087,41,real,-1,20
203472,3.059759,25,real,-1,4
203513,4.877882,41,real,-1,20
203534,0.066234,21,real,-1,0
203562,5.59251,28,real,-1,7
203598,-1.320305,36,real,-1,15
203632,5.990845,34,real,-1,13
203658,3.197182,26,real,-1,5
203690,4.065366,32,real,-1,11
203712,0.750775,22,real,-1,1
203742,6.508373,30,real,-1,9
203766,-6.67483,24,real,-1,3
203799,6.145434,33,real,-1,12
203822,4.743516,23,real,-1,2
203847,1.414409,25,real,-1,4
203870,1.277356,23,real,-1,2
203902,0.848251,32,real,-1,11
203935,-3.716753,33,real,-1,12
203968,5.201855,33,real,-1,12
204003,1.720264,35,real,-1,14
204035,-8.106433,32,real,-1,11
204063,3.508904,28,real,-1,7
204102,6.600969,39,real,-1,18
204127,2.148243,25,real,-1,4
204162,2.106841,35,real,-1,14
204195,-1.025278,33,real,-1,12
204219,-2.351082,24,real,-1,3
204246,4.771027,27,real,-1,6
204283,1.663649,37,real,-1,16
204325,4.796506,42,real,-1,21
204366,4.116845,41,real,-1,20
204406,7.503394,40,real,-1,19
204431,-2.514524,25,real,-1,4
204457,13.714652,26,real,-1,5
204494,5.58865,37,real,-1,16
204522,4.943543,28,real,-1,7
204543,1.402801,21,real,-1,0
204585,12.363363,42,real,-1,21
204624,-1.485637,39,real,-1,18
204657,1.039268,33,real,-1,12
204693,3.971916,36,real,-1,15
204731,-1.868771,38,real,-1,17
204763,-5.252505,32,real,-1,11
204789,7.176926,26,real,-1,5
204821,3.261768,32,real,-1,11
204850,6.080492,29,real,-1,8
204883,-2.502226,33,real,-1,12
204916,1.228259,33,real,-1,12
204956,7.045104,40,real,-1,19
204979,-3.204179,23,real,-1,2
205020,4.091835,41,real,-1,20
205058,7.004484,38,real,-1,17
205085,0.30751,27,real,-1,6
205116,1.369602,31,real,-1,10
205146,2.355992,30,real,-1,9
205188,8.069583,42,real,-1,21
205214,-2.842187,26,real,-1,5
205249,4.811397,35,real,-1,14
205286,-1.242226,37,real,-1,16
205313,1.100765,27,real,-1,6
205352,3.99795,39,real,-1,18
205389,6.383393,37,real,-1,16
205420,5.290337,31,real,-1,10
205456,5.311617,36,real,-1,15
205478,4.174479,22,real,-1,1
205503,-3.983972,25,real,-1,4
205545,3.850589,42,real,-1,21
205574,3.733409,29,real,-1,8
205599,2.638686,25,real,-1,4
205639,6.544199,40,real,-1,19
205679,-1.466252,40,real,-1,19
205709,4.03129,30,real,-1,9
205731,1.99233,22,real,-1,1
205765,-2.762193,34,real,-1,13
205789,0.844045,24,real,-1,3
205820,-10.064344,31,real,-1,10
205851,7.876101,31,real,-1,10
205893,2.937269,42,real,-1,21
205915,-1.959912,22,real,-1,1
205947,4.938491,32,real,-1,11
205972,2.684968,25,real,-1,4
205999,8.640954,27,real,-1,6
206037,1.668108,38,real,-1,17
206072,-1.491871,35,real,-1,14
206102,6.092143,30,real,-1,9
206134,1.12313,32,real,-1,11
206166,3.991005,32,real,-1,11
206203,-2.933499,37,real,-1,16
206238,5.785489,35,real,-1,14
206271,2.449546,33,real,-1,12
206297,3.27424,26,real,-1,5
206328,1.07847,31,real,-1,10
206359,4.624865,31,real,-1,10
206388,7.457757,29,real,-1,8
206427,5.552123,39,real,-1,18
206457,9.399223,30,real,-1,9
206480,1.193751,23,real,-1,2
206507,1.58632,27,real,-1,6
206532,2.855875,25,real,-1,4
206565,5.304863,33,real,-1,12
206606,4.218912,41,real,-1,20
206643,3.056007,37,real,-1,16
206666,5.460103,23,real,-1,2
206690,3.038033,24,real,-1,3
206711,1.277271,21,real,-1,0
206732,3.489622,21,real,-1,0
206773,-0.069487,41,real,-1,20
206809,-1.45728,36,real,-1,15
206833,-3.515702,24,real,-1,3
206875,-5.486251,42,real,-1,21
206901,0.291533,26,real,-1,5
206924,-5.170791,23,real,-1,2
206948,4.149635,24,real,-1,3
206971,-1.820854,23,real,-1,2
206995,2.344441,24,real,-1,3
207029,9.543998,34,real,-1,13
207059,4.59194,30,real,-1,9
207098,5.492225,39,real,-1,18
207129,-0.067124,31,real,-1,10
207156,-8.031859,27,real,-1,6
207191,-2.882316,35,real,-1,14
207222,9.039647,31,real,-1,10
207264,5.247307,42,real,-1,21
207293,-0.458521,29,real,-1,8
207332,5.640194,39,real,-1,18
207356,-2.011011,24,real,-1,3
207385,5.414385,29,real,-1,8
207423,-7.987139,38,real,-1,17
207454,5.536567,31,real,-1,10
207496,-5.346481,42,real,-1,21
207526,-4.089144,30,real,-1,9
207551,4.265553,25,real,-1,4
207583,10.521772,32,real,-1,11
207609,-2.464008,26,real,-1,5
207639,1.579365,30,real,-1,9
207681,-0.947977,42,real,-1,21
207708,3.857838,27,real,-1,6
207750,-0.690107,42,real,-1,21
207785,5.275248,35,real,-1,14
207810,-1.194489,25,real,-1,4
207848,-0.750856,38,real,-1,17
207882,-5.762436,34,real,-1,13
207919,-3.114093,37,real,-1,16
207956,2.2825,37,real,-1,16
207996,5.173571,40,real,-1,19
208018,0.421082,22,real,-1,1
208047,1.972515,29,real,-1,8
208072,3.738959,25,real,-1,4
208096,4.347139,24,real,-1,3
208125,4.349077,29,real,-1,8
208157,6.14491,32,real,-1,11
208187,10.042033,30,real,-1,9
208227,7.9638,40,real,-1,19
208266,1.885495,39,real,-1,18
208287,1.5298,21,real,-1,0
208312,5.274864,25,real,-1,4
208338,3.796009,26,real,-1,5
208363,9.432969,25,real,-1,4
208399,-1.487035,36,real,-1,15
208435,3.821711,36,real,-1,15
208477,3.866323,42,real,-1,21
208518,-2.928371,41,real,-1,20
208551,7.107902,33,real,-1,12
208578,4.295703,27,real,-1,6
208606,7.066727,28,real,-1,7
208642,4.567628,36,real,-1,15
208673,-4.310244,31,real,-1,10
208714,8.893343,41,real,-1,20
208748,0.046661,34,real,-1,13
208786,2.797886,38,real,-1,17
208828,2.747688,42,real,-1,21
208856,7.1957,28,real,-1,7
208893,6.073197,37,real,-1,16
208919,0.881826,26,real,-1,5
208945,-2.298998,26,real,-1,5
208976,-3.119494,31,real,-1,10
209008,5.209144,32,real,-1,11
209042,6.50896,34,real,-1,13
209080,2.970124,38,real,-1,17
209108,0.130467,28,real,-1,7
209138,-0.650608,30,real,-1,9
209178,-0.060739,40,real,-1,19
209220,1.053161,42,real,-1,21
209241,1.371293,21,real,-1,0
209268,6.412881,27,real,-1,6
209293,-0.463241,25,real,-1,4
209326,-4.133985,33,real,-1,12
209359,1.566932,33,real,-1,12
209390,3.946859,31,real,-1,10
209427,-3.169575,37,real,-1,16
209462,-4.223881,35,real,-1,14
209485,5.389054,23,real,-1,2
209517,6.932542,32,real,-1,11
209540,3.526793,23,real,-1,2
209574,-1.833266,34,real,-1,13
209613,1.937459,39,real,-1,18
209651,-2.062756,38,real,-1,17
209673,2.224269,22,real,-1,1
209708,1.352036,35,real,-1,14
209736,8.658472,28,real,-1,7
209762,4.432844,26,real,-1,5
209790,1.49889,28,real,-1,7
209821,3.5443,31,real,-1,10
209855,1.186318,34,real,-1,13
209896,2.051191,41,real,-1,20
209927,-6.084824,31,real,-1,10
209959,5.341885,32,real,-1,11
209984,1.371109,25,real,-1,4
210017,3.383417,33,real,-1,12
210056,0.222951,39,real,-1,18
210091,2.501463,35,real,-1,14
210130,-3.740604,39,real,-1,18
210158,2.77047,28,real,-1,7
210182,-0.821387,24,real,-1,3
210208,4.150362,26,real,-1,5
210245,-7.472766,37,real,-1,16
210273,6.830736,28,real,-1,7
210313,-3.628383,40,real,-1,19
210334,-2.317264,21,real,-1,0
210364,-1.693262,30,real,-1,9
210386,0.231631,22,real,-1,1
210425,0.116633,39,real,-1,18
210448,2.61899,23,real,-1,2
210480,-0.604635,32,real,-1,11
210520,3.074121,40,real,-1,19
210561,0.554706,41,real,-1,20
210582,1.49303,21,real,-1,0
210619,1.613972,37,real,-1,16
210656,8.889006,37,real,-1,16
210694,2.223839,38,real,-1,17
210726,1.217339,32,real,-1,11
210756,2.46186,30,real,-1,9
210788,5.271582,32,real,-1,11
210830,-0.356567,42,real,-1,21
210852,0.128375,22,real,-1,1
210888,0.076327,36,real,-1,15
210914,-3.18346,26,real,-1,5
210944,3.56766,30,real,-1,9
210977,-0.256766,33,real,-1,12
210998,-1.418236,21,real,-1,0
211038,2.046249,40,real,-1,19
211070,3.835276,32,real,-1,11
211106,5.545387,36,real,-1,15
211127,1.530916,21,real,-1,0
211162,-1.273652,35,real,-1,14
211184,1.477337,22,real,-1,1
211211,-8.54639,27,real,-1,6
211252,3.078932,41,real,-1,20
211291,4.807121,39,real,-1,18
211325,5.396664,34,real,-1,13
211361,1.87009,36,real,-1,15
211396,2.051069,35,real,-1,14
211430,3.289785,34,real,-1,13
211461,1.250993,31,real,-1,10
211493,-1.452617,32,real,-1,11
211524,-1.394856,31,real,-1,10
211565,6.067236,41,real,-1,20
211595,2.643335,30,real,-1,9
211628,2.173213,33,real,-1,12
211653,6.096455,25,real,-1,4
211675,1.946152,22,real,-1,1
211703,3.456141,28,real,-1,7
211727,1.656479,24,real,-1,3
211761,4.822721,34,real,-1,13
211790,2.481299,29,real,-1,8
211829,6.021475,39,real,-1,18
211854,2.315828,25,real,-1,4
211881,0.116486,27,real,-1,6
211921,4.588886,40,real,-1,19
211943,3.604137,22,real,-1,1
211969,4.718016,26,real,-1,5
211990,2.138336,21,real,-1,0
212016,4.578604,26,real,-1,5
212046,7.471638,30,real,-1,9
212081,5.529132,35,real,-1,14
212105,8.301185,24,real,-1,3
212145,3.004004,40,real,-1,19
212175,3.451169,30,real,-1,9
212214,5.902109,39,real,-1,18
212251,-3.63987,37,real,-1,16
212282,3.726047,31,real,-1,10
212317,1.913937,35,real,-1,14
212347,-0.858838,30,real,-1,9
212379,4.41237,32,real,-1,11
212404,2.940427,25,real,-1,4
212445,-8.549133,41,real,-1,20
212486,-0.430542,41,real,-1,20
212524,6.737919,38,real,-1,17
212556,0.524526,32,real,-1,11
212578,5.849796,22,real,-1,1
212600,1.402468,22,real,-1,1
212629,5.346138,29,real,-1,8
212660,1.947488,31,real,-1,10
212702,2.120726,42,real,-1,21
212727,-5.193273,25,real,-1,4
212750,8.489766,23,real,-1,2
212791,1.616723,41,real,-1,20
212833,-0.127142,42,real,-1,21
212871,1.806606,38,real,-1,17
212907,0.473207,36,real,-1,15
212942,12.355076,35,real,-1,14
212971,2.369535,29,real,-1,8
213010,-1.310621,39,real,-1,18
213051,-1.671169,41,real,-1,20
213088,2.842905,37,real,-1,16
213123,1.414391,35,real,-1,14
213159,1.369588,36,real,-1,15
213186,2.756926,27,real,-1,6
213211,-0.321407,25,real,-1,4
213232,0.686782,21,real,-1,0
213262,5.647012,30,real,-1,9
213300,-3.253728,38,real,-1,17
213329,5.307986,29,real,-1,8
213367,3.18341,38,real,-1,17
213388,1.76968,21,real,-1,0
213421,5.5531,33,real,-1,12
213449,6.292205,28,real,-1,7
213474,5.564917,25,real,-1,4
213513,-0.436072,39,real,-1,18
213545,2.633979,32,real,-1,11
213580,3.476146,35,real,-1,14
213603,3.920426,23,real,-1,2
213624,2.865107,21,real,-1,0
213665,7.66969,41,real,-1,20
213687,-6.834837,22,real,-1,1
213718,5.987114,31,real,-1,10
213746,-0.565688,28,real,-1,7
213787,5.036342,41,real,-1,20
213812,1.049999,25,real,-1,4
213838,0.893027,26,real,-1,5
213878,5.593049,40,real,-1,19
213902,4.482332,24,real,-1,3
213924,-1.995054,22,real,-1,1
213945,-3.416673,21,real,-1,0
213966,2.416754,21,real,-1,0
213991,1.885347,25,real,-1,4
214017,3.256389,26,real,-1,5
214048,6.930896,31,real,-1,10
214083,-2.502153,35,real,-1,14
214108,-0.861918,25,real,-1,4
214132,-3.561979,24,real,-1,3
214153,5.778263,21,real,-1,0
214191,7.540367,38,real,-1,17
214229,6.246867,38,real,-1,17
214266,7.520669,37,real,-1,16
214299,1.034166,33,real,-1,12
214329,-1.553982,30,real,-1,9
214351,1.953795,22,real,-1,1
214391,8.697307,40,real,-1,19
214423,4.168499,32,real,-1,11
214448,3.832981,25,real,-1,4
214483,2.098689,35,real,-1,14
214522,1.418139,39,real,-1,18
214559,10.197477,37,real,-1,16
214589,-0.017037,30,real,-1,9
214625,5.367538,36,real,-1,15
214659,-1.030393,34,real,-1,13
214699,-1.490376,40,real,-1,19
214731,3.965172,32,real,-1,11
214756,1.302729,25,real,-1,4
214789,-3.682281,33,real,-1,12
214814,1.235947,25,real,-1,4
214847,-2.883571,33,real,-1,12
214884,-0.123627,37,real,-1,16
214921,10.836115,37,real,-1,16
214950,3.206148,29,real,-1,8
214979,1.643875,29,real,-1,8
215019,6.936871,40,real,-1,19
215054,-1.938354,35,real,-1,14
215085,-12.524771,31,real,-1,10
215123,-0.207559,38,real,-1,17
215152,0.917703,29,real,-1,8
215178,3.371448,26,real,-1,5
215199,5.03309,21,real,-1,0
215236,-3.53517,37,real,-1,16
215258,1.126327,22,real,-1,1
215285,1.203124,27,real,-1,6
215311,1.89755,26,real,-1,5
215348,4.002621,37,real,-1,16
215370,-0.892634,22,real,-1,1
215402,0.939285,32,real,-1,11
215431,1.803468,29,real,-1,8
215456,1.898721,25,real,-1,4
215477,-3.861899,21,real,-1,0
215514,2.73403,37,real,-1,16
215542,8.250004,28,real,-1,7
215570,-0.928874,28,real,-1,7
215593,3.143732,23,real,-1,2
215626,5.912563,33,real,-1,12
215653,7.721259,27,real,-1,6
215695,0.699951,42,real,-1,21
215735,1.723527,40,real,-1,19
215766,4.63283,31,real,-1,10
215789,1.543756,23,real,-1,2
215818,-4.823899,29,real,-1,8
215846,7.57614,28,real,-1,7
215888,7.945586,42,real,-1,21
215927,7.651779,39,real,-1,18
215967,6.198876,40,real,-1,19
215990,-10.767508,23,real,-1,2
216032,0.366091,42,real,-1,21
216073,0.314652,41,real,-1,20
216108,7.439494,35,real,-1,14
216136,6.989915,28,real,-1,7
216178,1.472383,42,real,-1,21
216204,4.75642,26,real,-1,5
216233,-3.718358,29,real,-1,8
216268,-5.712924,35,real,-1,14
216309,7.934155,41,real,-1,20
216339,3.545979,30,real,-1,9
216379,-1.066082,40,real,-1,19
216411,-3.746874,32,real,-1,11
216445,0.756658,34,real,-1,13
216476,5.878661,31,real,-1,10
216508,4.883591,32,real,-1,11
216535,-0.531617,27,real,-1,6
216576,3.961747,41,real,-1,20
216605,5.823839,29,real,-1,8
216642,8.921853,37,real,-1,16
216671,3.319224,29,real,-1,8
216694,3.900764,23,real,-1,2
216715,2.303113,21,real,-1,0
216742,-2.763319,27,real,-1,6
216768,0.359309,26,real,-1,5
216794,7.715287,26,real,-1,5
216816,-1.558867,22,real,-1,1
216843,-4.303729,27,real,-1,6
216873,1.708767,30,real,-1,9
216914,0.077038,41,real,-1,20
216947,8.474634,33,real,-1,12
216973,-6.910323,26,real,-1,5
217015,0.990068,42,real,-1,21
217047,3.917404,32,real,-1,11
217073,-2.462283,26,real,-1,5
217115,-6.466328,42,real,-1,21
217146,5.63375,31,real,-1,10
217172,-2.712992,26,real,-1,5
217207,6.130455,35,real,-1,14
217244,1.910518,37,real,-1,16
217271,3.608207,27,real,-1,6
217307,4.114238,36,real,-1,15
217340,6.235106,33,real,-1,12
217381,11.26792,41,real,-1,20
217406,-2.42125,25,real,-1,4
217434,7.571944,28,real,-1,7
217466,3.944314,32,real,-1,11
217505,-1.116553,39,real,-1,18
217531,-1.713883,26,real,-1,5
217557,4.265964,26,real,-1,5
217594,6.377049,37,real,-1,16
217630,-3.280768,36,real,-1,15
217655,1.978224,25,real,-1,4
217681,4.651827,26,real,-1,5
217711,3.295307,30,real,-1,9
217735,0.855238,24,real,-1,3
217773,0.553352,38,real,-1,17
217798,3.800056,25,real,-1,4
217840,3.693774,42,real,-1,21
217868,4.289979,28,real,-1,7
217910,7.612186,42,real,-1,21
217951,6.798357,41,real,-1,20
217973,-4.723467,22,real,-1,1
218003,-3.054136,30,real,-1,9
218024,7.448905,21,real,-1,0
218052,-0.777547,28,real,-1,7
218080,0.538321,28,real,-1,7
218111,7.130512,31,real,-1,10
218150,3.671632,39,real,-1,18
218180,1.58205,30,real,-1,9
218203,-1.036444,23,real,-1,2
218225,5.450877,22,real,-1,1
218259,0.826559,34,real,-1,13
218289,3.606471,30,real,-1,9
218310,5.059383,21,real,-1,0
218346,7.283695,36,real,-1,15
218374,2.275924,28,real,-1,7
218402,-2.682089,28,real,-1,7
218444,2.842477,42,real,-1,21
218484,8.762098,40,real,-1,19
218513,2.087709,29,real,-1,8
218550,2.873916,37,real,-1,16
218584,4.101384,34,real,-1,13
218614,5.737466,30,real,-1,9
218647,4.394023,33,real,-1,12
218675,-0.618703,28,real,-1,7
218715,1.831435,40,real,-1,19
218742,4.748951,27,real,-1,6
218774,2.229424,32,real,-1,11
218809,7.040627,35,real,-1,14
218838,1.70432,29,real,-1,8
218869,8.124607,31,real,-1,10
218905,3.301902,36,real,-1,15
218944,11.227656,39,real,-1,18
218972,-5.715996,28,real,-1,7
219000,3.383022,28,real,-1,7
219033,0.244849,33,real,-1,12
219056,1.630372,23,real,-1,2
219085,-6.486279,29,real,-1,8
219122,-1.651169,37,real,-1,16
219147,7.160429,25,real,-1,4
219183,-1.387132,36,real,-1,15
219209,0.749454,26,real,-1,5
219232,0.809278,23,real,-1,2
219263,2.301142,31,real,-1,10
219290,-4.149214,27,real,-1,6
219331,-3.260108,41,real,-1,20
219368,6.715175,37,real,-1,16
219392,2.399765,24,real,-1,3
219429,7.195812,37,real,-1,16
219455,7.834675,26,real,-1,5
219478,1.502724,23,real,-1,2
219503,1.55563,25,real,-1,4
219529,-2.746957,26,real,-1,5
219558,3.241663,29,real,-1,8
219581,0.170666,23,real,-1,2
219614,-0.07192,33,real,-1,12
219636,-3.080558,22,real,-1,1
219678,-0.98099,42,real,-1,21
219714,11.038138,36,real,-1,15
219744,5.214466,30,real,-1,9
219785,1.885587,41,real,-1,20
219817,-5.206591,32,real,-1,11
219857,4.920931,40,real,-1,19
219887,3.549859,30,real,-1,9
219926,-1.381067,39,real,-1,18
219956,2.616942,30,real,-1,9
219988,0.322883,32,real,-1,11
220013,-5.446632,25,real,-1,4
220036,-3.150823,23,real,-1,2
220057,-2.464439,21,real,-1,0
220081,4.86383,24,real,-1,3
220117,7.058911,36,real,-1,15
220152,3.037002,35,real,-1,14
220188,-1.918452,36,real,-1,15
220215,5.481708,27,real,-1,6
220241,-0.053784,26,real,-1,5
220282,-3.028581,41,real,-1,20
220324,4.152931,42,real,-1,21
220348,1.054106,24,real,-1,3
220376,6.930238,28,real,-1,7
220405,6.820334,29,real,-1,8
220432,0.952292,27,real,-1,6
220455,1.846652,23,real,-1,2
220484,-0.48352,29,real,-1,8
220514,2.086505,30,real,-1,9
220551,8.664456,37,real,-1,16
220583,6.085848,32,real,-1,11
220624,2.576243,41,real,-1,20
220652,2.058592,28,real,-1,7
220682,0.778406,30,real,-1,9
220720,-1.21868,38,real,-1,17
220760,3.808267,40,real,-1,19
220796,7.595438,36,real,-1,15
220820,6.096002,24,real,-1,3
220847,1.018706,27,real,-1,6
220878,3.057509,31,real,-1,10
220899,3.641922,21,real,-1,0
220938,3.855353,39,real,-1,18
220973,3.70027,35,real,-1,14
220998,2.258937,25,real,-1,4
221037,7.443428,39,real,-1,18
221074,-3.214302,37,real,-1,16
221103,-2.180752,29,real,-1,8
221130,-5.042325,27,real,-1,6
221171,0.745331,41,real,-1,20
221208,4.82068,37,real,-1,16
221232,-1.375041,24,real,-1,3
221258,3.364786,26,real,-1,5
221297,-0.767974,39,real,-1,18
221337,6.053589,40,real,-1,19
221363,3.011652,26,real,-1,5
221403,5.534874,40,real,-1,19
221444,2.304769,41,real,-1,20
221477,0.100197,33,real,-1,12
221501,6.184883,24,real,-1,3
221531,3.080136,30,real,-1,9
221554,-1.680027,23,real,-1,2
221579,0.782666,25,real,-1,4
221609,3.296044,30,real,-1,9
221632,5.582718,23,real,-1,2
221664,6.369872,32,real,-1,11
221687,1.79511,23,real,-1,2
221717,5.252416,30,real,-1,9
221743,-1.474944,26,real,-1,5
221768,-2.90307,25,real,-1,4
221799,5.086365,31,real,-1,10
221824,7.533679,25,real,-1,4
221853,4.654053,29,real,-1,8
221875,4.900032,22,real,-1,1
221897,4.147599,22,real,-1,1
221921,2.823754,24,real,-1,3
221963,6.110125,42,real,-1,21
221999,7.99223,36,real,-1,15
222039,7.927575,40,real,-1,19
222079,8.00361,40,real,-1,19
222120,-0.098403,41,real,-1,20
222158,6.757608,38,real,-1,17
222179,0.806521,21,real,-1,0
222217,-4.089618,38,real,-1,17
222247,-1.951996,30,real,-1,9
222269,5.224741,22,real,-1,1
222292,-0.134252,23,real,-1,2
222320,-1.212686,28,real,-1,7
222355,12.095468,35,real,-1,14
222382,2.339366,27,real,-1,6
222405,1.446364,23,real,-1,2
222438,2.992275,33,real,-1,12
222467,3.97542,29,real,-1,8
222497,-2.275729,30,real,-1,9
222535,6.36367,38,real,-1,17
222572,4.480734,37,real,-1,16
222602,7.920618,30,real,-1,9
222636,2.249959,34,real,-1,13
222672,-6.295503,36,real,-1,15
222693,3.072872,21,real,-1,0
222735,-2.429655,42,real,-1,21
222759,-0.932244,24,real,-1,3
222799,2.741066,40,real,-1,19
222839,-3.208642,40,real,-1,19
222876,5.026799,37,real,-1,16
222909,1.421376,33,real,-1,12
222951,-1.258247,42,real,-1,21
222990,2.90678,39,real,-1,18
223017,1.450661,27,real,-1,6
223044,0.265327,27,real,-1,6
223073,3.518969,29,real,-1,8
223102,3.215696,29,real,-1,8
223132,-6.272173,30,real,-1,9
223174,-0.7749,42,real,-1,21
223200,8.385769,26,real,-1,5
223233,5.634336,33,real,-1,12
223270,0.915463,37,real,-1,16
223291,2.346933,21,real,-1,0
223319,8.652443,28,real,-1,7
223344,-1.857638,25,real,-1,4
223386,-0.797686,42,real,-1,21
223424,1.725521,38,real,-1,17
223448,-2.842584,24,real,-1,3
223487,7.352191,39,real,-1,18
223516,-0.378101,29,real,-1,8
223541,-3.283481,25,real,-1,4
223568,1.699734,27,real,-1,6
223595,1.285385,27,real,-1,6
223616,-1.506881,21,real,-1,0
223641,-2.993212,25,real,-1,4
223669,6.809381,28,real,-1,7
223690,-2.367354,21,real,-1,0
223728,3.975645,38,real,-1,17
223755,4.155706,27,real,-1,6
223791,0.286833,36,real,-1,15
223815,10.636666,24,real,-1,3
223848,-2.074103,33,real,-1,12
223888,0.042958,40,real,-1,19
223922,0.595999,34,real,-1,13
223954,-0.092135,32,real,-1,11
223978,5.263057,24,real,-1,3
223999,3.752124,21,real,-1,0
224021,-7.543996,22,real,-1,1
224058,-2.767131,37,real,-1,16
224079,5.757296,21,real,-1,0
224109,1.657308,30,real,-1,9
224135,3.402242,26,real,-1,5
224160,5.984562,25,real,-1,4
224196,5.871339,36,real,-1,15
224228,3.409642,32,real,-1,11
224256,0.486671,28,real,-1,7
224278,-1.054938,22,real,-1,1
224315,-2.387419,37,real,-1,16
224355,-3.194669,40,real,-1,19
224379,1.409872,24,real,-1,3
224403,7.591936,24,real,-1,3
224442,0.325236,39,real,-1,18
224466,5.515446,24,real,-1,3
224497,1.771835,31,real,-1,10
224519,-5.267619,22,real,-1,1
224555,-7.330482,36,real,-1,15
224586,4.224145,31,real,-1,10
224607,5.270465,21,real,-1,0
224628,-0.360401,21,real,-1,0
224666,1.411183,38,real,-1,17
224694,-0.081095,28,real,-1,7
224724,3.074012,30,real,-1,9
224759,-0.764179,35,real,-1,14
224793,-2.192074,34,real,-1,13
224829,-3.542942,36,real,-1,15
224869,1.084102,40,real,-1,19
224906,4.380422,37,real,-1,16
224938,4.97974,32,real,-1,11
224961,5.573714,23,real,-1,2
225000,3.376461,39,real,-1,18
225035,0.751958,35,real,-1,14
225074,4.534188,39,real,-1,18
225107,-1.780825,33,real,-1,12
225136,2.454621,29,real,-1,8
225161,-8.805368,25,real,-1,4
225189,-0.102675,28,real,-1,7
225228,9.29224,39,real,-1,18
225264,7.079367,36,real,-1,15
225291,4.944918,27,real,-1,6
225321,1.237605,30,real,-1,9
225361,0.633271,40,real,-1,19
225397,2.214181,36,real,-1,15
225420,-0.479723,23,real,-1,2
225460,-2.762256,40,real,-1,19
225498,3.873582,38,real,-1,17
225532,1.122769,34,real,-1,13
225558,1.036288,26,real,-1,5
225588,-1.40997,30,real,-1,9
225615,2.902508,27,real,-1,6
225645,6.601161,30,real,-1,9
225666,4.540196,21,real,-1,0
225699,1.380223,33,real,-1,12
225720,0.365551,21,real,-1,0
225742,-3.560965,22,real,-1,1
225771,0.219142,29,real,-1,8
225813,-7.1688,42,real,-1,21
225839,6.964544,26,real,-1,5
225867,-2.438802,28,real,-1,7
225893,6.675834,26,real,-1,5
225914,-1.464511,21,real,-1,0
225942,0.83468,28,real,-1,7
225983,-0.482278,41,real,-1,20
226021,8.219226,38,real,-1,17
226059,3.129798,38,real,-1,17
226088,2.223076,29,real,-1,8
226114,-4.294814,26,real,-1,5
226146,0.301798,32,real,-1,11
226167,0.189384,21,real,-1,0
226191,1.325668,24,real,-1,3
226224,-1.782283,33,real,-1,12
226260,0.323178,36,real,-1,15
226292,3.949318,32,real,-1,11
226318,4.181075,26,real,-1,5
226346,-2.241148,28,real,-1,7
226386,3.409669,40,real,-1,19
226428,0.415424,42,real,-1,21
226469,-0.775888,41,real,-1,20
226492,1.443227,23,real,-1,2
226513,0.146021,21,real,-1,0
226552,4.343056,39,real,-1,18
226577,-2.248531,25,real,-1,4
226601,-2.128495,24,real,-1,3
226637,4.49191,36,real,-1,15
226665,-0.035171,28,real,-1,7
226706,0.59829,41,real,-1,20
226727,-1.605033,21,real,-1,0
226761,-1.9323,34,real,-1,13
226797,2.530972,36,real,-1,15
226833,-7.961833,36,real,-1,15
226869,-0.470842,36,real,-1,15
226892,-2.382757,23,real,-1,2
226921,2.666975,29,real,-1,8
226955,2.140564,34,real,-1,13
226990,2.920679,35,real,-1,14
227023,7.161535,33,real,-1,12
227059,2.218196,36,real,-1,15
227099,7.418451,40,real,-1,19
227122,4.257428,23,real,-1,2
227148,1.403381,26,real,-1,5
227178,1.774445,30,real,-1,9
227200,-0.01164,22,real,-1,1
227229,6.103399,29,real,-1,8
227253,5.236228,24,real,-1,3
227295,1.125167,42,real,-1,21
227334,4.301356,39,real,-1,18
227355,4.265277,21,real,-1,0
227380,5.143815,25,real,-1,4
227402,-0.231855,22,real,-1,1
227427,6.492399,25,real,-1,4
227456,0.073973,29,real,-1,8
227489,-1.247356,33,real,-1,12
227518,9.292102,29,real,-1,8
227542,3.978741,24,real,-1,3
227567,2.195144,25,real,-1,4
227602,-2.324729,35,real,-1,14
227628,1.883779,26,real,-1,5
227655,2.378656,27,real,-1,6
227678,-5.873402,23,real,-1,2
227700,6.65594,22,real,-1,1
227733,2.14945,33,real,-1,12
227770,3.045689,37,real,-1,16
227806,3.228401,36,real,-1,15
227846,-0.784901,40,real,-1,19
227869,2.125034,23,real,-1,2
227896,-0.101273,27,real,-1,6
227932,1.329904,36,real,-1,15
227966,-1.190249,34,real,-1,13
228007,1.449493,41,real,-1,20
228043,7.455377,36,real,-1,15
228067,4.799264,24,real,-1,3
228093,4.846738,26,real,-1,5
228126,1.343161,33,real,-1,12
228154,-6.350619,28,real,-1,7
228183,4.271646,29,real,-1,8
228215,1.939035,32,real,-1,11
228242,-2.084823,27,real,-1,6
228278,-2.909512,36,real,-1,15
228320,4.383862,42,real,-1,21
228348,12.976965,28,real,-1,7
228375,1.341065,27,real,-1,6
228416,-5.180863,41,real,-1,20
228455,4.007757,39,real,-1,18
228478,1.449945,23,real,-1,2
228501,-0.398252,23,real,-1,2
228533,5.447732,32,real,-1,11
228560,1.277871,27,real,-1,6
228584,0.659634,24,real,-1,3
228612,3.161914,28,real,-1,7
228633,-3.682543,21,real,-1,0
228669,7.450385,36,real,-1,15
228697,4.308569,28,real,-1,7
228726,5.492073,29,real,-1,8
228763,3.172789,37,real,-1,16
228798,-4.333021,35,real,-1,14
228834,-5.519398,36,real,-1,15
228861,-4.60682,27,real,-1,6
228886,3.144617,25,real,-1,4
228912,5.28343,26,real,-1,5
228933,2.118698,21,real,-1,0
228966,1.044379,33,real,-1,12
229002,2.983538,36,real,-1,15
229039,1.086557,37,real,-1,16
229069,0.153662,30,real,-1,9
229095,4.075308,26,real,-1,5
229123,1.939586,28,real,-1,7
229164,3.953291,41,real,-1,20
229205,-5.938031,41,real,-1,20
229235,3.383336,30,real,-1,9
229274,3.273064,39,real,-1,18
229302,-4.774906,28,real,-1,7
229344,3.925544,42,real,-1,21
229378,5.62374,34,real,-1,13
229402,-1.606802,24,real,-1,3
229436,4.002302,34,real,-1,13
229466,2.214043,30,real,-1,9
229505,3.459849,39,real,-1,18
229543,3.785008,38,real,-1,17
229570,7.302052,27,real,-1,6
229591,0.624063,21,real,-1,0
229619,-0.938588,28,real,-1,7
229657,4.437443,38,real,-1,17
229679,0.014376,22,real,-1,1
229701,2.484924,22,real,-1,1
229727,-0.745368,26,real,-1,5
229766,1.795791,39,real,-1,18
229789,3.788663,23,real,-1,2
229810,1.331672,21,real,-1,0
229852,-1.782823,42,real,-1,21
229876,3.107314,24,real,-1,3
229908,6.914473,32,real,-1,11
229930,6.969641,22,real,-1,1
229952,0.988121,22,real,-1,1
229991,7.06368,39,real,-1,18
230016,-2.019233,25,real,-1,4
230054,-5.238357,38,real,-1,17
230084,4.282936,30,real,-1,9
230110,0.514203,26,real,-1,5
230149,2.433031,39,real,-1,18
230183,10.641195,34,real,-1,13
230224,8.52945,41,real,-1,20
230251,2.827306,27,real,-1,6
230278,-3.421242,27,real,-1,6
230302,5.946161,24,real,-1,3
230330,7.555845,28,real,-1,7
230364,-2.629094,34,real,-1,13
230389,4.801191,25,real,-1,4
230428,2.623008,39,real,-1,18
230458,-4.662889,30,real,-1,9
230483,-0.152431,25,real,-1,4
230514,4.400083,31,real,-1,10
230543,1.38157,29,real,-1,8
230567,3.125349,24,real,-1,3
230600,-1.188539,33,real,-1,12
230642,-2.064491,42,real,-1,21
230673,-4.116016,31,real,-1,10
230695,-0.393294,22,real,-1,1
230720,3.382409,25,real,-1,4
230743,1.738506,23,real,-1,2
230765,-1.052624,22,real,-1,1
230786,1.747087,21,real,-1,0
230814,4.30681,28,real,-1,7
230854,1.142774,40,real,-1,19
230885,-1.272408,31,real,-1,10
230920,2.196145,35,real,-1,14
230956,1.321951,36,real,-1,15
230980,4.380777,24,real,-1,3
231018,0.033751,38,real,-1,17
231044,-1.539358,26,real,-1,5
231077,1.083364,33,real,-1,12
231099,-2.071365,22,real,-1,1
231133,10.455036,34,real,-1,13
231173,1.00459,40,real,-1,19
231208,5.340267,35,real,-1,14
231236,-1.999053,28,real,-1,7
231259,4.261202,23,real,-1,2
231289,-7.549468,30,real,-1,9
231325,0.083075,36,real,-1,15
231347,2.687047,22,real,-1,1
231386,3.352615,39,real,-1,18
231427,4.54618,41,real,-1,20
231452,6.215473,25,real,-1,4
231487,4.701269,35,real,-1,14
231525,7.494064,38,real,-1,17
231553,2.039358,28,real,-1,7
231591,9.36504,38,real,-1,17
231614,2.622329,23,real,-1,2
231637,3.714883,23,real,-1,2
231664,2.579485,27,real,-1,6
231696,5.67064,32,real,-1,11
231731,0.338607,35,real,-1,14
231752,2.789684,21,real,-1,0
231781,11.23237,29,real,-1,8
231808,0.215149,27,real,-1,6
231839,2.661083,31,real,-1,10
231867,-4.61219,28,real,-1,7
231896,-2.716866,29,real,-1,8
231919,2.029573,23,real,-1,2
231960,10.719926,41,real,-1,20
232002,6.558387,42,real,-1,21
232042,-6.785757,40,real,-1,19
232069,0.112217,27,real,-1,6
232098,2.700262,29,real,-1,8
232122,1.072372,24,real,-1,3
232143,6.942491,21,real,-1,0
232185,-0.622092,42,real,-1,21
232224,6.482601,39,real,-1,18
232266,11.376992,42,real,-1,21
232289,0.048059,23,real,-1,2
232331,7.65599,42,real,-1,21
232372,-4.929491,41,real,-1,20
232393,3.083163,21,real,-1,0
232428,3.211507,35,real,-1,14
232453,0.568652,25,real,-1,4
232478,-4.784509,25,real,-1,4
232504,3.883779,26,real,-1,5
232540,6.283858,36,real,-1,15
232564,-3.403436,24,real,-1,3
232602,2.021832,38,real,-1,17
232637,3.893169,35,real,-1,14
232668,6.644545,31,real,-1,10
232693,5.80306,25,real,-1,4
232727,2.295082,34,real,-1,13
232760,2.574464,33,real,-1,12
232784,7.022801,24,real,-1,3
232816,5.212835,32,real,-1,11
232846,-5.829177,30,real,-1,9
232878,-0.04534,32,real,-1,11
232907,-2.374098,29,real,-1,8
232945,-2.927592,38,real,-1,17
232970,-2.849062,25,real,-1,4
232997,-0.745375,27,real,-1,6
233025,5.544365,28,real,-1,7
233057,3.114957,32,real,-1,11
233079,0.511888,22,real,-1,1
233111,1.153024,32,real,-1,11
233144,2.757392,33,real,-1,12
233185,9.05124,41,real,-1,20
233211,0.012157,26,real,-1,5
233251,4.763769,40,real,-1,19
233288,2.494477,37,real,-1,16
233312,1.855998,24,real,-1,3
233340,7.497424,28,real,-1,7
233362,-11.255166,22,real,-1,1
233392,2.739877,30,real,-1,9
233432,0.427118,40,real,-1,19
233456,5.224329,24,real,-1,3
233485,3.583833,29,real,-1,8
233515,7.43616,30,real,-1,9
233544,2.392632,29,real,-1,8
233586,0.244088,42,real,-1,21
233612,3.564635,26,real,-1,5
233653,-2.722891,41,real,-1,20
233683,5.733036,30,real,-1,9
233723,2.621554,40,real,-1,19
233755,1.329612,32,real,-1,11
233787,-7.499048,32,real,-1,11
233808,2.810889,21,real,-1,0
233850,3.066686,42,real,-1,21
233891,6.371046,41,real,-1,20
233928,7.19055,37,real,-1,16
233965,5.455434,37,real,-1,16
233990,-0.232496,25,real,-1,4
234032,4.063053,42,real,-1,21
234064,-2.767385,32,real,-1,11
234102,-6.257665,38,real,-1,17
234141,10.161548,39,real,-1,18
234179,-1.174092,38,real,-1,17
234203,1.732034,24,real,-1,3
234237,0.712008,34,real,-1,13
234273,-2.248194,36,real,-1,15
234314,8.009018,41,real,-1,20
234355,-1.470237,41,real,-1,20
234395,3.990243,40,real,-1,19
234421,-5.191978,26,real,-1,5
234450,3.261542,29,real,-1,8
234488,4.422696,38,real,-1,17
234517,7.673642,29,real,-1,8
234557,3.257945,40,real,-1,19
234587,5.213338,30,real,-1,9
234621,6.837621,34,real,-1,13
234651,0.815545,30,real,-1,9
234686,1.134585,35,real,-1,14
234723,6.061164,37,real,-1,16
234756,-1.389079,33,real,-1,12
234787,1.478344,31,real,-1,10
234822,2.884237,35,real,-1,14
234852,9.630984,30,real,-1,9
234880,3.908176,28,real,-1,7
234903,1.173957,23,real,-1,2
234925,2.265145,22,real,-1,1
234962,-1.024541,37,real,-1,16
234997,3.220533,35,real,-1,14
235034,-6.392853,37,real,-1,16
235066,-0.717086,32,real,-1,11
235100,-1.478669,34,real,-1,13
235134,-1.260023,34,real,-1,13
235175,-0.853101,41,real,-1,20
235213,3.049028,38,real,-1,17
235234,0.638552,21,real,-1,0
235258,1.873498,24,real,-1,3
235291,1.989812,33,real,-1,12
235317,-8.08412,26,real,-1,5
235349,8.334046,32,real,-1,11
235384,0.141577,35,real,-1,14
235415,4.901976,31,real,-1,10
235450,1.743769,35,real,-1,14
235472,3.153544,22,real,-1,1
235503,3.519468,31,real,-1,10
235530,-2.424171,27,real,-1,6
235561,4.963231,31,real,-1,10
235602,3.93314,41,real,-1,20
235629,-0.749442,27,real,-1,6
235666,-1.48169,37,real,-1,16
235703,-0.065881,37,real,-1,16
235742,5.440006,39,real,-1,18
235765,1.205389,23,real,-1,2
235793,4.317118,28,real,-1,7
235829,-0.580611,36,real,-1,15
235866,4.727858,37,real,-1,16
235906,8.745042,40,real,-1,19
235939,6.863196,33,real,-1,12
235976,0.423499,37,real,-1,16
236000,2.841176,24,real,-1,3
236032,5.441983,32,real,-1,11
236062,8.475759,30,real,-1,9
236091,9.061359,29,real,-1,8
236113,4.904316,22,real,-1,1
236143,0.640147,30,real,-1,9
236172,3.926252,29,real,-1,8
236198,-1.128293,26,real,-1,5
236233,0.239207,35,real,-1,14
236272,8.099568,39,real,-1,18
236293,2.657915,21,real,-1,0
236324,-3.782979,31,real,-1,10
236364,-5.402223,40,real,-1,19
236401,-5.511107,37,real,-1,16
236426,-0.612943,25,real,-1,4
236455,-4.686237,29,real,-1,8
236491,4.503843,36,real,-1,15
236520,6.135934,29,real,-1,8
236553,3.061732,33,real,-1,12
236589,1.198992,36,real,-1,15
236630,5.638326,41,real,-1,20
236656,5.483052,26,real,-1,5
236698,12.249958,42,real,-1,21
236730,3.050309,32,real,-1,11
236767,8.956845,37,real,-1,16
236807,-1.712072,40,real,-1,19
236829,3.408188,22,real,-1,1
236860,2.341365,31,real,-1,10
236896,2.739058,36,real,-1,15
236929,3.05165,33,real,-1,12
236965,-1.485287,36,real,-1,15
236994,2.54814,29,real,-1,8
237030,5.545322,36,real,-1,15
237059,3.712517,29,real,-1,8
237095,4.638153,36,real,-1,15
237129,6.770711,34,real,-1,13
237161,-3.598194,32,real,-1,11
237185,2.513338,24,real,-1,3
237206,-0.30345,21,real,-1,0
237247,3.832562,41,real,-1,20
237276,5.436876,29,real,-1,8
237313,2.697004,37,real,-1,16
237355,-4.143065,42,real,-1,21
237382,9.488742,27,real,-1,6
237406,6.266123,24,real,-1,3
237431,4.998254,25,real,-1,4
237465,3.538047,34,real,-1,13
237488,2.400552,23,real,-1,2
237513,0.625006,25,real,-1,4
237540,-0.798722,27,real,-1,6
237571,2.983771,31,real,-1,10
237599,-2.224656,28,real,-1,7
237631,-1.053944,32,real,-1,11
237668,2.831494,37,real,-1,16
237709,6.020591,41,real,-1,20
237731,4.802134,22,real,-1,1
237766,3.358468,35,real,-1,14
237799,1.298401,33,real,-1,12
237823,-0.339916,24,real,-1,3
237858,-4.849967,35,real,-1,14
237883,-1.407642,25,real,-1,4
237909,3.532586,26,real,-1,5
237943,2.662587,34,real,-1,13
237968,1.686956,25,real,-1,4
237991,6.648646,23,real,-1,2
238016,4.277791,25,real,-1,4
238050,-2.544168,34,real,-1,13
238080,2.166233,30,real,-1,9
238116,-3.444936,36,real,-1,15
238151,6.649107,35,real,-1,14
238178,-2.886852,27,real,-1,6
238217,6.460635,39,real,-1,18
238243,3.738906,26,real,-1,5
238280,-7.94308,37,real,-1,16
238309,4.753466,29,real,-1,8
238334,3.802695,25,real,-1,4
238356,2.194712,22,real,-1,1
238379,1.843878,23,real,-1,2
238419,6.643237,40,real,-1,19
238460,5.663973,41,real,-1,20
238485,-1.059444,25,real,-1,4
238525,1.95419,40,real,-1,19
238566,-1.627131,41,real,-1,20
238597,1.015936,31,real,-1,10
238634,0.671275,37,real,-1,16
238660,9.316437,26,real,-1,5
238698,-7.427952,38,real,-1,17
238736,0.847289,38,real,-1,17
238772,4.692896,36,real,-1,15
238793,1.944535,21,real,-1,0
238833,4.177639,40,real,-1,19
238860,6.776323,27,real,-1,6
238888,3.804255,28,real,-1,7
238921,3.77952,33,real,-1,12
238956,8.280201,35,real,-1,14
238978,0.361297,22,real,-1,1
239010,13.012884,32,real,-1,11
239045,7.96433,35,real,-1,14
239083,-2.357647,38,real,-1,17
239108,0.242814,25,real,-1,4
239141,3.128397,33,real,-1,12
239172,2.466932,31,real,-1,10
239211,2.293393,39,real,-1,18
239247,0.545309,36,real,-1,15
239282,5.545942,35,real,-1,14
239308,1.576364,26,real,-1,5
239345,0.787266,37,real,-1,16
239372,-0.000157,27,real,-1,6
239398,3.323657,26,real,-1,5
239426,1.311786,28,real,-1,7
239465,5.582824,39,real,-1,18
239493,1.54995,28,real,-1,7
239519,-0.908723,26,real,-1,5
239541,0.819004,22,real,-1,1
239573,1.893549,32,real,-1,11
239596,2.915537,23,real,-1,2
239624,6.022466,28,real,-1,7
239663,-3.393285,39,real,-1,18
239687,-0.956338,24,real,-1,3
239710,-3.102184,23,real,-1,2
239731,0.611267,21,real,-1,0
239757,6.628996,26,real,-1,5
239780,5.480917,23,real,-1,2
239803,0.844645,23,real,-1,2
239832,3.958443,29,real,-1,8
239855,2.828961,23,real,-1,2
239897,-1.40503,42,real,-1,21
239937,1.289831,40,real,-1,19
239973,-1.985187,36,real,-1,15
239994,-0.238679,21,real,-1,0
240029,4.155616,35,real,-1,14
240059,3.629001,30,real,-1,9
240080,-2.588887,21,real,-1,0
240106,-3.206535,26,real,-1,5
240128,-2.982497,22,real,-1,1
240166,4.521138,38,real,-1,17
240198,0.155307,32,real,-1,11
240239,3.123434,41,real,-1,20
240262,3.62535,23,real,-1,2
240295,3.943978,33,real,-1,12
240336,5.09923,41,real,-1,20
240362,-3.143607,26,real,-1,5
240392,-0.653627,30,real,-1,9
240434,7.207909,42,real,-1,21
240468,0.707451,34,real,-1,13
240498,0.905078,30,real,-1,9
240538,3.934902,40,real,-1,19
240562,10.076736,24,real,-1,3
240592,1.611283,30,real,-1,9
240626,2.986235,34,real,-1,13
240655,-0.542937,29,real,-1,8
240685,-3.183113,30,real,-1,9
240721,2.971324,36,real,-1,15
240746,-3.920067,25,real,-1,4
240783,2.66276,37,real,-1,16
240814,9.909261,31,real,-1,10
240841,8.522895,27,real,-1,6
240878,4.038415,37,real,-1,16
240914,0.846896,36,real,-1,15
240941,0.485982,27,real,-1,6
240974,6.441045,33,real,-1,12
241015,3.709365,41,real,-1,20
241050,1.329959,35,real,-1,14
241089,-1.577965,39,real,-1,18
241117,5.458211,28,real,-1,7
241150,3.068454,33,real,-1,12
241172,3.155513,22,real,-1,1
241210,1.384807,38,real,-1,17
241245,-4.356454,35,real,-1,14
241287,2.903412,42,real,-1,21
241316,4.281119,29,real,-1,8
241347,1.93426,31,real,-1,10
241388,5.441104,41,real,-1,20
241426,8.902088,38,real,-1,17
241467,7.573032,41,real,-1,20
241490,-4.395613,23,real,-1,2
241523,5.170151,33,real,-1,12
241559,6.48538,36,real,-1,15
241592,-0.466111,33,real,-1,12
241618,-6.669849,26,real,-1,5
241641,2.200587,23,real,-1,2
241671,3.302779,30,real,-1,9
241707,3.371529,36,real,-1,15
241740,9.955386,33,real,-1,12
241782,6.701977,42,real,-1,21
241820,4.81693,38,real,-1,17
241841,8.248048,21,real,-1,0
241865,8.689866,24,real,-1,3
241887,-2.11836,22,real,-1,1
241926,2.50985,39,real,-1,18
241953,-1.959646,27,real,-1,6
241978,1.806976,25,real,-1,4
242006,-0.297644,28,real,-1,7
242035,6.169803,29,real,-1,8
242067,1.597139,32,real,-1,11
242109,-1.484453,42,real,-1,21
242140,6.299018,31,real,-1,10
242172,0.525451,32,real,-1,11
242211,1.878168,39,real,-1,18
242247,4.188322,36,real,-1,15
242284,13.3164,37,real,-1,16
242315,-2.030278,31,real,-1,10
242343,0.69696,28,real,-1,7
242385,6.446883,42,real,-1,21
242409,6.955549,24,real,-1,3
242449,4.27305,40,real,-1,19
242491,-3.526526,42,real,-1,21
242522,7.584581,31,real,-1,10
242549,1.747589,27,real,-1,6
242574,1.199952,25,real,-1,4
242616,-4.284211,42,real,-1,21
242638,4.816346,22,real,-1,1
242675,3.992997,37,real,-1,16
242697,2.105147,22,real,-1,1
242732,2.316592,35,real,-1,14
242753,0.258573,21,real,-1,0
242779,7.929812,26,real,-1,5
242813,6.144709,34,real,-1,13
242846,3.551774,33,real,-1,12
242875,4.032018,29,real,-1,8
242915,-4.067631,40,real,-1,19
242949,-1.964639,34,real,-1,13
242977,4.643493,28,real,-1,7
243015,-1.912765,38,real,-1,17
243051,2.340621,36,real,-1,15
243075,6.604727,24,real,-1,3
243113,3.326863,38,real,-1,17
243137,-5.804799,24,real,-1,3
243173,8.531955,36,real,-1,15
243196,3.758805,23,real,-1,2
243238,7.715217,42,real,-1,21
243280,2.918526,42,real,-1,21
243314,7.070362,34,real,-1,13
243339,-0.768035,25,real,-1,4
243381,10.092042,42,real,-1,21
243407,-5.304633,26,real,-1,5
243430,-3.660837,23,real,-1,2
243455,-2.315687,25,real,-1,4
243492,3.248145,37,real,-1,16
243532,-0.520696,40,real,-1,19
243568,-0.946233,36,real,-1,15
243604,1.651947,36,real,-1,15
243639,1.54213,35,real,-1,14
243680,5.070698,41,real,-1,20
243713,-2.57215,33,real,-1,12
243755,7.85026,42,real,-1,21
243782,-3.050484,27,real,-1,6
243813,4.084295,31,real,-1,10
243834,1.055632,21,real,-1,0
243876,6.14771,42,real,-1,21
243918,-2.526269,42,real,-1,21
243957,-1.782893,39,real,-1,18
243996,4.939358,39,real,-1,18
244030,0.849304,34,real,-1,13
244052,-4.033947,22,real,-1,1
244076,0.567807,24,real,-1,3
244101,-3.540609,25,real,-1,4
244131,5.068234,30,real,-1,9
244168,-2.859651,37,real,-1,16
244210,-0.806007,42,real,-1,21
244232,6.641412,22,real,-1,1
244260,6.987872,28,real,-1,7
244281,-6.331143,21,real,-1,0
244322,5.461031,41,real,-1,20
244357,-2.659946,35,real,-1,14
244379,1.407707,22,real,-1,1
244418,3.320573,39,real,-1,18
244451,6.124359,33,real,-1,12
244484,5.255793,33,real,-1,12
244511,1.629952,27,real,-1,6
244534,-0.399833,23,real,-1,2
244575,-2.872437,41,real,-1,20
244599,1.348628,24,real,-1,3
244628,3.271233,29,real,-1,8
244659,-2.897516,31,real,-1,10
244699,1.387338,40,real,-1,19
244740,7.213554,41,real,-1,20
244782,0.028909,42,real,-1,21
244824,-2.662117,42,real,-1,21
244863,-0.377596,39,real,-1,18
244903,-5.662937,40,real,-1,19
244935,3.179186,32,real,-1,11
244966,4.508243,31,real,-1,10
244997,-0.425546,31,real,-1,10
245031,9.269882,34,real,-1,13
245061,3.403124,30,real,-1,9
245102,1.404962,41,real,-1,20
245123,-0.505791,21,real,-1,0
245161,8.53116,38,real,-1,17
245192,-0.886719,31,real,-1,10
245217,6.128879,25,real,-1,4
245245,0.944324,28,real,-1,7
245267,7.134867,22,real,-1,1
245293,-0.025845,26,real,-1,5
245319,1.051785,26,real,-1,5
245350,4.090516,31,real,-1,10
245388,-8.562974,38,real,-1,17
245430,-4.283622,42,real,-1,21
245452,4.218027,22,real,-1,1
245494,3.774995,42,real,-1,21
245517,1.599306,23,real,-1,2
245553,4.385446,36,real,-1,15
245575,-1.917099,22,real,-1,1
245604,7.463275,29,real,-1,8
245634,-2.671701,30,real,-1,9
245664,7.222229,30,real,-1,9
245689,-1.489463,25,real,-1,4
245720,-4.12184,31,real,-1,10
245743,3.889569,23,real,-1,2
245769,-3.278588,26,real,-1,5
245800,3.545524,31,real,-1,10
245832,1.206103,32,real,-1,11
245874,-3.871178,42,real,-1,21
245898,2.917433,24,real,-1,3
245933,16.540199,35,real,-1,14
245959,3.11384,26,real,-1,5
245996,-0.880352,37,real,-1,16
246030,0.322068,34,real,-1,13
246062,9.445938,32,real,-1,11
246096,4.539732,34,real,-1,13
246128,7.125772,32,real,-1,11
246156,9.926796,28,real,-1,7
246179,-5.802832,23,real,-1,2
246203,2.616,24,real,-1,3
246231,-1.560733,28,real,-1,7
246252,5.293158,21,real,-1,0
246292,-4.281653,40,real,-1,19
246322,-1.601996,30,real,-1,9
246350,-8.059237,28,real,-1,7
246385,2.91845,35,real,-1,14
246409,-9.027447,24,real,-1,3
246443,3.679748,34,real,-1,13
246480,3.091608,37,real,-1,16
246504,-9.730655,24,real,-1,3
246538,6.926329,34,real,-1,13
246559,1.892635,21,real,-1,0
246589,-1.099156,30,real,-1,9
246615,6.88623,26,real,-1,5
246636,-3.127589,21,real,-1,0
246660,4.802369,24,real,-1,3
246693,5.413603,33,real,-1,12
246725,-0.560422,32,real,-1,11
246754,1.198991,29,real,-1,8
246789,-4.069239,35,real,-1,14
246814,0.37466,25,real,-1,4
246856,-1.184379,42,real,-1,21
246881,4.472787,25,real,-1,4
246916,-0.517533,35,real,-1,14
246943,-4.363292,27,real,-1,6
246983,7.125776,40,real,-1,19
247005,-5.989904,22,real,-1,1
247034,0.787189,29,real,-1,8
247062,5.64667,28,real,-1,7
247090,4.90091,28,real,-1,7
247111,-0.469499,21,real,-1,0
247144,0.876754,33,real,-1,12
247183,12.386757,39,real,-1,18
247218,5.402399,35,real,-1,14
247250,6.996626,32,real,-1,11
247279,0.855601,29,real,-1,8
247317,-1.089868,38,real,-1,17
247343,-6.313833,26,real,-1,5
247370,-1.372835,27,real,-1,6
247405,-2.773621,35,real,-1,14
247429,-3.438917,24,real,-1,3
247462,1.143949,33,real,-1,12
247503,3.44919,41,real,-1,20
247535,6.035131,32,real,-1,11
247568,0.619252,33,real,-1,12
247606,10.425122,38,real,-1,17
247637,-0.511515,31,real,-1,10
247661,3.986818,24,real,-1,3
247683,-4.456631,22,real,-1,1
247723,-1.548025,40,real,-1,19
247754,5.400287,31,real,-1,10
247796,4.510999,42,real,-1,21
247833,7.262144,37,real,-1,16
247868,7.561581,35,real,-1,14
247895,1.083484,27,real,-1,6
247920,-2.979797,25,real,-1,4
247957,-5.5149,37,real,-1,16
247988,2.663625,31,real,-1,10
248015,7.626586,27,real,-1,6
248040,3.723405,25,real,-1,4
248066,-4.546801,26,real,-1,5
248098,-1.516514,32,real,-1,11
248134,1.625327,36,real,-1,15
248160,1.469482,26,real,-1,5
248190,-1.930395,30,real,-1,9
248219,4.353865,29,real,-1,8
248253,7.077671,34,real,-1,13
248287,6.272484,34,real,-1,13
248320,-0.372314,33,real,-1,12
248348,-4.10383,28,real,-1,7
248383,1.57173,35,real,-1,14
248410,7.069994,27,real,-1,6
248436,3.065161,26,real,-1,5
248466,1.081607,30,real,-1,9
248508,-0.589308,42,real,-1,21
248538,3.418268,30,real,-1,9
248571,5.373031,33,real,-1,12
248592,-6.479141,21,real,-1,0
248634,7.076424,42,real,-1,21
248667,3.311855,33,real,-1,12
248696,-1.741009,29,real,-1,8
248726,1.52127,30,real,-1,9
248747,-2.045902,21,real,-1,0
248775,-2.589937,28,real,-1,7
248810,2.429987,35,real,-1,14
248848,7.52416,38,real,-1,17
248880,9.240272,32,real,-1,11
248922,0.273516,42,real,-1,21
248945,1.842299,23,real,-1,2
248974,2.660937,29,real,-1,8
248995,0.682974,21,real,-1,0
249017,2.680604,22,real,-1,1
249051,4.224122,34,real,-1,13
249086,0.921869,35,real,-1,14
249110,0.534208,24,real,-1,3
249146,-0.601856,36,real,-1,15
249170,-1.745514,24,real,-1,3
249192,-4.981927,22,real,-1,1
249222,1.188348,30,real,-1,9
249255,-4.440224,33,real,-1,12
249295,9.529916,40,real,-1,19
249332,4.374316,37,real,-1,16
249374,5.323689,42,real,-1,21
249415,4.897266,41,real,-1,20
249452,6.194657,37,real,-1,16
249477,1.151103,25,real,-1,4
249514,5.11861,37,real,-1,16
249535,4.144541,21,real,-1,0
249575,-2.967717,40,real,-1,19
249616,6.181693,41,real,-1,20
249652,8.61529,36,real,-1,15
249686,5.73998,34,real,-1,13
249713,2.336748,27,real,-1,6
249735,5.909928,22,real,-1,1
249771,4.733972,36,real,-1,15
249800,1.779327,29,real,-1,8
249836,5.674129,36,real,-1,15
249861,6.751868,25,real,-1,4
249899,2.022209,38,real,-1,17
249935,0.512584,36,real,-1,15
249957,2.567266,22,real,-1,1
249988,2.15978,31,real,-1,10
250017,-3.473954,29,real,-1,8
250052,5.03407,35,real,-1,14
250083,0.442094,31,real,-1,10
250115,1.517518,32,real,-1,11
250136,0.17063,21,real,-1,0
250175,7.860738,39,real,-1,18
250210,-0.057969,35,real,-1,14
250251,-0.965717,41,real,-1,20
250275,5.465978,24,real,-1,3
250304,3.772852,29,real,-1,8
250333,0.032196,29,real,-1,8
250364,10.123025,31,real,-1,10
250393,3.798664,29,real,-1,8
250417,0.39079,24,real,-1,3
250447,4.250553,30,real,-1,9
250488,-1.302687,41,real,-1,20
250515,5.526992,27,real,-1,6
250540,-6.023232,25,real,-1,4
250573,1.532571,33,real,-1,12
250609,3.267723,36,real,-1,15
250648,5.329115,39,real,-1,18
250682,7.174229,34,real,-1,13
250714,-5.702171,32,real,-1,11
250744,-5.156166,30,real,-1,9
250772,3.346929,28,real,-1,7
250811,-2.536534,39,real,-1,18
250849,9.300569,38,real,-1,17
250873,-4.135418,24,real,-1,3
250904,-2.081822,31,real,-1,10
250927,2.623962,23,real,-1,2
250961,-4.445672,34,real,-1,13
251002,7.782267,41,real,-1,20
251035,2.902402,33,real,-1,12
251064,-0.777936,29,real,-1,8
251092,2.38909,28,real,-1,7
251125,5.889792,33,real,-1,12
251167,1.754875,42,real,-1,21
251202,-3.866754,35,real,-1,14
251231,6.008534,29,real,-1,8
251265,5.804243,34,real,-1,13
251287,-4.53584,22,real,-1,1
251310,-8.874882,23,real,-1,2
251350,-4.005913,40,real,-1,19
251381,6.658987,31,real,-1,10
251414,2.743861,33,real,-1,12
251443,1.119367,29,real,-1,8
251470,-1.562945,27,real,-1,6
251509,-3.126442,39,real,-1,18
251547,4.750648,38,real,-1,17
251572,-1.782153,25,real,-1,4
251593,-4.680619,21,real,-1,0
251632,4.331695,39,real,-1,18
251665,4.433897,33,real,-1,12
251694,3.231671,29,real,-1,8
251726,1.433126,32,real,-1,11
251765,9.90297,39,real,-1,18
251795,8.369277,30,real,-1,9
251826,9.09289,31,real,-1,10
251858,0.923065,32,real,-1,11
251893,0.733637,35,real,-1,14
251932,3.3821,39,real,-1,18
251971,5.98547,39,real,-1,18
252010,4.28104,39,real,-1,18
252031,-2.714345,21,real,-1,0
252061,4.209628,30,real,-1,9
252086,-2.204757,25,real,-1,4
252124,-2.294559,38,real,-1,17
252158,0.470554,34,real,-1,13
252191,7.00989,33,real,-1,12
252227,6.132305,36,real,-1,15
252255,6.237019,28,real,-1,7
252286,0.934127,31,real,-1,10
252309,5.423694,23,real,-1,2
252337,2.563059,28,real,-1,7
252366,4.085561,29,real,-1,8
252393,-3.923768,27,real,-1,6
252429,4.401044,36,real,-1,15
252454,2.228529,25,real,-1,4
252490,-1.511029,36,real,-1,15
252520,3.354989,30,real,-1,9
252544,-0.810301,24,real,-1,3
252576,5.846468,32,real,-1,11
252612,-3.464671,36,real,-1,15
252633,6.507597,21,real,-1,0
252668,-2.199384,35,real,-1,14
252691,10.219833,23,real,-1,2
252714,5.573814,23,real,-1,2
252735,1.963123,21,real,-1,0
252760,-0.076442,25,real,-1,4
252786,1.656618,26,real,-1,5
252813,1.877451,27,real,-1,6
252845,0.232591,32,real,-1,11
252870,0.062373,25,real,-1,4
252892,-0.026159,22,real,-1,1
252915,1.845091,23,real,-1,2
252938,3.825675,23,real,-1,2
252975,0.826145,37,real,-1,16
253006,2.777669,31,real,-1,10
253047,4.833424,41,real,-1,20
253070,5.431396,23,real,-1,2
253108,8.052912,38,real,-1,17
253138,2.177028,30,real,-1,9
253180,0.583377,42,real,-1,21
253201,2.964533,21,real,-1,0
253233,6.421928,32,real,-1,11
253261,4.807252,28,real,-1,7
253284,8.464178,23,real,-1,2
253319,1.223708,35,real,-1,14
253348,3.802534,29,real,-1,8
253385,1.937762,37,real,-1,16
253415,4.223955,30,real,-1,9
253445,-5.494636,30,real,-1,9
253473,-0.145982,28,real,-1,7
253499,1.002879,26,real,-1,5
253523,0.198351,24,real,-1,3
253558,2.009415,35,real,-1,14
253589,5.623677,31,real,-1,10
253630,13.8398,41,real,-1,20
253654,3.44545,24,real,-1,3
253676,-5.371546,22,real,-1,1
253715,2.58348,39,real,-1,18
253753,7.715258,38,real,-1,17
253774,9.146659,21,real,-1,0
253799,9.620101,25,real,-1,4
253824,0.336191,25,real,-1,4
253865,2.719436,41,real,-1,20
253906,-0.004535,41,real,-1,20
253927,5.913662,21,real,-1,0
253964,5.021536,37,real,-1,16
253995,6.375324,31,real,-1,10
254030,0.46085,35,real,-1,14
254058,-0.516464,28,real,-1,7
254090,7.801521,32,real,-1,11
254115,1.144341,25,real,-1,4
254152,0.059637,37,real,-1,16
254176,6.998576,24,real,-1,3
254198,3.50526,22,real,-1,1
254235,4.988832,37,real,-1,16
254265,0.152335,30,real,-1,9
254288,0.726931,23,real,-1,2
254313,3.114877,25,real,-1,4
254340,-1.407449,27,real,-1,6
254381,9.586844,41,real,-1,20
254408,3.555702,27,real,-1,6
254444,-3.592489,36,real,-1,15
254475,7.2672,31,real,-1,10
254514,7.926619,39,real,-1,18
254556,1.81359,42,real,-1,21
254594,1.206279,38,real,-1,17
254636,5.901126,42,real,-1,21
254657,5.292399,21,real,-1,0
254690,7.599131,33,real,-1,12
254725,-0.328276,35,real,-1,14
254755,-6.324358,30,real,-1,9
254781,7.000906,26,real,-1,5
254805,8.503238,24,real,-1,3
254835,3.819479,30,real,-1,9
254873,10.234944,38,real,-1,17
254913,8.378745,40,real,-1,19
254937,-0.390484,24,real,-1,3
254979,0.101438,42,real,-1,21
255020,-2.589238,41,real,-1,20
255046,1.377523,26,real,-1,5
255087,1.088109,41,real,-1,20
255109,6.702529,22,real,-1,1
255151,-1.60074,42,real,-1,21
255181,0.819864,30,real,-1,9
255212,5.675201,31,real,-1,10
255248,3.958592,36,real,-1,15
255278,7.103009,30,real,-1,9
255309,1.916777,31,real,-1,10
255338,5.149747,29,real,-1,8
255360,5.188136,22,real,-1,1
255402,-5.067187,42,real,-1,21
255438,7.338725,36,real,-1,15
255474,0.853078,36,real,-1,15
255514,5.457161,40,real,-1,19
255544,0.657194,30,real,-1,9
255565,-4.722834,21,real,-1,0
255595,2.575908,30,real,-1,9
255632,3.723153,37,real,-1,16
255664,-2.030674,32,real,-1,11
255701,1.66206,37,real,-1,16
255732,0.868196,31,real,-1,10
255769,-2.795866,37,real,-1,16
255804,6.364094,35,real,-1,14
255832,0.451895,28,real,-1,7
255857,-0.059515,25,real,-1,4
255879,0.187874,22,real,-1,1
255914,0.740014,35,real,-1,14
255939,1.880346,25,real,-1,4
255969,0.598201,30,real,-1,9
255996,-1.495787,27,real,-1,6
256024,1.878052,28,real,-1,7
256052,5.807271,28,real,-1,7
256086,-1.150207,34,real,-1,13
256116,4.973797,30,real,-1,9
256141,1.956892,25,real,-1,4
256171,2.99773,30,real,-1,9
256193,4.309833,22,real,-1,1
256233,-5.581678,40,real,-1,19
256272,-3.159308,39,real,-1,18
256310,0.782329,38,real,-1,17
256345,6.722357,35,real,-1,14
256372,1.275155,27,real,-1,6
256414,0.828972,42,real,-1,21
256451,6.213431,37,real,-1,16
256487,3.734213,36,real,-1,15
256514,3.577643,27,real,-1,6
256549,-7.51331,35,real,-1,14
256574,-1.108534,25,real,-1,4
256603,6.019145,29,real,-1,8
256633,2.496881,30,real,-1,9
256670,0.318114,37,real,-1,16
256698,7.609215,28,real,-1,7
256731,-2.058308,33,real,-1,12
256762,5.102699,31,real,-1,10
256790,2.30958,28,real,-1,7
256815,-0.566371,25,real,-1,4
256852,2.101439,37,real,-1,16
256883,5.718464,31,real,-1,10
256912,5.591284,29,real,-1,8
256935,2.760727,23,real,-1,2
256969,2.784878,34,real,-1,13
257006,7.027211,37,real,-1,16
257037,10.306612,31,real,-1,10
257063,-2.009297,26,real,-1,5
257092,5.383031,29,real,-1,8
257117,3.39628,25,real,-1,4
257151,-3.327008,34,real,-1,13
257175,5.393656,24,real,-1,3
257198,3.788777,23,real,-1,2
257221,4.327259,23,real,-1,2
257248,-1.253714,27,real,-1,6
257289,4.081434,41,real,-1,20
257330,-3.284443,41,real,-1,20
257358,7.728527,28,real,-1,7
257383,0.294917,25,real,-1,4
257411,-7.529461,28,real,-1,7
257450,-2.215266,39,real,-1,18
257486,5.425637,36,real,-1,15
257511,-3.139462,25,real,-1,4
257549,-1.17083,38,real,-1,17
257576,-1.813846,27,real,-1,6
257613,-4.741159,37,real,-1,16
257637,2.072094,24,real,-1,3
257659,5.263672,22,real,-1,1
257693,3.082966,34,real,-1,13
257724,0.883393,31,real,-1,10
257748,8.563114,24,real,-1,3
257782,5.802556,34,real,-1,13
257816,-1.699126,34,real,-1,13
257855,3.339112,39,real,-1,18
257891,-1.57254,36,real,-1,15
257925,8.304544,34,real,-1,13
257965,8.093439,40,real,-1,19
257997,7.353855,32,real,-1,11
258034,3.200619,37,real,-1,16
258056,-5.268952,22,real,-1,1
258091,5.051807,35,real,-1,14
258131,2.628964,40,real,-1,19
258157,7.660954,26,real,-1,5
258186,3.152694,29,real,-1,8
258213,3.769215,27,real,-1,6
258239,5.535842,26,real,-1,5
258273,4.166098,34,real,-1,13
258314,5.864744,41,real,-1,20
258349,-2.832118,35,real,-1,14
258380,2.957275,31,real,-1,10
258419,0.891418,39,real,-1,18
258440,-1.721841,21,real,-1,0
258479,3.742748,39,real,-1,18
258503,4.223658,24,real,-1,3
258526,-5.582085,23,real,-1,2
258556,3.63171,30,real,-1,9
258580,1.676055,24,real,-1,3
258603,2.000286,23,real,-1,2
258640,5.60447,37,real,-1,16
258679,7.652994,39,real,-1,18
258718,2.840707,39,real,-1,18
258740,3.545199,22,real,-1,1
258762,0.567669,22,real,-1,1
258804,4.238695,42,real,-1,21
258845,-5.601782,41,real,-1,20
258884,7.744025,39,real,-1,18
258919,5.840346,35,real,-1,14
258955,0.081225,36,real,-1,15
258988,-6.476875,33,real,-1,12
259029,3.304357,41,real,-1,20
259054,7.485304,25,real,-1,4
259079,-0.017821,25,real,-1,4
259115,5.519708,36,real,-1,15
259147,-0.213177,32,real,-1,11
259182,-4.011643,35,real,-1,14
259206,10.606871,24,real,-1,3
259230,4.686691,24,real,-1,3
259258,3.738384,28,real,-1,7
259297,4.694313,39,real,-1,18
259336,-1.431901,39,real,-1,18
259369,6.893262,33,real,-1,12
259407,7.129717,38,real,-1,17
259429,-0.424751,22,real,-1,1
259468,3.178926,39,real,-1,18
259507,0.443918,39,real,-1,18
259529,-4.803724,22,real,-1,1
259561,2.541342,32,real,-1,11
259592,-6.68633,31,real,-1,10
259620,3.243154,28,real,-1,7
259660,0.942866,40,real,-1,19
259692,13.229625,32,real,-1,11
259720,-3.458455,28,real,-1,7
259749,3.036484,29,real,-1,8
259773,3.121456,24,real,-1,3
259800,3.311281,27,real,-1,6
259824,1.804459,24,real,-1,3
259865,7.353105,41,real,-1,20
259907,5.209723,42,real,-1,21
259933,0.999442,26,real,-1,5
259958,2.057449,25,real,-1,4
260000,7.188156,42,real,-1,21
260040,8.946821,40,real,-1,19
260067,3.965448,27,real,-1,6
260102,-1.425911,35,real,-1,14
260140,2.103107,38,real,-1,17
260169,-3.307236,29,real,-1,8
260196,2.95942,27,real,-1,6
260229,2.350651,33,real,-1,12
260268,-0.473575,39,real,-1,18
260310,-4.289627,42,real,-1,21
260334,-3.983211,24,real,-1,3
260367,0.66595,33,real,-1,12
260392,5.52976,25,real,-1,4
260426,3.499812,34,real,-1,13
260449,3.709624,23,real,-1,2
260487,-0.958935,38,real,-1,17
260510,4.348112,23,real,-1,2
260542,2.050725,32,real,-1,11
260577,4.921939,35,real,-1,14
260605,-5.216523,28,real,-1,7
260638,10.212451,33,real,-1,12
260666,3.370854,28,real,-1,7
260690,6.292119,24,real,-1,3
260711,-1.391545,21,real,-1,0
260747,0.985955,36,real,-1,15
260788,6.230178,41,real,-1,20
260809,2.899059,21,real,-1,0
260834,2.825319,25,real,-1,4
260861,-3.195671,27,real,-1,6
260894,-3.456843,33,real,-1,12
260922,6.432134,28,real,-1,7
260963,2.099882,41,real,-1,20
260984,0.668951,21,real,-1,0
261009,-0.635501,25,real,-1,4
261049,-2.774443,40,real,-1,19
261086,3.768314,37,real,-1,16
261112,1.738135,26,real,-1,5
261151,-2.763766,39,real,-1,18
261185,1.795837,34,real,-1,13
261221,5.697185,36,real,-1,15
261245,3.485324,24,real,-1,3
261276,4.936556,31,real,-1,10
261316,1.962179,40,real,-1,19
261342,-8.669417,26,real,-1,5
261384,-1.564924,42,real,-1,21
261422,4.681728,38,real,-1,17
261447,2.115606,25,real,-1,4
261481,2.601549,34,real,-1,13
261506,-1.383893,25,real,-1,4
261531,6.34702,25,real,-1,4
261555,4.616948,24,real,-1,3
261587,-1.41784,32,real,-1,11
261620,-2.92369,33,real,-1,12
261646,10.08294,26,real,-1,5
261674,1.817468,28,real,-1,7
261703,1.095097,29,real,-1,8
261725,0.139612,22,real,-1,1
261767,1.827017,42,real,-1,21
261804,-3.894747,37,real,-1,16
261826,0.514414,22,real,-1,1
261862,5.009232,36,real,-1,15
261896,4.666138,34,real,-1,13
261927,4.381366,31,real,-1,10
261969,1.232353,42,real,-1,21
261990,-0.997534,21,real,-1,0
262017,7.585074,27,real,-1,6
262043,2.389672,26,real,-1,5
262081,-3.680716,38,real,-1,17
262110,3.57777,29,real,-1,8
262146,7.597335,36,real,-1,15
262178,9.225696,32,real,-1,11
262202,-3.870407,24,real,-1,3
262242,-0.368573,40,real,-1,19
262279,-0.960388,37,real,-1,16
262308,-0.594858,29,real,-1,8
262340,4.60646,32,real,-1,11
262370,2.098619,30,real,-1,9
262410,4.545375,40,real,-1,19
262450,9.226145,40,real,-1,19
262474,1.481511,24,real,-1,3
262507,-1.364445,33,real,-1,12
262538,0.523742,31,real,-1,10
262560,2.717941,22,real,-1,1
262583,1.821094,23,real,-1,2
262612,-0.018997,29,real,-1,8
262633,7.315948,21,real,-1,0
262674,-1.41755,41,real,-1,20
262711,2.158203,37,real,-1,16
262744,4.785183,33,real,-1,12
262770,0.982284,26,real,-1,5
262805,-5.736695,35,real,-1,14
262845,9.764375,40,real,-1,19
262866,-0.227101,21,real,-1,0
262888,-2.673385,22,real,-1,1
262929,11.092066,41,real,-1,20
262963,8.478878,34,real,-1,13
262997,2.224725,34,real,-1,13
263018,-7.170576,21,real,-1,0
263053,1.450072,35,real,-1,14
263075,9.367978,22,real,-1,1
263097,1.821303,22,real,-1,1
263122,-0.942921,25,real,-1,4
263154,1.195434,32,real,-1,11
263191,0.295679,37,real,-1,16
263230,0.883142,39,real,-1,18
263256,4.783346,26,real,-1,5
263297,4.576324,41,real,-1,20
263323,1.986297,26,real,-1,5
263349,4.310133,26,real,-1,5
263376,-1.282403,27,real,-1,6
263409,1.680658,33,real,-1,12
263449,0.954845,40,real,-1,19
263481,1.087172,32,real,-1,11
263502,-0.131739,21,real,-1,0
263534,2.344955,32,real,-1,11
263564,4.678358,30,real,-1,9
263589,4.195591,25,real,-1,4
263626,1.587384,37,real,-1,16
263650,1.541561,24,real,-1,3
263688,-7.683385,38,real,-1,17
263709,4.567645,21,real,-1,0
263738,0.092815,29,real,-1,8
263773,-3.596231,35,real,-1,14
263796,3.363208,23,real,-1,2
263837,8.187201,41,real,-1,20
263876,-2.81631,39,real,-1,18
263902,-4.908307,26,real,-1,5
263937,3.919291,35,real,-1,14
263970,8.196733,33,real,-1,12
264010,-1.309706,40,real,-1,19
264036,-6.36262,26,real,-1,5
264077,4.695028,41,real,-1,20
264103,2.86803,26,real,-1,5
264130,5.433573,27,real,-1,6
264152,5.700486,22,real,-1,1
264187,3.782911,35,real,-1,14
264220,4.569046,33,real,-1,12
264245,4.885621,25,real,-1,4
264282,2.676055,37,real,-1,16
264315,4.389472,33,real,-1,12
264355,7.546905,40,real,-1,19
264382,5.555731,27,real,-1,6
264414,4.958383,32,real,-1,11
264441,4.289183,27,real,-1,6
264471,-5.25259,30,real,-1,9
264493,2.586733,22,real,-1,1
264517,-2.960599,24,real,-1,3
264553,-0.535227,36,real,-1,15
264584,3.48542,31,real,-1,10
264610,1.487055,26,real,-1,5
264633,-6.419523,23,real,-1,2
264673,5.138047,40,real,-1,19
264712,7.158728,39,real,-1,18
264733,0.770704,21,real,-1,0
264759,6.561782,26,real,-1,5
264800,-2.413316,41,real,-1,20
264829,-4.514571,29,real,-1,8
264866,4.355737,37,real,-1,16
264903,0.689443,37,real,-1,16
264930,7.083795,27,real,-1,6
264972,3.796587,42,real,-1,21
264995,0.766808,23,real,-1,2
265016,2.174087,21,real,-1,0
265041,4.522008,25,real,-1,4
265080,1.679478,39,real,-1,18
265109,3.228487,29,real,-1,8
265151,7.230626,42,real,-1,21
265179,1.340104,28,real,-1,7
265207,-10.733166,28,real,-1,7
265240,9.534349,33,real,-1,12
265267,5.926233,27,real,-1,6
265307,4.170233,40,real,-1,19
265341,1.099385,34,real,-1,13
265383,1.928261,42,real,-1,21
265420,3.561626,37,real,-1,16
265451,-2.212904,31,real,-1,10
265490,-1.898825,39,real,-1,18
265530,0.667818,40,real,-1,19
265559,5.588256,29,real,-1,8
265580,2.230125,21,real,-1,0
265611,-1.453362,31,real,-1,10
265647,-6.611408,36,real,-1,15
265676,2.04184,29,real,-1,8
265711,-1.336084,35,real,-1,14
265738,-1.475579,27,real,-1,6
265772,-6.983296,34,real,-1,13
265798,1.400948,26,real,-1,5
265837,-0.110207,39,real,-1,18
265864,-3.173968,27,real,-1,6
265889,6.432009,25,real,-1,4
265931,4.841752,42,real,-1,21
265953,-2.810314,22,real,-1,1
265980,3.894914,27,real,-1,6
266014,-0.016123,34,real,-1,13
266054,1.927775,40,real,-1,19
266091,2.134117,37,real,-1,16
266129,5.605092,38,real,-1,17
266171,0.152911,42,real,-1,21
266207,1.723006,36,real,-1,15
266228,6.162298,21,real,-1,0
266258,6.005799,30,real,-1,9
266298,0.623024,40,real,-1,19
266325,0.645211,27,real,-1,6
266363,6.598292,38,real,-1,17
266405,3.435785,42,real,-1,21
266431,1.241958,26,real,-1,5
266471,6.142798,40,real,-1,19
266505,12.627969,34,real,-1,13
266537,4.92922,32,real,-1,11
266571,-2.051575,34,real,-1,13
266609,4.143518,38,real,-1,17
266636,4.330365,27,real,-1,6
266666,-0.751288,30,real,-1,9
266693,-1.342303,27,real,-1,6
266729,1.823743,36,real,-1,15
266754,-1.401572,25,real,-1,4
266780,1.369156,26,real,-1,5
266814,-6.096791,34,real,-1,13
266836,0.073731,22,real,-1,1
266875,-3.134472,39,real,-1,18
266909,1.388592,34,real,-1,13
266940,8.891276,31,real,-1,10
266981,5.702855,41,real,-1,20
267012,-2.897943,31,real,-1,10
267043,7.680228,31,real,-1,10
267078,-1.039353,35,real,-1,14
267120,4.737322,42,real,-1,21
267162,2.406053,42,real,-1,21
267198,-4.323882,36,real,-1,15
267230,6.92598,32,real,-1,11
267260,5.510469,30,real,-1,9
267286,6.983498,26,real,-1,5
267316,6.133359,30,real,-1,9
267342,4.203516,26,real,-1,5
267364,3.850509,22,real,-1,1
267394,-3.643881,30,real,-1,9
267415,0.083123,21,real,-1,0
267446,5.129923,31,real,-1,10
267485,-0.210337,39,real,-1,18
267525,-0.147595,40,real,-1,19
267552,4.000227,27,real,-1,6
267577,5.542352,25,real,-1,4
267614,4.242658,37,real,-1,16
267654,-2.718374,40,real,-1,19
267693,4.152298,39,real,-1,18
267729,-7.29822,36,real,-1,15
267768,0.673186,39,real,-1,18
267794,5.487381,26,real,-1,5
267830,-3.563463,36,real,-1,15
267865,4.953649,35,real,-1,14
267895,5.894253,30,real,-1,9
267926,3.861201,31,real,-1,10
267956,8.696612,30,real,-1,9
267986,1.132942,30,real,-1,9
268012,7.620226,26,real,-1,5
268054,2.595387,42,real,-1,21
268081,0.363902,27,real,-1,6
268110,2.566842,29,real,-1,8
268137,3.261791,27,real,-1,6
268168,1.895915,31,real,-1,10
268191,3.126884,23,real,-1,2
268226,4.094682,35,real,-1,14
268266,-3.54679,40,real,-1,19
268297,0.669935,31,real,-1,10
268328,3.902984,31,real,-1,10
268358,3.338201,30,real,-1,9
268400,6.21886,42,real,-1,21
268440,3.49967,40,real,-1,19
268474,2.366661,34,real,-1,13
268497,6.298186,23,real,-1,2
268536,6.614708,39,real,-1,18
268575,1.5803,39,real,-1,18
268614,-0.927231,39,real,-1,18
268650,5.297641,36,real,-1,15
268690,3.893127,40,real,-1,19
268729,10.681181,39,real,-1,18
268762,-1.634629,33,real,-1,12
268791,6.722998,29,real,-1,8
268822,-0.072636,31,real,-1,10
268843,-3.272986,21,real,-1,0
268870,3.991406,27,real,-1,6
268903,2.89247,33,real,-1,12
268934,6.369571,31,real,-1,10
268963,2.751282,29,real,-1,8
268985,-7.445564,22,real,-1,1
269007,-0.093557,22,real,-1,1
269031,3.084481,24,real,-1,3
269054,-5.173005,23,real,-1,2
269082,1.010694,28,real,-1,7
269106,-9.982761,24,real,-1,3
269131,4.092085,25,real,-1,4
269173,1.164344,42,real,-1,21
269200,3.68562,27,real,-1,6
269231,-0.170655,31,real,-1,10
269268,-1.121735,37,real,-1,16
269296,6.100472,28,real,-1,7
269329,-1.737057,33,real,-1,12
269352,0.752361,23,real,-1,2
269377,4.687153,25,real,-1,4
269412,1.063519,35,real,-1,14
269443,3.495879,31,real,-1,10
269477,5.725887,34,real,-1,13
269511,-2.466552,34,real,-1,13
269551,-0.906681,40,real,-1,19
269587,1.599116,36,real,-1,15
269611,5.154434,24,real,-1,3
269644,3.523411,33,real,-1,12
269682,0.215537,38,real,-1,17
269709,3.217241,27,real,-1,6
269747,8.389507,38,real,-1,17
269775,0.346845,28,real,-1,7
269803,-8.905429,28,real,-1,7
269826,-5.317529,23,real,-1,2
269864,-0.068451,38,real,-1,17
269902,2.228392,38,real,-1,17
269932,5.504019,30,real,-1,9
269971,9.097559,39,real,-1,18
270003,7.176285,32,real,-1,11
270041,4.978979,38,real,-1,17
270062,6.608884,21,real,-1,0
270097,4.450895,35,real,-1,14
270130,-1.567972,33,real,-1,12
270157,-3.404984,27,real,-1,6
270192,10.688468,35,real,-1,14
270234,-5.081187,42,real,-1,21
270273,8.099962,39,real,-1,18
270314,11.486435,41,real,-1,20
270346,4.793197,32,real,-1,11
270387,3.267851,41,real,-1,20
270424,5.642508,37,real,-1,16
270455,-5.505346,31,real,-1,10
270488,4.006436,33,real,-1,12
270528,1.933098,40,real,-1,19
270549,1.774295,21,real,-1,0
270579,-2.538942,30,real,-1,9
270620,3.455367,41,real,-1,20
270650,0.966829,30,real,-1,9
270685,1.706201,35,real,-1,14
270721,10.173941,36,real,-1,15
270744,-2.684743,23,real,-1,2
270773,-0.295394,29,real,-1,8
270807,-0.40819,34,real,-1,13
270839,-5.432048,32,real,-1,11
270881,-1.34389,42,real,-1,21
270914,-4.625232,33,real,-1,12
270956,-8.178594,42,real,-1,21
270977,2.334069,21,real,-1,0
271012,-0.361245,35,real,-1,14
271045,2.157468,33,real,-1,12
271080,1.871904,35,real,-1,14
271120,10.795669,40,real,-1,19
271149,2.303435,29,real,-1,8
271184,5.50847,35,real,-1,14
271218,-1.800936,34,real,-1,13
271241,1.556725,23,real,-1,2
271276,3.012165,35,real,-1,14
271313,6.423402,37,real,-1,16
271348,1.939543,35,real,-1,14
271390,10.427282,42,real,-1,21
271420,4.430747,30,real,-1,9
271456,-3.773027,36,real,-1,15
271479,-0.164054,23,real,-1,2
271502,5.042539,23,real,-1,2
271528,2.37094,26,real,-1,5
271563,7.450858,35,real,-1,14
271593,1.684969,30,real,-1,9
271634,4.67602,41,real,-1,20
271671,1.507947,37,real,-1,16
271712,6.137863,41,real,-1,20
271754,2.209985,42,real,-1,21
271788,3.540357,34,real,-1,13
271816,12.517755,28,real,-1,7
271848,-5.1007,32,real,-1,11
271880,4.711015,32,real,-1,11
271909,2.737071,29,real,-1,8
271940,5.576537,31,real,-1,10
271965,2.64906,25,real,-1,4
271988,0.620526,23,real,-1,2
272010,2.405395,22,real,-1,1
272049,1.079598,39,real,-1,18
272082,-1.338735,33,real,-1,12
272123,-1.999667,41,real,-1,20
272148,1.85139,25,real,-1,4
272178,-1.369799,30,real,-1,9
272206,4.05937,28,real,-1,7
272228,0.050971,22,real,-1,1
272252,-1.045136,24,real,-1,3
272275,-5.749026,23,real,-1,2
272309,-2.955959,34,real,-1,13
272335,2.077828,26,real,-1,5
272362,7.777348,27,real,-1,6
272401,-0.95847,39,real,-1,18
272422,1.424646,21,real,-1,0
272459,3.284311,37,real,-1,16
272481,-5.36239,22,real,-1,1
272502,-2.65313,21,real,-1,0
272539,4.856745,37,real,-1,16
272564,3.052339,25,real,-1,4
272588,3.507591,24,real,-1,3
272612,0.648421,24,real,-1,3
272653,8.18293,41,real,-1,20
272677,4.239677,24,real,-1,3
272716,9.778534,39,real,-1,18
272740,7.050753,24,real,-1,3
272770,5.697107,30,real,-1,9
272797,-1.829904,27,real,-1,6
272839,6.778125,42,real,-1,21
272877,-10.409436,38,real,-1,17
272919,7.014193,42,real,-1,21
272948,3.991202,29,real,-1,8
272987,8.187476,39,real,-1,18
273015,3.029503,28,real,-1,7
273053,1.908353,38,real,-1,17
273094,6.189654,41,real,-1,20
273126,5.607972,32,real,-1,11
273162,-3.220933,36,real,-1,15
273199,-11.609436,37,real,-1,16
273240,-3.443643,41,real,-1,20
273273,-1.783037,33,real,-1,12
273310,2.274444,37,real,-1,16
273343,1.250554,33,real,-1,12
273373,6.731064,30,real,-1,9
273395,0.085416,22,real,-1,1
273429,9.40857,34,real,-1,13
273450,3.609409,21,real,-1,0
273488,-0.607729,38,real,-1,17
273518,1.873944,30,real,-1,9
273546,-0.264093,28,real,-1,7
273571,-7.52732,25,real,-1,4
273609,8.412749,38,real,-1,17
273635,3.230731,26,real,-1,5
273664,-2.374605,29,real,-1,8
273696,7.274564,32,real,-1,11
273724,3.275061,28,real,-1,7
273761,3.328213,37,real,-1,16
273787,5.100885,26,real,-1,5
273821,5.419782,34,real,-1,13
273847,6.132669,26,real,-1,5
273884,3.706323,37,real,-1,16
273905,0.489389,21,real,-1,0
273937,1.845139,32,real,-1,11
273961,0.212278,24,real,-1,3
274002,-4.198999,41,real,-1,20
274042,7.510012,40,real,-1,19
274077,1.368909,35,real,-1,14
274108,-1.628202,31,real,-1,10
274148,-0.141163,40,real,-1,19
274180,0.512646,32,real,-1,11
274219,-1.335787,39,real,-1,18
274257,4.721318,38,real,-1,17
274288,0.360736,31,real,-1,10
274330,13.533007,42,real,-1,21
274365,1.26498,35,real,-1,14
274394,-4.366509,29,real,-1,8
274425,3.654058,31,real,-1,10
274459,-1.428915,34,real,-1,13
274485,5.163257,26,real,-1,5
274509,6.202776,24,real,-1,3
274541,-0.390117,32,real,-1,11
274582,-4.067434,41,real,-1,20
274608,-1.376467,26,real,-1,5
274641,1.881016,33,real,-1,12
274683,1.694026,42,real,-1,21
274718,4.698349,35,real,-1,14
274745,2.100451,27,real,-1,6
274780,-0.516787,35,real,-1,14
274808,7.457541,28,real,-1,7
274843,-4.390485,35,real,-1,14
274879,0.588507,36,real,-1,15
274905,-0.991998,26,real,-1,5
274934,1.277679,29,real,-1,8
274961,3.964955,27,real,-1,6
274983,-3.528971,22,real,-1,1
275013,-2.174077,30,real,-1,9
275035,1.311083,22,real,-1,1
275071,4.530649,36,real,-1,15
275094,-6.8733,23,real,-1,2
275120,-1.932346,26,real,-1,5
275151,2.604578,31,real,-1,10
275188,11.104936,37,real,-1,16
275213,-0.16665,25,real,-1,4
275235,1.071548,22,real,-1,1
275267,1.394684,32,real,-1,11
275309,8.500569,42,real,-1,21
275340,4.533225,31,real,-1,10
275361,0.149524,21,real,-1,0
275399,9.010773,38,real,-1,17
275421,-3.620634,22,real,-1,1
275448,1.252411,27,real,-1,6
275478,-1.740139,30,real,-1,9
275500,-6.583906,22,real,-1,1
275531,4.433409,31,real,-1,10
275552,4.575493,21,real,-1,0
275594,3.260226,42,real,-1,21
275630,14.309122,36,real,-1,15
275667,1.94002,37,real,-1,16
275699,1.386283,32,real,-1,11
275730,5.277793,31,real,-1,10
275771,5.13756,41,real,-1,20
275804,3.760143,33,real,-1,12
275846,6.813826,42,real,-1,21
275870,2.352611,24,real,-1,3
275909,-5.362355,39,real,-1,18
275932,-1.640593,23,real,-1,2
275962,5.131469,30,real,-1,9
275989,1.635421,27,real,-1,6
276015,-4.724327,26,real,-1,5
276054,2.807125,39,real,-1,18
276091,4.744199,37,real,-1,16
276125,-3.417121,34,real,-1,13
276157,5.525368,32,real,-1,11
276198,13.716278,41,real,-1,20
276219,8.514241,21,real,-1,0
276250,5.993732,31,real,-1,10
276290,2.388117,40,real,-1,19
276320,0.367375,30,real,-1,9
276343,4.298439,23,real,-1,2
276375,4.301417,32,real,-1,11
276416,2.391408,41,real,-1,20
276440,-1.281116,24,real,-1,3
276470,7.1112,30,real,-1,9
276512,-0.320111,42,real,-1,21
276543,7.390125,31,real,-1,10
276574,12.981697,31,real,-1,10
276599,3.227187,25,real,-1,4
276631,1.453282,32,real,-1,11
276673,-0.264205,42,real,-1,21
276712,1.400363,39,real,-1,18
276741,1.223435,29,real,-1,8
276763,-0.760764,22,real,-1,1
276786,7.31373,23,real,-1,2
276827,6.967947,41,real,-1,20
276857,2.777964,30,real,-1,9
276883,3.506819,26,real,-1,5
276923,2.4724,40,real,-1,19
276962,-4.172577,39,real,-1,18
276996,6.194215,34,real,-1,13
277027,9.078478,31,real,-1,10
277051,9.796013,24,real,-1,3
277091,-1.676862,40,real,-1,19
277133,-2.344736,42,real,-1,21
277157,1.482012,24,real,-1,3
277196,-0.039174,39,real,-1,18
277231,1.56784,35,real,-1,14
277254,-7.987918,23,real,-1,2
277293,2.33037,39,real,-1,18
277324,4.004935,31,real,-1,10
277366,-1.825562,42,real,-1,21
277393,-4.163432,27,real,-1,6
277414,-4.121217,21,real,-1,0
277445,6.420985,31,real,-1,10
277485,7.983843,40,real,-1,19
277510,5.342326,25,real,-1,4
277537,2.14269,27,real,-1,6
277571,0.572661,34,real,-1,13
277601,4.795772,30,real,-1,9
277629,-3.464045,28,real,-1,7
277671,4.267843,42,real,-1,21
277698,0.159339,27,real,-1,6
277720,-1.411684,22,real,-1,1
277755,4.117514,35,real,-1,14
277783,7.09566,28,real,-1,7
277816,4.86334,33,real,-1,12
277846,1.35302,30,real,-1,9
277874,-1.750272,28,real,-1,7
277896,3.169229,22,real,-1,1
277924,1.251996,28,real,-1,7
277954,3.378767,30,real,-1,9
277985,4.031255,31,real,-1,10
278019,7.381736,34,real,-1,13
278058,1.94498,39,real,-1,18
278082,-1.414112,24,real,-1,3
278108,4.264671,26,real,-1,5
278148,0.424516,40,real,-1,19
278170,3.822239,22,real,-1,1
278199,-7.226077,29,real,-1,8
278223,5.72394,24,real,-1,3
278256,3.222901,33,real,-1,12
278298,0.036327,42,real,-1,21
278336,0.829142,38,real,-1,17
278373,3.26177,37,real,-1,16
278407,8.091481,34,real,-1,13
278428,4.258442,21,real,-1,0
278461,0.308979,33,real,-1,12
278494,-2.129505,33,real,-1,12
278529,-7.859945,35,real,-1,14
278553,4.740173,24,real,-1,3
278588,1.802048,35,real,-1,14
278612,1.385564,24,real,-1,3
278642,2.454585,30,real,-1,9
278666,6.849533,24,real,-1,3
278687,-1.781466,21,real,-1,0
278723,-0.540253,36,real,-1,15
278754,-1.795104,31,real,-1,10
278786,3.500977,32,real,-1,11
278810,-1.638959,24,real,-1,3
278841,-1.270186,31,real,-1,10
278862,-0.62468,21,real,-1,0
278886,4.124681,24,real,-1,3
278910,2.07708,24,real,-1,3
278951,-4.324404,41,real,-1,20
278974,1.984141,23,real,-1,2
279013,-1.144916,39,real,-1,18
279054,4.259897,41,real,-1,20
279095,8.411656,41,real,-1,20
279137,9.467051,42,real,-1,21
279173,-3.591712,36,real,-1,15
279205,13.492031,32,real,-1,11
279237,5.000745,32,real,-1,11
279264,2.455375,27,real,-1,6
279303,2.852219,39,real,-1,18
279331,7.833707,28,real,-1,7
279365,7.958631,34,real,-1,13
279386,5.758666,21,real,-1,0
279414,7.905655,28,real,-1,7
279454,7.176292,40,real,-1,19
279478,-6.781919,24,real,-1,3
279514,-0.911459,36,real,-1,15
279540,-1.5476,26,real,-1,5
279567,-4.151899,27,real,-1,6
279592,3.991728,25,real,-1,4
279632,-0.509913,40,real,-1,19
279666,0.214699,34,real,-1,13
279696,5.59887,30,real,-1,9
279725,8.278101,29,real,-1,8
279756,7.70798,31,real,-1,10
279786,4.884166,30,real,-1,9
279817,0.546958,31,real,-1,10
279838,0.526069,21,real,-1,0
279866,7.730867,28,real,-1,7
279901,-1.756957,35,real,-1,14
279933,-0.005533,32,real,-1,11
279954,7.513937,21,real,-1,0
279991,-6.2323,37,real,-1,16
280012,3.639114,21,real,-1,0
280035,-1.560708,23,real,-1,2
280064,3.863958,29,real,-1,8
280085,3.369168,21,real,-1,0
280122,-6.254588,37,real,-1,16
280157,-7.060189,35,real,-1,14
280191,3.838224,34,real,-1,13
280223,6.477866,32,real,-1,11
280249,4.644186,26,real,-1,5
280270,5.841954,21,real,-1,0
280309,6.005871,39,real,-1,18
280344,6.494642,35,real,-1,14
280376,0.441157,32,real,-1,11
280408,6.335849,32,real,-1,11
280449,5.124148,41,real,-1,20
280473,5.037417,24,real,-1,3
280515,4.586011,42,real,-1,21
280555,-5.248211,40,real,-1,19
280581,3.188492,26,real,-1,5
280604,0.329411,23,real,-1,2
280625,-0.610582,21,real,-1,0
280649,-0.293442,24,real,-1,3
280670,7.674263,21,real,-1,0
280692,3.647471,22,real,-1,1
280720,9.187488,28,real,-1,7
280752,5.239765,32,real,-1,11
280781,-7.917154,29,real,-1,8
280815,2.127945,34,real,-1,13
280844,-2.233615,29,real,-1,8
280866,5.315988,22,real,-1,1
280894,6.081236,28,real,-1,7
280928,4.247395,34,real,-1,13
280965,3.783473,37,real,-1,16
280998,3.920665,33,real,-1,12
281030,-1.6879,32,real,-1,11
281056,1.714338,26,real,-1,5
281077,3.055399,21,real,-1,0
281114,2.370331,37,real,-1,16
281149,2.060612,35,real,-1,14
281183,9.41973,34,real,-1,13
281218,-3.463314,35,real,-1,14
281248,-0.03519,30,real,-1,9
281290,5.791051,42,real,-1,21
281314,3.656166,24,real,-1,3
281353,0.906011,39,real,-1,18
281385,2.610135,32,real,-1,11
281411,-2.56919,26,real,-1,5
281442,8.183262,31,real,-1,10
281482,-1.452594,40,real,-1,19
281518,8.843817,36,real,-1,15
281549,-0.841232,31,real,-1,10
281584,-1.989355,35,real,-1,14
281616,-7.632846,32,real,-1,11
281652,5.811283,36,real,-1,15
281692,4.84394,40,real,-1,19
281731,4.598208,39,real,-1,18
281754,1.826887,23,real,-1,2
281786,2.746287,32,real,-1,11
281807,9.845948,21,real,-1,0
281836,5.776541,29,real,-1,8
281869,-0.883482,33,real,-1,12
281891,-4.811109,22,real,-1,1
281925,1.639737,34,real,-1,13
281950,-0.747031,25,real,-1,4
281981,3.048544,31,real,-1,10
282017,5.464955,36,real,-1,15
282058,13.454449,41,real,-1,20
282080,6.139867,22,real,-1,1
282108,0.616025,28,real,-1,7
282148,8.920978,40,real,-1,19
282190,-1.794045,42,real,-1,21
282225,0.688212,35,real,-1,14
282246,-1.163663,21,real,-1,0
282285,4.623801,39,real,-1,18
282309,-0.500562,24,real,-1,3
282351,-2.706187,42,real,-1,21
282384,-6.480031,33,real,-1,12
282407,1.523917,23,real,-1,2
282445,6.770646,38,real,-1,17
282469,-2.629872,24,real,-1,3
282493,3.776877,24,real,-1,3
282518,7.788805,25,real,-1,4
282551,1.808629,33,real,-1,12
282580,1.496226,29,real,-1,8
282607,7.695186,27,real,-1,6
282642,5.570306,35,real,-1,14
282673,5.25366,31,real,-1,10
282694,2.345892,21,real,-1,0
282729,5.382735,35,real,-1,14
282763,-3.095684,34,real,-1,13
282785,-1.959278,22,real,-1,1
282824,-5.299572,39,real,-1,18
282863,1.33862,39,real,-1,18
282900,5.444844,37,real,-1,16
282941,1.515035,41,real,-1,20
282970,3.208473,29,real,-1,8
282998,2.560008,28,real,-1,7
283021,5.097882,23,real,-1,2
283043,2.372822,22,real,-1,1
283080,5.998711,37,real,-1,16
283107,2.525521,27,real,-1,6
283134,2.819578,27,real,-1,6
283162,0.932582,28,real,-1,7
283198,-2.715032,36,real,-1,15
283228,6.325747,30,real,-1,9
283270,-5.479869,42,real,-1,21
283299,2.356039,29,real,-1,8
283325,3.889707,26,real,-1,5
283367,4.223819,42,real,-1,21
283407,2.442751,40,real,-1,19
283431,0.853949,24,real,-1,3
283466,1.69743,35,real,-1,14
283503,-3.25948,37,real,-1,16
283542,5.763987,39,real,-1,18
283579,1.0354,37,real,-1,16
283613,-1.109416,34,real,-1,13
283645,8.628738,32,real,-1,11
283681,3.220454,36,real,-1,15
283705,-2.081691,24,real,-1,3
283730,0.712989,25,real,-1,4
283770,-7.987921,40,real,-1,19
283795,4.383597,25,real,-1,4
283837,6.424418,42,real,-1,21
283858,1.042677,21,real,-1,0
283888,-0.806337,30,real,-1,9
283909,-0.089505,21,real,-1,0
283930,8.798518,21,real,-1,0
283953,1.566986,23,real,-1,2
283979,2.554761,26,real,-1,5
284003,3.065901,24,real,-1,3
284032,3.327521,29,real,-1,8
284059,-0.4296,27,real,-1,6
284098,1.145084,39,real,-1,18
284119,1.232671,21,real,-1,0
284146,-1.248414,27,real,-1,6
284186,2.503056,40,real,-1,19
284216,0.59014,30,real,-1,9
284237,4.688271,21,real,-1,0
284258,-1.477639,21,real,-1,0
284289,-4.137513,31,real,-1,10
284310,8.179867,21,real,-1,0
284345,-1.410364,35,real,-1,14
284381,5.927075,36,real,-1,15
284414,-0.291445,33,real,-1,12
284435,1.666563,21,real,-1,0
284463,1.793516,28,real,-1,7
284495,3.690993,32,real,-1,11
284529,0.551507,34,real,-1,13
284563,5.461875,34,real,-1,13
284604,-6.471095,41,real,-1,20
284627,-6.03251,23,real,-1,2
284657,11.952011,30,real,-1,9
284686,1.327937,29,real,-1,8
284720,3.573314,34,real,-1,13
284746,-5.4825,26,real,-1,5
284768,2.880938,22,real,-1,1
284790,4.932367,22,real,-1,1
284832,5.252257,42,real,-1,21
284856,4.677185,24,real,-1,3
284879,-1.373485,23,real,-1,2
284903,1.058181,24,real,-1,3
284925,2.457595,22,real,-1,1
284960,-0.867358,35,real,-1,14
284995,-6.067276,35,real,-1,14
285035,-0.757131,40,real,-1,19
285060,5.150108,25,real,-1,4
285085,-2.455786,25,real,-1,4
285123,-0.023991,38,real,-1,17
285158,-0.084321,35,real,-1,14
285200,6.871496,42,real,-1,21
285234,1.541325,34,real,-1,13
285270,2.323907,36,real,-1,15
285300,-0.38528,30,real,-1,9
285323,9.231485,23,real,-1,2
285365,1.061602,42,real,-1,21
285403,2.253321,38,real,-1,17
285432,-1.297742,29,real,-1,8
285462,11.308995,30,real,-1,9
285487,3.32971,25,real,-1,4
285526,10.292412,39,real,-1,18
285566,1.775065,40,real,-1,19
285592,1.103149,26,real,-1,5
285631,0.966598,39,real,-1,18
285671,0.71529,40,real,-1,19
285697,4.54917,26,real,-1,5
285719,-0.664259,22,real,-1,1
285741,-4.723326,22,real,-1,1
285763,5.516065,22,real,-1,1
285795,-0.220023,32,real,-1,11
285816,2.509197,21,real,-1,0
285856,7.323116,40,real,-1,19
285880,0.762925,24,real,-1,3
285921,-2.021723,41,real,-1,20
285949,1.296129,28,real,-1,7
285977,-1.810209,28,real,-1,7
286004,-3.234576,27,real,-1,6
286038,-0.019004,34,real,-1,13
286070,0.49438,32,real,-1,11
286091,-0.430314,21,real,-1,0
286122,0.924402,31,real,-1,10
286160,-6.829114,38,real,-1,17
286191,5.214194,31,real,-1,10
286222,5.57083,31,real,-1,10
286244,2.803531,22,real,-1,1
286272,-2.924788,28,real,-1,7
286303,0.33743,31,real,-1,10
286342,-4.598121,39,real,-1,18
286381,6.809552,39,real,-1,18
286409,5.611428,28,real,-1,7
286432,-0.342269,23,real,-1,2
286472,7.422194,40,real,-1,19
286502,7.807515,30,real,-1,9
286535,2.944175,33,real,-1,12
286557,1.555983,22,real,-1,1
286581,2.469952,24,real,-1,3
286603,-5.26542,22,real,-1,1
286629,3.856588,26,real,-1,5
286671,6.430617,42,real,-1,21
286702,2.466692,31,real,-1,10
286737,15.63426,35,real,-1,14
286760,3.343199,23,real,-1,2
286792,6.933738,32,real,-1,11
286821,3.598778,29,real,-1,8
286845,2.458503,24,real,-1,3
286885,-1.747495,40,real,-1,19
286917,-0.179846,32,real,-1,11
286939,-2.779446,22,real,-1,1
286961,0.513776,22,real,-1,1
286988,5.678373,27,real,-1,6
287009,2.270628,21,real,-1,0
287051,9.740847,42,real,-1,21
287074,3.431181,23,real,-1,2
287110,4.366794,36,real,-1,15
287137,4.817718,27,real,-1,6
287161,1.116677,24,real,-1,3
287196,7.715497,35,real,-1,14
287234,4.230485,38,real,-1,17
287259,8.485522,25,real,-1,4
287286,0.073782,27,real,-1,6
287320,-1.631119,34,real,-1,13
287349,2.110147,29,real,-1,8
287373,1.401599,24,real,-1,3
287405,-1.060612,32,real,-1,11
287445,6.696507,40,real,-1,19
287471,4.875261,26,real,-1,5
287507,12.801644,36,real,-1,15
287541,-1.882031,34,real,-1,13
287580,1.141116,39,real,-1,18
287610,-4.201199,30,real,-1,9
287633,2.595108,23,real,-1,2
287666,-4.313762,33,real,-1,12
287706,2.195654,40,real,-1,19
287737,4.918203,31,real,-1,10
287767,2.823825,30,real,-1,9
287808,2.921624,41,real,-1,20
287850,4.563147,42,real,-1,21
287887,1.226274,37,real,-1,16
287916,2.396945,29,real,-1,8
287947,-7.864845,31,real,-1,10
287973,-3.627693,26,real,-1,5
288009,5.370416,36,real,-1,15
288032,5.179081,23,real,-1,2
288063,1.067641,31,real,-1,10
288096,-5.329481,33,real,-1,12
288131,-3.405018,35,real,-1,14
288165,9.446516,34,real,-1,13
288193,2.619849,28,real,-1,7
288230,-3.270717,37,real,-1,16
288266,-0.644384,36,real,-1,15
288297,4.015351,31,real,-1,10
288332,4.529555,35,real,-1,14
288360,7.267449,28,real,-1,7
288394,6.801625,34,real,-1,13
288433,3.850772,39,real,-1,18
288456,2.629673,23,real,-1,2
288497,4.830487,41,real,-1,20
288532,1.587375,35,real,-1,14
288556,-2.205723,24,real,-1,3
288580,4.275144,24,real,-1,3
288608,4.58048,28,real,-1,7
288640,-6.134177,32,real,-1,11
288673,8.271057,33,real,-1,12
288715,-1.360774,42,real,-1,21
288750,2.904702,35,real,-1,14
288788,1.142071,38,real,-1,17
288809,3.089476,21,real,-1,0
288836,-0.02192,27,real,-1,6
288869,-3.868731,33,real,-1,12
288890,-0.424829,21,real,-1,0
288930,4.683634,40,real,-1,19
288957,3.3375,27,real,-1,6
288991,2.904043,34,real,-1,13
289031,-0.473395,40,real,-1,19
289066,-2.18742,35,real,-1,14
289100,-1.982871,34,real,-1,13
289129,1.27409,29,real,-1,8
289152,5.188003,23,real,-1,2
289173,0.483391,21,real,-1,0
289195,4.703379,22,real,-1,1
289230,3.23337,35,real,-1,14
289258,6.980388,28,real,-1,7
289293,2.561011,35,real,-1,14
289330,3.324156,37,real,-1,16
289354,5.229286,24,real,-1,3
289391,4.759947,37,real,-1,16
289430,6.503258,39,real,-1,18
289455,1.246086,25,real,-1,4
289487,-3.320782,32,real,-1,11
289512,0.326339,25,real,-1,4
289533,-4.30275,21,real,-1,0
289570,2.209938,37,real,-1,16
289594,1.523334,24,real,-1,3
289626,-3.656759,32,real,-1,11
289663,-2.446951,37,real,-1,16
289686,2.2612,23,real,-1,2
289728,5.976923,42,real,-1,21
289749,2.855323,21,real,-1,0
289783,6.94697,34,real,-1,13
289810,1.782707,27,real,-1,6
289840,4.323341,30,real,-1,9
289865,2.516389,25,real,-1,4
289894,-3.692137,29,real,-1,8
289921,5.80179,27,real,-1,6
289957,1.223046,36,real,-1,15
289988,2.131169,31,real,-1,10
290011,-1.578748,23,real,-1,2
290035,3.361144,24,real,-1,3
290065,4.318434,30,real,-1,9
290092,2.230268,27,real,-1,6
290126,2.501138,34,real,-1,13
290157,2.813896,31,real,-1,10
290191,0.222627,34,real,-1,13
290220,5.7387,29,real,-1,8
290252,2.442665,32,real,-1,11
290283,2.951745,31,real,-1,10
290309,2.494252,26,real,-1,5
290351,3.951543,42,real,-1,21
290389,-3.163034,38,real,-1,17
290426,2.671303,37,real,-1,16
290464,3.019476,38,real,-1,17
290485,1.570934,21,real,-1,0
290509,6.618244,24,real,-1,3
290532,-1.963713,23,real,-1,2
290558,6.186584,26,real,-1,5
290581,5.355029,23,real,-1,2
290620,7.171303,39,real,-1,18
290654,6.562555,34,real,-1,13
290680,-0.536877,26,real,-1,5
290717,-2.809312,37,real,-1,16
290749,6.330474,32,real,-1,11
290791,2.771136,42,real,-1,21
290817,5.469969,26,real,-1,5
290847,3.461966,30,real,-1,9
290871,4.31984,24,real,-1,3
290902,5.136538,31,real,-1,10
290930,9.370245,28,real,-1,7
290957,-8.596672,27,real,-1,6
290983,0.781575,26,real,-1,5
291012,1.516236,29,real,-1,8
291037,9.98196,25,real,-1,4
291070,3.161232,33,real,-1,12
291098,5.175207,28,real,-1,7
291136,0.754916,38,real,-1,17
291169,-10.123839,33,real,-1,12
291202,8.096424,33,real,-1,12
291243,5.404828,41,real,-1,20
291279,0.977433,36,real,-1,15
291302,-2.507157,23,real,-1,2
291327,10.492351,25,real,-1,4
291365,-0.416477,38,real,-1,17
291396,-0.081828,31,real,-1,10
291430,2.761858,34,real,-1,13
291463,2.453913,33,real,-1,12
291490,-0.251181,27,real,-1,6
291525,-5.954499,35,real,-1,14
291561,-1.553317,36,real,-1,15
291596,6.255562,35,real,-1,14
291635,4.618182,39,real,-1,18
291657,-5.362201,22,real,-1,1
291685,-4.652509,28,real,-1,7
291724,2.445702,39,real,-1,18
291766,0.921563,42,real,-1,21
291792,5.789596,26,real,-1,5
291818,4.676928,26,real,-1,5
291857,-0.427705,39,real,-1,18
291887,2.423071,30,real,-1,9
291922,-2.05686,35,real,-1,14
291946,2.634347,24,real,-1,3
291987,-11.656591,41,real,-1,20
292026,10.958431,39,real,-1,18
292051,-0.204107,25,real,-1,4
292091,7.668226,40,real,-1,19
292129,6.15684,38,real,-1,17
292163,5.132824,34,real,-1,13
292195,-6.860576,32,real,-1,11
292234,1.205823,39,real,-1,18
292262,-0.142267,28,real,-1,7
292301,11.60787,39,real,-1,18
292323,2.78818,22,real,-1,1
292344,-2.601966,21,real,-1,0
292378,5.110564,34,real,-1,13
292409,-6.484302,31,real,-1,10
292446,5.991079,37,real,-1,16
292468,-0.367442,22,real,-1,1
292510,2.907093,42,real,-1,21
292552,1.73236,42,real,-1,21
292577,-4.480851,25,real,-1,4
292615,-0.889881,38,real,-1,17
292654,2.966544,39,real,-1,18
292681,10.156693,27,real,-1,6
292704,-4.054304,23,real,-1,2
292744,1.404361,40,real,-1,19
292774,1.237339,30,real,-1,9
292805,5.09628,31,real,-1,10
292831,0.9083,26,real,-1,5
292873,-0.917834,42,real,-1,21
292913,0.401522,40,real,-1,19
292939,1.986425,26,real,-1,5
292975,4.421783,36,real,-1,15
293006,-0.33875,31,real,-1,10
293038,-8.667735,32,real,-1,11
293077,1.606506,39,real,-1,18
293107,3.140355,30,real,-1,9
293134,2.51008,27,real,-1,6
293155,2.921314,21,real,-1,0
293184,-1.282723,29,real,-1,8
293220,-0.297767,36,real,-1,15
293241,2.192836,21,real,-1,0
293276,-0.574516,35,real,-1,14
293308,1.838897,32,real,-1,11
293334,3.362421,26,real,-1,5
293372,-5.890194,38,real,-1,17
293394,7.187228,22,real,-1,1
293421,3.305303,27,real,-1,6
293458,-0.096993,37,real,-1,16
293494,7.987045,36,real,-1,15
293526,4.284483,32,real,-1,11
293557,-11.906288,31,real,-1,10
293584,-0.122113,27,real,-1,6
293621,-5.139626,37,real,-1,16
293655,2.748926,34,real,-1,13
293685,3.967283,30,real,-1,9
293706,0.689328,21,real,-1,0
293738,2.746091,32,real,-1,11
293759,1.401744,21,real,-1,0
293787,-5.054472,28,real,-1,7
293817,0.005114,30,real,-1,9
293852,10.385171,35,real,-1,14
293891,-3.669665,39,real,-1,18
293913,1.686606,22,real,-1,1
293954,-4.124609,41,real,-1,20
293986,1.51186,32,real,-1,11
294018,1.6516,32,real,-1,11
294054,9.239176,36,real,-1,15
294085,-3.21561,31,real,-1,10
294120,2.316003,35,real,-1,14
294142,0.88819,22,real,-1,1
294174,5.809555,32,real,-1,11
294201,-3.09038,27,real,-1,6
294236,6.837055,35,real,-1,14
294261,4.036502,25,real,-1,4
294303,3.738915,42,real,-1,21
294340,0.797708,37,real,-1,16
294377,1.681527,37,real,-1,16
294409,2.960105,32,real,-1,11
294443,4.751697,34,real,-1,13
294478,-1.862766,35,real,-1,14
294516,12.318033,38,real,-1,17
294555,-4.022051,39,real,-1,18
294597,0.843091,42,real,-1,21
294619,2.983725,22,real,-1,1
294650,6.590118,31,real,-1,10
294671,-1.056541,21,real,-1,0
294692,5.555097,21,real,-1,0
294720,3.481469,28,real,-1,7
294745,3.447675,25,real,-1,4
294774,10.20428,29,real,-1,8
294795,6.850506,21,real,-1,0
294834,0.674198,39,real,-1,18
294857,2.744565,23,real,-1,2
294879,-3.44842,22,real,-1,1
294906,-1.696029,27,real,-1,6
294948,0.526603,42,real,-1,21
294979,-9.483245,31,real,-1,10
295008,0.071869,29,real,-1,8
295034,-2.536817,26,real,-1,5
295063,-0.293008,29,real,-1,8
295084,4.200601,21,real,-1,0
295108,-3.822189,24,real,-1,3
295135,1.287289,27,real,-1,6
295172,4.945408,37,real,-1,16
295206,1.630432,34,real,-1,13
295231,6.055874,25,real,-1,4
295257,3.289915,26,real,-1,5
295283,-7.149974,26,real,-1,5
295311,0.035266,28,real,-1,7
295347,6.412743,36,real,-1,15
295372,-1.085037,25,real,-1,4
295413,-1.127712,41,real,-1,20
295447,0.070384,34,real,-1,13
295484,3.051747,37,real,-1,16
295506,0.67216,22,real,-1,1
295536,-0.792188,30,real,-1,9
295569,5.401476,33,real,-1,12
295594,5.515097,25,real,-1,4
295634,7.934212,40,real,-1,19
295656,0.722256,22,real,-1,1
295694,1.501636,38,real,-1,17
295724,6.034991,30,real,-1,9
295761,-3.632428,37,real,-1,16
295792,4.896403,31,real,-1,10
295817,4.07145,25,real,-1,4
295849,-0.225102,32,real,-1,11
295873,1.121629,24,real,-1,3
295898,5.914524,25,real,-1,4
295921,1.575332,23,real,-1,2
295956,3.787331,35,real,-1,14
295997,-4.112395,41,real,-1,20
296028,7.093882,31,real,-1,10
296053,1.044923,25,real,-1,4
296093,6.556266,40,real,-1,19
296134,6.951784,41,real,-1,20
296156,0.888431,22,real,-1,1
296188,4.117358,32,real,-1,11
296220,-3.678913,32,real,-1,11
296247,-1.011932,27,real,-1,6
296287,3.69689,40,real,-1,19
296316,-0.157492,29,real,-1,8
296349,6.62808,33,real,-1,12
296371,-3.317278,22,real,-1,1
296403,-4.932056,32,real,-1,11
296427,-1.8102,24,real,-1,3
296463,6.095489,36,real,-1,15
296498,-2.768096,35,real,-1,14
296530,-3.562482,32,real,-1,11
296552,-0.41312,22,real,-1,1
296579,-7.160112,27,real,-1,6
296616,-2.508946,37,real,-1,16
296650,3.377654,34,real,-1,13
296680,-0.5328,30,real,-1,9
296717,2.69681,37,real,-1,16
296756,3.925171,39,real,-1,18
296780,-1.325744,24,real,-1,3
296805,-3.349638,25,real,-1,4
296843,-3.813997,38,real,-1,17
296875,-1.669408,32,real,-1,11
296906,3.642836,31,real,-1,10
296948,3.739713,42,real,-1,21
296986,1.124266,38,real,-1,17
297020,-1.254721,34,real,-1,13
297054,-0.444315,34,real,-1,13
297081,0.758223,27,real,-1,6
297108,-0.335926,27,real,-1,6
297143,0.533176,35,real,-1,14
297182,-4.542065,39,real,-1,18
297212,1.333875,30,real,-1,9
297238,-9.319967,26,real,-1,5
297279,0.338206,41,real,-1,20
297315,6.024522,36,real,-1,15
297349,4.288871,34,real,-1,13
297381,1.441482,32,real,-1,11
297407,6.871658,26,real,-1,5
297439,-1.840016,32,real,-1,11
297475,5.909554,36,real,-1,15
297517,2.594825,42,real,-1,21
297547,-4.62684,30,real,-1,9
297572,-7.39816,25,real,-1,4
297605,5.122038,33,real,-1,12
297641,2.289263,36,real,-1,15
297667,-3.890815,26,real,-1,5
297705,6.985293,38,real,-1,17
297746,10.156228,41,real,-1,20
297772,2.222641,26,real,-1,5
297796,1.107214,24,real,-1,3
297818,-4.418182,22,real,-1,1
297854,3.895459,36,real,-1,15
297890,0.443966,36,real,-1,15
297919,3.561397,29,real,-1,8
297959,10.889326,40,real,-1,19
297998,5.407773,39,real,-1,18
298022,5.876123,24,real,-1,3
298049,3.388287,27,real,-1,6
298091,11.502157,42,real,-1,21
298112,2.974243,21,real,-1,0
298137,2.439815,25,real,-1,4
298177,8.45058,40,real,-1,19
298210,8.570307,33,real,-1,12
298248,2.637033,38,real,-1,17
298276,3.504387,28,real,-1,7
298297,-7.29955,21,real,-1,0
298332,8.833254,35,real,-1,14
298371,4.635083,39,real,-1,18
298413,9.302831,42,real,-1,21
298448,5.327466,35,real,-1,14
298489,-1.90755,41,real,-1,20
298521,-0.198941,32,real,-1,11
298543,-0.020748,22,real,-1,1
298584,-0.469586,41,real,-1,20
298606,-2.032148,22,real,-1,1
298634,1.869587,28,real,-1,7
298673,6.348684,39,real,-1,18
298715,8.679612,42,real,-1,21
298756,7.2024,41,real,-1,20
298777,7.56751,21,real,-1,0
298798,-8.265234,21,real,-1,0
298821,4.028184,23,real,-1,2
298861,2.22193,40,real,-1,19
298894,6.328892,33,real,-1,12
298921,5.547928,27,real,-1,6
298952,11.613803,31,real,-1,10
298979,5.828122,27,real,-1,6
299008,-1.204006,29,real,-1,8
299046,-3.519055,38,real,-1,17
299077,-0.496263,31,real,-1,10
299111,5.901577,34,real,-1,13
299138,2.927701,27,real,-1,6
299167,1.472645,29,real,-1,8
299198,4.277314,31,real,-1,10
299221,1.309456,23,real,-1,2
299253,3.381751,32,real,-1,11
299274,0.304794,21,real,-1,0
299316,-3.414948,42,real,-1,21
299355,-6.759207,39,real,-1,18
299382,7.698751,27,real,-1,6
299418,2.650333,36,real,-1,15
299451,4.071268,33,real,-1,12
299488,3.894028,37,real,-1,16
299530,5.548597,42,real,-1,21
299570,19.896077,40,real,-1,19
299592,0.816315,22,real,-1,1
299623,0.199599,31,real,-1,10
299644,-0.146584,21,real,-1,0
299668,-1.249148,24,real,-1,3
299697,5.902157,29,real,-1,8
299731,-7.915959,34,real,-1,13
299762,2.682652,31,real,-1,10
299799,-2.325811,37,real,-1,16
299841,4.652033,42,real,-1,21
299878,4.605643,37,real,-1,16
299909,11.226221,31,real,-1,10
299943,0.650363,34,real,-1,13
299977,2.241472,34,real,-1,13
300003,0.819624,26,real,-1,5
300027,2.485921,24,real,-1,3
300065,-1.985634,38,real,-1,17
300086,4.016977,21,real,-1,0
300123,2.788122,37,real,-1,16
300162,6.252094,39,real,-1,18
300202,4.876973,40,real,-1,19
300230,-1.504217,28,real,-1,7
300266,4.261778,36,real,-1,15
300291,-5.709261,25,real,-1,4
300330,-2.241433,39,real,-1,18
300358,3.62415,28,real,-1,7
300380,-1.651899,22,real,-1,1
300403,0.666514,23,real,-1,2
300429,4.315918,26,real,-1,5
300452,2.985852,23,real,-1,2
300484,10.108877,32,real,-1,11
300508,2.644756,24,real,-1,3
300539,3.250938,31,real,-1,10
300562,3.888773,23,real,-1,2
300595,-0.29319,33,real,-1,12
300632,-2.396667,37,real,-1,16
300660,1.608409,28,real,-1,7
300689,0.402031,29,real,-1,8
300721,10.92918,32,real,-1,11
300758,4.214836,37,real,-1,16
300783,-1.547429,25,real,-1,4
300820,1.289827,37,real,-1,16
300851,6.1615,31,real,-1,10
300885,-2.596517,34,real,-1,13
300912,-3.442941,27,real,-1,6
300950,-4.363036,38,real,-1,17
300975,4.823248,25,real,-1,4
300997,-2.538419,22,real,-1,1
301026,1.62144,29,real,-1,8
301052,0.279789,26,real,-1,5
301091,0.772378,39,real,-1,18
301126,-2.525882,35,real,-1,14
301153,0.652425,27,real,-1,6
301184,4.373027,31,real,-1,10
301216,1.203225,32,real,-1,11
301244,2.544136,28,real,-1,7
301270,1.455307,26,real,-1,5
301292,5.738598,22,real,-1,1
301323,0.355951,31,real,-1,10
301344,-3.300155,21,real,-1,0
301372,-1.865229,28,real,-1,7
301409,0.88037,37,real,-1,16
301448,1.963088,39,real,-1,18
301469,0.709906,21,real,-1,0
301505,5.18481,36,real,-1,15
301531,2.088053,26,real,-1,5
301571,6.902655,40,real,-1,19
301606,2.100361,35,real,-1,14
301646,6.060618,40,real,-1,19
301684,1.92855,38,real,-1,17
301725,7.393821,41,real,-1,20
301767,-4.653902,42,real,-1,21
301801,1.584635,34,real,-1,13
301827,0.666588,26,real,-1,5
301858,3.536359,31,real,-1,10
301898,7.267475,40,real,-1,19
301924,0.184713,26,real,-1,5
301959,6.339623,35,real,-1,14
301997,-1.665616,38,real,-1,17
302034,2.069238,37,real,-1,16
302075,7.549261,41,real,-1,20
302114,2.338297,39,real,-1,18
302153,5.901016,39,real,-1,18
302177,6.244041,24,real,-1,3
302216,2.932169,39,real,-1,18
302246,1.829941,30,real,-1,9
302269,-3.828104,23,real,-1,2
302298,6.980378,29,real,-1,8
302319,1.542623,21,real,-1,0
302349,3.825749,30,real,-1,9
302373,-2.509809,24,real,-1,3
302413,-0.950573,40,real,-1,19
302445,3.22628,32,real,-1,11
302485,-5.71153,40,real,-1,19
302515,1.528384,30,real,-1,9
302543,3.057688,28,real,-1,7
302570,4.912697,27,real,-1,6
302591,-1.872313,21,real,-1,0
302631,4.92711,40,real,-1,19
302652,7.038203,21,real,-1,0
302676,-2.054441,24,real,-1,3
302697,3.507409,21,real,-1,0
302736,7.770575,39,real,-1,18
302775,7.443205,39,real,-1,18
302816,14.844694,41,real,-1,20
302844,-1.172994,28,real,-1,7
302880,-7.896803,36,real,-1,15
302903,2.262132,23,real,-1,2
302941,0.205557,38,real,-1,17
302967,-2.580736,26,real,-1,5
302997,2.318636,30,real,-1,9
303022,-6.253852,25,real,-1,4
303055,12.523504,33,real,-1,12
303082,-4.576968,27,real,-1,6
303123,8.897878,41,real,-1,20
303154,-2.783017,31,real,-1,10
303189,-4.782364,35,real,-1,14
303213,-9.276876,24,real,-1,3
303249,4.09289,36,real,-1,15
303280,-4.96972,31,real,-1,10
303311,-7.826658,31,real,-1,10
303332,-4.436828,21,real,-1,0
303357,3.131333,25,real,-1,4
303398,5.063426,41,real,-1,20
303437,8.326402,39,real,-1,18
303465,-0.434522,28,real,-1,7
303490,4.422374,25,real,-1,4
303529,-2.930257,39,real,-1,18
303566,-10.129257,37,real,-1,16
303608,7.5104,42,real,-1,21
303646,2.913243,38,real,-1,17
303668,2.715852,22,real,-1,1
303709,-3.617365,41,real,-1,20
303746,2.551285,37,real,-1,16
303768,2.789807,22,real,-1,1
303806,7.965033,38,real,-1,17
303845,-2.319396,39,real,-1,18
303885,0.206377,40,real,-1,19
303914,5.147255,29,real,-1,8
303953,-0.632956,39,real,-1,18
303983,5.0614,30,real,-1,9
304020,7.472563,37,real,-1,16
304058,-0.586089,38,real,-1,17
304099,7.583706,41,real,-1,20
304141,-1.453038,42,real,-1,21
304183,9.114849,42,real,-1,21
304204,3.969979,21,real,-1,0
304242,7.752134,38,real,-1,17
304267,3.975829,25,real,-1,4
304290,-3.554965,23,real,-1,2
304315,3.375604,25,real,-1,4
304343,-4.309872,28,real,-1,7
304382,10.301167,39,real,-1,18
304423,3.713426,41,real,-1,20
304454,3.451468,31,real,-1,10
304483,1.976139,29,real,-1,8
304521,3.77372,38,real,-1,17
304544,-2.88782,23,real,-1,2
304573,-1.857361,29,real,-1,8
304610,2.22525,37,real,-1,16
304648,7.168485,38,real,-1,17
304671,-2.520865,23,real,-1,2
304705,5.550098,34,real,-1,13
304744,-0.770099,39,real,-1,18
304767,-1.33063,23,real,-1,2
304805,1.10972,38,real,-1,17
304826,0.836572,21,real,-1,0
304860,9.001927,34,real,-1,13
304892,0.572413,32,real,-1,11
304924,-5.598352,32,real,-1,11
304958,-3.455913,34,real,-1,13
304980,2.469684,22,real,-1,1
305019,-1.768656,39,real,-1,18
305061,-1.672919,42,real,-1,21
305087,1.082661,26,real,-1,5
305108,4.495259,21,real,-1,0
305149,3.873493,41,real,-1,20
305180,-0.63994,31,real,-1,10
305209,-0.055316,29,real,-1,8
305236,-1.957431,27,real,-1,6
305267,1.869049,31,real,-1,10
305297,0.661414,30,real,-1,9
305323,5.882589,26,real,-1,5
305349,5.986142,26,real,-1,5
305370,3.175327,21,real,-1,0
305399,-7.183439,29,real,-1,8
305422,0.642589,23,real,-1,2
305464,7.132198,42,real,-1,21
305487,1.472622,23,real,-1,2
305529,8.660451,42,real,-1,21
305551,2.856995,22,real,-1,1
305574,-1.609707,23,real,-1,2
305612,9.023946,38,real,-1,17
305651,-2.967311,39,real,-1,18
305676,2.722091,25,real,-1,4
305706,5.301886,30,real,-1,9
305741,2.817864,35,real,-1,14
305780,4.881571,39,real,-1,18
305805,4.2797,25,real,-1,4
305836,-0.482743,31,real,-1,10
305878,5.973082,42,real,-1,21
305920,8.727356,42,real,-1,21
305949,5.171201,29,real,-1,8
305983,5.256934,34,real,-1,13
306020,2.990474,37,real,-1,16
306059,-4.829875,39,real,-1,18
306086,3.154926,27,real,-1,6
306110,2.207649,24,real,-1,3
306141,4.017121,31,real,-1,10
306183,4.322467,42,real,-1,21
306218,5.396755,35,real,-1,14
306254,0.044678,36,real,-1,15
306292,-1.380443,38,real,-1,17
306320,4.356413,28,real,-1,7
306354,9.320238,34,real,-1,13
306381,1.734822,27,real,-1,6
306409,3.586775,28,real,-1,7
306431,3.843096,22,real,-1,1
306472,0.843415,41,real,-1,20
306505,-1.566411,33,real,-1,12
306539,3.221071,34,real,-1,13
306569,0.490047,30,real,-1,9
306592,3.921706,23,real,-1,2
306614,4.866001,22,real,-1,1
306656,5.853783,42,real,-1,21
306680,0.593698,24,real,-1,3
306716,0.488338,36,real,-1,15
306755,-1.875336,39,real,-1,18
306796,-1.767194,41,real,-1,20
306837,-5.759364,41,real,-1,20
306877,-1.57168,40,real,-1,19
306899,0.205091,22,real,-1,1
306926,0.120023,27,real,-1,6
306954,0.463981,28,real,-1,7
306977,-2.863382,23,real,-1,2
307003,2.251966,26,real,-1,5
307024,-6.244549,21,real,-1,0
307065,9.706134,41,real,-1,20
307086,-0.633574,21,real,-1,0
307115,7.409829,29,real,-1,8
307149,7.150778,34,real,-1,13
307170,0.863882,21,real,-1,0
307200,6.229853,30,real,-1,9
307230,0.600849,30,real,-1,9
307251,-0.082401,21,real,-1,0
307290,1.307966,39,real,-1,18
307330,2.525399,40,real,-1,19
307371,-4.744055,41,real,-1,20
307403,-2.696286,32,real,-1,11
307439,6.705651,36,real,-1,15
307476,4.605221,37,real,-1,16
307499,4.253293,23,real,-1,2
307526,2.894991,27,real,-1,6
307563,4.328508,37,real,-1,16
307597,4.015257,34,real,-1,13
307624,-8.697489,27,real,-1,6
307653,-0.199182,29,real,-1,8
307695,0.270974,42,real,-1,21
307725,3.04741,30,real,-1,9
307753,1.534635,28,real,-1,7
307792,4.008196,39,real,-1,18
307825,2.089418,33,real,-1,12
307847,4.108315,22,real,-1,1
307876,2.313173,29,real,-1,8
307901,2.223835,25,real,-1,4
307930,1.252014,29,real,-1,8
307961,6.454302,31,real,-1,10
307998,-2.544611,37,real,-1,16
308024,0.591955,26,real,-1,5
308049,-6.138786,25,real,-1,4
308089,-10.919121,40,real,-1,19
308115,4.010974,26,real,-1,5
308139,8.45989,24,real,-1,3
308161,-0.373502,22,real,-1,1
308191,3.23228,30,real,-1,9
308216,3.765308,25,real,-1,4
308244,4.950301,28,real,-1,7
308266,3.385449,22,real,-1,1
308295,0.23477,29,real,-1,8
308321,-0.87148,26,real,-1,5
308346,-5.288668,25,real,-1,4
308383,7.449699,37,real,-1,16
308416,-4.83468,33,real,-1,12
308450,6.726585,34,real,-1,13
308483,5.450192,33,real,-1,12
308515,3.075388,32,real,-1,11
308544,5.284017,29,real,-1,8
308568,0.670515,24,real,-1,3
308591,1.793801,23,real,-1,2
308621,2.45266,30,real,-1,9
308658,7.034046,37,real,-1,16
308681,-0.018201,23,real,-1,2
308716,-10.710903,35,real,-1,14
308739,-5.404244,23,real,-1,2
308781,-1.432167,42,real,-1,21
308816,6.819245,35,real,-1,14
308841,-0.728476,25,real,-1,4
308882,11.522019,41,real,-1,20
308917,2.42467,35,real,-1,14
308952,5.708561,35,real,-1,14
308976,5.914994,24,real,-1,3
309011,3.101651,35,real,-1,14
309053,7.644465,42,real,-1,21
309076,1.392974,23,real,-1,2
309098,-0.300802,22,real,-1,1
309120,2.351083,22,real,-1,1
309152,-4.135339,32,real,-1,11
309173,4.927241,21,real,-1,0
309199,2.523282,26,real,-1,5
309231,3.009834,32,real,-1,11
309266,-1.379848,35,real,-1,14
309298,6.186302,32,real,-1,11
309327,0.541262,29,real,-1,8
309351,2.103988,24,real,-1,3
309373,1.48182,22,real,-1,1
309409,2.565545,36,real,-1,15
309437,2.299077,28,real,-1,7
309470,4.805213,33,real,-1,12
309508,4.451651,38,real,-1,17
309533,-5.052735,25,real,-1,4
309559,3.027364,26,real,-1,5
309592,5.331302,33,real,-1,12
309626,8.540207,34,real,-1,13
309662,-1.602409,36,real,-1,15
309703,3.538237,41,real,-1,20
309733,-1.314709,30,real,-1,9
309766,4.18327,33,real,-1,12
309808,3.363542,42,real,-1,21
309842,-4.12313,34,real,-1,13
309874,2.012434,32,real,-1,11
309904,0.70051,30,real,-1,9
309942,-2.19602,38,real,-1,17
309976,2.713101,34,real,-1,13
310002,-0.716984,26,real,-1,5
310031,5.144951,29,real,-1,8
310062,3.685802,31,real,-1,10
310090,-2.097249,28,real,-1,7
310114,7.589231,24,real,-1,3
310147,2.245517,33,real,-1,12
310188,10.017871,41,real,-1,20
310210,1.277554,22,real,-1,1
310240,3.429015,30,real,-1,9
310264,2.144541,24,real,-1,3
310286,6.66699,22,real,-1,1
310326,4.16715,40,real,-1,19
310362,-5.136963,36,real,-1,15
310401,3.43109,39,real,-1,18
310439,3.994257,38,real,-1,17
310477,0.764835,38,real,-1,17
310510,3.698274,33,real,-1,12
310536,-5.068012,26,real,-1,5
310564,0.760581,28,real,-1,7
310606,3.981694,42,real,-1,21
310627,-0.883339,21,real,-1,0
310669,-7.651631,42,real,-1,21
310696,1.763024,27,real,-1,6
310735,3.936079,39,real,-1,18
310758,6.62297,23,real,-1,2
310797,16.39489,39,real,-1,18
310830,-2.941475,33,real,-1,12
310859,3.481613,29,real,-1,8
310882,-6.124185,23,real,-1,2
310915,-0.411706,33,real,-1,12
310951,11.147197,36,real,-1,15
310978,7.576618,27,real,-1,6
311010,-2.297512,32,real,-1,11
311039,-2.224756,29,real,-1,8
311066,0.892465,27,real,-1,6
311091,-7.106996,25,real,-1,4
311127,0.89773,36,real,-1,15
311152,-8.701827,25,real,-1,4
311186,3.837295,34,real,-1,13
311215,7.413707,29,real,-1,8
311253,-3.294149,38,real,-1,17
311281,3.780318,28,real,-1,7
311323,6.276895,42,real,-1,21
311354,2.689395,31,real,-1,10
311389,5.431916,35,real,-1,14
311431,4.15306,42,real,-1,21
311462,2.828858,31,real,-1,10
311499,5.54885,37,real,-1,16
311534,3.682677,35,real,-1,14
311558,-0.368841,24,real,-1,3
311581,11.144708,23,real,-1,2
311611,6.269704,30,real,-1,9
311642,0.485785,31,real,-1,10
311672,3.222037,30,real,-1,9
311703,-3.104857,31,real,-1,10
311726,4.089263,23,real,-1,2
311754,-6.165037,28,real,-1,7
311785,3.227814,31,real,-1,10
311815,8.845079,30,real,-1,9
311857,-4.207765,42,real,-1,21
311881,5.706844,24,real,-1,3
311910,3.162653,29,real,-1,8
311945,-3.089442,35,real,-1,14
311975,-1.626879,30,real,-1,9
312017,4.969909,42,real,-1,21
312043,6.232822,26,real,-1,5
312083,9.291922,40,real,-1,19
312124,-0.503538,41,real,-1,20
312166,2.033863,42,real,-1,21
312194,2.070846,28,real,-1,7
312227,4.655568,33,real,-1,12
312255,-0.962468,28,real,-1,7
312287,-1.950192,32,real,-1,11
312315,7.481842,28,real,-1,7
312348,12.010986,33,real,-1,12
312375,1.842132,27,real,-1,6
312398,4.083479,23,real,-1,2
312432,3.494473,34,real,-1,13
312463,-3.727138,31,real,-1,10
312498,2.92447,35,real,-1,14
312530,0.204092,32,real,-1,11
312569,6.528731,39,real,-1,18
312601,1.923179,32,real,-1,11
312628,5.317331,27,real,-1,6
312668,-2.105844,40,real,-1,19
312701,-4.506947,33,real,-1,12
312725,-6.731737,24,real,-1,3
312758,3.159762,33,real,-1,12
312796,5.665063,38,real,-1,17
312819,5.13055,23,real,-1,2
312846,7.880545,27,real,-1,6
312874,-0.088352,28,real,-1,7
312905,5.868401,31,real,-1,10
312940,4.610553,35,real,-1,14
312979,-0.558815,39,real,-1,18
313005,-5.93937,26,real,-1,5
313032,0.477801,27,real,-1,6
313061,5.054779,29,real,-1,8
313087,3.245058,26,real,-1,5
313112,0.005513,25,real,-1,4
313148,-1.510713,36,real,-1,15
313175,7.216368,27,real,-1,6
313212,5.36544,37,real,-1,16
313239,2.683037,27,real,-1,6
313270,-2.90228,31,real,-1,10
313301,1.655065,31,real,-1,10
313328,-2.110195,27,real,-1,6
313369,3.017099,41,real,-1,20
313394,1.707198,25,real,-1,4
313419,3.633394,25,real,-1,4
313461,6.088286,42,real,-1,21
313501,10.185523,40,real,-1,19
313531,5.881583,30,real,-1,9
313561,1.096751,30,real,-1,9
313585,2.101595,24,real,-1,3
313608,-0.229398,23,real,-1,2
313643,-1.185565,35,real,-1,14
313670,4.095392,27,real,-1,6
313701,-1.05046,31,real,-1,10
313729,5.46419,28,real,-1,7
313759,1.18937,30,real,-1,9
313800,11.611626,41,real,-1,20
313833,8.597749,33,real,-1,12
313871,-4.300715,38,real,-1,17
313907,0.306599,36,real,-1,15
313935,0.115077,28,real,-1,7
313973,6.250347,38,real,-1,17
314004,5.528085,31,real,-1,10
314030,5.657827,26,real,-1,5
314066,0.01966,36,real,-1,15
314106,1.969121,40,real,-1,19
314132,-2.065849,26,real,-1,5
314168,-1.103716,36,real,-1,15
314191,2.297416,23,real,-1,2
314214,1.889586,23,real,-1,2
314248,-1.157199,34,real,-1,13
314276,10.985917,28,real,-1,7
314297,1.647352,21,real,-1,0
314326,-0.190625,29,real,-1,8
314347,4.675019,21,real,-1,0
314385,1.018017,38,real,-1,17
314423,-4.501323,38,real,-1,17
314460,2.207517,37,real,-1,16
314487,-3.449914,27,real,-1,6
314523,-0.338917,36,real,-1,15
314554,4.800062,31,real,-1,10
314575,2.629228,21,real,-1,0
314613,-2.710029,38,real,-1,17
314635,0.425814,22,real,-1,1
314676,4.984063,41,real,-1,20
314718,3.363052,42,real,-1,21
314747,1.566034,29,real,-1,8
314785,-3.488521,38,real,-1,17
314824,-1.955254,39,real,-1,18
314849,1.952517,25,real,-1,4
314880,2.539345,31,real,-1,10
314910,11.02443,30,real,-1,9
314940,0.852831,30,real,-1,9
314978,2.756136,38,real,-1,17
315005,1.311465,27,real,-1,6
315037,7.668444,32,real,-1,11
315066,-0.376549,29,real,-1,8
315093,0.071265,27,real,-1,6
315132,5.438448,39,real,-1,18
315157,1.53093,25,real,-1,4
315184,5.171001,27,real,-1,6
315223,1.764855,39,real,-1,18
315246,-1.692587,23,real,-1,2
315281,9.643616,35,real,-1,14
315317,5.106141,36,real,-1,15
315353,4.693019,36,real,-1,15
315394,5.7952,41,real,-1,20
315418,8.022512,24,real,-1,3
315455,2.962663,37,real,-1,16
315486,4.055181,31,real,-1,10
315519,1.610549,33,real,-1,12
315559,-0.863575,40,real,-1,19
315581,9.199669,22,real,-1,1
315606,1.995999,25,real,-1,4
315637,-3.525119,31,real,-1,10
315678,2.009962,41,real,-1,20
315702,5.988253,24,real,-1,3
315723,-1.712574,21,real,-1,0
315763,6.307509,40,real,-1,19
315794,-1.431204,31,real,-1,10
315820,3.983159,26,real,-1,5
315851,4.849737,31,real,-1,10
315872,1.614291,21,real,-1,0
315914,1.816453,42,real,-1,21
315945,-1.723718,31,real,-1,10
315973,-8.346772,28,real,-1,7
315996,-3.921005,23,real,-1,2
316025,1.532893,29,real,-1,8
316062,8.788205,37,real,-1,16
316094,6.242638,32,real,-1,11
316120,-1.635937,26,real,-1,5
316160,6.227229,40,real,-1,19
316199,0.236191,39,real,-1,18
316224,6.316127,25,real,-1,4
316245,3.922932,21,real,-1,0
316267,4.049104,22,real,-1,1
316299,7.062528,32,real,-1,11
316327,4.757786,28,real,-1,7
316367,3.565979,40,real,-1,19
316394,-1.509693,27,real,-1,6
316429,-2.492588,35,real,-1,14
316457,0.768656,28,real,-1,7
316483,2.19763,26,real,-1,5
316507,5.322976,24,real,-1,3
316528,2.327169,21,real,-1,0
316555,5.007096,27,real,-1,6
316591,12.96802,36,real,-1,15
316629,4.653286,38,real,-1,17
316662,10.735488,33,real,-1,12
316691,-4.340558,29,real,-1,8
316717,-3.500745,26,real,-1,5
316745,4.963943,28,real,-1,7
316768,5.32544,23,real,-1,2
316793,6.42083,25,real,-1,4
316829,-2.472034,36,real,-1,15
316865,-1.078741,36,real,-1,15
316897,3.573275,32,real,-1,11
316923,-0.32657,26,real,-1,5
316955,1.820176,32,real,-1,11
316996,-1.753351,41,real,-1,20
317028,-7.427829,32,real,-1,11
317054,-1.819895,26,real,-1,5
317087,3.97039,33,real,-1,12
317111,1.822726,24,real,-1,3
317136,2.54288,25,real,-1,4
317170,4.20772,34,real,-1,13
317191,2.319903,21,real,-1,0
317226,-1.502415,35,real,-1,14
317261,5.294508,35,real,-1,14
317296,0.191536,35,real,-1,14
317318,1.996388,22,real,-1,1
317342,-2.021816,24,real,-1,3
317363,8.34412,21,real,-1,0
317392,1.975637,29,real,-1,8
317422,4.251413,30,real,-1,9
317443,2.237131,21,real,-1,0
317467,-2.580295,24,real,-1,3
317489,3.562687,22,real,-1,1
317518,0.68178,29,real,-1,8
317549,0.075919,31,real,-1,10
317579,10.311975,30,real,-1,9
317618,1.85373,39,real,-1,18
317641,3.622788,23,real,-1,2
317670,-3.164135,29,real,-1,8
317706,4.828989,36,real,-1,15
317739,2.332708,33,real,-1,12
317781,-1.2382,42,real,-1,21
317812,9.706091,31,real,-1,10
317848,12.997486,36,real,-1,15
317874,2.843682,26,real,-1,5
317901,1.181625,27,real,-1,6
317938,-0.678044,37,real,-1,16
317979,-5.309612,41,real,-1,20
318008,-2.066214,29,real,-1,8
318046,-0.772502,38,real,-1,17
318067,-2.96393,21,real,-1,0
318089,8.144599,22,real,-1,1
318116,-1.237778,27,real,-1,6
318137,-2.661583,21,real,-1,0
318162,-1.176889,25,real,-1,4
318194,4.315603,32,real,-1,11
318236,9.286269,42,real,-1,21
318278,5.050823,42,real,-1,21
318315,-2.621928,37,real,-1,16
318348,-0.03205,33,real,-1,12
318386,-6.711351,38,real,-1,17
318416,3.4453,30,real,-1,9
318442,5.255349,26,real,-1,5
318472,1.692573,30,real,-1,9
318493,4.119151,21,real,-1,0
318517,-2.472773,24,real,-1,3
318546,0.218821,29,real,-1,8
318582,-0.722838,36,real,-1,15
318609,-4.254743,27,real,-1,6
318637,6.465623,28,real,-1,7
318678,-3.067433,41,real,-1,20
318715,0.136572,37,real,-1,16
318743,-0.004451,28,real,-1,7
318767,3.825393,24,real,-1,3
318797,8.581118,30,real,-1,9
318825,0.619421,28,real,-1,7
318858,8.650504,33,real,-1,12
318893,5.733884,35,real,-1,14
318932,6.913468,39,real,-1,18
318972,-1.055272,40,real,-1,19
319012,4.696708,40,real,-1,19
319037,5.808306,25,real,-1,4
319063,-5.881792,26,real,-1,5
319102,6.736328,39,real,-1,18
319130,1.152444,28,real,-1,7
319158,1.355625,28,real,-1,7
319193,-1.585512,35,real,-1,14
319223,1.401016,30,real,-1,9
319257,-0.607034,34,real,-1,13
319297,-0.5651,40,real,-1,19
319323,2.25334,26,real,-1,5
319346,-5.297923,23,real,-1,2
319370,1.026217,24,real,-1,3
319410,0.064581,40,real,-1,19
319441,-2.603681,31,real,-1,10
319462,2.81505,21,real,-1,0
319501,-2.642032,39,real,-1,18
319528,11.059985,27,real,-1,6
319552,5.194188,24,real,-1,3
319574,5.703422,22,real,-1,1
319613,6.103983,39,real,-1,18
319646,7.835455,33,real,-1,12
319671,0.220436,25,real,-1,4
319700,9.075938,29,real,-1,8
319721,5.183574,21,real,-1,0
319749,6.234032,28,real,-1,7
319773,3.364999,24,real,-1,3
319797,6.527698,24,real,-1,3
319829,-4.856152,32,real,-1,11
319868,7.424114,39,real,-1,18
319900,5.056656,32,real,-1,11
319934,0.318049,34,real,-1,13
319967,10.206954,33,real,-1,12
320006,-6.156116,39,real,-1,18
320047,10.749486,41,real,-1,20
320073,0.865183,26,real,-1,5
320112,7.650663,39,real,-1,18
320133,0.688715,21,real,-1,0
320158,1.680735,25,real,-1,4
320194,-6.957867,36,real,-1,15
320222,0.671911,28,real,-1,7
320262,7.309032,40,real,-1,19
320302,6.046927,40,real,-1,19
320342,2.697193,40,real,-1,19
320384,3.606997,42,real,-1,21
320419,-0.833315,35,real,-1,14
320460,0.600901,41,real,-1,20
320486,4.191269,26,real,-1,5
320517,1.686576,31,real,-1,10
320555,-8.757914,38,real,-1,17
320593,-0.288989,38,real,-1,17
320622,-2.204835,29,real,-1,8
320659,5.239818,37,real,-1,16
320695,10.766447,36,real,-1,15
320724,5.789222,29,real,-1,8
320764,2.077282,40,real,-1,19
320791,-1.181883,27,real,-1,6
320826,-0.036524,35,real,-1,14
320855,3.364267,29,real,-1,8
320884,4.64061,29,real,-1,8
320916,0.92424,32,real,-1,11
320947,5.22452,31,real,-1,10
320987,-4.222112,40,real,-1,19
321017,-1.719065,30,real,-1,9
321038,3.678388,21,real,-1,0
321068,5.268426,30,real,-1,9
321090,1.617969,22,real,-1,1
321113,7.944418,23,real,-1,2
321144,3.645306,31,real,-1,10
321175,9.484193,31,real,-1,10
321210,0.86131,35,real,-1,14
321235,2.527707,25,real,-1,4
321270,4.6214,35,real,-1,14
321300,-0.713398,30,real,-1,9
321336,4.576737,36,real,-1,15
321363,5.749509,27,real,-1,6
321390,1.715195,27,real,-1,6
321421,-2.724771,31,real,-1,10
321449,0.708074,28,real,-1,7
321477,3.506148,28,real,-1,7
321519,-1.944302,42,real,-1,21
321557,7.504411,38,real,-1,17
321592,-7.892484,35,real,-1,14
321617,0.284338,25,real,-1,4
321654,0.490931,37,real,-1,16
321690,3.075664,36,real,-1,15
321731,5.274893,41,real,-1,20
321760,1.81196,29,real,-1,8
321787,4.401469,27,real,-1,6
321817,6.164688,30,real,-1,9
321849,-2.203048,32,real,-1,11
321889,2.49466,40,real,-1,19
321912,-8.559121,23,real,-1,2
321933,4.750939,21,real,-1,0
321968,5.736257,35,real,-1,14
322010,5.337333,42,real,-1,21
322033,6.11628,23,real,-1,2
322065,7.64585,32,real,-1,11
322107,1.978448,42,real,-1,21
322141,-0.586741,34,real,-1,13
322172,8.95194,31,real,-1,10
322208,10.619307,36,real,-1,15
322229,-2.486825,21,real,-1,0
322253,-1.175484,24,real,-1,3
322287,3.484781,34,real,-1,13
322312,6.633986,25,real,-1,4
322348,4.12326,36,real,-1,15
322370,-2.934201,22,real,-1,1
322392,-4.833641,22,real,-1,1
322427,4.603777,35,real,-1,14
322449,6.704757,22,real,-1,1
322490,0.390874,41,real,-1,20
322520,0.862396,30,real,-1,9
322548,4.117013,28,real,-1,7
322575,2.011958,27,real,-1,6
322614,-2.442095,39,real,-1,18
322649,-8.984387,35,real,-1,14
322671,2.946488,22,real,-1,1
322700,6.542553,29,real,-1,8
322725,-4.706266,25,real,-1,4
322759,5.853123,34,real,-1,13
322783,6.863195,24,real,-1,3
322817,1.499565,34,real,-1,13
322856,-2.88016,39,real,-1,18
322883,-1.669495,27,real,-1,6
322908,2.211103,25,real,-1,4
322931,1.863655,23,real,-1,2
322963,5.267949,32,real,-1,11
323002,6.682803,39,real,-1,18
323034,6.305951,32,real,-1,11
323071,3.429288,37,real,-1,16
323096,4.440577,25,real,-1,4
323117,1.688935,21,real,-1,0
323139,-5.988109,22,real,-1,1
323179,-0.510629,40,real,-1,19
323210,0.254389,31,real,-1,10
323244,-0.276395,34,real,-1,13
323282,-0.870342,38,real,-1,17
323304,-2.978497,22,real,-1,1
323342,1.356909,38,real,-1,17
323376,0.757432,34,real,-1,13
323400,3.641102,24,real,-1,3
323421,0.637521,21,real,-1,0
323455,1.600938,34,real,-1,13
323476,3.566208,21,real,-1,0
323497,4.624123,21,real,-1,0
323532,6.524511,35,real,-1,14
323564,5.01929,32,real,-1,11
323588,2.519209,24,real,-1,3
323625,6.253918,37,real,-1,16
323652,9.4373,27,real,-1,6
323677,1.31847,25,real,-1,4
323714,2.670604,37,real,-1,16
323752,-11.162785,38,real,-1,17
323780,3.640757,28,real,-1,7
323815,6.81576,35,real,-1,14
323837,-4.786338,22,real,-1,1
323875,-1.008922,38,real,-1,17
323911,-1.642563,36,real,-1,15
323941,2.987138,30,real,-1,9
323966,0.970496,25,real,-1,4
324003,9.267487,37,real,-1,16
324039,6.810545,36,real,-1,15
324072,5.233021,33,real,-1,12
324110,-0.174141,38,real,-1,17
324135,3.71406,25,real,-1,4
324173,13.57942,38,real,-1,17
324205,1.199554,32,real,-1,11
324246,2.88162,41,real,-1,20
324274,3.54073,28,real,-1,7
324302,-4.211261,28,real,-1,7
324338,3.764913,36,real,-1,15
324365,1.934715,27,real,-1,6
324396,4.738476,31,real,-1,10
324429,4.933118,33,real,-1,12
324459,0.456537,30,real,-1,9
324501,5.87785,42,real,-1,21
324531,6.858565,30,real,-1,9
324556,6.430615,25,real,-1,4
324577,3.561497,21,real,-1,0
324603,4.498034,26,real,-1,5
324630,0.963258,27,real,-1,6
324660,0.055889,30,real,-1,9
324692,9.601826,32,real,-1,11
324723,-0.966475,31,real,-1,10
324748,0.237609,25,real,-1,4
324775,3.32006,27,real,-1,6
324806,0.69299,31,real,-1,10
324844,2.271383,38,real,-1,17
324869,1.406424,25,real,-1,4
324907,-0.511397,38,real,-1,17
324948,-2.967995,41,real,-1,20
324974,3.760828,26,real,-1,5
325003,0.230481,29,real,-1,8
325027,-3.98632,24,real,-1,3
325051,-1.607954,24,real,-1,3
325091,7.208134,40,real,-1,19
325115,4.217978,24,real,-1,3
325144,4.758434,29,real,-1,8
325172,-1.013348,28,real,-1,7
325205,3.964719,33,real,-1,12
325240,-1.220239,35,real,-1,14
325280,-0.423397,40,real,-1,19
325317,7.519728,37,real,-1,16
325341,4.44028,24,real,-1,3
325371,4.474995,30,real,-1,9
325398,-1.350678,27,real,-1,6
325431,1.609522,33,real,-1,12
325471,4.91663,40,real,-1,19
325495,8.120998,24,real,-1,3
325518,-3.224736,23,real,-1,2
325545,6.21417,27,real,-1,6
325582,4.152972,37,real,-1,16
325618,4.82094,36,real,-1,15
325660,3.132411,42,real,-1,21
325689,1.937693,29,real,-1,8
325731,-2.006946,42,real,-1,21
325773,5.407007,42,real,-1,21
325794,3.175582,21,real,-1,0
325816,1.649025,22,real,-1,1
325851,0.684423,35,real,-1,14
325875,7.473155,24,real,-1,3
325908,4.543854,33,real,-1,12
325935,-1.116358,27,real,-1,6
325977,-1.068375,42,real,-1,21
326002,3.700408,25,real,-1,4
326040,0.125078,38,real,-1,17
326070,3.206499,30,real,-1,9
326095,-0.22381,25,real,-1,4
326133,1.308818,38,real,-1,17
326158,-0.539378,25,real,-1,4
326185,1.489333,27,real,-1,6
326206,0.905037,21,real,-1,0
326242,1.889554,36,real,-1,15
326282,4.156595,40,real,-1,19
326310,4.953599,28,real,-1,7
326334,1.700447,24,real,-1,3
326364,3.651433,30,real,-1,9
326402,3.111575,38,real,-1,17
326429,-0.778084,27,real,-1,6
326468,-0.191579,39,real,-1,18
326503,4.540532,35,real,-1,14
326530,0.322103,27,real,-1,6
326571,6.511873,41,real,-1,20
326599,-0.91941,28,real,-1,7
326624,3.339772,25,real,-1,4
326658,6.351006,34,real,-1,13
326698,-4.610268,40,real,-1,19
326731,-0.352054,33,real,-1,12
326756,-5.099355,25,real,-1,4
326779,4.424416,23,real,-1,2
326800,5.571905,21,real,-1,0
326828,0.139301,28,real,-1,7
326857,9.293451,29,real,-1,8
326897,0.170711,40,real,-1,19
326933,-1.253215,36,real,-1,15
326959,7.179929,26,real,-1,5
326981,-0.124704,22,real,-1,1
327005,-3.911028,24,real,-1,3
327035,-1.423795,30,real,-1,9
327077,2.29214,42,real,-1,21
327117,-3.23184,40,real,-1,19
327138,3.778323,21,real,-1,0
327172,0.923191,34,real,-1,13
327196,7.795372,24,real,-1,3
327217,3.174616,21,real,-1,0
327255,-4.626578,38,real,-1,17
327293,-0.317808,38,real,-1,17
327317,1.774142,24,real,-1,3
327357,5.292857,40,real,-1,19
327395,7.038993,38,real,-1,17
327418,6.930336,23,real,-1,2
327456,3.196974,38,real,-1,17
327485,2.935581,29,real,-1,8
327514,1.337847,29,real,-1,8
327549,6.033665,35,real,-1,14
327575,-1.004572,26,real,-1,5
327605,4.75545,30,real,-1,9
327631,-3.357065,26,real,-1,5
327670,2.877435,39,real,-1,18
327699,-1.138856,29,real,-1,8
327730,3.689149,31,real,-1,10
327772,0.498279,42,real,-1,21
327805,1.293548,33,real,-1,12
327833,5.757177,28,real,-1,7
327855,0.690031,22,real,-1,1
327890,2.667502,35,real,-1,14
327925,7.167331,35,real,-1,14
327952,9.028154,27,real,-1,6
327976,3.817508,24,real,-1,3
328016,-1.281391,40,real,-1,19
328037,4.776684,21,real,-1,0
328073,-2.614777,36,real,-1,15
328105,2.909099,32,real,-1,11
328130,1.018925,25,real,-1,4
328152,-2.747117,22,real,-1,1
328173,2.047477,21,real,-1,0
328195,0.415498,22,real,-1,1
328222,5.373103,27,real,-1,6
328251,1.113701,29,real,-1,8
328284,0.366796,33,real,-1,12
328307,4.013833,23,real,-1,2
328328,-7.47367,21,real,-1,0
328366,6.319457,38,real,-1,17
328391,3.446241,25,real,-1,4
328427,2.005595,36,real,-1,15
328451,-1.09452,24,real,-1,3
328484,10.09657,33,real,-1,12
328512,1.349381,28,real,-1,7
328540,1.103812,28,real,-1,7
328566,0.249974,26,real,-1,5
328607,-4.154402,41,real,-1,20
328640,2.163267,33,real,-1,12
328682,10.129288,42,real,-1,21
328714,2.986147,32,real,-1,11
328747,2.534845,33,real,-1,12
328770,8.416979,23,real,-1,2
328800,3.852838,30,real,-1,9
328842,0.453298,42,real,-1,21
328878,6.243184,36,real,-1,15
328906,-3.626656,28,real,-1,7
328929,2.701475,23,real,-1,2
328962,0.248259,33,real,-1,12
328992,-0.650319,30,real,-1,9
329031,3.214553,39,real,-1,18
329057,4.120553,26,real,-1,5
329079,3.487075,22,real,-1,1
329107,-4.94411,28,real,-1,7
329149,-1.294397,42,real,-1,21
329176,5.670844,27,real,-1,6
329211,3.674961,35,real,-1,14
329251,1.821459,40,real,-1,19
329275,-2.074236,24,real,-1,3
329298,2.608952,23,real,-1,2
329336,-1.75661,38,real,-1,17
329365,1.537796,29,real,-1,8
329395,-0.623508,30,real,-1,9
329430,14.062633,35,real,-1,14
329470,-3.559975,40,real,-1,19
329505,-0.073098,35,real,-1,14
329536,3.55737,31,real,-1,10
329558,4.319728,22,real,-1,1
329586,-0.344795,28,real,-1,7
329618,3.267037,32,real,-1,11
329642,-0.577367,24,real,-1,3
329664,0.456177,22,real,-1,1
329705,0.895475,41,real,-1,20
329746,14.129458,41,real,-1,20
329774,-2.159293,28,real,-1,7
329803,4.269708,29,real,-1,8
329829,1.293488,26,real,-1,5
329863,6.827954,34,real,-1,13
329889,5.021941,26,real,-1,5
329923,-8.324615,34,real,-1,13
329958,6.155793,35,real,-1,14
329998,0.237707,40,real,-1,19
330024,-1.929085,26,real,-1,5
330066,0.523415,42,real,-1,21
330090,0.069144,24,real,-1,3
330119,10.262185,29,real,-1,8
330143,1.847071,24,real,-1,3
330169,-0.146009,26,real,-1,5
330190,2.388916,21,real,-1,0
330215,-1.087369,25,real,-1,4
330243,-2.825717,28,real,-1,7
330274,-2.500347,31,real,-1,10
330306,9.980621,32,real,-1,11
330346,-1.181984,40,real,-1,19
330385,8.380331,39,real,-1,18
330409,4.031015,24,real,-1,3
330446,6.030001,37,real,-1,16
330469,1.089769,23,real,-1,2
330497,4.561233,28,real,-1,7
330536,-2.385919,39,real,-1,18
330572,0.273624,36,real,-1,15
330601,4.97043,29,real,-1,8
330625,-3.956573,24,real,-1,3
330652,4.001456,27,real,-1,6
330689,3.237196,37,real,-1,16
330727,0.771608,38,real,-1,17
330766,3.246371,39,real,-1,18
330803,-2.091485,37,real,-1,16
330837,-6.294313,34,real,-1,13
330877,2.435987,40,real,-1,19
330900,5.651924,23,real,-1,2
330930,6.386341,30,real,-1,9
330954,2.980127,24,real,-1,3
330987,-0.729133,33,real,-1,12
331019,-10.173794,32,real,-1,11
331042,2.411335,23,real,-1,2
331080,-0.701095,38,real,-1,17
331117,-0.92267,37,real,-1,16
331143,0.342378,26,real,-1,5
331172,2.408504,29,real,-1,8
331201,7.347579,29,real,-1,8
331233,1.699475,32,real,-1,11
331271,11.311798,38,real,-1,17
331304,0.994959,33,real,-1,12
331346,5.062182,42,real,-1,21
331377,-5.6291,31,real,-1,10
331398,0.269021,21,real,-1,0
331434,5.437904,36,real,-1,15
331455,7.268778,21,real,-1,0
331480,3.148211,25,real,-1,4
331509,-2.628767,29,real,-1,8
331544,3.52202,35,real,-1,14
331586,5.342772,42,real,-1,21
331614,6.143427,28,real,-1,7
331651,0.858609,37,real,-1,16
331683,5.331769,32,real,-1,11
331712,1.484936,29,real,-1,8
331750,7.477117,38,real,-1,17
331773,-0.001668,23,real,-1,2
331804,6.430886,31,real,-1,10
331831,4.988791,27,real,-1,6
331863,2.678546,32,real,-1,11
331887,7.190854,24,real,-1,3
331908,-2.405037,21,real,-1,0
331950,-0.361177,42,real,-1,21
331978,-1.703417,28,real,-1,7
332009,-9.186744,31,real,-1,10
332047,-1.078147,38,real,-1,17
332080,-1.564408,33,real,-1,12
332118,0.244283,38,real,-1,17
332152,8.59973,34,real,-1,13
332191,1.420779,39,real,-1,18
332222,4.590791,31,real,-1,10
332248,4.025078,26,real,-1,5
332278,10.260226,30,real,-1,9
332307,-1.770396,29,real,-1,8
332337,8.820578,30,real,-1,9
332371,-9.27049,34,real,-1,13
332393,4.061978,22,real,-1,1
332415,-2.189115,22,real,-1,1
332457,-1.924996,42,real,-1,21
332483,2.767199,26,real,-1,5
332520,6.231102,37,real,-1,16
332548,2.00005,28,real,-1,7
332581,0.916516,33,real,-1,12
332621,7.679182,40,real,-1,19
332651,3.963295,30,real,-1,9
332691,9.144907,40,real,-1,19
332716,-4.439643,25,real,-1,4
332742,4.785519,26,real,-1,5
332773,5.865108,31,real,-1,10
332807,8.059949,34,real,-1,13
332834,2.104329,27,real,-1,6
332875,-3.68409,41,real,-1,20
332901,6.762575,26,real,-1,5
332930,0.464002,29,real,-1,8
332963,2.687011,33,real,-1,12
332987,0.918766,24,real,-1,3
333009,-0.487656,22,real,-1,1
333033,1.406451,24,real,-1,3
333072,0.0507,39,real,-1,18
333108,5.771522,36,real,-1,15
333140,3.640475,32,real,-1,11
333176,3.202199,36,real,-1,15
333197,6.967008,21,real,-1,0
333218,3.367582,21,real,-1,0
333258,-1.996045,40,real,-1,19
333291,6.175286,33,real,-1,12
333317,9.112841,26,real,-1,5
333357,5.535889,40,real,-1,19
333378,1.168603,21,real,-1,0
333406,-7.004618,28,real,-1,7
333443,2.085456,37,real,-1,16
333465,3.751023,22,real,-1,1
333488,4.152219,23,real,-1,2
333515,1.602738,27,real,-1,6
333557,-1.057754,42,real,-1,21
333583,7.747187,26,real,-1,5
333620,3.133266,37,real,-1,16
333650,-1.249208,30,real,-1,9
333686,1.13731,36,real,-1,15
333714,4.099427,28,real,-1,7
333746,6.807852,32,real,-1,11
333779,6.690189,33,real,-1,12
333812,-6.701113,33,real,-1,12
333846,0.730896,34,real,-1,13
333875,3.033898,29,real,-1,8
333897,-5.588443,22,real,-1,1
333932,2.627346,35,real,-1,14
333970,4.980084,38,real,-1,17
334003,-1.434182,33,real,-1,12
334029,9.0253,26,real,-1,5
334071,0.31322,42,real,-1,21
334108,3.057297,37,real,-1,16
334147,0.767426,39,real,-1,18
334172,-7.353775,25,real,-1,4
334203,2.954293,31,real,-1,10
334242,2.247172,39,real,-1,18
334277,-1.129242,35,real,-1,14
334307,3.076076,30,real,-1,9
334335,7.275042,28,real,-1,7
334376,3.085749,41,real,-1,20
334398,4.465147,22,real,-1,1
334434,6.521637,36,real,-1,15
334461,-4.54891,27,real,-1,6
334494,0.531074,33,real,-1,12
334522,-7.838302,28,real,-1,7
334552,4.005404,30,real,-1,9
334573,3.721295,21,real,-1,0
334608,1.982854,35,real,-1,14
334641,-0.164532,33,real,-1,12
334665,4.757123,24,real,-1,3
334693,2.033622,28,real,-1,7
334714,7.603366,21,real,-1,0
334741,1.44921,27,real,-1,6
334773,-0.389778,32,real,-1,11
334805,1.16315,32,real,-1,11
334837,1.016589,32,real,-1,11
334861,3.976822,24,real,-1,3
334894,5.361782,33,real,-1,12
334931,-0.049795,37,real,-1,16
334955,5.701261,24,real,-1,3
334988,-8.579789,33,real,-1,12
335018,4.829322,30,real,-1,9
335044,2.973013,26,real,-1,5
335069,1.382065,25,real,-1,4
335093,6.61492,24,real,-1,3
335129,4.308336,36,real,-1,15
335162,-1.370635,33,real,-1,12
335186,-3.069312,24,real,-1,3
335224,6.385307,38,real,-1,17
335253,3.238559,29,real,-1,8
335274,6.710189,21,real,-1,0
335309,0.518203,35,real,-1,14
335342,0.77134,33,real,-1,12
335366,-0.202027,24,real,-1,3
335399,6.712634,33,real,-1,12
335434,0.963832,35,real,-1,14
335474,11.966883,40,real,-1,19
335506,1.525917,32,real,-1,11
335527,0.76555,21,real,-1,0
335560,-0.553087,33,real,-1,12
335584,-0.867942,24,real,-1,3
335622,2.618583,38,real,-1,17
335663,-1.630953,41,real,-1,20
335690,2.433985,27,real,-1,6
335720,4.457216,30,real,-1,9
335744,6.4488,24,real,-1,3
335777,-4.924511,33,real,-1,12
335802,-0.027856,25,real,-1,4
335843,2.563021,41,real,-1,20
335881,3.206559,38,real,-1,17
335917,7.324166,36,real,-1,15
335953,12.084075,36,real,-1,15
335992,0.614657,39,real,-1,18
336015,0.876811,23,real,-1,2
336057,-0.9413,42,real,-1,21
336093,3.495768,36,real,-1,15
336115,1.305601,22,real,-1,1
336155,-2.918912,40,real,-1,19
336186,5.223136,31,real,-1,10
336227,0.004844,41,real,-1,20
336268,2.326439,41,real,-1,20
336290,5.586939,22,real,-1,1
336327,-1.60698,37,real,-1,16
336367,9.552659,40,real,-1,19
336405,-2.728177,38,real,-1,17
336442,1.460372,37,real,-1,16
336470,6.003573,28,real,-1,7
336504,-2.413962,34,real,-1,13
336530,-3.613238,26,real,-1,5
336554,2.863188,24,real,-1,3
336577,-5.909113,23,real,-1,2
336608,-3.525616,31,real,-1,10
336650,4.764035,42,real,-1,21
336685,-5.144638,35,real,-1,14
336726,7.131228,41,real,-1,20
336755,0.095051,29,real,-1,8
336784,5.197049,29,real,-1,8
336813,-5.136096,29,real,-1,8
336837,4.966841,24,real,-1,3
336872,3.931788,35,real,-1,14
336906,2.659906,34,real,-1,13
336934,2.694167,28,real,-1,7
336972,-1.649674,38,real,-1,17
337007,4.282503,35,real,-1,14
337041,-6.076652,34,real,-1,13
337063,2.594318,22,real,-1,1
337096,-7.673353,33,real,-1,12
337129,-1.861813,33,real,-1,12
337152,1.255015,23,real,-1,2
337193,4.005485,41,real,-1,20
337232,5.895672,39,real,-1,18
337256,-4.451213,24,real,-1,3
337282,-0.004994,26,real,-1,5
337322,-4.933963,40,real,-1,19
337351,9.878431,29,real,-1,8
337392,7.046714,41,real,-1,20
337425,2.043749,33,real,-1,12
337461,1.714207,36,real,-1,15
337485,1.732623,24,real,-1,3
337521,4.346595,36,real,-1,15
337543,-0.632896,22,real,-1,1
337579,6.520933,36,real,-1,15
337600,2.274493,21,real,-1,0
337638,1.382616,38,real,-1,17
337675,-1.248342,37,real,-1,16
337697,-0.059306,22,real,-1,1
337728,5.201798,31,real,-1,10
337764,-7.061615,36,real,-1,15
337800,-7.010204,36,real,-1,15
337833,5.461604,33,real,-1,12
337868,4.931648,35,real,-1,14
337902,0.849183,34,real,-1,13
337942,1.717389,40,real,-1,19
337984,-2.423471,42,real,-1,21
338021,4.065182,37,real,-1,16
338044,1.94232,23,real,-1,2
338085,1.14541,41,real,-1,20
338118,0.708269,33,real,-1,12
338154,4.432174,36,real,-1,15
338196,5.187819,42,real,-1,21
338221,-1.566508,25,real,-1,4
338254,5.064891,33,real,-1,12
338281,7.732884,27,real,-1,6
338319,-0.668148,38,real,-1,17
338357,3.333017,38,real,-1,17
338381,0.656384,24,real,-1,3
338411,1.23833,30,real,-1,9
338438,6.098949,27,real,-1,6
338459,0.892399,21,real,-1,0
338495,0.383171,36,real,-1,15
338517,4.92104,22,real,-1,1
338559,5.704455,42,real,-1,21
338598,-5.890239,39,real,-1,18
338621,0.538195,23,real,-1,2
338663,-2.208986,42,real,-1,21
338688,4.403587,25,real,-1,4
338716,1.07243,28,real,-1,7
338755,7.694119,39,real,-1,18
338786,1.155669,31,real,-1,10
338809,3.004127,23,real,-1,2
338831,-7.33833,22,real,-1,1
338858,-0.224036,27,real,-1,6
338881,1.891326,23,real,-1,2
338908,2.663746,27,real,-1,6
338937,8.216061,29,real,-1,8
338960,-0.557676,23,real,-1,2
338997,3.721711,37,real,-1,16
339039,0.868656,42,real,-1,21
339072,1.897933,33,real,-1,12
339110,8.964577,38,real,-1,17
339142,1.131419,32,real,-1,11
339166,6.424281,24,real,-1,3
339201,2.469452,35,real,-1,14
339241,7.711595,40,real,-1,19
339270,-0.417733,29,real,-1,8
339296,-3.524108,26,real,-1,5
339336,12.755976,40,real,-1,19
339358,-1.076855,22,real,-1,1
339394,4.274193,36,real,-1,15
339426,-2.702695,32,real,-1,11
339448,1.062295,22,real,-1,1
339486,2.620861,38,real,-1,17
339528,4.835243,42,real,-1,21
339550,3.661471,22,real,-1,1
339573,-3.530457,23,real,-1,2
339612,2.293189,39,real,-1,18
339642,1.831748,30,real,-1,9
339682,-5.671989,40,real,-1,19
339710,1.685864,28,real,-1,7
339750,-2.101412,40,real,-1,19
339778,-0.986374,28,real,-1,7
339819,-3.610094,41,real,-1,20
339858,2.039519,39,real,-1,18
339880,-1.397651,22,real,-1,1
339909,0.363412,29,real,-1,8
339931,-3.161513,22,real,-1,1
339966,5.782181,35,real,-1,14
339987,3.509943,21,real,-1,0
340021,0.581273,34,real,-1,13
340048,5.602085,27,real,-1,6
340081,1.651466,33,real,-1,12
340103,6.775161,22,real,-1,1
340130,2.756389,27,real,-1,6
340170,4.0309,40,real,-1,19
340196,-0.648334,26,real,-1,5
340225,-2.062985,29,real,-1,8
340260,2.02851,35,real,-1,14
340299,-8.022441,39,real,-1,18
340331,1.160521,32,real,-1,11
340366,-2.208109,35,real,-1,14
340388,4.486102,22,real,-1,1
340430,2.902334,42,real,-1,21
340462,-5.631258,32,real,-1,11
340496,-0.006746,34,real,-1,13
340517,-0.870443,21,real,-1,0
340559,3.083392,42,real,-1,21
340597,-2.389705,38,real,-1,17
340623,-1.615941,26,real,-1,5
340656,7.339186,33,real,-1,12
340680,4.885973,24,real,-1,3
340713,7.328616,33,real,-1,12
340747,-5.049136,34,real,-1,13
340784,1.819824,37,real,-1,16
340812,-5.148199,28,real,-1,7
340841,3.376545,29,real,-1,8
340870,2.512176,29,real,-1,8
340905,5.647881,35,real,-1,14
340942,3.769699,37,real,-1,16
340975,2.078498,33,real,-1,12
341012,4.093091,37,real,-1,16
341036,-0.300196,24,real,-1,3
341067,1.365505,31,real,-1,10
341089,2.095198,22,real,-1,1
341111,6.34463,22,real,-1,1
341132,4.959916,21,real,-1,0
341155,0.275653,23,real,-1,2
341178,1.655578,23,real,-1,2
341208,1.473525,30,real,-1,9
341243,-1.209637,35,real,-1,14
341265,2.778409,22,real,-1,1
341304,11.575531,39,real,-1,18
341342,1.151412,38,real,-1,17
341369,6.103869,27,real,-1,6
341404,-1.191424,35,real,-1,14
341446,-2.682695,42,real,-1,21
341477,9.200293,31,real,-1,10
341519,2.257869,42,real,-1,21
341541,-10.220775,22,real,-1,1
341576,5.940596,35,real,-1,14
341608,5.408262,32,real,-1,11
341631,5.531484,23,real,-1,2
341666,5.309199,35,real,-1,14
341699,2.709902,33,real,-1,12
341740,10.251051,41,real,-1,20
341780,2.425048,40,real,-1,19
341818,5.882622,38,real,-1,17
341840,1.327106,22,real,-1,1
341873,8.672855,33,real,-1,12
341904,1.359898,31,real,-1,10
341941,1.270786,37,real,-1,16
341971,1.427109,30,real,-1,9
342006,6.19164,35,real,-1,14
342040,-1.388947,34,real,-1,13
342078,1.987855,38,real,-1,17
342111,4.203809,33,real,-1,12
342132,-1.251051,21,real,-1,0
342163,5.916099,31,real,-1,10
342199,1.255607,36,real,-1,15
342238,2.977645,39,real,-1,18
342264,4.262565,26,real,-1,5
342306,-2.798052,42,real,-1,21
342335,7.178708,29,real,-1,8
342356,-1.176179,21,real,-1,0
342382,5.732766,26,real,-1,5
342414,0.552305,32,real,-1,11
342438,3.816772,24,real,-1,3
342480,6.440599,42,real,-1,21
342501,-0.244303,21,real,-1,0
342537,0.454347,36,real,-1,15
342578,0.054769,41,real,-1,20
342602,6.148856,24,real,-1,3
342641,1.985406,39,real,-1,18
342675,2.432934,34,real,-1,13
342702,9.198951,27,real,-1,6
342739,1.711932,37,real,-1,16
342774,3.084747,35,real,-1,14
342802,-6.692198,28,real,-1,7
342840,3.531997,38,real,-1,17
342878,-1.025003,38,real,-1,17
342919,7.848675,41,real,-1,20
342955,7.333993,36,real,-1,15
342984,2.098537,29,real,-1,8
343014,4.172517,30,real,-1,9
343037,0.38122,23,real,-1,2
343074,7.867043,37,real,-1,16
343115,2.115588,41,real,-1,20
343147,13.203345,32,real,-1,11
343185,-0.204196,38,real,-1,17
343227,3.292514,42,real,-1,21
343258,2.210144,31,real,-1,10
343291,3.842399,33,real,-1,12
343320,4.827763,29,real,-1,8
343345,0.829738,25,real,-1,4
343375,1.015017,30,real,-1,9
343415,-4.438365,40,real,-1,19
343438,-0.959281,23,real,-1,2
343462,1.965556,24,real,-1,3
343485,-7.141431,23,real,-1,2
343514,-0.404589,29,real,-1,8
343550,-2.725328,36,real,-1,15
343582,2.174528,32,real,-1,11
343622,2.676164,40,real,-1,19
343658,-4.271816,36,real,-1,15
343695,-3.925796,37,real,-1,16
343735,8.056571,40,real,-1,19
343766,-1.525728,31,real,-1,10
343806,-4.639342,40,real,-1,19
343842,-5.599143,36,real,-1,15
343870,0.447242,28,real,-1,7
343891,4.757126,21,real,-1,0
343923,4.577028,32,real,-1,11
343944,3.057789,21,real,-1,0
343972,2.767608,28,real,-1,7
344005,0.520529,33,real,-1,12
344035,-5.683983,30,real,-1,9
344061,-1.781153,26,real,-1,5
344088,2.597656,27,real,-1,6
344123,-2.768487,35,real,-1,14
344148,5.236149,25,real,-1,4
344182,3.046,34,real,-1,13
344212,4.682561,30,real,-1,9
344240,5.61514,28,real,-1,7
344269,-1.343115,29,real,-1,8
344298,0.238222,29,real,-1,8
344335,12.7556,37,real,-1,16
344377,5.160095,42,real,-1,21
344411,4.023802,34,real,-1,13
344451,-1.132164,40,real,-1,19
344473,1.507298,22,real,-1,1
344513,7.454548,40,real,-1,19
344544,-0.037434,31,real,-1,10
344574,4.72463,30,real,-1,9
344616,7.312263,42,real,-1,21
344645,1.023395,29,real,-1,8
344667,3.69357,22,real,-1,1
344696,0.032949,29,real,-1,8
344722,3.003236,26,real,-1,5
344755,0.557808,33,real,-1,12
344779,-3.021757,24,real,-1,3
344815,-1.220966,36,real,-1,15
344836,0.602584,21,real,-1,0
344862,0.891349,26,real,-1,5
344886,7.55126,24,real,-1,3
344910,1.329882,24,real,-1,3
344949,1.485161,39,real,-1,18
344978,2.617027,29,real,-1,8
345002,2.916259,24,real,-1,3
345034,-0.537566,32,real,-1,11
345066,4.746101,32,real,-1,11
345106,2.204084,40,real,-1,19
345127,-1.492487,21,real,-1,0
345168,6.065905,41,real,-1,20
345202,1.051223,34,real,-1,13
345223,3.508188,21,real,-1,0
345255,4.072602,32,real,-1,11
345295,3.4885,40,real,-1,19
345331,-5.267455,36,real,-1,15
345360,4.559312,29,real,-1,8
345394,-1.84992,34,real,-1,13
345419,2.485372,25,real,-1,4
345450,-3.644105,31,real,-1,10
345475,8.848025,25,real,-1,4
345498,4.055303,23,real,-1,2
345539,4.494224,41,real,-1,20
345567,-0.651194,28,real,-1,7
345609,6.292251,42,real,-1,21
345631,1.325991,22,real,-1,1
345669,-2.674606,38,real,-1,17
345696,-2.016678,27,real,-1,6
345729,3.057218,33,real,-1,12
345752,-5.500342,23,real,-1,2
345794,1.768432,42,real,-1,21
345835,-3.872936,41,real,-1,20
345874,3.996125,39,real,-1,18
345912,4.080335,38,real,-1,17
345941,-0.171363,29,real,-1,8
345980,2.171435,39,real,-1,18
346014,7.330263,34,real,-1,13
346052,-5.615068,38,real,-1,17
346094,1.800561,42,real,-1,21
346133,0.452502,39,real,-1,18
346169,0.285068,36,real,-1,15
346202,6.074585,33,real,-1,12
346238,-1.455457,36,real,-1,15
346279,5.913212,41,real,-1,20
346303,2.3172,24,real,-1,3
346327,-0.911218,24,real,-1,3
346364,5.781806,37,real,-1,16
346392,2.560298,28,real,-1,7
346432,-5.140536,40,real,-1,19
346472,2.380487,40,real,-1,19
346494,2.323236,22,real,-1,1
346526,-1.074404,32,real,-1,11
346547,-0.090306,21,real,-1,0
346574,0.579273,27,real,-1,6
346603,-1.04206,29,real,-1,8
346626,3.002521,23,real,-1,2
346661,6.899413,35,real,-1,14
346694,5.774479,33,real,-1,12
346736,3.801246,42,real,-1,21
346759,-1.468697,23,real,-1,2
346798,-0.341432,39,real,-1,18
346835,3.718664,37,real,-1,16
346872,-3.655776,37,real,-1,16
346913,3.484686,41,real,-1,20
346946,-7.481912,33,real,-1,12
346988,7.371957,42,real,-1,21
347019,5.96301,31,real,-1,10
347059,3.539854,40,real,-1,19
347086,-8.594449,27,real,-1,6
347111,5.612875,25,real,-1,4
347153,6.697725,42,real,-1,21
347195,7.755945,42,real,-1,21
347226,-0.440563,31,real,-1,10
347266,4.981581,40,real,-1,19
347301,1.731726,35,real,-1,14
347341,0.547988,40,real,-1,19
347374,6.105688,33,real,-1,12
347401,5.937691,27,real,-1,6
347429,2.980199,28,real,-1,7
347470,0.17967,41,real,-1,20
347494,2.307472,24,real,-1,3
347521,-0.363783,27,real,-1,6
347556,3.519569,35,real,-1,14
347592,2.309112,36,real,-1,15
347625,7.240407,33,real,-1,12
347659,-3.068364,34,real,-1,13
347684,-1.24613,25,real,-1,4
347710,3.144599,26,real,-1,5
347747,3.441355,37,real,-1,16
347770,1.722084,23,real,-1,2
347796,3.000512,26,real,-1,5
347821,4.547745,25,real,-1,4
347852,-7.57089,31,real,-1,10
347883,-2.341573,31,real,-1,10
347916,2.208484,33,real,-1,12
347946,6.10103,30,real,-1,9
347982,2.812016,36,real,-1,15
348003,0.87422,21,real,-1,0
348031,2.002014,28,real,-1,7
348052,0.872253,21,real,-1,0
348078,3.981566,26,real,-1,5
348103,3.694133,25,real,-1,4
348140,12.92185,37,real,-1,16
348178,1.920694,38,real,-1,17
348199,0.402681,21,real,-1,0
348221,1.743195,22,real,-1,1
348249,3.048437,28,real,-1,7
348272,-1.176202,23,real,-1,2
348299,1.432902,27,real,-1,6
348321,8.641098,22,real,-1,1
348344,1.108739,23,real,-1,2
348371,0.90914,27,real,-1,6
348396,2.579484,25,real,-1,4
348421,1.815645,25,real,-1,4
348454,-0.671608,33,real,-1,12
348492,5.091527,38,real,-1,17
348515,1.402768,23,real,-1,2
348555,2.412857,40,real,-1,19
348593,10.325845,38,real,-1,17
348619,-0.235415,26,real,-1,5
348642,-1.893602,23,real,-1,2
348676,4.223365,34,real,-1,13
348706,2.641407,30,real,-1,9
348740,0.109777,34,real,-1,13
348782,14.209313,42,real,-1,21
348822,-2.120495,40,real,-1,19
348846,2.384967,24,real,-1,3
348874,4.284705,28,real,-1,7
348910,7.731933,36,real,-1,15
348947,-0.459349,37,real,-1,16
348982,3.804771,35,real,-1,14
349007,4.551598,25,real,-1,4
349036,3.462281,29,real,-1,8
349075,-0.369752,39,real,-1,18
349109,5.333115,34,real,-1,13
349143,2.33336,34,real,-1,13
349164,0.461966,21,real,-1,0
349189,2.998768,25,real,-1,4
349224,5.128339,35,real,-1,14
349245,-1.855156,21,real,-1,0
349277,-9.027561,32,real,-1,11
349307,3.266391,30,real,-1,9
349346,-3.911147,39,real,-1,18
349388,3.307554,42,real,-1,21
349417,-0.21529,29,real,-1,8
349451,4.065939,34,real,-1,13
349481,1.474524,30,real,-1,9
349522,-0.569544,41,real,-1,20
349556,3.478468,34,real,-1,13
349581,8.95447,25,real,-1,4
349613,0.4354,32,real,-1,11
349649,-2.400217,36,real,-1,15
349687,5.855086,38,real,-1,17
349710,0.68757,23,real,-1,2
349749,7.063047,39,real,-1,18
349771,5.868722,22,real,-1,1
349813,7.030214,42,real,-1,21
349836,6.544767,23,real,-1,2
349874,-4.685737,38,real,-1,17
349902,3.19829,28,real,-1,7
349927,3.733306,25,real,-1,4
349952,-0.208705,25,real,-1,4
349994,7.012318,42,real,-1,21
350027,3.336408,33,real,-1,12
350067,5.214903,40,real,-1,19
350092,3.203475,25,real,-1,4
350115,0.205392,23,real,-1,2
350136,-0.106202,21,real,-1,0
350175,4.906591,39,real,-1,18
350201,3.746791,26,real,-1,5
350228,-7.457155,27,real,-1,6
350269,11.700521,41,real,-1,20
350298,-2.738965,29,real,-1,8
350340,2.900575,42,real,-1,21
350377,-0.738492,37,real,-1,16
350407,6.334001,30,real,-1,9
350444,6.849798,37,real,-1,16
350486,6.919252,42,real,-1,21
350526,5.924525,40,real,-1,19
350561,4.646411,35,real,-1,14
350588,-0.883878,27,real,-1,6
350610,-4.875515,22,real,-1,1
350650,-1.993757,40,real,-1,19
350671,2.028179,21,real,-1,0
350701,-3.362011,30,real,-1,9
350735,3.672623,34,real,-1,13
350759,1.689314,24,real,-1,3
350787,4.207048,28,real,-1,7
350820,3.059348,33,real,-1,12
350859,1.116244,39,real,-1,18
350896,6.947417,37,real,-1,16
350919,2.7357,23,real,-1,2
350956,7.337108,37,real,-1,16
350994,-3.357655,38,real,-1,17
351036,2.865103,42,real,-1,21
351061,1.550353,25,real,-1,4
351084,2.262818,23,real,-1,2
351106,4.765818,22,real,-1,1
351144,8.079911,38,real,-1,17
351169,-6.828948,25,real,-1,4
351210,4.349334,41,real,-1,20
351249,5.739585,39,real,-1,18
351277,1.403588,28,real,-1,7
351300,-3.197544,23,real,-1,2
351336,1.629675,36,real,-1,15
351372,-5.550538,36,real,-1,15
351404,6.443925,32,real,-1,11
351437,8.78401,33,real,-1,12
351461,3.477387,24,real,-1,3
351498,4.335826,37,real,-1,16
351528,5.8263,30,real,-1,9
351557,4.098159,29,real,-1,8
351584,4.976454,27,real,-1,6
351605,-2.135153,21,real,-1,0
351639,1.521496,34,real,-1,13
351670,1.87699,31,real,-1,10
351696,2.400248,26,real,-1,5
351724,5.213216,28,real,-1,7
351758,-2.34849,34,real,-1,13
351799,2.694461,41,real,-1,20
351820,0.069257,21,real,-1,0
351860,2.76121,40,real,-1,19
351881,6.612294,21,real,-1,0
351902,-1.504468,21,real,-1,0
351937,3.169865,35,real,-1,14
351967,1.486774,30,real,-1,9
352006,-3.889698,39,real,-1,18
352045,0.634294,39,real,-1,18
352080,1.83763,35,real,-1,14
352104,-5.6385,24,real,-1,3
352136,4.129097,32,real,-1,11
352176,2.828031,40,real,-1,19
352211,5.877193,35,real,-1,14
352239,0.146573,28,real,-1,7
352277,-7.989171,38,real,-1,17
352298,3.429369,21,real,-1,0
352320,2.290793,22,real,-1,1
352357,0.121112,37,real,-1,16
352396,1.207837,39,real,-1,18
352429,2.857943,33,real,-1,12
352465,7.262888,36,real,-1,15
352506,2.500637,41,real,-1,20
352541,5.947808,35,real,-1,14
352567,10.948161,26,real,-1,5
352606,4.697783,39,real,-1,18
352636,3.850172,30,real,-1,9
352667,5.240815,31,real,-1,10
352698,4.957815,31,real,-1,10
352724,0.519727,26,real,-1,5
352745,-5.148948,21,real,-1,0
352774,1.182936,29,real,-1,8
352806,3.139346,32,real,-1,11
352829,-6.616809,23,real,-1,2
352860,6.721303,31,real,-1,10
352883,0.427019,23,real,-1,2
352922,4.580345,39,real,-1,18
352958,2.334175,36,real,-1,15
352990,-0.753181,32,real,-1,11
353011,0.446021,21,real,-1,0
353041,-4.024296,30,real,-1,9
353080,1.745407,39,real,-1,18
353110,-2.503906,30,real,-1,9
353142,6.419433,32,real,-1,11
353183,4.545462,41,real,-1,20
353211,6.483203,28,real,-1,7
353250,-5.056109,39,real,-1,18
353281,-1.116939,31,real,-1,10
353318,11.406692,37,real,-1,16
353343,-0.591422,25,real,-1,4
353375,6.726737,32,real,-1,11
353406,1.04213,31,real,-1,10
353437,8.146832,31,real,-1,10
353460,5.873222,23,real,-1,2
353495,-0.208606,35,real,-1,14
353533,5.897913,38,real,-1,17
353575,1.538905,42,real,-1,21
353614,-5.086075,39,real,-1,18
353638,1.062009,24,real,-1,3
353675,7.820483,37,real,-1,16
353715,3.952184,40,real,-1,19
353756,6.166437,41,real,-1,20
353792,6.591743,36,real,-1,15
353827,9.309468,35,real,-1,14
353858,-0.344867,31,real,-1,10
353885,5.886527,27,real,-1,6
353919,3.818248,34,real,-1,13
353946,6.247975,27,real,-1,6
353970,0.976718,24,real,-1,3
354012,5.234709,42,real,-1,21
354043,5.054978,31,real,-1,10
354080,3.33486,37,real,-1,16
354111,5.152232,31,real,-1,10
354136,4.090694,25,real,-1,4
354169,5.356138,33,real,-1,12
354202,-2.244254,33,real,-1,12
354223,2.006025,21,real,-1,0
354262,0.625823,39,real,-1,18
354284,3.52538,22,real,-1,1
354319,-0.489585,35,real,-1,14
354359,1.214771,40,real,-1,19
354397,4.855931,38,real,-1,17
354439,-1.948375,42,real,-1,21
354466,3.935088,27,real,-1,6
354505,4.883315,39,real,-1,18
354546,4.956329,41,real,-1,20
354579,-6.374225,33,real,-1,12
354603,-4.659847,24,real,-1,3
354635,1.088961,32,real,-1,11
354665,4.720167,30,real,-1,9
354702,5.893503,37,real,-1,16
354729,10.172021,27,real,-1,6
354752,-3.333695,23,real,-1,2
354793,6.769494,41,real,-1,20
354834,2.350679,41,real,-1,20
354857,-1.384223,23,real,-1,2
354881,-5.1112,24,real,-1,3
354921,3.197121,40,real,-1,19
354958,4.3853,37,real,-1,16
354996,7.656684,38,real,-1,17
355026,3.190878,30,real,-1,9
355052,-0.805386,26,real,-1,5
355094,8.02953,42,real,-1,21
355126,1.392756,32,real,-1,11
355158,1.437622,32,real,-1,11
355196,0.978768,38,real,-1,17
355230,5.655892,34,real,-1,13
355270,-6.993926,40,real,-1,19
355295,-1.70688,25,real,-1,4
355326,-3.804446,31,real,-1,10
355363,3.296039,37,real,-1,16
355388,-3.136383,25,real,-1,4
355412,4.631033,24,real,-1,3
355434,4.569603,22,real,-1,1
355469,-0.107535,35,real,-1,14
355490,4.179953,21,real,-1,0
355515,0.234684,25,real,-1,4
355546,3.663588,31,real,-1,10
355582,0.567111,36,real,-1,15
355609,0.226318,27,real,-1,6
355642,-6.000064,33,real,-1,12
355681,-5.361909,39,real,-1,18
355705,1.191006,24,real,-1,3
355741,6.729617,36,real,-1,15
355779,2.641737,38,real,-1,17
355801,6.386888,22,real,-1,1
355837,4.177391,36,real,-1,15
355860,0.212876,23,real,-1,2
355881,0.453031,21,real,-1,0
355921,-3.363107,40,real,-1,19
355951,0.061912,30,real,-1,9
355993,4.164643,42,real,-1,21
356034,3.75788,41,real,-1,20
356068,-1.579587,34,real,-1,13
356103,-0.975207,35,real,-1,14
356139,-2.254908,36,real,-1,15
356173,6.814153,34,real,-1,13
356197,7.445339,24,real,-1,3
356226,2.658119,29,real,-1,8
356255,0.439229,29,real,-1,8
356287,1.467652,32,real,-1,11
356320,3.939966,33,real,-1,12
356347,-0.150355,27,real,-1,6
356377,-1.149477,30,real,-1,9
356415,-6.58332,38,real,-1,17
356443,0.676522,28,real,-1,7
356465,0.800216,22,real,-1,1
356496,1.535837,31,real,-1,10
356520,-0.853143,24,real,-1,3
356546,5.74766,26,real,-1,5
356572,3.454949,26,real,-1,5
356601,3.454122,29,real,-1,8
356639,-3.403398,38,real,-1,17
356674,-2.888049,35,real,-1,14
356716,15.893443,42,real,-1,21
356756,3.281913,40,real,-1,19
356781,6.790488,25,real,-1,4
356812,2.492136,31,real,-1,10
356847,0.384647,35,real,-1,14
356875,-7.440359,28,real,-1,7
356904,4.8441,29,real,-1,8
356936,1.848602,32,real,-1,11
356960,4.204377,24,real,-1,3
356993,2.669813,33,real,-1,12
357021,3.790189,28,real,-1,7
357042,3.917841,21,real,-1,0
357067,2.421259,25,real,-1,4
357093,1.564748,26,real,-1,5
357125,-1.732726,32,real,-1,11
357151,3.796314,26,real,-1,5
357192,12.824368,41,real,-1,20
357234,-1.637362,42,real,-1,21
357276,5.093635,42,real,-1,21
357303,-1.709821,27,real,-1,6
357332,2.761033,29,real,-1,8
357359,2.391867,27,real,-1,6
357384,0.096317,25,real,-1,4
357412,2.41342,28,real,-1,7
357450,1.892371,38,real,-1,17
357481,6.335411,31,real,-1,10
357508,7.850995,27,real,-1,6
357532,5.07462,24,real,-1,3
357572,-2.400078,40,real,-1,19
357606,0.242345,34,real,-1,13
357631,-1.432189,25,real,-1,4
357658,-5.192974,27,real,-1,6
357697,-1.421542,39,real,-1,18
357731,1.845918,34,real,-1,13
357762,9.625784,31,real,-1,10
357799,-8.797253,37,real,-1,16
357831,3.654334,32,real,-1,11
357869,1.250066,38,real,-1,17
357896,5.828224,27,real,-1,6
357935,-3.899649,39,real,-1,18
357960,2.267189,25,real,-1,4
357983,4.753579,23,real,-1,2
358019,3.35815,36,real,-1,15
358059,-0.944892,40,real,-1,19
358099,7.717923,40,real,-1,19
358124,4.407909,25,real,-1,4
358146,4.20083,22,real,-1,1
358187,2.249098,41,real,-1,20
358215,2.420513,28,real,-1,7
358256,-0.291231,41,real,-1,20
358285,3.888341,29,real,-1,8
358306,-2.436607,21,real,-1,0
358335,8.320553,29,real,-1,8
358370,9.977228,35,real,-1,14
358392,6.701765,22,real,-1,1
358417,-8.152323,25,real,-1,4
358439,8.435507,22,real,-1,1
358478,4.203963,39,real,-1,18
358504,2.648796,26,real,-1,5
358534,5.507448,30,real,-1,9
358557,4.201227,23,real,-1,2
358593,7.00115,36,real,-1,15
358619,2.151535,26,real,-1,5
358656,-1.154391,37,real,-1,16
358692,-0.989346,36,real,-1,15
358732,3.523494,40,real,-1,19
358759,3.987884,27,real,-1,6
358794,7.364802,35,real,-1,14
358826,-3.508479,32,real,-1,11
358861,-2.291268,35,real,-1,14
358888,3.893576,27,real,-1,6
358913,0.834569,25,real,-1,4
358935,8.200356,22,real,-1,1
358974,2.775025,39,real,-1,18
359010,5.25294,36,real,-1,15
359047,-8.153488,37,real,-1,16
359068,-10.059938,21,real,-1,0
359092,2.36404,24,real,-1,3
359120,-5.805738,28,real,-1,7
359150,0.80509,30,real,-1,9
359187,-2.116027,37,real,-1,16
359208,-0.338137,21,real,-1,0
359232,0.187464,24,real,-1,3
359254,1.843316,22,real,-1,1
359295,-4.243688,41,real,-1,20
359333,-0.326324,38,real,-1,17
359360,0.329442,27,real,-1,6
359381,2.482993,21,real,-1,0
359411,-1.943807,30,real,-1,9
359434,0.590909,23,real,-1,2
359474,-4.434883,40,real,-1,19
359505,-3.768077,31,real,-1,10
359530,-0.546374,25,real,-1,4
359556,5.996168,26,real,-1,5
359589,0.760074,33,real,-1,12
359611,0.599884,22,real,-1,1
359644,-6.443142,33,real,-1,12
359676,1.802465,32,real,-1,11
359702,1.954761,26,real,-1,5
359737,-0.138254,35,real,-1,14
359773,5.914656,36,real,-1,15
359805,2.537209,32,real,-1,11
359835,-5.073136,30,real,-1,9
359858,3.316204,23,real,-1,2
359880,5.945929,22,real,-1,1
359908,1.809524,28,real,-1,7
359936,2.266942,28,real,-1,7
359961,-0.175448,25,real,-1,4
359991,-1.645537,30,real,-1,9
360032,12.222499,41,real,-1,20
360073,0.728713,41,real,-1,20
360109,9.975167,36,real,-1,15
360134,7.179562,25,real,-1,4
360158,5.313308,24,real,-1,3
360183,-2.133892,25,real,-1,4
360207,5.181534,24,real,-1,3
360245,3.068563,38,real,-1,17
360272,0.324602,27,real,-1,6
360300,3.359247,28,real,-1,7
360339,1.909507,39,real,-1,18
360373,-3.390748,34,real,-1,13
360408,2.237072,35,real,-1,14
360450,2.256169,42,real,-1,21
360481,0.281869,31,real,-1,10
360505,3.316227,24,real,-1,3
360546,-0.802694,41,real,-1,20
360582,-2.084635,36,real,-1,15
360614,3.174874,32,real,-1,11
360638,-1.68767,24,real,-1,3
360666,3.087675,28,real,-1,7
360705,4.827658,39,real,-1,18
360726,-0.41831,21,real,-1,0
360750,6.604514,24,real,-1,3
360789,4.683112,39,real,-1,18
360814,-3.300857,25,real,-1,4
360840,2.420213,26,real,-1,5
360870,-4.553972,30,real,-1,9
360911,1.724558,41,real,-1,20
360937,4.414776,26,real,-1,5
360972,-0.536914,35,real,-1,14
361001,5.159848,29,real,-1,8
361022,3.010212,21,real,-1,0
361051,3.656358,29,real,-1,8
361076,3.553271,25,real,-1,4
361099,5.865836,23,real,-1,2
361128,-11.408551,29,real,-1,8
361169,-0.520107,41,real,-1,20
361209,1.880063,40,real,-1,19
361235,-4.651249,26,real,-1,5
361277,10.26026,42,real,-1,21
361315,0.606928,38,real,-1,17
361336,2.417543,21,real,-1,0
361378,0.738907,42,real,-1,21
361408,6.687189,30,real,-1,9
361440,1.988771,32,real,-1,11
361474,4.317045,34,real,-1,13
361495,5.40637,21,real,-1,0
361531,11.174185,36,real,-1,15
361564,3.428461,33,real,-1,12
361600,5.403435,36,real,-1,15
361629,-2.039112,29,real,-1,8
361657,6.009281,28,real,-1,7
361693,4.177632,36,real,-1,15
361732,1.09614,39,real,-1,18
361765,4.9156,33,real,-1,12
361792,-4.735387,27,real,-1,6
361831,-9.442208,39,real,-1,18
361853,5.132236,22,real,-1,1
361888,0.975391,35,real,-1,14
361927,5.755921,39,real,-1,18
361952,-0.876259,25,real,-1,4
361978,0.29595,26,real,-1,5
362020,-6.541959,42,real,-1,21
362044,2.069009,24,real,-1,3
362081,6.119041,37,real,-1,16
362110,5.640588,29,real,-1,8
362152,1.318897,42,real,-1,21
362180,2.218431,28,real,-1,7
362214,1.198616,34,real,-1,13
362253,5.883091,39,real,-1,18
362295,0.692061,42,real,-1,21
362337,-3.277869,42,real,-1,21
362362,-2.540587,25,real,-1,4
362399,6.999782,37,real,-1,16
362426,1.609805,27,real,-1,6
362453,1.764525,27,real,-1,6
362476,2.027011,23,real,-1,2
362499,-2.568751,23,real,-1,2
362536,-8.926593,37,real,-1,16
362563,2.018626,27,real,-1,6
362600,3.080947,37,real,-1,16
362633,7.634049,33,real,-1,12
362659,-9.998784,26,real,-1,5
362685,4.581499,26,real,-1,5
362725,5.816772,40,real,-1,19
362752,3.322003,27,real,-1,6
362792,7.763091,40,real,-1,19
362819,-5.624511,27,real,-1,6
362841,-0.794214,22,real,-1,1
362882,2.426268,41,real,-1,20
362917,10.271946,35,real,-1,14
362948,0.032051,31,real,-1,10
362978,0.070784,30,real,-1,9
363015,3.643877,37,real,-1,16
363044,-1.676367,29,real,-1,8
363070,-0.643333,26,real,-1,5
363107,6.804856,37,real,-1,16
363139,5.874043,32,real,-1,11
363166,3.503989,27,real,-1,6
363194,5.410198,28,real,-1,7
363235,-2.5322,41,real,-1,20
363257,-0.744718,22,real,-1,1
363291,0.458951,34,real,-1,13
363312,-4.79767,21,real,-1,0
363339,2.924017,27,real,-1,6
363374,2.556212,35,real,-1,14
363398,5.149571,24,real,-1,3
363429,4.532598,31,real,-1,10
363451,2.537289,22,real,-1,1
363492,-1.660907,41,real,-1,20
363514,0.456838,22,real,-1,1
363538,0.726137,24,real,-1,3
363562,2.561123,24,real,-1,3
363584,-4.172333,22,real,-1,1
363610,0.936339,26,real,-1,5
363636,-0.686283,26,real,-1,5
363671,6.772921,35,real,-1,14
363699,3.147557,28,real,-1,7
363739,5.631982,40,real,-1,19
363768,0.367337,29,real,-1,8
363792,8.267163,24,real,-1,3
363824,-0.302855,32,real,-1,11
363849,7.155545,25,real,-1,4
363870,-1.690989,21,real,-1,0
363900,1.891013,30,real,-1,9
363927,10.478989,27,real,-1,6
363958,-5.917417,31,real,-1,10
363994,4.364983,36,real,-1,15
364032,4.282108,38,real,-1,17
364056,-5.355389,24,real,-1,3
364079,1.248208,23,real,-1,2
364102,7.649704,23,real,-1,2
364127,2.702192,25,real,-1,4
364161,-3.334928,34,real,-1,13
364183,0.997123,22,real,-1,1
364215,1.813417,32,real,-1,11
364250,3.468276,35,real,-1,14
364279,3.776025,29,real,-1,8
364314,4.587386,35,real,-1,14
364338,5.120493,24,real,-1,3
364368,-1.185636,30,real,-1,9
364398,10.925999,30,real,-1,9
364419,-1.511517,21,real,-1,0
364451,-6.64121,32,real,-1,11
364490,-2.172206,39,real,-1,18
364530,-0.724189,40,real,-1,19
364559,0.494824,29,real,-1,8
364582,-0.068093,23,real,-1,2
364604,1.320177,22,real,-1,1
364638,0.319593,34,real,-1,13
364675,-7.611032,37,real,-1,16
364697,6.94645,22,real,-1,1
364729,5.531258,32,real,-1,11
364761,2.375423,32,real,-1,11
364782,3.164716,21,real,-1,0
364806,5.16172,24,real,-1,3
364829,1.719793,23,real,-1,2
364853,5.927993,24,real,-1,3
364885,-3.294065,32,real,-1,11
364912,-10.22812,27,real,-1,6
364950,0.38421,38,real,-1,17
364984,-1.131959,34,real,-1,13
365005,2.4033,21,real,-1,0
365031,4.194319,26,real,-1,5
365052,3.971833,21,real,-1,0
365091,3.632477,39,real,-1,18
365132,12.174805,41,real,-1,20
365162,6.631552,30,real,-1,9
365195,1.112123,33,real,-1,12
365230,3.709603,35,real,-1,14
365256,4.207508,26,real,-1,5
365294,3.740987,38,real,-1,17
365325,-1.459867,31,real,-1,10
365352,5.938755,27,real,-1,6
365376,-0.842516,24,real,-1,3
365397,-2.386432,21,real,-1,0
365420,-1.648323,23,real,-1,2
365448,-0.204325,28,real,-1,7
365488,1.305952,40,real,-1,19
365526,1.830784,38,real,-1,17
365554,1.359838,28,real,-1,7
365578,-5.766051,24,real,-1,3
365601,-1.703718,23,real,-1,2
365630,1.39734,29,real,-1,8
365670,-1.028246,40,real,-1,19
365700,1.98842,30,real,-1,9
365734,0.095881,34,real,-1,13
365757,6.343334,23,real,-1,2
365781,2.096798,24,real,-1,3
365806,1.03795,25,real,-1,4
365845,0.439523,39,real,-1,18
365871,2.286754,26,real,-1,5
365898,1.184658,27,real,-1,6
365930,6.106729,32,real,-1,11
365955,8.003955,25,real,-1,4
365994,-4.289099,39,real,-1,18
366015,0.752168,21,real,-1,0
366045,0.671286,30,real,-1,9
366086,1.019008,41,real,-1,20
366107,3.261459,21,real,-1,0
366134,0.894967,27,real,-1,6
366170,1.743604,36,real,-1,15
366206,0.913665,36,real,-1,15
366232,-1.980292,26,real,-1,5
366261,-5.258895,29,real,-1,8
366302,1.456105,41,real,-1,20
366332,-6.546855,30,real,-1,9
366369,-1.609186,37,real,-1,16
366397,1.763007,28,real,-1,7
366429,-8.753519,32,real,-1,11
366471,7.026422,42,real,-1,21
366508,2.780263,37,real,-1,16
366537,5.168027,29,real,-1,8
366571,1.248938,34,real,-1,13
366607,-0.632663,36,real,-1,15
366634,-3.029078,27,real,-1,6
366675,2.614083,41,real,-1,20
366707,2.013029,32,real,-1,11
366733,6.558523,26,real,-1,5
366763,-6.71664,30,real,-1,9
366787,1.443085,24,real,-1,3
366810,0.527072,23,real,-1,2
366838,-6.204144,28,real,-1,7
366864,-0.554057,26,real,-1,5
366895,-2.519805,31,real,-1,10
366926,6.959117,31,real,-1,10
366955,-1.535036,29,real,-1,8
366986,3.983606,31,real,-1,10
367023,1.564349,37,real,-1,16
367054,1.962279,31,real,-1,10
367086,0.353438,32,real,-1,11
367119,-1.519518,33,real,-1,12
367146,5.6539,27,real,-1,6
367187,1.163317,41,real,-1,20
367229,-4.327837,42,real,-1,21
367263,6.20125,34,real,-1,13
367303,4.909004,40,real,-1,19
367331,6.526364,28,real,-1,7
367355,0.615665,24,real,-1,3
367395,-5.285402,40,real,-1,19
367424,4.288971,29,real,-1,8
367449,-0.530164,25,real,-1,4
367488,3.302184,39,real,-1,18
367512,6.206082,24,real,-1,3
367550,0.30915,38,real,-1,17
367586,2.332822,36,real,-1,15
367619,-0.301349,33,real,-1,12
367661,5.422289,42,real,-1,21
367695,6.619955,34,real,-1,13
367730,4.241036,35,real,-1,14
367757,-0.211442,27,real,-1,6
367795,6.504952,38,real,-1,17
367816,4.328019,21,real,-1,0
367844,-1.813674,28,real,-1,7
367866,1.307159,22,real,-1,1
367898,13.439545,32,real,-1,11
367937,-0.549181,39,real,-1,18
367960,4.538985,23,real,-1,2
368000,-5.07851,40,real,-1,19
368040,12.004061,40,real,-1,19
368081,-2.192899,41,real,-1,20
368118,0.060632,37,real,-1,16
368142,-9.127907,24,real,-1,3
368168,-1.069106,26,real,-1,5
368209,2.226841,41,real,-1,20
368236,6.650127,27,real,-1,6
368259,1.257529,23,real,-1,2
368287,0.988249,28,real,-1,7
368322,1.552393,35,real,-1,14
368344,-3.10283,22,real,-1,1
368379,4.659598,35,real,-1,14
368408,0.892245,29,real,-1,8
368446,-2.879693,38,real,-1,17
368471,-1.942344,25,real,-1,4
368509,7.983392,38,real,-1,17
368550,7.851451,41,real,-1,20
368592,0.729844,42,real,-1,21
368620,6.171507,28,real,-1,7
368651,2.100252,31,real,-1,10
368672,-0.327622,21,real,-1,0
368704,-2.860966,32,real,-1,11
368739,2.276122,35,real,-1,14
368781,-0.32012,42,real,-1,21
368813,2.954021,32,real,-1,11
368847,2.031217,34,real,-1,13
368870,5.979004,23,real,-1,2
368912,-0.952161,42,real,-1,21
368939,-8.402051,27,real,-1,6
368979,11.960015,40,real,-1,19
369016,0.183599,37,real,-1,16
369037,0.954757,21,real,-1,0
369076,-3.137888,39,real,-1,18
369115,-1.755369,39,real,-1,18
369153,-2.371676,38,real,-1,17
369193,6.862203,40,real,-1,19
369215,-3.19938,22,real,-1,1
369254,3.094485,39,real,-1,18
369295,-0.504785,41,real,-1,20
369316,-6.390282,21,real,-1,0
369341,-3.461698,25,real,-1,4
369380,1.789145,39,real,-1,18
369414,5.658759,34,real,-1,13
369456,4.689806,42,real,-1,21
369482,0.661891,26,real,-1,5
369514,-0.168534,32,real,-1,11
369539,0.732035,25,real,-1,4
369579,12.828688,40,real,-1,19
369602,1.187393,23,real,-1,2
369633,-3.335524,31,real,-1,10
369668,6.638551,35,real,-1,14
369706,-2.461332,38,real,-1,17
369739,-3.565715,33,real,-1,12
369761,-1.269457,22,real,-1,1
369786,-1.234787,25,real,-1,4
369812,6.28876,26,real,-1,5
369845,1.630366,33,real,-1,12
369883,1.231225,38,real,-1,17
369909,-1.862973,26,real,-1,5
369930,2.312453,21,real,-1,0
369956,5.476267,26,real,-1,5
369992,5.777201,36,real,-1,15
370022,10.677576,30,real,-1,9
370056,7.593976,34,real,-1,13
370077,-1.661134,21,real,-1,0
370119,0.116372,42,real,-1,21
370150,-2.99474,31,real,-1,10
370189,-3.597627,39,real,-1,18
370217,3.975237,28,real,-1,7
370256,4.629631,39,real,-1,18
370278,4.072208,22,real,-1,1
370311,7.396707,33,real,-1,12
370346,-0.86274,35,real,-1,14
370368,4.468716,22,real,-1,1
370398,-1.433101,30,real,-1,9
370439,8.914331,41,real,-1,20
370477,1.142596,38,real,-1,17
370507,6.318622,30,real,-1,9
370538,1.989858,31,real,-1,10
370576,11.662962,38,real,-1,17
370599,3.317399,23,real,-1,2
370622,-2.121335,23,real,-1,2
370654,-1.791541,32,real,-1,11
370681,-6.580914,27,real,-1,6
370717,-0.617173,36,real,-1,15
370757,6.553194,40,real,-1,19
370799,-4.013667,42,real,-1,21
370838,3.958095,39,real,-1,18
370868,4.64836,30,real,-1,9
370894,-4.410095,26,real,-1,5
370925,7.153525,31,real,-1,10
370961,1.814103,36,real,-1,15
370997,4.810153,36,real,-1,15
371018,4.251135,21,real,-1,0
371041,4.332191,23,real,-1,2
371079,-3.606502,38,real,-1,17
371100,-4.746887,21,real,-1,0
371130,2.068042,30,real,-1,9
371159,3.531258,29,real,-1,8
371181,-1.226928,22,real,-1,1
371214,4.340958,33,real,-1,12
371251,3.924058,37,real,-1,16
371272,-1.56192,21,real,-1,0
371305,2.305784,33,real,-1,12
371330,4.824878,25,real,-1,4
371371,3.635094,41,real,-1,20
371412,5.988684,41,real,-1,20
371441,-5.746958,29,real,-1,8
371466,0.258528,25,real,-1,4
371488,-2.09223,22,real,-1,1
371525,-7.841434,37,real,-1,16
371567,3.508673,42,real,-1,21
371606,3.003793,39,real,-1,18
371632,1.73634,26,real,-1,5
371670,2.090227,38,real,-1,17
371702,-3.953851,32,real,-1,11
371729,6.691433,27,real,-1,6
371758,5.198145,29,real,-1,8
371791,1.548912,33,real,-1,12
371821,4.641501,30,real,-1,9
371850,1.066694,29,real,-1,8
371889,-1.127418,39,real,-1,18
371931,6.957507,42,real,-1,21
371959,6.732818,28,real,-1,7
371986,-1.21869,27,real,-1,6
372021,3.245019,35,real,-1,14
372043,7.769708,22,real,-1,1
372072,6.147869,29,real,-1,8
372104,-0.123666,32,real,-1,11
372126,-0.095193,22,real,-1,1
372158,1.211991,32,real,-1,11
372200,-7.0529,42,real,-1,21
372232,-9.674709,32,real,-1,11
372262,3.119154,30,real,-1,9
372302,1.227507,40,real,-1,19
372339,4.463898,37,real,-1,16
372379,8.87753,40,real,-1,19
372411,5.786751,32,real,-1,11
372449,5.955253,38,real,-1,17
372482,-2.117792,33,real,-1,12
372512,3.118614,30,real,-1,9
372540,8.83386,28,real,-1,7
372563,0.070548,23,real,-1,2
372602,-4.888173,39,real,-1,18
372627,4.118242,25,real,-1,4
372660,4.168295,33,real,-1,12
372699,-1.639617,39,real,-1,18
372728,2.352756,29,real,-1,8
372761,3.637021,33,real,-1,12
372786,-1.887178,25,real,-1,4
372812,0.943823,26,real,-1,5
372843,5.940989,31,real,-1,10
372871,4.14229,28,real,-1,7
372893,2.429756,22,real,-1,1
372933,9.058589,40,real,-1,19
372964,4.381798,31,real,-1,10
372994,1.052377,30,real,-1,9
373030,-6.039558,36,real,-1,15
373064,-4.5154,34,real,-1,13
373097,2.591426,33,real,-1,12
373129,3.078424,32,real,-1,11
373157,-0.697275,28,real,-1,7
373186,-4.439888,29,real,-1,8
373213,0.994184,27,real,-1,6
373243,6.567298,30,real,-1,9
373272,4.783214,29,real,-1,8
373301,-1.062761,29,real,-1,8
373322,3.513209,21,real,-1,0
373362,7.381649,40,real,-1,19
373390,2.626706,28,real,-1,7
373414,1.758745,24,real,-1,3
373453,4.481355,39,real,-1,18
373489,-3.742907,36,real,-1,15
373512,3.15061,23,real,-1,2
373548,-1.246587,36,real,-1,15
373577,-2.268052,29,real,-1,8
373616,0.815956,39,real,-1,18
373649,0.74629,33,real,-1,12
373684,-10.161709,35,real,-1,14
373718,2.951103,34,real,-1,13
373747,-6.961488,29,real,-1,8
373785,4.155434,38,real,-1,17
373808,7.253925,23,real,-1,2
373840,1.85248,32,real,-1,11
373869,4.527401,29,real,-1,8
373891,5.248551,22,real,-1,1
373922,3.169276,31,real,-1,10
373960,3.64164,38,real,-1,17
373997,-0.09129,37,real,-1,16
374030,4.08958,33,real,-1,12
374068,1.472899,38,real,-1,17
374106,6.81018,38,real,-1,17
374134,3.926565,28,real,-1,7
374158,0.884901,24,real,-1,3
374191,-1.74537,33,real,-1,12
374230,2.945437,39,real,-1,18
374268,3.6328,38,real,-1,17
374304,-2.503509,36,real,-1,15
374332,-0.224253,28,real,-1,7
374366,1.455392,34,real,-1,13
374393,0.615889,27,real,-1,6
374425,-3.517515,32,real,-1,11
374450,6.374292,25,real,-1,4
374478,1.058761,28,real,-1,7
374517,-3.791624,39,real,-1,18
374543,1.918832,26,real,-1,5
374574,10.114749,31,real,-1,10
374608,-2.066297,34,real,-1,13
374643,-0.01168,35,real,-1,14
374667,4.065483,24,real,-1,3
374698,0.362617,31,real,-1,10
374731,1.28217,33,real,-1,12
374752,3.144758,21,real,-1,0
374781,1.648247,29,real,-1,8
374805,-0.186003,24,real,-1,3
374847,4.624546,42,real,-1,21
374870,3.64324,23,real,-1,2
374894,6.044793,24,real,-1,3
374928,-5.42156,34,real,-1,13
374949,-4.867927,21,real,-1,0
374990,9.137592,41,real,-1,20
375016,6.848308,26,real,-1,5
375058,8.243913,42,real,-1,21
375080,3.625637,22,real,-1,1
375121,-2.231313,41,real,-1,20
375157,2.928413,36,real,-1,15
375191,7.205741,34,real,-1,13
375233,-0.710752,42,real,-1,21
375263,8.159564,30,real,-1,9
375299,2.190748,36,real,-1,15
375334,6.198458,35,real,-1,14
375366,4.030635,32,real,-1,11
375395,8.285593,29,real,-1,8
375428,-1.546096,33,real,-1,12
375469,4.624014,41,real,-1,20
375499,5.080974,30,real,-1,9
375537,6.629012,38,real,-1,17
375560,2.841767,23,real,-1,2
375587,-0.010996,27,real,-1,6
375626,2.861331,39,real,-1,18
375656,-2.186351,30,real,-1,9
375682,4.425269,26,real,-1,5
375709,-0.694835,27,real,-1,6
375745,-6.603844,36,real,-1,15
375773,3.836374,28,real,-1,7
375797,3.505413,24,real,-1,3
375832,2.700813,35,real,-1,14
375853,1.066546,21,real,-1,0
375876,6.376915,23,real,-1,2
375917,-1.063583,41,real,-1,20
375951,5.18493,34,real,-1,13
375974,3.048496,23,real,-1,2
376016,3.515015,42,real,-1,21
376043,-2.539033,27,real,-1,6
376078,-5.565757,35,real,-1,14
376117,0.470733,39,real,-1,18
376158,2.752227,41,real,-1,20
376200,1.568365,42,real,-1,21
376224,3.884971,24,real,-1,3
376250,-6.144292,26,real,-1,5
376278,-4.56758,28,real,-1,7
376300,-0.319723,22,real,-1,1
376334,-1.115512,34,real,-1,13
376356,-8.444531,22,real,-1,1
376390,4.492302,34,real,-1,13
376411,4.193423,21,real,-1,0
376441,4.055207,30,real,-1,9
376465,6.85235,24,real,-1,3
376487,-0.058212,22,real,-1,1
376509,3.609986,22,real,-1,1
376537,7.634898,28,real,-1,7
376565,1.260521,28,real,-1,7
376589,0.648213,24,real,-1,3
376615,-5.004922,26,real,-1,5
376654,0.859736,39,real,-1,18
376677,-0.690805,23,real,-1,2
376706,0.814396,29,real,-1,8
376736,0.659332,30,real,-1,9
376763,4.037454,27,real,-1,6
376793,0.379402,30,real,-1,9
376831,-1.650813,38,real,-1,17
376852,5.628987,21,real,-1,0
376891,-2.121216,39,real,-1,18
376921,1.995918,30,real,-1,9
376948,1.301594,27,real,-1,6
376982,-0.709823,34,real,-1,13
377007,-4.861664,25,real,-1,4
377049,4.430305,42,real,-1,21
377074,2.594926,25,real,-1,4
377112,-4.599148,38,real,-1,17
377148,-4.506009,36,real,-1,15
377175,-2.473384,27,real,-1,6
377216,-0.479507,41,real,-1,20
377244,2.121975,28,real,-1,7
377283,3.408009,39,real,-1,18
377304,-6.174686,21,real,-1,0
377343,5.800392,39,real,-1,18
377368,-3.834921,25,real,-1,4
377399,-0.438206,31,real,-1,10
377430,6.261943,31,real,-1,10
377464,-0.952233,34,real,-1,13
377492,2.942123,28,real,-1,7
377517,3.826753,25,real,-1,4
377544,-2.318146,27,real,-1,6
377581,5.18768,37,real,-1,16
377607,1.02382,26,real,-1,5
377633,2.305303,26,real,-1,5
377664,4.724611,31,real,-1,10
377686,1.728195,22,real,-1,1
377710,4.936387,24,real,-1,3
377745,3.360456,35,real,-1,14
377768,0.348409,23,real,-1,2
377805,5.567491,37,real,-1,16
377838,-0.985062,33,real,-1,12
377877,-2.931998,39,real,-1,18
377908,2.839719,31,real,-1,10
377934,6.277964,26,real,-1,5
377963,-0.072985,29,real,-1,8
377998,2.901955,35,real,-1,14
378039,1.2539,41,real,-1,20
378064,2.897736,25,real,-1,4
378099,3.133318,35,real,-1,14
378124,5.367332,25,real,-1,4
378146,1.683346,22,real,-1,1
378180,-2.342686,34,real,-1,13
378201,-4.097652,21,real,-1,0
378226,2.041111,25,real,-1,4
378251,3.673761,25,real,-1,4
378284,7.264785,33,real,-1,12
378322,5.686734,38,real,-1,17
378348,-0.07295,26,real,-1,5
378377,2.841507,29,real,-1,8
378408,-0.758831,31,real,-1,10
378449,-1.781321,41,real,-1,20
378482,-1.465319,33,real,-1,12
378510,2.308996,28,real,-1,7
378544,-0.905518,34,real,-1,13
378568,2.890137,24,real,-1,3
378603,6.501189,35,real,-1,14
378641,3.434784,38,real,-1,17
378663,0.609895,22,real,-1,1
378701,5.94056,38,real,-1,17
378726,0.618703,25,real,-1,4
378748,-1.845757,22,real,-1,1
378785,0.439474,37,real,-1,16
378824,-10.378357,39,real,-1,18
378852,-0.553359,28,real,-1,7
378884,1.798675,32,real,-1,11
378914,9.66716,30,real,-1,9
378946,-1.049029,32,real,-1,11
378968,-4.070369,22,real,-1,1
379004,8.432625,36,real,-1,15
379028,1.038341,24,real,-1,3
379064,3.764267,36,real,-1,15
379104,-1.114631,40,real,-1,19
379125,2.352926,21,real,-1,0
379154,-5.435988,29,real,-1,8
379188,-7.263148,34,real,-1,13
379226,-4.333875,38,real,-1,17
379250,0.645908,24,real,-1,3
379274,2.702031,24,real,-1,3
379308,-5.798336,34,real,-1,13
379341,6.153421,33,real,-1,12
379370,-1.931187,29,real,-1,8
379397,5.080338,27,real,-1,6
379434,-0.887856,37,real,-1,16
379464,-2.792256,30,real,-1,9
379491,6.662012,27,real,-1,6
379529,0.837574,38,real,-1,17
379557,1.728103,28,real,-1,7
379582,3.74955,25,real,-1,4
379604,1.498111,22,real,-1,1
379632,5.07442,28,real,-1,7
379662,3.313639,30,real,-1,9
379699,-0.869849,37,real,-1,16
379741,2.858488,42,real,-1,21
379771,4.131512,30,real,-1,9
379812,8.299611,41,real,-1,20
379853,-0.169206,41,real,-1,20
379878,0.925388,25,real,-1,4
379907,-2.572654,29,real,-1,8
379935,4.45779,28,real,-1,7
379975,-3.883876,40,real,-1,19
379996,0.843243,21,real,-1,0
380028,3.12489,32,real,-1,11
380069,1.02856,41,real,-1,20
380095,1.016859,26,real,-1,5
380127,12.149048,32,real,-1,11
380149,4.684206,22,real,-1,1
380188,-4.869718,39,real,-1,18
380224,-0.320988,36,real,-1,15
380245,3.810336,21,real,-1,0
380274,5.023164,29,real,-1,8
380296,-2.832231,22,real,-1,1
380333,9.086736,37,real,-1,16
380364,1.698151,31,real,-1,10
380391,3.49278,27,real,-1,6
380413,2.281075,22,real,-1,1
380438,6.330724,25,real,-1,4
380464,0.19614,26,real,-1,5
380505,-1.564837,41,real,-1,20
380540,-3.276809,35,real,-1,14
380572,-2.257236,32,real,-1,11
380611,0.795421,39,real,-1,18
380632,-3.163271,21,real,-1,0
380665,-2.630378,33,real,-1,12
380702,2.250457,37,real,-1,16
380733,3.919358,31,real,-1,10
380771,-6.388456,38,real,-1,17
380802,4.977615,31,real,-1,10
380826,6.115682,24,real,-1,3
380851,4.765387,25,real,-1,4
380887,4.432054,36,real,-1,15
380908,4.742544,21,real,-1,0
380947,-1.983864,39,real,-1,18
380975,3.855587,28,real,-1,7
381015,0.414184,40,real,-1,19
381052,3.233546,37,real,-1,16
381077,-0.380416,25,real,-1,4
381107,4.919768,30,real,-1,9
381145,13.735555,38,real,-1,17
381170,-2.75059,25,real,-1,4
381199,1.013875,29,real,-1,8
381229,-0.249471,30,real,-1,9
381261,5.95137,32,real,-1,11
381289,0.424706,28,real,-1,7
381323,1.256834,34,real,-1,13
381364,6.411782,41,real,-1,20
381387,2.874211,23,real,-1,2
381425,5.023995,38,real,-1,17
381449,9.647988,24,real,-1,3
381486,2.501891,37,real,-1,16
381507,9.81848,21,real,-1,0
381544,3.626078,37,real,-1,16
381578,-0.461056,34,real,-1,13
381616,0.297294,38,real,-1,17
381645,-0.762065,29,real,-1,8
381670,2.334211,25,real,-1,4
381694,1.997369,24,real,-1,3
381732,-0.307862,38,real,-1,17
381773,-1.378796,41,real,-1,20
381802,0.766467,29,real,-1,8
381832,1.384274,30,real,-1,9
381857,-3.906602,25,real,-1,4
381881,6.116456,24,real,-1,3
381904,6.851831,23,real,-1,2
381930,5.606118,26,real,-1,5
381959,-1.68997,29,real,-1,8
381994,4.646424,35,real,-1,14
382031,7.861575,37,real,-1,16
382056,-5.457526,25,real,-1,4
382086,2.980909,30,real,-1,9
382114,1.071366,28,real,-1,7
382156,3.574652,42,real,-1,21
382197,2.008857,41,real,-1,20
382220,3.817423,23,real,-1,2
382245,1.759137,25,real,-1,4
382273,5.092947,28,real,-1,7
382311,4.653977,38,real,-1,17
382342,6.46437,31,real,-1,10
382368,0.625633,26,real,-1,5
382391,1.82927,23,real,-1,2
382431,-2.466131,40,real,-1,19
382472,0.510935,41,real,-1,20
382498,4.043546,26,real,-1,5
382540,1.431359,42,real,-1,21
382568,0.674036,28,real,-1,7
382600,3.323032,32,real,-1,11
382631,-0.797537,31,real,-1,10
382666,-0.927679,35,real,-1,14
382690,-6.097668,24,real,-1,3
382720,-2.612939,30,real,-1,9
382746,-1.509333,26,real,-1,5
382783,-4.313985,37,real,-1,16
382815,5.697237,32,real,-1,11
382837,5.853884,22,real,-1,1
382877,4.887212,40,real,-1,19
382912,6.035267,35,real,-1,14
382953,2.198701,41,real,-1,20
382993,-2.193967,40,real,-1,19
383018,-6.556866,25,real,-1,4
383054,1.610396,36,real,-1,15
383086,-2.064402,32,real,-1,11
383116,2.095283,30,real,-1,9
383155,4.615864,39,real,-1,18
383192,1.936917,37,real,-1,16
383230,-3.641502,38,real,-1,17
383254,2.112189,24,real,-1,3
383296,-1.454157,42,real,-1,21
383330,-0.363883,34,real,-1,13
383351,2.081825,21,real,-1,0
383374,-2.03754,23,real,-1,2
383413,3.932396,39,real,-1,18
383435,-3.741221,22,real,-1,1
383462,-2.246792,27,real,-1,6
383488,5.726099,26,real,-1,5
383521,-8.03554,33,real,-1,12
383548,1.733983,27,real,-1,6
383572,3.385249,24,real,-1,3
383609,7.452922,37,real,-1,16
383648,4.741442,39,real,-1,18
383688,-1.877224,40,real,-1,19
383725,-6.074985,37,real,-1,16
383763,4.537706,38,real,-1,17
383803,-2.221283,40,real,-1,19
383829,1.291912,26,real,-1,5
383861,-4.309561,32,real,-1,11
383896,6.330836,35,real,-1,14
383936,0.829125,40,real,-1,19
383972,0.447465,36,real,-1,15
384012,1.450385,40,real,-1,19
384045,4.251014,33,real,-1,12
384070,3.34286,25,real,-1,4
384106,14.119882,36,real,-1,15
384133,2.670247,27,real,-1,6
384162,1.878797,29,real,-1,8
384198,10.164664,36,real,-1,15
384237,6.113554,39,real,-1,18
384279,1.343894,42,real,-1,21
384312,-8.462886,33,real,-1,12
384340,-0.462146,28,real,-1,7
384374,0.181449,34,real,-1,13
384415,9.78717,41,real,-1,20
384447,1.4482,32,real,-1,11
384486,5.109527,39,real,-1,18
384508,3.304467,22,real,-1,1
384538,-1.210692,30,real,-1,9
384560,0.131081,22,real,-1,1
384596,6.5063,36,real,-1,15
384625,4.140915,29,real,-1,8
384665,3.666395,40,real,-1,19
384688,4.046662,23,real,-1,2
384710,0.184311,22,real,-1,1
384733,0.993257,23,real,-1,2
384761,-2.13481,28,real,-1,7
384796,3.098237,35,real,-1,14
384835,8.512628,39,real,-1,18
384866,-0.496443,31,real,-1,10
384905,6.027452,39,real,-1,18
384935,-1.787678,30,real,-1,9
384959,0.743916,24,real,-1,3
384985,2.247848,26,real,-1,5
385008,-0.654363,23,real,-1,2
385038,3.904305,30,real,-1,9
385068,-1.236998,30,real,-1,9
385105,0.686348,37,real,-1,16
385132,1.157827,27,real,-1,6
385160,1.925288,28,real,-1,7
385191,6.735726,31,real,-1,10
385220,4.25512,29,real,-1,8
385248,0.705388,28,real,-1,7
385275,4.090095,27,real,-1,6
385307,-0.341307,32,real,-1,11
385348,-2.712727,41,real,-1,20
385390,5.648024,42,real,-1,21
385413,0.204264,23,real,-1,2
385444,-0.45504,31,real,-1,10
385476,1.047667,32,real,-1,11
385514,0.267142,38,real,-1,17
385541,0.348949,27,real,-1,6
385571,7.201383,30,real,-1,9
385607,7.082704,36,real,-1,15
385641,1.983201,34,real,-1,13
385663,2.042983,22,real,-1,1
385691,4.809187,28,real,-1,7
385726,-0.047888,35,real,-1,14
385750,3.258015,24,real,-1,3
385774,1.904696,24,real,-1,3
385800,0.688263,26,real,-1,5
385832,5.802364,32,real,-1,11
385858,7.450429,26,real,-1,5
385889,3.106327,31,real,-1,10
385912,2.673569,23,real,-1,2
385935,3.204994,23,real,-1,2
385964,2.174888,29,real,-1,8
385995,3.560446,31,real,-1,10
386016,0.611065,21,real,-1,0
386044,7.657158,28,real,-1,7
386068,4.871594,24,real,-1,3
386091,1.0831,23,real,-1,2
386115,0.784903,24,real,-1,3
386147,3.608717,32,real,-1,11
386187,6.576344,40,real,-1,19
386221,-4.036276,34,real,-1,13
386263,-7.210155,42,real,-1,21
386289,0.097518,26,real,-1,5
386314,2.335562,25,real,-1,4
386355,4.05756,41,real,-1,20
386396,4.109665,41,real,-1,20
386429,-0.453096,33,real,-1,12
386459,1.297653,30,real,-1,9
386484,4.63255,25,real,-1,4
386510,5.013854,26,real,-1,5
386531,-2.923416,21,real,-1,0
386573,6.718326,42,real,-1,21
386600,12.510571,27,real,-1,6
386633,5.693962,33,real,-1,12
386667,1.603934,34,real,-1,13
386692,6.400795,25,real,-1,4
386722,2.269076,30,real,-1,9
386748,-3.980018,26,real,-1,5
386775,-1.171746,27,real,-1,6
386807,-8.76811,32,real,-1,11
386845,-1.766392,38,real,-1,17
386878,3.330813,33,real,-1,12
386901,-4.972204,23,real,-1,2
386924,-1.533943,23,real,-1,2
386965,5.704846,41,real,-1,20
387007,2.290189,42,real,-1,21
387040,4.947881,33,real,-1,12
387068,-3.990746,28,real,-1,7
387109,5.125079,41,real,-1,20
387140,-1.087727,31,real,-1,10
387176,15.595844,36,real,-1,15
387211,2.131453,35,real,-1,14
387241,-0.153486,30,real,-1,9
387266,3.909026,25,real,-1,4
387295,3.214467,29,real,-1,8
387337,2.870034,42,real,-1,21
387378,12.466875,41,real,-1,20
387408,3.922401,30,real,-1,9
387447,4.990007,39,real,-1,18
387476,-7.423924,29,real,-1,8
387510,4.641855,34,real,-1,13
387548,2.440508,38,real,-1,17
387589,2.158886,41,real,-1,20
387619,4.447576,30,real,-1,9
387651,9.262618,32,real,-1,11
387685,10.235275,34,real,-1,13
387727,5.417491,42,real,-1,21
387754,-0.02177,27,real,-1,6
387791,2.845031,37,real,-1,16
387830,3.835895,39,real,-1,18
387861,4.795681,31,real,-1,10
387898,9.415235,37,real,-1,16
387927,8.295842,29,real,-1,8
387949,4.683735,22,real,-1,1
387987,-2.952952,38,real,-1,17
388028,-2.314824,41,real,-1,20
388058,2.598147,30,real,-1,9
388085,2.888644,27,real,-1,6
388122,9.278064,37,real,-1,16
388162,4.436654,40,real,-1,19
388198,8.253032,36,real,-1,15
388224,-3.555057,26,real,-1,5
388249,1.613905,25,real,-1,4
388280,5.878516,31,real,-1,10
388305,5.225055,25,real,-1,4
388346,-1.634976,41,real,-1,20
388381,6.858888,35,real,-1,14
388416,2.971727,35,real,-1,14
388456,-7.017074,40,real,-1,19
388493,-2.468528,37,real,-1,16
388525,-2.525772,32,real,-1,11
388550,5.617693,25,real,-1,4
388591,2.238533,41,real,-1,20
388618,3.319247,27,real,-1,6
388644,4.259526,26,real,-1,5
388672,-1.784361,28,real,-1,7
388693,1.878322,21,real,-1,0
388719,-1.985516,26,real,-1,5
388753,-0.073696,34,real,-1,13
388792,4.040948,39,real,-1,18
388826,-1.458853,34,real,-1,13
388849,3.45134,23,real,-1,2
388890,0.965904,41,real,-1,20
388925,7.482176,35,real,-1,14
388948,1.712006,23,real,-1,2
388980,-0.260547,32,real,-1,11
389006,5.753352,26,real,-1,5
389028,-0.659544,22,real,-1,1
389068,-0.38345,40,real,-1,19
389091,11.07773,23,real,-1,2
389120,0.546234,29,real,-1,8
389158,-2.961524,38,real,-1,17
389200,0.433831,42,real,-1,21
389221,1.763219,21,real,-1,0
389251,5.054112,30,real,-1,9
389284,-4.135057,33,real,-1,12
389315,1.813829,31,real,-1,10
389339,1.703761,24,real,-1,3
389367,3.294495,28,real,-1,7
389397,1.656785,30,real,-1,9
389439,-6.311102,42,real,-1,21
389470,0.362189,31,real,-1,10
389492,9.555459,22,real,-1,1
389530,-2.049101,38,real,-1,17
389566,0.135875,36,real,-1,15
389598,2.318939,32,real,-1,11
389636,2.935344,38,real,-1,17
389674,8.95153,38,real,-1,17
389716,-6.288599,42,real,-1,21
389748,-2.478153,32,real,-1,11
389775,0.744824,27,real,-1,6
389799,7.416012,24,real,-1,3
389832,-1.88966,33,real,-1,12
389865,0.460977,33,real,-1,12
389894,1.146665,29,real,-1,8
389915,0.567987,21,real,-1,0
389950,0.141363,35,real,-1,14
389992,4.82807,42,real,-1,21
390029,6.692664,37,real,-1,16
390052,-0.433803,23,real,-1,2
390087,4.486139,35,real,-1,14
390126,3.111346,39,real,-1,18
390148,-4.163802,22,real,-1,1
390178,-2.974522,30,real,-1,9
390219,2.843938,41,real,-1,20
390245,3.95689,26,real,-1,5
390274,0.828953,29,real,-1,8
390309,-7.582833,35,real,-1,14
390349,6.33252,40,real,-1,19
390373,3.887713,24,real,-1,3
390410,-1.605038,37,real,-1,16
390435,3.960035,25,real,-1,4
390469,13.04341,34,real,-1,13
390491,8.049356,22,real,-1,1
390529,7.616709,38,real,-1,17
390556,2.564908,27,real,-1,6
390597,2.304346,41,real,-1,20
390635,5.494204,38,real,-1,17
390674,3.781334,39,real,-1,18
390700,3.720434,26,real,-1,5
390741,5.060102,41,real,-1,20
390762,-2.440873,21,real,-1,0
390785,2.514977,23,real,-1,2
390819,2.120881,34,real,-1,13
390851,-0.296795,32,real,-1,11
390881,7.032236,30,real,-1,9
390919,2.320017,38,real,-1,17
390952,-4.279438,33,real,-1,12
390975,-1.96872,23,real,-1,2
391007,0.34314,32,real,-1,11
391031,0.596579,24,real,-1,3
391064,10.749544,33,real,-1,12
391099,5.583702,35,real,-1,14
391141,2.542139,42,real,-1,21
391177,13.273353,36,real,-1,15
391199,-4.06588,22,real,-1,1
391239,-2.685886,40,real,-1,19
391263,3.288135,24,real,-1,3
391300,-2.596096,37,real,-1,16
391339,0.388044,39,real,-1,18
391366,3.082944,27,real,-1,6
391396,1.763904,30,real,-1,9
391437,-1.733337,41,real,-1,20
391477,2.828159,40,real,-1,19
391517,-1.971381,40,real,-1,19
391557,4.11365,40,real,-1,19
391582,1.948841,25,real,-1,4
391610,-2.43519,28,real,-1,7
391635,0.314818,25,real,-1,4
391667,0.036705,32,real,-1,11
391696,0.576216,29,real,-1,8
391726,3.082391,30,real,-1,9
391764,1.148287,38,real,-1,17
391804,4.058871,40,real,-1,19
391833,-4.080392,29,real,-1,8
391865,-3.543969,32,real,-1,11
391897,6.014111,32,real,-1,11
391936,-0.562496,39,real,-1,18
391972,3.875902,36,real,-1,15
392005,-1.051352,33,real,-1,12
392034,1.633212,29,real,-1,8
392057,0.179074,23,real,-1,2
392079,-3.773094,22,real,-1,1
392112,-2.681977,33,real,-1,12
392146,9.218167,34,real,-1,13
392173,2.546316,27,real,-1,6
392196,-2.222106,23,real,-1,2
392219,5.136428,23,real,-1,2
392256,10.281623,37,real,-1,16
392286,-0.83624,30,real,-1,9
392320,8.257484,34,real,-1,13
392351,6.187983,31,real,-1,10
392372,7.208025,21,real,-1,0
392407,-5.287271,35,real,-1,14
392444,-0.717859,37,real,-1,16
392469,7.727609,25,real,-1,4
392511,4.173207,42,real,-1,21
392551,-3.720839,40,real,-1,19
392578,1.39653,27,real,-1,6
392612,1.249163,34,real,-1,13
392640,-2.321825,28,real,-1,7
392671,5.087504,31,real,-1,10
392703,0.529713,32,real,-1,11
392732,5.60172,29,real,-1,8
392755,1.195085,23,real,-1,2
392792,4.436175,37,real,-1,16
392819,-2.768492,27,real,-1,6
392861,-0.601683,42,real,-1,21
392897,1.384588,36,real,-1,15
392938,6.53874,41,real,-1,20
392960,0.353222,22,real,-1,1
392985,-1.334909,25,real,-1,4
393023,1.0421,38,real,-1,17
393056,0.023571,33,real,-1,12
393082,3.915143,26,real,-1,5
393113,6.855133,31,real,-1,10
393145,-0.063403,32,real,-1,11
393170,1.668065,25,real,-1,4
393210,4.314083,40,real,-1,19
393247,-4.180502,37,real,-1,16
393282,3.865992,35,real,-1,14
393319,-1.002427,37,real,-1,16
393345,-0.653219,26,real,-1,5
393380,-0.764305,35,real,-1,14
393420,-1.239485,40,real,-1,19
393446,-0.26959,26,real,-1,5
393470,3.9871,24,real,-1,3
393497,7.767689,27,real,-1,6
393523,6.160478,26,real,-1,5
393565,2.721498,42,real,-1,21
393606,-5.499371,41,real,-1,20
393647,1.16403,41,real,-1,20
393677,1.70043,30,real,-1,9
393699,3.132424,22,real,-1,1
393737,4.057538,38,real,-1,17
393760,0.000199,23,real,-1,2
393790,-2.659497,30,real,-1,9
393826,-10.572621,36,real,-1,15
393856,2.095566,30,real,-1,9
393886,1.318186,30,real,-1,9
393919,0.26385,33,real,-1,12
393951,-7.527684,32,real,-1,11
393980,5.620216,29,real,-1,8
394010,11.635917,30,real,-1,9
394036,3.161634,26,real,-1,5
394069,1.57192,33,real,-1,12
394095,-3.48022,26,real,-1,5
394118,4.108022,23,real,-1,2
394157,1.794111,39,real,-1,18
394181,5.299073,24,real,-1,3
394219,13.521339,38,real,-1,17
394242,1.399546,23,real,-1,2
394281,3.410886,39,real,-1,18
394303,-1.930956,22,real,-1,1
394331,-4.968295,28,real,-1,7
394372,5.33185,41,real,-1,20
394411,2.437096,39,real,-1,18
394443,-5.134043,32,real,-1,11
394482,-1.432827,39,real,-1,18
394514,9.034688,32,real,-1,11
394556,9.152307,42,real,-1,21
394586,2.37463,30,real,-1,9
394613,3.640492,27,real,-1,6
394648,-1.802078,35,real,-1,14
394673,0.049144,25,real,-1,4
394694,0.341473,21,real,-1,0
394732,-1.390652,38,real,-1,17
394769,6.277031,37,real,-1,16
394809,5.088612,40,real,-1,19
394845,-1.190363,36,real,-1,15
394866,-11.3311,21,real,-1,0
394892,-7.842218,26,real,-1,5
394915,7.412996,23,real,-1,2
394941,4.824891,26,real,-1,5
394968,6.924234,27,real,-1,6
395008,-2.123477,40,real,-1,19
395043,2.955005,35,real,-1,14
395080,5.538122,37,real,-1,16
395117,3.572844,37,real,-1,16
395148,-1.651555,31,real,-1,10
395182,1.90239,34,real,-1,13
395210,3.887038,28,real,-1,7
395245,6.246187,35,real,-1,14
395279,1.539824,34,real,-1,13
395306,6.006776,27,real,-1,6
395339,-0.704448,33,real,-1,12
395376,11.632814,37,real,-1,16
395418,-4.728985,42,real,-1,21
395440,0.718629,22,real,-1,1
395464,0.458796,24,real,-1,3
395489,0.328321,25,real,-1,4
395523,2.506374,34,real,-1,13
395545,2.912055,22,real,-1,1
395578,3.28462,33,real,-1,12
395620,0.933442,42,real,-1,21
395650,3.506646,30,real,-1,9
395690,10.330708,40,real,-1,19
395723,1.317225,33,real,-1,12
395759,-1.171331,36,real,-1,15
395799,2.785777,40,real,-1,19
395823,3.658562,24,real,-1,3
395858,10.75802,35,real,-1,14
395887,0.01927,29,real,-1,8
395914,0.409148,27,real,-1,6
395938,-2.514535,24,real,-1,3
395969,3.484632,31,real,-1,10
395996,4.575218,27,real,-1,6
396022,-0.105722,26,real,-1,5
396049,2.874347,27,real,-1,6
396091,8.74127,42,real,-1,21
396131,-3.665912,40,real,-1,19
396173,-1.613868,42,real,-1,21
396206,12.417009,33,real,-1,12
396243,3.149802,37,real,-1,16
396275,11.139398,32,real,-1,11
396316,1.988559,41,real,-1,20
396342,1.767034,26,real,-1,5
396369,-1.994445,27,real,-1,6
396395,2.499899,26,real,-1,5
396436,4.261032,41,real,-1,20
396470,5.46276,34,real,-1,13
396501,3.487672,31,real,-1,10
396530,-7.861305,29,real,-1,8
396559,7.768695,29,real,-1,8
396593,1.352527,34,real,-1,13
396614,4.806447,21,real,-1,0
396638,1.082977,24,real,-1,3
396660,5.595061,22,real,-1,1
396688,4.740369,28,real,-1,7
396716,3.906217,28,real,-1,7
396755,0.965181,39,real,-1,18
396793,-4.334644,38,real,-1,17
396817,-2.030399,24,real,-1,3
396844,6.07102,27,real,-1,6
396882,5.577745,38,real,-1,17
396921,0.774344,39,real,-1,18
396951,0.395157,30,real,-1,9
396988,-0.461394,37,real,-1,16
397028,8.747579,40,real,-1,19
397067,5.039428,39,real,-1,18
397109,7.312449,42,real,-1,21
397143,2.32055,34,real,-1,13
397176,1.026625,33,real,-1,12
397216,-3.131347,40,real,-1,19
397243,2.234937,27,real,-1,6
397277,2.35951,34,real,-1,13
397301,-0.972946,24,real,-1,3
397339,1.60428,38,real,-1,17
397373,-5.866635,34,real,-1,13
397401,-0.685951,28,real,-1,7
397440,2.469513,39,real,-1,18
397473,9.016435,33,real,-1,12
397513,6.819809,40,real,-1,19
397552,10.982043,39,real,-1,18
397589,3.446482,37,real,-1,16
397616,-5.582077,27,real,-1,6
397646,2.42471,30,real,-1,9
397688,-1.009782,42,real,-1,21
397713,6.54925,25,real,-1,4
397734,-2.11351,21,real,-1,0
397762,-2.607933,28,real,-1,7
397784,2.791356,22,real,-1,1
397825,6.697507,41,real,-1,20
397867,1.403181,42,real,-1,21
397908,1.723019,41,real,-1,20
397939,-2.401247,31,real,-1,10
397977,-1.582804,38,real,-1,17
398005,0.051155,28,real,-1,7
398027,0.497942,22,real,-1,1
398069,2.807525,42,real,-1,21
398102,6.577502,33,real,-1,12
398138,5.133258,36,real,-1,15
398172,-0.783321,34,real,-1,13
398212,-0.021416,40,real,-1,19
398237,-1.332997,25,real,-1,4
398263,5.63106,26,real,-1,5
398297,7.17772,34,real,-1,13
398335,-0.192186,38,real,-1,17
398369,6.823824,34,real,-1,13
398402,-2.226178,33,real,-1,12
398424,2.276259,22,real,-1,1
398464,-5.413894,40,real,-1,19
398489,-0.367326,25,real,-1,4
398513,6.554264,24,real,-1,3
398547,7.282655,34,real,-1,13
398572,4.023515,25,real,-1,4
398604,-1.223766,32,real,-1,11
398646,0.581413,42,real,-1,21
398673,1.813763,27,real,-1,6
398705,4.122764,32,real,-1,11
398738,3.557344,33,real,-1,12
398774,1.300101,36,real,-1,15
398812,15.745341,38,real,-1,17
398843,-0.198804,31,real,-1,10
398882,13.817289,39,real,-1,18
398908,2.557245,26,real,-1,5
398941,-0.321794,33,real,-1,12
398970,-2.985271,29,real,-1,8
399011,5.018013,41,real,-1,20
399046,4.260085,35,real,-1,14
399076,5.782075,30,real,-1,9
399102,2.796234,26,real,-1,5
399137,4.987317,35,real,-1,14
399159,5.723872,22,real,-1,1
399193,3.698895,34,real,-1,13
399221,0.57701,28,real,-1,7
399254,5.373673,33,real,-1,12
399288,2.385627,34,real,-1,13
399313,2.226636,25,real,-1,4
399354,7.637519,41,real,-1,20
399381,-4.487886,27,real,-1,6
399412,3.76083,31,real,-1,10
399447,10.985273,35,real,-1,14
399471,5.12216,24,real,-1,3
399503,-3.975716,32,real,-1,11
399536,7.612434,33,real,-1,12
399560,-0.847978,24,real,-1,3
399602,1.994007,42,real,-1,21
399633,3.91001,31,real,-1,10
399665,-6.165009,32,real,-1,11
399696,1.026778,31,real,-1,10
399730,8.697336,34,real,-1,13
399754,-1.549116,24,real,-1,3
399784,6.3842,30,real,-1,9
399822,2.066382,38,real,-1,17
399844,0.538988,22,real,-1,1
399872,0.689671,28,real,-1,7
399905,3.493329,33,real,-1,12
399937,-5.409864,32,real,-1,11
399962,2.893708,25,real,-1,4
399994,0.385533,32,real,-1,11
400031,1.942535,37,real,-1,16
400073,2.621013,42,real,-1,21
400103,-1.879213,30,real,-1,9
400129,6.929597,26,real,-1,5
400158,-1.999594,29,real,-1,8
400188,-1.779751,30,real,-1,9
400214,3.100527,26,real,-1,5
400249,2.408433,35,real,-1,14
400272,0.355365,23,real,-1,2
400309,9.825996,37,real,-1,16
400331,4.101744,22,real,-1,1
400367,1.295442,36,real,-1,15
400390,2.822485,23,real,-1,2
400429,7.227477,39,real,-1,18
400465,-2.193288,36,real,-1,15
400498,7.567795,33,real,-1,12
400539,1.657052,41,real,-1,20
400575,16.710922,36,real,-1,15
400617,1.291802,42,real,-1,21
400651,-0.48355,34,real,-1,13
400688,6.971517,37,real,-1,16
400724,1.829099,36,real,-1,15
400758,-8.005679,34,real,-1,13
400783,3.688299,25,real,-1,4
400824,4.949565,41,real,-1,20
400852,-1.453347,28,real,-1,7
400882,-0.472562,30,real,-1,9
400911,3.88451,29,real,-1,8
400944,-0.235759,33,real,-1,12
400981,3.284449,37,real,-1,16
401013,-2.747062,32,real,-1,11
401040,3.090965,27,real,-1,6
401065,4.926338,25,real,-1,4
401087,1.808308,22,real,-1,1
401124,-0.486637,37,real,-1,16
401163,-2.347327,39,real,-1,18
401191,-8.788241,28,real,-1,7
401217,-0.253404,26,real,-1,5
401244,-0.209355,27,real,-1,6
401282,1.061263,38,real,-1,17
401309,0.100747,27,real,-1,6
401346,4.835576,37,real,-1,16
401379,6.800265,33,real,-1,12
401419,3.433201,40,real,-1,19
401461,-3.917618,42,real,-1,21
401492,5.862062,31,real,-1,10
401513,0.817221,21,real,-1,0
401551,-2.276786,38,real,-1,17
401572,0.641519,21,real,-1,0
401603,1.507227,31,real,-1,10
401642,3.92317,39,real,-1,18
401677,-0.406462,35,real,-1,14
401702,-1.541764,25,real,-1,4
401734,8.707633,32,real,-1,11
401761,3.817372,27,real,-1,6
401791,1.948318,30,real,-1,9
401818,9.377812,27,real,-1,6
401840,-4.233891,22,real,-1,1
401861,3.161976,21,real,-1,0
401895,2.897151,34,real,-1,13
401934,10.253288,39,real,-1,18
401976,-0.8716,42,real,-1,21
402014,-11.231938,38,real,-1,17
402044,0.800034,30,real,-1,9
402080,1.811909,36,real,-1,15
402107,0.379497,27,real,-1,6
402136,0.642392,29,real,-1,8
402178,9.731003,42,real,-1,21
402220,0.088171,42,real,-1,21
402250,0.132826,30,real,-1,9
402280,0.017087,30,real,-1,9
402318,-1.936046,38,real,-1,17
402340,0.296866,22,real,-1,1
402375,2.621693,35,real,-1,14
402406,3.390104,31,real,-1,10
402442,2.536719,36,real,-1,15
402479,1.187871,37,real,-1,16
402515,5.420386,36,real,-1,15
402543,0.85472,28,real,-1,7
402572,-0.411967,29,real,-1,8
402597,3.318962,25,real,-1,4
402629,-0.736934,32,real,-1,11
402661,10.792341,32,real,-1,11
402686,3.803086,25,real,-1,4
402709,1.935533,23,real,-1,2
402742,-2.786343,33,real,-1,12
402775,5.082771,33,real,-1,12
402815,1.801072,40,real,-1,19
402838,4.991786,23,real,-1,2
402861,4.512487,23,real,-1,2
402903,0.654877,42,real,-1,21
402944,-3.029569,41,real,-1,20
402982,-6.403301,38,real,-1,17
403016,-1.977936,34,real,-1,13
403050,-3.880136,34,real,-1,13
403083,9.529284,33,real,-1,12
403112,5.764201,29,real,-1,8
403153,-3.603792,41,real,-1,20
403186,7.710687,33,real,-1,12
403208,-0.52269,22,real,-1,1
403237,-0.505516,29,real,-1,8
403270,3.851662,33,real,-1,12
403307,5.858258,37,real,-1,16
403340,7.167872,33,real,-1,12
403370,-2.155087,30,real,-1,9
403396,-1.598859,26,real,-1,5
403437,-0.395632,41,real,-1,20
403473,5.301947,36,real,-1,15
403508,2.275554,35,real,-1,14
403549,10.610263,41,real,-1,20
403590,5.70622,41,real,-1,20
403632,-0.704281,42,real,-1,21
403673,0.194497,41,real,-1,20
403705,-1.00965,32,real,-1,11
403731,5.975133,26,real,-1,5
403764,-0.631152,33,real,-1,12
403788,9.023676,24,real,-1,3
403813,5.48347,25,real,-1,4
403849,1.506171,36,real,-1,15
403870,5.700222,21,real,-1,0
403899,3.469537,29,real,-1,8
403938,6.485142,39,real,-1,18
403971,4.259063,33,real,-1,12
404004,1.377156,33,real,-1,12
404026,3.503925,22,real,-1,1
404067,1.898041,41,real,-1,20
404090,3.516189,23,real,-1,2
404113,-6.388337,23,real,-1,2
404142,3.612149,29,real,-1,8
404184,2.428693,42,real,-1,21
404212,-2.966946,28,real,-1,7
404247,-0.756861,35,real,-1,14
404287,3.501255,40,real,-1,19
404325,-4.971635,38,real,-1,17
404356,3.677945,31,real,-1,10
404396,-3.952442,40,real,-1,19
404423,3.060399,27,real,-1,6
404454,0.195025,31,real,-1,10
404482,2.447494,28,real,-1,7
404514,1.268734,32,real,-1,11
404536,5.351585,22,real,-1,1
404557,3.334135,21,real,-1,0
404578,0.122392,21,real,-1,0
404610,9.607401,32,real,-1,11
404639,2.873533,29,real,-1,8
404661,-0.858816,22,real,-1,1
404685,3.862515,24,real,-1,3
404716,6.545307,31,real,-1,10
404737,2.245158,21,real,-1,0
404777,12.505222,40,real,-1,19
404819,5.629449,42,real,-1,21
404845,3.822558,26,real,-1,5
404870,3.832147,25,real,-1,4
404908,-2.899083,38,real,-1,17
404931,7.918696,23,real,-1,2
404956,1.408477,25,real,-1,4
404988,5.923905,32,real,-1,11
405019,8.252258,31,real,-1,10
405041,6.786541,22,real,-1,1
405067,-5.583022,26,real,-1,5
405091,4.75917,24,real,-1,3
405126,7.142385,35,real,-1,14
405166,-0.608828,40,real,-1,19
405187,5.605549,21,real,-1,0
405218,3.361525,31,real,-1,10
405260,0.294197,42,real,-1,21
405300,7.032468,40,real,-1,19
405338,0.612324,38,real,-1,17
405377,3.78018,39,real,-1,18
405401,7.415617,24,real,-1,3
405431,0.635594,30,real,-1,9
405461,-2.263959,30,real,-1,9
405497,0.867124,36,real,-1,15
405535,-0.24346,38,real,-1,17
405574,1.483234,39,real,-1,18
405614,9.680776,40,real,-1,19
405651,6.640778,37,real,-1,16
405679,-1.738947,28,real,-1,7
405706,3.821118,27,real,-1,6
405743,6.777213,37,real,-1,16
405777,3.248205,34,real,-1,13
405798,2.588543,21,real,-1,0
405826,-3.029862,28,real,-1,7
405851,2.932517,25,real,-1,4
405887,7.854207,36,real,-1,15
405920,-3.883784,33,real,-1,12
405941,2.132844,21,real,-1,0
405974,-3.516778,33,real,-1,12
406006,3.051149,32,real,-1,11
406042,-2.006799,36,real,-1,15
406074,5.976897,32,real,-1,11
406102,0.121118,28,real,-1,7
406132,0.867654,30,real,-1,9
406154,-0.780151,22,real,-1,1
406181,-0.381702,27,real,-1,6
406217,3.008091,36,real,-1,15
406242,2.950379,25,real,-1,4
406274,3.17759,32,real,-1,11
406308,-5.196113,34,real,-1,13
406330,5.471689,22,real,-1,1
406362,1.981966,32,real,-1,11
406389,4.729073,27,real,-1,6
406429,7.393075,40,real,-1,19
406466,-3.520266,37,real,-1,16
406505,-3.166875,39,real,-1,18
406529,-1.703652,24,real,-1,3
406571,5.947244,42,real,-1,21
406610,-3.433957,39,real,-1,18
406631,1.555712,21,real,-1,0
406672,-1.978798,41,real,-1,20
406700,-0.253169,28,real,-1,7
406731,3.257758,31,real,-1,10
406769,10.434415,38,real,-1,17
406809,3.395589,40,real,-1,19
406836,5.80864,27,real,-1,6
406857,5.68031,21,real,-1,0
406885,0.487827,28,real,-1,7
406927,6.220812,42,real,-1,21
406958,5.978513,31,real,-1,10
406993,8.031826,35,real,-1,14
407026,8.306962,33,real,-1,12
407065,2.068831,39,real,-1,18
407096,2.62373,31,real,-1,10
407126,4.145432,30,real,-1,9
407152,6.63333,26,real,-1,5
407185,2.00601,33,real,-1,12
407221,-2.427918,36,real,-1,15
407253,0.353656,32,real,-1,11
407288,5.19824,35,real,-1,14
407326,1.476856,38,real,-1,17
407357,4.48299,31,real,-1,10
407382,-4.372589,25,real,-1,4
407418,5.602529,36,real,-1,15
407440,-2.262245,22,real,-1,1
407477,-3.249284,37,real,-1,16
407506,8.817581,29,real,-1,8
407531,-1.000361,25,real,-1,4
407557,-0.629759,26,real,-1,5
407586,6.39284,29,real,-1,8
407607,4.674787,21,real,-1,0
407629,0.067219,22,real,-1,1
407653,-0.221098,24,real,-1,3
407678,7.924758,25,real,-1,4
407699,1.120281,21,real,-1,0
407740,9.160521,41,real,-1,20
407780,-3.49501,40,real,-1,19
407813,1.88175,33,real,-1,12
407842,-1.863653,29,real,-1,8
407866,7.969579,24,real,-1,3
407894,3.629716,28,real,-1,7
407916,-1.646382,22,real,-1,1
407945,3.377973,29,real,-1,8
407967,1.780372,22,real,-1,1
407995,0.356554,28,real,-1,7
408032,5.981043,37,real,-1,16
408065,3.914044,33,real,-1,12
408106,-0.379282,41,real,-1,20
408129,8.136825,23,real,-1,2
408161,4.86695,32,real,-1,11
408184,11.745743,23,real,-1,2
408220,5.319051,36,real,-1,15
408247,7.477814,27,real,-1,6
408273,0.062867,26,real,-1,5
408303,4.519279,30,real,-1,9
408342,0.822841,39,real,-1,18
408379,3.376238,37,real,-1,16
408416,1.589986,37,real,-1,16
408457,2.892025,41,real,-1,20
408478,1.291045,21,real,-1,0
408508,5.206347,30,real,-1,9
408530,-2.575052,22,real,-1,1
408557,-0.777467,27,real,-1,6
408593,13.918555,36,real,-1,15
408625,-0.285188,32,real,-1,11
408663,5.735173,38,real,-1,17
408695,4.070911,32,real,-1,11
408728,-0.115814,33,real,-1,12
408770,-7.344648,42,real,-1,21
408803,5.656508,33,real,-1,12
408836,-4.53136,33,real,-1,12
408863,9.535547,27,real,-1,6
408904,8.877144,41,real,-1,20
408945,-2.18577,41,real,-1,20
408980,8.261052,35,real,-1,14
409020,2.999419,40,real,-1,19
409054,4.097906,34,real,-1,13
409075,4.760099,21,real,-1,0
409106,-1.300945,31,real,-1,10
409143,-0.372368,37,real,-1,16
409169,-2.691169,26,real,-1,5
409193,-3.603695,24,real,-1,3
409234,10.984529,41,real,-1,20
409273,5.851308,39,real,-1,18
409310,9.390239,37,real,-1,16
409333,-7.354056,23,real,-1,2
409358,-9.232601,25,real,-1,4
409383,2.884651,25,real,-1,4
409413,3.96513,30,real,-1,9
409437,-1.479573,24,real,-1,3
409464,-2.732667,27,real,-1,6
409494,6.715064,30,real,-1,9
409532,-0.922551,38,real,-1,17
409569,5.036655,37,real,-1,16
409597,0.090741,28,real,-1,7
409631,7.974955,34,real,-1,13
409668,2.223711,37,real,-1,16
409700,-1.629393,32,real,-1,11
409735,-4.218143,35,real,-1,14
409760,3.245457,25,real,-1,4
409784,-9.816271,24,real,-1,3
409819,3.657941,35,real,-1,14
409859,-2.805969,40,real,-1,19
409885,2.58586,26,real,-1,5
409910,-1.063354,25,real,-1,4
409943,-3.759591,33,real,-1,12
409978,0.18248,35,real,-1,14
410018,-0.48285,40,real,-1,19
410046,5.04924,28,real,-1,7
410088,-4.567912,42,real,-1,21
410116,1.881595,28,real,-1,7
410153,-7.277694,37,real,-1,16
410179,5.106633,26,real,-1,5
410209,7.363582,30,real,-1,9
410231,5.775796,22,real,-1,1
410267,-0.602959,36,real,-1,15
410293,-1.761056,26,real,-1,5
410314,-2.709438,21,real,-1,0
410343,1.64536,29,real,-1,8
410368,1.66387,25,real,-1,4
410396,-1.79438,28,real,-1,7
410417,10.402014,21,real,-1,0
410458,3.556996,41,real,-1,20
410484,0.644269,26,real,-1,5
410508,-1.121563,24,real,-1,3
410546,6.026551,38,real,-1,17
410570,3.555745,24,real,-1,3
410596,-3.726257,26,real,-1,5
410622,4.133114,26,real,-1,5
410655,-0.269563,33,real,-1,12
410684,0.708292,29,real,-1,8
410710,-1.621006,26,real,-1,5
410745,-2.72508,35,real,-1,14
410768,1.335752,23,real,-1,2
410807,5.186731,39,real,-1,18
410844,5.845762,37,real,-1,16
410865,-0.698639,21,real,-1,0
410894,6.158385,29,real,-1,8
410933,4.491977,39,real,-1,18
410960,0.037672,27,real,-1,6
410987,0.991601,27,real,-1,6
411027,6.051055,40,real,-1,19
411056,1.423429,29,real,-1,8
411084,2.276586,28,real,-1,7
411119,13.213643,35,real,-1,14
411144,-0.246837,25,real,-1,4
411182,4.792536,38,real,-1,17
411209,-0.132026,27,real,-1,6
411248,-5.53324,39,real,-1,18
411272,-1.09207,24,real,-1,3
411300,1.256042,28,real,-1,7
411323,0.112947,23,real,-1,2
411363,-0.272748,40,real,-1,19
411391,8.165261,28,real,-1,7
411413,5.23203,22,real,-1,1
411440,1.186779,27,real,-1,6
411472,4.512359,32,real,-1,11
411508,7.048694,36,real,-1,15
411537,7.408884,29,real,-1,8
411562,0.993458,25,real,-1,4
411597,4.462246,35,real,-1,14
411621,8.644735,24,real,-1,3
411650,-2.350065,29,real,-1,8
411679,8.5346,29,real,-1,8
411707,3.038288,28,real,-1,7
411745,1.433359,38,real,-1,17
411784,5.972952,39,real,-1,18
411811,1.20717,27,real,-1,6
411838,0.44118,27,real,-1,6
411870,3.819042,32,real,-1,11
411899,3.57567,29,real,-1,8
411925,8.197485,26,real,-1,5
411956,5.514237,31,real,-1,10
411997,-0.814182,41,real,-1,20
412030,6.104966,33,real,-1,12
412062,-12.330067,32,real,-1,11
412093,5.213638,31,real,-1,10
412117,1.105853,24,real,-1,3
412159,8.512123,42,real,-1,21
412196,0.989401,37,real,-1,16
412237,-2.668477,41,real,-1,20
412262,4.89507,25,real,-1,4
412288,5.660389,26,real,-1,5
412324,-5.965593,36,real,-1,15
412365,-5.561298,41,real,-1,20
412402,2.254259,37,real,-1,16
412433,3.780223,31,real,-1,10
412460,1.634758,27,real,-1,6
412494,-0.44077,34,real,-1,13
412530,5.296732,36,real,-1,15
412562,4.129722,32,real,-1,11
412594,3.154368,32,real,-1,11
412633,-4.911067,39,real,-1,18
412661,3.844065,28,real,-1,7
412696,-0.694922,35,real,-1,14
412730,-5.754039,34,real,-1,13
412756,8.153459,26,real,-1,5
412789,1.261406,33,real,-1,12
412827,2.596487,38,real,-1,17
412864,-1.21912,37,real,-1,16
412903,3.473749,39,real,-1,18
412928,2.467036,25,real,-1,4
412956,3.442415,28,real,-1,7
412992,9.131286,36,real,-1,15
413034,4.943074,42,real,-1,21
413073,-0.552594,39,real,-1,18
413098,-3.943452,25,real,-1,4
413128,7.480184,30,real,-1,9
413169,5.753881,41,real,-1,20
413200,-4.441245,31,real,-1,10
413235,1.585008,35,real,-1,14
413268,1.696041,33,real,-1,12
413300,15.471779,32,real,-1,11
413327,-2.961613,27,real,-1,6
413368,2.46364,41,real,-1,20
413394,2.229019,26,real,-1,5
413419,1.525346,25,real,-1,4
413445,4.743426,26,real,-1,5
413486,5.509547,41,real,-1,20
413522,1.334705,36,real,-1,15
413544,3.415095,22,real,-1,1
413573,6.160928,29,real,-1,8
413606,4.268404,33,real,-1,12
413645,1.769111,39,real,-1,18
413673,0.959435,28,real,-1,7
413700,-2.297785,27,real,-1,6
413724,-1.222731,24,real,-1,3
413746,-0.599555,22,real,-1,1
413772,3.150257,26,real,-1,5
413800,2.245458,28,real,-1,7
413838,-0.178156,38,real,-1,17
413876,0.881399,38,real,-1,17
413906,-0.806845,30,real,-1,9
413947,-2.245167,41,real,-1,20
413977,6.209886,30,real,-1,9
414019,2.248395,42,real,-1,21
414041,0.447859,22,real,-1,1
414073,0.83891,32,real,-1,11
414101,-5.873922,28,real,-1,7
414138,4.026167,37,real,-1,16
414168,-4.271578,30,real,-1,9
414190,1.918001,22,real,-1,1
414228,7.973402,38,real,-1,17
414249,3.221396,21,real,-1,0
414289,3.249943,40,real,-1,19
414325,1.917041,36,real,-1,15
414350,3.873308,25,real,-1,4
414390,-1.909455,40,real,-1,19
414427,-0.418195,37,real,-1,16
414448,9.064282,21,real,-1,0
414475,-0.852689,27,real,-1,6
414503,3.730406,28,real,-1,7
414532,2.607115,29,real,-1,8
414565,7.100399,33,real,-1,12
414591,0.145531,26,real,-1,5
414626,-0.419081,35,real,-1,14
414665,0.455557,39,real,-1,18
414702,4.060071,37,real,-1,16
414741,11.988535,39,real,-1,18
414768,1.884402,27,real,-1,6
414809,3.147812,41,real,-1,20
414832,1.522031,23,real,-1,2
414873,2.218052,41,real,-1,20
414908,6.893977,35,real,-1,14
414931,2.358107,23,real,-1,2
414953,-2.671773,22,real,-1,1
414986,4.425206,33,real,-1,12
415019,4.232265,33,real,-1,12
415052,-1.874047,33,real,-1,12
415079,-5.431547,27,real,-1,6
415110,1.624631,31,real,-1,10
415146,4.656597,36,real,-1,15
415176,-2.058653,30,real,-1,9
415215,5.536619,39,real,-1,18
415248,-4.316983,33,real,-1,12
415281,1.096662,33,real,-1,12
415310,6.725058,29,real,-1,8
415344,7.107904,34,real,-1,13
415381,9.386488,37,real,-1,16
415409,-2.303913,28,real,-1,7
415438,10.10817,29,real,-1,8
415463,1.201752,25,real,-1,4
415485,-6.118787,22,real,-1,1
415518,6.558907,33,real,-1,12
415550,3.523552,32,real,-1,11
415571,0.028525,21,real,-1,0
415595,-3.988936,24,real,-1,3
415630,1.337287,35,real,-1,14
415670,-1.14215,40,real,-1,19
415701,-3.063856,31,real,-1,10
415722,-0.395215,21,real,-1,0
415749,9.586722,27,real,-1,6
415789,-3.912025,40,real,-1,19
415822,11.56309,33,real,-1,12
415858,4.263364,36,real,-1,15
415891,-0.913894,33,real,-1,12
415912,8.231074,21,real,-1,0
415941,5.203856,29,real,-1,8
415965,3.258685,24,real,-1,3
415997,4.100276,32,real,-1,11
416033,7.576112,36,real,-1,15
416072,5.743912,39,real,-1,18
416113,-8.91237,41,real,-1,20
416140,-1.970055,27,real,-1,6
416166,-1.117062,26,real,-1,5
416206,2.41267,40,real,-1,19
416238,-2.724411,32,real,-1,11
416271,5.692213,33,real,-1,12
416293,5.640013,22,real,-1,1
416333,-4.811793,40,real,-1,19
416363,3.012802,30,real,-1,9
416389,1.877605,26,real,-1,5
416412,3.969258,23,real,-1,2
416436,5.151812,24,real,-1,3
416464,8.82648,28,real,-1,7
416494,-0.702431,30,real,-1,9
416521,2.563177,27,real,-1,6
416543,-0.479053,22,real,-1,1
416574,5.474913,31,real,-1,10
416596,-0.735178,22,real,-1,1
416618,-0.614582,22,real,-1,1
416653,10.893042,35,real,-1,14
416686,4.393295,33,real,-1,12
416717,2.084747,31,real,-1,10
416745,1.926952,28,real,-1,7
416769,-2.488238,24,real,-1,3
416808,-0.285226,39,real,-1,18
416832,-4.013094,24,real,-1,3
416863,1.794742,31,real,-1,10
416895,4.150892,32,real,-1,11
416926,1.422331,31,real,-1,10
416951,-0.833704,25,real,-1,4
416993,-1.059113,42,real,-1,21
417025,5.747533,32,real,-1,11
417061,3.609031,36,real,-1,15
417088,7.592848,27,real,-1,6
417110,0.047178,22,real,-1,1
417143,4.750736,33,real,-1,12
417170,-6.039957,27,real,-1,6
417204,4.066452,34,real,-1,13
417238,4.352734,34,real,-1,13
417277,8.136323,39,real,-1,18
417311,-0.486573,34,real,-1,13
417338,3.901448,27,real,-1,6
417376,2.870235,38,real,-1,17
417416,5.321108,40,real,-1,19
417457,-5.157531,41,real,-1,20
417491,-0.076704,34,real,-1,13
417528,3.008066,37,real,-1,16
417566,3.911933,38,real,-1,17
417598,-4.801267,32,real,-1,11
417631,3.683312,33,real,-1,12
417653,3.173891,22,real,-1,1
417680,5.187809,27,real,-1,6
417713,-3.90521,33,real,-1,12
417738,2.324194,25,real,-1,4
417764,3.975952,26,real,-1,5
417804,-0.505497,40,real,-1,19
417842,3.732788,38,real,-1,17
417863,3.701961,21,real,-1,0
417900,3.849312,37,real,-1,16
417937,5.180231,37,real,-1,16
417962,-1.154914,25,real,-1,4
417998,-1.238436,36,real,-1,15
418028,4.82523,30,real,-1,9
418050,-0.095073,22,real,-1,1
418078,0.165836,28,real,-1,7
418116,3.992815,38,real,-1,17
418150,3.45713,34,real,-1,13
418185,8.101808,35,real,-1,14
418207,1.18206,22,real,-1,1
418242,2.963523,35,real,-1,14
418283,6.787086,41,real,-1,20
418305,-5.501676,22,real,-1,1
418339,4.598838,34,real,-1,13
418380,-3.353475,41,real,-1,20
418402,-7.856855,22,real,-1,1
418434,-0.178836,32,real,-1,11
418456,7.526151,22,real,-1,1
418495,1.758223,39,real,-1,18
418531,-7.075468,36,real,-1,15
418563,-0.97311,32,real,-1,11
418603,5.561723,40,real,-1,19
418633,4.018944,30,real,-1,9
418675,7.436112,42,real,-1,21
418700,4.612462,25,real,-1,4
418723,5.03841,23,real,-1,2
418763,4.337315,40,real,-1,19
418796,7.30591,33,real,-1,12
418827,-0.075249,31,real,-1,10
418867,7.025635,40,real,-1,19
418888,-0.410906,21,real,-1,0
418925,6.530477,37,real,-1,16
418950,-1.057615,25,real,-1,4
418976,0.694444,26,real,-1,5
418997,1.53524,21,real,-1,0
419033,10.722513,36,real,-1,15
419059,3.895219,26,real,-1,5
419093,-1.44846,34,real,-1,13
419133,4.56338,40,real,-1,19
419159,0.545046,26,real,-1,5
419193,7.760333,34,real,-1,13
419223,8.535786,30,real,-1,9
419250,-1.756175,27,real,-1,6
419274,3.639362,24,real,-1,3
419300,6.64059,26,real,-1,5
419327,-3.30644,27,real,-1,6
419360,7.003781,33,real,-1,12
419385,-10.201587,25,real,-1,4
419417,11.710731,32,real,-1,11
419450,4.128933,33,real,-1,12
419483,1.018207,33,real,-1,12
419520,0.849461,37,real,-1,16
419544,0.418046,24,real,-1,3
419568,0.858011,24,real,-1,3
419595,2.802531,27,real,-1,6
419624,0.088826,29,real,-1,8
419664,1.235181,40,real,-1,19
419686,-3.428567,22,real,-1,1
419717,-6.198909,31,real,-1,10
419758,-1.880203,41,real,-1,20
419794,3.262417,36,real,-1,15
419829,5.387915,35,real,-1,14
419866,4.293622,37,real,-1,16
419889,2.536959,23,real,-1,2
419929,9.229917,40,real,-1,19
419950,-4.804533,21,real,-1,0
419989,1.363377,39,real,-1,18
420030,3.826962,41,real,-1,20
420065,10.240459,35,real,-1,14
420096,2.352002,31,real,-1,10
420137,3.731726,41,real,-1,20
420174,-2.299498,37,real,-1,16
420213,2.444122,39,real,-1,18
420239,-4.77673,26,real,-1,5
420265,4.177525,26,real,-1,5
420293,1.592286,28,real,-1,7
420317,8.180143,24,real,-1,3
420346,2.165525,29,real,-1,8
420372,0.947011,26,real,-1,5
420396,1.36016,24,real,-1,3
420423,7.920114,27,real,-1,6
420446,5.165583,23,real,-1,2
420473,0.218632,27,real,-1,6
420506,4.717795,33,real,-1,12
420538,2.002534,32,real,-1,11
420570,0.899354,32,real,-1,11
420607,6.58799,37,real,-1,16
420644,-3.619391,37,real,-1,16
420685,-0.546699,41,real,-1,20
420723,3.603587,38,real,-1,17
420747,3.312851,24,real,-1,3
420772,-1.880004,25,real,-1,4
420794,3.698682,22,real,-1,1
420836,5.501471,42,real,-1,21
420858,0.908078,22,real,-1,1
420889,0.626376,31,real,-1,10
420918,9.769716,29,real,-1,8
420944,4.607836,26,real,-1,5
420975,-1.185975,31,real,-1,10
421004,1.199563,29,real,-1,8
421040,3.8958,36,real,-1,15
421077,-2.104095,37,real,-1,16
421098,6.21924,21,real,-1,0
421128,1.375994,30,real,-1,9
421152,1.059833,24,real,-1,3
421179,0.30629,27,real,-1,6
421204,7.426132,25,real,-1,4
421233,-0.846802,29,real,-1,8
421274,-1.747672,41,real,-1,20
421302,1.046681,28,real,-1,7
421332,4.856125,30,real,-1,9
421358,-0.035315,26,real,-1,5
421380,2.522656,22,real,-1,1
421403,2.730954,23,real,-1,2
421445,7.806747,42,real,-1,21
421475,3.603228,30,real,-1,9
421504,3.527879,29,real,-1,8
421526,1.319095,22,real,-1,1
421547,0.519624,21,real,-1,0
421588,5.549009,41,real,-1,20
421611,3.63372,23,real,-1,2
421639,1.456539,28,real,-1,7
421666,-2.97334,27,real,-1,6
421703,1.996534,37,real,-1,16
421738,-2.247682,35,real,-1,14
421778,-7.079487,40,real,-1,19
421811,5.039006,33,real,-1,12
421835,1.0224,24,real,-1,3
421868,5.377416,33,real,-1,12
421896,1.80666,28,real,-1,7
421932,0.883131,36,real,-1,15
421954,3.756931,22,real,-1,1
421992,-5.50058,38,real,-1,17
422025,-5.747241,33,real,-1,12
422055,7.066823,30,real,-1,9
422089,5.846506,34,real,-1,13
422115,-0.185643,26,real,-1,5
422157,4.704453,42,real,-1,21
422188,1.184553,31,real,-1,10
422218,2.417069,30,real,-1,9
422253,7.938433,35,real,-1,14
422284,-0.210131,31,real,-1,10
422318,1.048556,34,real,-1,13
422355,0.452273,37,real,-1,16
422379,6.2174,24,real,-1,3
422417,-4.487246,38,real,-1,17
422452,1.794093,35,real,-1,14
422481,1.120385,29,real,-1,8
422507,-3.075019,26,real,-1,5
422545,-0.575306,38,real,-1,17
422569,9.247358,24,real,-1,3
422609,1.824442,40,real,-1,19
422650,2.528128,41,real,-1,20
422687,-0.143473,37,real,-1,16
422719,6.761338,32,real,-1,11
422750,7.56072,31,real,-1,10
422776,-1.120243,26,real,-1,5
422811,-1.951032,35,real,-1,14
422847,13.406614,36,real,-1,15
422868,4.300566,21,real,-1,0
422890,3.957589,22,real,-1,1
422926,-0.26787,36,real,-1,15
422950,2.949801,24,real,-1,3
422977,5.5918,27,real,-1,6
423006,-8.233425,29,real,-1,8
423042,-0.412067,36,real,-1,15
423076,11.557606,34,real,-1,13
423116,3.06041,40,real,-1,19
423155,1.278637,39,real,-1,18
423180,-2.747528,25,real,-1,4
423208,2.891915,28,real,-1,7
423247,-2.033095,39,real,-1,18
423288,3.294327,41,real,-1,20
423325,2.471215,37,real,-1,16
423357,7.464566,32,real,-1,11
423386,-1.613949,29,real,-1,8
423417,-4.523138,31,real,-1,10
423456,5.756944,39,real,-1,18
423490,7.581304,34,real,-1,13
423530,2.886169,40,real,-1,19
423560,4.885166,30,real,-1,9
423592,8.868838,32,real,-1,11
423617,0.294012,25,real,-1,4
423650,-2.148955,33,real,-1,12
423674,-0.379632,24,real,-1,3
423698,-1.82882,24,real,-1,3
423735,6.496254,37,real,-1,16
423762,2.471,27,real,-1,6
423786,0.599362,24,real,-1,3
423810,-2.553847,24,real,-1,3
423835,-1.769311,25,real,-1,4
423869,2.337123,34,real,-1,13
423894,-4.660629,25,real,-1,4
423919,3.717771,25,real,-1,4
423942,0.817306,23,real,-1,2
423983,3.033032,41,real,-1,20
424025,8.159488,42,real,-1,21
424047,3.240391,22,real,-1,1
424073,7.858906,26,real,-1,5
424114,5.864145,41,real,-1,20
424142,-0.173507,28,real,-1,7
424175,5.564063,33,real,-1,12
424211,9.762033,36,real,-1,15
424253,8.635469,42,real,-1,21
424283,1.163484,30,real,-1,9
424314,3.836207,31,real,-1,10
424354,-0.170848,40,real,-1,19
424386,5.529052,32,real,-1,11
424428,9.083242,42,real,-1,21
424462,1.608059,34,real,-1,13
424490,4.952086,28,real,-1,7
424517,4.730069,27,real,-1,6
424540,0.783861,23,real,-1,2
424577,1.056064,37,real,-1,16
424599,-2.479645,22,real,-1,1
424638,-2.228377,39,real,-1,18
424676,6.236727,38,real,-1,17
424699,1.888732,23,real,-1,2
424726,0.576367,27,real,-1,6
424747,6.949969,21,real,-1,0
424776,3.131277,29,real,-1,8
424813,-0.898676,37,real,-1,16
424848,4.160065,35,real,-1,14
424877,2.555981,29,real,-1,8
424907,6.531184,30,real,-1,9
424940,0.605748,33,real,-1,12
424981,0.000446,41,real,-1,20
425020,-2.250546,39,real,-1,18
425050,-4.968964,30,real,-1,9
425084,2.88243,34,real,-1,13
425119,4.265974,35,real,-1,14
425152,7.237294,33,real,-1,12
425176,0.512249,24,real,-1,3
425215,5.348351,39,real,-1,18
425243,3.135282,28,real,-1,7
425269,-1.06044,26,real,-1,5
425308,5.434963,39,real,-1,18
425338,-2.675916,30,real,-1,9
425364,0.106116,26,real,-1,5
425393,0.440756,29,real,-1,8
425432,-3.260909,39,real,-1,18
425455,6.90535,23,real,-1,2
425489,1.617335,34,real,-1,13
425512,0.376614,23,real,-1,2
425540,-2.507126,28,real,-1,7
425575,-0.871134,35,real,-1,14
425616,6.522584,41,real,-1,20
425651,-0.551089,35,real,-1,14
425676,0.303832,25,real,-1,4
425710,6.65902,34,real,-1,13
425738,4.388131,28,real,-1,7
425768,1.70479,30,real,-1,9
425809,5.850444,41,real,-1,20
425836,-5.355072,27,real,-1,6
425876,1.545273,40,real,-1,19
425906,2.132763,30,real,-1,9
425944,4.693826,38,real,-1,17
425974,-5.031435,30,real,-1,9
425997,1.439685,23,real,-1,2
426032,-3.243724,35,real,-1,14
426059,1.713156,27,real,-1,6
426093,4.036044,34,real,-1,13
426131,2.351831,38,real,-1,17
426161,1.172642,30,real,-1,9
426190,-0.381813,29,real,-1,8
426227,5.093704,37,real,-1,16
426254,3.150277,27,real,-1,6
426293,-2.163835,39,real,-1,18
426320,1.084168,27,real,-1,6
426355,6.98073,35,real,-1,14
426379,4.003668,24,real,-1,3
426415,-5.789214,36,real,-1,15
426449,9.881073,34,real,-1,13
426471,-11.814838,22,real,-1,1
426506,-7.238194,35,real,-1,14
426547,-9.672229,41,real,-1,20
426580,-3.009224,33,real,-1,12
426622,-5.462069,42,real,-1,21
426645,-3.044468,23,real,-1,2
426680,-4.507472,35,real,-1,14
426713,2.380542,33,real,-1,12
426744,-1.430798,31,real,-1,10
426769,2.201561,25,real,-1,4
426804,9.894376,35,real,-1,14
426835,-1.548061,31,real,-1,10
426861,4.934516,26,real,-1,5
426890,1.929321,29,real,-1,8
426925,3.400362,35,real,-1,14
426959,-2.959545,34,real,-1,13
427000,9.043262,41,real,-1,20
427034,6.600607,34,real,-1,13
427068,-7.516935,34,real,-1,13
427104,-0.167299,36,real,-1,15
427143,-1.648216,39,real,-1,18
427165,-0.101425,22,real,-1,1
427206,7.983349,41,real,-1,20
427229,-4.751507,23,real,-1,2
427255,2.868662,26,real,-1,5
427282,1.50287,27,real,-1,6
427320,-3.802033,38,real,-1,17
427354,-0.966578,34,real,-1,13
427380,-4.628571,26,real,-1,5
427405,7.635923,25,real,-1,4
427430,-0.101124,25,real,-1,4
427457,10.543849,27,real,-1,6
427489,1.964472,32,real,-1,11
427515,-0.764957,26,real,-1,5
427545,-0.529434,30,real,-1,9
427580,1.078496,35,real,-1,14
427609,6.027769,29,real,-1,8
427643,4.353095,34,real,-1,13
427671,1.18754,28,real,-1,7
427697,0.613349,26,real,-1,5
427723,-3.827884,26,real,-1,5
427765,-4.316567,42,real,-1,21
427792,-0.448448,27,real,-1,6
427834,15.318488,42,real,-1,21
427871,7.470363,37,real,-1,16
427906,0.061315,35,real,-1,14
427939,5.501305,33,real,-1,12
427962,2.709728,23,real,-1,2
427998,12.936847,36,real,-1,15
428024,-2.857,26,real,-1,5
428060,-4.208408,36,real,-1,15
428087,1.327061,27,real,-1,6
428129,-1.200215,42,real,-1,21
428156,-4.00004,27,real,-1,6
428182,2.07252,26,real,-1,5
428222,2.184008,40,real,-1,19
428257,6.170299,35,real,-1,14
428278,5.993624,21,real,-1,0
428305,-1.517159,27,real,-1,6
428346,5.518989,41,real,-1,20
428377,5.405174,31,real,-1,10
428406,-3.531341,29,real,-1,8
428445,5.379198,39,real,-1,18
428477,-0.606137,32,real,-1,11
428499,1.21603,22,real,-1,1
428524,1.131139,25,real,-1,4
428559,-1.551061,35,real,-1,14
428584,8.501311,25,real,-1,4
428607,2.950403,23,real,-1,2
428634,-2.590519,27,real,-1,6
428675,5.517301,41,real,-1,20
428700,1.291108,25,real,-1,4
428741,5.934946,41,real,-1,20
428777,-2.989884,36,real,-1,15
428816,12.800766,39,real,-1,18
428849,8.041763,33,real,-1,12
428889,4.969142,40,real,-1,19
428915,-2.973006,26,real,-1,5
428944,7.952673,29,real,-1,8
428969,1.201561,25,real,-1,4
429011,3.655125,42,real,-1,21
429042,2.462105,31,real,-1,10
429084,4.061132,42,real,-1,21
429116,3.753727,32,real,-1,11
429142,0.335037,26,real,-1,5
429173,0.20812,31,real,-1,10
429205,-1.687934,32,real,-1,11
429244,3.700184,39,real,-1,18
429269,-2.010513,25,real,-1,4
429296,1.642567,27,real,-1,6
429335,4.121383,39,real,-1,18
429374,-1.760799,39,real,-1,18
429399,0.152412,25,real,-1,4
429433,0.524198,34,real,-1,13
429471,6.160363,38,real,-1,17
429493,4.316321,22,real,-1,1
429530,3.558232,37,real,-1,16
429560,4.905664,30,real,-1,9
429590,-1.237537,30,real,-1,9
429621,-3.45542,31,real,-1,10
429662,0.858282,41,real,-1,20
429686,2.703866,24,real,-1,3
429725,1.485738,39,real,-1,18
429747,4.731447,22,real,-1,1
429780,-6.520598,33,real,-1,12
429803,-2.643359,23,real,-1,2
429844,-1.981221,41,real,-1,20
429879,7.00025,35,real,-1,14
429910,4.204952,31,real,-1,10
429931,1.613781,21,real,-1,0
429969,3.90555,38,real,-1,17
430010,-6.143907,41,real,-1,20
430040,-0.158004,30,real,-1,9
430068,-0.445532,28,real,-1,7
430090,-0.847915,22,real,-1,1
430131,-4.991176,41,real,-1,20
430157,4.938213,26,real,-1,5
430178,3.553357,21,real,-1,0
430219,2.710956,41,real,-1,20
430249,0.855441,30,real,-1,9
430270,-0.568906,21,real,-1,0
430311,5.039091,41,real,-1,20
430345,0.349691,34,real,-1,13
430372,4.828884,27,real,-1,6
430408,0.574856,36,real,-1,15
430439,5.02535,31,real,-1,10
430477,11.21356,38,real,-1,17
430515,-2.940045,38,real,-1,17
430556,2.481164,41,real,-1,20
430592,-1.967852,36,real,-1,15
430625,-6.716207,33,real,-1,12
430647,8.998031,22,real,-1,1
430669,3.002849,22,real,-1,1
430699,3.894532,30,real,-1,9
430737,8.303162,38,real,-1,17
430758,1.48892,21,real,-1,0
430790,7.613134,32,real,-1,11
430816,-5.957596,26,real,-1,5
430857,-4.880031,41,real,-1,20
430899,1.676457,42,real,-1,21
430930,-0.994244,31,real,-1,10
430954,-4.175316,24,real,-1,3
430980,-0.915255,26,real,-1,5
431008,8.053119,28,real,-1,7
431043,0.843386,35,real,-1,14
431072,7.402558,29,real,-1,8
431111,3.747191,39,real,-1,18
431140,4.490327,29,real,-1,8
431171,6.226593,31,real,-1,10
431193,-3.595493,22,real,-1,1
431219,1.402707,26,real,-1,5
431254,1.758129,35,real,-1,14
431288,2.02219,34,real,-1,13
431318,3.620347,30,real,-1,9
431348,3.053408,30,real,-1,9
431370,2.343006,22,real,-1,1
431406,0.172333,36,real,-1,15
431429,-1.735016,23,real,-1,2
431454,-6.522355,25,real,-1,4
431489,5.090873,35,real,-1,14
431516,0.913061,27,real,-1,6
431550,5.861417,34,real,-1,13
431580,7.369888,30,real,-1,9
431621,7.07261,41,real,-1,20
431661,-1.795782,40,real,-1,19
431700,5.61003,39,real,-1,18
431739,-2.907228,39,real,-1,18
431776,1.544146,37,real,-1,16
431797,-4.168175,21,real,-1,0
431831,-0.998719,34,real,-1,13
431868,2.087607,37,real,-1,16
431904,-0.072618,36,real,-1,15
431927,2.17937,23,real,-1,2
431962,-0.81014,35,real,-1,14
431991,5.655515,29,real,-1,8
432012,0.413605,21,real,-1,0
432051,4.045488,39,real,-1,18
432074,-1.947513,23,real,-1,2
432100,-0.712287,26,real,-1,5
432137,-1.656198,37,real,-1,16
432160,-0.265039,23,real,-1,2
432193,8.970493,33,real,-1,12
432224,2.4852,31,real,-1,10
432257,6.608501,33,real,-1,12
432290,2.527065,33,real,-1,12
432320,1.227059,30,real,-1,9
432350,-0.866346,30,real,-1,9
432392,1.991407,42,real,-1,21
432414,-4.820522,22,real,-1,1
432437,1.043452,23,real,-1,2
432468,2.121853,31,real,-1,10
432496,6.770471,28,real,-1,7
432522,1.292347,26,real,-1,5
432554,1.310211,32,real,-1,11
432584,8.488607,30,real,-1,9
432626,13.840572,42,real,-1,21
432647,6.614782,21,real,-1,0
432676,5.237432,29,real,-1,8
432709,7.183082,33,real,-1,12
432732,0.565486,23,real,-1,2
432761,2.423929,29,real,-1,8
432803,7.945719,42,real,-1,21
432844,3.624514,41,real,-1,20
432885,1.558801,41,real,-1,20
432906,4.838565,21,real,-1,0
432932,-0.607987,26,real,-1,5
432955,2.565204,23,real,-1,2
432976,3.243993,21,real,-1,0
433015,4.112187,39,real,-1,18
433039,2.165908,24,real,-1,3
433062,3.356604,23,real,-1,2
433104,-2.565254,42,real,-1,21
433143,4.739992,39,real,-1,18
433166,-5.511165,23,real,-1,2
433192,8.27667,26,real,-1,5
433228,-0.796357,36,real,-1,15
433250,-5.793464,22,real,-1,1
433274,1.493206,24,real,-1,3
433296,-1.576896,22,real,-1,1
433325,0.39646,29,real,-1,8
433355,7.418658,30,real,-1,9
433382,2.021643,27,real,-1,6
433424,1.459193,42,real,-1,21
433458,-9.528671,34,real,-1,13
433494,-2.961097,36,real,-1,15
433532,2.140413,38,real,-1,17
433566,-0.154421,34,real,-1,13
433607,0.222768,41,real,-1,20
433638,4.045689,31,real,-1,10
433671,3.506839,33,real,-1,12
433695,-1.656481,24,real,-1,3
433725,1.852816,30,real,-1,9
433754,-1.366759,29,real,-1,8
433790,5.815137,36,real,-1,15
433831,1.578497,41,real,-1,20
433866,1.283851,35,real,-1,14
433907,2.82673,41,real,-1,20
433947,-4.23322,40,real,-1,19
433968,5.82518,21,real,-1,0
434000,-2.328393,32,real,-1,11
434037,6.295961,37,real,-1,16
434058,-3.22229,21,real,-1,0
434097,-12.107395,39,real,-1,18
434123,2.888518,26,real,-1,5
434151,2.180665,28,real,-1,7
434179,8.16942,28,real,-1,7
434210,0.354213,31,real,-1,10
434233,6.496323,23,real,-1,2
434273,-1.014046,40,real,-1,19
434298,1.453835,25,real,-1,4
434335,2.402218,37,real,-1,16
434376,2.053757,41,real,-1,20
434398,3.504802,22,real,-1,1
434435,-4.258868,37,real,-1,16
434463,-1.383321,28,real,-1,7
434500,3.736345,37,real,-1,16
434527,0.783484,27,real,-1,6
434565,-6.260501,38,real,-1,17
434590,-0.171267,25,real,-1,4
434611,1.371927,21,real,-1,0
434638,1.564987,27,real,-1,6
434671,3.828178,33,real,-1,12
434697,1.766845,26,real,-1,5
434719,-1.609756,22,real,-1,1
434745,5.117922,26,real,-1,5
434780,3.133187,35,real,-1,14
434815,8.373631,35,real,-1,14
434844,9.82617,29,real,-1,8
434875,5.677557,31,real,-1,10
434917,-2.018377,42,real,-1,21
434953,7.19885,36,real,-1,15
434976,0.730665,23,real,-1,2
434997,-0.110359,21,real,-1,0
435026,2.278541,29,real,-1,8
435065,3.340062,39,real,-1,18
435087,3.111379,22,real,-1,1
435114,-2.886675,27,real,-1,6
435155,1.79792,41,real,-1,20
435182,4.618731,27,real,-1,6
435212,1.734867,30,real,-1,9
435238,5.633343,26,real,-1,5
435264,1.806298,26,real,-1,5
435294,4.992674,30,real,-1,9
435316,1.075937,22,real,-1,1
435341,3.005126,25,real,-1,4
435371,6.37831,30,real,-1,9
435401,1.000679,30,real,-1,9
435426,0.426036,25,real,-1,4
435459,3.724782,33,real,-1,12
435481,0.911876,22,real,-1,1
435520,2.549835,39,real,-1,18
435557,2.919511,37,real,-1,16
435597,-1.217838,40,real,-1,19
435620,2.757523,23,real,-1,2
435653,0.664473,33,real,-1,12
435688,4.237646,35,real,-1,14
435725,6.763423,37,real,-1,16
435754,2.890963,29,real,-1,8
435781,-0.648659,27,real,-1,6
435823,4.767126,42,real,-1,21
435846,0.693886,23,real,-1,2
435882,-0.070604,36,real,-1,15
435905,-1.9984,23,real,-1,2
435927,-0.034481,22,real,-1,1
435965,2.077601,38,real,-1,17
435997,-5.815348,32,real,-1,11
436026,4.070991,29,real,-1,8
436047,3.249629,21,real,-1,0
436072,4.483287,25,real,-1,4
436109,13.712011,37,real,-1,16
436134,2.786613,25,real,-1,4
436163,-10.256871,29,real,-1,8
436191,3.248051,28,real,-1,7
436215,-4.493478,24,real,-1,3
436239,-0.146458,24,real,-1,3
436261,0.208457,22,real,-1,1
436290,-1.850313,29,real,-1,8
436318,-0.765265,28,real,-1,7
436345,1.788903,27,real,-1,6
436381,9.422806,36,real,-1,15
436421,0.444708,40,real,-1,19
436457,7.280993,36,real,-1,15
436479,-4.705009,22,real,-1,1
436503,4.968077,24,real,-1,3
436542,2.990618,39,real,-1,18
436568,6.404664,26,real,-1,5
436608,14.455795,40,real,-1,19
436629,1.827708,21,real,-1,0
436668,16.518996,39,real,-1,18
436708,-0.053616,40,real,-1,19
436740,-0.2535,32,real,-1,11
436780,4.532312,40,real,-1,19
436803,-3.218636,23,real,-1,2
436834,7.224346,31,real,-1,10
436875,-1.394121,41,real,-1,20
436914,11.720172,39,real,-1,18
436956,2.35932,42,real,-1,21
436977,2.060695,21,real,-1,0
437012,7.411221,35,real,-1,14
437042,1.48837,30,real,-1,9
437082,7.972246,40,real,-1,19
437104,6.144546,22,real,-1,1
437140,-2.556968,36,real,-1,15
437170,-4.338111,30,real,-1,9
437193,-4.561887,23,real,-1,2
437220,-4.611703,27,real,-1,6
437261,6.222438,41,real,-1,20
437298,2.952913,37,real,-1,16
437328,-0.085228,30,real,-1,9
437369,-0.280996,41,real,-1,20
437390,4.570423,21,real,-1,0
437429,7.294964,39,real,-1,18
437466,10.446623,37,real,-1,16
437508,6.817247,42,real,-1,21
437541,1.767007,33,real,-1,12
437567,-0.317765,26,real,-1,5
437603,-1.540913,36,real,-1,15
437634,5.179716,31,real,-1,10
437659,7.751546,25,real,-1,4
437690,-5.146724,31,real,-1,10
437726,7.019296,36,real,-1,15
437755,1.602511,29,real,-1,8
437795,-0.111433,40,real,-1,19
437823,2.305674,28,real,-1,7
437849,3.729814,26,real,-1,5
437888,13.650042,39,real,-1,18
437920,7.317582,32,real,-1,11
437952,11.664411,32,real,-1,11
437991,5.440305,39,real,-1,18
438015,2.133942,24,real,-1,3
438049,8.438597,34,real,-1,13
438087,5.311438,38,real,-1,17
438110,7.936384,23,real,-1,2
438149,0.727752,39,real,-1,18
438172,-1.714585,23,real,-1,2
438206,-0.999752,34,real,-1,13
438237,12.771114,31,real,-1,10
438259,1.311246,22,real,-1,1
438293,-3.212862,34,real,-1,13
438331,7.445888,38,real,-1,17
438370,0.131834,39,real,-1,18
438410,0.51313,40,real,-1,19
438446,1.54167,36,real,-1,15
438476,1.714333,30,real,-1,9
438518,10.249511,42,real,-1,21
438555,5.320598,37,real,-1,16
438588,10.72335,33,real,-1,12
438625,3.17519,37,real,-1,16
438650,2.452322,25,real,-1,4
438679,7.882975,29,real,-1,8
438717,2.32709,38,real,-1,17
438743,8.39556,26,real,-1,5
438766,0.479486,23,real,-1,2
438789,4.81106,23,real,-1,2
438829,7.180231,40,real,-1,19
438865,5.472427,36,real,-1,15
438903,-4.341962,38,real,-1,17
438934,7.129939,31,real,-1,10
438958,7.247177,24,real,-1,3
438988,2.859163,30,real,-1,9
439029,3.193948,41,real,-1,20
439062,5.305879,33,real,-1,12
439083,-2.412718,21,real,-1,0
439125,16.683705,42,real,-1,21
439146,3.005384,21,real,-1,0
439176,5.134367,30,real,-1,9
439205,-0.99916,29,real,-1,8
439239,-7.302843,34,real,-1,13
439276,4.479458,37,real,-1,16
439304,3.392146,28,real,-1,7
439328,2.631001,24,real,-1,3
439363,3.54306,35,real,-1,14
439392,-3.801026,29,real,-1,8
439426,1.866937,34,real,-1,13
439468,0.380176,42,real,-1,21
439497,-0.941061,29,real,-1,8
439530,0.559773,33,real,-1,12
439572,9.968912,42,real,-1,21
439605,5.328945,33,real,-1,12
439639,6.707707,34,real,-1,13
439669,-1.422514,30,real,-1,9
439700,-0.577557,31,real,-1,10
439737,-3.395387,37,real,-1,16
439771,5.19012,34,real,-1,13
439812,1.025814,41,real,-1,20
439836,2.80208,24,real,-1,3
439871,7.449945,35,real,-1,14
439901,0.849442,30,real,-1,9
439932,-0.553045,31,real,-1,10
439971,6.059421,39,real,-1,18
440011,-0.37608,40,real,-1,19
440042,-0.51405,31,real,-1,10
440067,1.226957,25,real,-1,4
440095,-1.068614,28,real,-1,7
440117,4.419549,22,real,-1,1
440139,-0.580823,22,real,-1,1
440162,0.145995,23,real,-1,2
440193,9.092643,31,real,-1,10
440231,1.75816,38,real,-1,17
440261,-10.496547,30,real,-1,9
440289,-0.933406,28,real,-1,7
440310,-0.607031,21,real,-1,0
440337,-8.84853,27,real,-1,6
440363,-3.703704,26,real,-1,5
440397,1.733496,34,real,-1,13
440423,-0.815101,26,real,-1,5
440450,-0.350674,27,real,-1,6
440491,0.059603,41,real,-1,20
440516,2.857505,25,real,-1,4
440540,2.347105,24,real,-1,3
440572,4.652326,32,real,-1,11
440605,-3.854131,33,real,-1,12
440644,2.119133,39,real,-1,18
440686,1.982321,42,real,-1,21
440723,0.92176,37,real,-1,16
440760,6.070176,37,real,-1,16
440795,-2.442263,35,real,-1,14
440837,1.658678,42,real,-1,21
440876,-2.57614,39,real,-1,18
440911,3.732215,35,real,-1,14
440938,-3.728242,27,real,-1,6
440963,-3.661737,25,real,-1,4
440985,-1.58228,22,real,-1,1
441008,-2.04131,23,real,-1,2
441033,1.507956,25,real,-1,4
441057,7.651902,24,real,-1,3
441087,-1.032486,30,real,-1,9
441108,2.043393,21,real,-1,0
441150,-4.019039,42,real,-1,21
441185,6.271015,35,real,-1,14
441218,8.052161,33,real,-1,12
441248,4.825297,30,real,-1,9
441273,1.265608,25,real,-1,4
441307,-2.954454,34,real,-1,13
441342,7.502561,35,real,-1,14
441375,3.431008,33,real,-1,12
441401,5.791966,26,real,-1,5
441434,-2.215391,33,real,-1,12
441455,8.094572,21,real,-1,0
441478,-4.38563,23,real,-1,2
441511,-4.317832,33,real,-1,12
441553,2.295911,42,real,-1,21
441594,1.630029,41,real,-1,20
441625,11.519244,31,real,-1,10
441663,6.790104,38,real,-1,17
441689,2.971272,26,real,-1,5
441728,1.601514,39,real,-1,18
441759,5.765417,31,real,-1,10
441801,8.237423,42,real,-1,21
441833,0.850881,32,real,-1,11
441870,3.027086,37,real,-1,16
441901,1.336895,31,real,-1,10
441936,3.059304,35,real,-1,14
441970,3.231991,34,real,-1,13
441998,3.680708,28,real,-1,7
442024,3.08326,26,real,-1,5
442045,-1.271169,21,real,-1,0
442085,4.95514,40,real,-1,19
442112,-0.825677,27,real,-1,6
442148,4.383116,36,real,-1,15
442180,10.847614,32,real,-1,11
442201,2.685113,21,real,-1,0
442228,-1.257184,27,real,-1,6
442270,7.218656,42,real,-1,21
442292,0.752798,22,real,-1,1
442325,2.777132,33,real,-1,12
442357,5.221807,32,real,-1,11
442380,0.365879,23,real,-1,2
442404,3.581345,24,real,-1,3
442440,-2.739518,36,real,-1,15
442475,-0.461473,35,real,-1,14
442496,4.200924,21,real,-1,0
442532,-0.638585,36,real,-1,15
442561,7.758327,29,real,-1,8
442584,1.637682,23,real,-1,2
442605,2.395765,21,real,-1,0
442626,-1.731933,21,real,-1,0
442647,2.761982,21,real,-1,0
442670,5.855284,23,real,-1,2
442711,4.164459,41,real,-1,20
442747,-5.930784,36,real,-1,15
442778,5.507069,31,real,-1,10
442805,4.575545,27,real,-1,6
442843,13.108217,38,real,-1,17
442864,-1.731018,21,real,-1,0
442891,2.782851,27,real,-1,6
442920,4.679787,29,real,-1,8
442944,3.950784,24,real,-1,3
442976,6.616524,32,real,-1,11
443005,1.145699,29,real,-1,8
443042,0.613692,37,real,-1,16
443084,3.399307,42,real,-1,21
443123,-1.173238,39,real,-1,18
443149,2.84028,26,real,-1,5
443185,-1.04939,36,real,-1,15
443218,3.023689,33,real,-1,12
443249,3.044271,31,real,-1,10
443286,-2.263015,37,real,-1,16
443323,1.004772,37,real,-1,16
443362,12.536636,39,real,-1,18
443401,7.560217,39,real,-1,18
443423,-1.010067,22,real,-1,1
443451,-2.106187,28,real,-1,7
443485,0.98808,34,real,-1,13
443506,4.788498,21,real,-1,0
443548,4.185478,42,real,-1,21
443590,0.289706,42,real,-1,21
443620,11.898781,30,real,-1,9
443641,-0.716818,21,real,-1,0
443669,3.631774,28,real,-1,7
443707,2.856621,38,real,-1,17
443737,1.339296,30,real,-1,9
443771,9.396709,34,real,-1,13
443805,7.672264,34,real,-1,13
443833,-0.731108,28,real,-1,7
443857,5.347184,24,real,-1,3
443880,3.616491,23,real,-1,2
443908,4.787476,28,real,-1,7
443934,6.861225,26,real,-1,5
443975,-3.618032,41,real,-1,20
444007,3.349929,32,real,-1,11
444035,0.286236,28,real,-1,7
444057,-0.972164,22,real,-1,1
444086,0.266186,29,real,-1,8
444127,0.530916,41,real,-1,20
444169,-2.173819,42,real,-1,21
444210,-0.106025,41,real,-1,20
444243,3.948157,33,real,-1,12
444272,6.681794,29,real,-1,8
444307,1.174673,35,real,-1,14
444336,3.965869,29,real,-1,8
444366,10.07673,30,real,-1,9
444403,4.306366,37,real,-1,16
444431,3.990344,28,real,-1,7
444469,0.674495,38,real,-1,17
444506,3.071021,37,real,-1,16
444547,3.096754,41,real,-1,20
444582,4.237701,35,real,-1,14
444611,4.531616,29,real,-1,8
444652,10.305161,41,real,-1,20
444676,-2.314791,24,real,-1,3
444699,3.029918,23,real,-1,2
444723,2.612896,24,real,-1,3
444744,0.543464,21,real,-1,0
444780,7.466223,36,real,-1,15
444812,1.016393,32,real,-1,11
444836,3.572949,24,real,-1,3
444863,3.943882,27,real,-1,6
444897,3.793369,34,real,-1,13
444922,-2.284846,25,real,-1,4
444956,2.317507,34,real,-1,13
444979,4.046241,23,real,-1,2
445011,0.67337,32,real,-1,11
445032,3.619682,21,real,-1,0
445062,7.741092,30,real,-1,9
445094,7.541179,32,real,-1,11
445115,-2.446301,21,real,-1,0
445149,2.516184,34,real,-1,13
445188,7.513842,39,real,-1,18
445223,5.766996,35,real,-1,14
445256,2.694417,33,real,-1,12
445283,0.63523,27,real,-1,6
445312,3.06252,29,real,-1,8
445348,0.227118,36,real,-1,15
445378,-2.152653,30,real,-1,9
445413,-0.262724,35,real,-1,14
445450,-2.274431,37,real,-1,16
445490,-1.627114,40,real,-1,19
445511,-6.793012,21,real,-1,0
445545,3.491446,34,real,-1,13
445582,4.229949,37,real,-1,16
445618,3.606879,36,real,-1,15
445649,-4.80047,31,real,-1,10
445682,4.411113,33,real,-1,12
445708,1.97713,26,real,-1,5
445746,1.855591,38,real,-1,17
445782,-2.780566,36,real,-1,15
445806,2.90761,24,real,-1,3
445837,8.36638,31,real,-1,10
445866,3.027533,29,real,-1,8
445890,0.121517,24,real,-1,3
445920,3.886716,30,real,-1,9
445953,-3.161162,33,real,-1,12
445985,-3.232537,32,real,-1,11
446009,-0.681363,24,real,-1,3
446050,6.184439,41,real,-1,20
446088,-3.24655,38,real,-1,17
446112,-7.993525,24,real,-1,3
446137,-0.185477,25,real,-1,4
446177,10.275817,40,real,-1,19
446214,5.281015,37,real,-1,16
446246,9.592166,32,real,-1,11
446287,5.165596,41,real,-1,20
446325,2.552811,38,real,-1,17
446350,0.918832,25,real,-1,4
446389,7.273296,39,real,-1,18
446420,-2.36813,31,real,-1,10
446443,5.202458,23,real,-1,2
446469,3.507987,26,real,-1,5
446495,3.955067,26,real,-1,5
446531,4.340941,36,real,-1,15
446566,3.517039,35,real,-1,14
446599,-6.70507,33,real,-1,12
446633,6.039011,34,real,-1,13
446655,2.897325,22,real,-1,1
446689,3.031479,34,real,-1,13
446713,1.683026,24,real,-1,3
446740,1.540688,27,real,-1,6
446770,4.656708,30,real,-1,9
446801,-0.761502,31,real,-1,10
446836,4.172297,35,real,-1,14
446877,-1.383158,41,real,-1,20
446906,-2.300733,29,real,-1,8
446933,3.950495,27,real,-1,6
446965,7.843916,32,real,-1,11
447006,0.831663,41,real,-1,20
447030,2.426174,24,real,-1,3
447057,3.510732,27,real,-1,6
447086,-6.521492,29,real,-1,8
447107,-6.471316,21,real,-1,0
447148,9.939845,41,real,-1,20
447170,-0.865268,22,real,-1,1
447208,9.63755,38,real,-1,17
447250,2.489118,42,real,-1,21
447275,10.750246,25,real,-1,4
447314,0.313754,39,real,-1,18
447336,1.395382,22,real,-1,1
447370,5.7323,34,real,-1,13
447397,-2.41355,27,real,-1,6
447436,4.400986,39,real,-1,18
447460,-1.283447,24,real,-1,3
447501,4.748467,41,real,-1,20
447542,5.443496,41,real,-1,20
447563,-6.414323,21,real,-1,0
447598,3.76819,35,real,-1,14
447638,9.626377,40,real,-1,19
447675,0.179214,37,real,-1,16
447708,0.361992,33,real,-1,12
447742,-2.178716,34,real,-1,13
447778,-1.336856,36,real,-1,15
447801,1.553462,23,real,-1,2
447836,5.679877,35,real,-1,14
447861,4.240583,25,real,-1,4
447895,5.288027,34,real,-1,13
447919,3.590259,24,real,-1,3
447956,1.975159,37,real,-1,16
447997,-5.730086,41,real,-1,20
448018,1.530313,21,real,-1,0
448053,6.095677,35,real,-1,14
448091,5.858665,38,real,-1,17
448124,9.014472,33,real,-1,12
448146,3.920241,22,real,-1,1
448173,-4.2838,27,real,-1,6
448200,8.292263,27,real,-1,6
448236,7.642042,36,real,-1,15
448270,-1.090023,34,real,-1,13
448305,6.9228,35,real,-1,14
448344,2.770241,39,real,-1,18
448377,-1.399442,33,real,-1,12
448409,3.113655,32,real,-1,11
448450,5.198421,41,real,-1,20
448486,4.883397,36,real,-1,15
448522,6.151318,36,real,-1,15
448547,6.868677,25,real,-1,4
448586,11.647623,39,real,-1,18
448619,7.303423,33,real,-1,12
448652,3.507442,33,real,-1,12
448690,10.977096,38,real,-1,17
448728,1.379268,38,real,-1,17
448770,-5.301283,42,real,-1,21
448804,1.283999,34,real,-1,13
448845,1.595385,41,real,-1,20
448869,1.17386,24,real,-1,3
448895,8.586507,26,real,-1,5
448917,4.826146,22,real,-1,1
448949,1.951494,32,real,-1,11
448972,7.435221,23,real,-1,2
449005,4.383108,33,real,-1,12
449040,0.666062,35,real,-1,14
449067,-4.106702,27,real,-1,6
449096,4.097333,29,real,-1,8
449136,3.819604,40,real,-1,19
449164,6.719216,28,real,-1,7
449199,4.571451,35,real,-1,14
449239,-5.757203,40,real,-1,19
449280,-0.145219,41,real,-1,20
449303,4.696252,23,real,-1,2
449333,6.159644,30,real,-1,9
449365,1.783161,32,real,-1,11
449392,7.112007,27,real,-1,6
449421,-0.896668,29,real,-1,8
449460,-0.567822,39,real,-1,18
449493,1.817244,33,real,-1,12
449535,7.488093,42,real,-1,21
449572,2.12323,37,real,-1,16
449595,3.339445,23,real,-1,2
449616,0.026437,21,real,-1,0
449651,-0.930561,35,real,-1,14
449676,-1.587891,25,real,-1,4
449697,-0.709657,21,real,-1,0
449728,3.394027,31,real,-1,10
449766,5.82863,38,real,-1,17
449790,-3.523474,24,real,-1,3
449825,3.422626,35,real,-1,14
449861,8.15585,36,real,-1,15
449889,3.88718,28,real,-1,7
449930,-3.205048,41,real,-1,20
449958,0.783423,28,real,-1,7
449990,5.049538,32,real,-1,11
450014,4.039622,24,real,-1,3
450035,1.111317,21,real,-1,0
450065,3.961313,30,real,-1,9
450102,-2.942278,37,real,-1,16
450141,3.364952,39,real,-1,18
450174,6.322709,33,real,-1,12
450211,-4.190548,37,real,-1,16
450246,-1.550708,35,real,-1,14
450272,-1.668708,26,real,-1,5
450307,4.312235,35,real,-1,14
450343,8.458223,36,real,-1,15
450380,6.339541,37,real,-1,16
450417,4.800773,37,real,-1,16
450439,5.921995,22,real,-1,1
450465,1.346772,26,real,-1,5
450501,4.825039,36,real,-1,15
450526,-1.196512,25,real,-1,4
450562,1.449383,36,real,-1,15
450592,-5.971801,30,real,-1,9
450634,4.173123,42,real,-1,21
450657,-7.842748,23,real,-1,2
450697,2.61121,40,real,-1,19
450718,0.974319,21,real,-1,0
450754,4.408428,36,real,-1,15
450782,3.322188,28,real,-1,7
450818,7.019147,36,real,-1,15
450859,4.116285,41,real,-1,20
450893,6.35142,34,real,-1,13
450923,-0.251833,30,real,-1,9
450963,6.711824,40,real,-1,19
450992,-1.594346,29,real,-1,8
451018,4.945165,26,real,-1,5
451044,4.120234,26,real,-1,5
451083,8.488704,39,real,-1,18
451125,4.632802,42,real,-1,21
451159,-2.907724,34,real,-1,13
451182,5.616712,23,real,-1,2
451223,3.391413,41,real,-1,20
451246,-5.26692,23,real,-1,2
451273,1.793893,27,real,-1,6
451308,-0.370258,35,real,-1,14
451350,5.124812,42,real,-1,21
451390,10.922824,40,real,-1,19
451430,8.68443,40,real,-1,19
451455,0.289013,25,real,-1,4
451484,-1.268177,29,real,-1,8
451522,4.402261,38,real,-1,17
451556,-4.393177,34,real,-1,13
451594,1.103958,38,real,-1,17
451636,1.796632,42,real,-1,21
451663,-0.114456,27,real,-1,6
451695,1.556121,32,real,-1,11
451724,2.296675,29,real,-1,8
451754,8.305744,30,real,-1,9
451791,-1.442329,37,real,-1,16
451823,-0.681868,32,real,-1,11
451861,2.362967,38,real,-1,17
451882,4.490067,21,real,-1,0
451904,-0.464191,22,real,-1,1
451946,-7.505614,42,real,-1,21
451976,3.577833,30,real,-1,9
451999,-3.476032,23,real,-1,2
452025,2.071843,26,real,-1,5
452067,5.410898,42,real,-1,21
452088,1.351794,21,real,-1,0
452126,1.012058,38,real,-1,17
452157,-4.120953,31,real,-1,10
452182,1.877702,25,real,-1,4
452223,3.185495,41,real,-1,20
452251,4.395032,28,real,-1,7
452277,10.600415,26,real,-1,5
452301,2.395074,24,real,-1,3
452343,4.149036,42,real,-1,21
452379,13.699935,36,real,-1,15
452409,5.578493,30,real,-1,9
452438,3.116635,29,real,-1,8
452474,-1.902622,36,real,-1,15
452511,-1.482715,37,real,-1,16
452535,2.655612,24,real,-1,3
452564,6.577001,29,real,-1,8
452588,3.990383,24,real,-1,3
452629,4.079277,41,real,-1,20
452667,8.611098,38,real,-1,17
452693,5.517344,26,real,-1,5
452729,-1.335228,36,real,-1,15
452759,1.823562,30,real,-1,9
452795,4.477317,36,real,-1,15
452818,4.559383,23,real,-1,2
452857,7.476905,39,real,-1,18
452896,-2.857593,39,real,-1,18
452923,3.140875,27,real,-1,6
452956,3.940278,33,real,-1,12
452978,-0.888514,22,real,-1,1
453000,1.274943,22,real,-1,1
453032,2.291736,32,real,-1,11
453053,1.713757,21,real,-1,0
453090,-1.039922,37,real,-1,16
453123,0.410128,33,real,-1,12
453161,9.045463,38,real,-1,17
453186,3.737451,25,real,-1,4
453216,1.433538,30,real,-1,9
453238,-3.386596,22,real,-1,1
453273,-1.258541,35,real,-1,14
453294,2.902758,21,real,-1,0
453326,-5.027429,32,real,-1,11
453351,1.109685,25,real,-1,4
453382,3.528259,31,real,-1,10
453412,-3.528445,30,real,-1,9
453447,7.234808,35,real,-1,14
453487,5.532573,40,real,-1,19
453518,-2.475785,31,real,-1,10
453539,2.740361,21,real,-1,0
453561,7.191904,22,real,-1,1
453583,1.140314,22,real,-1,1
453616,1.683692,33,real,-1,12
453647,-0.286985,31,real,-1,10
453684,7.148514,37,real,-1,16
453708,0.324124,24,real,-1,3
453747,3.872842,39,real,-1,18
453770,0.100693,23,real,-1,2
453798,-3.579375,28,real,-1,7
453827,3.172663,29,real,-1,8
453858,4.754111,31,real,-1,10
453890,1.785496,32,real,-1,11
453931,6.42626,41,real,-1,20
453965,2.099392,34,real,-1,13
453988,8.745337,23,real,-1,2
454029,-0.793208,41,real,-1,20
454061,3.161877,32,real,-1,11
454101,4.916205,40,real,-1,19
454138,-0.668495,37,real,-1,16
454177,1.441198,39,real,-1,18
454212,2.287259,35,real,-1,14
454245,3.403981,33,real,-1,12
454271,3.539602,26,real,-1,5
454310,0.274631,39,real,-1,18
454331,4.309911,21,real,-1,0
454372,13.213526,41,real,-1,20
454394,0.594963,22,real,-1,1
454434,2.829204,40,real,-1,19
454475,-3.002593,41,real,-1,20
454498,5.704932,23,real,-1,2
454526,3.827727,28,real,-1,7
454549,2.765985,23,real,-1,2
454575,3.37108,26,real,-1,5
454600,7.096223,25,real,-1,4
454626,1.451566,26,real,-1,5
454647,2.604302,21,real,-1,0
454673,7.346422,26,real,-1,5
454703,5.135865,30,real,-1,9
454735,-4.986227,32,real,-1,11
454765,4.852379,30,real,-1,9
454792,-0.738964,27,real,-1,6
454813,7.185222,21,real,-1,0
454836,-10.935456,23,real,-1,2
454861,1.781147,25,real,-1,4
454896,4.92315,35,real,-1,14
454929,3.843351,33,real,-1,12
454954,7.529062,25,real,-1,4
454977,3.053377,23,real,-1,2
455013,3.904839,36,real,-1,15
455055,6.146655,42,real,-1,21
455088,-0.3877,33,real,-1,12
455118,2.451448,30,real,-1,9
455159,1.850159,41,real,-1,20
455187,3.296631,28,real,-1,7
455209,10.446673,22,real,-1,1
455251,1.965377,42,real,-1,21
455289,11.837404,38,real,-1,17
455319,1.138929,30,real,-1,9
455361,7.870192,42,real,-1,21
455398,2.582406,37,real,-1,16
455433,-1.450131,35,real,-1,14
455454,-2.129638,21,real,-1,0
455481,4.562577,27,real,-1,6
455517,5.109924,36,real,-1,15
455559,-5.041582,42,real,-1,21
455593,-5.796409,34,real,-1,13
455615,0.88456,22,real,-1,1
455645,-1.791473,30,real,-1,9
455683,6.276807,38,real,-1,17
455714,4.761761,31,real,-1,10
455737,4.506086,23,real,-1,2
455772,2.208582,35,real,-1,14
455801,-0.150167,29,real,-1,8
455832,3.156943,31,real,-1,10
455861,6.515836,29,real,-1,8
455901,-4.10751,40,real,-1,19
455926,1.931682,25,real,-1,4
455961,8.637069,35,real,-1,14
455988,8.377253,27,real,-1,6
456013,6.836218,25,real,-1,4
456047,-5.012874,34,real,-1,13
456073,1.01746,26,real,-1,5
456101,4.921669,28,real,-1,7
456143,3.855987,42,real,-1,21
456172,4.134543,29,real,-1,8
456201,0.302626,29,real,-1,8
456238,3.995546,37,real,-1,16
456272,-5.587918,34,real,-1,13
456306,5.562999,34,real,-1,13
456344,0.763971,38,real,-1,17
456381,3.994092,37,real,-1,16
456417,-2.077423,36,real,-1,15
456451,5.444813,34,real,-1,13
456488,0.835453,37,real,-1,16
456518,5.853437,30,real,-1,9
456544,3.605823,26,real,-1,5
456576,-1.141615,32,real,-1,11
456618,12.166602,42,real,-1,21
456646,1.251072,28,real,-1,7
456668,1.84273,22,real,-1,1
456709,-2.616133,41,real,-1,20
456730,4.137109,21,real,-1,0
456766,3.570554,36,real,-1,15
456800,6.337146,34,real,-1,13
456821,-1.269835,21,real,-1,0
456852,-8.569228,31,real,-1,10
456882,-0.881264,30,real,-1,9
456916,1.940708,34,real,-1,13
456952,6.942031,36,real,-1,15
456979,-3.302599,27,real,-1,6
457001,-1.731602,22,real,-1,1
457029,-1.779343,28,real,-1,7
457053,-3.540501,24,real,-1,3
457090,-6.368741,37,real,-1,16
457114,3.827993,24,real,-1,3
457152,1.369587,38,real,-1,17
457192,-3.096436,40,real,-1,19
457222,5.987267,30,real,-1,9
457250,5.145501,28,real,-1,7
457285,2.561436,35,real,-1,14
457318,-2.300997,33,real,-1,12
457343,3.420077,25,real,-1,4
457381,-2.750891,38,real,-1,17
457402,11.47886,21,real,-1,0
457444,6.29114,42,real,-1,21
457469,5.130436,25,real,-1,4
457498,7.085517,29,real,-1,8
457520,5.09447,22,real,-1,1
457562,-1.060759,42,real,-1,21
457594,-0.465704,32,real,-1,11
457622,5.836284,28,real,-1,7
457644,4.44586,22,real,-1,1
457672,1.270055,28,real,-1,7
457694,4.552934,22,real,-1,1
457729,-3.269778,35,real,-1,14
457763,3.639091,34,real,-1,13
457803,-4.782449,40,real,-1,19
457830,6.609015,27,real,-1,6
457864,7.71558,34,real,-1,13
457902,-5.87341,38,real,-1,17
457927,-1.971285,25,real,-1,4
457950,2.546178,23,real,-1,2
457972,0.650334,22,real,-1,1
458004,-0.288087,32,real,-1,11
458035,1.743787,31,real,-1,10
458066,-6.787003,31,real,-1,10
458104,3.735432,38,real,-1,17
458130,4.402373,26,real,-1,5
458154,-3.24751,24,real,-1,3
458193,5.200705,39,real,-1,18
458215,4.520696,22,real,-1,1
458242,-0.881382,27,real,-1,6
458267,1.723089,25,real,-1,4
458301,2.645846,34,real,-1,13
458340,-2.901941,39,real,-1,18
458381,2.987507,41,real,-1,20
458403,1.064189,22,real,-1,1
458433,-1.461382,30,real,-1,9
458454,-1.273212,21,real,-1,0
458494,6.888413,40,real,-1,19
458515,1.65609,21,real,-1,0
458536,3.334368,21,real,-1,0
458568,5.679875,32,real,-1,11
458596,-0.021514,28,real,-1,7
458626,8.051123,30,real,-1,9
458664,10.400885,38,real,-1,17
458696,1.733069,32,real,-1,11
458723,5.182664,27,real,-1,6
458764,5.57969,41,real,-1,20
458799,7.528024,35,real,-1,14
458839,5.358724,40,real,-1,19
458863,0.951607,24,real,-1,3
458889,-4.720165,26,real,-1,5
458929,2.245979,40,real,-1,19
458953,2.769944,24,real,-1,3
458990,-3.396689,37,real,-1,16
459019,-9.986837,29,real,-1,8
459048,4.758918,29,real,-1,8
459078,-2.236807,30,real,-1,9
459112,-1.942916,34,real,-1,13
459134,-2.128524,22,real,-1,1
459162,0.624172,28,real,-1,7
459189,3.827612,27,real,-1,6
459224,8.661613,35,real,-1,14
459264,-0.054178,40,real,-1,19
459304,4.91159,40,real,-1,19
459325,-0.920356,21,real,-1,0
459365,9.283477,40,real,-1,19
459397,5.877371,32,real,-1,11
459429,1.005338,32,real,-1,11
459464,12.17394,35,real,-1,14
459494,4.191165,30,real,-1,9
459523,-0.726729,29,real,-1,8
459551,0.253649,28,real,-1,7
459572,3.641178,21,real,-1,0
459596,-0.683372,24,real,-1,3
459619,2.0558,23,real,-1,2
459654,-5.866559,35,real,-1,14
459680,2.187477,26,real,-1,5
459709,-1.124692,29,real,-1,8
459730,-0.612937,21,real,-1,0
459762,4.032774,32,real,-1,11
459795,7.544201,33,real,-1,12
459818,3.658562,23,real,-1,2
459842,-0.416042,24,real,-1,3
459872,0.290225,30,real,-1,9
459908,5.755216,36,real,-1,15
459939,-2.826178,31,real,-1,10
459967,6.482423,28,real,-1,7
460003,1.850755,36,real,-1,15
460025,0.443381,22,real,-1,1
460052,3.156598,27,real,-1,6
460075,0.654327,23,real,-1,2
460100,3.717743,25,real,-1,4
460137,-1.169889,37,real,-1,16
460178,9.432079,41,real,-1,20
460211,-0.505163,33,real,-1,12
460237,-0.453368,26,real,-1,5
460277,7.87152,40,real,-1,19
460300,0.976326,23,real,-1,2
460331,2.704731,31,real,-1,10
460371,3.68248,40,real,-1,19
460402,4.241953,31,real,-1,10
460428,2.229237,26,real,-1,5
460449,-1.385298,21,real,-1,0
460470,-2.59803,21,real,-1,0
460495,1.248331,25,real,-1,4
460523,0.570197,28,real,-1,7
460557,2.834933,34,real,-1,13
460593,-3.658225,36,real,-1,15
460628,5.741346,35,real,-1,14
460652,-1.974495,24,real,-1,3
460678,2.077019,26,real,-1,5
460717,0.778734,39,real,-1,18
460744,0.054014,27,real,-1,6
460784,8.851572,40,real,-1,19
460817,-1.370464,33,real,-1,12
460854,-0.595532,37,real,-1,16
460894,4.098218,40,real,-1,19
460917,3.681521,23,real,-1,2
460948,4.321409,31,real,-1,10
460978,-0.01383,30,real,-1,9
461009,8.224234,31,real,-1,10
461031,5.099143,22,real,-1,1
461058,6.364163,27,real,-1,6
461090,0.454206,32,real,-1,11
461129,3.030474,39,real,-1,18
461166,12.106597,37,real,-1,16
461190,0.608824,24,real,-1,3
461217,1.99085,27,real,-1,6
461255,-1.259357,38,real,-1,17
461286,1.68912,31,real,-1,10
461311,1.195047,25,real,-1,4
461341,6.01486,30,real,-1,9
461362,2.164652,21,real,-1,0
461403,4.077087,41,real,-1,20
461426,-2.45847,23,real,-1,2
461448,-0.839861,22,real,-1,1
461476,2.708125,28,real,-1,7
461509,6.152969,33,real,-1,12
461542,-0.093923,33,real,-1,12
461570,-1.393473,28,real,-1,7
461596,-3.159471,26,real,-1,5
461637,-4.9619,41,real,-1,20
461668,4.664602,31,real,-1,10
461700,-2.840044,32,real,-1,11
461721,7.672854,21,real,-1,0
461755,13.334524,34,real,-1,13
461787,1.809138,32,real,-1,11
461824,-5.274472,37,real,-1,16
461850,-3.515692,26,real,-1,5
461889,-3.614757,39,real,-1,18
461910,0.560986,21,real,-1,0
461947,5.00585,37,real,-1,16
461988,-2.407213,41,real,-1,20
462021,3.822856,33,real,-1,12
462042,5.267073,21,real,-1,0
462070,2.180802,28,real,-1,7
462111,7.673124,41,real,-1,20
462135,-2.647463,24,real,-1,3
462170,-0.183809,35,real,-1,14
462200,-1.359342,30,real,-1,9
462227,3.911406,27,real,-1,6
462265,2.986356,38,real,-1,17
462296,8.191609,31,real,-1,10
462321,5.233023,25,real,-1,4
462352,4.931846,31,real,-1,10
462376,-3.863818,24,real,-1,3
462407,4.711644,31,real,-1,10
462428,1.223271,21,real,-1,0
462464,-1.203695,36,real,-1,15
462493,6.24596,29,real,-1,8
462526,10.967294,33,real,-1,12
462557,3.982868,31,real,-1,10
462586,1.955828,29,real,-1,8
462615,5.31783,29,real,-1,8
462652,5.585991,37,real,-1,16
462682,1.489465,30,real,-1,9
462703,0.629921,21,real,-1,0
462738,4.623823,35,real,-1,14
462773,2.991341,35,real,-1,14
462811,3.577542,38,real,-1,17
462848,-1.302397,37,real,-1,16
462881,13.348485,33,real,-1,12
462903,4.859234,22,real,-1,1
462940,0.03751,37,real,-1,16
462962,-1.262212,22,real,-1,1
462983,-2.462527,21,real,-1,0
463015,1.328088,32,real,-1,11
463054,7.403022,39,real,-1,18
463092,-0.765986,38,real,-1,17
463134,-7.495805,42,real,-1,21
463163,9.036029,29,real,-1,8
463188,7.52873,25,real,-1,4
463210,-0.982791,22,real,-1,1
463248,-2.183568,38,real,-1,17
463273,1.06566,25,real,-1,4
463307,-2.749106,34,real,-1,13
463329,1.695942,22,real,-1,1
463355,1.473267,26,real,-1,5
463391,6.249333,36,real,-1,15
463420,3.2479,29,real,-1,8
463458,1.020406,38,real,-1,17
463493,7.270136,35,real,-1,14
463528,10.454961,35,real,-1,14
463563,1.41399,35,real,-1,14
463601,4.201824,38,real,-1,17
463632,4.736911,31,real,-1,10
463660,4.64166,28,real,-1,7
463686,3.930764,26,real,-1,5
463721,-0.938045,35,real,-1,14
463742,-2.498306,21,real,-1,0
463773,8.792038,31,real,-1,10
463797,3.54059,24,real,-1,3
463819,1.881268,22,real,-1,1
463841,0.161089,22,real,-1,1
463875,8.374412,34,real,-1,13
463915,-1.238028,40,real,-1,19
463956,0.284115,41,real,-1,20
463982,-7.223505,26,real,-1,5
464009,5.457367,27,real,-1,6
464049,-4.762665,40,real,-1,19
464071,0.421218,22,real,-1,1
464096,7.397493,25,real,-1,4
464123,1.178433,27,real,-1,6
464161,2.026622,38,real,-1,17
464199,-1.63733,38,real,-1,17
464228,7.250043,29,real,-1,8
464250,-2.778586,22,real,-1,1
464282,-1.547978,32,real,-1,11
464313,-0.423193,31,real,-1,10
464340,-5.089759,27,real,-1,6
464379,3.680533,39,real,-1,18
464416,7.372811,37,real,-1,16
464453,7.614499,37,real,-1,16
464477,5.473543,24,real,-1,3
464516,4.755496,39,real,-1,18
464545,5.655409,29,real,-1,8
464570,-2.839389,25,real,-1,4
464599,5.837811,29,real,-1,8
464622,7.875322,23,real,-1,2
464658,7.7424,36,real,-1,15
464684,-3.235548,26,real,-1,5
464706,3.025895,22,real,-1,1
464727,-0.44137,21,real,-1,0
464750,3.584164,23,real,-1,2
464792,3.622281,42,real,-1,21
464822,12.726157,30,real,-1,9
464857,9.710879,35,real,-1,14
464887,-1.31113,30,real,-1,9
464924,0.580962,37,real,-1,16
464948,-5.93959,24,real,-1,3
464974,3.571051,26,real,-1,5
465001,6.594955,27,real,-1,6
465034,8.853416,33,real,-1,12
465074,4.771454,40,real,-1,19
465102,-3.975804,28,real,-1,7
465133,2.021397,31,real,-1,10
465174,-5.359359,41,real,-1,20
465213,0.77552,39,real,-1,18
465251,1.996768,38,real,-1,17
465280,5.456151,29,real,-1,8
465306,-8.820817,26,real,-1,5
465340,-8.981415,34,real,-1,13
465376,2.337337,36,real,-1,15
465405,1.22446,29,real,-1,8
465446,3.636802,41,real,-1,20
465487,-3.900257,41,real,-1,20
465522,0.379448,35,real,-1,14
465551,-0.295912,29,real,-1,8
465575,-2.684237,24,real,-1,3
465602,1.300423,27,real,-1,6
465644,11.204804,42,real,-1,21
465677,-4.598424,33,real,-1,12
465702,7.112861,25,real,-1,4
465732,1.719988,30,real,-1,9
465756,3.387144,24,real,-1,3
465786,7.36115,30,real,-1,9
465815,5.877929,29,real,-1,8
465853,6.441421,38,real,-1,17
465886,2.68895,33,real,-1,12
465921,-8.739019,35,real,-1,14
465953,7.091082,32,real,-1,11
465983,7.163493,30,real,-1,9
466008,3.503732,25,real,-1,4
466036,1.348659,28,real,-1,7
466069,1.563193,33,real,-1,12
466098,-1.196483,29,real,-1,8
466127,-8.211895,29,real,-1,8
466166,6.636992,39,real,-1,18
466200,1.568583,34,real,-1,13
466228,1.839988,28,real,-1,7
466268,9.783236,40,real,-1,19
466295,7.141724,27,real,-1,6
466322,5.085469,27,real,-1,6
466364,-3.216981,42,real,-1,21
466391,6.44879,27,real,-1,6
466433,4.950467,42,real,-1,21
466475,1.870142,42,real,-1,21
466505,1.392312,30,real,-1,9
466529,1.571756,24,real,-1,3
466552,2.402009,23,real,-1,2
466590,1.779423,38,real,-1,17
466629,-6.514092,39,real,-1,18
466668,9.303057,39,real,-1,18
466704,3.083006,36,real,-1,15
466732,0.386686,28,real,-1,7
466770,8.946201,38,real,-1,17
466811,9.115641,41,real,-1,20
466838,5.97936,27,real,-1,6
466862,8.834531,24,real,-1,3
466893,0.807162,31,real,-1,10
466927,1.940681,34,real,-1,13
466950,-0.719933,23,real,-1,2
466985,0.063305,35,real,-1,14
467016,5.847906,31,real,-1,10
467050,-0.986444,34,real,-1,13
467078,2.713568,28,real,-1,7
467119,1.974045,41,real,-1,20
467140,1.26413,21,real,-1,0
467180,0.802466,40,real,-1,19
467221,9.048439,41,real,-1,20
467254,1.871984,33,real,-1,12
467295,-4.59394,41,real,-1,20
467334,6.75721,39,real,-1,18
467363,0.959862,29,real,-1,8
467405,6.05692,42,real,-1,21
467432,-8.030834,27,real,-1,6
467457,8.85965,25,real,-1,4
467496,8.10703,39,real,-1,18
467537,1.507403,41,real,-1,20
467565,13.5523,28,real,-1,7
467591,2.834416,26,real,-1,5
467612,3.560063,21,real,-1,0
467640,0.472788,28,real,-1,7
467666,-4.457411,26,real,-1,5
467687,4.779705,21,real,-1,0
467708,-1.213417,21,real,-1,0
467738,1.214919,30,real,-1,9
467777,-0.168704,39,real,-1,18
467800,-4.818716,23,real,-1,2
467822,-1.33148,22,real,-1,1
467863,4.578544,41,real,-1,20
467894,3.483721,31,real,-1,10
467932,7.921359,38,real,-1,17
467971,-5.851469,39,real,-1,18
468011,4.452046,40,real,-1,19
468049,6.78021,38,real,-1,17
468078,-0.224812,29,real,-1,8
468108,-0.101499,30,real,-1,9
468136,3.460949,28,real,-1,7
468159,2.77635,23,real,-1,2
468198,1.457622,39,real,-1,18
468232,4.042225,34,real,-1,13
468267,0.740402,35,real,-1,14
468290,-2.252421,23,real,-1,2
468322,3.500811,32,real,-1,11
468353,1.835251,31,real,-1,10
468383,-4.40546,30,real,-1,9
468410,0.938549,27,real,-1,6
468446,0.355715,36,real,-1,15
468473,-0.761506,27,real,-1,6
468503,4.266246,30,real,-1,9
468532,0.526386,29,real,-1,8
468562,2.351938,30,real,-1,9
468604,11.439563,42,real,-1,21
468638,11.885182,34,real,-1,13
468664,5.605342,26,real,-1,5
468700,7.417494,36,real,-1,15
468722,2.443705,22,real,-1,1
468746,2.594556,24,real,-1,3
468768,-0.221052,22,real,-1,1
468807,-3.234178,39,real,-1,18
468832,0.919642,25,real,-1,4
468854,3.577634,22,real,-1,1
468886,3.820806,32,real,-1,11
468907,6.483194,21,real,-1,0
468929,8.316481,22,real,-1,1
468969,3.632935,40,real,-1,19
469009,4.36168,40,real,-1,19
469032,4.711103,23,real,-1,2
469073,1.144038,41,real,-1,20
469108,-0.91281,35,real,-1,14
469146,3.684085,38,real,-1,17
469174,-0.667246,28,real,-1,7
469199,-3.330654,25,real,-1,4
469233,0.4008,34,real,-1,13
469267,0.614035,34,real,-1,13
469309,0.932935,42,real,-1,21
469342,-0.478397,33,real,-1,12
469376,12.826321,34,real,-1,13
469402,1.644906,26,real,-1,5
469428,3.349922,26,real,-1,5
469450,3.967951,22,real,-1,1
469488,5.853249,38,real,-1,17
469527,12.740176,39,real,-1,18
469568,2.818854,41,real,-1,20
469598,-6.281018,30,real,-1,9
469640,3.871718,42,real,-1,21
469679,2.238488,39,real,-1,18
469713,-6.42371,34,real,-1,13
469740,-8.26381,27,real,-1,6
469765,-2.254432,25,real,-1,4
469799,5.538541,34,real,-1,13
469826,5.243918,27,real,-1,6
469854,9.082567,28,real,-1,7
469889,8.052284,35,real,-1,14
469919,3.888441,30,real,-1,9
469951,6.156605,32,real,-1,11
469976,2.572873,25,real,-1,4
470011,-2.140162,35,real,-1,14
470038,5.436264,27,real,-1,6
470066,1.279652,28,real,-1,7
470087,7.31793,21,real,-1,0
470121,3.041472,34,real,-1,13
470162,2.450142,41,real,-1,20
470204,2.76669,42,real,-1,21
470245,4.358881,41,real,-1,20
470279,5.91401,34,real,-1,13
470312,1.893458,33,real,-1,12
470351,-2.930144,39,real,-1,18
470386,3.117795,35,real,-1,14
470425,-4.430328,39,real,-1,18
470454,4.272419,29,real,-1,8
470476,1.70997,22,real,-1,1
470514,-5.191846,38,real,-1,17
470555,3.249307,41,real,-1,20
470591,2.913837,36,real,-1,15
470617,2.60903,26,real,-1,5
470649,10.822231,32,real,-1,11
470675,-1.069394,26,real,-1,5
470714,3.717101,39,real,-1,18
470737,8.542454,23,real,-1,2
470764,2.6301,27,real,-1,6
470785,-2.159803,21,real,-1,0
470822,0.200735,37,real,-1,16
470851,1.819688,29,real,-1,8
470883,5.326383,32,real,-1,11
470925,6.267132,42,real,-1,21
470960,6.696443,35,real,-1,14
470984,3.393804,24,real,-1,3
471016,5.894534,32,real,-1,11
471039,0.165392,23,real,-1,2
471070,2.119836,31,real,-1,10
471104,4.690513,34,real,-1,13
471140,3.838206,36,real,-1,15
471174,3.241658,34,real,-1,13
471212,-1.972289,38,real,-1,17
471244,3.313582,32,real,-1,11
471270,-1.057243,26,real,-1,5
471310,5.948752,40,real,-1,19
471337,8.135263,27,real,-1,6
471362,5.274825,25,real,-1,4
471403,2.115726,41,real,-1,20
471440,0.038352,37,real,-1,16
471480,1.543373,40,real,-1,19
471502,1.796133,22,real,-1,1
471526,7.746027,24,real,-1,3
471558,10.294877,32,real,-1,11
471582,-3.076026,24,real,-1,3
471612,-1.128567,30,real,-1,9
471646,-10.539413,34,real,-1,13
471669,8.018446,23,real,-1,2
471710,5.775433,41,real,-1,20
471740,4.184765,30,real,-1,9
471779,12.043597,39,real,-1,18
471819,6.797972,40,real,-1,19
471852,-0.722834,33,real,-1,12
471889,11.40415,37,real,-1,16
471917,-3.817218,28,real,-1,7
471956,4.678479,39,real,-1,18
471978,-1.441721,22,real,-1,1
472008,2.299737,30,real,-1,9
472044,7.155738,36,real,-1,15
472070,5.570551,26,real,-1,5
472102,10.373781,32,real,-1,11
472143,-1.486477,41,real,-1,20
472178,10.066574,35,real,-1,14
472202,-3.201276,24,real,-1,3
472232,2.764201,30,real,-1,9
472269,-6.871624,37,real,-1,16
472302,-1.668257,33,real,-1,12
472341,0.721462,39,real,-1,18
472363,1.358177,22,real,-1,1
472394,0.606987,31,real,-1,10
472433,0.275991,39,real,-1,18
472458,6.209804,25,real,-1,4
472491,1.745994,33,real,-1,12
472513,-4.701601,22,real,-1,1
472542,4.778921,29,real,-1,8
472574,1.46365,32,real,-1,11
472606,2.403756,32,real,-1,11
472638,-0.54332,32,real,-1,11
472668,-2.610968,30,real,-1,9
472700,5.368575,32,real,-1,11
472727,0.146273,27,real,-1,6
472754,10.096679,27,real,-1,6
472777,2.628565,23,real,-1,2
472804,4.009534,27,real,-1,6
472840,6.152144,36,real,-1,15
472881,0.702812,41,real,-1,20
472907,-0.412146,26,real,-1,5
472940,1.732539,33,real,-1,12
472970,8.634162,30,real,-1,9
473010,2.239773,40,real,-1,19
473051,7.924245,41,real,-1,20
473089,5.248979,38,real,-1,17
473121,1.112602,32,real,-1,11
473155,-2.141124,34,real,-1,13
473190,-2.569612,35,real,-1,14
473229,4.954876,39,real,-1,18
473253,-0.401596,24,real,-1,3
473295,0.717436,42,real,-1,21
473326,1.848583,31,real,-1,10
473359,2.898195,33,real,-1,12
473380,2.99762,21,real,-1,0
473402,1.48066,22,real,-1,1
473438,5.919727,36,real,-1,15
473464,1.634475,26,real,-1,5
473506,10.284658,42,real,-1,21
473527,3.016903,21,real,-1,0
473557,6.681165,30,real,-1,9
473579,3.981918,22,real,-1,1
473611,0.124193,32,real,-1,11
473640,5.624384,29,real,-1,8
473676,4.182173,36,real,-1,15
473710,0.126626,34,real,-1,13
473750,-5.922826,40,real,-1,19
473781,5.167364,31,real,-1,10
473815,-7.82362,34,real,-1,13
473838,3.497567,23,real,-1,2
473861,4.926217,23,real,-1,2
473886,2.669041,25,real,-1,4
473912,-2.199629,26,real,-1,5
473934,8.086278,22,real,-1,1
473976,6.684844,42,real,-1,21
473997,3.25082,21,real,-1,0
474036,-4.689035,39,real,-1,18
474061,-2.228615,25,real,-1,4
474092,0.819448,31,real,-1,10
474133,7.863607,41,real,-1,20
474169,4.589966,36,real,-1,15
474204,3.042655,35,real,-1,14
474228,-1.569034,24,real,-1,3
474268,3.693943,40,real,-1,19
474302,-3.932463,34,real,-1,13
474330,2.712117,28,real,-1,7
474365,-2.587249,35,real,-1,14
474394,-6.26618,29,real,-1,8
474417,2.965621,23,real,-1,2
474451,-0.381367,34,real,-1,13
474472,-4.319345,21,real,-1,0
474502,8.545762,30,real,-1,9
474535,4.573941,33,real,-1,12
474570,1.467948,35,real,-1,14
474602,4.539422,32,real,-1,11
474625,-0.020366,23,real,-1,2
474647,0.806777,22,real,-1,1
474676,6.168063,29,real,-1,8
474705,1.116125,29,real,-1,8
474739,2.175593,34,real,-1,13
474762,1.82073,23,real,-1,2
474785,0.373729,23,real,-1,2
474818,5.352329,33,real,-1,12
474852,2.241892,34,real,-1,13
474878,-2.931649,26,real,-1,5
474905,7.452027,27,real,-1,6
474929,0.239924,24,real,-1,3
474955,-0.542793,26,real,-1,5
474976,-0.860635,21,real,-1,0
475009,1.438833,33,real,-1,12
475030,10.48658,21,real,-1,0
475067,-7.317086,37,real,-1,16
475102,-0.418052,35,real,-1,14
475133,2.834566,31,real,-1,10
475173,-1.529426,40,real,-1,19
475203,-1.363904,30,real,-1,9
475235,6.774887,32,real,-1,11
475269,6.497107,34,real,-1,13
475310,-4.370353,41,real,-1,20
475334,0.556674,24,real,-1,3
475372,2.647639,38,real,-1,17
475393,2.262671,21,real,-1,0
475430,7.458342,37,real,-1,16
475463,0.116391,33,real,-1,12
475489,4.119235,26,real,-1,5
475518,0.257323,29,real,-1,8
475543,0.407012,25,real,-1,4
475582,2.631309,39,real,-1,18
475614,3.35707,32,real,-1,11
475650,1.441484,36,real,-1,15
475688,5.814418,38,real,-1,17
475709,2.343764,21,real,-1,0
475743,1.532452,34,real,-1,13
475780,12.477005,37,real,-1,16
475807,-0.120388,27,real,-1,6
475831,6.18441,24,real,-1,3
475868,9.651106,37,real,-1,16
475902,-6.254388,34,real,-1,13
475943,7.01703,41,real,-1,20
475979,11.984015,36,real,-1,15
476007,4.46277,28,real,-1,7
476037,2.681761,30,real,-1,9
476077,4.603491,40,real,-1,19
476117,1.877799,40,real,-1,19
476144,2.468672,27,real,-1,6
476177,5.805475,33,real,-1,12
476205,4.366247,28,real,-1,7
476240,1.61038,35,real,-1,14
476265,-0.618685,25,real,-1,4
476299,4.491368,34,real,-1,13
476338,5.074508,39,real,-1,18
476380,7.507983,42,real,-1,21
476417,-2.928994,37,real,-1,16
476443,-8.010549,26,real,-1,5
476477,0.65145,34,real,-1,13
476513,-0.416661,36,real,-1,15
476537,7.575447,24,real,-1,3
476564,3.578444,27,real,-1,6
476591,4.556108,27,real,-1,6
476614,2.527381,23,real,-1,2
476638,-3.339768,24,real,-1,3
476670,1.195737,32,real,-1,11
476709,7.804633,39,real,-1,18
476730,-0.057891,21,real,-1,0
476755,0.802187,25,real,-1,4
476781,0.783067,26,real,-1,5
476802,2.746355,21,real,-1,0
476834,12.94696,32,real,-1,11
476861,-3.939166,27,real,-1,6
476890,7.295494,29,real,-1,8
476920,-4.122521,30,real,-1,9
476961,-3.102656,41,real,-1,20
476985,5.01593,24,real,-1,3
477008,1.664175,23,real,-1,2
477033,3.927831,25,real,-1,4
477057,0.755585,24,real,-1,3
477092,5.97712,35,real,-1,14
477116,2.252197,24,real,-1,3
477139,-5.173808,23,real,-1,2
477171,-3.041976,32,real,-1,11
477210,3.457268,39,real,-1,18
477244,7.967846,34,real,-1,13
477284,1.297957,40,real,-1,19
477310,-2.485529,26,real,-1,5
477349,-4.075812,39,real,-1,18
477384,6.525875,35,real,-1,14
477411,1.340537,27,real,-1,6
477442,7.160301,31,real,-1,10
477482,-0.065012,40,real,-1,19
477518,2.510473,36,real,-1,15
477547,4.726684,29,real,-1,8
477586,-2.428813,39,real,-1,18
477615,-0.695632,29,real,-1,8
477646,-0.659591,31,real,-1,10
477677,11.490301,31,real,-1,10
477701,-1.835592,24,real,-1,3
477742,-3.854538,41,real,-1,20
477766,6.611207,24,real,-1,3
477797,5.290156,31,real,-1,10
477821,7.656841,24,real,-1,3
477846,1.133564,25,real,-1,4
477870,-1.320282,24,real,-1,3
477899,-4.63267,29,real,-1,8
477927,-9.823896,28,real,-1,7
477966,-4.989278,39,real,-1,18
477997,3.972489,31,real,-1,10
478036,-5.446587,39,real,-1,18
478078,5.654609,42,real,-1,21
478101,-2.417458,23,real,-1,2
478122,5.72248,21,real,-1,0
478157,-5.285483,35,real,-1,14
478179,4.77292,22,real,-1,1
478211,-2.83164,32,real,-1,11
478237,-3.235458,26,real,-1,5
478267,-0.68424,30,real,-1,9
478292,1.191812,25,real,-1,4
478332,3.332854,40,real,-1,19
478360,-1.79674,28,real,-1,7
478386,-0.901443,26,real,-1,5
478412,0.717421,26,real,-1,5
478444,-3.370374,32,real,-1,11
478478,9.83945,34,real,-1,13
478515,8.655707,37,real,-1,16
478550,1.424834,35,real,-1,14
478579,5.504651,29,real,-1,8
478600,1.123247,21,real,-1,0
478621,2.299585,21,real,-1,0
478652,2.360289,31,real,-1,10
478684,5.437825,32,real,-1,11
478721,0.458836,37,real,-1,16
478752,-0.862713,31,real,-1,10
478775,-4.021244,23,real,-1,2
478816,8.520052,41,real,-1,20
478854,-7.434104,38,real,-1,17
478879,-7.926116,25,real,-1,4
478919,0.740337,40,real,-1,19
478942,-0.567706,23,real,-1,2
478982,-3.727002,40,real,-1,19
479004,0.282524,22,real,-1,1
479039,8.248572,35,real,-1,14
479072,16.345573,33,real,-1,12
479095,-8.066976,23,real,-1,2
479123,3.996939,28,real,-1,7
479161,-0.006151,38,real,-1,17
479190,2.194206,29,real,-1,8
479213,-1.505747,23,real,-1,2
479243,-0.177535,30,real,-1,9
479267,-7.870218,24,real,-1,3
479293,3.124914,26,real,-1,5
479324,3.893568,31,real,-1,10
479365,6.559483,41,real,-1,20
479388,0.599712,23,real,-1,2
479415,-3.586173,27,real,-1,6
479436,5.452106,21,real,-1,0
479470,2.076336,34,real,-1,13
479512,8.71822,42,real,-1,21
479542,-5.1048,30,real,-1,9
479583,6.627425,41,real,-1,20
479625,6.261284,42,real,-1,21
479658,-4.072311,33,real,-1,12
479690,-4.336045,32,real,-1,11
479724,4.664338,34,real,-1,13
479761,0.460259,37,real,-1,16
479801,1.96375,40,real,-1,19
479839,-5.218439,38,real,-1,17
479879,-1.702071,40,real,-1,19
479908,6.326137,29,real,-1,8
479949,-2.277755,41,real,-1,20
479978,3.138676,29,real,-1,8
480000,-2.851863,22,real,-1,1
480028,-0.671326,28,real,-1,7
480062,-0.295725,34,real,-1,13
480100,5.730579,38,real,-1,17
480140,1.851758,40,real,-1,19
480180,4.381712,40,real,-1,19
480220,1.136047,40,real,-1,19
480251,4.579655,31,real,-1,10
480278,5.402862,27,real,-1,6
480305,2.197688,27,real,-1,6
480347,10.313914,42,real,-1,21
480375,-1.196709,28,real,-1,7
480402,2.94338,27,real,-1,6
480429,0.102294,27,real,-1,6
480453,3.126389,24,real,-1,3
480481,1.622294,28,real,-1,7
480519,-3.697863,38,real,-1,17
480543,-1.307296,24,real,-1,3
480577,1.203123,34,real,-1,13
480611,7.210769,34,real,-1,13
480635,-3.24333,24,real,-1,3
480661,-2.795778,26,real,-1,5
480698,2.899345,37,real,-1,16
480722,6.241105,24,real,-1,3
480748,9.436817,26,real,-1,5
480774,5.570014,26,real,-1,5
480796,1.812942,22,real,-1,1
480825,4.552603,29,real,-1,8
480865,-6.15331,40,real,-1,19
480906,1.583554,41,real,-1,20
480932,-1.812376,26,real,-1,5
480969,9.653987,37,real,-1,16
481007,-5.84882,38,real,-1,17
481043,3.484629,36,real,-1,15
481074,2.374807,31,real,-1,10
481115,-5.333188,41,real,-1,20
481139,4.302842,24,real,-1,3
481162,2.316669,23,real,-1,2
481185,-1.619481,23,real,-1,2
481223,-1.205774,38,real,-1,17
481246,-0.232759,23,real,-1,2
481272,5.489635,26,real,-1,5
481311,-5.870525,39,real,-1,18
481346,3.332428,35,real,-1,14
481369,-2.13217,23,real,-1,2
481391,2.252199,22,real,-1,1
481414,-6.633901,23,real,-1,2
481446,1.636496,32,real,-1,11
481470,0.057231,24,real,-1,3
481506,-3.077985,36,real,-1,15
481539,4.346668,33,real,-1,12
481576,-2.504405,37,real,-1,16
481599,1.321619,23,real,-1,2
481625,3.952084,26,real,-1,5
481655,3.17964,30,real,-1,9
481680,3.925534,25,real,-1,4
481711,2.733591,31,real,-1,10
481732,3.975931,21,real,-1,0
481760,8.02829,28,real,-1,7
481782,-0.213891,22,real,-1,1
481820,3.332576,38,real,-1,17
481858,-0.637609,38,real,-1,17
481879,-0.171411,21,real,-1,0
481913,5.86913,34,real,-1,13
481934,6.453556,21,real,-1,0
481973,4.641261,39,real,-1,18
482002,3.49218,29,real,-1,8
482043,-0.104741,41,real,-1,20
482077,-4.28254,34,real,-1,13
482103,8.524159,26,real,-1,5
482136,6.206635,33,real,-1,12
482177,7.819217,41,real,-1,20
482198,2.298595,21,real,-1,0
482220,0.510419,22,real,-1,1
482252,4.386358,32,real,-1,11
482286,2.427221,34,real,-1,13
482319,-1.067004,33,real,-1,12
482349,-0.658694,30,real,-1,9
482388,6.095939,39,real,-1,18
482421,6.128209,33,real,-1,12
482452,5.889902,31,real,-1,10
482486,9.120315,34,real,-1,13
482513,4.11203,27,real,-1,6
482547,2.048258,34,real,-1,13
482581,-5.008443,34,real,-1,13
482613,6.783222,32,real,-1,11
482638,0.727134,25,real,-1,4
482677,-7.864396,39,real,-1,18
482718,-1.337035,41,real,-1,20
482752,3.661607,34,real,-1,13
482790,7.961891,38,real,-1,17
482822,-1.311703,32,real,-1,11
482863,0.809722,41,real,-1,20
482889,2.472071,26,real,-1,5
482915,4.99716,26,real,-1,5
482945,-3.717265,30,real,-1,9
482981,3.176374,36,real,-1,15
483002,-9.140672,21,real,-1,0
483037,6.624209,35,real,-1,14
483072,1.809267,35,real,-1,14
483110,1.818477,38,real,-1,17
483139,1.317364,29,real,-1,8
483172,5.015384,33,real,-1,12
483196,1.707201,24,real,-1,3
483221,6.831071,25,real,-1,4
483242,9.569678,21,real,-1,0
483275,4.319509,33,real,-1,12
483308,1.909056,33,real,-1,12
483341,1.171455,33,real,-1,12
483369,3.446053,28,real,-1,7
483400,6.687403,31,real,-1,10
483424,0.776515,24,real,-1,3
483460,7.505651,36,real,-1,15
483481,4.279435,21,real,-1,0
483510,4.652456,29,real,-1,8
483534,5.352259,24,real,-1,3
483569,1.872838,35,real,-1,14
483609,-0.797365,40,real,-1,19
483637,4.461633,28,real,-1,7
483668,10.37421,31,real,-1,10
483693,0.928631,25,real,-1,4
483726,6.245755,33,real,-1,12
483760,7.865703,34,real,-1,13
483785,1.206328,25,real,-1,4
483814,7.814908,29,real,-1,8
483841,1.282465,27,real,-1,6
483880,8.114897,39,real,-1,18
483909,-5.367008,29,real,-1,8
483930,7.580887,21,real,-1,0
483954,5.659581,24,real,-1,3
483991,0.344087,37,real,-1,16
484019,-4.819796,28,real,-1,7
484041,3.146716,22,real,-1,1
484071,1.815268,30,real,-1,9
484109,-4.643869,38,real,-1,17
484140,-7.905004,31,real,-1,10
484169,3.718738,29,real,-1,8
484192,5.16693,23,real,-1,2
484232,4.646859,40,real,-1,19
484262,3.366015,30,real,-1,9
484291,1.46776,29,real,-1,8
484316,-6.356342,25,real,-1,4
484346,-8.618292,30,real,-1,9
484387,4.540154,41,real,-1,20
484427,1.169743,40,real,-1,19
484461,6.847243,34,real,-1,13
484494,0.466657,33,real,-1,12
484530,3.306929,36,real,-1,15
484551,-1.151161,21,real,-1,0
484572,0.621853,21,real,-1,0
484606,-6.137197,34,real,-1,13
484635,3.405362,29,real,-1,8
484661,-1.822379,26,real,-1,5
484696,9.088745,35,real,-1,14
484729,6.911705,33,real,-1,12
484760,6.233998,31,real,-1,10
484802,2.720967,42,real,-1,21
484832,3.634665,30,real,-1,9
484859,4.306177,27,real,-1,6
484897,6.884745,38,real,-1,17
484928,3.462613,31,real,-1,10
484966,1.228032,38,real,-1,17
484989,9.601504,23,real,-1,2
485018,-1.19263,29,real,-1,8
485049,-3.160551,31,real,-1,10
485091,5.797637,42,real,-1,21
485114,3.474489,23,real,-1,2
485148,12.335542,34,real,-1,13
485179,4.152785,31,real,-1,10
485203,3.697554,24,real,-1,3
485234,3.895042,31,real,-1,10
485256,7.381205,22,real,-1,1
485293,-1.542491,37,real,-1,16
485314,-2.113436,21,real,-1,0
485349,7.228494,35,real,-1,14
485381,5.437736,32,real,-1,11
485419,-1.582089,38,real,-1,17
485454,8.465524,35,real,-1,14
485496,5.373004,42,real,-1,21
485529,4.505642,33,real,-1,12
485564,-3.526484,35,real,-1,14
485589,4.593841,25,real,-1,4
485621,0.106787,32,real,-1,11
485645,2.073213,24,real,-1,3
485685,3.879268,40,real,-1,19
485707,3.59814,22,real,-1,1
485744,-1.513797,37,real,-1,16
485768,9.549114,24,real,-1,3
485789,-1.476866,21,real,-1,0
485817,2.964736,28,real,-1,7
485845,-1.428737,28,real,-1,7
485874,0.44309,29,real,-1,8
485912,-2.665594,38,real,-1,17
485935,3.259945,23,real,-1,2
485973,8.997493,38,real,-1,17
485999,1.603953,26,real,-1,5
486040,1.328598,41,real,-1,20
486080,4.413388,40,real,-1,19
486102,0.966444,22,real,-1,1
486126,0.875582,24,real,-1,3
486152,5.474018,26,real,-1,5
486178,5.290351,26,real,-1,5
486216,4.184544,38,real,-1,17
486245,4.28373,29,real,-1,8
486270,-3.535153,25,real,-1,4
486305,5.551297,35,real,-1,14
486331,-0.171939,26,real,-1,5
486353,-2.912355,22,real,-1,1
486393,-1.154642,40,real,-1,19
486427,6.22195,34,real,-1,13
486452,1.861104,25,real,-1,4
486473,3.885319,21,real,-1,0
486506,5.710486,33,real,-1,12
486541,-8.024646,35,real,-1,14
486563,0.885729,22,real,-1,1
486604,7.698788,41,real,-1,20
486627,1.722761,23,real,-1,2
486663,1.182209,36,real,-1,15
486698,7.294575,35,real,-1,14
486734,-0.41947,36,real,-1,15
486757,-3.158492,23,real,-1,2
486793,-3.745866,36,real,-1,15
486835,14.27071,42,real,-1,21
486860,1.572448,25,real,-1,4
486889,1.62368,29,real,-1,8
486913,7.002483,24,real,-1,3
486953,9.592396,40,real,-1,19
486989,-2.10743,36,real,-1,15
487024,1.844325,35,real,-1,14
487058,5.191844,34,real,-1,13
487086,4.833117,28,real,-1,7
487110,5.011555,24,real,-1,3
487137,10.127976,27,real,-1,6
487169,-0.019784,32,real,-1,11
487205,-6.157423,36,real,-1,15
487244,-1.617731,39,real,-1,18
487265,2.352876,21,real,-1,0
487302,2.208655,37,real,-1,16
487328,11.486934,26,real,-1,5
487362,-6.689558,34,real,-1,13
487403,0.671006,41,real,-1,20
487437,1.488872,34,real,-1,13
487470,1.446386,33,real,-1,12
487498,-1.639271,28,real,-1,7
487537,8.171901,39,real,-1,18
487558,7.045708,21,real,-1,0
487597,6.954347,39,real,-1,18
487627,-1.927851,30,real,-1,9
487667,5.589037,40,real,-1,19
487691,1.412916,24,real,-1,3
487725,6.75982,34,real,-1,13
487763,0.874066,38,real,-1,17
487798,-0.42211,35,real,-1,14
487839,-11.925352,41,real,-1,20
487860,-2.560488,21,real,-1,0
487895,14.680815,35,real,-1,14
487919,3.594071,24,real,-1,3
487956,12.219442,37,real,-1,16
487998,8.302971,42,real,-1,21
488040,1.649587,42,real,-1,21
488069,3.005301,29,real,-1,8
488092,-1.918599,23,real,-1,2
488134,-4.046183,42,real,-1,21
488163,6.636466,29,real,-1,8
488194,8.159865,31,real,-1,10
488235,0.52393,41,real,-1,20
488259,3.172062,24,real,-1,3
488288,3.044561,29,real,-1,8
488330,4.144805,42,real,-1,21
488354,2.401704,24,real,-1,3
488380,0.552828,26,real,-1,5
488414,6.01585,34,real,-1,13
488436,4.692419,22,real,-1,1
488468,-1.41072,32,real,-1,11
488510,0.631752,42,real,-1,21
488552,2.491132,42,real,-1,21
488590,-4.938261,38,real,-1,17
488611,1.54141,21,real,-1,0
488648,6.639323,37,real,-1,16
488670,5.945686,22,real,-1,1
488704,7.775226,34,real,-1,13
488744,0.492532,40,real,-1,19
488774,-0.266338,30,real,-1,9
488805,-1.929398,31,real,-1,10
488826,1.359878,21,real,-1,0
488849,1.632272,23,real,-1,2
488886,7.306415,37,real,-1,16
488925,5.485882,39,real,-1,18
488964,7.287081,39,real,-1,18
489003,-3.341592,39,real,-1,18
489037,-7.504531,34,real,-1,13
489068,5.347153,31,real,-1,10
489101,7.796495,33,real,-1,12
489124,-0.73361,23,real,-1,2
489156,9.853892,32,real,-1,11
489194,-2.332512,38,real,-1,17
489233,1.569143,39,real,-1,18
489267,-1.646905,34,real,-1,13
489294,4.301922,27,real,-1,6
489319,-4.408944,25,real,-1,4
489355,-3.252697,36,real,-1,15
489383,6.616876,28,real,-1,7
489411,5.206868,28,real,-1,7
489439,3.99824,28,real,-1,7
489465,3.662196,26,real,-1,5
489503,13.335945,38,real,-1,17
489526,-1.411641,23,real,-1,2
489558,4.469768,32,real,-1,11
489585,1.293847,27,real,-1,6
489610,-1.141922,25,real,-1,4
489646,0.288621,36,real,-1,15
489683,11.415514,37,real,-1,16
489706,7.288764,23,real,-1,2
489744,3.962818,38,real,-1,17
489773,6.058739,29,real,-1,8
489799,7.373352,26,real,-1,5
489838,0.490103,39,real,-1,18
489875,-0.06069,37,real,-1,16
489915,1.696683,40,real,-1,19
489946,2.497789,31,real,-1,10
489982,-3.435484,36,real,-1,15
490014,-1.867319,32,real,-1,11
490055,8.872539,41,real,-1,20
490079,3.269876,24,real,-1,3
490103,0.145734,24,real,-1,3
490128,3.503523,25,real,-1,4
490163,-2.383652,35,real,-1,14
490192,3.855792,29,real,-1,8
490219,-2.035996,27,real,-1,6
490242,7.66346,23,real,-1,2
490267,-1.719405,25,real,-1,4
490300,7.833558,33,real,-1,12
490329,4.577554,29,real,-1,8
490351,4.404579,22,real,-1,1
490390,5.742168,39,real,-1,18
490416,1.340449,26,real,-1,5
490450,3.265769,34,real,-1,13
490492,5.252858,42,real,-1,21
490534,9.156606,42,real,-1,21
490561,-7.456909,27,real,-1,6
490589,-0.618608,28,real,-1,7
490630,7.843534,41,real,-1,20
490657,11.474197,27,real,-1,6
490678,3.820744,21,real,-1,0
490707,3.339423,29,real,-1,8
490744,-4.449654,37,real,-1,16
490770,2.156607,26,real,-1,5
490807,-0.612821,37,real,-1,16
490829,-0.323336,22,real,-1,1
490869,9.989702,40,real,-1,19
490893,-7.909674,24,real,-1,3
490925,-0.13606,32,real,-1,11
490951,3.888522,26,real,-1,5
490987,-4.730487,36,real,-1,15
491012,-0.141968,25,real,-1,4
491034,1.823448,22,real,-1,1
491062,-3.353196,28,real,-1,7
491087,5.835414,25,real,-1,4
491117,-0.946971,30,real,-1,9
491150,0.633247,33,real,-1,12
491182,4.446819,32,real,-1,11
491220,-3.482979,38,real,-1,17
491241,-0.944415,21,real,-1,0
491277,2.737159,36,real,-1,15
491315,-0.370962,38,real,-1,17
491347,1.634634,32,real,-1,11
491385,-2.120438,38,real,-1,17
491418,1.405132,33,real,-1,12
491452,8.828134,34,real,-1,13
491485,3.841149,33,real,-1,12
491525,9.072878,40,real,-1,19
491551,-0.147004,26,real,-1,5
491576,3.533263,25,real,-1,4
491597,-0.519757,21,real,-1,0
491629,-1.591949,32,real,-1,11
491661,7.332908,32,real,-1,11
491683,4.082618,22,real,-1,1
491716,3.227099,33,real,-1,12
491741,1.177876,25,real,-1,4
491776,-4.80177,35,real,-1,14
491811,9.027251,35,real,-1,14
491849,2.129588,38,real,-1,17
491891,2.090215,42,real,-1,21
491913,-4.527777,22,real,-1,1
491942,-0.755766,29,real,-1,8
491968,12.11433,26,real,-1,5
492002,-1.506483,34,real,-1,13
492034,-1.949127,32,real,-1,11
492073,1.901589,39,real,-1,18
492096,-1.829695,23,real,-1,2
492117,3.195866,21,real,-1,0
492153,-2.253298,36,real,-1,15
492190,-1.477541,37,real,-1,16
492216,0.86644,26,real,-1,5
492246,-0.188542,30,real,-1,9
492284,-0.031426,38,real,-1,17
492315,-0.001441,31,real,-1,10
492352,1.647656,37,real,-1,16
492379,7.976887,27,real,-1,6
492400,4.781674,21,real,-1,0
492433,0.553326,33,real,-1,12
492458,2.018624,25,real,-1,4
492482,4.920844,24,real,-1,3
492512,6.616973,30,real,-1,9
492535,0.259515,23,real,-1,2
492562,5.95094,27,real,-1,6
492583,3.717609,21,real,-1,0
492625,-5.110034,42,real,-1,21
492649,9.116028,24,real,-1,3
492689,1.059163,40,real,-1,19
492722,-3.135179,33,real,-1,12
492755,8.985372,33,real,-1,12
492788,1.415242,33,real,-1,12
492825,-2.452579,37,real,-1,16
492856,2.121144,31,real,-1,10
492882,0.367167,26,real,-1,5
492911,0.691461,29,real,-1,8
492942,-1.166815,31,real,-1,10
492969,4.216231,27,real,-1,6
492995,-0.527036,26,real,-1,5
493024,-2.62472,29,real,-1,8
493053,1.747253,29,real,-1,8
493087,3.322364,34,real,-1,13
493115,4.779435,28,real,-1,7
493136,4.579813,21,real,-1,0
493171,4.573127,35,real,-1,14
493202,8.109527,31,real,-1,10
493231,-0.525055,29,real,-1,8
493271,7.00018,40,real,-1,19
493297,0.742601,26,real,-1,5
493334,3.996267,37,real,-1,16
493375,7.300413,41,real,-1,20
493406,5.436733,31,real,-1,10
493434,4.827578,28,real,-1,7
493455,-5.719176,21,real,-1,0
493482,0.227805,27,real,-1,6
493524,5.554547,42,real,-1,21
493563,4.392331,39,real,-1,18
493586,4.583482,23,real,-1,2
493623,8.673691,37,real,-1,16
493653,2.781757,30,real,-1,9
493675,-1.4559,22,real,-1,1
493716,6.572319,41,real,-1,20
493749,5.561323,33,real,-1,12
493786,11.201745,37,real,-1,16
493828,4.31573,42,real,-1,21
493860,0.410881,32,real,-1,11
493887,-3.57559,27,real,-1,6
493917,1.744855,30,real,-1,9
493940,4.882887,23,real,-1,2
493964,0.370773,24,real,-1,3
493989,3.051463,25,real,-1,4
494030,4.998367,41,real,-1,20
494053,1.574291,23,real,-1,2
494078,-0.311251,25,real,-1,4
494104,-4.087044,26,real,-1,5
494134,3.451779,30,real,-1,9
494171,2.349782,37,real,-1,16
494203,6.762507,32,real,-1,11
494238,-5.99165,35,real,-1,14
494261,1.081364,23,real,-1,2
494283,1.949822,22,real,-1,1
494309,0.785601,26,real,-1,5
494335,3.331297,26,real,-1,5
494360,-1.027427,25,real,-1,4
494399,6.938405,39,real,-1,18
494431,0.546615,32,real,-1,11
494470,7.848945,39,real,-1,18
494504,4.069145,34,real,-1,13
494542,6.487438,38,real,-1,17
494563,3.026833,21,real,-1,0
494594,4.420479,31,real,-1,10
494634,2.054464,40,real,-1,19
494665,2.921337,31,real,-1,10
494687,10.528793,22,real,-1,1
494719,-7.33985,32,real,-1,11
494740,1.885452,21,real,-1,0
494776,7.106973,36,real,-1,15
494811,5.486997,35,real,-1,14
494834,-0.881304,23,real,-1,2
494870,3.790639,36,real,-1,15
494911,-5.570783,41,real,-1,20
494952,6.592399,41,real,-1,20
494979,5.999508,27,real,-1,6
495002,8.58334,23,real,-1,2
495042,-1.632624,40,real,-1,19
495080,-1.852102,38,real,-1,17
495114,-4.002608,34,real,-1,13
495150,4.841725,36,real,-1,15
495172,-3.293895,22,real,-1,1
495214,4.675759,42,real,-1,21
495251,0.3314,37,real,-1,16
495290,2.155466,39,real,-1,18
495318,5.57569,28,real,-1,7
495359,3.388414,41,real,-1,20
495401,12.350846,42,real,-1,21
495433,9.895253,32,real,-1,11
495465,7.699258,32,real,-1,11
495502,6.45899,37,real,-1,16
495532,2.448973,30,real,-1,9
495561,6.041838,29,real,-1,8
495595,-6.196252,34,real,-1,13
495616,5.29834,21,real,-1,0
495644,-0.885713,28,real,-1,7
495678,8.708183,34,real,-1,13
495715,-0.026946,37,real,-1,16
495736,9.716772,21,real,-1,0
495759,3.534978,23,real,-1,2
495786,7.006448,27,real,-1,6
495814,-2.066015,28,real,-1,7
495837,1.886507,23,real,-1,2
495861,9.117176,24,real,-1,3
495890,-1.731291,29,real,-1,8
495917,0.628061,27,real,-1,6
495946,6.798095,29,real,-1,8
495982,2.743051,36,real,-1,15
496003,0.732638,21,real,-1,0
496029,-6.092769,26,real,-1,5
496062,7.729802,33,real,-1,12
496100,9.140081,38,real,-1,17
496138,3.063029,38,real,-1,17
496170,0.80772,32,real,-1,11
496199,5.840237,29,real,-1,8
496230,0.397984,31,real,-1,10
496260,-4.86319,30,real,-1,9
496294,3.600845,34,real,-1,13
496336,3.478817,42,real,-1,21
496376,-0.630355,40,real,-1,19
496397,-1.5959,21,real,-1,0
496427,5.089111,30,real,-1,9
496450,-1.868111,23,real,-1,2
496474,8.44247,24,real,-1,3
496499,-3.460893,25,real,-1,4
496541,5.148319,42,real,-1,21
496574,0.698744,33,real,-1,12
496612,-0.684472,38,real,-1,17
496644,7.943201,32,real,-1,11
496685,3.785494,41,real,-1,20
496714,-2.776534,29,real,-1,8
496741,1.067356,27,real,-1,6
496782,0.008011,41,real,-1,20
496813,8.187169,31,real,-1,10
496846,0.37425,33,real,-1,12
496877,-0.748329,31,real,-1,10
496917,9.836761,40,real,-1,19
496956,4.811934,39,real,-1,18
496978,-8.577466,22,real,-1,1
497015,3.306098,37,real,-1,16
497052,6.815689,37,real,-1,16
497086,3.575592,34,real,-1,13
497122,0.050394,36,real,-1,15
497148,2.536685,26,real,-1,5
497190,10.735902,42,real,-1,21
497214,-0.15304,24,real,-1,3
497235,-3.405069,21,real,-1,0
497273,5.581738,38,real,-1,17
497311,0.488591,38,real,-1,17
497346,-0.010711,35,real,-1,14
497382,10.226498,36,real,-1,15
497412,-1.669686,30,real,-1,9
497445,2.5864,33,real,-1,12
497486,0.652842,41,real,-1,20
497522,-0.42609,36,real,-1,15
497548,4.436942,26,real,-1,5
497588,6.800315,40,real,-1,19
497618,0.913334,30,real,-1,9
497640,-0.99767,22,real,-1,1
497669,2.424458,29,real,-1,8
497694,-4.294753,25,real,-1,4
497733,5.147498,39,real,-1,18
497757,4.078636,24,real,-1,3
497780,-1.12402,23,real,-1,2
497816,7.211047,36,real,-1,15
497842,0.633005,26,real,-1,5
497863,2.173346,21,real,-1,0
497903,4.0624,40,real,-1,19
497934,6.108442,31,real,-1,10
497955,1.641775,21,real,-1,0
497997,1.735331,42,real,-1,21
498038,-0.194985,41,real,-1,20
498074,4.5e-05,36,real,-1,15
498098,1.242654,24,real,-1,3
498135,4.999671,37,real,-1,16
498157,2.361593,22,real,-1,1
498197,7.799974,40,real,-1,19
498224,2.524367,27,real,-1,6
498260,0.810134,36,real,-1,15
498285,2.092078,25,real,-1,4
498312,1.156614,27,real,-1,6
498352,-3.437337,40,real,-1,19
498390,2.247213,38,real,-1,17
498412,4.77114,22,real,-1,1
498445,9.238076,33,real,-1,12
498474,2.448573,29,real,-1,8
498503,5.023895,29,real,-1,8
498539,0.494568,36,real,-1,15
498576,2.672324,37,real,-1,16
498615,5.972725,39,real,-1,18
498637,1.553517,22,real,-1,1
498661,4.202868,24,real,-1,3
498692,12.052689,31,real,-1,10
498714,0.923931,22,real,-1,1
498741,1.837988,27,real,-1,6
498767,9.090077,26,real,-1,5
498790,2.374708,23,real,-1,2
498831,1.202079,41,real,-1,20
498866,9.754715,35,real,-1,14
498903,-0.017932,37,real,-1,16
498938,4.270915,35,real,-1,14
498969,5.6458,31,real,-1,10
499002,11.174262,33,real,-1,12
499044,6.945786,42,real,-1,21
499082,1.680572,38,real,-1,17
499108,1.541564,26,real,-1,5
499132,-0.17838,24,real,-1,3
499155,5.266947,23,real,-1,2
499190,-0.301755,35,real,-1,14
499230,3.329767,40,real,-1,19
499252,-1.951256,22,real,-1,1
499284,6.175778,32,real,-1,11
499309,3.62726,25,real,-1,4
499336,8.616052,27,real,-1,6
499359,6.208116,23,real,-1,2
499387,9.16234,28,real,-1,7
499417,4.923068,30,real,-1,9
499445,1.345612,28,real,-1,7
499485,6.233202,40,real,-1,19
499519,-5.647732,34,real,-1,13
499557,-2.854279,38,real,-1,17
499581,1.747187,24,real,-1,3
499605,-2.505526,24,real,-1,3
499641,4.027353,36,real,-1,15
499677,-3.620672,36,real,-1,15
499718,3.997366,41,real,-1,20
499748,6.206242,30,real,-1,9
499789,6.591005,41,real,-1,20
499812,-2.437126,23,real,-1,2
499842,6.778072,30,real,-1,9
499873,-0.242971,31,real,-1,10
499913,6.027129,40,real,-1,19
499948,4.308612,35,real,-1,14
499974,5.674469,26,real,-1,5
499996,1.694517,22,real,-1,1
500031,-5.232828,35,real,-1,14
500063,7.279762,32,real,-1,11
500094,-0.298699,31,real,-1,10
500131,9.135933,37,real,-1,16
500152,-1.582802,21,real,-1,0
500182,10.164789,30,real,-1,9
500211,4.081323,29,real,-1,8
500253,-2.522494,42,real,-1,21
500281,3.114739,28,real,-1,7
500318,1.82923,37,real,-1,16
500342,3.507784,24,real,-1,3
500364,2.192109,22,real,-1,1
500404,9.285564,40,real,-1,19
500427,3.075009,23,real,-1,2
500469,5.770249,42,real,-1,21
500491,4.541226,22,real,-1,1
500512,-4.577395,21,real,-1,0
500540,0.91751,28,real,-1,7
500563,3.016648,23,real,-1,2
500605,8.131302,42,real,-1,21
500644,0.734981,39,real,-1,18
500675,2.795143,31,real,-1,10
500709,-0.040036,34,real,-1,13
500751,1.736314,42,real,-1,21
500772,1.968123,21,real,-1,0
500807,1.434346,35,real,-1,14
500839,5.606155,32,real,-1,11
500877,-3.338676,38,real,-1,17
500915,-3.305346,38,real,-1,17
500956,5.314801,41,real,-1,20
500990,-2.449932,34,real,-1,13
501027,7.325848,37,real,-1,16
501069,3.256333,42,real,-1,21
501099,-1.045104,30,real,-1,9
501128,-0.204812,29,real,-1,8
501161,1.535434,33,real,-1,12
501192,8.583928,31,real,-1,10
501221,-2.281419,29,real,-1,8
501261,4.743154,40,real,-1,19
501297,0.718777,36,real,-1,15
501324,0.199941,27,real,-1,6
501360,2.70793,36,real,-1,15
501402,-0.00982,42,real,-1,21
501437,-2.668604,35,real,-1,14
501470,2.676847,33,real,-1,12
501501,6.867055,31,real,-1,10
501535,0.830276,34,real,-1,13
501559,-0.518973,24,real,-1,3
501595,3.770894,36,real,-1,15
501624,2.620015,29,real,-1,8
501653,-4.834661,29,real,-1,8
501687,6.34598,34,real,-1,13
501727,-8.160386,40,real,-1,19
501749,4.214682,22,real,-1,1
501775,3.709888,26,real,-1,5
501809,3.113311,34,real,-1,13
501833,2.168071,24,real,-1,3
501862,4.020446,29,real,-1,8
501897,-2.609158,35,real,-1,14
501931,7.990767,34,real,-1,13
501957,-1.165846,26,real,-1,5
501978,1.164117,21,real,-1,0
502001,-1.596797,23,real,-1,2
502040,3.835757,39,real,-1,18
502075,-0.939468,35,real,-1,14
502115,7.385456,40,real,-1,19
502154,-0.726151,39,real,-1,18
502195,0.910004,41,real,-1,20
502219,5.562431,24,real,-1,3
502241,2.294403,22,real,-1,1
502264,2.979632,23,real,-1,2
502302,-0.095828,38,real,-1,17
502342,4.50639,40,real,-1,19
502375,6.837162,33,real,-1,12
502406,5.049675,31,real,-1,10
502427,-2.61291,21,real,-1,0
502450,1.448186,23,real,-1,2
502491,-0.339939,41,real,-1,20
502531,-3.049412,40,real,-1,19
502566,-1.499867,35,real,-1,14
502590,4.427962,24,real,-1,3
502613,5.570761,23,real,-1,2
502649,7.390616,36,real,-1,15
502688,4.54156,39,real,-1,18
502713,1.202701,25,real,-1,4
502734,5.100414,21,real,-1,0
502762,4.445279,28,real,-1,7
502786,3.128262,24,real,-1,3
502822,0.596486,36,real,-1,15
502849,-1.69961,27,real,-1,6
502887,4.442037,38,real,-1,17
502910,2.297071,23,real,-1,2
502931,-3.895229,21,real,-1,0
502967,3.293466,36,real,-1,15
503000,6.694549,33,real,-1,12
503035,-2.950834,35,real,-1,14
503067,5.226513,32,real,-1,11
503095,-7.715342,28,real,-1,7
503134,2.984377,39,real,-1,18
503173,3.717761,39,real,-1,18
503212,1.415209,39,real,-1,18
503254,-1.182467,42,real,-1,21
503295,4.33886,41,real,-1,20
503326,-0.661358,31,real,-1,10
503364,4.055826,38,real,-1,17
503386,7.08168,22,real,-1,1
503409,1.451335,23,real,-1,2
503436,-0.961909,27,real,-1,6
503476,2.97259,40,real,-1,19
503512,6.030247,36,real,-1,15
503544,6.910268,32,real,-1,11
503585,-3.318946,41,real,-1,20
503624,2.471076,39,real,-1,18
503658,0.767741,34,real,-1,13
503682,3.853947,24,real,-1,3
503709,3.097543,27,real,-1,6
503734,2.206288,25,real,-1,4
503766,0.592126,32,real,-1,11
503804,5.106165,38,real,-1,17
503830,6.391005,26,real,-1,5
503872,4.313611,42,real,-1,21
503903,-4.952268,31,real,-1,10
503924,2.34935,21,real,-1,0
503952,1.125845,28,real,-1,7
503986,11.12211,34,real,-1,13
504021,1.707916,35,real,-1,14
504042,-0.675254,21,real,-1,0
504073,0.615631,31,real,-1,10
504111,7.408946,38,real,-1,17
504146,0.718034,35,real,-1,14
504167,-2.707439,21,real,-1,0
504208,-1.861503,41,real,-1,20
504250,-2.386199,42,real,-1,21
504273,7.67059,23,real,-1,2
504306,6.213992,33,real,-1,12
504340,7.17354,34,real,-1,13
504370,3.19873,30,real,-1,9
504409,8.508676,39,real,-1,18
504433,-2.871873,24,real,-1,3
504464,4.858615,31,real,-1,10
504485,6.00609,21,real,-1,0
504508,3.762116,23,real,-1,2
504535,3.487409,27,real,-1,6
504569,5.599178,34,real,-1,13
504610,0.184085,41,real,-1,20
504640,-8.78731,30,real,-1,9
504667,-0.691517,27,real,-1,6
504709,0.586102,42,real,-1,21
504733,0.961788,24,real,-1,3
504760,4.348691,27,real,-1,6
504797,1.28623,37,real,-1,16
504824,0.170522,27,real,-1,6
504851,-1.770306,27,real,-1,6
504889,0.386611,38,real,-1,17
504911,3.099364,22,real,-1,1
504937,4.144213,26,real,-1,5
504962,0.096377,25,real,-1,4
504995,-2.83388,33,real,-1,12
505037,4.279394,42,real,-1,21
505064,-8.992493,27,real,-1,6
505095,5.991452,31,real,-1,10
505132,3.645466,37,real,-1,16
505173,-1.847393,41,real,-1,20
505206,6.731251,33,real,-1,12
505235,2.33257,29,real,-1,8
505271,-1.798356,36,real,-1,15
505294,1.481467,23,real,-1,2
505321,2.259949,27,real,-1,6
505351,3.845624,30,real,-1,9
505373,5.609632,22,real,-1,1
505400,-4.467308,27,real,-1,6
505426,-2.099004,26,real,-1,5
505455,3.614861,29,real,-1,8
505495,11.378648,40,real,-1,19
505523,-0.645001,28,real,-1,7
505551,6.500402,28,real,-1,7
505587,-0.927439,36,real,-1,15
505609,3.347237,22,real,-1,1
505641,6.634292,32,real,-1,11
505664,-5.252291,23,real,-1,2
505685,-0.740424,21,real,-1,0
505718,-0.1531,33,real,-1,12
505750,6.809922,32,real,-1,11
505774,1.275118,24,real,-1,3
505795,0.327999,21,real,-1,0
505822,2.967222,27,real,-1,6
505853,0.20785,31,real,-1,10
505882,6.005127,29,real,-1,8
505913,5.287104,31,real,-1,10
505942,4.131625,29,real,-1,8
505964,2.713835,22,real,-1,1
505998,-0.383371,34,real,-1,13
506031,-0.174405,33,real,-1,12
506057,-5.342959,26,real,-1,5
506095,-1.481087,38,real,-1,17
506123,6.497744,28,real,-1,7
506150,10.860611,27,real,-1,6
506182,3.978876,32,real,-1,11
506211,-1.585468,29,real,-1,8
506238,0.917032,27,real,-1,6
506273,2.799801,35,real,-1,14
506303,3.033158,30,real,-1,9
506326,-2.940999,23,real,-1,2
506359,1.827775,33,real,-1,12
506384,2.892897,25,real,-1,4
506423,1.07475,39,real,-1,18
506453,6.980075,30,real,-1,9
506483,2.436987,30,real,-1,9
506525,1.806226,42,real,-1,21
506554,-6.336978,29,real,-1,8
506586,6.375506,32,real,-1,11
506608,0.639003,22,real,-1,1
506637,2.341474,29,real,-1,8
506658,3.166955,21,real,-1,0
506694,-5.31771,36,real,-1,15
506730,4.76133,36,real,-1,15
506772,-0.207584,42,real,-1,21
506794,0.007473,22,real,-1,1
506819,6.826261,25,real,-1,4
506844,11.636053,25,real,-1,4
506872,1.7088,28,real,-1,7
506904,7.309021,32,real,-1,11
506928,1.92263,24,real,-1,3
506963,1.926696,35,real,-1,14
507002,-0.231966,39,real,-1,18
507030,5.429785,28,real,-1,7
507055,2.476268,25,real,-1,4
507089,3.037552,34,real,-1,13
507125,7.341753,36,real,-1,15
507167,4.344542,42,real,-1,21
507203,2.921585,36,real,-1,15
507230,0.440689,27,real,-1,6
507251,8.10272,21,real,-1,0
507277,3.07928,26,real,-1,5
507307,-2.148647,30,real,-1,9
507339,1.818721,32,real,-1,11
507370,-7.781073,31,real,-1,10
507395,3.567789,25,real,-1,4
507431,4.222889,36,real,-1,15
507471,5.725564,40,real,-1,19
507505,1.776729,34,real,-1,13
507547,5.047152,42,real,-1,21
507575,4.428699,28,real,-1,7
507601,7.780517,26,real,-1,5
507636,4.55837,35,real,-1,14
507664,-3.318099,28,real,-1,7
507698,6.728333,34,real,-1,13
507721,5.429751,23,real,-1,2
507746,4.90764,25,real,-1,4
507786,6.561453,40,real,-1,19
507812,7.751747,26,real,-1,5
507845,3.066901,33,real,-1,12
507883,3.373946,38,real,-1,17
507920,11.728983,37,real,-1,16
507945,2.176108,25,real,-1,4
507969,3.035993,24,real,-1,3
508011,0.425041,42,real,-1,21
508036,-1.107652,25,real,-1,4
508069,4.244276,33,real,-1,12
508097,-7.162883,28,real,-1,7
508131,-3.286084,34,real,-1,13
508156,-2.957297,25,real,-1,4
508178,6.376058,22,real,-1,1
508213,-2.514608,35,real,-1,14
508245,-4.034947,32,real,-1,11
508266,0.790512,21,real,-1,0
508290,0.483106,24,real,-1,3
508328,5.500131,38,real,-1,17
508349,0.139916,21,real,-1,0
508371,-1.201561,22,real,-1,1
508398,9.881724,27,real,-1,6
508439,11.370021,41,real,-1,20
508464,8.705388,25,real,-1,4
508490,3.013595,26,real,-1,5
508527,-1.975728,37,real,-1,16
508550,3.018968,23,real,-1,2
508592,4.759414,42,real,-1,21
508628,4.731164,36,real,-1,15
508661,4.909614,33,real,-1,12
508701,1.427903,40,real,-1,19
508726,5.041819,25,real,-1,4
508766,3.400244,40,real,-1,19
508805,-0.659925,39,real,-1,18
508826,2.005663,21,real,-1,0
508849,5.543647,23,real,-1,2
508889,-4.589091,40,real,-1,19
508924,7.342019,35,real,-1,14
508965,4.931478,41,real,-1,20
509000,11.273059,35,real,-1,14
509038,1.437346,38,real,-1,17
509074,-2.8054,36,real,-1,15
509097,4.463211,23,real,-1,2
509127,0.192401,30,real,-1,9
509157,8.810546,30,real,-1,9
509195,11.932429,38,real,-1,17
509227,1.763224,32,real,-1,11
509255,-0.938878,28,real,-1,7
509288,5.520201,33,real,-1,12
509313,-0.200282,25,real,-1,4
509347,-0.595101,34,real,-1,13
509386,1.139759,39,real,-1,18
509410,1.689732,24,real,-1,3
509452,4.98863,42,real,-1,21
509482,0.561759,30,real,-1,9
509519,1.488408,37,real,-1,16
509554,3.97622,35,real,-1,14
509595,4.546149,41,real,-1,20
509628,1.084046,33,real,-1,12
509668,5.958177,40,real,-1,19
509709,3.761586,41,real,-1,20
509750,14.150011,41,real,-1,20
509785,-3.439719,35,real,-1,14
509818,3.799526,33,real,-1,12
509858,-0.508134,40,real,-1,19
509890,-5.737524,32,real,-1,11
509931,8.011605,41,real,-1,20
509962,4.891479,31,real,-1,10
509984,1.248239,22,real,-1,1
510014,9.132508,30,real,-1,9
510045,-0.033185,31,real,-1,10
510068,6.46676,23,real,-1,2
510103,6.795247,35,real,-1,14
510144,1.619641,41,real,-1,20
510178,5.94717,34,real,-1,13
510200,-1.896211,22,real,-1,1
510239,3.49062,39,real,-1,18
510272,8.917798,33,real,-1,12
510306,4.531749,34,real,-1,13
510338,4.664216,32,real,-1,11
510380,9.673535,42,real,-1,21
510404,-4.508916,24,real,-1,3
510442,12.704537,38,real,-1,17
510478,8.415107,36,real,-1,15
510513,4.385159,35,real,-1,14
510545,-5.586801,32,real,-1,11
510568,0.161734,23,real,-1,2
510602,-0.516502,34,real,-1,13
510642,4.845853,40,real,-1,19
510674,0.654902,32,real,-1,11
510707,1.210037,33,real,-1,12
510741,-0.877856,34,real,-1,13
510769,1.503183,28,real,-1,7
510806,6.922087,37,real,-1,16
510837,2.200874,31,real,-1,10
510879,-3.37193,42,real,-1,21
510901,1.485306,22,real,-1,1
510933,5.253891,32,real,-1,11
510958,-1.199757,25,real,-1,4
510996,2.453749,38,real,-1,17
511038,1.210699,42,real,-1,21
511075,4.835899,37,real,-1,16
511102,6.166156,27,real,-1,6
511126,5.962628,24,real,-1,3
511154,-0.369973,28,real,-1,7
511187,16.322591,33,real,-1,12
511212,5.901084,25,real,-1,4
511245,-8.294217,33,real,-1,12
511267,1.803975,22,real,-1,1
511307,-4.067823,40,real,-1,19
511330,4.812928,23,real,-1,2
511371,13.257462,41,real,-1,20
511407,-1.37993,36,real,-1,15
511448,-2.318288,41,real,-1,20
511486,-5.472498,38,real,-1,17
511528,5.257651,42,real,-1,21
511558,-0.886912,30,real,-1,9
511597,2.893881,39,real,-1,18
511623,5.735013,26,real,-1,5
511654,-2.207237,31,real,-1,10
511694,2.805679,40,real,-1,19
511723,3.015832,29,real,-1,8
511763,2.188443,40,real,-1,19
511784,-1.064428,21,real,-1,0
511807,-6.80728,23,real,-1,2
511834,2.218113,27,real,-1,6
511867,8.873917,33,real,-1,12
511898,7.230357,31,real,-1,10
511935,10.311116,37,real,-1,16
511976,2.674956,41,real,-1,20
512015,5.712694,39,real,-1,18
512046,3.144525,31,real,-1,10
512082,3.173296,36,real,-1,15
512116,-6.841147,34,real,-1,13
512157,2.654907,41,real,-1,20
512181,1.327096,24,real,-1,3
512222,-1.382295,41,real,-1,20
512260,0.198322,38,real,-1,17
512296,-0.130737,36,real,-1,15
512338,9.674674,42,real,-1,21
512380,-3.361458,42,real,-1,21
512408,5.188839,28,real,-1,7
512433,-0.625518,25,real,-1,4
512454,0.015668,21,real,-1,0
512487,7.914289,33,real,-1,12
512515,5.532056,28,real,-1,7
512539,-1.945861,24,real,-1,3
512565,5.591416,26,real,-1,5
512595,-3.734847,30,real,-1,9
512627,5.90201,32,real,-1,11
512649,3.165698,22,real,-1,1
512686,-0.260116,37,real,-1,16
512728,7.120368,42,real,-1,21
512754,3.007914,26,real,-1,5
512794,-1.032434,40,real,-1,19
512819,2.135866,25,real,-1,4
512852,5.997996,33,real,-1,12
512891,2.036424,39,real,-1,18
512926,9.262245,35,real,-1,14
512958,1.912338,32,real,-1,11
512999,0.913076,41,real,-1,20
513032,0.126993,33,real,-1,12
513070,2.069829,38,real,-1,17
513092,-2.664188,22,real,-1,1
513127,14.268235,35,real,-1,14
513167,8.887727,40,real,-1,19
513204,9.873322,37,real,-1,16
513235,11.901261,31,real,-1,10
513273,2.754959,38,real,-1,17
513313,4.367259,40,real,-1,19
513353,5.287407,40,real,-1,19
513395,6.452876,42,real,-1,21
513429,7.876745,34,real,-1,13
513451,-1.142779,22,real,-1,1
513477,5.183413,26,real,-1,5
513502,5.904642,25,real,-1,4
513543,0.18256,41,real,-1,20
513584,4.057716,41,real,-1,20
513606,-4.670876,22,real,-1,1
513648,2.414295,42,real,-1,21
513686,3.275062,38,real,-1,17
513721,2.298152,35,real,-1,14
513762,6.382217,41,real,-1,20
513799,3.648838,37,real,-1,16
513828,8.406073,29,real,-1,8
513860,-2.496474,32,real,-1,11
513894,-0.474132,34,real,-1,13
513922,8.502445,28,real,-1,7
513949,3.015121,27,real,-1,6
513976,1.352803,27,real,-1,6
514007,2.85355,31,real,-1,10
514033,-3.479214,26,real,-1,5
514055,3.010876,22,real,-1,1
514080,1.567945,25,real,-1,4
514102,-2.893742,22,real,-1,1
514125,2.865811,23,real,-1,2
514160,7.409399,35,real,-1,14
514198,1.427273,38,real,-1,17
514232,-5.470548,34,real,-1,13
514261,2.438431,29,real,-1,8
514293,7.349374,32,real,-1,11
514321,2.524038,28,real,-1,7
514345,-5.784443,24,real,-1,3
514383,4.123708,38,real,-1,17
514424,2.883836,41,real,-1,20
514449,2.329552,25,real,-1,4
514482,2.513587,33,real,-1,12
514522,1.96426,40,real,-1,19
514555,4.817162,33,real,-1,12
514576,-1.145939,21,real,-1,0
514601,4.86596,25,real,-1,4
514640,1.536635,39,real,-1,18
514682,9.669646,42,real,-1,21
514708,1.4123,26,real,-1,5
514740,-0.536458,32,real,-1,11
514764,0.567512,24,real,-1,3
514790,-8.831176,26,real,-1,5
514820,2.798702,30,real,-1,9
514853,1.287187,33,real,-1,12
514881,4.895333,28,real,-1,7
514916,2.79979,35,real,-1,14
514940,4.178588,24,real,-1,3
514965,-8.877455,25,real,-1,4
515005,14.429475,40,real,-1,19
515031,7.061555,26,real,-1,5
515064,-3.764925,33,real,-1,12
515095,6.178057,31,real,-1,10
515119,6.422816,24,real,-1,3
515156,3.71781,37,real,-1,16
515184,-10.507019,28,real,-1,7
515215,5.152807,31,real,-1,10
515248,6.440876,33,real,-1,12
515276,0.789795,28,real,-1,7
515297,-0.885911,21,real,-1,0
515322,8.973925,25,real,-1,4
515358,5.893662,36,real,-1,15
515400,-5.429002,42,real,-1,21
515431,-3.609518,31,real,-1,10
515467,9.108105,36,real,-1,15
515500,2.339857,33,real,-1,12
515537,-2.67306,37,real,-1,16
515576,-4.11138,39,real,-1,18
515612,1.611842,36,real,-1,15
515637,7.352987,25,real,-1,4
515660,-0.258456,23,real,-1,2
515682,8.431586,22,real,-1,1
515719,7.599292,37,real,-1,16
515741,-0.227948,22,real,-1,1
515763,1.025432,22,real,-1,1
515804,1.351688,41,real,-1,20
515840,3.552408,36,real,-1,15
515880,11.819286,40,real,-1,19
515908,-11.713042,28,real,-1,7
515937,10.495822,29,real,-1,8
515969,2.250964,32,real,-1,11
515992,-0.195047,23,real,-1,2
516016,0.133895,24,real,-1,3
516044,11.094656,28,real,-1,7
516077,9.195217,33,real,-1,12
516119,7.856034,42,real,-1,21
516146,-1.835686,27,real,-1,6
516177,4.246975,31,real,-1,10
516209,11.964565,32,real,-1,11
516230,1.393527,21,real,-1,0
516271,3.130419,41,real,-1,20
516307,3.30125,36,real,-1,15
516342,-5.896909,35,real,-1,14
516363,3.151909,21,real,-1,0
516401,6.639594,38,real,-1,17
516443,5.354611,42,real,-1,21
516485,-1.803314,42,real,-1,21
516516,6.948652,31,real,-1,10
516539,7.584186,23,real,-1,2
516567,4.732071,28,real,-1,7
516594,2.682811,27,real,-1,6
516628,-4.091935,34,real,-1,13
516669,-0.120991,41,real,-1,20
516705,-0.19007,36,real,-1,15
516747,5.97371,42,real,-1,21
516769,2.44212,22,real,-1,1
516806,5.952765,37,real,-1,16
516839,2.136143,33,real,-1,12
516867,13.244182,28,real,-1,7
516896,6.557552,29,real,-1,8
516917,2.866163,21,real,-1,0
516955,-5.047852,38,real,-1,17
516993,-5.306802,38,real,-1,17
517018,4.445338,25,real,-1,4
517052,0.295504,34,real,-1,13
517092,2.77803,40,real,-1,19
517113,4.034994,21,real,-1,0
517145,3.765846,32,real,-1,11
517177,8.585822,32,real,-1,11
517215,0.478973,38,real,-1,17
517251,6.643823,36,real,-1,15
517278,1.213709,27,real,-1,6
517301,2.005562,23,real,-1,2
517322,1.895981,21,real,-1,0
517351,-0.354755,29,real,-1,8
517392,3.390266,41,real,-1,20
517413,2.843582,21,real,-1,0
517437,-8.434928,24,real,-1,3
517472,6.068773,35,real,-1,14
517504,3.219444,32,real,-1,11
517525,3.63935,21,real,-1,0
517565,-4.002917,40,real,-1,19
517596,10.025398,31,real,-1,10
517618,1.108112,22,real,-1,1
517656,6.047137,38,real,-1,17
517685,4.574704,29,real,-1,8
517725,15.047347,40,real,-1,19
517763,3.852531,38,real,-1,17
517792,0.393773,29,real,-1,8
517820,6.465028,28,real,-1,7
517849,4.690324,29,real,-1,8
517870,2.286161,21,real,-1,0
517904,5.527811,34,real,-1,13
517942,5.985017,38,real,-1,17
517977,-0.442533,35,real,-1,14
518014,5.239264,37,real,-1,16
518043,-2.099114,29,real,-1,8
518067,4.939585,24,real,-1,3
518102,-4.829402,35,real,-1,14
518128,9.613837,26,real,-1,5
518167,0.884896,39,real,-1,18
518203,8.004355,36,real,-1,15
518228,2.632709,25,real,-1,4
518255,3.257618,27,real,-1,6
518280,4.728521,25,real,-1,4
518316,-0.289344,36,real,-1,15
518338,-0.264498,22,real,-1,1
518377,-3.930745,39,real,-1,18
518419,13.170462,42,real,-1,21
518443,-1.03545,24,real,-1,3
518468,3.943945,25,real,-1,4
518499,-7.725985,31,real,-1,10
518540,-2.022932,41,real,-1,20
518569,-0.64101,29,real,-1,8
518606,1.163378,37,real,-1,16
518639,7.20176,33,real,-1,12
518667,0.281139,28,real,-1,7
518698,0.290751,31,real,-1,10
518728,2.958135,30,real,-1,9
518749,-1.053954,21,real,-1,0
518788,6.7161,39,real,-1,18
518824,6.752555,36,real,-1,15
518860,2.142879,36,real,-1,15
518894,7.192516,34,real,-1,13
518926,11.253739,32,real,-1,11
518962,10.108832,36,real,-1,15
519001,0.271059,39,real,-1,18
519023,4.712222,22,real,-1,1
519046,2.691655,23,real,-1,2
519072,2.319328,26,real,-1,5
519108,0.674679,36,real,-1,15
519133,0.529669,25,real,-1,4
519160,8.147085,27,real,-1,6
519188,-5.054462,28,real,-1,7
519224,6.746747,36,real,-1,15
519261,1.663589,37,real,-1,16
519284,1.030566,23,real,-1,2
519317,-1.140671,33,real,-1,12
519359,-3.084415,42,real,-1,21
519392,-0.526888,33,real,-1,12
519416,-0.517504,24,real,-1,3
519455,-2.588454,39,real,-1,18
519492,1.304911,37,real,-1,16
519513,4.016527,21,real,-1,0
519553,5.095905,40,real,-1,19
519580,-5.512079,27,real,-1,6
519615,1.838201,35,real,-1,14
519637,7.560358,22,real,-1,1
519669,1.533932,32,real,-1,11
519698,4.715936,29,real,-1,8
519730,2.042528,32,real,-1,11
519754,5.818818,24,real,-1,3
519780,3.653917,26,real,-1,5
519806,2.608528,26,real,-1,5
519832,4.302365,26,real,-1,5
519853,-3.700134,21,real,-1,0
519879,5.482689,26,real,-1,5
519915,5.234344,36,real,-1,15
519945,-0.508167,30,real,-1,9
519987,5.415291,42,real,-1,21
520013,6.95361,26,real,-1,5
520045,0.76252,32,real,-1,11
520070,2.336694,25,real,-1,4
520108,4.634423,38,real,-1,17
520136,1.142413,28,real,-1,7
520174,1.996791,38,real,-1,17
520197,1.794923,23,real,-1,2
520227,2.233454,30,real,-1,9
520256,8.870557,29,real,-1,8
520298,8.310763,42,real,-1,21
520326,0.628556,28,real,-1,7
520362,3.176036,36,real,-1,15
520393,4.586007,31,real,-1,10
520425,3.041089,32,real,-1,11
520460,9.361493,35,real,-1,14
520496,0.86063,36,real,-1,15
520521,4.216684,25,real,-1,4
520548,1.95043,27,real,-1,6
520576,5.602728,28,real,-1,7
520617,6.077391,41,real,-1,20
520659,0.455344,42,real,-1,21
520697,4.311707,38,real,-1,17
520731,-0.159381,34,real,-1,13
520771,11.715415,40,real,-1,19
520804,-1.729408,33,real,-1,12
520836,-1.58025,32,real,-1,11
520874,1.060471,38,real,-1,17
520910,-0.383692,36,real,-1,15
520939,-0.3899,29,real,-1,8
520967,-4.392732,28,real,-1,7
521007,-3.192421,40,real,-1,19
521030,-1.924215,23,real,-1,2
521060,4.290015,30,real,-1,9
521095,-6.074307,35,real,-1,14
521134,8.554388,39,real,-1,18
521164,1.021965,30,real,-1,9
521202,4.276974,38,real,-1,17
521233,-1.976023,31,real,-1,10
521263,6.195873,30,real,-1,9
521302,-2.417067,39,real,-1,18
521330,2.372315,28,real,-1,7
521351,5.468065,21,real,-1,0
521374,-6.062623,23,real,-1,2
521407,-2.15242,33,real,-1,12
521447,-5.779071,40,real,-1,19
521485,1.407719,38,real,-1,17
521524,2.97274,39,real,-1,18
521553,2.494789,29,real,-1,8
521584,-0.638008,31,real,-1,10
521613,4.284741,29,real,-1,8
521635,6.625343,22,real,-1,1
521660,2.873076,25,real,-1,4
521690,5.931706,30,real,-1,9
521722,9.480893,32,real,-1,11
521764,3.517904,42,real,-1,21
521804,-5.627943,40,real,-1,19
521845,1.420269,41,real,-1,20
521880,-0.70636,35,real,-1,14
521915,2.949373,35,real,-1,14
521955,1.52986,40,real,-1,19
521993,-0.964711,38,real,-1,17
522014,-7.783096,21,real,-1,0
522041,-0.33501,27,real,-1,6
522078,8.866568,37,real,-1,16
522114,-1.561215,36,real,-1,15
522135,4.705263,21,real,-1,0
522173,-0.364858,38,real,-1,17
522214,2.208887,41,real,-1,20
522240,1.297795,26,real,-1,5
522281,0.307877,41,real,-1,20
522321,13.143901,40,real,-1,19
522358,6.646962,37,real,-1,16
522379,-2.563343,21,real,-1,0
522413,2.189367,34,real,-1,13
522443,-7.784415,30,real,-1,9
522476,10.46299,33,real,-1,12
522509,1.441938,33,real,-1,12
522543,-6.044562,34,real,-1,13
522583,9.332914,40,real,-1,19
522610,2.209472,27,real,-1,6
522645,-3.149067,35,real,-1,14
522666,2.268311,21,real,-1,0
522705,3.548535,39,real,-1,18
522736,-2.085946,31,real,-1,10
522757,1.951219,21,real,-1,0
522778,0.96499,21,real,-1,0
522806,3.624819,28,real,-1,7
522830,-1.667227,24,real,-1,3
522859,10.011632,29,real,-1,8
522886,7.841897,27,real,-1,6
522908,-2.802476,22,real,-1,1
522941,4.960266,33,real,-1,12
522973,7.160674,32,real,-1,11
523011,-1.373262,38,real,-1,17
523034,1.901392,23,real,-1,2
523057,-1.133148,23,real,-1,2
523087,2.085066,30,real,-1,9
523119,-6.554637,32,real,-1,11
523150,2.463708,31,real,-1,10
523172,6.452851,22,real,-1,1
523213,3.558487,41,real,-1,20
523236,-8.272466,23,real,-1,2
523273,11.076147,37,real,-1,16
523314,-2.400342,41,real,-1,20
523346,0.311519,32,real,-1,11
523383,-0.121229,37,real,-1,16
523425,1.308184,42,real,-1,21
523462,2.178956,37,real,-1,16
523502,2.668286,40,real,-1,19
523526,-5.014374,24,real,-1,3
523557,0.408248,31,real,-1,10
523593,0.599127,36,real,-1,15
523627,-4.90564,34,real,-1,13
523660,1.430805,33,real,-1,12
523694,2.464263,34,real,-1,13
523718,2.776642,24,real,-1,3
523739,4.72978,21,real,-1,0
523775,-2.281007,36,real,-1,15
523808,4.657603,33,real,-1,12
523846,2.43707,38,real,-1,17
523877,5.733225,31,real,-1,10
523901,-0.954202,24,real,-1,3
523942,14.918222,41,real,-1,20
523974,1.548551,32,real,-1,11
524016,4.791302,42,real,-1,21
524048,6.181916,32,real,-1,11
524071,3.417084,23,real,-1,2
524112,4.840039,41,real,-1,20
524150,4.093117,38,real,-1,17
524190,0.799402,40,real,-1,19
524220,5.715312,30,real,-1,9
524260,7.507385,40,real,-1,19
524299,4.169001,39,real,-1,18
524339,4.354198,40,real,-1,19
524366,2.197319,27,real,-1,6
524394,-4.544618,28,real,-1,7
524434,8.732271,40,real,-1,19
524456,4.839456,22,real,-1,1
524489,6.66735,33,real,-1,12
524511,2.245522,22,real,-1,1
524533,0.323222,22,real,-1,1
524557,-6.57865,24,real,-1,3
524586,4.247317,29,real,-1,8
524615,4.014519,29,real,-1,8
524646,8.634266,31,real,-1,10
524685,2.521825,39,real,-1,18
524717,-3.566757,32,real,-1,11
524739,5.979293,22,real,-1,1
524780,5.93767,41,real,-1,20
524814,0.098191,34,real,-1,13
524836,3.766102,22,real,-1,1
524867,4.405606,31,real,-1,10
524892,0.92155,25,real,-1,4
524929,2.677761,37,real,-1,16
524953,2.564769,24,real,-1,3
524985,6.053447,32,real,-1,11
525023,2.970287,38,real,-1,17
525050,4.187196,27,real,-1,6
525084,-0.119893,34,real,-1,13
525121,-5.31917,37,real,-1,16
525153,-0.637859,32,real,-1,11
525179,3.186949,26,real,-1,5
525212,-3.430107,33,real,-1,12
525239,-2.57956,27,real,-1,6
525277,7.666603,38,real,-1,17
525298,0.305335,21,real,-1,0
525330,6.080108,32,real,-1,11
525357,-0.30586,27,real,-1,6
525384,-1.403062,27,real,-1,6
525426,-1.879508,42,real,-1,21
525465,-6.174382,39,real,-1,18
525501,-8.415158,36,real,-1,15
525537,0.825265,36,real,-1,15
525570,8.187575,33,real,-1,12
525599,5.824766,29,real,-1,8
525621,0.815255,22,real,-1,1
525661,3.191724,40,real,-1,19
525702,0.614225,41,real,-1,20
525736,8.47781,34,real,-1,13
525777,9.29464,41,real,-1,20
525812,3.774274,35,real,-1,14
525854,9.146429,42,real,-1,21
525878,-4.158129,24,real,-1,3
525907,1.974859,29,real,-1,8
525928,1.895653,21,real,-1,0
525951,-5.45205,23,real,-1,2
525989,5.389264,38,real,-1,17
526020,4.985018,31,real,-1,10
526061,3.004162,41,real,-1,20
526094,11.138988,33,real,-1,12
526128,-0.01299,34,real,-1,13
526151,-0.843964,23,real,-1,2
526183,12.102798,32,real,-1,11
526208,0.747369,25,real,-1,4
526247,6.953821,39,real,-1,18
526281,-2.451094,34,real,-1,13
526303,-3.395149,22,real,-1,1
526330,1.271699,27,real,-1,6
526355,2.703205,25,real,-1,4
526378,2.006723,23,real,-1,2
526403,-0.061055,25,real,-1,4
526429,4.583452,26,real,-1,5
526458,5.010057,29,real,-1,8
526482,3.486889,24,real,-1,3
526504,4.952558,22,real,-1,1
526545,10.971112,41,real,-1,20
526568,1.04718,23,real,-1,2
526596,-4.345703,28,real,-1,7
526623,7.549217,27,real,-1,6
526653,13.483086,30,real,-1,9
526679,7.643279,26,real,-1,5
526719,-2.099542,40,real,-1,19
526742,6.049284,23,real,-1,2
526765,-2.832542,23,real,-1,2
526797,4.882326,32,real,-1,11
526822,1.579345,25,real,-1,4
526845,2.633628,23,real,-1,2
526878,3.504078,33,real,-1,12
526912,3.915757,34,real,-1,13
526947,0.331926,35,real,-1,14
526984,7.97807,37,real,-1,16
527022,-10.931206,38,real,-1,17
527045,6.927741,23,real,-1,2
527068,-1.771008,23,real,-1,2
527104,5.587589,36,real,-1,15
527140,-1.060167,36,real,-1,15
527165,3.626753,25,real,-1,4
527206,3.299111,41,real,-1,20
527231,6.762906,25,real,-1,4
527254,-2.948836,23,real,-1,2
527292,6.033665,38,real,-1,17
527330,4.603769,38,real,-1,17
527368,4.750411,38,real,-1,17
527405,5.110441,37,real,-1,16
527428,2.930574,23,real,-1,2
527462,3.653592,34,real,-1,13
527490,1.604787,28,real,-1,7
527513,4.285124,23,real,-1,2
527535,8.076094,22,real,-1,1
527558,-0.077315,23,real,-1,2
527590,-0.614464,32,real,-1,11
527630,7.124516,40,real,-1,19
527655,5.455096,25,real,-1,4
527676,2.386839,21,real,-1,0
527708,9.615857,32,real,-1,11
527729,1.739113,21,real,-1,0
527752,4.573644,23,real,-1,2
527777,2.848011,25,real,-1,4
527808,0.210271,31,real,-1,10
527845,-7.730711,37,real,-1,16
527887,-4.15245,42,real,-1,21
527923,10.061563,36,real,-1,15
527946,0.58259,23,real,-1,2
527971,7.009776,25,real,-1,4
528007,8.216503,36,real,-1,15
528030,-2.939673,23,real,-1,2
528062,4.054425,32,real,-1,11
528085,-0.955965,23,real,-1,2
528120,-3.693621,35,real,-1,14
528159,1.958659,39,real,-1,18
528181,-5.360502,22,real,-1,1
528220,5.698538,39,real,-1,18
528252,-3.508051,32,real,-1,11
528276,0.76098,24,real,-1,3
528299,4.95303,23,real,-1,2
528322,0.89932,23,real,-1,2
528360,0.197043,38,real,-1,17
528387,-2.017621,27,real,-1,6
528417,0.566735,30,real,-1,9
528455,1.711605,38,real,-1,17
528486,-0.177482,31,real,-1,10
528508,5.209544,22,real,-1,1
528538,-1.440006,30,real,-1,9
528566,-4.387064,28,real,-1,7
528588,-2.039534,22,real,-1,1
528610,15.429347,22,real,-1,1
528639,1.76057,29,real,-1,8
528681,1.054407,42,real,-1,21
528713,4.288471,32,real,-1,11
528748,-0.609416,35,real,-1,14
528776,6.284941,28,real,-1,7
528817,-0.721915,41,real,-1,20
528857,2.094305,40,real,-1,19
528880,5.502303,23,real,-1,2
528906,5.140945,26,real,-1,5
528942,8.736794,36,real,-1,15
528984,0.467549,42,real,-1,21
529012,4.113,28,real,-1,7
529041,7.675795,29,real,-1,8
529079,-0.90858,38,real,-1,17
529114,0.26937,35,real,-1,14
529140,4.934677,26,real,-1,5
529163,1.504535,23,real,-1,2
529202,0.172207,39,real,-1,18
529235,-5.644018,33,real,-1,12
529275,9.801515,40,real,-1,19
529301,10.811088,26,real,-1,5
529343,5.742833,42,real,-1,21
529376,5.702572,33,real,-1,12
529397,-1.973466,21,real,-1,0
529427,1.566944,30,real,-1,9
529464,-2.662487,37,real,-1,16
529489,0.139543,25,real,-1,4
529519,7.189107,30,real,-1,9
529541,-8.014864,22,real,-1,1
529574,-0.397616,33,real,-1,12
529610,2.959313,36,real,-1,15
529647,3.307408,37,real,-1,16
529685,4.289272,38,real,-1,17
529710,-1.038951,25,real,-1,4
529737,2.70411,27,real,-1,6
529765,2.043109,28,real,-1,7
529791,1.487151,26,real,-1,5
529822,4.322897,31,real,-1,10
529847,3.657195,25,real,-1,4
529883,-8.399324,36,real,-1,15
529919,5.594557,36,real,-1,15
529947,-0.038931,28,real,-1,7
529983,4.753336,36,real,-1,15
530014,3.200045,31,real,-1,10
530046,-0.479698,32,real,-1,11
530070,5.381618,24,real,-1,3
530098,0.748772,28,real,-1,7
530127,4.174262,29,real,-1,8
530154,-1.803836,27,real,-1,6
530184,2.855051,30,real,-1,9
530220,10.394246,36,real,-1,15
530247,1.76248,27,real,-1,6
530276,-0.945316,29,real,-1,8
530302,0.564145,26,real,-1,5
530328,3.003541,26,real,-1,5
530351,-4.329677,23,real,-1,2
530378,-3.239188,27,real,-1,6
530417,9.342013,39,real,-1,18
530449,-1.356156,32,real,-1,11
530476,-5.24781,27,real,-1,6
530509,9.328782,33,real,-1,12
530544,8.840934,35,real,-1,14
530566,2.993382,22,real,-1,1
530603,5.883732,37,real,-1,16
530643,3.061096,40,real,-1,19
530667,2.443408,24,real,-1,3
530692,-8.409944,25,real,-1,4
530716,-1.942828,24,real,-1,3
530756,8.890486,40,real,-1,19
530792,-3.173619,36,real,-1,15
530819,-1.442782,27,real,-1,6
530847,3.518131,28,real,-1,7
530871,-1.402429,24,real,-1,3
530912,4.237824,41,real,-1,20
530940,2.308126,28,real,-1,7
530967,1.140734,27,real,-1,6
531002,12.970779,35,real,-1,14
531030,4.663416,28,real,-1,7
531052,-1.370781,22,real,-1,1
531076,0.629257,24,real,-1,3
531113,-5.40211,37,real,-1,16
531142,3.536072,29,real,-1,8
531171,2.162604,29,real,-1,8
531206,7.222482,35,real,-1,14
531228,-3.088254,22,real,-1,1
531270,7.621848,42,real,-1,21
531295,0.955247,25,real,-1,4
531327,1.501635,32,real,-1,11
531357,3.315084,30,real,-1,9
531389,5.288724,32,real,-1,11
531431,7.370463,42,real,-1,21
531464,4.96282,33,real,-1,12
531502,-3.401251,38,real,-1,17
531525,-2.655383,23,real,-1,2
531554,-2.996205,29,real,-1,8
531586,-12.212864,32,real,-1,11
531610,1.141634,24,real,-1,3
531635,5.180716,25,real,-1,4
531659,5.69098,24,real,-1,3
531690,5.54727,31,real,-1,10
531720,3.345316,30,real,-1,9
531741,4.386073,21,real,-1,0
531779,8.504599,38,real,-1,17
531808,6.61817,29,real,-1,8
531844,4.474364,36,real,-1,15
531868,-5.062889,24,real,-1,3
531905,7.070905,37,real,-1,16
531937,5.707834,32,real,-1,11
531966,6.230104,29,real,-1,8
532008,9.951699,42,real,-1,21
532036,2.46517,28,real,-1,7
532060,-4.142475,24,real,-1,3
532094,6.772957,34,real,-1,13
532127,1.607062,33,real,-1,12
532163,3.278491,36,real,-1,15
532194,5.890224,31,real,-1,10
532235,0.367554,41,real,-1,20
532258,5.812046,23,real,-1,2
532286,5.717566,28,real,-1,7
532314,-3.23715,28,real,-1,7
532342,-2.939375,28,real,-1,7
532373,-4.725889,31,real,-1,10
532394,10.044157,21,real,-1,0
532432,14.569294,38,real,-1,17
532463,3.952337,31,real,-1,10
