timesteps,reward,length,source,scenario,k
39,-29.444546,39,synthetic,1,18
66,-16.369676,27,synthetic,0,6
90,1.6921,24,real,-1,3
122,-3.79345,32,real,-1,11
156,0.236766,34,real,-1,13
183,-40.373449,27,synthetic,2,6
212,-31.862267,29,synthetic,2,8
249,-27.507058,37,synthetic,2,16
271,-48.812426,22,synthetic,2,1
293,-14.611411,22,synthetic,0,1
322,-11.847026,29,synthetic,0,8
343,-30.458498,21,synthetic,2,0
369,-26.737451,26,synthetic,1,5
400,0.250201,31,real,-1,10
429,-38.966648,29,synthetic,2,8
468,-31.70772,39,synthetic,2,18
508,0.183967,40,real,-1,19
547,-32.046853,39,synthetic,1,18
577,-3.327918,30,real,-1,9
599,-32.497695,22,synthetic,2,1
634,-22.07357,35,synthetic,1,14
670,-19.815756,36,synthetic,1,15
707,2.673555,37,real,-1,16
733,-12.502233,26,synthetic,0,5
755,-2.870418,22,real,-1,1
784,-43.481518,29,synthetic,2,8
822,-39.350744,38,synthetic,2,17
857,-29.393515,35,synthetic,1,14
896,-0.716237,39,real,-1,18
932,-11.841838,36,synthetic,0,15
965,-34.562106,33,synthetic,1,12
1006,-24.857091,41,synthetic,0,20
1046,-15.496464,40,synthetic,0,19
1086,-0.423763,40,real,-1,19
1108,-23.541231,22,synthetic,1,1
1140,-1.21079,32,real,-1,11
1170,-4.199844,30,real,-1,9
1195,-29.24484,25,synthetic,1,4
1236,-7.444753,41,real,-1,20
1270,-38.555864,34,synthetic,2,13
1309,-47.535393,39,synthetic,2,18
1339,-6.475182,30,real,-1,9
1361,-5.347095,22,real,-1,1
1398,3.938581,37,real,-1,16
1423,-5.415551,25,real,-1,4
1465,-5.589388,42,real,-1,21
1505,-7.578502,40,real,-1,19
1527,0.795162,22,real,-1,1
1555,-8.14313,28,real,-1,7
1584,2.249179,29,real,-1,8
1610,-26.064864,26,synthetic,1,5
1650,-5.930828,40,real,-1,19
1692,-16.348596,42,synthetic,0,21
1727,-3.920213,35,real,-1,14
1763,-4.470218,36,real,-1,15
1788,-29.020877,25,synthetic,1,4
1829,-41.485062,41,synthetic,2,20
1852,-34.574461,23,synthetic,2,2
1892,-37.686201,40,synthetic,2,19
1923,-37.797974,31,synthetic,2,10
1958,-20.034451,35,synthetic,1,14
1998,-31.457478,40,synthetic,2,19
2035,-13.427097,37,synthetic,0,16
2060,-38.902319,25,synthetic,2,4
2083,-12.36296,23,synthetic,0,2
2121,-15.641954,38,synthetic,1,17
2158,-25.455709,37,synthetic,2,16
2189,-13.712799,31,synthetic,0,10
2220,-38.48449,31,synthetic,2,10
2256,-36.412581,36,synthetic,2,15
2278,-25.534483,22,synthetic,1,1
2299,-30.865805,21,synthetic,2,0
2338,-1.782943,39,real,-1,18
2379,-6.006631,41,real,-1,20
2417,-8.993585,38,real,-1,17
2440,-5.008726,23,synthetic,0,2
2463,-16.463835,23,synthetic,0,2
2495,-7.606516,32,real,-1,11
2529,-45.326755,34,synthetic,2,13
2550,-32.780657,21,synthetic,2,0
2581,-28.899262,31,synthetic,1,10
2608,-3.01041,27,real,-1,6
2644,-43.204329,36,synthetic,2,15
2686,-11.125071,42,real,-1,21
2721,-36.713642,35,synthetic,2,14
2755,-2.291928,34,real,-1,13
2792,-12.357522,37,synthetic,0,16
2818,-0.854026,26,real,-1,5
2845,-6.831464,27,real,-1,6
2878,-3.465898,33,real,-1,12
2912,-40.197769,34,synthetic,2,13
2945,-8.694793,33,synthetic,0,12
2967,-33.223861,22,synthetic,2,1
3002,1.66734,35,real,-1,14
3035,-28.830186,33,synthetic,1,12
3072,-8.982178,37,synthetic,0,16
3109,-34.373615,37,synthetic,1,16
3141,-34.118476,32,synthetic,2,11
3171,-1.965276,30,real,-1,9
3208,-47.607224,37,synthetic,2,16
3250,-17.383673,42,synthetic,0,21
3278,-37.641791,28,synthetic,2,7
3313,-20.036876,35,synthetic,1,14
3353,-31.981671,40,synthetic,2,19
3385,-3.49006,32,real,-1,11
3412,-8.21156,27,synthetic,0,6
3453,1.18617,41,real,-1,20
3479,-17.847585,26,synthetic,0,5
3521,-40.482966,42,synthetic,2,21
3555,-4.864927,34,real,-1,13
3596,-42.447961,41,synthetic,2,20
3630,-14.199929,34,synthetic,0,13
3655,-38.269703,25,synthetic,2,4
3697,-32.255481,42,synthetic,1,21
3723,-40.640809,26,synthetic,2,5
3746,-34.261757,23,synthetic,2,2
3783,-3.060344,37,real,-1,16
3808,-18.811746,25,synthetic,0,4
3834,-1.432071,26,real,-1,5
3875,-6.880275,41,real,-1,20
3907,2.334088,32,real,-1,11
3928,-33.37991,21,synthetic,2,0
3967,-48.241579,39,synthetic,2,18
4004,-0.715615,37,real,-1,16
4044,2.130632,40,real,-1,19
4066,-22.945659,22,synthetic,1,1
4102,3.177318,36,real,-1,15
4125,-29.913748,23,synthetic,1,2
4146,-31.972869,21,synthetic,2,0
4184,-3.014849,38,real,-1,17
4226,-46.629061,42,synthetic,2,21
4260,-35.335285,34,synthetic,2,13
4290,-19.078439,30,synthetic,1,9
4320,-21.758993,30,synthetic,1,9
4361,-23.339851,41,synthetic,1,20
4391,-9.604536,30,real,-1,9
4416,-2.353217,25,real,-1,4
4443,-2.789175,27,real,-1,6
4465,-39.478861,22,synthetic,2,1
4492,5.441893,27,real,-1,6
4522,-1.591318,30,real,-1,9
4554,-36.734891,32,synthetic,2,11
4580,1.115037,26,real,-1,5
4621,1.557747,41,real,-1,20
4655,-11.93748,34,synthetic,1,13
4682,-23.098417,27,synthetic,1,6
4712,-28.43447,30,synthetic,1,9
4747,-29.361192,35,synthetic,1,14
4789,-8.116766,42,real,-1,21
4816,-5.37346,27,real,-1,6
4849,-32.177227,33,synthetic,2,12
4880,0.15451,31,real,-1,10
4915,-1.112437,35,real,-1,14
4953,-3.801023,38,real,-1,17
4985,-30.458955,32,synthetic,2,11
5023,-12.639172,38,synthetic,0,17
5059,-50.038975,36,synthetic,2,15
5093,-15.182368,34,synthetic,1,13
5120,-53.607801,27,synthetic,2,6
5162,5.977121,42,real,-1,21
5186,-20.933892,24,synthetic,1,3
5220,-46.969285,34,synthetic,2,13
5244,-39.665099,24,synthetic,2,3
5277,-11.409,33,synthetic,0,12
5302,-26.823447,25,synthetic,1,4
5336,-45.36583,34,synthetic,2,13
5363,-25.37876,27,synthetic,1,6
5398,-1.097635,35,real,-1,14
5423,-33.217637,25,synthetic,2,4
5458,-12.708825,35,synthetic,0,14
5488,-10.339496,30,real,-1,9
5517,-30.432617,29,synthetic,2,8
5554,-32.344786,37,synthetic,1,16
5588,-17.16968,34,synthetic,0,13
5622,-0.826654,34,real,-1,13
5659,-31.11446,37,synthetic,2,16
5687,-23.882797,28,synthetic,1,7
5727,-12.54459,40,synthetic,0,19
5751,3.062317,24,real,-1,3
5778,-21.777546,27,synthetic,1,6
5817,-26.443328,39,synthetic,2,18
5857,-20.245953,40,synthetic,1,19
5882,-7.593148,25,synthetic,0,4
5906,-20.010988,24,synthetic,1,3
5938,-41.507408,32,synthetic,2,11
5975,-24.401827,37,synthetic,1,16
6014,4.575173,39,real,-1,18
6044,-8.499533,30,real,-1,9
6071,-13.794768,27,synthetic,0,6
6106,-18.829448,35,synthetic,1,14
6146,-23.763584,40,synthetic,0,19
6175,-41.349417,29,synthetic,2,8
6204,-5.389572,29,real,-1,8
6242,-35.745406,38,synthetic,1,17
6278,-37.962334,36,synthetic,2,15
6311,-7.297738,33,real,-1,12
6350,-12.429409,39,real,-1,18
6383,-41.38396,33,synthetic,2,12
6416,-30.770703,33,synthetic,2,12
6455,-27.294471,39,synthetic,1,18
6496,-5.050434,41,real,-1,20
6538,-19.733301,42,synthetic,0,21
6579,-9.214734,41,real,-1,20
6618,-10.53437,39,real,-1,18
6649,-19.161407,31,synthetic,0,10
6687,-2.451516,38,real,-1,17
6726,-40.2429,39,synthetic,2,18
6761,0.55855,35,real,-1,14
6788,-1.776534,27,real,-1,6
6816,-21.23311,28,synthetic,1,7
6839,-19.744171,23,synthetic,1,2
6865,-42.247427,26,synthetic,2,5
6890,-16.936451,25,synthetic,1,4
6911,-4.376781,21,real,-1,0
6950,-18.240671,39,synthetic,0,18
6974,-24.872305,24,synthetic,1,3
7011,-45.225233,37,synthetic,2,16
7049,-21.00185,38,synthetic,2,17
7082,-23.420163,33,synthetic,1,12
7113,-13.521064,31,synthetic,0,10
7151,-40.592875,38,synthetic,2,17
7180,-38.372845,29,synthetic,2,8
7207,-1.641799,27,real,-1,6
7247,-22.56039,40,synthetic,1,19
7283,-6.57117,36,synthetic,0,15
7313,2.307721,30,real,-1,9
7338,-34.389207,25,synthetic,2,4
7367,-25.309801,29,synthetic,1,8
7389,-27.538961,22,synthetic,2,1
7422,-4.086577,33,real,-1,12
7463,-45.091259,41,synthetic,2,20
7500,-3.243498,37,synthetic,0,16
7522,-37.962415,22,synthetic,2,1
7556,-17.407874,34,synthetic,0,13
7598,-4.599761,42,real,-1,21
7635,-13.478053,37,synthetic,0,16
7668,-23.321635,33,synthetic,1,12
7699,0.227239,31,real,-1,10
7735,-30.26158,36,synthetic,2,15
7765,-10.041064,30,synthetic,0,9
7801,-26.219914,36,synthetic,1,15
7836,-26.388393,35,synthetic,1,14
7870,-25.846057,34,synthetic,1,13
7904,-17.533723,34,synthetic,1,13
7931,-21.422327,27,synthetic,1,6
7962,-31.58597,31,synthetic,1,10
7987,-31.1938,25,synthetic,1,4
8021,-34.656336,34,synthetic,1,13
8051,-1.874417,30,real,-1,9
8075,1.31013,24,real,-1,3
8108,2.19506,33,real,-1,12
8138,-37.492842,30,synthetic,2,9
8171,-15.404158,33,synthetic,0,12
8197,1.094487,26,real,-1,5
8229,-0.248947,32,real,-1,11
8250,-23.52118,21,synthetic,1,0
8290,-39.093482,40,synthetic,2,19
8314,2.2606,24,real,-1,3
8349,-3.121392,35,real,-1,14
8382,-28.041331,33,synthetic,1,12
8423,-10.880758,41,synthetic,0,20
8447,-14.986675,24,synthetic,0,3
8481,-8.939612,34,real,-1,13
8509,-26.54254,28,synthetic,1,7
8543,-51.45016,34,synthetic,2,13
8569,-0.819871,26,real,-1,5
8596,-32.658077,27,synthetic,2,6
8634,-11.727915,38,synthetic,0,17
8656,-21.813191,22,synthetic,1,1
8677,3.843579,21,real,-1,0
8699,-30.497609,22,synthetic,2,1
8727,-22.594805,28,synthetic,1,7
8756,-37.317416,29,synthetic,2,8
8779,-3.713966,23,real,-1,2
8815,-2.078843,36,real,-1,15
8857,-23.697848,42,synthetic,1,21
8884,-10.998178,27,synthetic,0,6
8908,-18.486522,24,synthetic,1,3
8935,-24.705385,27,synthetic,2,6
8968,-42.821455,33,synthetic,2,12
9006,-0.080858,38,real,-1,17
9043,-7.581511,37,synthetic,0,16
9084,-17.880703,41,synthetic,0,20
9124,-24.143298,40,synthetic,1,19
9147,-37.824507,23,synthetic,2,2
9178,-29.855086,31,synthetic,1,10
9200,-14.933314,22,synthetic,0,1
9230,-16.574453,30,synthetic,0,9
9260,-26.808381,30,synthetic,2,9
9289,-25.964986,29,synthetic,1,8
9324,-31.551613,35,synthetic,1,14
9350,-4.387542,26,synthetic,0,5
9391,-7.115303,41,real,-1,20
9426,-12.456398,35,synthetic,1,14
9457,-13.153622,31,synthetic,0,10
9495,-45.148641,38,synthetic,2,17
9529,-37.037915,34,synthetic,2,13
9556,-34.411332,27,synthetic,2,6
9586,-40.269028,30,synthetic,2,9
9610,-29.878581,24,synthetic,2,3
9644,-8.025923,34,real,-1,13
9686,-39.420128,42,synthetic,2,21
9722,-35.9684,36,synthetic,2,15
9751,-6.70282,29,synthetic,0,8
9790,-22.358659,39,synthetic,0,18
9830,-29.732435,40,synthetic,1,19
9871,-12.024025,41,synthetic,0,20
9904,-22.612317,33,synthetic,1,12
9945,-36.385715,41,synthetic,2,20
9982,-5.561942,37,real,-1,16
10008,-33.157344,26,synthetic,2,5
10039,-19.005514,31,synthetic,0,10
10068,-36.063711,29,synthetic,2,8
10093,-34.557122,25,synthetic,2,4
10134,-5.602018,41,real,-1,20
10156,-6.310768,22,real,-1,1
10182,-9.223942,26,synthetic,0,5
10222,5.345757,40,real,-1,19
10247,-21.491046,25,synthetic,1,4
10274,2.115879,27,real,-1,6
10311,-24.227661,37,synthetic,0,16
10340,-43.158474,29,synthetic,2,8
10366,-30.344195,26,synthetic,2,5
10396,-33.497829,30,synthetic,2,9
10437,-12.684778,41,synthetic,0,20
10479,-23.003688,42,synthetic,1,21
10519,-30.565893,40,synthetic,2,19
10547,-5.628301,28,real,-1,7
10589,-8.243289,42,synthetic,0,21
10611,-10.558982,22,synthetic,0,1
10640,-42.191782,29,synthetic,2,8
10668,-31.455895,28,synthetic,2,7
10700,-13.58866,32,synthetic,0,11
10730,-22.059436,30,synthetic,1,9
10766,-11.889737,36,synthetic,0,15
10794,-25.423251,28,synthetic,2,7
10832,-34.359979,38,synthetic,2,17
10864,-10.724186,32,synthetic,0,11
10891,-20.648766,27,synthetic,1,6
10920,-0.941981,29,real,-1,8
10962,-13.893254,42,synthetic,0,21
10983,-41.043154,21,synthetic,2,0
11015,-3.477704,32,synthetic,0,11
11037,-1.524273,22,real,-1,1
11076,-28.564457,39,synthetic,2,18
11118,-14.020417,42,synthetic,0,21
11145,-2.06131,27,real,-1,6
11184,-20.366932,39,synthetic,1,18
11210,-30.128582,26,synthetic,2,5
11237,-40.27795,27,synthetic,2,6
11277,-34.57732,40,synthetic,2,19
11317,-37.368149,40,synthetic,2,19
11342,-22.334563,25,synthetic,1,4
11378,-51.216655,36,synthetic,2,15
11418,-25.643092,40,synthetic,1,19
11454,-35.278805,36,synthetic,2,15
11493,-32.23484,39,synthetic,2,18
11519,-4.00564,26,real,-1,5
11549,-3.027474,30,real,-1,9
11586,-44.83282,37,synthetic,2,16
11609,-15.865841,23,synthetic,0,2
11650,-5.182675,41,synthetic,0,20
11686,-9.983611,36,real,-1,15
11721,-29.827516,35,synthetic,2,14
11760,-34.388051,39,synthetic,1,18
11782,-42.545186,22,synthetic,2,1
11818,-29.421708,36,synthetic,2,15
11840,-29.389121,22,synthetic,2,1
11869,-51.010114,29,synthetic,2,8
11906,-1.531046,37,real,-1,16
11944,-7.515756,38,synthetic,0,17
11983,-29.359823,39,synthetic,1,18
12014,-5.566265,31,real,-1,10
12048,-45.244651,34,synthetic,2,13
12077,-50.875177,29,synthetic,2,8
12114,2.953046,37,real,-1,16
12141,-4.36951,27,real,-1,6
12179,-4.272754,38,real,-1,17
12219,-29.192335,40,synthetic,1,19
12249,-4.051885,30,real,-1,9
12291,-8.889355,42,synthetic,0,21
12316,-0.817242,25,real,-1,4
12347,-1.889063,31,real,-1,10
12370,-2.651479,23,real,-1,2
12396,-44.975234,26,synthetic,2,5
12432,-9.062517,36,synthetic,0,15
12456,-3.564501,24,real,-1,3
12481,-13.216502,25,synthetic,1,4
12522,-28.546776,41,synthetic,1,20
12545,-10.277194,23,synthetic,0,2
12575,-17.245168,30,synthetic,1,9
12605,-41.142496,30,synthetic,2,9
12630,-10.593302,25,synthetic,0,4
12653,-35.405812,23,synthetic,2,2
12687,-29.495044,34,synthetic,1,13
12717,-31.872721,30,synthetic,2,9
12741,-12.436318,24,synthetic,0,3
12775,-40.86204,34,synthetic,2,13
12807,-14.891833,32,synthetic,0,11
12847,0.511227,40,real,-1,19
12889,-39.656627,42,synthetic,2,21
12914,-15.236817,25,synthetic,0,4
12945,-47.965395,31,synthetic,2,10
12977,-23.57941,32,synthetic,1,11
13003,-19.713635,26,synthetic,1,5
13024,-12.696928,21,synthetic,0,0
13062,-34.3807,38,synthetic,2,17
13101,-22.25515,39,synthetic,1,18
13139,-6.474611,38,real,-1,17
13163,-4.641976,24,real,-1,3
13191,-31.474289,28,synthetic,1,7
13215,1.261775,24,real,-1,3
13255,-29.510064,40,synthetic,1,19
13288,-8.16443,33,synthetic,0,12
13312,-37.790138,24,synthetic,2,3
13342,0.088874,30,real,-1,9
13369,-14.20754,27,synthetic,0,6
13390,-4.951073,21,real,-1,0
13419,-8.56001,29,synthetic,0,8
13440,-5.731401,21,real,-1,0
13475,-27.835415,35,synthetic,1,14
13512,-12.433081,37,synthetic,0,16
13547,0.5989,35,real,-1,14
13569,-4.673653,22,real,-1,1
13597,-3.477461,28,real,-1,7
13631,-13.803539,34,synthetic,0,13
13658,-44.544195,27,synthetic,2,6
13685,-34.098346,27,synthetic,2,6
13711,-27.381487,26,synthetic,1,5
13751,-22.328185,40,synthetic,1,19
13780,-8.814837,29,synthetic,0,8
13818,-32.027551,38,synthetic,1,17
13850,0.886804,32,real,-1,11
13882,-0.8015,32,real,-1,11
13922,0.161634,40,real,-1,19
13950,-3.387204,28,real,-1,7
13988,-18.161167,38,synthetic,0,17
14025,-27.54105,37,synthetic,1,16
14064,-0.157917,39,real,-1,18
14104,-12.828651,40,synthetic,1,19
14139,1.449778,35,real,-1,14
14174,-5.053433,35,real,-1,14
14216,-23.585676,42,synthetic,1,21
14256,-2.877553,40,real,-1,19
14295,-7.972564,39,real,-1,18
14325,-29.950558,30,synthetic,1,9
14346,-19.811317,21,synthetic,1,0
14386,-1.369034,40,real,-1,19
14417,-14.41407,31,synthetic,0,10
14439,-6.387445,22,real,-1,1
14465,-25.723968,26,synthetic,2,5
14495,-39.259626,30,synthetic,2,9
14526,-0.249831,31,real,-1,10
14555,-20.096766,29,synthetic,1,8
14585,-34.820144,30,synthetic,1,9
14626,-43.350327,41,synthetic,2,20
14662,-31.652641,36,synthetic,2,15
14695,-21.639504,33,synthetic,1,12
14729,-23.857226,34,synthetic,1,13
14770,-30.834696,41,synthetic,1,20
14793,-17.637153,23,synthetic,1,2
14826,-26.310265,33,synthetic,1,12
14865,-16.581283,39,synthetic,0,18
14901,-0.937801,36,real,-1,15
14936,-2.589619,35,real,-1,14
14960,-9.633768,24,real,-1,3
15002,-26.517884,42,synthetic,1,21
15042,-24.042193,40,synthetic,1,19
15082,-11.477224,40,synthetic,0,19
15121,-9.230918,39,real,-1,18
15148,-3.992049,27,real,-1,6
15188,-10.614736,40,synthetic,0,19
15229,-31.188589,41,synthetic,2,20
15263,-30.471025,34,synthetic,1,13
15295,-23.313859,32,synthetic,1,11
15316,-30.817657,21,synthetic,2,0
15356,-44.367761,40,synthetic,2,19
15398,-22.613975,42,synthetic,1,21
15440,-26.340372,42,synthetic,1,21
15462,-36.292009,22,synthetic,2,1
15488,-40.436692,26,synthetic,2,5
15529,-23.480476,41,synthetic,2,20
15550,-16.376706,21,synthetic,0,0
15591,-12.459923,41,real,-1,20
15625,-8.222932,34,real,-1,13
15659,-19.516722,34,synthetic,1,13
15695,-3.92682,36,real,-1,15
15722,-28.098822,27,synthetic,2,6
15748,2.479023,26,real,-1,5
15770,-30.776859,22,synthetic,2,1
15803,-5.993863,33,real,-1,12
15833,-31.290849,30,synthetic,2,9
15858,-1.960469,25,real,-1,4
15890,-9.973291,32,synthetic,0,11
15911,-5.56162,21,real,-1,0
15944,-25.388316,33,synthetic,1,12
15968,-13.643489,24,synthetic,1,3
15992,-2.500517,24,real,-1,3
16029,-4.347048,37,synthetic,0,16
16051,-16.162069,22,synthetic,0,1
16088,-13.926919,37,real,-1,16
16126,-21.615958,38,synthetic,1,17
16159,0.954684,33,real,-1,12
16196,-18.998024,37,synthetic,0,16
16227,-12.991378,31,synthetic,0,10
16262,-9.314049,35,synthetic,0,14
16287,-28.340314,25,synthetic,1,4
16324,-4.457157,37,real,-1,16
16366,-10.027441,42,synthetic,0,21
16397,-45.049488,31,synthetic,2,10
16438,-44.440365,41,synthetic,2,20
16461,-0.988255,23,real,-1,2
16500,-21.980105,39,synthetic,1,18
16539,-18.653298,39,synthetic,0,18
16567,-24.277078,28,synthetic,1,7
16588,-27.180202,21,synthetic,1,0
16620,-22.065766,32,synthetic,2,11
16649,-24.415309,29,synthetic,1,8
16675,-18.148182,26,synthetic,0,5
16705,-25.967607,30,synthetic,2,9
16741,-22.77885,36,synthetic,0,15
16781,-24.259716,40,synthetic,0,19
16814,-42.833571,33,synthetic,2,12
16849,-25.018978,35,synthetic,1,14
16890,-21.51802,41,synthetic,0,20
16922,-17.649924,32,synthetic,1,11
16948,0.026886,26,real,-1,5
16990,-3.656098,42,real,-1,21
17024,-7.690436,34,real,-1,13
17058,-8.191172,34,real,-1,13
17089,-9.406919,31,synthetic,0,10
17119,-39.512938,30,synthetic,2,9
17159,-7.422952,40,real,-1,19
17185,-21.681666,26,synthetic,2,5
17215,-30.063306,30,synthetic,2,9
17248,-5.674443,33,real,-1,12
17290,-27.03276,42,synthetic,2,21
17322,-32.353942,32,synthetic,2,11
17352,-32.548085,30,synthetic,2,9
17385,-5.591215,33,real,-1,12
17411,-26.622027,26,synthetic,1,5
17432,-2.47265,21,real,-1,0
17468,-16.223518,36,synthetic,1,15
17491,-4.683511,23,real,-1,2
17531,-1.527227,40,real,-1,19
17572,-3.135269,41,real,-1,20
17601,-2.212479,29,real,-1,8
17631,-18.652115,30,synthetic,0,9
17669,-1.212321,38,real,-1,17
17699,-9.647385,30,synthetic,0,9
17737,-15.095096,38,synthetic,0,17
17777,-15.658795,40,synthetic,0,19
17805,-42.970518,28,synthetic,2,7
17845,-15.697948,40,synthetic,0,19
17887,-21.038308,42,synthetic,0,21
17910,-28.086411,23,synthetic,2,2
17936,-2.772843,26,real,-1,5
17967,-9.711747,31,synthetic,0,10
17988,-6.609659,21,synthetic,0,0
18023,-4.620825,35,real,-1,14
18062,-31.327032,39,synthetic,1,18
18098,-1.190367,36,real,-1,15
18129,-51.631133,31,synthetic,2,10
18171,-28.742654,42,synthetic,2,21
18203,-12.249517,32,real,-1,11
18235,-22.588972,32,synthetic,1,11
18277,2.125959,42,real,-1,21
18319,-31.805328,42,synthetic,2,21
18340,-20.423204,21,synthetic,1,0
18382,-1.239775,42,real,-1,21
18415,-13.203753,33,synthetic,0,12
18443,-23.629997,28,synthetic,2,7
18470,4.309026,27,real,-1,6
18506,-23.092999,36,synthetic,1,15
18532,-5.905095,26,real,-1,5
18557,-25.129882,25,synthetic,1,4
18598,-38.051612,41,synthetic,1,20
18630,-22.516172,32,synthetic,1,11
18669,-14.463892,39,synthetic,0,18
18695,-13.769834,26,synthetic,1,5
18736,-4.765978,41,real,-1,20
18764,-12.520182,28,synthetic,0,7
18786,-4.226737,22,real,-1,1
18827,0.993089,41,real,-1,20
18861,-3.046347,34,real,-1,13
18884,-3.152959,23,real,-1,2
18916,-7.883721,32,real,-1,11
18954,-30.842432,38,synthetic,2,17
18980,-56.109266,26,synthetic,2,5
19004,-17.806772,24,synthetic,0,3
19045,-38.412754,41,synthetic,2,20
19085,-12.825933,40,synthetic,0,19
19123,-47.904183,38,synthetic,2,17
19150,-46.513625,27,synthetic,2,6
19190,-10.47177,40,real,-1,19
19228,-11.781648,38,synthetic,0,17
19269,6.25472,41,real,-1,20
19292,-34.751711,23,synthetic,2,2
19326,-39.606074,34,synthetic,2,13
19363,-33.289257,37,synthetic,1,16
19394,-16.319251,31,synthetic,0,10
19416,-33.090287,22,synthetic,2,1
19451,-18.700192,35,synthetic,1,14
19486,-29.602933,35,synthetic,2,14
19527,-14.05525,41,synthetic,0,20
19551,0.616425,24,real,-1,3
19586,-16.872581,35,synthetic,1,14
19619,-11.562503,33,synthetic,0,12
19659,-14.188735,40,synthetic,0,19
19693,-32.469362,34,synthetic,2,13
19731,-14.563235,38,synthetic,0,17
19758,-24.03468,27,synthetic,1,6
19786,-22.896573,28,synthetic,2,7
19828,-2.264946,42,real,-1,21
19857,-10.77054,29,synthetic,0,8
19891,-23.334299,34,synthetic,1,13
19922,-21.925766,31,synthetic,1,10
19946,0.086708,24,real,-1,3
19982,-29.156823,36,synthetic,1,15
20008,-9.48977,26,synthetic,0,5
20050,-32.253492,42,synthetic,1,21
20084,-30.101463,34,synthetic,1,13
20105,-12.383201,21,synthetic,1,0
20132,-4.269608,27,real,-1,6
20170,-16.173163,38,synthetic,0,17
20203,-16.798954,33,synthetic,0,12
20230,-40.931606,27,synthetic,2,6
20271,-24.901371,41,synthetic,1,20
20306,-41.631986,35,synthetic,2,14
20328,-3.858774,22,real,-1,1
20367,-33.58678,39,synthetic,2,18
20407,-3.88206,40,real,-1,19
20428,-11.222405,21,real,-1,0
20465,-22.148138,37,synthetic,1,16
20493,-27.801274,28,synthetic,1,7
20534,-37.999912,41,synthetic,2,20
20573,-43.151108,39,synthetic,2,18
20599,-22.236093,26,synthetic,1,5
20634,-11.31761,35,synthetic,0,14
20657,-35.488639,23,synthetic,2,2
20698,-6.445732,41,real,-1,20
20735,-2.89378,37,real,-1,16
20771,-13.633134,36,synthetic,0,15
20810,-4.069633,39,real,-1,18
20834,-25.216742,24,synthetic,1,3
20875,-34.13481,41,synthetic,1,20
20902,3.02162,27,real,-1,6
20933,-7.978685,31,synthetic,0,10
20971,-2.445701,38,real,-1,17
20993,-5.258537,22,real,-1,1
21023,-43.01087,30,synthetic,2,9
21065,-8.120052,42,real,-1,21
21096,-21.415194,31,synthetic,0,10
21129,-25.621479,33,synthetic,1,12
21157,-12.072223,28,synthetic,0,7
21197,-1.484207,40,real,-1,19
21228,-24.449921,31,synthetic,1,10
21260,-15.382494,32,synthetic,1,11
21293,-16.179922,33,synthetic,1,12
21327,-5.6962,34,synthetic,0,13
21365,-12.833621,38,synthetic,0,17
21401,-11.156092,36,synthetic,0,15
21439,-18.071411,38,synthetic,0,17
21478,-8.447469,39,synthetic,0,18
21504,-5.00608,26,real,-1,5
21538,-10.764284,34,synthetic,0,13
21563,-25.853626,25,synthetic,1,4
21584,-2.355268,21,real,-1,0
21606,-34.940887,22,synthetic,2,1
21647,-24.850527,41,synthetic,1,20
21668,-11.364574,21,synthetic,0,0
21706,-15.273646,38,synthetic,1,17
21728,-12.677207,22,synthetic,0,1
21769,-27.355567,41,synthetic,2,20
21811,-22.692522,42,synthetic,1,21
21834,-20.959699,23,synthetic,1,2
21862,-14.671983,28,synthetic,0,7
21887,-18.80626,25,synthetic,1,4
21910,0.143799,23,real,-1,2
21945,-42.473587,35,synthetic,2,14
21971,-2.142704,26,real,-1,5
22010,-28.530251,39,synthetic,0,18
22043,-0.338443,33,real,-1,12
22073,-35.943369,30,synthetic,2,9
22107,-1.753176,34,real,-1,13
22146,-6.992599,39,real,-1,18
22173,-1.728769,27,real,-1,6
22195,-12.890084,22,synthetic,1,1
22230,-40.787773,35,synthetic,2,14
22251,-26.776513,21,synthetic,2,0
22273,-6.93036,22,synthetic,0,1
22304,3.501206,31,real,-1,10
22326,-6.77274,22,real,-1,1
22349,-21.120482,23,synthetic,1,2
22370,-28.649383,21,synthetic,1,0
22405,-35.27716,35,synthetic,2,14
22440,-27.343473,35,synthetic,2,14
22461,1.017715,21,real,-1,0
22497,2.142948,36,real,-1,15
22539,-1.717759,42,real,-1,21
22571,-42.534232,32,synthetic,2,11
22604,-26.271793,33,synthetic,1,12
22643,-38.914533,39,synthetic,2,18
22669,-1.116836,26,real,-1,5
22706,-8.762574,37,real,-1,16
22727,0.104411,21,real,-1,0
22750,2.77705,23,real,-1,2
22774,-2.131405,24,real,-1,3
22806,-4.828947,32,real,-1,11
22842,-20.134461,36,synthetic,1,15
22872,-19.535588,30,synthetic,1,9
22911,0.34461,39,real,-1,18
22950,-9.454299,39,real,-1,18
22973,-29.686492,23,synthetic,2,2
23001,-29.988552,28,synthetic,2,7
23037,-17.273668,36,synthetic,0,15
23066,-46.660065,29,synthetic,2,8
23098,-13.991416,32,synthetic,0,11
23130,-33.939083,32,synthetic,2,11
23169,-51.792238,39,synthetic,2,18
23208,-37.973512,39,synthetic,2,18
23229,5.264385,21,real,-1,0
23268,-27.212423,39,synthetic,1,18
23303,-14.458058,35,synthetic,0,14
23335,-19.876185,32,synthetic,1,11
23373,-40.302372,38,synthetic,2,17
23401,-19.206719,28,synthetic,0,7
23429,-20.96265,28,synthetic,2,7
23467,-36.449569,38,synthetic,2,17
23500,-14.821391,33,synthetic,0,12
23524,-7.365931,24,synthetic,0,3
23559,-44.002763,35,synthetic,2,14
23581,3.761209,22,real,-1,1
23616,-1.433833,35,real,-1,14
23658,-20.252766,42,synthetic,1,21
23685,-1.227694,27,real,-1,6
23724,-14.047952,39,synthetic,0,18
23765,-1.897837,41,real,-1,20
23786,-44.066636,21,synthetic,2,0
23827,-3.717272,41,real,-1,20
23856,-23.229181,29,synthetic,1,8
23897,-31.250474,41,synthetic,1,20
23939,-6.575111,42,real,-1,21
23967,-24.083757,28,synthetic,1,7
24009,-17.645882,42,synthetic,1,21
24042,-36.906241,33,synthetic,2,12
24063,5.937185,21,real,-1,0
24087,-3.764755,24,real,-1,3
24126,-7.110492,39,real,-1,18
24160,-32.872241,34,synthetic,2,13
24185,-6.58644,25,synthetic,0,4
24221,-14.672866,36,synthetic,0,15
24249,-17.309102,28,synthetic,0,7
24274,-34.77133,25,synthetic,2,4
24310,-10.348335,36,synthetic,0,15
24331,-32.135229,21,synthetic,2,0
24367,-2.359549,36,real,-1,15
24405,-26.620349,38,synthetic,2,17
24432,-48.716315,27,synthetic,2,6
24463,-2.360539,31,real,-1,10
24501,-10.994425,38,synthetic,1,17
24540,-17.747215,39,synthetic,0,18
24571,2.052244,31,real,-1,10
24606,-14.761532,35,synthetic,0,14
24630,-45.224073,24,synthetic,2,3
24667,-25.580196,37,synthetic,1,16
24708,-29.191101,41,synthetic,1,20
24747,1.804915,39,real,-1,18
24789,0.724986,42,real,-1,21
24810,2.178203,21,real,-1,0
24831,-16.056494,21,synthetic,0,0
24855,-30.746234,24,synthetic,2,3
24877,-30.478836,22,synthetic,2,1
24919,-2.276332,42,real,-1,21
24950,-10.43648,31,synthetic,0,10
24981,-31.830843,31,synthetic,1,10
25014,-17.807218,33,synthetic,1,12
25035,-31.877068,21,synthetic,2,0
25056,-33.3495,21,synthetic,2,0
25097,6.777106,41,real,-1,20
25123,-34.75712,26,synthetic,2,5
25159,-15.81213,36,synthetic,0,15
25189,-5.963786,30,real,-1,9
25213,1.844896,24,real,-1,3
25253,-20.088427,40,synthetic,2,19
25295,-32.370947,42,synthetic,2,21
25327,-15.904616,32,synthetic,1,11
25356,-30.045458,29,synthetic,1,8
25377,-8.790307,21,synthetic,0,0
25402,-29.638833,25,synthetic,1,4
25439,-4.933483,37,real,-1,16
25473,-17.628462,34,synthetic,1,13
25501,-39.697312,28,synthetic,2,7
25541,-43.552912,40,synthetic,2,19
25583,-16.213057,42,synthetic,0,21
25621,-7.101214,38,real,-1,17
25653,-10.513959,32,real,-1,11
25685,-29.700928,32,synthetic,2,11
25713,3.564634,28,real,-1,7
25742,-33.268048,29,synthetic,2,8
25773,4.227849,31,real,-1,10
25807,-17.766873,34,synthetic,1,13
25828,-30.539053,21,synthetic,2,0
25856,-30.870858,28,synthetic,1,7
25891,-1.300781,35,real,-1,14
25920,-6.35265,29,real,-1,8
25954,-4.660524,34,real,-1,13
25993,-21.842689,39,synthetic,1,18
26020,-12.563735,27,synthetic,0,6
26058,-25.129372,38,synthetic,2,17
26097,-17.191211,39,synthetic,0,18
26118,-23.26719,21,synthetic,1,0
26153,-25.667031,35,synthetic,1,14
26186,-32.135118,33,synthetic,1,12
26212,-23.430459,26,synthetic,1,5
26243,-17.960522,31,synthetic,1,10
26265,-3.420348,22,real,-1,1
26305,-16.395399,40,synthetic,0,19
26328,-11.392974,23,synthetic,0,2
26352,-12.382808,24,synthetic,0,3
26375,-26.72567,23,synthetic,1,2
26399,1.879017,24,real,-1,3
26429,-10.113076,30,synthetic,0,9
26462,-5.249571,33,real,-1,12
26494,-3.286967,32,real,-1,11
26523,-12.725149,29,synthetic,0,8
26549,-18.417982,26,synthetic,0,5
26579,4.823049,30,real,-1,9
26621,-1.913271,42,real,-1,21
26660,-0.733374,39,real,-1,18
26681,-27.902958,21,synthetic,2,0
26709,-1.858944,28,real,-1,7
26740,-13.20823,31,synthetic,1,10
26769,-43.315577,29,synthetic,2,8
26801,-3.066106,32,real,-1,11
26823,0.000657,22,real,-1,1
26857,-22.978916,34,synthetic,1,13
26894,-39.24936,37,synthetic,2,16
26931,-11.953556,37,synthetic,0,16
26972,-11.079463,41,synthetic,0,20
27013,-34.019014,41,synthetic,1,20
27048,-30.668162,35,synthetic,1,14
27084,-34.018604,36,synthetic,2,15
27105,-13.39672,21,synthetic,0,0
27137,-41.843062,32,synthetic,2,11
27159,-37.065823,22,synthetic,2,1
27194,-15.032414,35,real,-1,14
27217,-17.505225,23,synthetic,1,2
27255,-25.070731,38,synthetic,2,17
27289,-39.09928,34,synthetic,2,13
27312,-17.072704,23,synthetic,1,2
27342,-7.02109,30,synthetic,0,9
27379,-26.714604,37,synthetic,1,16
27412,-9.420157,33,synthetic,0,12
27435,-9.152531,23,real,-1,2
27470,-2.606053,35,real,-1,14
27500,-45.509021,30,synthetic,2,9
27525,-6.336668,25,real,-1,4
27566,-24.206535,41,synthetic,1,20
27600,1.418791,34,real,-1,13
27640,-29.804301,40,synthetic,2,19
27678,-38.485609,38,synthetic,2,17
27713,-8.268773,35,real,-1,14
27745,-8.364683,32,real,-1,11
27783,-11.800449,38,synthetic,0,17
27823,-46.804247,40,synthetic,2,19
27864,-18.684704,41,synthetic,1,20
27904,-14.717162,40,real,-1,19
27939,-9.005989,35,synthetic,0,14
27963,-22.895126,24,synthetic,1,3
27996,-5.793528,33,real,-1,12
28023,-15.754823,27,synthetic,0,6
28044,3.846862,21,real,-1,0
28077,-19.949347,33,synthetic,1,12
28116,-0.667952,39,real,-1,18
28141,1.588134,25,real,-1,4
28183,0.856707,42,real,-1,21
28220,-27.336041,37,synthetic,1,16
28257,0.493953,37,real,-1,16
28292,-17.925637,35,synthetic,0,14
28333,-13.086897,41,synthetic,1,20
28367,-35.337228,34,synthetic,2,13
28392,-1.091394,25,real,-1,4
28424,-28.690635,32,synthetic,1,11
28465,-6.369902,41,real,-1,20
28500,-13.034825,35,synthetic,0,14
28532,-18.746496,32,synthetic,0,11
28569,-39.261449,37,synthetic,2,16
28593,-0.724916,24,real,-1,3
28625,-1.057719,32,real,-1,11
28653,-48.158417,28,synthetic,2,7
28686,-19.995401,33,synthetic,0,12
28714,-19.71305,28,synthetic,1,7
28754,-18.070348,40,synthetic,0,19
28775,2.076792,21,real,-1,0
28815,-11.514583,40,synthetic,0,19
28844,-3.404297,29,real,-1,8
28865,-10.302918,21,synthetic,0,0
28886,-47.129369,21,synthetic,2,0
28918,-12.574209,32,synthetic,0,11
28956,-8.569817,38,synthetic,0,17
28978,-9.515377,22,synthetic,0,1
29020,-27.25366,42,synthetic,1,21
29057,-12.017653,37,synthetic,0,16
29085,-2.473507,28,real,-1,7
29113,-18.803936,28,synthetic,1,7
29143,-32.881597,30,synthetic,2,9
29174,-21.557052,31,synthetic,1,10
29211,-30.269592,37,synthetic,1,16
29242,-1.886955,31,real,-1,10
29273,-22.607769,31,synthetic,1,10
29295,-29.80598,22,synthetic,2,1
29325,-29.858149,30,synthetic,1,9
29358,-38.655055,33,synthetic,1,12
29399,-25.79119,41,synthetic,2,20
29427,-28.734972,28,synthetic,1,7
29463,-6.269476,36,synthetic,0,15
29490,-13.550928,27,synthetic,0,6
29520,-22.116136,30,synthetic,1,9
29561,-39.660833,41,synthetic,1,20
29600,-5.187609,39,real,-1,18
29632,-16.266418,32,synthetic,0,11
29670,-2.653475,38,real,-1,17
29710,-13.05047,40,synthetic,0,19
29738,-51.084111,28,synthetic,2,7
29779,-18.578623,41,synthetic,1,20
29815,-4.943197,36,synthetic,0,15
29855,-30.001591,40,synthetic,1,19
29877,-3.640714,22,real,-1,1
29912,-29.301596,35,synthetic,2,14
29939,-12.541575,27,synthetic,0,6
29960,-13.190412,21,synthetic,0,0
30001,-13.881082,41,synthetic,0,20
30031,-8.128197,30,real,-1,9
30061,-0.897553,30,real,-1,9
30086,-20.50195,25,synthetic,0,4
30110,-35.539389,24,synthetic,2,3
30139,-16.124645,29,synthetic,1,8
30160,-18.75011,21,synthetic,1,0
30187,-31.496587,27,synthetic,2,6
30211,-2.143745,24,real,-1,3
30250,-16.118616,39,synthetic,1,18
30280,-16.963286,30,synthetic,0,9
30306,-28.198166,26,synthetic,1,5
30338,-32.389627,32,synthetic,2,11
30359,-9.869016,21,synthetic,0,0
30396,-15.108397,37,synthetic,0,16
30437,-11.365383,41,synthetic,0,20
30464,-15.761488,27,synthetic,0,6
30504,-10.548829,40,synthetic,0,19
30534,-5.512849,30,synthetic,0,9
30559,-9.140212,25,synthetic,0,4
30590,-43.450249,31,synthetic,2,10
30614,-2.830795,24,real,-1,3
30638,-1.172359,24,real,-1,3
30671,-8.906755,33,real,-1,12
30700,-35.213586,29,synthetic,2,8
30723,-25.705367,23,synthetic,1,2
30762,-5.001559,39,real,-1,18
30800,-6.627602,38,real,-1,17
30832,-10.20124,32,real,-1,11
30855,-9.016773,23,synthetic,0,2
30888,-30.879188,33,synthetic,1,12
30914,-18.986796,26,synthetic,0,5
30945,-2.216319,31,real,-1,10
30983,-7.126393,38,real,-1,17
31022,-2.420119,39,real,-1,18
31057,-19.605346,35,synthetic,1,14
31084,-4.605512,27,real,-1,6
31116,-20.695555,32,synthetic,1,11
31157,-22.859237,41,synthetic,1,20
31182,-33.486554,25,synthetic,2,4
31210,-30.451542,28,synthetic,1,7
31243,-14.802579,33,synthetic,0,12
31283,-34.3142,40,synthetic,2,19
31314,-19.101806,31,synthetic,0,10
31340,-13.795997,26,synthetic,0,5
31373,-24.675405,33,synthetic,1,12
31396,-3.554099,23,real,-1,2
31430,-18.469386,34,synthetic,0,13
31461,-20.91328,31,synthetic,1,10
31484,-17.317517,23,synthetic,0,2
31525,-1.682972,41,real,-1,20
31548,-5.694838,23,synthetic,0,2
31574,-15.494788,26,synthetic,0,5
31612,-7.643824,38,real,-1,17
31653,-20.016037,41,synthetic,1,20
31693,-41.125107,40,synthetic,2,19
31720,-46.438332,27,synthetic,2,6
31749,-11.17456,29,synthetic,0,8
31772,-27.502476,23,synthetic,1,2
31808,-14.118035,36,synthetic,1,15
31841,-27.600599,33,synthetic,1,12
31868,-5.580301,27,synthetic,0,6
31893,-8.333886,25,real,-1,4
31914,-35.103635,21,synthetic,2,0
31953,-40.424032,39,synthetic,2,18
31983,-21.829971,30,synthetic,1,9
32021,-32.437939,38,synthetic,2,17
32051,-19.989337,30,synthetic,0,9
32081,-30.45282,30,synthetic,2,9
32119,-49.387581,38,synthetic,2,17
32140,-24.855623,21,synthetic,0,0
32166,-29.500892,26,synthetic,2,5
32200,-20.260785,34,synthetic,1,13
32233,-14.98122,33,synthetic,0,12
32273,-25.396596,40,synthetic,1,19
32307,-6.959898,34,real,-1,13
32348,-0.387265,41,real,-1,20
32375,0.543306,27,real,-1,6
32414,-7.727489,39,real,-1,18
32453,-3.416237,39,real,-1,18
32493,0.497442,40,real,-1,19
32523,1.400616,30,real,-1,9
32553,4.931763,30,real,-1,9
32581,-17.158044,28,synthetic,1,7
32611,-12.155957,30,synthetic,0,9
32653,-35.120262,42,synthetic,2,21
32693,-11.538953,40,synthetic,0,19
32715,-12.191359,22,synthetic,0,1
32752,-2.332366,37,synthetic,0,16
32794,-19.569408,42,synthetic,0,21
32819,-24.636224,25,synthetic,1,4
32853,-19.318316,34,synthetic,0,13
32884,-8.232397,31,real,-1,10
32924,-20.880803,40,synthetic,0,19
32963,-6.395688,39,real,-1,18
32997,-28.603559,34,synthetic,1,13
33024,-6.552783,27,synthetic,0,6
33051,-20.289901,27,synthetic,1,6
33092,-15.167748,41,synthetic,0,20
33134,-9.316999,42,synthetic,0,21
33156,-1.417002,22,real,-1,1
33189,-8.704073,33,synthetic,0,12
33229,-1.496994,40,synthetic,0,19
33251,-33.25905,22,synthetic,2,1
33286,-3.855697,35,real,-1,14
33318,-30.640571,32,synthetic,2,11
33347,-13.92274,29,synthetic,0,8
33368,5.581142,21,real,-1,0
33399,-27.674973,31,synthetic,1,10
33436,-11.535849,37,real,-1,16
33468,-10.470235,32,synthetic,0,11
33490,-28.49779,22,synthetic,1,1
33524,-38.593942,34,synthetic,2,13
33552,-27.827685,28,synthetic,1,7
33581,-2.203313,29,real,-1,8
33615,-15.764214,34,synthetic,0,13
33650,-25.410679,35,synthetic,1,14
33673,-38.462843,23,synthetic,2,2
33712,-15.381501,39,synthetic,0,18
33743,-37.806245,31,synthetic,2,10
33775,-15.910522,32,synthetic,0,11
33804,-29.634615,29,synthetic,1,8
33828,3.769999,24,real,-1,3
33866,-23.85489,38,synthetic,2,17
33893,-2.112512,27,real,-1,6
33922,-1.195529,29,real,-1,8
33963,-36.388564,41,synthetic,1,20
33990,-11.32843,27,synthetic,0,6
34021,-9.620985,31,synthetic,0,10
34050,-1.259955,29,real,-1,8
34073,-10.86125,23,synthetic,0,2
34106,-19.741188,33,synthetic,0,12
34146,-41.708345,40,synthetic,2,19
34170,3.549063,24,real,-1,3
34210,-24.899751,40,synthetic,1,19
34243,-30.595276,33,synthetic,1,12
34280,-28.329734,37,synthetic,1,16
34319,3.700611,39,real,-1,18
34342,-41.711428,23,synthetic,2,2
34365,-0.734732,23,real,-1,2
34407,-42.872544,42,synthetic,2,21
34447,-5.554721,40,real,-1,19
34486,-34.270382,39,synthetic,1,18
34515,-25.769282,29,synthetic,1,8
34546,-16.241576,31,synthetic,0,10
34581,-4.428074,35,real,-1,14
34612,-45.299641,31,synthetic,2,10
34640,-32.147439,28,synthetic,2,7
34672,-30.767237,32,synthetic,2,11
34693,-42.773733,21,synthetic,2,0
34729,-11.969442,36,synthetic,0,15
34762,-6.754317,33,synthetic,0,12
34785,-31.722632,23,synthetic,2,2
34809,-24.406962,24,synthetic,1,3
34830,-4.280724,21,synthetic,0,0
34855,-8.306232,25,real,-1,4
34876,-40.991919,21,synthetic,2,0
34900,-2.006689,24,real,-1,3
34923,-1.621704,23,real,-1,2
34951,-2.042959,28,real,-1,7
34982,-6.788776,31,real,-1,10
35008,-35.468833,26,synthetic,2,5
35048,-14.975745,40,synthetic,0,19
35070,-27.525473,22,synthetic,1,1
35095,-37.811463,25,synthetic,2,4
35120,0.439887,25,real,-1,4
35156,-14.892147,36,synthetic,0,15
35186,-6.230667,30,real,-1,9
35213,-10.161608,27,synthetic,0,6
35245,-30.79681,32,synthetic,2,11
35280,-26.573063,35,synthetic,1,14
35312,-31.347353,32,synthetic,2,11
35336,-6.945457,24,real,-1,3
35375,0.111364,39,real,-1,18
35404,-20.535699,29,synthetic,1,8
35426,-0.172219,22,real,-1,1
35465,-40.220161,39,synthetic,2,18
35496,-17.611824,31,synthetic,0,10
35537,-34.178608,41,synthetic,1,20
35559,-0.348871,22,real,-1,1
35595,-20.382347,36,synthetic,1,15
35617,-20.550031,22,synthetic,0,1
35646,-9.289946,29,synthetic,0,8
35670,-29.277357,24,synthetic,1,3
35712,-21.7724,42,synthetic,1,21
35741,-23.209374,29,synthetic,1,8
35766,-40.045831,25,synthetic,2,4
35800,-19.512716,34,synthetic,0,13
35824,-15.889102,24,synthetic,0,3
35861,-7.333038,37,real,-1,16
35886,-20.626448,25,synthetic,0,4
35919,-24.680541,33,synthetic,1,12
35958,-20.050329,39,synthetic,1,18
35995,-21.491195,37,synthetic,0,16
36017,-27.062339,22,synthetic,1,1
36041,-0.358842,24,real,-1,3
36072,0.965958,31,real,-1,10
36109,-31.237185,37,synthetic,1,16
36151,-44.172709,42,synthetic,2,21
36187,1.416147,36,real,-1,15
36225,-25.900809,38,synthetic,1,17
36251,-30.103346,26,synthetic,1,5
36277,-3.131791,26,real,-1,5
36310,-15.302587,33,synthetic,0,12
36333,-13.737011,23,real,-1,2
36361,-16.513784,28,synthetic,0,7
36394,-27.469745,33,synthetic,2,12
36428,-31.316258,34,synthetic,2,13
36460,-0.817926,32,real,-1,11
36481,-0.635695,21,real,-1,0
36508,-28.771758,27,synthetic,1,6
36543,-8.187449,35,synthetic,0,14
36578,-29.961364,35,synthetic,2,14
36606,-48.070242,28,synthetic,2,7
36637,-22.701488,31,synthetic,1,10
36675,-41.476377,38,synthetic,2,17
36704,-30.969129,29,synthetic,1,8
36727,-18.034406,23,synthetic,1,2
36768,-1.185928,41,real,-1,20
36806,-3.735841,38,synthetic,0,17
36844,-5.933598,38,real,-1,17
36868,-28.027431,24,synthetic,2,3
36896,-0.032354,28,real,-1,7
36926,-23.21244,30,synthetic,0,9
36959,-39.804693,33,synthetic,2,12
36993,-25.513374,34,synthetic,1,13
37019,-26.469432,26,synthetic,1,5
37044,-10.947936,25,synthetic,0,4
37069,-21.449496,25,synthetic,1,4
37098,-15.811088,29,synthetic,0,8
37124,-0.134727,26,real,-1,5
37162,3.93279,38,real,-1,17
37190,-30.217903,28,synthetic,2,7
37232,-15.6703,42,synthetic,0,21
37254,1.571278,22,real,-1,1
37292,-5.342894,38,real,-1,17
37314,-29.897873,22,synthetic,1,1
37354,-10.232768,40,synthetic,0,19
37381,-13.532154,27,synthetic,1,6
37406,-16.029996,25,synthetic,0,4
37430,-14.422291,24,synthetic,0,3
37463,0.08253,33,real,-1,12
37493,-2.584302,30,real,-1,9
37515,-1.379591,22,real,-1,1
37551,-10.848929,36,synthetic,0,15
37584,-6.955084,33,real,-1,12
37625,-44.140261,41,synthetic,2,20
37646,-21.239036,21,synthetic,1,0
37688,-4.110758,42,real,-1,21
37713,-30.620392,25,synthetic,2,4
37751,-9.659119,38,synthetic,0,17
37788,-29.335651,37,synthetic,2,16
37830,-4.750275,42,real,-1,21
37857,1.861812,27,real,-1,6
37878,-15.519963,21,synthetic,0,0
37904,-8.70248,26,real,-1,5
37935,-55.05565,31,synthetic,2,10
37973,-42.055175,38,synthetic,2,17
37997,4.596968,24,real,-1,3
38025,-40.46435,28,synthetic,2,7
38049,-5.002843,24,real,-1,3
38076,-26.676486,27,synthetic,1,6
38108,-16.493991,32,synthetic,0,11
38140,-20.562199,32,synthetic,1,11
38168,3.060518,28,real,-1,7
38195,-39.777748,27,synthetic,1,6
38223,-37.732924,28,synthetic,2,7
38246,-23.689323,23,synthetic,1,2
38278,-16.891346,32,synthetic,1,11
38315,-4.552155,37,real,-1,16
38354,3.862361,39,real,-1,18
38382,-3.144757,28,real,-1,7
38414,-23.568998,32,synthetic,1,11
38454,-10.492085,40,synthetic,0,19
38480,-13.276007,26,synthetic,0,5
38507,2.33378,27,real,-1,6
38536,-19.94005,29,synthetic,1,8
38568,-0.185808,32,real,-1,11
38591,-0.044347,23,real,-1,2
38622,-42.700169,31,synthetic,2,10
38646,-11.029672,24,real,-1,3
38669,-24.848268,23,synthetic,1,2
38699,-34.180101,30,synthetic,2,9
38726,2.321136,27,real,-1,6
38760,-5.153777,34,real,-1,13
38800,-13.143407,40,synthetic,1,19
38832,-3.535934,32,real,-1,11
38863,-7.300535,31,synthetic,0,10
38891,-15.155775,28,synthetic,0,7
38918,-42.335625,27,synthetic,2,6
38940,0.867217,22,real,-1,1
38970,-13.884582,30,synthetic,0,9
38994,-0.981874,24,real,-1,3
39022,-8.323774,28,real,-1,7
39054,-20.231764,32,synthetic,1,11
39089,-11.880353,35,synthetic,0,14
39115,-41.273576,26,synthetic,2,5
39137,-0.761722,22,real,-1,1
39158,-39.643931,21,synthetic,2,0
39195,-36.389622,37,synthetic,2,16
39234,-31.344355,39,synthetic,2,18
39265,-20.449711,31,synthetic,2,10
39306,-12.423672,41,synthetic,0,20
39341,-47.050645,35,synthetic,2,14
39373,-39.676707,32,synthetic,2,11
39400,-26.081243,27,synthetic,2,6
39439,-21.265577,39,synthetic,1,18
39479,-24.368952,40,synthetic,1,19
39510,-43.557377,31,synthetic,2,10
39543,-19.13629,33,synthetic,0,12
39580,-16.581149,37,synthetic,0,16
39606,-3.021955,26,real,-1,5
39629,-2.946362,23,real,-1,2
39651,-15.787506,22,synthetic,0,1
39682,-4.213982,31,real,-1,10
39704,-9.607872,22,real,-1,1
39739,0.201975,35,real,-1,14
39778,-24.430583,39,synthetic,1,18
39819,-22.485195,41,synthetic,2,20
39848,-37.462172,29,synthetic,2,8
39871,-26.655067,23,synthetic,1,2
39899,1.089241,28,real,-1,7
39939,-21.808002,40,synthetic,0,19
39977,-20.5839,38,synthetic,0,17
39998,-41.56586,21,synthetic,2,0
40040,-6.291922,42,real,-1,21
40080,-9.940988,40,synthetic,0,19
40119,-38.627938,39,synthetic,2,18
40149,-10.579282,30,real,-1,9
40182,-5.045451,33,real,-1,12
40213,-19.774997,31,synthetic,1,10
40241,-6.042257,28,synthetic,0,7
40270,-11.767737,29,synthetic,1,8
40297,-30.291411,27,synthetic,1,6
40334,-0.507564,37,real,-1,16
40368,-13.578461,34,synthetic,0,13
40389,-34.056205,21,synthetic,2,0
40411,-19.776555,22,synthetic,1,1
40441,-11.218797,30,synthetic,0,9
40477,-14.264828,36,synthetic,0,15
40509,-20.013856,32,synthetic,1,11
40542,-10.776019,33,synthetic,0,12
40576,-40.04842,34,synthetic,2,13
40598,-26.277205,22,synthetic,1,1
40634,-5.662631,36,real,-1,15
40670,-5.738445,36,real,-1,15
40702,-8.089768,32,synthetic,0,11
40724,-22.492534,22,synthetic,1,1
40754,-35.155034,30,synthetic,2,9
40790,1.139533,36,real,-1,15
40823,-18.982781,33,synthetic,1,12
40849,-25.794165,26,synthetic,1,5
40872,-38.223168,23,synthetic,2,2
40908,-27.979093,36,synthetic,1,15
40932,-30.621561,24,synthetic,1,3
40957,-33.334568,25,synthetic,2,4
40980,-32.071404,23,synthetic,2,2
41012,-10.899335,32,synthetic,0,11
41033,-27.130893,21,synthetic,2,0
41060,-5.916981,27,real,-1,6
41095,-13.526935,35,synthetic,0,14
41137,-25.891953,42,synthetic,1,21
41175,-23.592684,38,synthetic,1,17
41202,-13.491976,27,synthetic,1,6
41226,-28.876976,24,synthetic,1,3
41259,-3.435607,33,real,-1,12
41292,-11.972163,33,synthetic,0,12
41319,-2.628549,27,real,-1,6
41349,-1.277034,30,real,-1,9
41383,-15.579036,34,synthetic,0,13
41425,1.934349,42,real,-1,21
41450,-19.195578,25,synthetic,1,4
41474,-7.667534,24,real,-1,3
41505,-0.900024,31,real,-1,10
41532,-2.793712,27,real,-1,6
41562,-18.396829,30,synthetic,1,9
41584,-23.774007,22,synthetic,1,1
41618,-31.481825,34,synthetic,1,13
41651,-17.616487,33,synthetic,0,12
41678,-35.471666,27,synthetic,2,6
41707,-32.384861,29,synthetic,2,8
41728,-36.979026,21,synthetic,2,0
41750,-26.319898,22,synthetic,1,1
41776,-0.680802,26,real,-1,5
41800,-1.271465,24,real,-1,3
41837,-7.582872,37,real,-1,16
41874,-39.200255,37,synthetic,2,16
41901,-1.541973,27,real,-1,6
41922,-40.549807,21,synthetic,2,0
41961,-34.302396,39,synthetic,2,18
42003,-10.999717,42,synthetic,0,21
42027,2.034232,24,real,-1,3
42063,-27.874167,36,synthetic,1,15
42094,-18.326502,31,synthetic,1,10
42118,-24.736926,24,synthetic,1,3
42144,-43.765922,26,synthetic,2,5
42168,-36.046051,24,synthetic,2,3
42197,-39.007518,29,synthetic,1,8
42233,-7.556323,36,real,-1,15
42256,-18.376007,23,synthetic,0,2
42286,-1.09222,30,real,-1,9
42326,-29.200057,40,synthetic,1,19
42359,-12.82723,33,synthetic,0,12
42400,-32.276942,41,synthetic,2,20
42435,-38.52027,35,synthetic,2,14
42468,-32.680652,33,synthetic,2,12
42505,-27.039431,37,synthetic,1,16
42546,-21.820208,41,synthetic,1,20
42571,-38.626765,25,synthetic,2,4
42598,-28.77548,27,synthetic,1,6
42631,-4.200933,33,synthetic,0,12
42667,-17.987083,36,synthetic,0,15
42704,-34.130139,37,synthetic,1,16
42729,-8.277343,25,real,-1,4
42752,-9.71526,23,synthetic,0,2
42785,-7.99378,33,synthetic,0,12
42808,-27.421804,23,synthetic,1,2
42843,-20.494754,35,synthetic,1,14
42868,-7.908291,25,synthetic,0,4
42908,-7.154149,40,synthetic,0,19
42940,-31.862895,32,synthetic,1,11
42970,-7.455568,30,real,-1,9
42999,-6.73496,29,synthetic,0,8
43034,-16.888011,35,synthetic,0,14
43056,-29.457742,22,synthetic,2,1
43096,-19.16413,40,synthetic,1,19
43131,-1.823655,35,real,-1,14
43167,-5.652227,36,real,-1,15
43189,0.659111,22,real,-1,1
43216,-29.35832,27,synthetic,1,6
43255,-43.309267,39,synthetic,2,18
43296,-20.526095,41,synthetic,2,20
43327,-1.561143,31,real,-1,10
43362,-10.790677,35,synthetic,0,14
43388,-7.037473,26,real,-1,5
43425,-6.5208,37,synthetic,0,16
43467,-5.758264,42,real,-1,21
43500,-10.217363,33,synthetic,0,12
43535,-44.22885,35,synthetic,2,14
43574,-43.124804,39,synthetic,2,18
43595,-38.662579,21,synthetic,2,0
43627,-14.76713,32,synthetic,0,11
43660,-27.311006,33,synthetic,1,12
43683,-30.057908,23,synthetic,1,2
43721,-8.35378,38,real,-1,17
43758,-24.40069,37,synthetic,0,16
43782,-33.94062,24,synthetic,2,3
43822,-43.935416,40,synthetic,2,19
43852,-6.7151,30,synthetic,0,9
43877,-3.557712,25,real,-1,4
43906,-2.498269,29,real,-1,8
43938,-26.469981,32,synthetic,1,11
43971,0.433722,33,real,-1,12
43995,-0.399091,24,real,-1,3
44034,-24.864546,39,synthetic,1,18
44056,-3.818196,22,real,-1,1
44082,-38.598839,26,synthetic,2,5
44108,-15.435393,26,synthetic,0,5
44130,-14.992457,22,synthetic,0,1
44151,-16.375949,21,synthetic,0,0
44178,-31.164823,27,synthetic,2,6
44220,-20.870495,42,synthetic,1,21
44248,-33.612348,28,synthetic,2,7
44279,-41.748559,31,synthetic,2,10
44308,-12.389054,29,synthetic,0,8
44350,-7.637196,42,synthetic,0,21
44374,-2.473176,24,real,-1,3
44404,-49.861922,30,synthetic,2,9
44429,-22.420098,25,synthetic,1,4
44458,-24.166058,29,synthetic,1,8
44486,-34.58233,28,synthetic,2,7
44518,-5.269766,32,real,-1,11
44539,-22.424088,21,synthetic,1,0
44580,-13.991448,41,real,-1,20
44613,-10.757792,33,real,-1,12
44652,-17.267186,39,synthetic,1,18
44680,0.831733,28,real,-1,7
44702,4.751143,22,real,-1,1
44727,-19.715866,25,synthetic,1,4
44754,-15.007311,27,synthetic,0,6
44786,-13.316874,32,synthetic,2,11
44824,-37.564993,38,synthetic,2,17
44861,-33.489991,37,synthetic,2,16
44888,-5.392648,27,real,-1,6
44927,-36.444843,39,synthetic,1,18
44959,-25.753525,32,synthetic,1,11
45001,0.68353,42,real,-1,21
45033,-43.267695,32,synthetic,2,11
45057,-32.125315,24,synthetic,2,3
45086,-25.688011,29,synthetic,1,8
45116,-37.11645,30,synthetic,2,9
45157,-1.010669,41,real,-1,20
45178,-42.469884,21,synthetic,2,0
45209,-1.114509,31,real,-1,10
45232,-24.802262,23,synthetic,1,2
45259,-31.027765,27,synthetic,2,6
45287,-4.485321,28,real,-1,7
45312,-33.122875,25,synthetic,2,4
45333,1.237158,21,real,-1,0
45366,-10.697171,33,real,-1,12
45403,-20.984257,37,synthetic,2,16
45437,-5.507223,34,real,-1,13
45459,-26.657036,22,synthetic,1,1
45488,-31.500608,29,synthetic,1,8
45513,-40.456,25,synthetic,2,4
45554,-30.314723,41,synthetic,1,20
45580,-30.437205,26,synthetic,1,5
45614,-8.809029,34,real,-1,13
45641,-29.992478,27,synthetic,1,6
45682,-29.119312,41,synthetic,2,20
45718,-2.507745,36,real,-1,15
45739,-29.803483,21,synthetic,2,0
45763,-33.338241,24,synthetic,2,3
45788,-21.718218,25,synthetic,0,4
45821,-24.872312,33,synthetic,1,12
45846,-27.955849,25,synthetic,2,4
45883,-33.15751,37,synthetic,2,16
45906,-5.754955,23,real,-1,2
45943,-10.234622,37,synthetic,0,16
45978,-25.99197,35,synthetic,2,14
46010,-3.440306,32,real,-1,11
46035,-42.777674,25,synthetic,2,4
46073,-6.266413,38,real,-1,17
46106,-13.771911,33,synthetic,0,12
46136,-2.339168,30,real,-1,9
46160,-30.595681,24,synthetic,1,3
46200,-7.548594,40,real,-1,19
46241,-6.051794,41,real,-1,20
46272,-34.530361,31,synthetic,1,10
46313,-5.641996,41,real,-1,20
46350,-36.52915,37,synthetic,2,16
46382,-40.974849,32,synthetic,2,11
46421,-29.769465,39,synthetic,1,18
46459,-29.789487,38,synthetic,2,17
46494,-2.35737,35,real,-1,14
46529,-4.823581,35,synthetic,0,14
46568,-0.330949,39,real,-1,18
46596,-14.396294,28,synthetic,0,7
46638,-16.090268,42,synthetic,0,21
46675,-4.306164,37,real,-1,16
46709,1.398315,34,real,-1,13
46735,-7.621573,26,synthetic,0,5
46762,-27.622997,27,synthetic,1,6
46788,-4.85575,26,synthetic,0,5
46814,-10.49721,26,synthetic,0,5
46856,-0.863864,42,real,-1,21
46878,0.850651,22,real,-1,1
46900,-23.644073,22,synthetic,1,1
46925,-25.91308,25,synthetic,1,4
46961,-29.43568,36,synthetic,1,15
46989,-1.357636,28,real,-1,7
47013,1.691953,24,real,-1,3
47036,3.632758,23,real,-1,2
47066,-24.493454,30,synthetic,1,9
47088,-6.279445,22,real,-1,1
47109,-21.658873,21,synthetic,1,0
47144,-41.15165,35,synthetic,2,14
47184,-21.995492,40,synthetic,1,19
47221,-20.360547,37,synthetic,0,16
47263,-23.000582,42,synthetic,1,21
47298,-9.56896,35,real,-1,14
47329,-10.290143,31,synthetic,0,10
47368,-6.185633,39,real,-1,18
47404,-16.201638,36,synthetic,1,15
47446,-22.929823,42,synthetic,1,21
47483,-36.941545,37,synthetic,2,16
47509,-47.517444,26,synthetic,2,5
47531,-8.692792,22,synthetic,0,1
47571,0.779728,40,real,-1,19
47613,-10.871417,42,synthetic,0,21
47635,-4.171592,22,real,-1,1
47665,-33.574536,30,synthetic,2,9
47706,-10.097016,41,synthetic,0,20
47732,-26.252306,26,synthetic,1,5
47765,2.305091,33,real,-1,12
47803,-18.836783,38,synthetic,1,17
47831,-19.096585,28,synthetic,1,7
47861,-2.237798,30,real,-1,9
47895,-26.523658,34,synthetic,1,13
47916,-27.891537,21,synthetic,1,0
47953,-5.578358,37,real,-1,16
47981,-8.526607,28,synthetic,0,7
48015,0.151807,34,real,-1,13
48038,-13.215173,23,synthetic,1,2
48074,-38.661958,36,synthetic,2,15
48112,-12.982521,38,real,-1,17
48143,-3.27265,31,real,-1,10
48168,-15.812842,25,synthetic,0,4
48201,-18.686124,33,synthetic,0,12
48234,-2.585975,33,real,-1,12
48262,-1.724617,28,real,-1,7
48292,-32.978232,30,synthetic,1,9
48317,-41.967464,25,synthetic,2,4
48347,-33.399796,30,synthetic,2,9
48373,-20.236021,26,synthetic,1,5
48408,-8.341945,35,real,-1,14
48439,-27.710648,31,synthetic,1,10
48477,-3.472513,38,real,-1,17
48514,-49.711837,37,synthetic,2,16
48537,-0.18483,23,real,-1,2
48573,-16.698523,36,synthetic,1,15
48603,-14.963989,30,synthetic,0,9
48631,-14.512806,28,synthetic,0,7
48656,-47.265286,25,synthetic,2,4
48681,-21.321028,25,synthetic,1,4
48721,-4.414008,40,real,-1,19
48763,5.418854,42,real,-1,21
48790,-24.553647,27,synthetic,0,6
48823,-51.677078,33,synthetic,2,12
48854,-38.250687,31,synthetic,2,10
48887,-18.958501,33,synthetic,1,12
48917,-29.325768,30,synthetic,1,9
48949,-15.575792,32,synthetic,0,11
48970,-31.293326,21,synthetic,1,0
48996,-36.116843,26,synthetic,2,5
49031,-13.333663,35,synthetic,1,14
49060,-17.975263,29,synthetic,1,8
49087,-12.581377,27,synthetic,0,6
49129,-4.561998,42,synthetic,0,21
49168,-36.912408,39,synthetic,1,18
49189,-0.576867,21,real,-1,0
49231,-35.527677,42,synthetic,2,21
49254,-12.980237,23,synthetic,0,2
49285,-39.590208,31,synthetic,2,10
49311,-11.331236,26,synthetic,0,5
49343,-8.991543,32,real,-1,11
49382,-36.64913,39,synthetic,2,18
49415,-36.426996,33,synthetic,2,12
49439,-20.716324,24,synthetic,1,3
49473,0.796306,34,real,-1,13
49502,-39.974483,29,synthetic,2,8
49528,-14.489269,26,synthetic,1,5
49559,-10.27226,31,synthetic,0,10
49593,-18.337917,34,synthetic,1,13
49635,-32.18814,42,synthetic,2,21
49662,-4.912616,27,real,-1,6
49687,-10.41032,25,synthetic,0,4
49714,-23.400851,27,synthetic,1,6
49750,5.425454,36,real,-1,15
49774,-7.698792,24,real,-1,3
49812,-13.337392,38,synthetic,1,17
49845,-22.693243,33,synthetic,1,12
49873,-13.10663,28,synthetic,0,7
49901,-5.536537,28,real,-1,7
49937,-18.815626,36,synthetic,1,15
49975,-20.749159,38,synthetic,0,17
50012,-0.729623,37,real,-1,16
50038,-7.228526,26,synthetic,0,5
50072,-37.555916,34,synthetic,2,13
50103,-26.222505,31,synthetic,2,10
50140,0.482439,37,real,-1,16
50181,-41.617983,41,synthetic,2,20
50213,-16.534939,32,synthetic,0,11
50244,-4.374636,31,real,-1,10
50268,-12.641755,24,synthetic,0,3
50296,-9.725382,28,synthetic,0,7
50330,-15.248078,34,synthetic,0,13
50363,-3.565387,33,real,-1,12
50401,-28.991286,38,synthetic,2,17
50428,-27.639017,27,synthetic,2,6
50463,-28.374913,35,synthetic,1,14
50484,-4.160536,21,real,-1,0
50517,-3.53213,33,real,-1,12
50540,-24.945654,23,synthetic,1,2
50573,-20.503672,33,synthetic,1,12
50594,-2.461391,21,real,-1,0
50624,-15.895088,30,synthetic,0,9
50648,-37.652493,24,synthetic,2,3
50670,-21.656211,22,synthetic,1,1
50704,-10.944572,34,real,-1,13
50725,-30.452357,21,synthetic,1,0
50758,-3.981075,33,real,-1,12
50784,-24.872768,26,synthetic,2,5
50810,-6.211188,26,synthetic,0,5
50841,-10.720584,31,synthetic,0,10
50867,-32.288556,26,synthetic,1,5
50894,-1.551812,27,real,-1,6
50918,-13.243854,24,synthetic,0,3
50954,-1.734721,36,real,-1,15
50988,-3.981349,34,real,-1,13
51029,-28.323391,41,synthetic,1,20
51056,-20.559939,27,synthetic,1,6
51089,-24.982704,33,synthetic,1,12
51128,-5.646036,39,real,-1,18
51150,-26.053196,22,synthetic,2,1
51171,-49.640584,21,synthetic,2,0
51202,1.034074,31,real,-1,10
51244,-10.398099,42,synthetic,0,21
51283,-35.439278,39,synthetic,2,18
51324,-19.313904,41,synthetic,0,20
51360,-52.759986,36,synthetic,2,15
51391,-27.667121,31,synthetic,2,10
51421,-28.171161,30,synthetic,1,9
51449,-21.36915,28,synthetic,1,7
51475,-41.08003,26,synthetic,2,5
51498,-35.72721,23,synthetic,2,2
51540,-20.436834,42,synthetic,1,21
51574,-30.172604,34,synthetic,2,13
51601,-2.311225,27,real,-1,6
51636,-21.359142,35,synthetic,1,14
51666,-37.797921,30,synthetic,2,9
51693,-8.731349,27,synthetic,0,6
51716,-13.538165,23,synthetic,0,2
51746,-8.590237,30,real,-1,9
51786,-4.091583,40,real,-1,19
51816,-11.358335,30,real,-1,9
51844,-9.700719,28,synthetic,0,7
51879,-23.557244,35,synthetic,1,14
51906,-15.110025,27,synthetic,0,6
51940,-7.917705,34,synthetic,0,13
51982,-2.410884,42,real,-1,21
52020,-9.818678,38,real,-1,17
52048,-36.82303,28,synthetic,2,7
52088,-25.812089,40,synthetic,1,19
52109,-26.05903,21,synthetic,1,0
52142,-3.060542,33,real,-1,12
52163,-10.53069,21,synthetic,0,0
52184,0.937589,21,real,-1,0
52205,0.58796,21,real,-1,0
52229,-9.410019,24,synthetic,0,3
52252,-7.24019,23,real,-1,2
52289,-28.135567,37,synthetic,2,16
52325,-23.272777,36,synthetic,1,15
52349,-7.321651,24,real,-1,3
52379,-1.831165,30,real,-1,9
52413,-24.630458,34,synthetic,1,13
52435,-24.287173,22,synthetic,1,1
52456,-24.100382,21,synthetic,1,0
52493,-15.078147,37,synthetic,0,16
52514,-13.778286,21,synthetic,0,0
52548,-11.944899,34,synthetic,0,13
52578,-27.918236,30,synthetic,2,9
52612,-18.471923,34,synthetic,1,13
52638,-11.557491,26,real,-1,5
52663,-9.05571,25,synthetic,0,4
52691,-13.54362,28,synthetic,1,7
52727,-11.787124,36,synthetic,0,15
52759,-27.68582,32,synthetic,2,11
52791,-2.131811,32,real,-1,11
52813,0.76037,22,real,-1,1
52840,-0.208169,27,real,-1,6
52865,-7.71363,25,synthetic,0,4
52892,-16.136441,27,synthetic,0,6
52916,-6.844507,24,real,-1,3
52939,-31.665143,23,synthetic,2,2
52979,-14.797517,40,synthetic,0,19
53020,-35.823286,41,synthetic,2,20
53061,-11.125192,41,synthetic,0,20
53091,-12.321724,30,synthetic,0,9
53123,-4.309032,32,real,-1,11
53156,-7.507434,33,synthetic,0,12
53190,0.314788,34,real,-1,13
53230,-3.49923,40,real,-1,19
53251,-4.219365,21,real,-1,0
53292,-13.100819,41,synthetic,0,20
53320,-6.376836,28,real,-1,7
53350,-28.628797,30,synthetic,2,9
53374,-27.741501,24,synthetic,1,3
53410,-30.533192,36,synthetic,1,15
53450,1.917516,40,real,-1,19
53474,-38.292897,24,synthetic,2,3
53516,-3.229098,42,real,-1,21
53558,-12.744891,42,synthetic,0,21
53585,-0.682291,27,real,-1,6
53625,-11.875922,40,synthetic,0,19
53655,-26.826852,30,synthetic,1,9
53689,-21.687024,34,synthetic,1,13
53727,-1.064767,38,real,-1,17
53766,-26.005644,39,synthetic,1,18
53801,-32.216852,35,synthetic,1,14
53822,-4.137971,21,real,-1,0
53847,-22.55223,25,synthetic,1,4
53868,-14.7494,21,synthetic,0,0
53892,-0.425603,24,real,-1,3
53918,-5.483832,26,real,-1,5
53943,-15.838891,25,synthetic,0,4
53970,-27.304101,27,synthetic,2,6
54001,-35.606253,31,synthetic,2,10
54036,-0.538028,35,real,-1,14
54068,-13.755602,32,synthetic,0,11
54104,-0.858002,36,real,-1,15
54138,-9.939815,34,synthetic,0,13
54170,7.171724,32,real,-1,11
54192,-1.676825,22,real,-1,1
54222,-3.521016,30,real,-1,9
54256,-4.088594,34,real,-1,13
54295,-4.275118,39,synthetic,0,18
54329,-11.686374,34,real,-1,13
54370,-23.226724,41,synthetic,0,20
54408,-37.942328,38,synthetic,2,17
54433,-22.84442,25,synthetic,1,4
54464,-16.615994,31,synthetic,0,10
54503,-40.039319,39,synthetic,2,18
54526,-8.331428,23,synthetic,0,2
54555,-26.965398,29,synthetic,1,8
54593,-31.867036,38,synthetic,2,17
54635,-13.400843,42,synthetic,0,21
54674,-9.531457,39,synthetic,0,18
54714,-33.589941,40,synthetic,2,19
54756,-7.314689,42,real,-1,21
54787,-3.842997,31,real,-1,10
54809,-4.227444,22,real,-1,1
54841,4.858523,32,real,-1,11
54867,-11.217029,26,synthetic,0,5
54909,-24.177653,42,synthetic,1,21
54933,2.937718,24,real,-1,3
54959,-32.488751,26,synthetic,2,5
54998,-9.285677,39,real,-1,18
55026,0.146203,28,real,-1,7
55062,-40.135321,36,synthetic,2,15
55090,-8.808897,28,real,-1,7
55117,0.486803,27,real,-1,6
55147,-11.008319,30,real,-1,9
55179,-32.622581,32,synthetic,2,11
55201,-6.650371,22,real,-1,1
55242,-7.229492,41,real,-1,20
55282,-39.361442,40,synthetic,2,19
55312,-20.958176,30,synthetic,1,9
55335,-3.630666,23,real,-1,2
55373,-0.7687,38,real,-1,17
55395,-0.312363,22,real,-1,1
55422,-12.210607,27,synthetic,0,6
55460,-15.97983,38,synthetic,0,17
55483,-28.65478,23,synthetic,2,2
55521,-38.676202,38,synthetic,2,17
55550,0.041048,29,real,-1,8
55581,-23.52736,31,synthetic,2,10
55621,-24.887174,40,synthetic,1,19
55647,-21.479664,26,synthetic,1,5
55673,-32.636627,26,synthetic,1,5
55712,-45.18258,39,synthetic,2,18
55733,-1.491585,21,real,-1,0
55755,-8.556928,22,synthetic,0,1
55786,-29.812848,31,synthetic,1,10
55808,-32.974371,22,synthetic,2,1
55840,-13.485054,32,synthetic,0,11
55873,-15.94757,33,synthetic,0,12
55894,-11.429544,21,real,-1,0
55933,-28.55618,39,synthetic,2,18
55971,-13.375174,38,synthetic,0,17
55992,-7.83515,21,synthetic,0,0
56025,-3.946673,33,synthetic,0,12
56052,-1.557539,27,real,-1,6
56078,-28.477151,26,synthetic,1,5
56101,-14.004779,23,synthetic,1,2
56139,-7.768751,38,real,-1,17
56174,-23.396092,35,synthetic,1,14
56196,-41.37127,22,synthetic,2,1
56231,-29.124322,35,synthetic,1,14
56263,-8.244883,32,synthetic,0,11
56294,-44.211518,31,synthetic,2,10
56323,-35.325806,29,synthetic,2,8
56359,-1.337455,36,real,-1,15
56400,-2.811567,41,real,-1,20
56422,0.082161,22,real,-1,1
56452,-28.82451,30,synthetic,1,9
56476,-19.583408,24,synthetic,1,3
56515,-44.255702,39,synthetic,2,18
56546,-29.459821,31,synthetic,1,10
56578,-0.383977,32,real,-1,11
56603,-17.536739,25,synthetic,1,4
56640,-3.554914,37,real,-1,16
56681,-13.323599,41,synthetic,0,20
56711,-3.878589,30,real,-1,9
56744,4.829132,33,real,-1,12
56783,-36.306532,39,synthetic,2,18
56811,-39.879904,28,synthetic,2,7
56853,-34.279553,42,synthetic,2,21
56894,-19.690988,41,synthetic,0,20
56923,-26.724404,29,synthetic,1,8
56958,2.749152,35,real,-1,14
56999,-19.282575,41,synthetic,0,20
57036,-11.19698,37,synthetic,0,16
57057,-15.113112,21,synthetic,0,0
57078,-4.960643,21,real,-1,0
57119,-7.508447,41,real,-1,20
57150,-38.841096,31,synthetic,2,10
57180,1.090922,30,real,-1,9
57220,-21.835686,40,synthetic,1,19
57262,-46.923864,42,synthetic,2,21
57300,-9.747564,38,real,-1,17
57322,-7.550957,22,synthetic,0,1
57360,1.438103,38,real,-1,17
57393,-42.939705,33,synthetic,2,12
57435,-14.862655,42,synthetic,0,21
57465,-33.821455,30,synthetic,1,9
57505,-1.812522,40,real,-1,19
57533,-10.035258,28,synthetic,0,7
57574,-29.631039,41,synthetic,2,20
57612,-40.733094,38,synthetic,2,17
57643,-18.003875,31,synthetic,1,10
57684,-25.232466,41,synthetic,1,20
57711,-9.961644,27,synthetic,0,6
57750,-6.301556,39,synthetic,0,18
57771,-8.279552,21,real,-1,0
57797,-3.333656,26,real,-1,5
57839,5.62455,42,real,-1,21
57869,-18.591375,30,synthetic,1,9
57897,-5.023889,28,real,-1,7
57920,-24.299533,23,synthetic,1,2
57947,-13.959342,27,synthetic,1,6
57981,-18.297587,34,synthetic,1,13
58019,-15.569552,38,synthetic,0,17
58056,-40.532494,37,synthetic,2,16
58089,-21.4425,33,synthetic,1,12
58126,-17.167324,37,synthetic,0,16
58162,-3.215175,36,synthetic,0,15
58198,-28.006769,36,synthetic,1,15
58235,-13.718907,37,synthetic,0,16
58269,-11.757268,34,synthetic,0,13
58300,-29.771794,31,synthetic,1,10
58337,-3.941122,37,real,-1,16
58359,-22.348595,22,synthetic,1,1
58395,-13.538585,36,synthetic,0,15
58418,-25.931733,23,synthetic,1,2
58441,-31.558612,23,synthetic,2,2
58479,-20.495875,38,synthetic,0,17
58516,-26.952442,37,synthetic,1,16
58550,-28.013728,34,synthetic,1,13
58588,-26.714115,38,synthetic,2,17
58628,-33.336053,40,synthetic,2,19
58661,-0.786274,33,synthetic,0,12
58691,-28.984059,30,synthetic,1,9
58712,-36.079616,21,synthetic,2,0
58740,-28.962578,28,synthetic,2,7
58780,-14.718174,40,synthetic,0,19
58805,-1.597888,25,real,-1,4
58831,-27.729333,26,synthetic,1,5
58864,-17.294422,33,synthetic,1,12
58900,-23.184465,36,synthetic,1,15
58942,-10.412914,42,synthetic,0,21
58965,-36.850117,23,synthetic,2,2
59002,-40.061282,37,synthetic,2,16
59032,-41.229426,30,synthetic,2,9
59067,-25.833762,35,synthetic,2,14
59100,-9.482371,33,synthetic,0,12
59136,-46.731687,36,synthetic,2,15
59164,-12.132333,28,synthetic,0,7
59195,-32.791733,31,synthetic,1,10
59232,-12.190797,37,synthetic,0,16
59274,-23.595402,42,synthetic,0,21
59309,-28.946658,35,synthetic,1,14
59345,2.672621,36,real,-1,15
59375,-15.535681,30,synthetic,1,9
59396,-35.010309,21,synthetic,2,0
59433,-24.018694,37,synthetic,0,16
59465,-30.733337,32,synthetic,2,11
59501,-36.18745,36,synthetic,2,15
59526,-37.087506,25,synthetic,2,4
59555,-12.76269,29,synthetic,0,8
59585,-16.751773,30,synthetic,0,9
59609,-10.787552,24,real,-1,3
59633,-9.174035,24,real,-1,3
59657,-3.200853,24,real,-1,3
59688,-20.183311,31,synthetic,1,10
59728,-3.306808,40,real,-1,19
59754,-5.509107,26,real,-1,5
59783,-24.714389,29,synthetic,2,8
59823,-25.112472,40,synthetic,1,19
59862,-8.892259,39,synthetic,0,18
59883,-33.987538,21,synthetic,2,0
59907,-12.263131,24,synthetic,0,3
59948,-2.560987,41,real,-1,20
59979,-11.999855,31,synthetic,0,10
60005,-1.710159,26,real,-1,5
60038,-32.796977,33,synthetic,2,12
60059,-41.563384,21,synthetic,2,0
60087,-13.496201,28,synthetic,1,7
60113,2.04251,26,real,-1,5
60138,-33.785652,25,synthetic,2,4
60169,-37.85179,31,synthetic,2,10
60195,-3.878994,26,real,-1,5
60236,-25.621675,41,synthetic,1,20
60260,-20.712034,24,synthetic,1,3
60300,-4.320551,40,real,-1,19
60327,2.292205,27,real,-1,6
60348,-1.596987,21,real,-1,0
60383,-4.621293,35,real,-1,14
60406,-10.719521,23,real,-1,2
60435,-11.469889,29,real,-1,8
60468,-19.767199,33,synthetic,0,12
60509,-6.410058,41,real,-1,20
60547,-8.865538,38,real,-1,17
60571,-2.687087,24,real,-1,3
60601,-4.056057,30,real,-1,9
60634,-37.411495,33,synthetic,2,12
60655,-44.12558,21,synthetic,2,0
60677,-44.679633,22,synthetic,2,1
60703,3.298322,26,real,-1,5
60725,-34.452269,22,synthetic,2,1
60747,-14.258837,22,synthetic,0,1
60768,-12.764818,21,synthetic,0,0
60804,-10.522447,36,synthetic,0,15
60839,-2.297949,35,real,-1,14
60866,-34.212082,27,synthetic,2,6
60891,-31.593385,25,synthetic,2,4
60918,-23.031621,27,synthetic,1,6
60939,-22.491181,21,synthetic,1,0
60968,4.110397,29,real,-1,8
61001,-29.696457,33,synthetic,2,12
61038,-10.30562,37,synthetic,0,16
61062,-12.696011,24,synthetic,0,3
61096,-18.774712,34,synthetic,1,13
61123,-8.677491,27,synthetic,0,6
61159,-27.569359,36,synthetic,1,15
61187,1.466834,28,real,-1,7
61211,-4.028499,24,real,-1,3
61235,-2.435985,24,real,-1,3
61276,-29.62851,41,synthetic,2,20
61314,-14.548909,38,synthetic,0,17
61354,-5.400739,40,real,-1,19
61384,-20.2191,30,synthetic,0,9
61422,-7.451801,38,real,-1,17
61451,-9.918093,29,synthetic,0,8
61478,7.910486,27,real,-1,6
61508,-36.553894,30,synthetic,2,9
61550,0.9747,42,real,-1,21
61578,-27.089628,28,synthetic,1,7
61613,-42.758752,35,synthetic,2,14
61645,-15.604241,32,synthetic,1,11
61683,-34.005858,38,synthetic,2,17
61718,-45.522187,35,synthetic,2,14
61758,-17.331491,40,synthetic,0,19
61793,-28.0922,35,synthetic,2,14
61824,-8.537164,31,real,-1,10
61857,-20.644852,33,synthetic,0,12
61883,-38.959858,26,synthetic,1,5
61922,-27.850005,39,synthetic,2,18
61949,-26.572467,27,synthetic,1,6
61988,-12.800749,39,synthetic,0,18
62011,-23.811073,23,synthetic,1,2
62051,0.479492,40,real,-1,19
62080,-40.77568,29,synthetic,2,8
62122,-44.188779,42,synthetic,2,21
62144,-2.787253,22,real,-1,1
62169,-20.436002,25,synthetic,1,4
62193,-38.937855,24,synthetic,2,3
62226,-2.932838,33,real,-1,12
62268,-33.66208,42,synthetic,2,21
62309,-34.835233,41,synthetic,2,20
62331,-21.067176,22,synthetic,1,1
62364,-12.725737,33,synthetic,1,12
62388,-1.264948,24,real,-1,3
62423,-23.658821,35,synthetic,1,14
62449,-0.667905,26,real,-1,5
62473,-16.1694,24,synthetic,1,3
62500,-2.954819,27,real,-1,6
62536,-22.024588,36,synthetic,1,15
62569,-27.037747,33,synthetic,1,12
62606,-37.506239,37,synthetic,2,16
62637,-21.827355,31,synthetic,1,10
62673,-5.125802,36,real,-1,15
62703,-2.376523,30,real,-1,9
62724,-9.09952,21,synthetic,0,0
62756,-1.449122,32,real,-1,11
62783,-30.045773,27,synthetic,2,6
62815,-26.049867,32,synthetic,1,11
62855,-3.953715,40,real,-1,19
62881,-11.749242,26,synthetic,0,5
62916,-17.762349,35,synthetic,0,14
62956,-43.479219,40,synthetic,2,19
62982,-41.31621,26,synthetic,2,5
63008,4.936592,26,real,-1,5
63045,1.407508,37,real,-1,16
63071,-8.614225,26,synthetic,0,5
63112,-25.838923,41,synthetic,1,20
63148,2.396985,36,real,-1,15
63177,-11.456402,29,synthetic,0,8
63210,-14.990021,33,synthetic,1,12
63250,-1.770726,40,real,-1,19
63282,-31.804336,32,synthetic,2,11
63317,-12.704354,35,synthetic,0,14
63353,0.269217,36,real,-1,15
63386,-4.1349,33,real,-1,12
63425,5.842205,39,real,-1,18
63449,-17.268851,24,synthetic,0,3
63474,-2.011665,25,real,-1,4
63512,-4.318026,38,real,-1,17
63538,-23.630931,26,synthetic,1,5
63563,-19.362145,25,synthetic,1,4
63598,-22.466455,35,synthetic,0,14
63623,-22.999401,25,synthetic,2,4
63661,-17.767421,38,synthetic,1,17
63702,-35.011778,41,synthetic,2,20
63737,1.604497,35,real,-1,14
63758,-19.576098,21,synthetic,1,0
63787,-1.776784,29,real,-1,8
63828,-1.881309,41,real,-1,20
63856,-23.100988,28,synthetic,0,7
63886,-18.884026,30,synthetic,0,9
63908,-5.336387,22,real,-1,1
63937,-7.790563,29,real,-1,8
63963,-20.750422,26,synthetic,1,5
63997,-19.779079,34,synthetic,1,13
64025,-6.13412,28,real,-1,7
64062,-26.530976,37,synthetic,1,16
64083,-27.205982,21,synthetic,1,0
64110,-41.938331,27,synthetic,2,6
64139,-18.931079,29,synthetic,1,8
64166,0.172116,27,real,-1,6
64195,-5.356674,29,real,-1,8
64219,-26.495348,24,synthetic,2,3
64258,-4.617568,39,real,-1,18
64284,-17.039173,26,synthetic,0,5
64308,-16.009539,24,synthetic,1,3
64340,-20.053435,32,synthetic,1,11
64380,-36.462047,40,synthetic,2,19
64420,-1.57045,40,real,-1,19
64460,-12.478011,40,synthetic,0,19
64493,1.63064,33,real,-1,12
64522,-28.424605,29,synthetic,1,8
64555,-9.666053,33,real,-1,12
64590,-8.681195,35,synthetic,0,14
64618,-19.42865,28,synthetic,1,7
64654,-26.960773,36,synthetic,2,15
64693,-28.413714,39,synthetic,1,18
64732,-14.170471,39,synthetic,0,18
64760,0.323518,28,real,-1,7
64784,-30.503661,24,synthetic,2,3
64806,-10.197063,22,synthetic,0,1
64846,-14.005431,40,synthetic,0,19
64875,-27.832436,29,synthetic,2,8
64914,-35.536512,39,synthetic,1,18
64950,-5.967224,36,real,-1,15
64974,-25.594714,24,synthetic,1,3
65006,-15.569396,32,synthetic,0,11
65044,-18.466314,38,synthetic,0,17
65084,-4.108928,40,real,-1,19
65118,-2.983187,34,real,-1,13
65140,1.714727,22,real,-1,1
65162,-27.22704,22,synthetic,1,1
65187,-2.463541,25,real,-1,4
65218,0.285332,31,real,-1,10
65250,-7.794657,32,real,-1,11
65282,0.274733,32,real,-1,11
65316,-11.432015,34,synthetic,0,13
65344,-41.217761,28,synthetic,2,7
65386,-7.265601,42,synthetic,0,21
65423,-27.878495,37,synthetic,1,16
65454,-4.195691,31,real,-1,10
65484,-24.255818,30,synthetic,1,9
65522,-34.3556,38,synthetic,2,17
65547,-16.880483,25,synthetic,0,4
65573,-5.374104,26,real,-1,5
65603,2.376197,30,real,-1,9
65626,-47.571003,23,synthetic,2,2
65665,-26.205591,39,synthetic,1,18
65700,-3.874699,35,real,-1,14
65722,-11.9532,22,synthetic,0,1
65749,-48.239159,27,synthetic,2,6
65777,-17.030865,28,synthetic,0,7
65805,-29.384737,28,synthetic,1,7
65826,-11.145491,21,real,-1,0
65863,-9.054067,37,real,-1,16
65889,-41.907626,26,synthetic,2,5
65930,1.156623,41,real,-1,20
65954,-26.134467,24,synthetic,1,3
65994,-26.714864,40,synthetic,1,19
66033,-20.611912,39,synthetic,1,18
66058,-18.354709,25,synthetic,0,4
66079,-38.371797,21,synthetic,2,0
66113,-15.645094,34,real,-1,13
66139,-13.453024,26,synthetic,0,5
66172,-6.948102,33,synthetic,0,12
66201,-36.835124,29,synthetic,2,8
66238,-34.202866,37,synthetic,2,16
66277,-46.43331,39,synthetic,2,18
66316,-1.721841,39,real,-1,18
66340,-29.077806,24,synthetic,1,3
66378,-19.899,38,synthetic,1,17
66406,-24.320908,28,synthetic,1,7
66440,-12.117241,34,synthetic,0,13
66479,-25.744678,39,synthetic,1,18
66516,-21.092896,37,synthetic,1,16
66544,-4.658876,28,synthetic,0,7
66585,-3.942792,41,real,-1,20
66622,-9.895041,37,real,-1,16
66663,-2.853221,41,real,-1,20
66685,-17.367318,22,synthetic,0,1
66720,1.198389,35,real,-1,14
66762,-11.960636,42,synthetic,0,21
66785,-25.012875,23,synthetic,1,2
66827,-40.082415,42,synthetic,2,21
66857,-31.416123,30,synthetic,1,9
66890,4.598145,33,real,-1,12
66913,-41.901216,23,synthetic,2,2
66937,-19.587388,24,synthetic,2,3
66974,5.368667,37,real,-1,16
67013,-3.213137,39,real,-1,18
67054,-17.553325,41,synthetic,0,20
67094,-8.019426,40,real,-1,19
67135,-34.261936,41,synthetic,2,20
67162,-29.296722,27,synthetic,1,6
67189,-7.770698,27,real,-1,6
67231,-11.829327,42,real,-1,21
67273,-32.925109,42,synthetic,2,21
67312,5.57666,39,real,-1,18
67344,-10.087855,32,synthetic,0,11
67378,-14.432386,34,synthetic,0,13
67401,-5.323796,23,real,-1,2
67437,-17.024624,36,synthetic,0,15
67458,3.947211,21,real,-1,0
67485,2.524805,27,real,-1,6
67513,-17.411106,28,synthetic,1,7
67534,-9.424648,21,synthetic,0,0
67559,0.563984,25,real,-1,4
67596,-6.663975,37,real,-1,16
67620,-4.363603,24,real,-1,3
67647,-37.798807,27,synthetic,2,6
67686,-10.580655,39,real,-1,18
67721,-25.195989,35,synthetic,1,14
67749,-1.467422,28,real,-1,7
67787,-17.500967,38,synthetic,0,17
67809,-35.261481,22,synthetic,2,1
67845,-7.598781,36,synthetic,0,15
67878,-2.685682,33,real,-1,12
67905,-30.505576,27,synthetic,2,6
67930,-23.54297,25,synthetic,1,4
67966,1.933354,36,real,-1,15
68008,-45.735128,42,synthetic,2,21
68037,-27.586533,29,synthetic,1,8
68075,-29.542623,38,synthetic,2,17
68109,-13.234783,34,real,-1,13
68150,-43.923809,41,synthetic,2,20
68175,-20.888803,25,synthetic,0,4
68200,-29.602435,25,synthetic,2,4
68232,-26.730622,32,synthetic,2,11
68274,-48.795794,42,synthetic,2,21
68305,-16.837714,31,synthetic,0,10
68337,-13.105118,32,synthetic,0,11
68367,-10.329299,30,synthetic,0,9
68403,0.156621,36,real,-1,15
68430,-38.593372,27,synthetic,2,6
68463,-14.210904,33,synthetic,0,12
68499,-14.742196,36,synthetic,0,15
68536,0.108478,37,real,-1,16
68578,-16.268404,42,synthetic,0,21
68613,-32.505971,35,synthetic,2,14
68634,-33.990534,21,synthetic,1,0
68659,-6.991791,25,real,-1,4
68689,-4.100266,30,real,-1,9
68717,-21.382719,28,synthetic,1,7
68754,-25.571404,37,synthetic,1,16
68795,-15.834617,41,synthetic,1,20
68824,-3.009176,29,real,-1,8
68852,-8.209472,28,real,-1,7
68891,-27.131172,39,synthetic,2,18
68918,-5.818702,27,synthetic,0,6
68950,-27.292387,32,synthetic,2,11
68987,-25.323686,37,synthetic,2,16
69011,-5.174728,24,real,-1,3
69042,-5.832847,31,real,-1,10
69081,-2.892589,39,real,-1,18
69120,-3.708963,39,real,-1,18
69149,-18.012489,29,synthetic,1,8
69187,-24.520526,38,synthetic,2,17
69208,-10.872094,21,synthetic,0,0
69231,-28.841483,23,synthetic,1,2
69260,-10.444148,29,synthetic,0,8
69294,-12.727331,34,synthetic,0,13
69319,-32.607744,25,synthetic,2,4
69341,1.516403,22,real,-1,1
69371,-32.06241,30,synthetic,2,9
69400,-26.372945,29,synthetic,1,8
69424,0.323892,24,real,-1,3
69452,4.19512,28,real,-1,7
69493,0.291777,41,real,-1,20
69532,-12.073361,39,synthetic,0,18
69557,-34.038092,25,synthetic,2,4
69592,-15.155123,35,synthetic,0,14
69632,-16.443696,40,synthetic,0,19
69656,-22.430336,24,synthetic,1,3
69693,-1.216189,37,real,-1,16
69730,-26.758981,37,synthetic,1,16
69760,-35.662745,30,synthetic,2,9
69800,-7.936868,40,real,-1,19
69836,-32.773255,36,synthetic,2,15
69867,-43.460936,31,synthetic,2,10
69904,-14.840589,37,synthetic,0,16
69930,-20.988707,26,synthetic,1,5
69955,-14.716262,25,synthetic,0,4
69978,-18.619025,23,synthetic,0,2
70010,-1.892085,32,real,-1,11
70040,-12.899381,30,synthetic,0,9
70079,-1.880776,39,real,-1,18
70104,2.495884,25,real,-1,4
70138,-39.278649,34,synthetic,2,13
70177,-36.666536,39,synthetic,2,18
70205,-30.361961,28,synthetic,2,7
70240,-28.64315,35,synthetic,1,14
70274,-23.790667,34,synthetic,1,13
70313,-32.881815,39,synthetic,2,18
70335,-1.934151,22,real,-1,1
70368,-44.787608,33,synthetic,2,12
70409,-13.779154,41,synthetic,1,20
70430,-23.242576,21,synthetic,1,0
70472,-15.287598,42,real,-1,21
70496,-2.816238,24,real,-1,3
70532,4.666371,36,real,-1,15
70568,-22.189943,36,synthetic,1,15
70602,-18.515651,34,synthetic,0,13
70626,-29.886091,24,synthetic,2,3
70667,-20.571414,41,synthetic,0,20
70693,-42.123608,26,synthetic,2,5
70726,-30.764134,33,synthetic,2,12
70765,-23.362876,39,synthetic,0,18
70806,-3.496443,41,real,-1,20
70846,-21.333402,40,synthetic,1,19
70873,4.453717,27,real,-1,6
70911,-27.818089,38,synthetic,1,17
70950,-25.219184,39,synthetic,1,18
70981,-15.563116,31,synthetic,0,10
71003,-39.732926,22,synthetic,2,1
71034,-12.699443,31,real,-1,10
71056,-29.777056,22,synthetic,1,1
71082,3.896654,26,real,-1,5
71113,-8.333249,31,synthetic,0,10
71144,-4.164328,31,real,-1,10
71165,-4.663882,21,real,-1,0
71202,-4.897623,37,real,-1,16
71229,-20.373308,27,synthetic,1,6
71265,-27.824535,36,synthetic,2,15
71307,0.592476,42,real,-1,21
71343,-11.201156,36,synthetic,0,15
71378,-1.62707,35,real,-1,14
71410,-33.080894,32,synthetic,2,11
71441,-9.303558,31,synthetic,0,10
71475,-26.314407,34,synthetic,1,13
71500,-2.507494,25,real,-1,4
71540,-37.795177,40,synthetic,2,19
71572,-29.912179,32,synthetic,1,11
71593,-1.005159,21,real,-1,0
71622,-16.520744,29,synthetic,0,8
71655,-19.517384,33,synthetic,1,12
71680,-3.851322,25,real,-1,4
71701,-2.706496,21,real,-1,0
71741,-7.842094,40,real,-1,19
71762,-39.58467,21,synthetic,2,0
71787,-7.271702,25,synthetic,0,4
71816,-10.208099,29,real,-1,8
71855,-37.305778,39,synthetic,2,18
71890,-1.633553,35,real,-1,14
71932,-22.806612,42,synthetic,1,21
71960,-14.122346,28,synthetic,0,7
72000,-3.558784,40,real,-1,19
72038,-26.833423,38,synthetic,1,17
72074,0.261659,36,real,-1,15
72102,-4.775527,28,real,-1,7
72140,-40.609717,38,synthetic,2,17
72162,-0.48549,22,real,-1,1
72184,-1.301843,22,real,-1,1
72224,-6.574113,40,real,-1,19
72251,-15.714419,27,synthetic,0,6
72284,-15.8167,33,synthetic,1,12
72307,-39.151123,23,synthetic,2,2
72337,-41.954516,30,synthetic,2,9
72379,-48.55163,42,synthetic,2,21
72410,-46.649148,31,synthetic,2,10
72447,-12.11551,37,synthetic,0,16
72479,-12.335155,32,synthetic,0,11
72521,-9.271968,42,synthetic,0,21
72552,-6.024781,31,real,-1,10
72575,-11.742573,23,synthetic,0,2
72600,-14.068351,25,synthetic,0,4
72622,-5.063532,22,real,-1,1
72649,-37.963546,27,synthetic,2,6
72689,-2.148879,40,real,-1,19
72721,-19.86383,32,synthetic,0,11
72760,-36.105387,39,synthetic,2,18
72799,-14.09878,39,synthetic,0,18
72829,5.715666,30,real,-1,9
72868,-29.495148,39,synthetic,2,18
72904,-11.987749,36,synthetic,0,15
72925,0.276631,21,real,-1,0
72951,-26.720907,26,synthetic,1,5
72991,-11.587598,40,synthetic,0,19
73020,-43.871937,29,synthetic,2,8
73062,-28.560546,42,synthetic,1,21
73095,-16.848523,33,synthetic,0,12
73119,0.579345,24,real,-1,3
73144,-43.443955,25,synthetic,2,4
73165,-35.28212,21,synthetic,2,0
73205,-7.935891,40,real,-1,19
73231,-30.71135,26,synthetic,2,5
73269,-15.028389,38,synthetic,0,17
73291,-34.283642,22,synthetic,2,1
73322,-39.465081,31,synthetic,2,10
73353,-26.611469,31,synthetic,1,10
73388,-26.81857,35,synthetic,1,14
73415,1.349539,27,real,-1,6
73454,-38.188676,39,synthetic,2,18
73481,-15.96967,27,synthetic,0,6
73505,-9.533669,24,synthetic,0,3
73526,-16.191587,21,synthetic,1,0
73558,-23.567553,32,synthetic,1,11
73598,-11.602314,40,real,-1,19
73620,-14.028863,22,synthetic,1,1
73649,-30.01158,29,synthetic,1,8
73689,-31.707167,40,synthetic,1,19
73716,-3.35565,27,real,-1,6
73758,-0.65966,42,real,-1,21
73794,-8.687869,36,synthetic,0,15
73830,-31.491095,36,synthetic,1,15
73853,-11.425708,23,synthetic,0,2
73881,-25.775732,28,synthetic,1,7
73915,-26.557989,34,synthetic,2,13
73953,-26.281827,38,synthetic,1,17
73987,5.157732,34,real,-1,13
74019,-30.206176,32,synthetic,2,11
74043,-6.420166,24,synthetic,0,3
74067,-1.955935,24,real,-1,3
74103,-8.171288,36,synthetic,0,15
74133,-10.486742,30,synthetic,0,9
74159,-3.180291,26,real,-1,5
74194,-41.808632,35,synthetic,2,14
74217,-13.125391,23,synthetic,0,2
74243,-3.653493,26,real,-1,5
74278,-39.523962,35,synthetic,2,14
74318,-26.384049,40,synthetic,1,19
74347,-19.640597,29,synthetic,1,8
74380,-38.351234,33,synthetic,2,12
74416,-33.387496,36,synthetic,2,15
74445,-28.62444,29,synthetic,2,8
74469,-16.639433,24,synthetic,0,3
74511,-13.282544,42,synthetic,0,21
74534,-19.285537,23,synthetic,1,2
74570,0.253846,36,real,-1,15
74598,-2.213873,28,real,-1,7
74629,-1.253337,31,real,-1,10
74662,-34.353719,33,synthetic,2,12
74688,-26.234342,26,synthetic,1,5
74727,-29.934571,39,synthetic,2,18
74757,-37.398677,30,synthetic,2,9
74790,-10.815456,33,synthetic,0,12
74818,-32.743415,28,synthetic,2,7
74849,-26.133178,31,synthetic,1,10
74891,-42.244817,42,synthetic,2,21
74921,-49.021736,30,synthetic,2,9
74953,-34.352494,32,synthetic,2,11
74974,-14.354878,21,synthetic,1,0
75003,-24.602105,29,synthetic,1,8
75042,-1.293504,39,real,-1,18
75077,-37.08021,35,synthetic,2,14
75117,-37.308131,40,synthetic,2,19
75142,-4.931173,25,real,-1,4
75175,-4.894977,33,real,-1,12
75203,0.46718,28,real,-1,7
75244,-25.431502,41,synthetic,1,20
75268,-44.437633,24,synthetic,2,3
75307,-13.984579,39,synthetic,0,18
75331,-31.299004,24,synthetic,2,3
75353,-37.251101,22,synthetic,2,1
75387,-46.456684,34,synthetic,2,13
75424,-35.184232,37,synthetic,1,16
75448,-11.328866,24,synthetic,0,3
75477,-32.548297,29,synthetic,2,8
75511,-5.067217,34,real,-1,13
75547,-31.555161,36,synthetic,2,15
75578,-26.638421,31,synthetic,1,10
75614,-21.52655,36,synthetic,2,15
75654,-29.340065,40,synthetic,2,19
75681,-15.702957,27,synthetic,0,6
75712,-15.896545,31,synthetic,0,10
75750,-0.157904,38,real,-1,17
75775,-31.000963,25,synthetic,2,4
75803,-13.100232,28,synthetic,0,7
75826,-1.300831,23,real,-1,2
75855,0.524608,29,real,-1,8
75897,-30.924596,42,synthetic,2,21
75933,-39.142514,36,synthetic,2,15
75972,-6.969258,39,real,-1,18
76014,-18.347856,42,synthetic,0,21
76051,-9.550534,37,synthetic,0,16
76082,-14.590989,31,synthetic,1,10
76105,-19.948941,23,synthetic,2,2
76129,0.462441,24,real,-1,3
76159,-32.487681,30,synthetic,2,9
76198,-6.308954,39,synthetic,0,18
76237,-23.448366,39,synthetic,2,18
76260,-8.621676,23,real,-1,2
76295,-44.084254,35,synthetic,2,14
76321,-32.360083,26,synthetic,2,5
76363,-8.435856,42,real,-1,21
76398,-20.47885,35,synthetic,0,14
76437,-48.818521,39,synthetic,2,18
76471,-18.702086,34,synthetic,0,13
76511,-7.046194,40,real,-1,19
76546,2.866356,35,real,-1,14
76588,-40.128434,42,synthetic,2,21
76622,-16.579622,34,synthetic,0,13
76659,-2.300213,37,synthetic,0,16
76689,-43.800816,30,synthetic,2,9
76719,-32.227789,30,synthetic,2,9
76752,-33.355897,33,synthetic,2,12
76776,-5.155766,24,real,-1,3
76809,-40.461272,33,synthetic,2,12
76850,-13.926084,41,real,-1,20
76886,-31.84243,36,synthetic,1,15
76925,-34.164644,39,synthetic,1,18
76966,-18.176014,41,synthetic,0,20
76998,-24.10603,32,synthetic,1,11
77021,-2.232047,23,real,-1,2
77049,-1.562264,28,real,-1,7
77078,-23.128287,29,synthetic,2,8
77106,-3.508546,28,synthetic,0,7
77136,-27.216398,30,synthetic,1,9
77178,-37.893611,42,synthetic,2,21
77209,-38.675459,31,synthetic,2,10
77240,-38.018523,31,synthetic,2,10
77277,-31.134893,37,synthetic,1,16
77315,-11.961448,38,synthetic,1,17
77349,-45.135958,34,synthetic,2,13
77373,-16.953564,24,synthetic,0,3
77396,-16.253606,23,synthetic,0,2
77435,-41.045851,39,synthetic,2,18
77460,-32.868266,25,synthetic,1,4
77496,-27.017428,36,synthetic,2,15
77520,-33.734817,24,synthetic,2,3
77552,-4.510052,32,real,-1,11
77586,-34.243565,34,synthetic,2,13
77618,-25.669742,32,synthetic,1,11
77639,-14.204495,21,synthetic,0,0
77671,3.693904,32,real,-1,11
77696,-0.474106,25,real,-1,4
77729,1.444319,33,real,-1,12
77770,-33.430566,41,synthetic,2,20
77799,-23.583333,29,synthetic,1,8
77828,-28.759501,29,synthetic,1,8
77862,-5.971502,34,synthetic,0,13
77887,-7.214067,25,real,-1,4
77924,-11.504134,37,synthetic,0,16
77960,-9.293023,36,synthetic,0,15
77992,-3.930244,32,synthetic,0,11
78019,-44.355309,27,synthetic,2,6
78052,-10.929707,33,synthetic,0,12
78080,-7.710409,28,synthetic,0,7
78121,-0.628102,41,real,-1,20
78158,-40.532635,37,synthetic,2,16
78189,-16.489577,31,synthetic,0,10
78219,-30.355497,30,synthetic,1,9
78246,-5.857516,27,synthetic,0,6
78269,-3.166767,23,synthetic,0,2
78300,-6.627339,31,real,-1,10
78339,-21.640902,39,synthetic,1,18
78361,-4.672647,22,real,-1,1
78398,-13.675751,37,synthetic,0,16
78433,-9.195771,35,synthetic,0,14
78461,-38.957921,28,synthetic,2,7
78497,-24.619391,36,synthetic,1,15
78535,-19.590903,38,synthetic,0,17
78570,-2.804405,35,real,-1,14
78603,-0.294484,33,real,-1,12
78636,-2.44603,33,real,-1,12
78661,-28.945204,25,synthetic,1,4
78686,1.32222,25,real,-1,4
78715,-6.152234,29,real,-1,8
78740,-17.764824,25,synthetic,1,4
78765,-9.287475,25,synthetic,0,4
78806,-31.189994,41,synthetic,1,20
78842,-4.62949,36,real,-1,15
78883,-19.604493,41,synthetic,0,20
78924,-18.178899,41,synthetic,0,20
78948,-1.705503,24,real,-1,3
78980,-8.702998,32,real,-1,11
79009,-8.931969,29,synthetic,0,8
79050,-3.48666,41,real,-1,20
79072,2.126834,22,real,-1,1
79114,3.662031,42,real,-1,21
79149,-30.475749,35,synthetic,2,14
79186,-22.502649,37,synthetic,1,16
79213,-34.691576,27,synthetic,2,6
79236,-39.952961,23,synthetic,2,2
79267,-30.782096,31,synthetic,1,10
79305,-46.396456,38,synthetic,2,17
79337,-22.661548,32,synthetic,1,11
79361,-5.627379,24,synthetic,0,3
79401,-31.157279,40,synthetic,1,19
79438,-9.778299,37,synthetic,0,16
79469,-4.677983,31,real,-1,10
79495,1.642512,26,real,-1,5
79527,-13.014539,32,synthetic,0,11
79564,-4.609604,37,real,-1,16
79601,-2.030229,37,real,-1,16
79630,-3.111559,29,real,-1,8
79667,-19.984735,37,synthetic,0,16
79698,-43.454642,31,synthetic,2,10
79736,-44.034811,38,synthetic,2,17
79760,1.038313,24,real,-1,3
79784,-20.933732,24,synthetic,1,3
79823,-22.601371,39,synthetic,1,18
79862,-17.147117,39,synthetic,1,18
79893,-40.528711,31,synthetic,2,10
79929,-16.884305,36,synthetic,1,15
79971,-18.992665,42,synthetic,1,21
80004,-3.081438,33,real,-1,12
80030,-10.234645,26,real,-1,5
80072,-31.056942,42,synthetic,2,21
80113,-35.714711,41,synthetic,2,20
80151,-5.188865,38,real,-1,17
80183,-3.221745,32,real,-1,11
80216,-20.424126,33,synthetic,0,12
80254,-23.130444,38,synthetic,1,17
80295,-12.718401,41,synthetic,0,20
80320,-29.164606,25,synthetic,2,4
80359,-18.556857,39,synthetic,0,18
80390,-30.949535,31,synthetic,2,10
80420,-33.349832,30,synthetic,2,9
80450,-6.996385,30,real,-1,9
80482,-5.51305,32,real,-1,11
80504,-27.905234,22,synthetic,1,1
80539,-21.25638,35,synthetic,1,14
80574,-7.871451,35,synthetic,0,14
80599,-1.278866,25,real,-1,4
80621,-28.915676,22,synthetic,1,1
80653,-13.573413,32,synthetic,0,11
80684,-26.708286,31,synthetic,1,10
80706,-25.033237,22,synthetic,1,1
80732,-26.322741,26,synthetic,1,5
80762,-27.340314,30,synthetic,1,9
80796,-35.598107,34,synthetic,2,13
80834,-28.716188,38,synthetic,2,17
80870,-18.304532,36,synthetic,0,15
80911,-30.604105,41,synthetic,1,20
80953,-27.691572,42,synthetic,1,21
80982,-3.557997,29,real,-1,8
81005,-9.075972,23,synthetic,0,2
81026,-7.785998,21,synthetic,0,0
81054,-7.697659,28,real,-1,7
81084,-4.03961,30,real,-1,9
81106,0.299984,22,real,-1,1
81138,-20.819432,32,synthetic,0,11
81176,-17.880091,38,synthetic,0,17
81217,-14.419082,41,synthetic,0,20
81241,1.445976,24,real,-1,3
81275,-34.150994,34,synthetic,2,13
81298,2.592171,23,real,-1,2
81334,-20.407312,36,synthetic,0,15
81366,-25.765908,32,synthetic,1,11
81387,-6.998999,21,real,-1,0
81429,-38.351322,42,synthetic,2,21
81457,-1.384731,28,real,-1,7
81496,-8.249588,39,real,-1,18
81520,-10.804404,24,synthetic,0,3
81558,-5.798119,38,real,-1,17
81588,-25.206343,30,synthetic,1,9
81621,-11.278303,33,real,-1,12
81654,-16.803529,33,synthetic,0,12
81693,-28.516113,39,synthetic,1,18
81721,-15.868921,28,synthetic,1,7
81762,-11.867316,41,real,-1,20
81786,-10.842559,24,synthetic,0,3
81818,-25.120212,32,synthetic,1,11
81851,-26.749036,33,synthetic,1,12
81875,-18.624965,24,synthetic,1,3
81907,-17.15446,32,synthetic,0,11
81928,-35.456188,21,synthetic,2,0
81961,-16.150474,33,synthetic,1,12
81988,-23.064567,27,synthetic,1,6
82014,-25.535288,26,synthetic,1,5
82039,-20.7658,25,synthetic,2,4
82071,-41.688172,32,synthetic,2,11
82108,-23.497651,37,synthetic,1,16
82137,-14.389453,29,synthetic,0,8
82170,-31.888727,33,synthetic,1,12
82198,-13.334962,28,synthetic,0,7
82222,-15.722397,24,synthetic,0,3
82248,-14.633574,26,synthetic,0,5
82284,-15.842008,36,synthetic,1,15
82319,-9.159332,35,synthetic,0,14
82361,-3.004302,42,real,-1,21
82392,-34.698014,31,synthetic,2,10
82423,2.134902,31,real,-1,10
82456,-12.26905,33,real,-1,12
82497,-14.572185,41,synthetic,0,20
82532,-20.231003,35,synthetic,0,14
82563,-32.184328,31,synthetic,2,10
82599,-16.561379,36,synthetic,0,15
82626,-32.336382,27,synthetic,1,6
82654,-1.920875,28,real,-1,7
82687,0.064914,33,real,-1,12
82725,2.378889,38,real,-1,17
82754,-6.555301,29,real,-1,8
82791,-44.413324,37,synthetic,2,16
82832,-15.670088,41,synthetic,0,20
82862,1.384622,30,real,-1,9
82890,-39.194028,28,synthetic,2,7
82917,-0.309648,27,real,-1,6
82958,-37.19079,41,synthetic,2,20
82981,-11.13968,23,synthetic,0,2
83017,-32.571283,36,synthetic,2,15
83044,-33.456852,27,synthetic,2,6
83066,-31.671572,22,synthetic,2,1
83093,-7.503898,27,real,-1,6
83135,-29.421974,42,synthetic,1,21
83172,-2.204445,37,real,-1,16
83212,-32.648819,40,synthetic,1,19
83241,-21.797125,29,synthetic,1,8
83283,-41.465145,42,synthetic,2,21
83309,-5.723265,26,real,-1,5
83330,-41.689779,21,synthetic,2,0
83370,-27.953229,40,synthetic,1,19
83397,-32.878766,27,synthetic,2,6
83436,-8.356141,39,real,-1,18
83466,-0.090709,30,real,-1,9
83490,-33.693382,24,synthetic,2,3
83519,-29.95476,29,synthetic,2,8
83558,-23.422273,39,synthetic,0,18
83591,-37.355076,33,synthetic,2,12
83623,-29.348156,32,synthetic,2,11
83665,-35.966122,42,synthetic,2,21
83703,-7.59731,38,real,-1,17
83735,-2.591187,32,real,-1,11
83769,-26.591505,34,synthetic,2,13
83809,-6.329287,40,real,-1,19
83841,-39.238703,32,synthetic,2,11
83874,-16.167338,33,synthetic,0,12
83905,-51.659354,31,synthetic,2,10
83945,-31.875022,40,synthetic,2,19
83968,-26.487445,23,synthetic,1,2
83990,-46.668806,22,synthetic,2,1
84018,-7.7866,28,real,-1,7
84048,-28.127204,30,synthetic,1,9
84075,-8.315775,27,real,-1,6
84115,-33.633826,40,synthetic,2,19
84156,-7.919124,41,real,-1,20
84181,-24.694062,25,synthetic,1,4
84202,1.286405,21,real,-1,0
84237,-22.067884,35,synthetic,2,14
84279,-11.893667,42,synthetic,0,21
84310,-5.435284,31,real,-1,10
84350,-29.867771,40,synthetic,1,19
84386,-14.074586,36,synthetic,0,15
84424,-7.525253,38,synthetic,0,17
84459,-7.778923,35,real,-1,14
84498,-38.436969,39,synthetic,1,18
84520,-37.669628,22,synthetic,2,1
84544,-34.041166,24,synthetic,1,3
84578,-34.822968,34,synthetic,2,13
84612,-15.436791,34,synthetic,1,13
84638,-5.422569,26,real,-1,5
84660,-22.766494,22,synthetic,2,1
84681,-24.188786,21,synthetic,1,0
84720,0.896454,39,real,-1,18
84744,-6.216929,24,real,-1,3
84768,-6.911495,24,synthetic,0,3
84802,-0.485192,34,real,-1,13
84828,-32.658575,26,synthetic,2,5
84855,-4.336318,27,real,-1,6
84880,-24.444355,25,synthetic,0,4
84917,-25.624644,37,synthetic,0,16
84954,-1.894285,37,real,-1,16
84979,-8.734864,25,synthetic,0,4
85009,-46.245874,30,synthetic,2,9
85044,-3.996389,35,real,-1,14
85065,-14.863271,21,synthetic,0,0
85089,-26.050316,24,synthetic,1,3
85115,-29.479423,26,synthetic,2,5
85149,3.253945,34,real,-1,13
85181,-34.417272,32,synthetic,2,11
85220,0.171155,39,real,-1,18
85260,-24.66805,40,synthetic,1,19
85295,-33.079471,35,synthetic,2,14
85337,-28.104972,42,synthetic,1,21
85363,-15.615971,26,synthetic,0,5
85393,-30.401599,30,synthetic,1,9
85422,-5.970006,29,real,-1,8
85451,-40.085691,29,synthetic,2,8
85472,1.512089,21,real,-1,0
85504,-28.1244,32,synthetic,1,11
85542,-5.280382,38,real,-1,17
85577,-25.188584,35,synthetic,0,14
85599,1.037113,22,real,-1,1
85637,-12.837944,38,synthetic,0,17
85668,-30.909562,31,synthetic,1,10
85690,-1.247492,22,real,-1,1
85722,-5.249379,32,real,-1,11
85764,-4.961911,42,real,-1,21
85787,-15.96789,23,synthetic,0,2
85821,-14.502678,34,synthetic,0,13
85861,-21.641834,40,synthetic,1,19
85882,-21.781356,21,synthetic,1,0
85922,-40.024623,40,synthetic,2,19
85952,-34.472917,30,synthetic,2,9
85981,-23.711125,29,synthetic,1,8
86018,-40.367916,37,synthetic,2,16
86052,-5.017522,34,real,-1,13
86080,-2.845073,28,real,-1,7
86121,-1.288708,41,real,-1,20
86155,0.846789,34,real,-1,13
86197,-19.055013,42,synthetic,0,21
86220,-37.632028,23,synthetic,2,2
86256,-10.30785,36,real,-1,15
86294,-45.171531,38,synthetic,2,17
86316,-30.711067,22,synthetic,1,1
86355,-4.72813,39,real,-1,18
86378,3.140157,23,real,-1,2
86417,-2.425201,39,real,-1,18
86442,-42.830363,25,synthetic,2,4
86463,-2.489144,21,real,-1,0
86486,-11.295906,23,real,-1,2
86528,-27.159903,42,synthetic,1,21
86557,-1.625381,29,real,-1,8
86580,-12.219612,23,synthetic,0,2
86621,-6.941038,41,real,-1,20
86654,-1.141719,33,real,-1,12
86679,-27.78662,25,synthetic,1,4
86704,-23.229575,25,synthetic,2,4
86736,-12.898378,32,synthetic,0,11
86769,-17.086786,33,synthetic,0,12
86795,-11.83742,26,synthetic,0,5
86833,-26.607458,38,synthetic,1,17
86858,-9.49051,25,synthetic,0,4
86886,-13.428318,28,synthetic,0,7
86921,-2.27932,35,real,-1,14
86942,-35.179456,21,synthetic,1,0
86977,-14.970776,35,synthetic,0,14
87008,-40.491119,31,synthetic,2,10
87032,-14.426791,24,synthetic,0,3
87061,-27.542271,29,synthetic,2,8
87101,-23.817675,40,synthetic,1,19
87124,-11.245751,23,synthetic,0,2
87155,-12.112627,31,synthetic,0,10
87178,-14.502474,23,synthetic,0,2
87209,-15.224689,31,synthetic,0,10
87242,-19.097704,33,synthetic,0,12
87274,-43.953016,32,synthetic,2,11
87314,-7.101406,40,real,-1,19
87337,-6.445924,23,real,-1,2
87360,-33.166773,23,synthetic,2,2
87396,-1.027699,36,real,-1,15
87426,2.529581,30,real,-1,9
87459,-32.445851,33,synthetic,1,12
87498,-13.315623,39,synthetic,0,18
87527,-16.790221,29,synthetic,1,8
87556,-3.572447,29,real,-1,8
87594,-28.481766,38,synthetic,2,17
87630,-2.768534,36,real,-1,15
87658,-38.855252,28,synthetic,2,7
87686,-8.971378,28,real,-1,7
87712,-29.052391,26,synthetic,2,5
87735,-15.241644,23,synthetic,0,2
87756,-3.994001,21,real,-1,0
87796,-17.900476,40,synthetic,0,19
87818,-25.811111,22,synthetic,2,1
87858,-5.473923,40,synthetic,0,19
87886,-4.665996,28,synthetic,0,7
87914,-28.105264,28,synthetic,1,7
87947,-12.801391,33,synthetic,0,12
87971,-12.120112,24,synthetic,0,3
87994,-23.749755,23,synthetic,1,2
88030,-5.01041,36,real,-1,15
88066,-17.41865,36,synthetic,0,15
88103,-6.119074,37,real,-1,16
88137,-34.777962,34,synthetic,2,13
88172,-26.944874,35,synthetic,1,14
88212,-13.712131,40,synthetic,0,19
88233,-31.861702,21,synthetic,1,0
88257,-30.406873,24,synthetic,1,3
88289,-2.143078,32,real,-1,11
88320,-1.102909,31,real,-1,10
88355,-47.158299,35,synthetic,2,14
88377,-25.965745,22,synthetic,1,1
88415,-18.077465,38,synthetic,1,17
88442,0.153575,27,real,-1,6
88473,-4.399274,31,real,-1,10
88499,0.356904,26,real,-1,5
88521,-17.196389,22,synthetic,0,1
88551,-18.26452,30,synthetic,0,9
88577,-22.09887,26,synthetic,1,5
88619,-32.051331,42,synthetic,1,21
88646,-51.897506,27,synthetic,2,6
88679,-25.070684,33,synthetic,2,12
88717,-5.441911,38,real,-1,17
88740,-18.804015,23,synthetic,0,2
88769,-8.522931,29,real,-1,8
88792,-34.730731,23,synthetic,2,2
88834,-21.883385,42,synthetic,1,21
88855,-3.237362,21,real,-1,0
88884,-26.152503,29,synthetic,1,8
88906,-6.813471,22,real,-1,1
88939,-37.532099,33,synthetic,2,12
88968,-38.951042,29,synthetic,2,8
89010,-23.014264,42,synthetic,1,21
89041,-5.733013,31,real,-1,10
89064,-49.32703,23,synthetic,2,2
89087,-38.688062,23,synthetic,2,2
89126,-13.747048,39,synthetic,0,18
89152,-17.326248,26,synthetic,0,5
89194,-26.100889,42,synthetic,1,21
89235,-35.941628,41,synthetic,2,20
89267,-30.922205,32,synthetic,1,11
89299,-21.315689,32,synthetic,0,11
89327,-39.785081,28,synthetic,2,7
89363,-10.368193,36,synthetic,0,15
89397,-33.201911,34,synthetic,2,13
89435,-13.431286,38,real,-1,17
89477,-3.080578,42,real,-1,21
89509,-2.867454,32,real,-1,11
89545,-25.560565,36,synthetic,1,15
89569,-11.739724,24,synthetic,0,3
89607,-4.925053,38,synthetic,0,17
89647,-48.548323,40,synthetic,2,19
89674,-20.662473,27,synthetic,1,6
89706,-24.811423,32,synthetic,1,11
89730,-26.150436,24,synthetic,1,3
89760,-9.368337,30,synthetic,0,9
89790,-2.598599,30,real,-1,9
89818,-3.968688,28,real,-1,7
89855,-18.292226,37,synthetic,0,16
89885,-17.221551,30,synthetic,1,9
89909,-0.477023,24,real,-1,3
89930,-23.384272,21,synthetic,1,0
89952,-32.188083,22,synthetic,1,1
89976,-22.401892,24,synthetic,1,3
90006,-20.541441,30,synthetic,1,9
90033,-27.516345,27,synthetic,2,6
90073,-5.46638,40,real,-1,19
90113,-28.486967,40,synthetic,1,19
90138,-25.576464,25,synthetic,1,4
90173,-16.860347,35,synthetic,0,14
90196,-7.908687,23,synthetic,0,2
90236,-21.337369,40,synthetic,1,19
90257,-1.422132,21,real,-1,0
90283,-2.18178,26,real,-1,5
90320,-20.328135,37,synthetic,1,16
90341,-52.177949,21,synthetic,2,0
90369,2.961125,28,real,-1,7
90391,-23.122369,22,synthetic,2,1
90412,-9.190708,21,synthetic,0,0
90446,-25.131945,34,synthetic,1,13
90477,-23.693666,31,synthetic,1,10
90507,-0.95325,30,real,-1,9
90541,-24.936082,34,synthetic,1,13
90569,-30.705574,28,synthetic,1,7
90609,-24.778839,40,synthetic,1,19
90635,-19.27818,26,synthetic,1,5
90677,-24.128149,42,synthetic,1,21
90700,-8.145665,23,synthetic,0,2
90738,-27.381001,38,synthetic,1,17
90778,-28.162473,40,synthetic,1,19
90814,-3.781618,36,real,-1,15
90842,-3.159734,28,real,-1,7
90880,-48.343154,38,synthetic,2,17
90904,-25.503064,24,synthetic,2,3
90945,-25.81662,41,synthetic,1,20
90983,-31.258143,38,synthetic,1,17
91011,-10.63589,28,synthetic,0,7
91032,-5.976047,21,real,-1,0
91070,-10.240811,38,synthetic,0,17
91102,-18.250994,32,synthetic,1,11
91138,-55.362559,36,synthetic,2,15
91165,-41.138078,27,synthetic,2,6
91189,-5.715834,24,real,-1,3
91213,-14.566787,24,synthetic,0,3
91254,-11.739646,41,synthetic,1,20
91288,-38.746763,34,synthetic,2,13
91316,-33.885011,28,synthetic,2,7
91357,-16.384936,41,synthetic,0,20
91389,-36.56591,32,synthetic,2,11
91414,-15.242843,25,synthetic,0,4
91455,-6.14799,41,real,-1,20
91482,-18.761843,27,synthetic,0,6
91508,-16.265877,26,synthetic,1,5
91544,-39.316689,36,synthetic,1,15
91578,-15.771921,34,synthetic,0,13
91607,-28.090909,29,synthetic,1,8
91629,-42.672809,22,synthetic,2,1
91671,-23.227896,42,synthetic,1,21
91701,-17.017442,30,synthetic,0,9
91730,-18.973792,29,synthetic,0,8
91757,-1.332152,27,real,-1,6
91782,-30.732928,25,synthetic,2,4
91823,-41.122688,41,synthetic,2,20
91852,-12.969137,29,synthetic,0,8
91873,-18.068954,21,synthetic,1,0
91912,-15.449397,39,synthetic,0,18
91948,-9.493213,36,real,-1,15
91976,-9.635012,28,synthetic,0,7
92009,-32.602974,33,synthetic,1,12
92045,-6.312399,36,real,-1,15
92080,-11.17137,35,synthetic,0,14
92111,0.676007,31,real,-1,10
92133,-8.980471,22,synthetic,0,1
92172,-17.49661,39,synthetic,1,18
92205,-31.335556,33,synthetic,1,12
92238,-5.130932,33,real,-1,12
92261,-23.903813,23,synthetic,1,2
92297,2.02793,36,real,-1,15
92320,-20.784755,23,synthetic,1,2
92357,-43.309231,37,synthetic,2,16
92396,0.911204,39,real,-1,18
92436,-15.835795,40,synthetic,0,19
92461,-30.948852,25,synthetic,2,4
92484,-33.146778,23,synthetic,1,2
92526,-40.226918,42,synthetic,2,21
92560,0.571385,34,real,-1,13
92582,-11.923135,22,synthetic,0,1
92618,-25.994372,36,synthetic,1,15
92646,-38.997064,28,synthetic,2,7
92681,-42.635524,35,synthetic,2,14
92721,-25.860555,40,synthetic,1,19
92751,-28.69065,30,synthetic,2,9
92780,0.624122,29,real,-1,8
92812,-15.795253,32,synthetic,0,11
92845,-13.250006,33,synthetic,0,12
92875,-40.253882,30,synthetic,2,9
92911,-26.10499,36,synthetic,0,15
92939,-34.348343,28,synthetic,2,7
92974,-45.286893,35,synthetic,2,14
93011,-12.822579,37,synthetic,0,16
93042,-26.082504,31,synthetic,2,10
93074,-4.352527,32,synthetic,0,11
93102,-1.274523,28,real,-1,7
93124,-18.349655,22,synthetic,1,1
93166,-9.493436,42,synthetic,0,21
93195,-44.90759,29,synthetic,2,8
93222,-23.362197,27,synthetic,1,6
93257,-4.672468,35,real,-1,14
93285,-52.30136,28,synthetic,2,7
93319,-23.380388,34,synthetic,1,13
93349,-0.847966,30,real,-1,9
93389,-25.762472,40,synthetic,1,19
93427,-2.270977,38,real,-1,17
93452,-29.444005,25,synthetic,1,4
93492,-15.52894,40,synthetic,1,19
93514,-4.46849,22,real,-1,1
93553,-24.162586,39,synthetic,1,18
93595,-12.005013,42,synthetic,0,21
93623,-45.467427,28,synthetic,2,7
93655,-27.547432,32,synthetic,1,11
93692,-4.455231,37,synthetic,0,16
93715,-40.580675,23,synthetic,2,2
93739,-2.411736,24,real,-1,3
93770,-0.961741,31,real,-1,10
93811,-1.118367,41,real,-1,20
93850,-12.911264,39,synthetic,0,18
93877,-54.347659,27,synthetic,2,6
93915,-3.574623,38,real,-1,17
93956,-23.705296,41,synthetic,1,20
93992,-22.378717,36,synthetic,1,15
94027,-19.932929,35,synthetic,0,14
94060,-3.449646,33,synthetic,0,12
94095,-5.358391,35,real,-1,14
94129,-18.137151,34,synthetic,0,13
94167,-19.133801,38,synthetic,0,17
94199,-23.150956,32,synthetic,2,11
94236,-4.740392,37,real,-1,16
94265,1.881594,29,real,-1,8
94286,1.091698,21,real,-1,0
94315,-16.139923,29,synthetic,1,8
94352,-39.958563,37,synthetic,2,16
94386,-17.262869,34,synthetic,1,13
94428,-18.011087,42,synthetic,0,21
94457,-1.114434,29,real,-1,8
94497,-41.811509,40,synthetic,2,19
94525,-8.826822,28,synthetic,0,7
94560,-23.514445,35,synthetic,0,14
94595,-40.979129,35,synthetic,2,14
94627,-21.552304,32,synthetic,1,11
94666,-42.099128,39,synthetic,2,18
94695,-10.921058,29,synthetic,0,8
94729,-28.153047,34,synthetic,2,13
94754,-15.818014,25,synthetic,0,4
94782,-21.780177,28,synthetic,1,7
94811,-2.120031,29,real,-1,8
94853,-48.17222,42,synthetic,2,21
94895,-52.959782,42,synthetic,2,21
94936,4.523449,41,real,-1,20
94963,1.084686,27,real,-1,6
94995,-10.485319,32,synthetic,0,11
95020,-2.564226,25,real,-1,4
95056,-23.201437,36,synthetic,1,15
95095,-25.547181,39,synthetic,0,18
95131,-9.180159,36,synthetic,0,15
95156,-2.723098,25,real,-1,4
95185,1.576035,29,real,-1,8
95215,0.389116,30,real,-1,9
95239,-4.283731,24,real,-1,3
95272,-25.472649,33,synthetic,1,12
95306,2.040457,34,real,-1,13
95333,-4.275734,27,real,-1,6
95359,-38.531931,26,synthetic,2,5
95383,-5.135892,24,real,-1,3
95421,-28.415287,38,synthetic,1,17
95454,-14.655192,33,synthetic,0,12
95485,-9.152581,31,synthetic,0,10
95521,-40.30285,36,synthetic,2,15
95561,-13.53336,40,synthetic,0,19
95592,-45.411866,31,synthetic,2,10
95619,-6.937007,27,real,-1,6
95641,-26.114405,22,synthetic,2,1
95680,-17.169445,39,synthetic,0,18
95720,-4.681656,40,real,-1,19
95750,-10.208727,30,synthetic,0,9
95773,-16.285309,23,synthetic,1,2
95794,-25.505054,21,synthetic,1,0
95820,-16.758419,26,synthetic,1,5
95855,-17.046722,35,synthetic,0,14
95877,-28.566027,22,synthetic,1,1
95898,-1.721216,21,real,-1,0
95932,-38.378047,34,synthetic,2,13
95963,-10.254428,31,synthetic,0,10
95996,-27.834319,33,synthetic,1,12
96028,-47.079553,32,synthetic,2,11
96066,-28.865774,38,synthetic,1,17
96098,0.487565,32,real,-1,11
96137,-4.434859,39,real,-1,18
96159,-10.336844,22,synthetic,0,1
96194,-10.221306,35,synthetic,0,14
96223,-23.660668,29,synthetic,1,8
96264,-12.228061,41,synthetic,0,20
96298,-17.932498,34,synthetic,0,13
96322,4.690304,24,real,-1,3
96350,-13.064538,28,synthetic,0,7
96376,-37.01016,26,synthetic,2,5
96416,-1.299178,40,real,-1,19
96446,-6.525818,30,real,-1,9
96486,-32.442621,40,synthetic,1,19
96516,4.080145,30,real,-1,9
96553,0.959204,37,real,-1,16
96578,-37.821459,25,synthetic,1,4
96610,-38.476501,32,synthetic,2,11
96643,-0.031622,33,real,-1,12
96668,-6.043687,25,real,-1,4
96705,-10.558735,37,synthetic,0,16
96744,-56.671371,39,synthetic,2,18
96780,-17.452541,36,synthetic,0,15
96802,-17.68472,22,synthetic,1,1
96829,-16.747548,27,synthetic,1,6
96869,-16.78476,40,synthetic,2,19
96899,-37.507468,30,synthetic,2,9
96938,-39.135614,39,synthetic,2,18
96978,-11.795056,40,synthetic,0,19
97011,-29.629246,33,synthetic,2,12
97050,-15.354624,39,synthetic,0,18
97078,-31.584042,28,synthetic,2,7
97117,-24.059567,39,synthetic,1,18
97141,-40.755705,24,synthetic,2,3
97175,-47.166233,34,synthetic,2,13
97211,-26.549292,36,synthetic,1,15
97249,-10.198841,38,real,-1,17
97289,-31.438207,40,synthetic,1,19
97321,-15.695331,32,synthetic,0,11
97360,4.036814,39,real,-1,18
97388,-42.258201,28,synthetic,2,7
97416,-54.169482,28,synthetic,2,7
97443,-36.988645,27,synthetic,2,6
97464,-18.443796,21,synthetic,1,0
97499,-36.870851,35,synthetic,2,14
97540,-1.448359,41,real,-1,20
97564,-21.860535,24,synthetic,1,3
97602,-19.785152,38,synthetic,0,17
97636,-2.410537,34,real,-1,13
97664,-15.65235,28,real,-1,7
97690,-8.548968,26,synthetic,0,5
97729,-2.947207,39,real,-1,18
97756,-24.048919,27,synthetic,1,6
97798,-31.521867,42,synthetic,2,21
97830,-29.140251,32,synthetic,1,11
97868,-3.224795,38,real,-1,17
97903,-52.747363,35,synthetic,2,14
97925,-10.184913,22,synthetic,0,1
97947,-13.645309,22,synthetic,0,1
97986,3.404285,39,real,-1,18
98014,-29.455018,28,synthetic,2,7
98052,-4.465807,38,real,-1,17
98088,-9.816754,36,synthetic,0,15
98121,-8.591359,33,real,-1,12
98156,-28.718022,35,synthetic,1,14
98184,-23.240487,28,synthetic,1,7
98223,-47.876128,39,synthetic,2,18
98260,-4.857595,37,real,-1,16
98285,-13.685905,25,synthetic,0,4
98316,-12.478222,31,synthetic,0,10
98348,-17.976034,32,synthetic,1,11
98370,-14.434034,22,synthetic,1,1
98412,0.28084,42,real,-1,21
98447,-44.20656,35,synthetic,2,14
98482,-16.383398,35,synthetic,0,14
98523,-29.986615,41,synthetic,2,20
98561,3.743887,38,real,-1,17
98594,-50.43715,33,synthetic,2,12
98633,-5.984847,39,real,-1,18
98657,-2.617858,24,real,-1,3
98697,-45.034808,40,synthetic,2,19
98722,-27.247649,25,synthetic,1,4
98746,-0.441439,24,real,-1,3
98778,-3.41019,32,synthetic,0,11
98820,-29.986583,42,synthetic,2,21
98841,-8.172756,21,real,-1,0
98866,-6.454904,25,synthetic,0,4
98895,-11.701326,29,synthetic,0,8
98921,-13.830855,26,synthetic,0,5
98952,-40.769118,31,synthetic,2,10
98992,-30.411627,40,synthetic,1,19
99031,-27.566911,39,synthetic,2,18
99070,-25.567922,39,synthetic,1,18
99109,-5.565405,39,real,-1,18
99135,-14.235491,26,synthetic,0,5
99173,-29.440718,38,synthetic,1,17
99206,-32.364174,33,synthetic,2,12
99227,-3.250852,21,real,-1,0
99258,-5.183415,31,real,-1,10
99297,-40.907496,39,synthetic,2,18
99324,-13.455797,27,synthetic,0,6
99355,2.285222,31,real,-1,10
99394,-7.137985,39,synthetic,0,18
99433,-19.917883,39,synthetic,0,18
99459,-32.407903,26,synthetic,2,5
99496,0.347298,37,real,-1,16
99519,-28.332823,23,synthetic,1,2
99541,-7.75838,22,synthetic,0,1
99567,-25.188781,26,synthetic,0,5
99601,-24.678242,34,synthetic,1,13
99638,-27.726802,37,synthetic,2,16
99669,-2.000361,31,real,-1,10
99704,-14.361851,35,synthetic,0,14
99735,-11.03717,31,real,-1,10
99763,-18.450535,28,synthetic,0,7
99789,-18.557773,26,synthetic,0,5
99815,-39.305967,26,synthetic,2,5
99836,-8.336965,21,real,-1,0
99865,-9.281196,29,real,-1,8
99898,-21.211752,33,synthetic,0,12
99933,-37.384639,35,synthetic,2,14
99954,-15.012288,21,synthetic,0,0
99991,-23.156222,37,synthetic,1,16
100033,-13.505753,42,synthetic,0,21
100065,-28.1378,32,synthetic,1,11
100100,-6.769259,35,synthetic,0,14
100131,-26.894183,31,synthetic,2,10
100173,-6.577222,42,real,-1,21
100210,2.555009,37,real,-1,16
100235,-26.21452,25,synthetic,1,4
100273,3.281325,38,real,-1,17
100312,-41.152222,39,synthetic,2,18
100340,-41.437595,28,synthetic,2,7
100378,-41.936763,38,synthetic,2,17
100404,-31.878772,26,synthetic,1,5
100442,-4.018069,38,synthetic,0,17
100480,-48.730909,38,synthetic,2,17
100517,-22.806084,37,synthetic,1,16
100545,-39.561043,28,synthetic,1,7
100586,-19.947259,41,synthetic,1,20
100618,-29.262128,32,synthetic,1,11
100646,1.696115,28,real,-1,7
100679,-16.155477,33,synthetic,0,12
100704,-33.113969,25,synthetic,2,4
100740,-9.656063,36,synthetic,0,15
100766,-19.59844,26,synthetic,1,5
100787,-23.5186,21,synthetic,1,0
100826,-13.019629,39,synthetic,0,18
100864,0.426798,38,real,-1,17
100886,-3.140471,22,real,-1,1
100926,-20.172434,40,synthetic,0,19
100953,-6.879295,27,synthetic,0,6
100992,-34.548155,39,synthetic,2,18
101026,-10.546086,34,synthetic,0,13
101062,-9.830587,36,synthetic,0,15
101102,-18.194586,40,synthetic,0,19
101127,-41.367722,25,synthetic,2,4
101148,-10.985755,21,synthetic,0,0
101183,-33.220084,35,synthetic,2,14
101225,1.692803,42,real,-1,21
101265,-9.000308,40,real,-1,19
101293,-38.72655,28,synthetic,2,7
101329,-7.3085,36,real,-1,15
101365,-26.659346,36,synthetic,1,15
101390,-47.361256,25,synthetic,2,4
101430,-39.844094,40,synthetic,2,19
101462,-6.241524,32,real,-1,11
101488,-16.381324,26,synthetic,1,5
101528,-1.173595,40,real,-1,19
101566,-1.45688,38,real,-1,17
101598,-28.762742,32,synthetic,1,11
101623,-14.537448,25,synthetic,0,4
101645,-39.022855,22,synthetic,2,1
101675,-0.722452,30,real,-1,9
101704,-2.796438,29,real,-1,8
101741,-27.758759,37,synthetic,1,16
101762,-18.444439,21,synthetic,1,0
101798,-32.926063,36,synthetic,2,15
101832,-20.971052,34,synthetic,1,13
101874,-17.819995,42,synthetic,0,21
101907,-12.101127,33,synthetic,0,12
101937,-1.090536,30,real,-1,9
101962,-1.893301,25,real,-1,4
101989,-5.032298,27,synthetic,0,6
102010,-9.892107,21,synthetic,0,0
102035,-11.945378,25,synthetic,0,4
102076,-23.393717,41,synthetic,1,20
102117,-50.620403,41,synthetic,2,20
102145,4.550406,28,real,-1,7
102179,-27.23528,34,synthetic,1,13
102211,-36.393285,32,synthetic,2,11
102241,1.531294,30,real,-1,9
102274,1.515114,33,real,-1,12
102299,-28.521872,25,synthetic,1,4
102331,-37.409978,32,synthetic,2,11
102364,-49.109129,33,synthetic,2,12
102396,-8.359593,32,synthetic,0,11
102435,-5.596382,39,synthetic,0,18
102470,-20.501424,35,synthetic,0,14
102494,-5.00911,24,real,-1,3
102531,-3.557804,37,real,-1,16
102572,-22.108677,41,synthetic,1,20
102597,-12.553646,25,synthetic,0,4
102634,-0.839391,37,real,-1,16
102655,0.265561,21,real,-1,0
102694,-16.455615,39,synthetic,0,18
102730,-3.379758,36,real,-1,15
102762,-26.872507,32,synthetic,2,11
102794,-25.772652,32,synthetic,1,11
102827,-22.073171,33,synthetic,0,12
102867,-12.524728,40,synthetic,0,19
102908,-25.122682,41,synthetic,1,20
102935,-41.450287,27,synthetic,2,6
102965,-5.581079,30,real,-1,9
102991,-9.256159,26,synthetic,0,5
103028,-22.61943,37,synthetic,1,16
103067,-2.403477,39,real,-1,18
103098,-15.880269,31,synthetic,0,10
103120,1.846547,22,real,-1,1
103162,-21.258749,42,synthetic,1,21
103187,-35.207492,25,synthetic,1,4
103227,-3.012525,40,real,-1,19
103249,-15.223761,22,synthetic,0,1
103273,-19.885328,24,synthetic,1,3
103304,1.386301,31,real,-1,10
103326,-26.931521,22,synthetic,2,1
103351,-11.801955,25,synthetic,1,4
103389,-17.200317,38,synthetic,0,17
103419,-27.13302,30,synthetic,2,9
103451,-2.316673,32,real,-1,11
103486,-18.718632,35,synthetic,1,14
103512,-33.545124,26,synthetic,2,5
103543,-20.543063,31,synthetic,1,10
103582,0.667781,39,real,-1,18
103605,0.413723,23,real,-1,2
103630,-2.336561,25,real,-1,4
103671,-10.015639,41,synthetic,0,20
103694,-22.128248,23,synthetic,1,2
103715,-28.112794,21,synthetic,2,0
103756,-4.227284,41,real,-1,20
103780,-33.534165,24,synthetic,2,3
103806,-19.940084,26,synthetic,1,5
103830,-14.873875,24,synthetic,0,3
103854,-25.817721,24,synthetic,1,3
103884,-0.277563,30,real,-1,9
103915,-29.973575,31,synthetic,1,10
103950,-25.857178,35,synthetic,1,14
103992,-22.720851,42,synthetic,1,21
104031,-19.663818,39,synthetic,0,18
104060,-18.057515,29,synthetic,0,8
104091,-14.985151,31,synthetic,1,10
104121,-20.840265,30,synthetic,0,9
104153,6.0907,32,real,-1,11
104183,-10.352082,30,synthetic,0,9
104210,2.68803,27,real,-1,6
104245,-27.074584,35,synthetic,1,14
104283,-29.415763,38,synthetic,1,17
104320,-32.861828,37,synthetic,2,16
104360,-1.333282,40,real,-1,19
104389,-38.811582,29,synthetic,2,8
104413,-29.140626,24,synthetic,1,3
104445,-37.336507,32,synthetic,2,11
104485,-3.701045,40,synthetic,0,19
104506,-30.692167,21,synthetic,1,0
104532,-40.239037,26,synthetic,2,5
104568,-26.678314,36,synthetic,1,15
104610,3.60067,42,real,-1,21
104643,-18.410912,33,synthetic,0,12
104671,-23.710234,28,synthetic,1,7
104702,-12.256297,31,real,-1,10
104736,-12.421309,34,synthetic,0,13
104778,-3.295783,42,real,-1,21
104815,-8.671928,37,synthetic,0,16
104841,-7.665142,26,real,-1,5
104873,-28.774425,32,synthetic,1,11
104911,-5.126526,38,synthetic,0,17
104941,-26.326638,30,synthetic,1,9
104983,-8.230103,42,real,-1,21
105010,1.342256,27,real,-1,6
105043,-45.407799,33,synthetic,2,12
105074,-3.806356,31,real,-1,10
105109,-43.675324,35,synthetic,2,14
105141,-29.967071,32,synthetic,2,11
105175,-31.057548,34,synthetic,2,13
105213,-5.864831,38,synthetic,0,17
105248,-8.518424,35,real,-1,14
105274,-35.666253,26,synthetic,2,5
105305,-11.766024,31,synthetic,0,10
105346,-5.831479,41,real,-1,20
105378,-10.974979,32,synthetic,0,11
105411,-2.247077,33,real,-1,12
105446,-0.584641,35,real,-1,14
105474,-2.994608,28,real,-1,7
105500,-0.25349,26,real,-1,5
105528,-12.114027,28,synthetic,0,7
105549,-6.485251,21,real,-1,0
105571,-39.64308,22,synthetic,2,1
105594,-20.766461,23,synthetic,0,2
105634,-23.83824,40,synthetic,1,19
105655,-0.844285,21,real,-1,0
105692,-1.047264,37,real,-1,16
105724,-30.628002,32,synthetic,2,11
105756,-18.036247,32,synthetic,2,11
105778,-2.938516,22,real,-1,1
105804,-20.535947,26,synthetic,1,5
105837,-12.977281,33,synthetic,0,12
105877,-26.732789,40,synthetic,1,19
105913,-1.29984,36,real,-1,15
105948,-5.292904,35,real,-1,14
105975,-20.119769,27,synthetic,0,6
106014,-1.265378,39,real,-1,18
106050,-14.219176,36,synthetic,0,15
106084,-52.331507,34,synthetic,2,13
106116,-29.628582,32,synthetic,2,11
106157,0.73304,41,real,-1,20
106190,-2.155518,33,real,-1,12
106212,-5.34134,22,real,-1,1
106236,-30.717184,24,synthetic,1,3
106265,-3.428591,29,real,-1,8
106290,-18.687605,25,synthetic,1,4
106330,-22.267765,40,synthetic,1,19
106356,-35.53112,26,synthetic,2,5
106382,-25.734101,26,synthetic,1,5
106417,-11.241514,35,synthetic,0,14
106457,-16.491686,40,synthetic,0,19
106496,-24.869145,39,synthetic,0,18
106527,-47.090442,31,synthetic,2,10
106557,-46.177839,30,synthetic,2,9
106582,-23.818379,25,synthetic,1,4
106623,-26.994576,41,synthetic,1,20
106655,-1.241093,32,real,-1,11
106677,-0.869802,22,real,-1,1
106708,-22.595296,31,synthetic,1,10
106733,-11.19579,25,synthetic,0,4
106774,-6.862384,41,real,-1,20
106812,-29.718473,38,synthetic,1,17
106847,6.285458,35,real,-1,14
106886,-33.533576,39,synthetic,2,18
106923,-0.83026,37,real,-1,16
106959,-39.778737,36,synthetic,2,15
106984,-2.840587,25,real,-1,4
107014,-13.62117,30,synthetic,0,9
107043,-26.128348,29,synthetic,2,8
107064,-29.962353,21,synthetic,2,0
107092,1.658887,28,real,-1,7
107131,-2.704673,39,real,-1,18
107166,-26.245704,35,synthetic,1,14
107187,-30.709283,21,synthetic,1,0
107209,-37.156503,22,synthetic,2,1
107237,-14.194607,28,synthetic,0,7
107262,-2.90554,25,real,-1,4
107302,-31.060999,40,synthetic,1,19
107324,-28.171343,22,synthetic,2,1
107345,-38.890031,21,synthetic,2,0
107371,-0.583947,26,real,-1,5
107406,-6.933616,35,real,-1,14
107430,-2.890074,24,real,-1,3
107468,-0.549774,38,real,-1,17
107505,-8.210327,37,synthetic,0,16
107535,-7.005116,30,real,-1,9
107575,-19.813605,40,synthetic,0,19
107600,-34.616749,25,synthetic,2,4
107639,-23.977904,39,synthetic,1,18
107669,-4.766641,30,synthetic,0,9
107703,-15.14469,34,synthetic,0,13
107735,-1.163508,32,real,-1,11
107768,-8.244121,33,real,-1,12
107801,-15.109868,33,synthetic,0,12
107838,-2.564443,37,synthetic,0,16
107867,-0.398024,29,real,-1,8
107902,-25.712242,35,synthetic,1,14
107940,-19.640792,38,synthetic,0,17
107966,-17.818934,26,synthetic,0,5
108003,-8.610153,37,real,-1,16
108030,-18.328706,27,synthetic,1,6
108067,-34.789774,37,synthetic,2,16
108099,-28.815488,32,synthetic,2,11
108124,-4.092917,25,real,-1,4
108161,-18.843113,37,synthetic,0,16
108189,-7.15702,28,synthetic,0,7
108222,-26.403413,33,synthetic,1,12
108264,-19.839667,42,synthetic,1,21
108295,-0.16814,31,real,-1,10
108324,-12.89655,29,real,-1,8
108366,-16.433721,42,synthetic,0,21
108406,-33.883747,40,synthetic,1,19
108448,-31.532129,42,synthetic,2,21
108483,3.212952,35,real,-1,14
108525,-51.344105,42,synthetic,2,21
108554,-8.585822,29,real,-1,8
108595,-34.604879,41,synthetic,1,20
108635,-20.178303,40,synthetic,0,19
108669,-42.314797,34,synthetic,2,13
108701,-30.456299,32,synthetic,1,11
108742,-9.010892,41,synthetic,0,20
108779,-12.42878,37,synthetic,0,16
108802,-50.03763,23,synthetic,2,2
108829,-24.087222,27,synthetic,2,6
108855,-13.818418,26,synthetic,0,5
108882,-39.852858,27,synthetic,2,6
108923,-32.732515,41,synthetic,1,20
108949,-38.013379,26,synthetic,2,5
108981,-46.6704,32,synthetic,2,11
109023,-5.089363,42,synthetic,0,21
109049,-10.857066,26,synthetic,0,5
109086,-9.937965,37,synthetic,0,16
109122,-11.110568,36,synthetic,1,15
109163,3.608427,41,real,-1,20
109191,-16.085038,28,synthetic,0,7
109230,-14.726682,39,synthetic,1,18
109256,-0.757342,26,real,-1,5
109292,-8.956018,36,real,-1,15
109318,-24.72637,26,synthetic,1,5
109342,-4.033542,24,real,-1,3
109367,0.593268,25,real,-1,4
109395,0.877428,28,real,-1,7
109436,3.733124,41,real,-1,20
109466,-24.978811,30,synthetic,1,9
109494,-1.864547,28,real,-1,7
109525,-31.62514,31,synthetic,1,10
109555,-41.273469,30,synthetic,1,9
109577,-10.722342,22,synthetic,0,1
109607,-24.156379,30,synthetic,2,9
109643,-17.049666,36,synthetic,1,15
109671,-48.539183,28,synthetic,2,7
109711,-7.684812,40,synthetic,0,19
109748,-2.589381,37,real,-1,16
109778,-39.956394,30,synthetic,2,9
109806,-14.707396,28,synthetic,0,7
109833,-36.052557,27,synthetic,2,6
109868,-16.918295,35,synthetic,0,14
109899,-10.096695,31,synthetic,0,10
109938,6.389041,39,real,-1,18
109966,-0.773688,28,real,-1,7
109989,-0.93685,23,real,-1,2
110026,-10.126358,37,real,-1,16
110062,-7.26913,36,real,-1,15
110085,-32.63703,23,synthetic,2,2
110112,-9.621398,27,real,-1,6
110149,3.10121,37,real,-1,16
110186,-10.11449,37,synthetic,0,16
110209,-16.892282,23,synthetic,0,2
110235,-16.733257,26,synthetic,1,5
110258,-25.645663,23,synthetic,1,2
110280,-6.393888,22,real,-1,1
110316,-5.051342,36,synthetic,0,15
110357,-24.819987,41,synthetic,1,20
110397,-40.315223,40,synthetic,2,19
110436,-4.675314,39,real,-1,18
110468,-30.947217,32,synthetic,2,11
110491,-5.356064,23,real,-1,2
110515,0.010322,24,real,-1,3
110550,-1.295654,35,real,-1,14
110577,3.497728,27,real,-1,6
110618,-9.676782,41,real,-1,20
110642,-4.185653,24,real,-1,3
110671,-4.789713,29,synthetic,0,8
110694,-34.252381,23,synthetic,2,2
110724,-30.866069,30,synthetic,1,9
110756,4.819017,32,real,-1,11
110784,-32.106533,28,synthetic,1,7
110822,-6.86682,38,real,-1,17
110858,-21.867461,36,synthetic,2,15
110885,-3.59337,27,synthetic,0,6
110906,-0.173339,21,real,-1,0
110941,3.093898,35,real,-1,14
110980,-10.932056,39,synthetic,0,18
111009,-24.25191,29,synthetic,1,8
111050,-28.984639,41,synthetic,1,20
111074,-40.005862,24,synthetic,2,3
111113,-32.12385,39,synthetic,2,18
111139,-37.967506,26,synthetic,2,5
111180,-19.431976,41,synthetic,0,20
111204,-30.827242,24,synthetic,1,3
111227,-37.519142,23,synthetic,2,2
111257,-0.804928,30,real,-1,9
111289,-19.837824,32,synthetic,0,11
111319,-15.658548,30,synthetic,0,9
111344,-9.837013,25,real,-1,4
111369,-27.852205,25,synthetic,1,4
111391,-14.256512,22,synthetic,0,1
111415,-36.938392,24,synthetic,2,3
111451,-42.358182,36,synthetic,2,15
111491,-16.062777,40,synthetic,0,19
111529,-17.760313,38,synthetic,0,17
111567,-22.734882,38,synthetic,0,17
111589,-33.390203,22,synthetic,2,1
111617,-19.771435,28,synthetic,1,7
111644,0.036109,27,real,-1,6
111677,-15.76868,33,synthetic,0,12
111707,-37.727656,30,synthetic,2,9
111744,-2.338519,37,real,-1,16
111778,-27.460819,34,synthetic,1,13
111799,-0.009611,21,real,-1,0
111823,-38.806503,24,synthetic,2,3
111863,-6.195153,40,real,-1,19
111896,-4.574381,33,real,-1,12
111935,1.177375,39,real,-1,18
111962,-6.23477,27,real,-1,6
111991,-15.942372,29,synthetic,1,8
112033,-5.254389,42,real,-1,21
112066,-0.545309,33,real,-1,12
112087,-14.734399,21,synthetic,1,0
112112,-27.137874,25,synthetic,1,4
112150,-5.750384,38,real,-1,17
112189,-1.818002,39,real,-1,18
112214,-18.520139,25,synthetic,1,4
112241,-8.161494,27,synthetic,0,6
112266,-6.455759,25,real,-1,4
112287,-6.237474,21,real,-1,0
112314,-44.096644,27,synthetic,2,6
112338,7.072098,24,real,-1,3
112378,-50.066276,40,synthetic,2,19
112410,-5.230235,32,real,-1,11
112431,-37.129087,21,synthetic,2,0
112468,-27.061215,37,synthetic,1,16
112498,-15.210518,30,synthetic,0,9
112523,1.674379,25,real,-1,4
112555,-3.313327,32,synthetic,0,11
112577,-29.372172,22,synthetic,2,1
112617,-4.392021,40,real,-1,19
112641,4.249056,24,real,-1,3
112665,-28.521196,24,synthetic,1,3
112687,-16.323284,22,synthetic,0,1
112718,-25.761319,31,synthetic,1,10
112739,-49.575699,21,synthetic,2,0
112767,-39.733333,28,synthetic,2,7
112802,-39.501342,35,synthetic,2,14
112838,-10.495886,36,synthetic,0,15
112875,-23.28354,37,synthetic,1,16
112898,-36.617041,23,synthetic,1,2
112933,-5.914462,35,real,-1,14
112966,-37.090626,33,synthetic,2,12
112991,-24.056391,25,synthetic,2,4
113030,-17.5674,39,synthetic,0,18
113057,-26.333782,27,synthetic,1,6
113097,-29.359116,40,synthetic,2,19
113120,-43.556761,23,synthetic,2,2
113158,-11.424409,38,synthetic,0,17
113184,-16.408333,26,synthetic,0,5
113211,2.044282,27,real,-1,6
113232,-0.06716,21,real,-1,0
113253,-1.208409,21,real,-1,0
113282,-5.501175,29,real,-1,8
113308,-14.409696,26,synthetic,0,5
113334,-47.970144,26,synthetic,2,5
113362,-17.403965,28,synthetic,2,7
113400,0.339297,38,real,-1,17
113429,-3.534187,29,real,-1,8
113461,-27.237303,32,synthetic,2,11
113485,-5.665297,24,real,-1,3
113521,-42.289079,36,synthetic,2,15
113547,-2.217836,26,real,-1,5
113587,-29.955176,40,synthetic,1,19
113628,-38.855176,41,synthetic,2,20
113649,-3.583912,21,real,-1,0
113674,-19.558931,25,synthetic,1,4
113710,-12.46103,36,synthetic,1,15
113751,-4.484663,41,real,-1,20
113785,-31.094316,34,synthetic,2,13
113821,-13.914202,36,real,-1,15
113844,-13.381272,23,synthetic,0,2
113878,-20.369634,34,synthetic,0,13
113911,3.961935,33,real,-1,12
113951,-35.111059,40,synthetic,1,19
113977,-10.779703,26,synthetic,0,5
113999,-14.277604,22,synthetic,0,1
114023,-18.434684,24,synthetic,1,3
114062,-23.743307,39,synthetic,0,18
114087,-27.566011,25,synthetic,1,4
114112,-7.139337,25,synthetic,0,4
114145,-6.880599,33,synthetic,0,12
114169,-41.396304,24,synthetic,2,3
114204,-12.430384,35,synthetic,0,14
114231,-2.579912,27,real,-1,6
114253,-0.093405,22,real,-1,1
114290,-43.474987,37,synthetic,2,16
114330,-45.604052,40,synthetic,2,19
114357,-19.890937,27,synthetic,0,6
114391,-23.1338,34,synthetic,1,13
114427,-28.853484,36,synthetic,1,15
114453,-1.874372,26,real,-1,5
114481,-31.40334,28,synthetic,2,7
114513,-20.245212,32,synthetic,0,11
114549,-20.030024,36,synthetic,1,15
114577,6.965713,28,real,-1,7
114618,-10.733498,41,real,-1,20
114641,-30.535554,23,synthetic,2,2
114673,-45.287519,32,synthetic,2,11
114697,-14.028206,24,synthetic,1,3
114718,-27.585734,21,synthetic,2,0
114746,-22.519604,28,synthetic,1,7
114783,-18.599025,37,synthetic,1,16
114819,-21.143725,36,synthetic,0,15
114844,-16.89186,25,synthetic,0,4
114865,-24.81273,21,synthetic,1,0
114901,-20.118408,36,synthetic,0,15
114931,-4.903813,30,real,-1,9
114959,-38.986123,28,synthetic,2,7
115000,-25.741631,41,synthetic,1,20
115039,-18.356207,39,synthetic,1,18
115081,-15.016551,42,synthetic,1,21
115105,-28.01957,24,synthetic,1,3
115135,-3.951245,30,real,-1,9
115173,-30.451778,38,synthetic,1,17
115194,-1.127163,21,real,-1,0
115232,-2.895538,38,real,-1,17
115254,-5.178945,22,real,-1,1
115293,-33.077459,39,synthetic,1,18
115314,-27.628219,21,synthetic,2,0
115338,-11.547428,24,synthetic,0,3
115360,2.531341,22,real,-1,1
115399,-39.157229,39,synthetic,2,18
115437,-14.598107,38,real,-1,17
115463,-2.238063,26,real,-1,5
115497,-12.618604,34,synthetic,0,13
115524,-19.656149,27,synthetic,0,6
115548,-45.059403,24,synthetic,2,3
115582,-6.213452,34,real,-1,13
115621,-3.982111,39,real,-1,18
115646,-36.122037,25,synthetic,2,4
115675,-4.721559,29,real,-1,8
115708,-9.588311,33,real,-1,12
115739,-8.346567,31,synthetic,0,10
115764,-32.54455,25,synthetic,2,4
115786,-35.595962,22,synthetic,2,1
115814,-27.957262,28,synthetic,1,7
115845,-7.534869,31,synthetic,0,10
115881,-19.460308,36,synthetic,0,15
115919,-22.224911,38,synthetic,1,17
115952,-17.558522,33,synthetic,0,12
115986,-0.309975,34,real,-1,13
116021,-42.297409,35,synthetic,2,14
116044,-10.27346,23,synthetic,0,2
116080,-24.385993,36,synthetic,1,15
116119,-2.430377,39,real,-1,18
116144,0.617809,25,real,-1,4
116182,-23.126582,38,synthetic,1,17
116220,-16.367567,38,synthetic,0,17
116243,-43.555293,23,synthetic,2,2
116275,-0.946715,32,real,-1,11
116296,-29.421825,21,synthetic,1,0
116323,-41.468667,27,synthetic,2,6
116351,-9.0449,28,real,-1,7
116374,-3.474881,23,real,-1,2
116416,-52.917582,42,synthetic,2,21
116443,-18.013867,27,synthetic,1,6
116467,-21.311032,24,synthetic,1,3
116509,-27.136559,42,synthetic,2,21
116551,2.569469,42,real,-1,21
116593,-0.511298,42,real,-1,21
116614,-0.343992,21,real,-1,0
116639,-16.060712,25,synthetic,0,4
116665,-1.886552,26,real,-1,5
116689,-36.244625,24,synthetic,2,3
116724,-47.231713,35,synthetic,2,14
116749,-14.983052,25,synthetic,0,4
116782,-29.567958,33,synthetic,1,12
116814,-13.16438,32,synthetic,0,11
116846,-41.301787,32,synthetic,2,11
116884,-45.785389,38,synthetic,2,17
116911,-16.996145,27,synthetic,0,6
116943,-20.872286,32,synthetic,1,11
116975,-4.133757,32,real,-1,11
117016,-40.548227,41,synthetic,2,20
117056,-15.644951,40,synthetic,0,19
117080,-29.81072,24,synthetic,2,3
117102,-11.565224,22,synthetic,0,1
117142,-25.764985,40,synthetic,1,19
117171,-12.65219,29,synthetic,0,8
117200,-0.086903,29,real,-1,8
117226,-16.113006,26,synthetic,0,5
117256,-21.366484,30,synthetic,1,9
117288,-0.224548,32,real,-1,11
117309,-35.780087,21,synthetic,2,0
117350,-15.478472,41,synthetic,0,20
117387,-32.607501,37,synthetic,2,16
117429,-16.876099,42,synthetic,1,21
117467,-10.583273,38,real,-1,17
117505,-6.300525,38,real,-1,17
117539,-33.333284,34,synthetic,2,13
117580,-18.230243,41,synthetic,1,20
117620,-10.828154,40,synthetic,0,19
117649,0.411114,29,real,-1,8
117678,-53.920332,29,synthetic,2,8
117708,-15.633007,30,synthetic,0,9
117738,-3.605398,30,real,-1,9
117775,-38.932542,37,synthetic,2,16
117806,-23.861403,31,synthetic,1,10
117836,-34.265053,30,synthetic,1,9
117859,-48.349058,23,synthetic,2,2
117896,-39.535515,37,synthetic,2,16
117933,-13.09391,37,synthetic,0,16
117967,-31.582023,34,synthetic,1,13
118008,-22.853516,41,synthetic,0,20
118029,-12.9569,21,synthetic,0,0
118062,0.331913,33,real,-1,12
118094,-26.85583,32,synthetic,1,11
118125,0.523169,31,real,-1,10
118147,0.153861,22,real,-1,1
118174,-7.992197,27,real,-1,6
118215,-17.397519,41,synthetic,0,20
118252,-35.808333,37,synthetic,2,16
118291,-26.856415,39,synthetic,1,18
118319,-15.524955,28,synthetic,0,7
118356,-22.811866,37,synthetic,0,16
118389,-27.214042,33,synthetic,1,12
118413,-22.831913,24,synthetic,1,3
118443,-6.137803,30,synthetic,0,9
118465,-11.38972,22,synthetic,0,1
118494,-2.49287,29,real,-1,8
118529,-5.406596,35,real,-1,14
118550,-3.865669,21,real,-1,0
118590,-13.224548,40,synthetic,0,19
118615,-24.586004,25,synthetic,1,4
118651,-0.959662,36,real,-1,15
118684,-3.137792,33,real,-1,12
118725,-22.091591,41,synthetic,0,20
118767,-11.398501,42,synthetic,0,21
118804,-29.782099,37,synthetic,2,16
118826,-20.31564,22,synthetic,0,1
118862,-29.80098,36,synthetic,2,15
118898,-34.268324,36,synthetic,2,15
118934,4.646117,36,real,-1,15
118970,-31.291189,36,synthetic,1,15
119002,-29.997805,32,synthetic,1,11
119023,-41.928411,21,synthetic,2,0
119052,-46.290956,29,synthetic,2,8
119094,-13.530619,42,synthetic,0,21
119118,-35.602285,24,synthetic,2,3
119152,-50.576067,34,synthetic,2,13
119177,-38.770124,25,synthetic,2,4
119208,-21.956658,31,synthetic,1,10
119240,-18.473761,32,synthetic,1,11
119281,-37.322166,41,synthetic,2,20
119316,-13.998913,35,synthetic,0,14
119340,-2.491357,24,real,-1,3
119365,-4.172098,25,real,-1,4
119399,-44.002221,34,synthetic,2,13
119422,-41.657919,23,synthetic,2,2
119456,-5.51516,34,real,-1,13
119492,-11.870162,36,synthetic,0,15
119519,-38.636161,27,synthetic,2,6
119545,-19.873597,26,synthetic,0,5
119574,-23.042337,29,synthetic,1,8
119596,-2.201728,22,real,-1,1
119636,-2.044017,40,real,-1,19
119661,-17.997178,25,synthetic,0,4
119702,-12.75886,41,synthetic,0,20
119739,-4.777383,37,real,-1,16
119777,-36.227908,38,synthetic,2,17
119813,-4.77103,36,real,-1,15
119853,-15.290198,40,synthetic,0,19
119881,-21.168898,28,synthetic,1,7
119916,-41.600977,35,synthetic,2,14
119948,-50.321197,32,synthetic,2,11
119986,-5.765661,38,real,-1,17
120019,-1.525333,33,real,-1,12
120058,-13.532819,39,synthetic,0,18
120093,-20.048061,35,synthetic,1,14
120130,-19.188795,37,synthetic,1,16
120156,-6.764605,26,synthetic,0,5
120195,-19.179759,39,synthetic,0,18
120221,-2.183881,26,real,-1,5
120253,-2.721642,32,real,-1,11
120281,-1.782592,28,real,-1,7
120305,-37.594607,24,synthetic,2,3
120326,-35.125735,21,synthetic,2,0
120349,-27.534817,23,synthetic,1,2
120378,-28.20281,29,synthetic,1,8
120420,-5.936769,42,real,-1,21
120456,-6.572317,36,real,-1,15
120491,-6.656056,35,synthetic,0,14
120512,-36.471922,21,synthetic,2,0
120534,-6.477012,22,real,-1,1
120566,-7.635804,32,synthetic,0,11
120589,-11.713628,23,synthetic,0,2
120630,-24.512897,41,synthetic,1,20
120660,-23.013819,30,synthetic,1,9
120694,-21.431883,34,synthetic,1,13
120734,-41.587255,40,synthetic,1,19
120764,-18.979802,30,synthetic,1,9
120793,-13.086829,29,synthetic,0,8
120829,-26.40731,36,synthetic,2,15
120866,-6.945684,37,synthetic,0,16
120893,-1.241569,27,real,-1,6
120929,-16.005728,36,synthetic,1,15
120962,-33.365716,33,synthetic,2,12
120997,-19.576119,35,synthetic,1,14
121025,-1.807749,28,real,-1,7
121047,-28.877856,22,synthetic,2,1
121082,-9.71418,35,real,-1,14
121111,-18.821756,29,synthetic,1,8
121152,-0.267339,41,real,-1,20
121193,1.639299,41,real,-1,20
121226,-17.004596,33,synthetic,0,12
121259,-25.594243,33,synthetic,1,12
121282,-20.790705,23,synthetic,1,2
121318,-11.561223,36,synthetic,1,15
121360,-11.989445,42,synthetic,0,21
121381,5.841256,21,real,-1,0
121403,-42.327176,22,synthetic,2,1
121430,-52.246597,27,synthetic,2,6
121458,-2.105334,28,real,-1,7
121490,-5.819935,32,real,-1,11
121521,-17.237215,31,synthetic,0,10
121560,-2.015871,39,real,-1,18
121597,5.491579,37,real,-1,16
121625,-14.768524,28,synthetic,0,7
121649,-36.738054,24,synthetic,2,3
121691,-8.895525,42,synthetic,0,21
121718,-2.249152,27,real,-1,6
121760,-11.390808,42,real,-1,21
121797,-18.752876,37,synthetic,0,16
121832,-25.127652,35,synthetic,1,14
121858,-32.226788,26,synthetic,2,5
121891,-35.109555,33,synthetic,2,12
121931,-21.70338,40,synthetic,1,19
121959,-3.976298,28,real,-1,7
121995,-35.727957,36,synthetic,2,15
122033,-12.256822,38,synthetic,0,17
122069,-13.782282,36,synthetic,0,15
122111,-11.995564,42,synthetic,0,21
122145,-48.483531,34,synthetic,2,13
122187,-35.730115,42,synthetic,2,21
122210,-45.476213,23,synthetic,2,2
122247,-27.760543,37,synthetic,1,16
122283,-4.167946,36,real,-1,15
122318,-39.224931,35,synthetic,1,14
122351,-9.11538,33,real,-1,12
122378,-11.807835,27,synthetic,0,6
122399,-35.009384,21,synthetic,2,0
122441,-9.400413,42,synthetic,0,21
122480,-0.466414,39,real,-1,18
122502,-30.759054,22,synthetic,2,1
122527,-17.601615,25,synthetic,0,4
122564,-9.515676,37,synthetic,0,16
122586,-35.799827,22,synthetic,1,1
122607,-12.424931,21,synthetic,0,0
122642,-11.418226,35,real,-1,14
122681,-43.690824,39,synthetic,2,18
122714,-7.673621,33,synthetic,0,12
122737,-25.595915,23,synthetic,1,2
122761,-14.496199,24,synthetic,1,3
122792,-24.836856,31,synthetic,1,10
122833,-28.943319,41,synthetic,1,20
122875,-6.522698,42,real,-1,21
122915,-37.521229,40,synthetic,2,19
122946,-31.284861,31,synthetic,2,10
122980,0.092961,34,real,-1,13
123021,-34.91707,41,synthetic,2,20
123059,-0.006231,38,real,-1,17
123084,-31.409984,25,synthetic,2,4
123106,-21.331432,22,synthetic,1,1
123132,-3.314656,26,real,-1,5
123170,-22.099459,38,synthetic,1,17
123192,-38.864906,22,synthetic,2,1
123215,-3.393435,23,real,-1,2
123237,-30.292987,22,synthetic,2,1
123267,-10.348362,30,synthetic,0,9
123292,-40.461267,25,synthetic,2,4
123315,-0.239298,23,real,-1,2
123346,-3.324746,31,real,-1,10
123388,-38.874905,42,synthetic,2,21
123423,-23.634925,35,synthetic,0,14
123460,-14.20886,37,synthetic,1,16
123492,-16.951046,32,synthetic,0,11
123524,-42.70545,32,synthetic,2,11
123547,-34.245198,23,synthetic,2,2
123575,-22.740118,28,synthetic,1,7
123615,-10.316924,40,real,-1,19
123643,-9.102625,28,synthetic,0,7
123667,-30.849827,24,synthetic,2,3
123704,-39.291092,37,synthetic,1,16
123738,1.230123,34,real,-1,13
123768,-43.058191,30,synthetic,2,9
123789,-11.998439,21,synthetic,0,0
123822,-40.517381,33,synthetic,2,12
123851,-39.972365,29,synthetic,2,8
123876,-26.836291,25,synthetic,2,4
123901,3.471304,25,real,-1,4
123928,-24.444063,27,synthetic,1,6
123950,-33.761485,22,synthetic,2,1
123978,-6.135832,28,synthetic,0,7
123999,-35.562457,21,synthetic,2,0
124038,-34.637156,39,synthetic,2,18
124070,-32.426279,32,synthetic,2,11
124108,-30.255234,38,synthetic,2,17
124135,-20.307164,27,synthetic,1,6
124159,-22.932006,24,synthetic,1,3
124200,-3.853972,41,real,-1,20
124233,-3.753896,33,real,-1,12
124264,-35.694889,31,synthetic,2,10
124286,-2.590675,22,real,-1,1
124317,-15.326261,31,synthetic,0,10
124354,-12.848716,37,synthetic,0,16
124381,-2.369549,27,real,-1,6
124418,-5.313913,37,real,-1,16
124445,-12.237716,27,synthetic,0,6
124471,-46.110434,26,synthetic,2,5
124507,-39.230336,36,synthetic,2,15
124537,-4.906162,30,real,-1,9
124571,-19.568864,34,synthetic,0,13
124604,-8.0266,33,real,-1,12
124639,-8.484746,35,synthetic,0,14
124665,-33.753511,26,synthetic,1,5
124707,-5.29783,42,real,-1,21
124740,-36.375841,33,synthetic,2,12
124782,-21.767071,42,synthetic,0,21
124811,-17.907918,29,synthetic,0,8
124832,-4.97997,21,real,-1,0
124867,-13.403183,35,synthetic,0,14
124899,-24.760584,32,synthetic,1,11
124922,-1.345396,23,real,-1,2
124943,-3.970036,21,real,-1,0
124977,-9.162424,34,synthetic,0,13
125001,-22.990917,24,synthetic,1,3
125025,-46.058034,24,synthetic,2,3
125055,-3.796742,30,real,-1,9
125095,-25.129534,40,synthetic,1,19
125137,-22.467957,42,synthetic,1,21
125174,-31.426873,37,synthetic,2,16
125211,-19.926853,37,synthetic,1,16
125251,-7.438895,40,real,-1,19
125287,-41.451976,36,synthetic,2,15
125314,1.400437,27,real,-1,6
125350,-23.460531,36,synthetic,1,15
125386,-35.175913,36,synthetic,2,15
125424,-0.631061,38,real,-1,17
125446,-9.12171,22,synthetic,0,1
125475,-19.150777,29,synthetic,1,8
125506,-15.836463,31,synthetic,0,10
125527,-39.651633,21,synthetic,2,0
125562,-41.894546,35,synthetic,2,14
125586,-16.98451,24,synthetic,1,3
125615,-26.762173,29,synthetic,2,8
125644,-11.158503,29,synthetic,0,8
125674,0.738228,30,real,-1,9
125701,-34.315308,27,synthetic,2,6
125734,-18.655905,33,synthetic,0,12
125773,-2.894421,39,real,-1,18
125805,-19.444094,32,synthetic,0,11
125833,-33.02174,28,synthetic,2,7
125871,-1.720351,38,real,-1,17
125902,-4.325491,31,real,-1,10
125936,-10.81362,34,real,-1,13
125969,-44.506369,33,synthetic,2,12
125997,-3.281341,28,real,-1,7
126039,-29.145294,42,synthetic,1,21
126068,-7.180456,29,synthetic,0,8
126090,-23.685807,22,synthetic,1,1
126130,-40.212159,40,synthetic,2,19
126163,-1.041224,33,real,-1,12
126190,-2.784377,27,real,-1,6
126228,-23.583528,38,synthetic,1,17
126249,-42.311271,21,synthetic,2,0
126282,-15.272882,33,synthetic,1,12
126314,-27.662233,32,synthetic,1,11
126344,-34.502896,30,synthetic,2,9
126376,-14.816776,32,synthetic,1,11
126415,-19.067528,39,synthetic,0,18
126454,-29.33971,39,synthetic,2,18
126484,-49.796549,30,synthetic,2,9
126522,-12.475162,38,synthetic,0,17
126555,0.191765,33,real,-1,12
126583,-24.897645,28,synthetic,2,7
126606,-32.232879,23,synthetic,2,2
126635,-26.051679,29,synthetic,2,8
126671,-40.115023,36,synthetic,2,15
126707,-48.306828,36,synthetic,2,15
126731,-2.838668,24,real,-1,3
126767,-16.638241,36,synthetic,0,15
126802,-44.979813,35,synthetic,2,14
126825,-31.974717,23,synthetic,2,2
126850,-16.013958,25,synthetic,0,4
126877,-41.65358,27,synthetic,2,6
126902,-5.670151,25,real,-1,4
126925,-1.271066,23,real,-1,2
126962,-26.745492,37,synthetic,1,16
127003,-31.472642,41,synthetic,1,20
127041,-2.204373,38,real,-1,17
127083,-18.687038,42,synthetic,1,21
127115,2.824983,32,real,-1,11
127138,-22.513491,23,synthetic,1,2
127167,-0.939908,29,real,-1,8
127197,-47.816531,30,synthetic,2,9
127225,-33.267925,28,synthetic,2,7
127249,-27.558062,24,synthetic,1,3
127280,-25.868358,31,synthetic,1,10
127304,-20.777268,24,synthetic,1,3
127343,-16.241648,39,synthetic,0,18
127364,-26.376146,21,synthetic,1,0
127389,-20.31663,25,synthetic,1,4
127430,-8.426301,41,real,-1,20
127467,-52.016388,37,synthetic,2,16
127502,-1.53339,35,real,-1,14
127534,-25.207379,32,synthetic,1,11
127571,-26.529202,37,synthetic,1,16
127593,-2.093933,22,real,-1,1
127623,-19.418619,30,synthetic,0,9
127648,-12.063177,25,synthetic,0,4
127689,-20.102682,41,synthetic,0,20
127725,-14.989388,36,synthetic,0,15
127764,-25.791169,39,synthetic,1,18
127802,-7.256009,38,real,-1,17
127823,-19.839668,21,synthetic,0,0
127858,-5.241202,35,real,-1,14
127884,-2.170861,26,real,-1,5
127914,2.407735,30,real,-1,9
127954,3.380971,40,real,-1,19
127996,-7.142179,42,synthetic,0,21
128022,-2.045117,26,real,-1,5
128044,-12.224194,22,synthetic,0,1
128074,-25.84532,30,synthetic,1,9
128110,-6.711075,36,synthetic,0,15
128141,-17.157384,31,synthetic,0,10
128163,-21.122349,22,synthetic,0,1
128199,-29.187134,36,synthetic,2,15
128239,-15.262463,40,synthetic,0,19
128260,-15.204536,21,synthetic,0,0
128297,-11.667196,37,synthetic,0,16
128334,-33.781095,37,synthetic,1,16
128371,-7.465095,37,real,-1,16
128399,-20.382784,28,synthetic,0,7
128421,-2.922558,22,real,-1,1
128446,-20.881564,25,synthetic,1,4
128473,-36.925589,27,synthetic,2,6
128501,-15.697848,28,synthetic,0,7
128531,-3.72842,30,real,-1,9
128561,-13.528359,30,synthetic,0,9
128601,-12.99183,40,synthetic,0,19
128639,-18.771051,38,synthetic,1,17
128666,-26.865814,27,synthetic,1,6
128703,-23.323128,37,synthetic,2,16
128730,-30.729442,27,synthetic,1,6
128755,-11.523866,25,synthetic,0,4
128785,-1.358746,30,real,-1,9
128813,1.975768,28,real,-1,7
128844,-18.438099,31,synthetic,0,10
128869,-7.759502,25,real,-1,4
128900,-42.97231,31,synthetic,2,10
128923,-24.280104,23,synthetic,2,2
128960,3.049506,37,real,-1,16
128986,-7.443694,26,real,-1,5
129011,-51.537739,25,synthetic,2,4
129035,-10.128017,24,synthetic,0,3
129058,2.628704,23,real,-1,2
129099,-43.87364,41,synthetic,2,20
129127,-16.340799,28,synthetic,0,7
129155,-20.114951,28,synthetic,0,7
129191,0.147708,36,real,-1,15
129229,-1.962279,38,real,-1,17
129266,-9.191663,37,real,-1,16
129288,-35.837744,22,synthetic,2,1
129319,-44.035883,31,synthetic,2,10
129353,-11.052007,34,synthetic,0,13
129392,-2.683084,39,real,-1,18
129426,-9.366245,34,synthetic,0,13
129458,-10.082729,32,synthetic,0,11
129480,-39.271975,22,synthetic,2,1
129520,-1.729304,40,real,-1,19
129549,-23.127415,29,synthetic,1,8
129575,2.069788,26,real,-1,5
129616,0.291147,41,real,-1,20
129647,-3.698747,31,real,-1,10
129668,-50.821714,21,synthetic,2,0
129692,-16.953861,24,synthetic,0,3
129722,-27.091413,30,synthetic,2,9
129745,-27.766915,23,synthetic,1,2
129784,-21.844503,39,synthetic,0,18
129806,-31.253977,22,synthetic,1,1
129848,-30.415759,42,synthetic,1,21
129887,-26.655203,39,synthetic,2,18
129923,-6.86559,36,real,-1,15
129964,-10.169713,41,synthetic,0,20
129989,-18.454018,25,synthetic,0,4
130021,-31.709682,32,synthetic,1,11
130045,-42.838807,24,synthetic,2,3
130073,1.204666,28,real,-1,7
130112,-23.938205,39,synthetic,1,18
130150,-26.926263,38,synthetic,1,17
130189,-28.937414,39,synthetic,1,18
130211,-23.80097,22,synthetic,2,1
130242,-13.022726,31,synthetic,0,10
130282,-27.441949,40,synthetic,1,19
130310,-3.448868,28,real,-1,7
130334,-4.052592,24,real,-1,3
130358,-9.702059,24,synthetic,0,3
130400,-18.47224,42,synthetic,1,21
130425,-3.071389,25,real,-1,4
130465,-38.826454,40,synthetic,2,19
130500,-27.81976,35,synthetic,1,14
130529,-9.147796,29,real,-1,8
130562,-0.816137,33,real,-1,12
130604,-9.786374,42,real,-1,21
130637,-24.09825,33,synthetic,2,12
130671,-37.633377,34,synthetic,2,13
130709,-12.801501,38,synthetic,0,17
130741,-43.469022,32,synthetic,2,11
130769,-8.515887,28,real,-1,7
130797,-1.674171,28,real,-1,7
130818,-30.551399,21,synthetic,2,0
130859,-30.281752,41,synthetic,1,20
130884,-14.526361,25,synthetic,0,4
130917,-42.080089,33,synthetic,2,12
130958,-43.494022,41,synthetic,2,20
130983,-13.460352,25,synthetic,0,4
131020,-2.820943,37,real,-1,16
131059,-10.120172,39,real,-1,18
131095,2.020896,36,real,-1,15
131126,-10.914976,31,synthetic,0,10
131152,-9.154573,26,synthetic,0,5
131190,-36.688181,38,synthetic,1,17
131224,-3.499226,34,real,-1,13
131249,4.207103,25,real,-1,4
131281,-7.729379,32,real,-1,11
131307,-39.34289,26,synthetic,2,5
131336,-24.39735,29,synthetic,1,8
131378,-41.513262,42,synthetic,2,21
131400,-5.371101,22,real,-1,1
131434,-15.236409,34,synthetic,1,13
131476,-47.917688,42,synthetic,2,21
131503,-26.082923,27,synthetic,1,6
131541,-16.119417,38,synthetic,0,17
131577,-15.924321,36,synthetic,0,15
131601,-47.263773,24,synthetic,2,3
131638,-6.956583,37,real,-1,16
131670,-43.775361,32,synthetic,2,11
131710,-35.869953,40,synthetic,2,19
131734,-4.645539,24,real,-1,3
131765,-9.534098,31,synthetic,1,10
131788,0.334678,23,real,-1,2
131809,-12.310682,21,synthetic,0,0
131846,-2.457556,37,real,-1,16
131872,-4.109162,26,real,-1,5
131912,-19.730564,40,synthetic,0,19
131934,-3.170511,22,real,-1,1
131968,-12.44139,34,synthetic,0,13
131989,-24.536472,21,synthetic,1,0
132011,0.58548,22,real,-1,1
132036,-32.166023,25,synthetic,2,4
132073,-16.726992,37,synthetic,0,16
132099,-25.968151,26,synthetic,2,5
132125,-33.290275,26,synthetic,2,5
132152,-15.407227,27,synthetic,0,6
132192,-22.287827,40,synthetic,1,19
132213,-18.528534,21,synthetic,1,0
132243,-13.334949,30,synthetic,0,9
132280,-32.318876,37,synthetic,1,16
132318,-52.503105,38,synthetic,2,17
132347,-15.783097,29,synthetic,0,8
132370,-2.786686,23,real,-1,2
132409,-40.783698,39,synthetic,2,18
132444,-16.506289,35,synthetic,0,14
132484,-31.55027,40,synthetic,2,19
132525,-26.096999,41,synthetic,2,20
132552,-1.557448,27,real,-1,6
132587,-28.903094,35,synthetic,1,14
132612,2.019422,25,real,-1,4
132645,-1.581966,33,real,-1,12
132672,-15.924726,27,synthetic,0,6
132699,-18.175015,27,synthetic,0,6
132721,-25.382797,22,synthetic,1,1
132757,-12.966015,36,synthetic,0,15
132783,-38.445473,26,synthetic,1,5
132823,-36.454456,40,synthetic,2,19
132844,-2.960528,21,real,-1,0
132885,-11.869634,41,real,-1,20
132922,-39.481511,37,synthetic,2,16
132949,6.583611,27,real,-1,6
132972,-3.140591,23,real,-1,2
132997,-23.229871,25,synthetic,1,4
133026,-19.533388,29,synthetic,1,8
133054,-0.848332,28,real,-1,7
133087,6.477233,33,real,-1,12
133127,-3.692351,40,real,-1,19
133169,-4.553886,42,real,-1,21
133200,-36.350474,31,synthetic,2,10
133240,-17.879546,40,synthetic,1,19
133261,-33.591118,21,synthetic,2,0
133297,-11.281262,36,synthetic,0,15
133332,-40.672076,35,synthetic,2,14
133366,-14.894989,34,synthetic,0,13
133405,-39.16382,39,synthetic,2,18
133430,-25.010371,25,synthetic,1,4
133452,-24.830808,22,synthetic,1,1
133486,-37.036728,34,synthetic,2,13
133523,-15.694328,37,synthetic,0,16
133565,-3.231857,42,real,-1,21
133586,-14.23261,21,synthetic,0,0
133626,-18.246244,40,synthetic,2,19
133664,-11.130955,38,synthetic,0,17
133690,-19.150694,26,synthetic,1,5
133724,-16.736828,34,synthetic,0,13
133758,-28.491623,34,synthetic,1,13
133785,-39.343484,27,synthetic,2,6
133812,-19.322176,27,synthetic,1,6
133837,-7.016072,25,real,-1,4
133871,-12.574364,34,real,-1,13
133910,-12.248665,39,synthetic,0,18
133941,1.476319,31,real,-1,10
133972,-17.79138,31,synthetic,0,10
134007,-5.654041,35,real,-1,14
134049,-13.966389,42,synthetic,0,21
134081,-21.28667,32,synthetic,1,11
134107,-29.523907,26,synthetic,1,5
134133,2.635969,26,real,-1,5
134163,-9.886158,30,synthetic,0,9
134194,-0.315312,31,real,-1,10
134234,-8.332157,40,real,-1,19
134259,-0.199277,25,real,-1,4
134299,-21.322253,40,synthetic,1,19
134335,-21.803513,36,synthetic,2,15
134361,-19.846153,26,synthetic,0,5
134396,-24.198292,35,synthetic,1,14
134427,-36.491872,31,synthetic,1,10
134457,-27.533053,30,synthetic,1,9
134499,-34.611064,42,synthetic,2,21
134528,-1.453005,29,real,-1,8
134559,-13.370141,31,synthetic,0,10
134594,-33.294333,35,synthetic,1,14
134625,-2.598708,31,real,-1,10
134655,0.41507,30,real,-1,9
134695,-8.50087,40,synthetic,0,19
134718,3.129453,23,real,-1,2
134757,-24.583043,39,synthetic,0,18
134793,-37.433586,36,synthetic,2,15
134832,7.104726,39,real,-1,18
134861,-20.525556,29,synthetic,0,8
134882,-6.203293,21,real,-1,0
134915,-9.701553,33,synthetic,0,12
134944,-13.305416,29,synthetic,0,8
134966,-1.510478,22,real,-1,1
134989,-10.346179,23,synthetic,0,2
135013,-10.383685,24,synthetic,0,3
135055,-34.915851,42,synthetic,1,21
135086,-5.697757,31,synthetic,0,10
135114,-28.473701,28,synthetic,1,7
135137,-34.076035,23,synthetic,2,2
135172,-6.420699,35,real,-1,14
135206,-33.873802,34,synthetic,1,13
135246,-23.997268,40,synthetic,1,19
135270,-34.987914,24,synthetic,2,3
135308,-51.808128,38,synthetic,2,17
135346,1.640108,38,real,-1,17
135374,-43.356198,28,synthetic,2,7
135412,-30.312564,38,synthetic,2,17
135442,-34.684368,30,synthetic,2,9
135474,-11.229512,32,synthetic,0,11
135495,1.85279,21,real,-1,0
135528,-19.130688,33,synthetic,1,12
135563,0.624998,35,real,-1,14
135602,-46.543345,39,synthetic,2,18
135634,-16.414414,32,synthetic,1,11
135671,-0.800907,37,real,-1,16
135704,-3.401045,33,real,-1,12
135725,2.696807,21,real,-1,0
135766,-9.041968,41,synthetic,0,20
135801,-4.017114,35,real,-1,14
135824,-11.255555,23,synthetic,0,2
135858,-23.553529,34,synthetic,1,13
135900,-6.877587,42,real,-1,21
135942,-12.837181,42,real,-1,21
135977,-14.831103,35,synthetic,0,14
136012,-29.639459,35,synthetic,1,14
136041,-4.222362,29,real,-1,8
136075,-9.030935,34,real,-1,13
136110,2.613273,35,real,-1,14
136145,-6.668442,35,synthetic,0,14
136175,-40.219038,30,synthetic,2,9
136198,-30.983154,23,synthetic,2,2
136224,-22.62225,26,synthetic,1,5
136254,-3.941011,30,real,-1,9
136291,-5.024621,37,real,-1,16
136333,-49.387943,42,synthetic,2,21
136361,-21.935907,28,synthetic,2,7
136393,-2.091463,32,real,-1,11
136424,-21.002453,31,synthetic,1,10
136447,-23.609676,23,synthetic,1,2
136486,-31.480157,39,synthetic,2,18
136527,-7.259109,41,real,-1,20
136557,-6.911728,30,real,-1,9
136579,-5.124141,22,real,-1,1
136602,-39.289965,23,synthetic,2,2
136628,-31.865216,26,synthetic,2,5
136667,-10.975866,39,real,-1,18
136704,-2.998848,37,real,-1,16
136725,-25.724039,21,synthetic,1,0
136750,-38.21169,25,synthetic,2,4
136774,-2.90797,24,real,-1,3
136798,-50.423623,24,synthetic,2,3
136822,-25.254483,24,synthetic,1,3
136849,-18.45582,27,synthetic,2,6
136887,-15.902449,38,real,-1,17
136916,-28.800457,29,synthetic,2,8
136944,-18.494708,28,synthetic,1,7
136985,-2.697976,41,real,-1,20
137021,-5.282907,36,real,-1,15
137062,-15.746069,41,synthetic,0,20
137099,-19.732416,37,synthetic,2,16
137129,-3.062247,30,real,-1,9
137163,-15.186096,34,synthetic,0,13
137201,-23.298993,38,synthetic,1,17
137229,-3.342579,28,real,-1,7
137267,-0.339224,38,real,-1,17
137296,-15.512061,29,synthetic,0,8
137324,0.066378,28,real,-1,7
137350,-0.290788,26,real,-1,5
137376,-37.463669,26,synthetic,2,5
137397,-23.86078,21,synthetic,1,0
137421,-10.508861,24,synthetic,0,3
137461,-21.012389,40,synthetic,1,19
137492,-30.905507,31,synthetic,1,10
137524,-39.235899,32,synthetic,2,11
137562,-17.353243,38,synthetic,0,17
137604,-11.31987,42,synthetic,0,21
137633,-10.463636,29,real,-1,8
137667,-21.784934,34,synthetic,0,13
137691,0.008162,24,real,-1,3
137732,-4.455421,41,real,-1,20
137765,-29.321433,33,synthetic,1,12
137800,-37.289205,35,synthetic,1,14
137835,-9.871261,35,real,-1,14
137870,-10.739567,35,real,-1,14
137896,-22.046981,26,synthetic,2,5
137923,-3.847529,27,real,-1,6
137953,-15.915136,30,synthetic,0,9
137989,-22.055493,36,synthetic,1,15
138015,-9.103397,26,synthetic,0,5
138052,-34.25391,37,synthetic,2,16
138074,-14.157169,22,synthetic,0,1
138116,-0.351191,42,real,-1,21
138137,-5.337786,21,real,-1,0
138159,-9.834794,22,real,-1,1
138189,-43.634896,30,synthetic,2,9
138220,-26.553758,31,synthetic,1,10
138262,-17.173345,42,synthetic,0,21
138299,-28.474226,37,synthetic,1,16
138330,-8.24026,31,synthetic,0,10
138363,-33.525342,33,synthetic,2,12
138387,-30.156249,24,synthetic,1,3
138410,-33.467575,23,synthetic,2,2
138437,-2.955965,27,real,-1,6
138476,-22.436984,39,synthetic,1,18
138510,-8.990085,34,synthetic,0,13
138551,1.657747,41,real,-1,20
138582,-41.313399,31,synthetic,2,10
138612,-11.515223,30,synthetic,0,9
138644,-17.226718,32,synthetic,0,11
138668,-10.324152,24,synthetic,0,3
138710,-16.84568,42,synthetic,0,21
138741,-26.272763,31,synthetic,1,10
138773,-20.506884,32,synthetic,1,11
138812,-32.758862,39,synthetic,2,18
138834,-5.061855,22,real,-1,1
138875,-21.045829,41,synthetic,1,20
138901,-18.267114,26,synthetic,0,5
138940,-17.866409,39,synthetic,0,18
138971,-42.438124,31,synthetic,2,10
139011,-29.254475,40,synthetic,1,19
139035,-28.118911,24,synthetic,1,3
139070,-4.170324,35,real,-1,14
139109,-30.447711,39,synthetic,1,18
139151,-38.645358,42,synthetic,2,21
139172,-17.041969,21,synthetic,0,0
139212,-40.964795,40,synthetic,2,19
139239,0.775189,27,real,-1,6
139269,-10.601823,30,synthetic,0,9
139311,-23.48487,42,synthetic,1,21
139333,-9.161057,22,real,-1,1
139361,-7.053881,28,synthetic,0,7
139391,-25.668184,30,synthetic,2,9
139413,-3.917254,22,real,-1,1
139443,-31.286782,30,synthetic,1,9
139477,1.826975,34,real,-1,13
139501,-14.901992,24,synthetic,0,3
139541,-23.677605,40,synthetic,1,19
139570,-6.71545,29,real,-1,8
139603,-30.159748,33,synthetic,1,12
139641,-36.83365,38,synthetic,2,17
139675,-17.243105,34,synthetic,1,13
139708,-29.550155,33,synthetic,2,12
139743,-12.94549,35,real,-1,14
139778,-11.09185,35,synthetic,0,14
139808,-1.816692,30,real,-1,9
139829,-2.97278,21,real,-1,0
139860,-28.789058,31,synthetic,1,10
139884,-5.215602,24,real,-1,3
139905,-3.037938,21,real,-1,0
139929,-15.265353,24,synthetic,0,3
139952,-1.117241,23,real,-1,2
139993,-0.819995,41,real,-1,20
140035,-1.122225,42,real,-1,21
140067,-25.718632,32,synthetic,1,11
140094,-48.230546,27,synthetic,2,6
140122,-6.327377,28,synthetic,0,7
140143,-21.195494,21,synthetic,1,0
140183,-9.847367,40,synthetic,0,19
140219,-26.896857,36,synthetic,2,15
140246,-49.665857,27,synthetic,2,6
140286,-6.915721,40,real,-1,19
140316,-10.459175,30,synthetic,0,9
140347,-16.827883,31,synthetic,1,10
140378,-0.942032,31,real,-1,10
140406,2.89123,28,real,-1,7
140438,-5.585007,32,real,-1,11
140475,-11.558307,37,real,-1,16
140498,-5.216421,23,real,-1,2
140519,0.406353,21,real,-1,0
140554,-21.069939,35,synthetic,0,14
140586,-35.044207,32,synthetic,2,11
140607,2.095037,21,real,-1,0
140642,-29.240248,35,synthetic,2,14
140674,-29.987351,32,synthetic,1,11
140698,-12.341668,24,synthetic,0,3
140738,-13.99928,40,synthetic,0,19
140761,-8.844162,23,synthetic,0,2
140785,-12.367902,24,synthetic,0,3
140807,0.230128,22,real,-1,1
140839,-1.077476,32,real,-1,11
140873,-1.18831,34,real,-1,13
140895,-0.49508,22,real,-1,1
140929,-38.96458,34,synthetic,2,13
140962,0.765322,33,real,-1,12
140988,-31.764216,26,synthetic,1,5
141025,-34.871086,37,synthetic,2,16
141059,-0.144418,34,real,-1,13
141089,-19.423039,30,synthetic,1,9
141113,-23.377651,24,synthetic,1,3
141145,-37.587924,32,synthetic,2,11
141176,-16.959457,31,synthetic,0,10
141212,-34.166593,36,synthetic,2,15
141247,-34.777272,35,synthetic,1,14
141283,-2.9219,36,synthetic,0,15
141322,-8.790256,39,synthetic,0,18
141354,-16.604176,32,synthetic,0,11
141383,-40.604934,29,synthetic,2,8
141405,-7.706375,22,real,-1,1
141430,-5.657585,25,real,-1,4
141466,-1.716882,36,real,-1,15
141488,-22.250777,22,synthetic,1,1
141528,-12.250284,40,synthetic,0,19
141563,-17.716156,35,synthetic,1,14
141602,-6.933963,39,synthetic,0,18
141644,-10.750752,42,real,-1,21
141667,-30.780583,23,synthetic,2,2
141691,-36.227357,24,synthetic,2,3
141716,-26.063172,25,synthetic,2,4
141745,-28.161207,29,synthetic,1,8
141780,1.400091,35,real,-1,14
141801,-3.252727,21,real,-1,0
141835,-49.001462,34,synthetic,2,13
141874,-35.577185,39,synthetic,2,18
141911,-14.120936,37,synthetic,0,16
141940,-32.572043,29,synthetic,1,8
141963,-0.878862,23,real,-1,2
142000,-34.093765,37,synthetic,2,16
142027,-44.708671,27,synthetic,2,6
142063,-14.267164,36,synthetic,0,15
142105,-9.547318,42,real,-1,21
142131,-39.583347,26,synthetic,2,5
142171,-21.539317,40,synthetic,1,19
142206,-18.147064,35,synthetic,1,14
142245,-41.240807,39,synthetic,2,18
142279,-8.231671,34,synthetic,1,13
142315,-41.214761,36,synthetic,2,15
142340,-5.182358,25,real,-1,4
142365,-20.301405,25,synthetic,1,4
142386,-9.88406,21,synthetic,0,0
142407,-5.315904,21,real,-1,0
142430,-22.155509,23,synthetic,1,2
142454,-21.878817,24,synthetic,1,3
142481,-13.664475,27,synthetic,1,6
142502,-13.180658,21,synthetic,0,0
142542,-4.636658,40,real,-1,19
142563,1.560741,21,real,-1,0
142594,-36.097536,31,synthetic,2,10
142629,-6.971256,35,real,-1,14
142662,-5.591617,33,real,-1,12
142690,-32.943237,28,synthetic,2,7
142724,-1.409537,34,real,-1,13
142765,-10.981618,41,real,-1,20
142795,2.268941,30,real,-1,9
142829,-23.098506,34,synthetic,1,13
142851,-21.280974,22,synthetic,2,1
142893,0.20945,42,real,-1,21
142916,-28.733706,23,synthetic,1,2
142938,-19.041269,22,synthetic,1,1
142973,-11.225309,35,real,-1,14
142998,2.502145,25,real,-1,4
143036,-33.237825,38,synthetic,1,17
143078,-25.989902,42,synthetic,1,21
143114,-24.753209,36,synthetic,1,15
143137,2.111676,23,real,-1,2
143175,-26.869001,38,synthetic,2,17
143205,5.783057,30,real,-1,9
143244,-13.166548,39,synthetic,0,18
143270,-21.448786,26,synthetic,1,5
143310,-5.824782,40,real,-1,19
143332,-27.508785,22,synthetic,1,1
143354,-8.899696,22,synthetic,0,1
143375,-36.328503,21,synthetic,2,0
143399,-2.081272,24,real,-1,3
143427,-37.929528,28,synthetic,2,7
143454,-32.822988,27,synthetic,2,6
143486,-41.638018,32,synthetic,2,11
143517,-3.95157,31,real,-1,10
143548,-21.811096,31,synthetic,1,10
143570,-3.336189,22,real,-1,1
143601,-5.994101,31,real,-1,10
143640,-30.477061,39,synthetic,2,18
143663,-4.31295,23,real,-1,2
143693,0.02152,30,real,-1,9
143715,-19.519663,22,synthetic,1,1
143737,-7.724228,22,real,-1,1
143779,-12.133052,42,synthetic,0,21
143814,-21.668188,35,synthetic,0,14
143846,-25.457598,32,synthetic,1,11
143870,-0.759536,24,real,-1,3
143902,-26.643628,32,synthetic,1,11
143924,-20.726693,22,synthetic,0,1
143945,-30.562641,21,synthetic,2,0
143968,-3.776983,23,real,-1,2
143995,-0.391564,27,real,-1,6
144030,-25.234665,35,synthetic,1,14
144055,0.261222,25,real,-1,4
144089,-9.962448,34,synthetic,0,13
144113,-33.264046,24,synthetic,2,3
144153,-49.480332,40,synthetic,2,19
144189,-12.749999,36,synthetic,0,15
144228,-6.135055,39,real,-1,18
144251,-13.973968,23,synthetic,1,2
144291,-34.66594,40,synthetic,2,19
144321,-22.574898,30,synthetic,1,9
144363,-39.661005,42,synthetic,2,21
144392,-17.363806,29,synthetic,1,8
144418,-7.755781,26,real,-1,5
144441,-0.279315,23,real,-1,2
144474,-40.155648,33,synthetic,2,12
144508,-0.107791,34,real,-1,13
144545,-34.791596,37,synthetic,2,16
144576,-12.464339,31,synthetic,0,10
144604,1.384293,28,real,-1,7
144643,-22.685848,39,synthetic,1,18
144684,-26.6989,41,synthetic,1,20
144708,-17.6565,24,synthetic,0,3
144736,2.105975,28,real,-1,7
144769,3.406656,33,real,-1,12
144804,-28.701576,35,synthetic,2,14
144825,-0.827437,21,real,-1,0
144858,-39.634491,33,synthetic,2,12
144898,-27.247326,40,synthetic,2,19
144932,-26.073713,34,synthetic,1,13
144967,-7.967073,35,real,-1,14
144996,-37.664985,29,synthetic,2,8
145017,-37.335133,21,synthetic,2,0
145052,-37.509849,35,synthetic,2,14
145087,-19.023848,35,synthetic,0,14
145111,2.966059,24,real,-1,3
145150,-27.335347,39,synthetic,1,18
145182,-6.199176,32,real,-1,11
145203,-53.400776,21,synthetic,2,0
145227,-9.671954,24,synthetic,0,3
145264,-6.469817,37,real,-1,16
145306,-4.015181,42,synthetic,0,21
145340,3.3286,34,real,-1,13
145370,-4.544189,30,real,-1,9
145399,-11.029866,29,real,-1,8
145435,-22.815181,36,synthetic,1,15
145458,-5.145624,23,real,-1,2
145488,-3.01971,30,real,-1,9
145522,-23.75468,34,synthetic,1,13
145556,-37.04033,34,synthetic,2,13
145588,-31.702882,32,synthetic,1,11
145614,-26.066382,26,synthetic,1,5
145652,-26.162792,38,synthetic,1,17
145690,-33.778784,38,synthetic,2,17
145714,-12.176964,24,synthetic,0,3
145740,-28.876748,26,synthetic,1,5
145779,-28.544444,39,synthetic,1,18
145805,-3.656001,26,real,-1,5
145837,1.016677,32,real,-1,11
145863,-32.426379,26,synthetic,1,5
145887,-20.184096,24,synthetic,1,3
145915,-52.072137,28,synthetic,2,7
145941,-1.320404,26,real,-1,5
145966,3.678604,25,real,-1,4
145994,-33.696364,28,synthetic,2,7
146027,-13.398422,33,synthetic,0,12
146068,-16.791363,41,synthetic,1,20
146091,-19.449233,23,synthetic,1,2
146129,-10.310265,38,synthetic,0,17
146163,-17.393807,34,synthetic,0,13
146190,-42.358272,27,synthetic,2,6
146226,-4.80037,36,real,-1,15
146265,-2.824454,39,real,-1,18
146293,-5.993533,28,synthetic,0,7
146335,-8.074239,42,synthetic,0,21
146361,-30.803328,26,synthetic,2,5
146391,-16.483244,30,synthetic,1,9
146415,-27.5866,24,synthetic,1,3
146454,5.005456,39,real,-1,18
146494,-27.271225,40,synthetic,1,19
146528,-41.968271,34,synthetic,2,13
146567,-32.09823,39,synthetic,2,18
146606,-14.420746,39,synthetic,0,18
146627,-32.780093,21,synthetic,2,0
146658,-9.249372,31,real,-1,10
146680,-28.951863,22,synthetic,2,1
146722,-3.015965,42,real,-1,21
146760,-18.758197,38,synthetic,0,17
146787,0.723924,27,real,-1,6
146827,-2.070586,40,real,-1,19
146858,-42.016475,31,synthetic,2,10
146900,-26.236717,42,synthetic,1,21
146926,-41.299847,26,synthetic,2,5
146957,-4.421241,31,real,-1,10
146996,-3.481942,39,real,-1,18
147023,-1.894029,27,real,-1,6
147052,-8.577183,29,synthetic,0,8
147073,-20.035807,21,synthetic,0,0
147105,-37.52964,32,synthetic,2,11
147143,-25.259715,38,synthetic,0,17
147170,-9.587335,27,synthetic,0,6
147206,-18.7046,36,synthetic,1,15
147237,-38.253254,31,synthetic,2,10
147274,-38.313916,37,synthetic,2,16
147304,-12.26096,30,synthetic,0,9
147336,-27.771963,32,synthetic,0,11
147364,-13.676694,28,real,-1,7
147399,-23.68854,35,synthetic,2,14
147421,-22.52685,22,synthetic,1,1
147453,-5.962137,32,real,-1,11
147489,3.437381,36,real,-1,15
147524,-5.142945,35,real,-1,14
147556,0.970173,32,real,-1,11
147591,-43.166591,35,synthetic,2,14
147633,-34.065057,42,synthetic,1,21
147670,-14.831105,37,synthetic,0,16
147704,-49.202774,34,synthetic,2,13
147742,-11.034117,38,synthetic,0,17
147784,-12.824639,42,synthetic,0,21
147815,-19.447735,31,synthetic,1,10
147836,-6.709198,21,synthetic,0,0
147861,-22.166295,25,synthetic,1,4
147882,-9.389562,21,synthetic,0,0
147905,-34.223178,23,synthetic,2,2
147932,-4.732729,27,real,-1,6
147963,-9.03826,31,real,-1,10
147989,-19.519574,26,synthetic,0,5
148010,1.117468,21,real,-1,0
148037,-44.912631,27,synthetic,2,6
148071,-19.726792,34,synthetic,1,13
148097,-19.541626,26,synthetic,1,5
148125,-22.831991,28,synthetic,0,7
148150,-21.343777,25,synthetic,1,4
148184,-37.341045,34,synthetic,2,13
148206,-26.923215,22,synthetic,1,1
148239,-14.609686,33,synthetic,1,12
148279,-38.875208,40,synthetic,2,19
148317,-28.578291,38,synthetic,1,17
148354,-44.952753,37,synthetic,2,16
148379,-24.689394,25,synthetic,1,4
148403,-1.95308,24,real,-1,3
148426,-41.885131,23,synthetic,2,2
148467,-10.915184,41,real,-1,20
148492,-38.830599,25,synthetic,2,4
148533,2.243948,41,real,-1,20
148565,0.336124,32,real,-1,11
148592,-14.788428,27,synthetic,0,6
148621,-20.096748,29,synthetic,1,8
148643,-5.025768,22,synthetic,0,1
148667,-35.084492,24,synthetic,2,3
148702,-37.967704,35,synthetic,2,14
148724,-14.646536,22,synthetic,1,1
148761,-15.155321,37,synthetic,0,16
148791,-27.372587,30,synthetic,1,9
148830,-2.642773,39,real,-1,18
148855,-4.594957,25,real,-1,4
148887,-20.976255,32,synthetic,1,11
148929,-13.637183,42,synthetic,0,21
148963,-15.895946,34,synthetic,0,13
148990,-34.0022,27,synthetic,2,6
149025,-29.025009,35,synthetic,2,14
149055,-42.609911,30,synthetic,2,9
149096,-24.015291,41,synthetic,2,20
149130,2.349428,34,real,-1,13
149156,-11.158491,26,synthetic,0,5
149192,-36.673973,36,synthetic,2,15
149222,-10.200067,30,synthetic,0,9
149255,-17.040174,33,synthetic,1,12
149281,-40.257209,26,synthetic,2,5
149322,-20.495227,41,synthetic,0,20
149346,-4.336576,24,real,-1,3
149382,-30.222141,36,synthetic,1,15
149411,-9.452334,29,synthetic,0,8
149450,-29.385224,39,synthetic,1,18
149477,-44.927089,27,synthetic,2,6
149498,1.787187,21,real,-1,0
149538,3.280922,40,real,-1,19
149576,1.334342,38,real,-1,17
149597,-9.246515,21,synthetic,0,0
149636,-19.103697,39,synthetic,0,18
149671,-22.327633,35,synthetic,2,14
149703,-20.433593,32,synthetic,1,11
149744,-11.252464,41,synthetic,0,20
149772,-4.162652,28,real,-1,7
149814,-3.701684,42,real,-1,21
149835,-19.258266,21,synthetic,1,0
149858,-16.042676,23,synthetic,0,2
149891,-7.572649,33,synthetic,0,12
149922,-15.346525,31,synthetic,0,10
149951,-27.767612,29,synthetic,1,8
149982,-10.346431,31,real,-1,10
150009,-21.657131,27,synthetic,1,6
150040,0.411939,31,real,-1,10
150072,0.264363,32,real,-1,11
150114,-50.644302,42,synthetic,2,21
150141,-12.106973,27,synthetic,0,6
150174,-13.596429,33,synthetic,0,12
150216,-2.907756,42,real,-1,21
150238,-20.805908,22,synthetic,1,1
150259,-22.856954,21,synthetic,0,0
150288,-22.476441,29,synthetic,1,8
150319,-33.013344,31,synthetic,2,10
150361,1.188941,42,real,-1,21
150392,-12.216523,31,synthetic,0,10
150426,-13.214269,34,synthetic,1,13
150450,-13.315394,24,synthetic,0,3
150471,-21.617978,21,synthetic,1,0
150510,-30.334179,39,synthetic,1,18
150538,-38.634216,28,synthetic,2,7
150563,-28.744746,25,synthetic,2,4
150591,0.118592,28,real,-1,7
150614,-14.948866,23,synthetic,0,2
150637,-24.473802,23,synthetic,1,2
150661,-17.582527,24,synthetic,1,3
150684,0.453574,23,real,-1,2
150721,-9.669209,37,synthetic,0,16
150750,-5.308498,29,real,-1,8
150787,-18.007428,37,synthetic,0,16
150824,-10.569519,37,synthetic,0,16
150858,-8.405969,34,real,-1,13
150896,-24.520707,38,synthetic,1,17
150918,-49.499145,22,synthetic,2,1
150944,-35.24938,26,synthetic,2,5
150979,-6.451247,35,synthetic,0,14
151010,-5.914341,31,synthetic,0,10
151038,-36.052086,28,synthetic,2,7
151060,-12.169127,22,synthetic,0,1
151081,-4.072726,21,real,-1,0
151118,-42.057242,37,synthetic,2,16
151139,-3.434768,21,real,-1,0
151165,-13.172129,26,synthetic,0,5
151200,-3.314338,35,real,-1,14
151238,-3.397964,38,real,-1,17
151280,-29.950795,42,synthetic,0,21
151306,-50.572343,26,synthetic,2,5
151346,-37.520941,40,synthetic,2,19
151381,-31.909764,35,synthetic,1,14
151418,-22.400399,37,synthetic,1,16
151457,-2.056205,39,real,-1,18
151481,4.938998,24,real,-1,3
151511,-37.970113,30,synthetic,2,9
151540,-16.125337,29,synthetic,0,8
151570,0.889413,30,real,-1,9
151610,-28.392748,40,synthetic,1,19
151650,-23.029828,40,synthetic,0,19
151678,-0.856171,28,real,-1,7
151699,-24.374196,21,synthetic,2,0
151720,-12.584265,21,synthetic,0,0
151741,-1.277701,21,real,-1,0
151780,-0.333675,39,real,-1,18
151808,-30.731727,28,synthetic,2,7
151831,-0.284794,23,real,-1,2
151857,-19.47667,26,synthetic,1,5
151882,-17.436293,25,synthetic,0,4
151909,-33.052946,27,synthetic,2,6
151940,-42.731712,31,synthetic,2,10
151964,-9.992145,24,real,-1,3
151995,-11.870981,31,real,-1,10
152016,-40.324858,21,synthetic,2,0
152057,-1.584583,41,real,-1,20
152085,-8.568185,28,synthetic,0,7
152124,-10.719683,39,real,-1,18
152166,-28.357196,42,synthetic,1,21
152188,-15.189483,22,synthetic,0,1
152225,-32.000535,37,synthetic,2,16
152263,-34.383475,38,synthetic,1,17
152303,-24.959761,40,synthetic,2,19
152342,-38.191763,39,synthetic,2,18
152379,-16.634594,37,synthetic,0,16
152420,-27.976304,41,synthetic,1,20
152462,-16.243499,42,synthetic,0,21
152500,-2.13712,38,real,-1,17
152523,-6.346832,23,real,-1,2
152551,-8.737202,28,real,-1,7
152592,-1.522608,41,real,-1,20
152621,-29.810754,29,synthetic,2,8
152644,-35.82539,23,synthetic,2,2
152681,-21.522778,37,synthetic,0,16
152704,-23.996274,23,synthetic,1,2
152743,-31.299581,39,synthetic,1,18
152781,-21.06445,38,synthetic,1,17
152815,-18.94538,34,synthetic,0,13
152847,-9.808342,32,synthetic,0,11
152869,-20.479183,22,synthetic,1,1
152911,-10.629326,42,real,-1,21
152932,-16.53602,21,synthetic,0,0
152963,-5.862776,31,real,-1,10
152990,-17.470083,27,synthetic,0,6
153020,-17.465911,30,synthetic,1,9
153046,0.71772,26,real,-1,5
153075,-38.716914,29,synthetic,2,8
153117,-12.706411,42,synthetic,0,21
153159,-39.026094,42,synthetic,2,21
153182,-1.100375,23,real,-1,2
153221,-31.504872,39,synthetic,2,18
153251,-2.571724,30,real,-1,9
153290,-21.579869,39,synthetic,0,18
153321,-5.192321,31,real,-1,10
153363,-22.931841,42,synthetic,1,21
153397,-20.809393,34,synthetic,1,13
153436,-17.195369,39,synthetic,0,18
153460,-23.240227,24,synthetic,2,3
153502,-28.654147,42,synthetic,1,21
153538,-28.239413,36,synthetic,1,15
153566,-29.784046,28,synthetic,1,7
153593,-15.725615,27,synthetic,0,6
153615,-0.505017,22,real,-1,1
153648,-27.636258,33,synthetic,1,12
153678,-32.879457,30,synthetic,2,9
153700,-40.435995,22,synthetic,2,1
153724,-31.757966,24,synthetic,1,3
153763,-8.593158,39,synthetic,0,18
153804,-4.381874,41,real,-1,20
153826,-4.01461,22,real,-1,1
153854,-6.13757,28,real,-1,7
153880,-34.004702,26,synthetic,2,5
153921,-46.967336,41,synthetic,2,20
153950,1.944461,29,real,-1,8
153971,-47.625321,21,synthetic,2,0
154001,-3.123057,30,real,-1,9
154040,-40.796613,39,synthetic,2,18
154081,-13.078033,41,real,-1,20
154117,-27.429925,36,synthetic,1,15
154140,-9.412393,23,synthetic,0,2
154177,-47.182516,37,synthetic,2,16
154204,-16.370019,27,real,-1,6
154246,-3.437479,42,real,-1,21
154274,-21.037738,28,synthetic,1,7
154307,-30.841178,33,synthetic,1,12
154336,-37.959864,29,synthetic,1,8
154365,-20.789323,29,synthetic,1,8
154402,-9.895572,37,real,-1,16
154427,-15.150224,25,synthetic,0,4
154453,-0.57402,26,real,-1,5
154475,-25.414848,22,synthetic,2,1
154500,0.974467,25,real,-1,4
154522,-2.258281,22,real,-1,1
154548,-29.427902,26,synthetic,1,5
154585,-36.728858,37,synthetic,2,16
154619,-8.286393,34,synthetic,0,13
154651,-19.73513,32,synthetic,1,11
154675,-39.940214,24,synthetic,2,3
154705,-27.386804,30,synthetic,1,9
154728,-26.197313,23,synthetic,2,2
154751,-13.974704,23,synthetic,0,2
154786,-2.593816,35,real,-1,14
154827,-26.026692,41,synthetic,2,20
154862,-31.105856,35,synthetic,1,14
154897,-27.536203,35,synthetic,2,14
154920,-20.391837,23,synthetic,2,2
154942,-8.011591,22,synthetic,1,1
154963,-23.031968,21,synthetic,1,0
154995,-4.306908,32,real,-1,11
155027,-18.453424,32,synthetic,0,11
155051,-13.396017,24,synthetic,0,3
155087,-35.383318,36,synthetic,2,15
155120,-25.505101,33,synthetic,1,12
155145,-9.724969,25,synthetic,0,4
155178,-37.76264,33,synthetic,2,12
155214,-21.859679,36,synthetic,1,15
155244,-6.293091,30,real,-1,9
155286,-23.866537,42,synthetic,1,21
155318,-35.532581,32,synthetic,2,11
155356,-8.871009,38,real,-1,17
155382,-14.187154,26,synthetic,0,5
155413,0.571734,31,real,-1,10
155437,-12.628063,24,synthetic,0,3
155478,-32.455743,41,synthetic,2,20
155508,-15.556931,30,synthetic,1,9
155530,-18.506458,22,synthetic,1,1
155566,-10.368849,36,real,-1,15
155604,-21.288957,38,synthetic,1,17
155637,-0.841098,33,real,-1,12
155665,-33.106945,28,synthetic,1,7
155686,-24.855956,21,synthetic,1,0
155713,-15.888001,27,synthetic,1,6
155736,-47.269185,23,synthetic,2,2
155769,-32.813588,33,synthetic,1,12
155792,-13.581793,23,synthetic,1,2
155828,-14.766102,36,synthetic,0,15
155860,-18.634268,32,synthetic,0,11
155887,-28.281693,27,synthetic,1,6
155923,-16.649564,36,synthetic,1,15
155957,-33.021112,34,synthetic,2,13
155995,-15.946091,38,synthetic,0,17
156037,-12.398235,42,synthetic,0,21
156072,-34.464118,35,synthetic,2,14
156103,-36.490048,31,synthetic,1,10
156138,-42.150366,35,synthetic,2,14
156161,6.132173,23,real,-1,2
156192,-3.846924,31,real,-1,10
156223,-34.884629,31,synthetic,2,10
156251,-10.582841,28,synthetic,0,7
156281,-14.625296,30,synthetic,0,9
156305,-41.73692,24,synthetic,2,3
156340,-8.19419,35,real,-1,14
156382,-24.383528,42,synthetic,1,21
156422,1.664661,40,real,-1,19
156464,-18.470659,42,synthetic,0,21
156497,-6.131168,33,synthetic,0,12
156529,-41.404802,32,synthetic,2,11
156562,6.548862,33,real,-1,12
156585,0.433421,23,real,-1,2
156616,-11.358054,31,synthetic,0,10
156648,-3.896574,32,real,-1,11
156680,-3.352537,32,real,-1,11
156720,-41.941292,40,synthetic,2,19
156744,-16.52206,24,synthetic,0,3
156782,-1.471249,38,real,-1,17
156809,2.680097,27,real,-1,6
156840,0.048235,31,real,-1,10
156879,-32.212543,39,synthetic,1,18
156906,-8.414581,27,real,-1,6
156932,-49.040799,26,synthetic,2,5
156968,-18.925758,36,synthetic,0,15
157005,-20.331706,37,synthetic,0,16
157036,-33.440511,31,synthetic,2,10
157063,-9.580027,27,synthetic,0,6
157088,-30.636964,25,synthetic,1,4
157130,-15.581658,42,synthetic,1,21
157160,-9.252879,30,synthetic,0,9
157184,-0.709088,24,real,-1,3
157219,-16.413957,35,synthetic,0,14
157250,-4.978255,31,real,-1,10
157280,-40.853512,30,synthetic,2,9
157313,-14.468653,33,synthetic,0,12
157349,-12.143547,36,synthetic,1,15
157387,-12.317387,38,synthetic,0,17
157413,0.061568,26,real,-1,5
157453,-5.287163,40,real,-1,19
157489,-9.001805,36,synthetic,0,15
157512,-22.518772,23,synthetic,2,2
157540,-30.130849,28,synthetic,2,7
157569,-30.968857,29,synthetic,1,8
157607,-12.40706,38,synthetic,0,17
157644,-3.456548,37,real,-1,16
157680,-39.218276,36,synthetic,2,15
157701,1.234493,21,real,-1,0
157723,-30.525364,22,synthetic,1,1
157765,-28.213726,42,synthetic,2,21
157803,-46.050525,38,synthetic,2,17
157828,-2.238136,25,real,-1,4
157858,3.62015,30,real,-1,9
157896,-22.096416,38,synthetic,1,17
157928,-15.44807,32,synthetic,1,11
157955,-5.008404,27,real,-1,6
157980,-43.286328,25,synthetic,2,4
158019,-40.796124,39,synthetic,2,18
158054,-45.452076,35,synthetic,2,14
158090,0.285469,36,real,-1,15
158114,-18.520959,24,synthetic,0,3
158145,-1.642519,31,real,-1,10
158185,-25.825093,40,synthetic,1,19
158210,-18.283443,25,synthetic,1,4
158251,-6.217031,41,real,-1,20
158272,-2.511851,21,real,-1,0
158303,-26.631601,31,synthetic,2,10
158334,0.369881,31,real,-1,10
158376,-13.757238,42,synthetic,0,21
158404,-33.839159,28,synthetic,2,7
158433,-36.550518,29,synthetic,2,8
158465,-36.438945,32,synthetic,2,11
158505,-8.231318,40,synthetic,0,19
158530,-16.666633,25,synthetic,1,4
158552,-26.07623,22,synthetic,2,1
158580,-31.185178,28,synthetic,1,7
158607,-26.269567,27,synthetic,1,6
158635,-13.095378,28,synthetic,0,7
158659,-27.484225,24,synthetic,1,3
158686,-44.746874,27,synthetic,2,6
158724,-9.685365,38,synthetic,0,17
158753,-8.002038,29,real,-1,8
158781,-10.744572,28,synthetic,0,7
158806,-30.596103,25,synthetic,1,4
158842,-8.804832,36,real,-1,15
158868,-15.139219,26,synthetic,0,5
158909,-26.47349,41,synthetic,1,20
158935,-20.409599,26,synthetic,1,5
158959,-10.832145,24,synthetic,1,3
158993,-11.860916,34,synthetic,0,13
159028,-4.634328,35,real,-1,14
159063,-5.96363,35,real,-1,14
159087,-30.914232,24,synthetic,1,3
159116,-22.666985,29,synthetic,1,8
159137,0.689692,21,real,-1,0
159159,-11.286965,22,synthetic,0,1
159190,-45.392322,31,synthetic,2,10
159229,-43.595236,39,synthetic,2,18
159258,-6.352443,29,real,-1,8
159291,-23.971576,33,synthetic,1,12
159322,-47.578524,31,synthetic,2,10
159348,-12.960804,26,synthetic,0,5
159385,-27.804674,37,synthetic,1,16
159414,-3.107983,29,real,-1,8
159435,-9.035831,21,real,-1,0
159462,-5.587095,27,synthetic,0,6
159487,-3.026882,25,real,-1,4
159529,-21.904864,42,synthetic,0,21
159566,-29.396162,37,synthetic,2,16
159604,-12.981325,38,synthetic,0,17
159630,-30.442901,26,synthetic,2,5
159651,3.486152,21,real,-1,0
159680,-22.425097,29,synthetic,1,8
159707,-18.084835,27,synthetic,0,6
159748,-33.797892,41,synthetic,2,20
159776,-3.803925,28,real,-1,7
159806,-32.393349,30,synthetic,2,9
159839,3.342645,33,real,-1,12
159878,-31.287433,39,synthetic,2,18
159918,-24.679038,40,synthetic,2,19
159944,-7.684432,26,real,-1,5
159972,-16.658305,28,synthetic,1,7
160007,-3.862376,35,real,-1,14
160041,-7.982902,34,synthetic,0,13
160067,-10.600646,26,synthetic,1,5
160091,-11.950637,24,synthetic,0,3
160122,-6.060178,31,real,-1,10
160161,-27.095439,39,synthetic,1,18
160185,-13.883924,24,synthetic,0,3
160224,-2.171519,39,real,-1,18
160249,-12.491037,25,synthetic,0,4
160270,-28.41534,21,synthetic,1,0
160294,-0.471178,24,real,-1,3
160326,-10.238983,32,real,-1,11
160358,-18.851552,32,synthetic,1,11
160391,-31.823538,33,synthetic,2,12
160432,-18.380441,41,synthetic,0,20
160471,-19.060542,39,synthetic,0,18
160496,-20.473465,25,synthetic,1,4
160524,-14.07729,28,synthetic,0,7
160564,-22.50499,40,synthetic,1,19
160606,-16.723697,42,synthetic,0,21
160647,-4.698335,41,real,-1,20
160678,-22.068674,31,synthetic,2,10
160716,-36.975171,38,synthetic,2,17
160753,-1.252016,37,real,-1,16
160782,-13.289526,29,synthetic,0,8
160809,-4.167246,27,real,-1,6
160838,-37.502132,29,synthetic,2,8
160870,-29.617761,32,synthetic,1,11
160910,-33.070754,40,synthetic,2,19
160931,1.216356,21,real,-1,0
160953,-30.945425,22,synthetic,1,1
160984,-33.074207,31,synthetic,2,10
161019,-17.18824,35,synthetic,0,14
161054,-25.579379,35,synthetic,1,14
161090,-1.635929,36,real,-1,15
161117,-2.247356,27,real,-1,6
161145,-10.401736,28,synthetic,0,7
161187,-13.118857,42,real,-1,21
161222,-14.229664,35,real,-1,14
161259,-4.796127,37,real,-1,16
161300,-3.455893,41,real,-1,20
161327,-26.643563,27,synthetic,1,6
161359,-32.80829,32,synthetic,2,11
161382,-10.437271,23,real,-1,2
161417,-23.660035,35,synthetic,1,14
161440,-43.042989,23,synthetic,2,2
161482,-5.626939,42,real,-1,21
161513,-16.132057,31,synthetic,0,10
161534,-16.247527,21,synthetic,0,0
161568,-29.729636,34,synthetic,2,13
161604,-8.446852,36,synthetic,0,15
161626,-16.397209,22,synthetic,1,1
161648,-15.328891,22,synthetic,0,1
161678,-34.507129,30,synthetic,2,9
161705,-43.251318,27,synthetic,2,6
161740,-8.979122,35,synthetic,0,14
161769,1.576961,29,real,-1,8
161803,-27.841855,34,synthetic,1,13
161837,-4.601507,34,real,-1,13
161864,-24.136352,27,synthetic,2,6
161887,-0.443601,23,real,-1,2
161926,-34.045747,39,synthetic,2,18
161963,-24.143799,37,synthetic,1,16
161984,-28.903514,21,synthetic,1,0
162024,-23.115381,40,synthetic,1,19
162058,-8.660259,34,real,-1,13
162080,-10.44154,22,synthetic,0,1
162114,-39.728788,34,synthetic,2,13
162135,-13.613017,21,synthetic,1,0
162156,-28.995286,21,synthetic,2,0
162191,-14.819727,35,synthetic,1,14
162215,0.660088,24,real,-1,3
162242,7.377858,27,real,-1,6
162279,-47.120888,37,synthetic,2,16
162307,-30.441394,28,synthetic,1,7
162329,-31.842138,22,synthetic,2,1
162365,-32.456133,36,synthetic,2,15
162390,-1.935723,25,real,-1,4
162426,-24.693189,36,synthetic,1,15
162464,-10.628395,38,real,-1,17
162502,-12.577061,38,synthetic,0,17
162543,-32.256854,41,synthetic,1,20
162571,-16.241379,28,synthetic,1,7
162598,-35.347117,27,synthetic,2,6
162631,1.755782,33,real,-1,12
162673,-10.925967,42,synthetic,0,21
162698,-16.728553,25,synthetic,0,4
162724,-10.842297,26,synthetic,0,5
162754,-27.735823,30,synthetic,1,9
162785,-24.686612,31,synthetic,1,10
162812,-14.144706,27,synthetic,0,6
162850,-25.16943,38,synthetic,2,17
162888,-39.872584,38,synthetic,2,17
162914,-11.368327,26,synthetic,0,5
162938,-10.432752,24,synthetic,0,3
162978,-36.395603,40,synthetic,2,19
163007,-37.237339,29,synthetic,2,8
163040,-26.9678,33,synthetic,2,12
163080,-8.70456,40,synthetic,0,19
163104,-22.886844,24,synthetic,2,3
163131,-37.365488,27,synthetic,2,6
163171,-25.301543,40,synthetic,1,19
163194,-24.759825,23,synthetic,1,2
163231,-20.56578,37,synthetic,2,16
163273,-35.210552,42,synthetic,2,21
163315,-14.594057,42,synthetic,0,21
163336,-34.333703,21,synthetic,2,0
163371,-38.642177,35,synthetic,2,14
163404,-7.21634,33,real,-1,12
163446,-34.382205,42,synthetic,2,21
163484,-9.71722,38,real,-1,17
163509,-20.912113,25,synthetic,1,4
163534,-29.066989,25,synthetic,2,4
163555,-2.930062,21,real,-1,0
163595,-15.341782,40,synthetic,0,19
163619,-19.566966,24,synthetic,2,3
163657,-30.486353,38,synthetic,1,17
163696,-47.324286,39,synthetic,2,18
163723,-7.453059,27,real,-1,6
163751,-41.525638,28,synthetic,2,7
163785,-0.827351,34,real,-1,13
163818,-8.725342,33,real,-1,12
163841,-14.422567,23,synthetic,0,2
163869,-19.865403,28,synthetic,1,7
163909,-7.810742,40,real,-1,19
163935,-20.609038,26,synthetic,1,5
163959,-32.848925,24,synthetic,1,3
164001,-4.903502,42,real,-1,21
164022,2.456504,21,real,-1,0
164046,3.871922,24,real,-1,3
164084,-14.449641,38,real,-1,17
164108,-36.445107,24,synthetic,2,3
164146,-3.712808,38,real,-1,17
164184,-15.094727,38,synthetic,0,17
164213,-37.419451,29,synthetic,2,8
164239,-4.461159,26,real,-1,5
164265,-29.096569,26,synthetic,2,5
164294,-3.259667,29,real,-1,8
164336,-7.585368,42,synthetic,0,21
164364,-41.81773,28,synthetic,2,7
164399,-3.46422,35,real,-1,14
164426,-39.187922,27,synthetic,1,6
164466,-26.06915,40,synthetic,2,19
164502,-6.863055,36,real,-1,15
164527,-34.357626,25,synthetic,2,4
164548,-24.343263,21,synthetic,1,0
164575,-20.891055,27,synthetic,1,6
164608,-12.242906,33,synthetic,0,12
164629,-20.351355,21,synthetic,0,0
164654,-8.686226,25,synthetic,0,4
164678,-5.609104,24,real,-1,3
164706,-26.017919,28,synthetic,1,7
164732,-4.491496,26,real,-1,5
164765,-13.072331,33,synthetic,0,12
164797,-34.361352,32,synthetic,1,11
164820,-9.763523,23,synthetic,0,2
164862,-6.349097,42,real,-1,21
164890,-29.506903,28,synthetic,2,7
164923,-26.253398,33,synthetic,0,12
164962,-31.45994,39,synthetic,1,18
164984,0.565131,22,real,-1,1
165026,-47.888706,42,synthetic,2,21
165061,-28.79624,35,synthetic,1,14
165085,-38.398814,24,synthetic,2,3
165123,-31.926462,38,synthetic,2,17
165153,-6.466197,30,real,-1,9
165193,-13.24686,40,synthetic,0,19
165224,-41.53593,31,synthetic,2,10
165252,-21.205799,28,synthetic,0,7
165276,-14.449823,24,synthetic,0,3
165317,-35.690826,41,synthetic,2,20
165345,-15.104328,28,synthetic,0,7
165371,-0.215264,26,real,-1,5
165397,-37.428126,26,synthetic,2,5
165432,-33.440065,35,synthetic,2,14
165458,-6.815616,26,real,-1,5
165482,-28.912544,24,synthetic,2,3
165506,-16.019413,24,synthetic,0,3
165527,-0.629614,21,real,-1,0
165555,-37.105252,28,synthetic,2,7
165587,-19.222862,32,synthetic,0,11
165626,-28.097802,39,synthetic,2,18
165663,-15.875511,37,synthetic,0,16
165691,-18.200644,28,synthetic,0,7
165727,-13.836406,36,synthetic,0,15
165751,-6.144515,24,real,-1,3
165788,0.042069,37,real,-1,16
165827,-2.696238,39,real,-1,18
165861,-30.453427,34,synthetic,2,13
165884,2.051657,23,real,-1,2
165908,-22.822818,24,synthetic,1,3
165940,-43.374859,32,synthetic,2,11
165978,-36.19667,38,synthetic,2,17
166004,-38.737196,26,synthetic,2,5
166033,-23.669306,29,synthetic,1,8
166071,3.987618,38,real,-1,17
166113,-32.430209,42,synthetic,1,21
166134,-28.123286,21,synthetic,1,0
166155,-15.108009,21,synthetic,1,0
166184,-8.462698,29,real,-1,8
166226,-24.960257,42,synthetic,1,21
166263,-27.895929,37,synthetic,1,16
166292,-47.194662,29,synthetic,2,8
166315,-9.870576,23,synthetic,0,2
166342,-1.00639,27,real,-1,6
166366,-22.054817,24,synthetic,1,3
166408,-15.106403,42,synthetic,0,21
166439,-13.865975,31,synthetic,0,10
166472,-23.841625,33,synthetic,0,12
166506,-1.537506,34,real,-1,13
166537,-14.184007,31,synthetic,1,10
166567,-34.476678,30,synthetic,1,9
166597,-14.140884,30,synthetic,0,9
166619,-40.56635,22,synthetic,2,1
166661,-44.818422,42,synthetic,2,21
166698,-0.73247,37,real,-1,16
166731,-7.264723,33,real,-1,12
166761,-39.019176,30,synthetic,2,9
166786,-8.782719,25,synthetic,0,4
166817,-2.57158,31,real,-1,10
166844,-10.088657,27,synthetic,0,6
166870,-9.227801,26,synthetic,0,5
166903,-42.008195,33,synthetic,2,12
166925,-37.360567,22,synthetic,2,1
166964,-20.05552,39,synthetic,0,18
166996,-3.632323,32,real,-1,11
167017,1.183763,21,real,-1,0
167057,-35.909272,40,synthetic,1,19
167083,3.558541,26,real,-1,5
167104,-2.531088,21,real,-1,0
167141,-33.005134,37,synthetic,2,16
167164,-13.692565,23,synthetic,0,2
167206,-24.505818,42,synthetic,2,21
167243,0.7364,37,real,-1,16
167279,-26.432647,36,synthetic,1,15
167311,-15.808375,32,synthetic,0,11
167344,-37.815831,33,synthetic,2,12
167373,-18.019967,29,synthetic,1,8
167408,-19.659615,35,synthetic,1,14
167441,-14.223349,33,synthetic,0,12
167483,-30.505063,42,synthetic,1,21
167522,-3.170569,39,real,-1,18
167553,-14.232056,31,synthetic,0,10
167588,-4.51689,35,real,-1,14
167616,-6.260884,28,synthetic,0,7
167638,-26.910628,22,synthetic,1,1
167665,-10.405709,27,synthetic,0,6
167693,-20.651386,28,synthetic,2,7
167714,-34.090056,21,synthetic,2,0
167747,-36.768536,33,synthetic,1,12
167775,-18.9805,28,synthetic,1,7
167802,-5.629387,27,real,-1,6
167834,-27.388596,32,synthetic,2,11
167858,-25.061235,24,synthetic,1,3
167895,-24.599373,37,synthetic,2,16
167928,-27.347895,33,synthetic,1,12
167954,-2.031218,26,real,-1,5
167978,-10.573597,24,synthetic,0,3
168011,-12.924887,33,synthetic,0,12
168049,-9.510333,38,synthetic,0,17
168070,-25.751363,21,synthetic,1,0
168103,-0.653843,33,real,-1,12
168136,-11.811644,33,synthetic,0,12
168176,-31.654863,40,synthetic,2,19
168197,-0.871401,21,real,-1,0
168221,-10.523115,24,synthetic,0,3
168262,-15.5755,41,synthetic,1,20
168292,-19.391578,30,synthetic,1,9
168325,-21.765804,33,synthetic,2,12
168366,-5.468599,41,real,-1,20
168402,-40.235068,36,synthetic,2,15
168441,-20.797417,39,synthetic,1,18
168483,-9.022467,42,synthetic,0,21
168505,-38.279586,22,synthetic,2,1
168536,-40.515072,31,synthetic,2,10
168577,-24.043239,41,synthetic,1,20
168614,-32.168255,37,synthetic,2,16
168652,-11.168065,38,real,-1,17
168680,-33.832895,28,synthetic,2,7
168706,-6.225161,26,real,-1,5
168729,-25.011318,23,synthetic,1,2
168771,-31.590886,42,synthetic,2,21
168812,-32.590209,41,synthetic,2,20
168841,-0.763209,29,real,-1,8
168865,-22.160051,24,synthetic,1,3
168899,-11.141292,34,synthetic,0,13
168937,-31.087548,38,synthetic,2,17
168971,-15.325988,34,synthetic,0,13
169004,-12.028565,33,real,-1,12
169027,-15.146829,23,synthetic,0,2
169066,-0.893669,39,real,-1,18
169092,-36.421027,26,synthetic,2,5
169121,2.590648,29,real,-1,8
169154,-4.609586,33,real,-1,12
169178,-11.237719,24,synthetic,0,3
169200,-27.193638,22,synthetic,1,1
169221,-13.036466,21,synthetic,0,0
169258,-27.13607,37,synthetic,2,16
169289,-0.038111,31,real,-1,10
169325,-15.281201,36,real,-1,15
169360,-5.560917,35,synthetic,0,14
169400,-6.375718,40,real,-1,19
169437,-37.894969,37,synthetic,1,16
169478,-3.359048,41,real,-1,20
169514,-15.153278,36,synthetic,0,15
169539,-4.431848,25,real,-1,4
169566,-15.926019,27,synthetic,0,6
169604,-33.386094,38,synthetic,2,17
169634,-7.695484,30,real,-1,9
169655,-38.647874,21,synthetic,2,0
169677,-27.880839,22,synthetic,2,1
169716,-10.985437,39,real,-1,18
169758,-16.298245,42,synthetic,1,21
169786,-32.455807,28,synthetic,2,7
169817,-3.056407,31,real,-1,10
169839,-8.732092,22,synthetic,0,1
169862,-20.069888,23,synthetic,1,2
169891,-35.226021,29,synthetic,2,8
169928,-15.176967,37,synthetic,0,16
169961,-0.450125,33,real,-1,12
169993,-12.497374,32,real,-1,11
170028,-5.637211,35,synthetic,0,14
170057,-6.766105,29,real,-1,8
170097,-8.230305,40,synthetic,0,19
170133,-40.504819,36,synthetic,2,15
170155,-39.299302,22,synthetic,2,1
170197,0.542728,42,real,-1,21
170220,-12.592422,23,synthetic,0,2
170250,-21.039518,30,synthetic,1,9
170278,-37.741538,28,synthetic,2,7
170306,-21.890674,28,synthetic,1,7
170345,-35.818528,39,synthetic,2,18
170374,-12.88932,29,synthetic,0,8
170409,-28.227048,35,synthetic,1,14
170443,-26.777582,34,synthetic,1,13
170476,-16.602736,33,synthetic,0,12
170503,-20.849273,27,synthetic,1,6
170529,-17.455546,26,synthetic,0,5
170564,-6.141794,35,real,-1,14
170596,-37.943011,32,synthetic,2,11
170618,-38.050641,22,synthetic,2,1
170650,-29.383907,32,synthetic,2,11
170671,-33.789341,21,synthetic,2,0
170709,-5.301755,38,real,-1,17
170742,0.639617,33,real,-1,12
170775,-33.252135,33,synthetic,2,12
170812,-16.702797,37,synthetic,2,16
170841,-34.478534,29,synthetic,2,8
170876,-22.492458,35,synthetic,1,14
170909,-22.948845,33,synthetic,2,12
170933,-3.615928,24,synthetic,0,3
170955,-16.726126,22,synthetic,1,1
170976,-43.774373,21,synthetic,2,0
170999,1.408479,23,real,-1,2
171034,-26.689563,35,synthetic,1,14
171073,-22.61074,39,synthetic,0,18
171100,-7.220441,27,synthetic,0,6
171142,-40.83696,42,synthetic,2,21
171184,-28.290107,42,synthetic,1,21
171219,-24.454109,35,synthetic,1,14
171242,-7.700592,23,synthetic,0,2
171275,-3.294515,33,real,-1,12
171315,-3.453071,40,real,-1,19
171337,-32.312101,22,synthetic,1,1
171368,-19.49845,31,synthetic,1,10
171398,-34.476404,30,synthetic,1,9
171432,-19.005813,34,synthetic,0,13
171465,-11.836364,33,synthetic,0,12
171496,1.399641,31,real,-1,10
171535,-20.292399,39,synthetic,0,18
171577,-19.983514,42,synthetic,0,21
171598,-23.048036,21,synthetic,2,0
171630,-3.011338,32,real,-1,11
171672,-0.163885,42,real,-1,21
171708,-25.677773,36,synthetic,1,15
171732,-26.612787,24,synthetic,1,3
171766,-14.07012,34,synthetic,1,13
171803,-20.225472,37,synthetic,1,16
171831,-40.597136,28,synthetic,2,7
171869,-44.45929,38,synthetic,2,17
171905,-30.758556,36,synthetic,1,15
171935,-32.826581,30,synthetic,1,9
171972,-41.876465,37,synthetic,2,16
172004,2.63362,32,real,-1,11
172046,-31.521891,42,synthetic,1,21
172079,-2.739615,33,real,-1,12
172104,-28.354582,25,synthetic,2,4
172144,-26.284383,40,synthetic,2,19
172168,-31.497756,24,synthetic,2,3
172197,-24.735165,29,synthetic,1,8
172229,-14.41854,32,synthetic,0,11
172265,-31.244356,36,synthetic,2,15
172305,-13.852983,40,synthetic,0,19
172345,-14.363445,40,synthetic,0,19
172373,-28.08032,28,synthetic,1,7
172405,-10.841401,32,synthetic,0,11
172433,-12.221862,28,synthetic,0,7
172463,-19.793423,30,synthetic,0,9
172490,-34.298862,27,synthetic,2,6
172515,-19.501067,25,synthetic,1,4
172545,-0.33968,30,real,-1,9
172574,-52.436027,29,synthetic,2,8
172611,-27.462647,37,synthetic,0,16
172645,-30.129355,34,synthetic,1,13
172667,-34.205619,22,synthetic,1,1
172698,-38.291725,31,synthetic,2,10
172740,-50.356283,42,synthetic,2,21
172762,1.961581,22,real,-1,1
172788,-42.229934,26,synthetic,2,5
172812,-6.572179,24,real,-1,3
172833,-13.261855,21,synthetic,0,0
172857,-32.853285,24,synthetic,2,3
172896,-15.956829,39,synthetic,0,18
172920,-17.88736,24,synthetic,2,3
172952,-1.22601,32,real,-1,11
172973,-16.371285,21,synthetic,0,0
173007,-32.222127,34,synthetic,2,13
173039,-40.740106,32,synthetic,2,11
173075,-21.962914,36,synthetic,1,15
173109,-4.709528,34,real,-1,13
173140,-9.003887,31,synthetic,0,10
173163,2.889584,23,real,-1,2
173191,-37.441463,28,synthetic,2,7
173213,-19.210667,22,synthetic,1,1
173240,-21.2017,27,synthetic,1,6
173263,-27.331745,23,synthetic,1,2
173304,-36.612219,41,synthetic,2,20
173342,1.734629,38,real,-1,17
173381,-18.607042,39,synthetic,1,18
173419,-16.226905,38,synthetic,0,17
173458,-10.535391,39,synthetic,0,18
173491,-6.093481,33,synthetic,0,12
173532,-35.713772,41,synthetic,2,20
173556,-23.337867,24,synthetic,2,3
173584,0.000912,28,real,-1,7
173624,-3.968858,40,real,-1,19
173656,-16.792951,32,synthetic,1,11
173683,-11.809651,27,synthetic,0,6
173706,3.589981,23,real,-1,2
173739,-26.977957,33,synthetic,1,12
173762,-30.378011,23,synthetic,2,2
173799,-37.429796,37,synthetic,2,16
173840,-24.398651,41,synthetic,1,20
173882,-24.240306,42,synthetic,1,21
173922,-14.012354,40,synthetic,0,19
173947,-27.034898,25,synthetic,2,4
173989,-23.093385,42,synthetic,1,21
174029,-7.775508,40,synthetic,0,19
174069,-27.545892,40,synthetic,1,19
174096,-8.376598,27,synthetic,0,6
174137,-14.360745,41,synthetic,0,20
174164,-13.670817,27,synthetic,0,6
174200,-28.390578,36,synthetic,1,15
174234,-23.681594,34,synthetic,1,13
174260,-0.07648,26,real,-1,5
174283,-29.588455,23,synthetic,2,2
174308,0.859273,25,real,-1,4
174339,-36.214809,31,synthetic,2,10
174369,-18.471282,30,synthetic,1,9
174390,-2.837645,21,real,-1,0
174411,-6.939302,21,synthetic,0,0
174436,-32.801572,25,synthetic,2,4
174474,-1.228481,38,real,-1,17
174496,-4.184299,22,real,-1,1
174519,-16.030143,23,synthetic,0,2
174541,-32.894375,22,synthetic,2,1
174568,-24.985793,27,synthetic,1,6
174593,-25.322263,25,synthetic,1,4
174631,-17.551568,38,synthetic,1,17
174671,-10.453137,40,synthetic,0,19
174697,-16.348439,26,synthetic,0,5
174731,-0.801094,34,real,-1,13
174765,-4.381741,34,real,-1,13
174805,-10.001599,40,real,-1,19
174833,-32.405982,28,synthetic,1,7
174870,-28.287995,37,synthetic,1,16
174895,-10.847639,25,synthetic,0,4
174934,-2.733755,39,real,-1,18
174968,-11.893722,34,synthetic,0,13
174993,-28.278975,25,synthetic,2,4
175014,-2.29336,21,real,-1,0
175044,-38.844613,30,synthetic,2,9
175086,-32.518693,42,synthetic,1,21
175120,-0.17801,34,real,-1,13
175161,-15.112086,41,synthetic,0,20
175186,-16.617597,25,synthetic,1,4
175222,-22.043048,36,synthetic,1,15
175245,-19.267683,23,synthetic,2,2
175267,3.035899,22,real,-1,1
175290,1.326034,23,real,-1,2
175318,-2.284738,28,real,-1,7
175343,-18.431623,25,synthetic,0,4
175376,-19.702475,33,synthetic,1,12
175401,1.267454,25,real,-1,4
175422,-35.432025,21,synthetic,2,0
175448,-41.641159,26,synthetic,2,5
175489,-38.244975,41,synthetic,2,20
175531,-7.355276,42,real,-1,21
175561,3.946056,30,real,-1,9
175603,-20.089464,42,synthetic,1,21
175638,-24.873387,35,synthetic,2,14
175660,-8.238837,22,real,-1,1
175681,-10.029844,21,synthetic,0,0
175715,-2.833617,34,real,-1,13
175743,-13.874592,28,synthetic,0,7
175782,-7.342024,39,real,-1,18
175805,-11.406011,23,synthetic,0,2
175843,-9.687,38,real,-1,17
175868,-48.805223,25,synthetic,2,4
175890,1.561232,22,real,-1,1
175915,-8.40451,25,synthetic,0,4
175954,-5.123853,39,synthetic,0,18
175977,-25.031775,23,synthetic,1,2
176013,-12.857031,36,synthetic,0,15
176046,0.746316,33,real,-1,12
176083,-42.659045,37,synthetic,2,16
176112,-16.745184,29,synthetic,0,8
176133,-13.248065,21,synthetic,0,0
176164,-20.391789,31,synthetic,1,10
176192,-24.199478,28,synthetic,1,7
176233,-6.447585,41,real,-1,20
176273,-25.789906,40,synthetic,1,19
176294,-3.462742,21,real,-1,0
176324,-23.658703,30,synthetic,1,9
176363,-35.572519,39,synthetic,2,18
176387,-9.661389,24,real,-1,3
176427,-29.350034,40,synthetic,0,19
176455,-13.758901,28,synthetic,0,7
176476,-12.257797,21,synthetic,0,0
176513,-20.295673,37,synthetic,1,16
176546,-19.693719,33,synthetic,1,12
176587,-11.212539,41,synthetic,0,20
176613,7.008343,26,real,-1,5
176643,-9.888652,30,synthetic,0,9
176674,-10.287938,31,synthetic,0,10
176695,-7.149031,21,real,-1,0
176727,-2.771639,32,real,-1,11
176758,-25.198125,31,synthetic,1,10
176797,-21.30326,39,synthetic,1,18
176829,-39.163352,32,synthetic,2,11
176859,-7.912947,30,real,-1,9
176889,-31.658102,30,synthetic,2,9
176930,-27.295436,41,synthetic,1,20
176969,-11.446992,39,real,-1,18
177006,-15.569975,37,synthetic,0,16
177038,-19.447631,32,synthetic,1,11
177069,-14.509049,31,synthetic,0,10
177104,-17.863794,35,synthetic,1,14
177146,-39.69205,42,synthetic,2,21
177170,-20.469607,24,synthetic,0,3
177210,-18.075207,40,synthetic,1,19
177246,-41.292,36,synthetic,2,15
177277,-9.860653,31,real,-1,10
177311,-6.221929,34,real,-1,13
177335,-2.978887,24,real,-1,3
177366,1.368309,31,real,-1,10
177397,-19.788641,31,synthetic,1,10
177430,0.641774,33,real,-1,12
177451,3.015291,21,real,-1,0
177473,-13.12284,22,synthetic,0,1
177513,-28.401495,40,synthetic,1,19
177555,-24.926553,42,synthetic,1,21
177594,-29.470083,39,synthetic,1,18
177627,-47.374385,33,synthetic,2,12
177659,-1.084055,32,real,-1,11
177696,-37.549387,37,synthetic,2,16
177719,-33.256754,23,synthetic,2,2
177760,-47.186854,41,synthetic,2,20
177784,-18.716446,24,synthetic,2,3
177821,-42.025945,37,synthetic,2,16
177851,-21.126386,30,synthetic,1,9
177893,-3.476051,42,real,-1,21
177925,-31.78776,32,synthetic,1,11
177959,0.176362,34,real,-1,13
177984,-21.813995,25,synthetic,1,4
178021,-27.430195,37,synthetic,1,16
178045,-26.461435,24,synthetic,1,3
178080,-31.045911,35,synthetic,2,14
178105,-26.622992,25,synthetic,2,4
178141,-17.454927,36,synthetic,0,15
178174,-11.463614,33,real,-1,12
178198,-2.593424,24,real,-1,3
178236,-15.976752,38,synthetic,0,17
178272,-30.500923,36,synthetic,1,15
178293,-1.07805,21,real,-1,0
178323,-29.429046,30,synthetic,1,9
178364,-30.548059,41,synthetic,1,20
178399,-34.640051,35,synthetic,2,14
178433,-34.136234,34,synthetic,2,13
178462,-5.652931,29,real,-1,8
178494,-41.64007,32,synthetic,2,11
178521,-27.994184,27,synthetic,1,6
178559,-23.517058,38,synthetic,0,17
178581,-13.72315,22,synthetic,0,1
178605,-5.262433,24,real,-1,3
178631,-2.508712,26,synthetic,0,5
178669,-7.908665,38,synthetic,0,17
178711,4.764966,42,real,-1,21
178736,-16.577693,25,synthetic,0,4
178771,-9.802825,35,real,-1,14
178800,-9.765889,29,synthetic,0,8
178824,-11.890181,24,synthetic,0,3
178852,0.286082,28,real,-1,7
178877,-0.064707,25,real,-1,4
178909,-19.511864,32,synthetic,2,11
178950,-5.064638,41,synthetic,0,20
178992,-25.566913,42,synthetic,0,21
179021,-2.024326,29,real,-1,8
179046,-15.98413,25,synthetic,1,4
179084,-33.874331,38,synthetic,1,17
179111,0.353044,27,real,-1,6
179151,-8.525372,40,real,-1,19
179176,-15.404826,25,synthetic,0,4
179215,-35.270449,39,synthetic,2,18
179246,0.736308,31,real,-1,10
179278,-30.487152,32,synthetic,2,11
179305,-13.14664,27,synthetic,0,6
179330,-25.113827,25,synthetic,1,4
179366,-28.84174,36,synthetic,1,15
179406,-12.354636,40,synthetic,0,19
179428,-34.36132,22,synthetic,2,1
179456,-25.16435,28,synthetic,1,7
179485,3.276965,29,real,-1,8
179514,2.558434,29,real,-1,8
179536,-0.773277,22,real,-1,1
179558,3.473749,22,real,-1,1
179584,-23.452949,26,synthetic,1,5
179607,-2.019888,23,real,-1,2
179633,-1.34792,26,real,-1,5
179669,-27.683541,36,synthetic,2,15
179696,-22.592827,27,synthetic,1,6
179728,-28.109602,32,synthetic,2,11
179755,-15.439572,27,synthetic,0,6
179777,2.514956,22,real,-1,1
179813,-1.600392,36,real,-1,15
179834,-10.792519,21,real,-1,0
179862,-9.562238,28,real,-1,7
179899,-9.054664,37,real,-1,16
179923,-16.220161,24,synthetic,0,3
179964,-9.294756,41,real,-1,20
179991,-14.450457,27,synthetic,0,6
180021,-7.452453,30,real,-1,9
180061,-22.785113,40,synthetic,0,19
180086,-17.626921,25,synthetic,0,4
180119,-14.816375,33,synthetic,0,12
180152,-25.982402,33,synthetic,1,12
180178,-0.221596,26,real,-1,5
180214,-12.048949,36,synthetic,0,15
180244,-10.319137,30,real,-1,9
180266,-13.360163,22,synthetic,0,1
180294,0.969222,28,real,-1,7
180324,-5.216133,30,real,-1,9
180365,-6.869552,41,real,-1,20
180390,-26.574059,25,synthetic,1,4
180415,-18.018457,25,synthetic,0,4
180453,-2.425049,38,real,-1,17
180481,-36.432437,28,synthetic,2,7
180515,-13.274525,34,synthetic,0,13
180557,-23.947398,42,synthetic,1,21
180581,-25.937441,24,synthetic,1,3
180617,-23.192855,36,synthetic,0,15
180641,-9.196423,24,synthetic,0,3
180680,-27.337049,39,synthetic,1,18
180704,-22.729903,24,synthetic,2,3
180729,-19.792203,25,synthetic,1,4
180759,-13.687398,30,synthetic,0,9
180785,-32.038576,26,synthetic,2,5
180814,-37.288753,29,synthetic,2,8
180843,-30.538014,29,synthetic,2,8
180866,-16.353094,23,synthetic,0,2
180907,-12.535025,41,synthetic,0,20
180933,-33.898711,26,synthetic,1,5
180971,-45.337284,38,synthetic,2,17
181013,-26.756935,42,synthetic,1,21
181045,-3.925522,32,real,-1,11
181066,-10.767613,21,synthetic,0,0
181099,-39.226972,33,synthetic,2,12
181128,-7.575278,29,real,-1,8
181164,-19.470912,36,synthetic,1,15
181197,-42.583615,33,synthetic,2,12
181236,-30.513522,39,synthetic,2,18
181271,-3.405923,35,real,-1,14
181296,-5.217703,25,real,-1,4
181338,-6.438804,42,real,-1,21
181375,-2.130734,37,real,-1,16
181417,-32.472422,42,synthetic,1,21
181451,-8.884695,34,real,-1,13
181493,-8.144735,42,real,-1,21
181518,-13.169113,25,real,-1,4
181545,-31.038563,27,synthetic,2,6
181568,-24.307086,23,synthetic,1,2
181605,-14.912229,37,real,-1,16
181642,-22.067688,37,synthetic,1,16
181668,-12.029949,26,real,-1,5
181708,-0.417093,40,real,-1,19
181748,0.216135,40,real,-1,19
181770,-16.483518,22,synthetic,1,1
181805,-10.786368,35,synthetic,0,14
181835,-35.843975,30,synthetic,2,9
181864,-7.901785,29,real,-1,8
181901,-0.693588,37,real,-1,16
181928,-2.084002,27,real,-1,6
181969,-10.253398,41,real,-1,20
182003,-44.59999,34,synthetic,2,13
182030,0.396506,27,real,-1,6
182054,-2.413511,24,real,-1,3
182076,-19.868731,22,synthetic,1,1
182098,-43.626398,22,synthetic,2,1
182122,-14.622279,24,synthetic,0,3
182148,-29.151709,26,synthetic,2,5
182183,-0.796825,35,real,-1,14
182223,-35.965757,40,synthetic,2,19
182247,3.426038,24,real,-1,3
182272,-38.878558,25,synthetic,2,4
182302,-14.385469,30,synthetic,1,9
182333,-21.435709,31,synthetic,0,10
182371,-46.476251,38,synthetic,2,17
182394,-19.406293,23,synthetic,0,2
182419,-41.642248,25,synthetic,2,4
182441,-22.74598,22,synthetic,1,1
182476,-24.758722,35,synthetic,1,14
182511,-8.598657,35,synthetic,0,14
182541,-37.891653,30,synthetic,2,9
182562,-9.122646,21,synthetic,0,0
182601,-10.341172,39,synthetic,0,18
182630,-3.82839,29,real,-1,8
182652,-0.116774,22,real,-1,1
182689,-13.426399,37,real,-1,16
182721,-0.045783,32,real,-1,11
182742,-40.043096,21,synthetic,2,0
182765,-17.238851,23,synthetic,1,2
182797,-8.124525,32,real,-1,11
182835,-8.143943,38,synthetic,0,17
182856,-29.652103,21,synthetic,1,0
182877,1.618846,21,real,-1,0
182918,1.66069,41,real,-1,20
182951,-4.487691,33,real,-1,12
182977,0.018478,26,real,-1,5
183008,-10.910678,31,synthetic,0,10
183032,-19.809797,24,synthetic,1,3
183055,-26.323534,23,synthetic,1,2
183095,-4.681281,40,synthetic,0,19
183123,-26.174153,28,synthetic,1,7
183146,-19.347918,23,synthetic,1,2
183186,-35.335246,40,synthetic,2,19
183220,-8.762382,34,synthetic,0,13
183244,-16.451846,24,synthetic,1,3
183283,-26.766674,39,synthetic,2,18
183310,-30.488831,27,synthetic,2,6
183335,-8.397659,25,synthetic,0,4
183356,-19.217394,21,synthetic,1,0
183397,-25.872987,41,synthetic,1,20
183424,-0.252756,27,real,-1,6
183460,-48.614817,36,synthetic,2,15
183489,-21.734424,29,synthetic,1,8
183519,-14.432202,30,synthetic,0,9
183547,-3.013297,28,real,-1,7
183589,-34.388844,42,synthetic,2,21
183618,-1.782403,29,real,-1,8
183654,-34.328039,36,synthetic,2,15
183695,-24.687195,41,synthetic,1,20
183721,2.674646,26,real,-1,5
183745,-5.971212,24,synthetic,0,3
183773,-11.618346,28,synthetic,0,7
183804,-7.6522,31,synthetic,0,10
183833,-4.776368,29,real,-1,8
183870,-8.80388,37,synthetic,0,16
183902,-10.547693,32,real,-1,11
183929,-27.24887,27,synthetic,1,6
183971,-20.900344,42,synthetic,1,21
184011,-14.662071,40,synthetic,0,19
184035,-3.70943,24,real,-1,3
184064,-13.849998,29,synthetic,0,8
184103,-29.297302,39,synthetic,1,18
184141,-30.684389,38,synthetic,1,17
184174,-19.266095,33,synthetic,1,12
184208,-29.417249,34,synthetic,2,13
184235,-11.763667,27,synthetic,0,6
184256,-14.461236,21,synthetic,0,0
184278,-2.924297,22,real,-1,1
184317,-27.698815,39,synthetic,2,18
184357,-34.825728,40,synthetic,2,19
184398,-11.788827,41,real,-1,20
184422,-10.676652,24,real,-1,3
184463,-13.250407,41,synthetic,0,20
184486,-10.227778,23,synthetic,0,2
184521,-24.879665,35,synthetic,2,14
184556,-13.173564,35,synthetic,0,14
184594,-4.801763,38,real,-1,17
184632,1.056334,38,real,-1,17
184674,-3.340834,42,real,-1,21
184705,-24.06999,31,synthetic,1,10
184737,-34.209898,32,synthetic,2,11
184779,-30.749341,42,synthetic,1,21
184813,-55.29453,34,synthetic,2,13
184855,-40.671052,42,synthetic,2,21
184895,-32.170848,40,synthetic,2,19
184916,-4.266382,21,real,-1,0
184955,-24.407723,39,synthetic,2,18
184995,-28.509685,40,synthetic,2,19
185034,-22.08595,39,synthetic,1,18
185055,-13.177601,21,synthetic,0,0
185094,-17.796243,39,synthetic,1,18
185136,-44.778545,42,synthetic,2,21
185168,-14.257878,32,synthetic,0,11
185208,-23.073965,40,synthetic,0,19
185239,-6.385789,31,synthetic,0,10
185277,-35.256133,38,synthetic,2,17
185299,-4.618832,22,real,-1,1
185325,-0.337365,26,real,-1,5
185363,-39.857142,38,synthetic,2,17
185384,-26.950528,21,synthetic,2,0
185420,-35.747663,36,synthetic,2,15
185454,-19.578951,34,synthetic,0,13
185496,-4.35584,42,real,-1,21
185535,-11.170669,39,real,-1,18
185574,-2.963696,39,real,-1,18
185607,-34.217948,33,synthetic,2,12
185629,-43.393211,22,synthetic,2,1
185670,-42.391606,41,synthetic,2,20
185700,-39.471865,30,synthetic,2,9
185738,-42.982854,38,synthetic,2,17
185761,-7.764894,23,real,-1,2
185788,-29.30976,27,synthetic,2,6
185828,-34.306952,40,synthetic,1,19
185867,-29.028397,39,synthetic,1,18
185893,-8.203589,26,real,-1,5
185929,-19.145921,36,synthetic,1,15
185950,-20.352383,21,synthetic,1,0
185988,-17.051965,38,synthetic,0,17
186018,-19.420851,30,synthetic,1,9
186040,-5.81111,22,synthetic,0,1
186077,-8.668209,37,synthetic,0,16
186110,-29.989162,33,synthetic,2,12
186151,-15.824528,41,synthetic,0,20
186180,-46.588249,29,synthetic,2,8
186202,-8.022513,22,real,-1,1
186244,-34.933994,42,synthetic,2,21
186270,-27.408119,26,synthetic,1,5
186302,-41.714232,32,synthetic,2,11
186331,-6.066754,29,synthetic,0,8
186361,0.036071,30,real,-1,9
186400,-32.665005,39,synthetic,2,18
186428,-30.892977,28,synthetic,1,7
186463,-3.167241,35,real,-1,14
186492,1.810315,29,real,-1,8
186514,-3.066242,22,real,-1,1
186556,-16.443563,42,synthetic,0,21
186586,-54.219451,30,synthetic,2,9
186623,-37.101381,37,synthetic,2,16
186655,-17.83104,32,synthetic,1,11
186688,-7.678142,33,real,-1,12
186716,4.1364,28,real,-1,7
186755,-14.792199,39,synthetic,0,18
186788,-18.852222,33,synthetic,0,12
186817,-33.163812,29,synthetic,2,8
186842,-2.963943,25,real,-1,4
186873,-26.282774,31,synthetic,1,10
186895,-19.210486,22,synthetic,0,1
186926,-18.804824,31,synthetic,1,10
186962,-46.143376,36,synthetic,2,15
186995,-2.473393,33,real,-1,12
187023,-39.876746,28,synthetic,2,7
187050,-2.992074,27,real,-1,6
187079,-27.642787,29,synthetic,2,8
187100,-24.942762,21,synthetic,1,0
187128,-29.919129,28,synthetic,2,7
187167,-46.599011,39,synthetic,2,18
187190,-25.337759,23,synthetic,1,2
187219,-5.792342,29,real,-1,8
187252,-36.248616,33,synthetic,2,12
187286,-33.768242,34,synthetic,2,13
187324,-16.038123,38,synthetic,0,17
187356,-40.564916,32,synthetic,2,11
187378,-18.898048,22,synthetic,1,1
187416,-29.229539,38,synthetic,2,17
187449,-2.675836,33,real,-1,12
187487,-25.467491,38,synthetic,1,17
187511,-17.0982,24,synthetic,0,3
187550,-43.432486,39,synthetic,2,18
187586,-25.343944,36,synthetic,2,15
187620,-22.851973,34,synthetic,2,13
187652,-33.648969,32,synthetic,2,11
187680,-16.847245,28,synthetic,0,7
187706,-3.18366,26,real,-1,5
187740,-14.218553,34,synthetic,0,13
187764,-34.046876,24,synthetic,1,3
187797,-8.685171,33,synthetic,0,12
187826,-29.807609,29,synthetic,2,8
187868,-43.364881,42,synthetic,2,21
187892,-2.050758,24,real,-1,3
187913,-6.292269,21,real,-1,0
187939,-17.185667,26,synthetic,0,5
187961,-20.700569,22,synthetic,0,1
187997,-3.428258,36,real,-1,15
188039,-17.692373,42,synthetic,0,21
188075,-2.810393,36,real,-1,15
188107,4.105621,32,real,-1,11
188140,-24.256306,33,synthetic,2,12
188170,-16.560168,30,synthetic,1,9
188193,-23.942644,23,synthetic,0,2
188232,-18.129473,39,synthetic,1,18
188258,-3.580164,26,real,-1,5
188294,-14.551502,36,synthetic,0,15
188318,-15.074569,24,synthetic,0,3
188339,-48.10066,21,synthetic,2,0
188380,-22.86082,41,synthetic,1,20
188403,-32.791112,23,synthetic,2,2
188430,-48.125138,27,synthetic,2,6
188469,-21.374688,39,synthetic,0,18
188511,-13.20268,42,synthetic,1,21
188537,-6.917897,26,real,-1,5
188559,-12.796992,22,synthetic,1,1
188581,-22.36576,22,synthetic,1,1
188602,-42.563744,21,synthetic,2,0
188626,0.073171,24,real,-1,3
188648,0.859802,22,real,-1,1
188676,-45.741524,28,synthetic,2,7
188702,-16.723368,26,synthetic,0,5
188725,-12.581576,23,synthetic,0,2
188755,-0.105273,30,real,-1,9
188785,-3.808572,30,real,-1,9
188806,-13.885981,21,synthetic,1,0
188836,-4.478431,30,real,-1,9
188870,-7.334895,34,real,-1,13
188912,-19.975257,42,synthetic,0,21
188950,-5.260577,38,real,-1,17
188977,-33.042325,27,synthetic,2,6
189005,-16.568646,28,synthetic,0,7
189026,-22.10485,21,synthetic,1,0
189051,-20.603095,25,synthetic,0,4
189082,0.273431,31,real,-1,10
189110,-2.056478,28,real,-1,7
189137,-40.7911,27,synthetic,2,6
189163,-15.900712,26,synthetic,0,5
189194,1.320989,31,real,-1,10
189218,-43.321186,24,synthetic,2,3
189241,-26.539487,23,synthetic,1,2
189274,-36.930303,33,synthetic,2,12
189305,-20.053692,31,synthetic,1,10
189334,-33.020246,29,synthetic,2,8
189375,-28.521318,41,synthetic,1,20
189410,-46.103879,35,synthetic,2,14
189432,-0.910532,22,real,-1,1
189453,-27.305108,21,synthetic,2,0
189478,-33.465271,25,synthetic,2,4
189516,-12.761128,38,synthetic,0,17
189545,-10.831542,29,synthetic,0,8
189586,-37.921022,41,synthetic,2,20
189614,-21.340747,28,synthetic,1,7
189638,-27.987683,24,synthetic,1,3
189676,-9.506284,38,synthetic,1,17
189714,-21.04063,38,synthetic,1,17
189736,-14.061763,22,synthetic,0,1
189775,-26.907286,39,synthetic,2,18
189807,-8.889592,32,synthetic,0,11
189839,-39.166949,32,synthetic,2,11
189875,-2.591298,36,real,-1,15
189911,-13.374859,36,synthetic,1,15
189932,-25.493336,21,synthetic,2,0
189966,-14.871729,34,synthetic,0,13
189990,-4.215502,24,real,-1,3
190024,-9.711562,34,synthetic,0,13
190053,-14.993009,29,synthetic,0,8
190090,-12.91699,37,synthetic,0,16
190117,1.720388,27,real,-1,6
190145,-7.893516,28,real,-1,7
190167,-4.179365,22,real,-1,1
190197,-0.479971,30,real,-1,9
190239,-6.315551,42,real,-1,21
190280,-43.881157,41,synthetic,2,20
190305,-2.438513,25,real,-1,4
190333,-4.808189,28,synthetic,0,7
190354,-33.477242,21,synthetic,2,0
190395,0.100822,41,real,-1,20
190427,2.710461,32,real,-1,11
190466,-14.924454,39,synthetic,0,18
190487,-1.794248,21,real,-1,0
190509,-9.465499,22,real,-1,1
190540,-34.308079,31,synthetic,1,10
190562,0.227014,22,real,-1,1
190588,-29.736629,26,synthetic,2,5
190623,-36.957962,35,synthetic,1,14
190662,-10.226903,39,synthetic,0,18
190695,-34.144962,33,synthetic,2,12
190726,-17.087549,31,synthetic,1,10
190757,-27.223932,31,synthetic,1,10
190782,-13.329942,25,synthetic,0,4
190803,-7.871974,21,synthetic,0,0
190831,-20.759911,28,synthetic,1,7
190868,-34.892125,37,synthetic,2,16
190898,-14.086603,30,synthetic,0,9
190923,-15.53547,25,synthetic,0,4
190953,-23.744271,30,synthetic,1,9
190981,-28.864807,28,synthetic,2,7
191022,-2.216728,41,real,-1,20
191060,-7.009892,38,synthetic,0,17
191097,-4.517575,37,real,-1,16
191134,-3.471485,37,real,-1,16
191172,-47.674543,38,synthetic,2,17
191197,-38.265135,25,synthetic,2,4
191235,-12.556145,38,synthetic,0,17
191264,-24.104143,29,synthetic,2,8
191289,-9.869692,25,real,-1,4
191312,-10.284646,23,synthetic,0,2
191341,-15.934464,29,synthetic,0,8
191378,-42.503114,37,synthetic,2,16
191408,-6.110139,30,real,-1,9
191450,-7.251611,42,real,-1,21
191473,-36.405442,23,synthetic,2,2
191501,-21.246913,28,synthetic,1,7
191532,-1.217701,31,real,-1,10
191555,-18.574627,23,synthetic,1,2
191596,-19.513547,41,synthetic,0,20
191638,-12.153834,42,synthetic,1,21
191670,-33.891365,32,synthetic,2,11
191705,-27.229114,35,synthetic,1,14
191735,-6.52674,30,real,-1,9
191772,-5.435741,37,real,-1,16
191794,-18.100424,22,synthetic,1,1
191829,-28.221346,35,synthetic,1,14
191869,-8.893494,40,real,-1,19
191905,-28.33754,36,synthetic,2,15
191935,-45.686917,30,synthetic,2,9
191972,-35.448126,37,synthetic,2,16
191996,-15.405078,24,synthetic,0,3
192030,-7.996367,34,real,-1,13
192053,-36.043811,23,synthetic,2,2
192075,-36.499649,22,synthetic,2,1
192101,-22.951343,26,synthetic,1,5
192128,-22.488128,27,synthetic,1,6
192165,-30.760354,37,synthetic,2,16
192205,-33.372946,40,synthetic,2,19
192243,-32.209937,38,synthetic,2,17
192269,-35.333779,26,synthetic,1,5
192304,0.935643,35,real,-1,14
192340,-4.68397,36,real,-1,15
192373,-12.628915,33,synthetic,1,12
192409,-40.126731,36,synthetic,2,15
192438,-26.094461,29,synthetic,1,8
192477,-14.363609,39,synthetic,0,18
192510,-9.189784,33,synthetic,0,12
192544,-3.683356,34,real,-1,13
192576,-44.546405,32,synthetic,2,11
192598,-2.268098,22,real,-1,1
192620,-28.773666,22,synthetic,2,1
192649,-30.759626,29,synthetic,1,8
192672,0.828037,23,real,-1,2
192695,-2.194644,23,real,-1,2
192730,-14.733563,35,synthetic,1,14
192761,-36.969405,31,synthetic,2,10
192791,-6.649567,30,synthetic,0,9
192817,-28.343346,26,synthetic,2,5
192847,-1.11764,30,real,-1,9
192884,-41.063134,37,synthetic,2,16
192912,-20.52798,28,synthetic,1,7
192941,-27.071091,29,synthetic,1,8
192968,-40.107367,27,synthetic,2,6
193009,-30.038654,41,synthetic,2,20
193032,-22.587907,23,synthetic,1,2
193064,-4.727001,32,real,-1,11
193091,-8.845014,27,real,-1,6
193127,-24.012581,36,synthetic,1,15
193149,-19.286403,22,synthetic,0,1
193184,-35.209602,35,synthetic,2,14
193208,-15.240637,24,synthetic,1,3
193240,-1.009787,32,real,-1,11
193271,-1.931089,31,real,-1,10
193294,-0.397336,23,real,-1,2
193325,-20.840546,31,synthetic,1,10
193353,4.965787,28,real,-1,7
193376,-1.832188,23,real,-1,2
193408,-32.386082,32,synthetic,2,11
193442,-12.630396,34,real,-1,13
193468,-3.362007,26,real,-1,5
193509,-27.340681,41,synthetic,2,20
193542,-31.097432,33,synthetic,2,12
193567,-2.742021,25,real,-1,4
193588,-36.96515,21,synthetic,2,0
193615,-29.158855,27,synthetic,2,6
193649,-9.250181,34,synthetic,0,13
193679,-19.385771,30,synthetic,1,9
193706,-3.782673,27,real,-1,6
193744,-31.201847,38,synthetic,1,17
193767,-11.89895,23,synthetic,0,2
193808,-29.915725,41,synthetic,2,20
193841,-2.360463,33,real,-1,12
193882,-13.289113,41,synthetic,0,20
193918,-0.018988,36,synthetic,0,15
193948,-16.366365,30,synthetic,0,9
193977,-28.985305,29,synthetic,1,8
194018,-43.1514,41,synthetic,2,20
194057,-3.118324,39,real,-1,18
194091,-2.128239,34,real,-1,13
194132,-26.185474,41,synthetic,1,20
194164,1.164738,32,real,-1,11
194206,-1.808134,42,real,-1,21
194243,-7.844586,37,synthetic,0,16
194274,0.78786,31,real,-1,10
194303,-10.722375,29,synthetic,0,8
194341,-12.726193,38,real,-1,17
194371,-2.641927,30,real,-1,9
194408,-24.34539,37,synthetic,0,16
194444,-25.005962,36,synthetic,1,15
194469,-30.089857,25,synthetic,2,4
194494,-33.259884,25,synthetic,1,4
194529,-20.397823,35,synthetic,0,14
194569,-11.811249,40,real,-1,19
194601,-23.128513,32,synthetic,1,11
194642,-3.95902,41,real,-1,20
194668,-9.95934,26,synthetic,0,5
194689,2.024568,21,real,-1,0
194723,-8.939013,34,real,-1,13
194757,-11.094249,34,real,-1,13
194798,-6.407412,41,real,-1,20
194821,-28.46064,23,synthetic,1,2
194847,-7.754795,26,synthetic,0,5
194887,-8.492737,40,real,-1,19
194916,-4.510888,29,real,-1,8
194958,-4.94035,42,real,-1,21
194988,-4.149128,30,real,-1,9
195019,-51.091147,31,synthetic,2,10
195047,-4.06049,28,real,-1,7
195089,-45.322694,42,synthetic,2,21
195111,-16.372424,22,synthetic,0,1
195147,-22.967511,36,synthetic,1,15
195185,-7.137371,38,real,-1,17
195227,-38.941864,42,synthetic,2,21
195254,-35.299242,27,synthetic,2,6
195287,-46.017996,33,synthetic,2,12
195316,-4.879566,29,synthetic,0,8
195351,-36.587042,35,synthetic,2,14
195388,-3.366322,37,real,-1,16
195423,-42.531855,35,synthetic,2,14
195445,-4.20698,22,real,-1,1
195486,-6.493937,41,synthetic,0,20
195515,-29.104492,29,synthetic,1,8
195555,-27.593066,40,synthetic,1,19
195592,-32.522334,37,synthetic,1,16
195626,-15.054413,34,synthetic,1,13
195664,1.714242,38,real,-1,17
195705,-14.131933,41,synthetic,0,20
195744,-48.391341,39,synthetic,2,18
195785,-26.28652,41,synthetic,2,20
195808,-35.431119,23,synthetic,2,2
195840,-7.180566,32,real,-1,11
195878,-33.367676,38,synthetic,1,17
195901,-18.661982,23,synthetic,1,2
195925,-37.986085,24,synthetic,2,3
195960,-34.607228,35,synthetic,1,14
195996,-18.273625,36,synthetic,0,15
196036,-24.340247,40,synthetic,2,19
196073,-3.312844,37,real,-1,16
196100,-1.410232,27,real,-1,6
196141,-44.578876,41,synthetic,2,20
196181,-4.382118,40,real,-1,19
196206,-27.729828,25,synthetic,2,4
196231,-2.140014,25,real,-1,4
196260,-3.430492,29,real,-1,8
196298,-2.748241,38,real,-1,17
196327,-6.492644,29,synthetic,0,8
196359,-21.009186,32,synthetic,1,11
196395,-33.694826,36,synthetic,2,15
196424,-0.104231,29,real,-1,8
196446,-13.961877,22,synthetic,0,1
196480,-45.72356,34,synthetic,2,13
196503,-29.973294,23,synthetic,2,2
196540,1.062611,37,real,-1,16
196574,-26.480001,34,synthetic,1,13
196595,3.237106,21,real,-1,0
196632,-32.567301,37,synthetic,2,16
196674,0.924412,42,real,-1,21
196701,-26.904956,27,synthetic,1,6
196729,-24.085517,28,synthetic,1,7
196761,-34.189756,32,synthetic,2,11
196784,-13.21784,23,synthetic,1,2
196811,-37.063046,27,synthetic,2,6
196847,-19.234132,36,synthetic,1,15
196869,-36.536762,22,synthetic,2,1
196907,-32.5064,38,synthetic,2,17
196933,-35.156126,26,synthetic,2,5
196965,-34.346181,32,synthetic,2,11
197005,-25.159032,40,synthetic,1,19
197040,-19.002177,35,synthetic,1,14
197066,-41.211232,26,synthetic,2,5
197106,-39.452038,40,synthetic,2,19
197130,-16.316577,24,synthetic,0,3
197156,2.219427,26,real,-1,5
197197,-9.687274,41,synthetic,0,20
197227,-39.227321,30,synthetic,2,9
197265,-23.11121,38,synthetic,2,17
197295,-6.835541,30,real,-1,9
197325,-2.871537,30,real,-1,9
197358,-10.932648,33,real,-1,12
197387,-36.406717,29,synthetic,2,8
197413,-5.908577,26,real,-1,5
197439,-5.913291,26,real,-1,5
197478,-3.366137,39,real,-1,18
197516,-7.412135,38,synthetic,0,17
197555,-24.446223,39,synthetic,1,18
197583,-37.439985,28,synthetic,2,7
197622,-2.936858,39,synthetic,0,18
197661,-42.079019,39,synthetic,2,18
197703,-6.974998,42,real,-1,21
197730,-32.066659,27,synthetic,2,6
197755,-45.845264,25,synthetic,2,4
197793,-0.617112,38,real,-1,17
197833,-0.136954,40,real,-1,19
197854,-16.620108,21,synthetic,0,0
197877,-12.786325,23,synthetic,0,2
197904,-18.698755,27,synthetic,1,6
197939,-2.372732,35,real,-1,14
197976,-16.284821,37,synthetic,1,16
198010,-22.14729,34,synthetic,1,13
198045,-27.197922,35,synthetic,1,14
198072,-16.118547,27,synthetic,0,6
198109,4.497248,37,real,-1,16
198131,-33.574187,22,synthetic,2,1
198156,-24.541664,25,synthetic,2,4
198178,-35.651101,22,synthetic,2,1
198220,-17.927301,42,synthetic,1,21
198260,2.984733,40,real,-1,19
198296,-27.509792,36,synthetic,0,15
198320,-17.276346,24,synthetic,1,3
198349,-2.796835,29,real,-1,8
198373,-6.604889,24,real,-1,3
198400,-16.454284,27,synthetic,0,6
198427,-18.953215,27,synthetic,1,6
198467,-38.818058,40,synthetic,2,19
198500,-22.600905,33,synthetic,0,12
198532,0.96919,32,real,-1,11
198558,-4.509305,26,real,-1,5
198584,-27.95644,26,synthetic,1,5
198618,-1.9388,34,real,-1,13
198647,-13.564277,29,real,-1,8
198681,-5.876487,34,real,-1,13
198705,-14.314725,24,synthetic,0,3
198733,-14.820538,28,synthetic,0,7
198772,-39.149609,39,synthetic,2,18
198796,-2.927143,24,real,-1,3
198834,-34.312471,38,synthetic,2,17
198864,-42.590565,30,synthetic,2,9
198904,-50.982863,40,synthetic,2,19
198946,-47.384097,42,synthetic,2,21
198979,-34.280915,33,synthetic,1,12
199006,-6.073164,27,synthetic,0,6
199030,-33.923374,24,synthetic,2,3
199064,-8.740819,34,real,-1,13
199103,-7.673288,39,real,-1,18
199143,-2.837537,40,real,-1,19
199180,-26.369087,37,synthetic,1,16
199210,-8.175659,30,synthetic,0,9
199235,-27.87234,25,synthetic,1,4
199263,-24.963449,28,synthetic,1,7
199304,-4.950695,41,real,-1,20
199345,-19.590677,41,synthetic,1,20
199383,-8.601838,38,real,-1,17
199405,-38.752258,22,synthetic,2,1
199438,-16.863528,33,synthetic,0,12
199472,-29.403362,34,synthetic,2,13
199497,-13.835665,25,synthetic,0,4
199531,-34.953189,34,synthetic,2,13
199565,-2.613997,34,real,-1,13
199587,-25.833674,22,synthetic,1,1
199612,-19.96334,25,synthetic,1,4
199646,-38.424315,34,synthetic,2,13
199678,-28.622047,32,synthetic,1,11
199705,-3.487405,27,real,-1,6
199738,-34.691486,33,synthetic,2,12
199776,-12.403701,38,synthetic,0,17
199815,-0.993799,39,real,-1,18
199848,-28.182237,33,synthetic,1,12
199889,-27.84012,41,synthetic,1,20
199919,-8.788488,30,synthetic,0,9
199954,-12.21392,35,synthetic,0,14
199988,-24.894401,34,synthetic,1,13
200021,-20.747358,33,synthetic,2,12
200046,-0.731213,25,real,-1,4
200073,-28.686428,27,synthetic,2,6
200108,4.230418,35,real,-1,14
200140,-40.01299,32,synthetic,2,11
200164,-3.215347,24,real,-1,3
200195,-19.727773,31,synthetic,0,10
200226,-36.466661,31,synthetic,2,10
200250,-11.457028,24,synthetic,0,3
200288,-5.500791,38,synthetic,0,17
200316,-38.372945,28,synthetic,2,7
200348,-25.153312,32,synthetic,2,11
200380,-23.579755,32,synthetic,0,11
200422,-27.878633,42,synthetic,1,21
200448,0.100888,26,real,-1,5
200478,-28.931119,30,synthetic,2,9
200513,-21.716503,35,synthetic,1,14
200550,-23.277067,37,synthetic,1,16
200586,-2.519808,36,real,-1,15
200625,-32.357549,39,synthetic,1,18
200658,3.896859,33,real,-1,12
200694,-50.624768,36,synthetic,2,15
200728,-39.650876,34,synthetic,2,13
200764,-31.935218,36,synthetic,2,15
200789,-23.58168,25,synthetic,1,4
200817,-5.389593,28,real,-1,7
200846,-25.25257,29,synthetic,1,8
200883,-2.878941,37,real,-1,16
200910,-11.098262,27,synthetic,0,6
200932,-30.275708,22,synthetic,1,1
200971,-8.788763,39,real,-1,18
200997,-44.838739,26,synthetic,2,5
201035,-11.217327,38,synthetic,0,17
201072,-32.12622,37,synthetic,1,16
201112,-4.954415,40,real,-1,19
201143,-43.934377,31,synthetic,2,10
201181,-19.006043,38,synthetic,1,17
201212,-15.456754,31,synthetic,0,10
201247,-6.943899,35,real,-1,14
201279,-11.84672,32,synthetic,0,11
201309,-21.071909,30,synthetic,1,9
201331,-33.003281,22,synthetic,2,1
201365,-3.362736,34,real,-1,13
201407,-35.161231,42,synthetic,2,21
201437,-20.210547,30,synthetic,1,9
201464,-30.173225,27,synthetic,1,6
201506,-22.871005,42,synthetic,0,21
201536,-20.430928,30,synthetic,0,9
201574,-8.222791,38,real,-1,17
201609,-7.584961,35,real,-1,14
201645,-3.675584,36,real,-1,15
201681,0.31474,36,real,-1,15
201710,-25.67546,29,synthetic,1,8
201742,-6.031748,32,real,-1,11
201767,3.225199,25,real,-1,4
201800,-16.32338,33,synthetic,0,12
201840,-18.495927,40,synthetic,1,19
201863,-8.288992,23,synthetic,0,2
201904,-20.921898,41,synthetic,0,20
201938,-5.636105,34,real,-1,13
201971,1.839312,33,real,-1,12
202012,-11.796976,41,synthetic,0,20
202034,-3.636541,22,real,-1,1
202067,-25.745916,33,synthetic,1,12
202100,-13.286898,33,synthetic,0,12
202126,-10.507253,26,real,-1,5
202162,0.495334,36,real,-1,15
202203,-30.669947,41,synthetic,2,20
202245,-18.641811,42,synthetic,1,21
202277,-42.675286,32,synthetic,2,11
202310,-22.344945,33,synthetic,0,12
202335,-0.033393,25,real,-1,4
202356,1.016425,21,real,-1,0
202395,-14.365149,39,synthetic,0,18
202428,-34.953521,33,synthetic,2,12
202469,-10.620996,41,real,-1,20
202492,-16.962915,23,synthetic,0,2
202534,-10.839593,42,synthetic,0,21
202569,-30.523599,35,synthetic,2,14
202607,-12.220841,38,real,-1,17
202647,-49.056393,40,synthetic,2,19
202678,-25.700902,31,synthetic,1,10
202710,-22.528826,32,synthetic,1,11
202731,-46.111883,21,synthetic,2,0
202763,-20.709111,32,synthetic,1,11
202785,-12.989087,22,synthetic,0,1
202816,-23.931377,31,synthetic,1,10
202856,-35.178763,40,synthetic,2,19
202882,-13.172779,26,synthetic,0,5
202920,-42.985966,38,synthetic,2,17
202945,-15.007326,25,synthetic,1,4
202976,-12.723396,31,synthetic,0,10
203002,-6.600185,26,synthetic,0,5
203037,-1.590712,35,real,-1,14
203058,-4.993002,21,synthetic,0,0
203100,-3.267971,42,real,-1,21
203138,-27.79788,38,synthetic,1,17
203162,-25.703166,24,synthetic,1,3
203192,-29.279552,30,synthetic,2,9
203230,-18.377434,38,synthetic,0,17
203270,-42.743044,40,synthetic,2,19
203298,-5.665812,28,real,-1,7
203335,0.251706,37,real,-1,16
203356,-26.857699,21,synthetic,2,0
203381,-26.257751,25,synthetic,1,4
203414,-34.637632,33,synthetic,2,12
203447,-4.699123,33,real,-1,12
203483,-5.82422,36,real,-1,15
203511,-21.394289,28,synthetic,1,7
203533,-10.924848,22,synthetic,0,1
203569,-14.602543,36,synthetic,1,15
203601,-18.379133,32,synthetic,0,11
203623,-23.992937,22,synthetic,1,1
203650,-2.469245,27,real,-1,6
203687,-3.512448,37,synthetic,0,16
203711,-40.311958,24,synthetic,2,3
203750,-11.668713,39,real,-1,18
203791,-24.286441,41,synthetic,1,20
203822,-24.630262,31,synthetic,1,10
203862,-5.951106,40,real,-1,19
203883,-19.577114,21,synthetic,1,0
203925,-7.456397,42,synthetic,0,21
203960,-1.712095,35,real,-1,14
203999,-27.661461,39,synthetic,1,18
204029,-0.853717,30,real,-1,9
204062,-17.215824,33,synthetic,1,12
204094,-32.927165,32,synthetic,2,11
204132,-23.471431,38,synthetic,1,17
204157,-14.188816,25,synthetic,0,4
204179,-29.893624,22,synthetic,2,1
204208,4.660912,29,real,-1,8
204234,-3.347842,26,real,-1,5
204255,-41.591801,21,synthetic,2,0
204279,-23.407785,24,synthetic,1,3
204300,-36.687228,21,synthetic,2,0
204340,-14.274259,40,real,-1,19
204369,-23.988538,29,synthetic,2,8
204397,-14.032696,28,synthetic,0,7
204426,1.343822,29,real,-1,8
204454,-2.430379,28,real,-1,7
204487,-13.649942,33,synthetic,0,12
204510,-40.391348,23,synthetic,2,2
204533,5.631314,23,real,-1,2
204560,-23.708007,27,synthetic,1,6
204590,-15.968941,30,synthetic,1,9
204627,-34.069567,37,synthetic,2,16
204668,-5.930129,41,real,-1,20
204698,-0.775217,30,real,-1,9
204725,-8.805549,27,synthetic,0,6
204757,-20.243727,32,synthetic,0,11
204789,-21.349818,32,synthetic,1,11
204831,-40.994915,42,synthetic,2,21
204864,-7.555067,33,synthetic,0,12
204905,-25.755239,41,synthetic,1,20
204940,-27.248958,35,synthetic,0,14
204974,-5.322306,34,synthetic,0,13
205005,-38.894464,31,synthetic,2,10
205031,-13.644902,26,synthetic,0,5
205072,-18.876688,41,synthetic,0,20
205109,-19.362439,37,synthetic,0,16
205134,-13.969161,25,synthetic,0,4
205164,-1.846333,30,real,-1,9
205191,-5.033101,27,real,-1,6
205229,-22.238628,38,synthetic,1,17
205257,-5.197825,28,synthetic,0,7
205294,-4.771744,37,real,-1,16
205329,-25.10076,35,synthetic,0,14
205353,-10.910452,24,real,-1,3
205393,-16.233099,40,synthetic,0,19
205418,-38.827618,25,synthetic,2,4
205453,-5.204816,35,real,-1,14
205481,-17.087168,28,synthetic,1,7
205509,-31.482316,28,synthetic,1,7
205535,1.577952,26,real,-1,5
205557,2.211359,22,real,-1,1
205583,-5.561631,26,synthetic,0,5
205612,-6.094438,29,real,-1,8
205640,-12.280673,28,synthetic,0,7
205681,-29.622629,41,synthetic,1,20
205705,-21.193018,24,synthetic,1,3
205729,-40.561921,24,synthetic,2,3
205755,-29.867599,26,synthetic,1,5
205784,-2.741341,29,real,-1,8
205819,-33.217156,35,synthetic,2,14
205858,-16.787971,39,synthetic,0,18
205879,-4.298337,21,real,-1,0
205918,-0.341829,39,real,-1,18
205945,-21.392503,27,synthetic,1,6
205974,-16.388417,29,synthetic,0,8
206009,-24.019371,35,synthetic,2,14
206047,-30.745957,38,synthetic,2,17
206086,-24.633184,39,synthetic,2,18
206114,-21.233837,28,synthetic,0,7
206154,-2.870875,40,real,-1,19
206176,5.270202,22,real,-1,1
206208,-17.461874,32,synthetic,0,11
206237,-11.401305,29,synthetic,0,8
206272,0.298274,35,real,-1,14
206301,-30.677621,29,synthetic,2,8
206329,-10.803314,28,synthetic,0,7
206368,-5.730719,39,real,-1,18
206395,-2.562747,27,real,-1,6
206424,-24.551044,29,synthetic,1,8
206455,-32.110541,31,synthetic,1,10
206488,-32.162437,33,synthetic,2,12
206519,-26.765927,31,synthetic,2,10
206561,0.640723,42,real,-1,21
206602,-3.933693,41,synthetic,0,20
206628,-2.014752,26,real,-1,5
206669,-13.888674,41,synthetic,0,20
206700,2.082548,31,real,-1,10
206734,-25.913979,34,synthetic,1,13
206766,-1.396683,32,real,-1,11
206805,-11.744712,39,real,-1,18
206840,-26.668299,35,synthetic,2,14
206866,4.197056,26,real,-1,5
206904,-0.218656,38,real,-1,17
206943,-33.189001,39,synthetic,1,18
206971,-4.481606,28,real,-1,7
207013,3.797493,42,real,-1,21
207038,-49.833986,25,synthetic,2,4
207079,-18.536676,41,synthetic,1,20
207114,-31.561231,35,synthetic,1,14
207146,-20.042728,32,synthetic,0,11
207187,-24.061856,41,synthetic,2,20
207212,-0.160228,25,real,-1,4
207253,-41.882414,41,synthetic,2,20
207275,-23.214748,22,synthetic,1,1
207308,-9.78543,33,synthetic,0,12
207336,-35.194186,28,synthetic,2,7
207360,-27.222499,24,synthetic,1,3
207386,-1.441506,26,real,-1,5
207424,-2.451378,38,real,-1,17
207454,-27.606575,30,synthetic,1,9
207484,2.546525,30,real,-1,9
207506,-8.73472,22,real,-1,1
207534,-8.687487,28,real,-1,7
207564,-18.825267,30,synthetic,0,9
207602,2.313017,38,real,-1,17
207642,-15.258227,40,synthetic,0,19
207667,-0.150189,25,real,-1,4
207704,-28.436021,37,synthetic,2,16
207731,-5.861675,27,real,-1,6
207760,-26.61733,29,synthetic,1,8
207786,-27.438765,26,synthetic,1,5
207825,-24.396603,39,synthetic,1,18
207864,-38.178414,39,synthetic,2,18
207905,-24.158058,41,synthetic,1,20
207946,-3.642667,41,real,-1,20
207969,-10.551379,23,synthetic,0,2
208002,-0.082369,33,real,-1,12
208035,-15.543811,33,synthetic,0,12
208066,-4.729871,31,real,-1,10
208096,-7.21339,30,real,-1,9
208129,-20.178788,33,synthetic,1,12
208158,-20.384859,29,synthetic,0,8
208195,3.848042,37,real,-1,16
208224,6.318023,29,real,-1,8
208246,-10.254233,22,synthetic,0,1
208278,-22.998088,32,synthetic,1,11
208302,-8.578345,24,real,-1,3
208342,-21.814714,40,synthetic,0,19
208363,-3.923234,21,real,-1,0
208403,-19.549007,40,synthetic,1,19
208439,-5.463564,36,real,-1,15
208460,-19.654654,21,synthetic,0,0
208484,-10.765302,24,synthetic,0,3
208520,-17.796875,36,synthetic,0,15
208561,-37.41387,41,synthetic,2,20
208587,-22.832281,26,synthetic,1,5
208619,-9.875686,32,synthetic,0,11
208641,-15.209498,22,synthetic,0,1
208671,0.198197,30,real,-1,9
208694,-39.925599,23,synthetic,2,2
208722,-16.70456,28,synthetic,0,7
208749,-13.924726,27,synthetic,0,6
208780,-42.445558,31,synthetic,2,10
208802,-14.792679,22,synthetic,0,1
208835,-0.294588,33,real,-1,12
208863,-19.895982,28,synthetic,1,7
208902,-33.39827,39,synthetic,2,18
208933,-12.189375,31,synthetic,0,10
208964,-32.267626,31,synthetic,1,10
209006,-5.205076,42,real,-1,21
209042,-24.606883,36,synthetic,1,15
209064,-23.592582,22,synthetic,1,1
209091,-5.713511,27,real,-1,6
209125,0.923283,34,real,-1,13
209159,-6.444806,34,real,-1,13
209197,-26.531719,38,synthetic,1,17
209238,-41.146606,41,synthetic,2,20
209275,-11.779172,37,real,-1,16
209307,-9.123406,32,synthetic,0,11
209329,-15.257862,22,synthetic,1,1
209362,-8.439321,33,real,-1,12
209388,-42.525189,26,synthetic,2,5
209426,-22.822016,38,synthetic,1,17
209463,-20.653569,37,synthetic,1,16
209488,-18.158179,25,synthetic,1,4
209518,-24.401644,30,synthetic,1,9
209546,-18.794186,28,synthetic,1,7
209580,-12.284641,34,synthetic,0,13
209602,-0.620015,22,real,-1,1
209643,-18.18485,41,synthetic,1,20
209677,-3.468641,34,real,-1,13
209699,-8.723586,22,real,-1,1
209721,8.749064,22,real,-1,1
209757,-14.317424,36,real,-1,15
209797,2.753253,40,real,-1,19
209839,-19.962247,42,synthetic,0,21
209862,0.326679,23,real,-1,2
209895,-11.726576,33,synthetic,0,12
209935,-31.97128,40,synthetic,2,19
209972,-12.558746,37,synthetic,0,16
209998,-30.485602,26,synthetic,2,5
210034,4.361768,36,real,-1,15
210068,-34.181682,34,synthetic,2,13
210094,-34.738338,26,synthetic,2,5
210124,-26.174514,30,synthetic,1,9
210148,1.247097,24,real,-1,3
210175,-29.125414,27,synthetic,1,6
210200,-6.869963,25,synthetic,0,4
210233,-35.320228,33,synthetic,2,12
210270,-26.318577,37,synthetic,1,16
210294,-36.851282,24,synthetic,2,3
210323,-2.932606,29,real,-1,8
210345,-24.903069,22,synthetic,1,1
210386,-31.118145,41,synthetic,2,20
210421,-41.170706,35,synthetic,2,14
210444,-42.722153,23,synthetic,2,2
210465,-10.404721,21,synthetic,0,0
210506,-21.484894,41,synthetic,1,20
210537,-6.494745,31,real,-1,10
210574,-33.649237,37,synthetic,2,16
210600,-16.151695,26,synthetic,0,5
210628,-0.685994,28,real,-1,7
210657,-15.171423,29,synthetic,0,8
210681,-36.882546,24,synthetic,2,3
210704,-12.67418,23,synthetic,1,2
210737,-15.994575,33,synthetic,1,12
210769,-33.744602,32,synthetic,2,11
210806,-10.668001,37,synthetic,0,16
210844,-15.138292,38,synthetic,0,17
210869,-37.84741,25,synthetic,2,4
210911,-33.961092,42,synthetic,1,21
210942,-16.517311,31,synthetic,0,10
210968,0.811364,26,real,-1,5
210997,-1.774867,29,real,-1,8
211034,-7.689347,37,real,-1,16
211064,-10.464269,30,synthetic,0,9
211091,-7.093024,27,synthetic,0,6
211120,-25.833077,29,synthetic,1,8
211148,-2.918856,28,real,-1,7
211174,-11.271773,26,synthetic,0,5
211197,-44.689223,23,synthetic,2,2
211227,-35.670389,30,synthetic,1,9
211249,-39.681141,22,synthetic,2,1
211290,-16.196929,41,synthetic,1,20
211318,-27.711643,28,synthetic,1,7
211355,-22.610738,37,synthetic,1,16
211395,-29.735116,40,synthetic,2,19
211419,-25.09736,24,synthetic,1,3
211447,-39.399538,28,synthetic,1,7
211469,-23.250464,22,synthetic,1,1
211502,-8.435396,33,real,-1,12
211536,0.419113,34,real,-1,13
211578,-26.471656,42,synthetic,1,21
211608,-1.130936,30,real,-1,9
211639,-7.666861,31,real,-1,10
211676,-22.798228,37,synthetic,1,16
211714,-31.218191,38,synthetic,1,17
211743,-32.048144,29,synthetic,2,8
211781,-6.211274,38,real,-1,17
211821,-2.83842,40,real,-1,19
211858,-32.154255,37,synthetic,2,16
211889,-0.033721,31,real,-1,10
211924,-37.859757,35,synthetic,2,14
211945,-9.638629,21,synthetic,0,0
211981,-7.361737,36,real,-1,15
212008,-45.509389,27,synthetic,2,6
212044,-17.851627,36,synthetic,1,15
212084,-24.941332,40,synthetic,1,19
212109,-5.957814,25,synthetic,0,4
212148,-14.147888,39,synthetic,0,18
212185,-4.311707,37,real,-1,16
212214,-10.113505,29,synthetic,0,8
212253,-29.081433,39,synthetic,1,18
212293,-2.724883,40,real,-1,19
212325,-9.020934,32,synthetic,0,11
212358,-9.904259,33,synthetic,0,12
212382,-3.619433,24,real,-1,3
212409,-30.81335,27,synthetic,1,6
212433,-36.191744,24,synthetic,2,3
212467,-1.007726,34,real,-1,13
212492,0.455598,25,real,-1,4
212533,-2.987062,41,real,-1,20
212555,-15.040131,22,synthetic,0,1
212596,1.778772,41,real,-1,20
212629,-11.202398,33,synthetic,0,12
212671,-0.989618,42,real,-1,21
212702,-24.035592,31,synthetic,1,10
212734,-12.278434,32,synthetic,0,11
212768,-13.909058,34,synthetic,0,13
212795,-12.672412,27,synthetic,0,6
212832,-11.92286,37,synthetic,0,16
212871,-19.922148,39,synthetic,1,18
212894,0.568963,23,real,-1,2
212915,-16.697633,21,synthetic,0,0
212952,-26.16553,37,synthetic,1,16
212981,-5.849297,29,synthetic,0,8
213014,-41.452802,33,synthetic,2,12
213053,-15.794489,39,synthetic,0,18
213087,-32.063379,34,synthetic,2,13
213120,-8.555751,33,synthetic,0,12
213159,-27.092974,39,synthetic,1,18
213185,-6.281416,26,real,-1,5
213215,-5.170714,30,synthetic,0,9
213244,-4.562282,29,real,-1,8
213267,2.419903,23,real,-1,2
213290,-1.796353,23,real,-1,2
213325,-3.312123,35,real,-1,14
213360,-11.7186,35,synthetic,0,14
213394,2.287539,34,real,-1,13
213424,-1.623991,30,real,-1,9
213451,-25.591876,27,synthetic,2,6
213481,-26.298141,30,synthetic,1,9
213511,-12.071229,30,synthetic,0,9
213546,-20.816553,35,synthetic,0,14
213580,-3.539674,34,real,-1,13
213610,-24.473937,30,synthetic,1,9
213647,-25.363161,37,synthetic,2,16
213686,-24.456331,39,synthetic,0,18
213721,-12.144692,35,synthetic,0,14
213757,-27.714323,36,synthetic,2,15
213779,-15.469008,22,real,-1,1
213820,-9.407539,41,synthetic,0,20
213862,-22.320288,42,synthetic,0,21
213897,-40.730361,35,synthetic,2,14
213928,-35.895847,31,synthetic,2,10
213963,0.049732,35,real,-1,14
213989,-26.743119,26,synthetic,1,5
214024,-25.385379,35,synthetic,1,14
214065,-44.587541,41,synthetic,2,20
214099,-41.358035,34,synthetic,2,13
214138,-19.872449,39,synthetic,1,18
214179,-13.521066,41,synthetic,0,20
214205,-39.01289,26,synthetic,2,5
214243,-7.633891,38,real,-1,17
214269,-23.354916,26,synthetic,1,5
214294,-25.611061,25,synthetic,1,4
214326,-16.308118,32,synthetic,0,11
214356,-5.181701,30,real,-1,9
214385,-18.566474,29,synthetic,0,8
214413,-12.264807,28,synthetic,0,7
214439,-44.355089,26,synthetic,2,5
214466,-6.752957,27,real,-1,6
214503,-1.455441,37,real,-1,16
214536,-16.079812,33,synthetic,0,12
214572,5.176605,36,real,-1,15
214608,-20.952997,36,synthetic,0,15
214650,-9.39927,42,real,-1,21
214676,-20.134064,26,synthetic,1,5
214711,-37.567538,35,synthetic,2,14
214738,-4.587863,27,real,-1,6
214769,-2.988311,31,real,-1,10
214808,-34.605008,39,synthetic,2,18
214830,-2.447218,22,real,-1,1
214865,-28.283666,35,synthetic,1,14
214888,-37.515482,23,synthetic,2,2
214929,5.754359,41,real,-1,20
214970,-2.779641,41,synthetic,0,20
215009,-9.979425,39,synthetic,0,18
215049,-45.893705,40,synthetic,2,19
215078,-23.193353,29,synthetic,1,8
215120,-3.156418,42,real,-1,21
215162,-36.888479,42,synthetic,2,21
215188,-16.173611,26,synthetic,1,5
215220,-44.701329,32,synthetic,2,11
215245,-23.294158,25,synthetic,1,4
215284,-10.160435,39,synthetic,0,18
215309,-7.199323,25,real,-1,4
215347,-10.844819,38,synthetic,0,17
215384,-26.726463,37,synthetic,1,16
215414,-23.629342,30,synthetic,1,9
215455,-14.63999,41,synthetic,0,20
215494,-12.604422,39,synthetic,0,18
215527,-15.304847,33,synthetic,0,12
215568,-26.560376,41,synthetic,2,20
215599,-0.499988,31,real,-1,10
215637,-24.564042,38,synthetic,1,17
215667,-33.856579,30,synthetic,1,9
215689,-20.693177,22,synthetic,2,1
215715,1.382336,26,real,-1,5
215756,-11.09491,41,synthetic,0,20
215777,-13.618369,21,synthetic,1,0
215811,-18.837632,34,synthetic,0,13
215847,-36.813489,36,synthetic,2,15
215885,-7.757797,38,synthetic,0,17
215926,-36.69456,41,synthetic,2,20
215959,-10.193303,33,synthetic,1,12
215981,0.889313,22,real,-1,1
216019,-20.669657,38,synthetic,0,17
216051,-32.007353,32,synthetic,2,11
216092,-38.651826,41,synthetic,2,20
216123,-19.135664,31,synthetic,1,10
216149,-41.092862,26,synthetic,2,5
216184,-16.23452,35,synthetic,0,14
216223,-19.721714,39,synthetic,1,18
216254,-4.181872,31,real,-1,10
216280,-30.186899,26,synthetic,2,5
216314,-19.389764,34,synthetic,1,13
216344,-44.746753,30,synthetic,2,9
216380,-2.145209,36,real,-1,15
216405,-9.445688,25,real,-1,4
216432,-26.022638,27,synthetic,1,6
216462,-14.60812,30,synthetic,0,9
216502,-20.570838,40,synthetic,1,19
216541,-21.880604,39,synthetic,2,18
216562,-12.051157,21,synthetic,0,0
216599,-4.731668,37,real,-1,16
216622,-1.684884,23,real,-1,2
216651,-14.364284,29,synthetic,0,8
216690,-2.445299,39,real,-1,18
216716,-8.050487,26,real,-1,5
216739,-13.147387,23,synthetic,0,2
216770,-40.497269,31,synthetic,2,10
216803,-3.003165,33,real,-1,12
216833,-29.795243,30,synthetic,1,9
216855,-39.081225,22,synthetic,2,1
216886,-27.941341,31,synthetic,1,10
216912,-16.296333,26,synthetic,1,5
216942,-9.670366,30,synthetic,0,9
216963,-24.697539,21,synthetic,2,0
216996,-21.188757,33,synthetic,0,12
217025,-22.210286,29,synthetic,0,8
217066,-4.6239,41,real,-1,20
217087,0.232716,21,real,-1,0
217110,-15.583811,23,synthetic,0,2
217149,-1.449097,39,real,-1,18
217172,-16.715226,23,synthetic,1,2
217211,-32.673297,39,synthetic,2,18
217237,1.789385,26,real,-1,5
217259,-7.466272,22,real,-1,1
217281,-14.059788,22,synthetic,1,1
217311,-22.835511,30,synthetic,1,9
217353,-25.747891,42,synthetic,0,21
217389,-32.671104,36,synthetic,2,15
217423,-34.979691,34,synthetic,1,13
217454,-35.250294,31,synthetic,2,10
217478,-5.817477,24,real,-1,3
217507,-37.148969,29,synthetic,2,8
217548,-4.62337,41,real,-1,20
217589,-25.931759,41,synthetic,1,20
217610,-46.905827,21,synthetic,2,0
217647,-24.054759,37,synthetic,1,16
217686,-16.196206,39,synthetic,0,18
217714,-37.278708,28,synthetic,2,7
217745,-4.063283,31,real,-1,10
217785,-5.168888,40,real,-1,19
217822,-35.467501,37,synthetic,2,16
217844,1.62702,22,real,-1,1
217872,-5.847359,28,real,-1,7
217899,-50.898117,27,synthetic,2,6
217924,-29.367972,25,synthetic,2,4
217951,1.849342,27,real,-1,6
217977,-42.390338,26,synthetic,2,5
218003,-33.078163,26,synthetic,1,5
218038,-25.431784,35,synthetic,1,14
218069,-37.266503,31,synthetic,2,10
218105,0.49707,36,synthetic,0,15
218126,-29.829385,21,synthetic,2,0
218165,-13.410741,39,synthetic,0,18
218192,-14.105407,27,synthetic,0,6
218219,1.169707,27,real,-1,6
218245,-22.104291,26,synthetic,2,5
218275,-28.260908,30,synthetic,2,9
218300,-22.599421,25,synthetic,1,4
218330,1.609431,30,real,-1,9
218363,-14.540986,33,synthetic,1,12
218402,-28.932816,39,synthetic,1,18
218442,-25.193777,40,synthetic,1,19
218475,-39.581761,33,synthetic,2,12
218512,0.611713,37,real,-1,16
218539,-22.076662,27,synthetic,1,6
218562,-34.125324,23,synthetic,2,2
218585,-8.280785,23,real,-1,2
218623,-41.891585,38,synthetic,2,17
218652,-1.634112,29,real,-1,8
218677,-32.812803,25,synthetic,2,4
218702,-45.746393,25,synthetic,2,4
218730,-3.123947,28,real,-1,7
218754,-33.762772,24,synthetic,1,3
218783,-4.68769,29,real,-1,8
218810,-25.94207,27,synthetic,1,6
218850,-5.421587,40,real,-1,19
218872,-14.611231,22,synthetic,0,1
218911,-30.803987,39,synthetic,1,18
218951,-30.362257,40,synthetic,2,19
218990,-43.901758,39,synthetic,2,18
219022,-5.450993,32,real,-1,11
219045,-13.256527,23,synthetic,0,2
219086,-43.217925,41,synthetic,2,20
219128,-21.134035,42,synthetic,1,21
219163,-15.006566,35,synthetic,0,14
219203,-34.454221,40,synthetic,2,19
219239,-9.980423,36,real,-1,15
219262,-13.759528,23,synthetic,0,2
219303,-0.877558,41,real,-1,20
219333,-9.886785,30,synthetic,0,9
219354,-26.755379,21,synthetic,2,0
219391,-36.049119,37,synthetic,2,16
219424,-5.418835,33,real,-1,12
219460,-7.541367,36,real,-1,15
219485,2.104781,25,real,-1,4
219521,-11.960036,36,synthetic,0,15
219561,-3.526941,40,real,-1,19
219587,-38.544793,26,synthetic,2,5
219619,-17.299385,32,synthetic,0,11
219658,-0.700286,39,real,-1,18
219692,3.982814,34,real,-1,13
219715,0.967726,23,real,-1,2
219738,-29.022944,23,synthetic,1,2
219769,-27.063315,31,synthetic,2,10
219803,-5.874059,34,real,-1,13
219842,-4.572245,39,real,-1,18
219878,0.411894,36,real,-1,15
219920,-10.136429,42,synthetic,0,21
219953,3.57166,33,real,-1,12
219978,-14.155764,25,synthetic,1,4
220016,-18.769794,38,synthetic,1,17
220039,-27.011554,23,synthetic,1,2
220079,-15.476489,40,synthetic,0,19
220117,-21.508876,38,synthetic,1,17
220141,5.105098,24,real,-1,3
220182,-7.162387,41,real,-1,20
220203,-6.186482,21,real,-1,0
220224,-32.959643,21,synthetic,2,0
220253,-24.025103,29,synthetic,2,8
220290,-50.351915,37,synthetic,2,16
220314,-41.50904,24,synthetic,2,3
220343,-9.416361,29,real,-1,8
220385,-12.759643,42,real,-1,21
220418,-9.267161,33,real,-1,12
220451,-26.877119,33,synthetic,1,12
220481,-42.510232,30,synthetic,2,9
220518,-18.252163,37,synthetic,0,16
220559,-28.128742,41,synthetic,2,20
220594,-13.048182,35,synthetic,0,14
220625,-4.000868,31,real,-1,10
220665,-8.297987,40,real,-1,19
220690,-2.989343,25,real,-1,4
220712,-30.339823,22,synthetic,2,1
220735,-39.026663,23,synthetic,2,2
220773,-48.8878,38,synthetic,2,17
220801,-4.499474,28,real,-1,7
220828,-44.085009,27,synthetic,2,6
220862,-40.42173,34,synthetic,2,13
220889,-29.997227,27,synthetic,2,6
220914,0.411095,25,real,-1,4
220946,-0.12017,32,real,-1,11
220985,-7.161822,39,real,-1,18
221022,-24.071819,37,synthetic,1,16
221057,-6.735083,35,real,-1,14
221096,-32.936729,39,synthetic,2,18
221123,-25.919442,27,synthetic,1,6
221145,-11.49516,22,synthetic,0,1
221170,-23.682997,25,synthetic,1,4
221200,-4.838601,30,real,-1,9
221242,-38.344332,42,synthetic,2,21
221275,4.996513,33,real,-1,12
221300,-19.492573,25,synthetic,0,4
221335,-38.445709,35,synthetic,2,14
221361,-24.709771,26,synthetic,1,5
221382,-11.578164,21,synthetic,0,0
221415,-32.61481,33,synthetic,2,12
221456,-7.603858,41,real,-1,20
221494,-20.612577,38,synthetic,1,17
221533,-13.512982,39,synthetic,0,18
221575,1.982738,42,real,-1,21
221612,-34.065933,37,synthetic,1,16
221647,-2.082168,35,real,-1,14
221675,-25.897504,28,synthetic,1,7
221696,-18.135145,21,synthetic,1,0
221723,-5.198202,27,real,-1,6
221755,4.021803,32,real,-1,11
221782,-5.226923,27,real,-1,6
221804,-37.385126,22,synthetic,2,1
221836,-12.454895,32,synthetic,0,11
221860,-17.869006,24,synthetic,1,3
221895,-22.073902,35,synthetic,1,14
221931,-43.500696,36,synthetic,2,15
221954,-20.002876,23,synthetic,1,2
221975,-3.871581,21,real,-1,0
221998,-23.496124,23,synthetic,1,2
222034,-7.482356,36,real,-1,15
222061,1.526151,27,real,-1,6
222082,-15.128917,21,synthetic,1,0
222111,-27.594112,29,synthetic,2,8
222143,-0.769854,32,real,-1,11
222180,-25.242414,37,synthetic,1,16
222219,-10.856206,39,real,-1,18
222255,-4.327592,36,real,-1,15
222286,0.393484,31,real,-1,10
222323,-6.204599,37,real,-1,16
222362,2.031549,39,real,-1,18
222390,-2.914813,28,real,-1,7
222411,-22.446816,21,synthetic,1,0
222453,-9.599794,42,real,-1,21
222474,-14.723675,21,synthetic,1,0
222512,-32.454668,38,synthetic,1,17
222546,-27.508023,34,synthetic,2,13
222574,-6.931126,28,real,-1,7
222597,-0.735219,23,real,-1,2
222623,-26.503285,26,synthetic,1,5
222655,0.023315,32,real,-1,11
222677,-39.958002,22,synthetic,2,1
222718,-31.634509,41,synthetic,1,20
222759,-6.063469,41,real,-1,20
222788,-25.974895,29,synthetic,1,8
222817,-0.71357,29,real,-1,8
222854,-21.61189,37,synthetic,1,16
222892,-34.020178,38,synthetic,1,17
222933,-8.860429,41,synthetic,0,20
222962,-15.923441,29,synthetic,1,8
222986,-35.914995,24,synthetic,2,3
223010,-5.954757,24,synthetic,0,3
223046,-40.535142,36,synthetic,2,15
223070,-30.348277,24,synthetic,1,3
223104,-19.965075,34,synthetic,1,13
223138,-5.229141,34,real,-1,13
223170,-39.464744,32,synthetic,2,11
223200,-9.433848,30,synthetic,0,9
223221,-19.002142,21,synthetic,0,0
223260,-1.992899,39,real,-1,18
223293,-3.905866,33,real,-1,12
223322,-12.234136,29,synthetic,0,8
223352,-4.120549,30,real,-1,9
223389,-14.00909,37,synthetic,0,16
223410,-20.872531,21,synthetic,1,0
223447,-14.239334,37,synthetic,1,16
223478,-5.622737,31,real,-1,10
223504,-0.19842,26,real,-1,5
223540,-13.265471,36,synthetic,0,15
223571,-18.910615,31,synthetic,2,10
223595,-7.103912,24,real,-1,3
223628,-28.68903,33,synthetic,1,12
223652,-17.743112,24,synthetic,1,3
223690,-37.268786,38,synthetic,2,17
223715,-6.43653,25,real,-1,4
223752,-0.840957,37,real,-1,16
223793,-24.154702,41,synthetic,1,20
223818,-22.993026,25,synthetic,1,4
223849,-7.627197,31,real,-1,10
223875,-41.180171,26,synthetic,2,5
223911,-2.09129,36,real,-1,15
223944,-12.643075,33,real,-1,12
223966,-21.003408,22,synthetic,1,1
223990,-40.244013,24,synthetic,2,3
224020,-38.501911,30,synthetic,2,9
224055,-16.687008,35,synthetic,1,14
224084,-31.441067,29,synthetic,2,8
224116,1.668691,32,real,-1,11
224140,-25.972703,24,synthetic,1,3
224169,-10.448245,29,synthetic,0,8
224210,-28.37137,41,synthetic,2,20
224248,-29.246906,38,synthetic,1,17
224273,5.55239,25,real,-1,4
224295,-11.67347,22,synthetic,0,1
224322,-29.964867,27,synthetic,2,6
224346,-28.983524,24,synthetic,1,3
224387,-2.806509,41,real,-1,20
224422,-3.191992,35,real,-1,14
224459,-30.089984,37,synthetic,2,16
224493,-7.974213,34,real,-1,13
224516,-41.415649,23,synthetic,2,2
224541,-16.909767,25,synthetic,1,4
224565,-0.061805,24,real,-1,3
224606,-31.558077,41,synthetic,2,20
224641,-22.613079,35,synthetic,1,14
224674,-35.794414,33,synthetic,2,12
224701,-14.224495,27,synthetic,0,6
224737,-40.316408,36,synthetic,2,15
224772,-27.205874,35,synthetic,2,14
224805,-11.749387,33,synthetic,0,12
224846,-25.639502,41,synthetic,1,20
224882,-18.358034,36,synthetic,1,15
224921,-45.294332,39,synthetic,2,18
224954,-22.698094,33,synthetic,0,12
224992,-5.49596,38,real,-1,17
225026,-1.752332,34,real,-1,13
225050,-34.133353,24,synthetic,2,3
225072,-38.215225,22,synthetic,2,1
225095,-17.875486,23,synthetic,1,2
225130,-2.736831,35,real,-1,14
225159,-21.799715,29,synthetic,2,8
225187,-2.909339,28,real,-1,7
225227,-21.993172,40,synthetic,1,19
225250,-11.92863,23,synthetic,0,2
225282,-5.539461,32,real,-1,11
225311,-7.430907,29,real,-1,8
225344,-15.517271,33,synthetic,0,12
225381,-2.60571,37,real,-1,16
225402,-43.517663,21,synthetic,2,0
225427,-3.394275,25,real,-1,4
225458,-17.063799,31,synthetic,1,10
225482,-10.71838,24,synthetic,0,3
225518,-17.556101,36,synthetic,1,15
225559,-14.077889,41,synthetic,0,20
225591,-3.824385,32,real,-1,11
225612,0.890292,21,real,-1,0
225649,-15.457262,37,synthetic,1,16
225682,-23.320503,33,synthetic,1,12
225717,-8.588409,35,real,-1,14
225752,-4.182527,35,real,-1,14
225789,-13.540472,37,synthetic,0,16
225811,-23.053431,22,synthetic,1,1
225847,-25.370389,36,synthetic,1,15
225883,-4.594939,36,real,-1,15
225925,2.840389,42,real,-1,21
225965,-0.353341,40,real,-1,19
226001,-0.192076,36,real,-1,15
226037,-16.212718,36,synthetic,0,15
226071,1.106255,34,real,-1,13
226111,-8.966893,40,synthetic,0,19
226137,4.71218,26,real,-1,5
226176,-18.414879,39,synthetic,0,18
226210,-30.57566,34,synthetic,1,13
226251,-6.532382,41,real,-1,20
226278,-26.411435,27,synthetic,1,6
226320,-40.302812,42,synthetic,2,21
226360,-0.020109,40,real,-1,19
226389,-14.322077,29,synthetic,2,8
226423,-17.649335,34,synthetic,0,13
226465,-21.427292,42,synthetic,1,21
226497,-34.353216,32,synthetic,2,11
226527,5.032367,30,real,-1,9
226559,-19.009798,32,synthetic,0,11
226580,-0.110245,21,real,-1,0
226622,-11.268117,42,real,-1,21
226645,-22.327984,23,synthetic,2,2
226687,-1.769042,42,real,-1,21
226725,-9.951638,38,synthetic,1,17
226750,-34.138719,25,synthetic,1,4
226778,-32.921021,28,synthetic,2,7
226802,-27.981674,24,synthetic,2,3
226838,-0.767896,36,synthetic,0,15
226867,-20.380107,29,synthetic,1,8
226904,-5.775081,37,real,-1,16
226933,-23.293271,29,synthetic,1,8
226974,-19.653844,41,synthetic,1,20
227000,-28.684367,26,synthetic,2,5
227030,-32.03744,30,synthetic,2,9
227053,-34.097885,23,synthetic,2,2
227092,-21.789088,39,synthetic,0,18
227125,-35.995504,33,synthetic,2,12
227147,-34.068304,22,synthetic,2,1
227168,-18.679924,21,synthetic,1,0
227201,-36.671084,33,synthetic,2,12
227226,1.153314,25,real,-1,4
227248,-41.749983,22,synthetic,2,1
227269,-14.69041,21,synthetic,0,0
227294,-31.677889,25,synthetic,1,4
227324,-8.99912,30,real,-1,9
227364,-15.560244,40,synthetic,0,19
227385,-25.307199,21,synthetic,1,0
227407,-47.65855,22,synthetic,2,1
227438,-7.172204,31,real,-1,10
227462,-27.683445,24,synthetic,1,3
227485,-20.618827,23,synthetic,1,2
227514,-3.676131,29,real,-1,8
227546,-40.709874,32,synthetic,2,11
227580,-44.590166,34,synthetic,2,13
227621,-5.496158,41,real,-1,20
227661,-35.331373,40,synthetic,2,19
227700,-12.746336,39,synthetic,0,18
227733,-41.575539,33,synthetic,2,12
227772,-7.270544,39,real,-1,18
227813,-15.64093,41,synthetic,0,20
227853,-26.809859,40,synthetic,2,19
227876,-31.144265,23,synthetic,2,2
227899,-24.448752,23,synthetic,1,2
227924,-0.525071,25,real,-1,4
227945,-12.318424,21,synthetic,0,0
227975,-15.803444,30,synthetic,0,9
228005,1.192129,30,real,-1,9
228026,-45.566967,21,synthetic,2,0
228051,-36.120059,25,synthetic,2,4
228084,-25.069864,33,synthetic,1,12
228107,-26.904399,23,synthetic,1,2
228149,-19.135421,42,synthetic,0,21
228179,-4.548077,30,real,-1,9
228207,-13.029365,28,synthetic,0,7
228249,-4.382742,42,real,-1,21
228279,-46.363247,30,synthetic,2,9
228316,-29.65431,37,synthetic,1,16
228337,-33.304161,21,synthetic,2,0
228373,0.848565,36,real,-1,15
228407,-13.395646,34,real,-1,13
228437,-13.446161,30,synthetic,0,9
228468,-18.910298,31,synthetic,0,10
228503,-1.403853,35,real,-1,14
228534,-10.588908,31,synthetic,0,10
228574,-8.678712,40,real,-1,19
228609,-28.052026,35,synthetic,1,14
228634,-19.820587,25,synthetic,1,4
228660,-40.082987,26,synthetic,2,5
228702,-11.734549,42,synthetic,0,21
228731,-20.221481,29,synthetic,2,8
228765,-8.639547,34,real,-1,13
228803,-35.423018,38,synthetic,2,17
228839,-5.308782,36,real,-1,15
228876,-22.444551,37,synthetic,1,16
228902,-4.496722,26,real,-1,5
228944,-37.812274,42,synthetic,2,21
228966,-1.112509,22,real,-1,1
228987,-3.346949,21,real,-1,0
229021,-3.230356,34,real,-1,13
229052,-10.169319,31,real,-1,10
229086,-24.705209,34,synthetic,1,13
229113,-12.306911,27,synthetic,0,6
229141,-22.993626,28,synthetic,1,7
229178,-9.242226,37,real,-1,16
229216,-18.426549,38,synthetic,1,17
229246,-0.836295,30,real,-1,9
229281,-24.202442,35,synthetic,1,14
229306,-22.854277,25,synthetic,1,4
229327,2.757363,21,real,-1,0
229352,-14.439983,25,synthetic,0,4
229374,-39.80197,22,synthetic,2,1
229406,-8.019319,32,real,-1,11
229428,-34.24324,22,synthetic,2,1
229450,2.353286,22,real,-1,1
229484,-32.760736,34,synthetic,2,13
229511,1.602136,27,real,-1,6
229549,-10.076043,38,synthetic,0,17
229572,0.87494,23,real,-1,2
229604,-41.913571,32,synthetic,2,11
229635,-25.791476,31,synthetic,1,10
229661,-15.503566,26,synthetic,0,5
229700,-35.598209,39,synthetic,1,18
229727,-3.772363,27,real,-1,6
229761,-3.298186,34,real,-1,13
229802,-45.091939,41,synthetic,2,20
229832,-4.243562,30,real,-1,9
229872,-29.810293,40,synthetic,1,19
229893,-48.334161,21,synthetic,2,0
229921,-5.565649,28,real,-1,7
229959,-23.469999,38,synthetic,1,17
229986,-43.193385,27,synthetic,2,6
230021,2.016363,35,real,-1,14
230045,-15.125875,24,synthetic,0,3
230085,-24.681514,40,synthetic,1,19
230122,-19.244037,37,synthetic,1,16
230151,-40.655433,29,synthetic,2,8
230185,-25.57609,34,synthetic,1,13
230213,-15.100606,28,synthetic,0,7
230248,-21.710174,35,synthetic,1,14
230288,-14.922015,40,synthetic,0,19
230328,-1.10145,40,real,-1,19
230360,-36.734533,32,synthetic,2,11
230390,-27.077456,30,synthetic,1,9
230418,-28.287656,28,synthetic,1,7
230442,-33.378675,24,synthetic,1,3
230477,-44.115212,35,synthetic,2,14
230506,-23.606141,29,synthetic,2,8
230538,-33.054237,32,synthetic,2,11
230561,-3.735346,23,real,-1,2
230591,-22.591439,30,synthetic,2,9
230622,-15.697185,31,synthetic,0,10
230658,-13.875831,36,synthetic,0,15
230685,-24.009112,27,synthetic,1,6
230710,-2.107911,25,real,-1,4
230751,0.741405,41,real,-1,20
230777,-37.784177,26,synthetic,2,5
230800,-4.931768,23,real,-1,2
230840,-6.665166,40,real,-1,19
230866,-26.728416,26,synthetic,1,5
230887,-4.916384,21,real,-1,0
230915,-14.547409,28,synthetic,0,7
230951,-16.606231,36,synthetic,1,15
230975,-13.917966,24,synthetic,0,3
231014,-24.062658,39,synthetic,1,18
231054,0.977338,40,real,-1,19
231091,-23.224515,37,synthetic,2,16
231114,-12.691108,23,synthetic,0,2
231144,-28.091328,30,synthetic,1,9
231166,-10.251333,22,synthetic,0,1
231198,-19.828669,32,synthetic,0,11
231235,-18.868818,37,synthetic,0,16
231262,-27.943314,27,synthetic,2,6
231293,-1.019993,31,real,-1,10
231323,-1.555346,30,real,-1,9
231364,-14.862903,41,synthetic,0,20
231386,-1.061654,22,real,-1,1
231419,-35.992428,33,synthetic,2,12
231447,-36.84726,28,synthetic,2,7
231488,-33.29308,41,synthetic,2,20
231520,-9.286859,32,real,-1,11
231554,-20.373601,34,synthetic,1,13
231591,-37.761016,37,synthetic,2,16
231630,-13.258971,39,synthetic,0,18
231667,0.576052,37,real,-1,16
231700,-20.046383,33,synthetic,1,12
231728,-7.137129,28,synthetic,0,7
231752,-46.794989,24,synthetic,2,3
231782,-5.040515,30,synthetic,0,9
231820,-3.274205,38,real,-1,17
231845,4.315074,25,real,-1,4
231869,-15.147543,24,synthetic,1,3
231890,-29.642436,21,synthetic,1,0
231919,-2.778374,29,real,-1,8
231950,-30.12045,31,synthetic,2,10
231979,-0.340435,29,real,-1,8
232009,-20.038165,30,synthetic,1,9
232044,-28.313975,35,synthetic,1,14
232082,3.004847,38,real,-1,17
232115,5.903299,33,real,-1,12
232152,-8.872904,37,real,-1,16
232173,-36.824683,21,synthetic,2,0
232212,-2.157285,39,real,-1,18
232254,-32.521644,42,synthetic,2,21
232279,-33.023028,25,synthetic,1,4
232317,-19.26759,38,synthetic,0,17
232351,-51.053685,34,synthetic,2,13
232377,-39.515428,26,synthetic,2,5
232406,-44.705191,29,synthetic,2,8
232441,-17.752514,35,synthetic,1,14
232476,0.251849,35,real,-1,14
232507,-19.626414,31,synthetic,1,10
232533,-29.224907,26,synthetic,2,5
232554,-29.868147,21,synthetic,1,0
232578,0.325805,24,real,-1,3
232600,-26.166894,22,synthetic,2,1
232640,-29.723028,40,synthetic,2,19
232666,-5.841402,26,real,-1,5
232706,-22.011688,40,synthetic,0,19
232731,-32.268583,25,synthetic,2,4
232769,-16.766941,38,synthetic,0,17
232798,0.924078,29,real,-1,8
232830,-12.588695,32,real,-1,11
232857,-6.738985,27,real,-1,6
232894,-0.489178,37,real,-1,16
232918,-24.749776,24,synthetic,1,3
232947,-16.566267,29,synthetic,0,8
232976,-0.805041,29,real,-1,8
233012,-21.701115,36,synthetic,0,15
233034,-3.206323,22,real,-1,1
233057,-38.111082,23,synthetic,2,2
233087,2.156212,30,real,-1,9
233117,-30.676745,30,synthetic,1,9
233141,-8.107424,24,synthetic,0,3
233168,-16.981264,27,synthetic,0,6
233208,-16.677927,40,synthetic,0,19
233239,-4.222481,31,real,-1,10
233278,-28.573065,39,synthetic,1,18
233307,-2.333413,29,real,-1,8
233341,-9.866861,34,real,-1,13
233370,-22.832725,29,synthetic,1,8
233411,-20.424362,41,synthetic,1,20
233440,-11.971005,29,synthetic,1,8
233467,-25.422099,27,synthetic,1,6
233500,-15.775066,33,synthetic,0,12
233530,-23.861339,30,synthetic,1,9
233560,-45.648795,30,synthetic,2,9
233598,-24.252444,38,synthetic,1,17
233633,-30.152431,35,synthetic,2,14
233663,0.504223,30,real,-1,9
233691,-26.462393,28,synthetic,1,7
233720,-14.358144,29,synthetic,0,8
233759,-5.896629,39,synthetic,0,18
233787,-3.362203,28,real,-1,7
233814,-17.528525,27,synthetic,0,6
233856,-53.430621,42,synthetic,2,21
233898,-23.64031,42,synthetic,1,21
233928,-14.214757,30,synthetic,1,9
233951,-27.250051,23,synthetic,1,2
233990,-39.218128,39,synthetic,2,18
234026,-15.476462,36,synthetic,1,15
234064,-3.646094,38,real,-1,17
234091,-26.541341,27,synthetic,2,6
234122,-7.255482,31,synthetic,0,10
234145,-2.625592,23,real,-1,2
234176,0.832499,31,real,-1,10
234204,-16.392374,28,synthetic,1,7
234225,-4.958564,21,real,-1,0
234266,-40.720231,41,synthetic,2,20
234307,-14.072927,41,synthetic,0,20
234336,-20.742331,29,synthetic,0,8
234363,-8.198886,27,real,-1,6
234402,-13.32643,39,synthetic,1,18
234430,-38.743185,28,synthetic,2,7
234451,-21.229806,21,synthetic,0,0
234477,-7.579183,26,real,-1,5
234498,-26.643858,21,synthetic,1,0
234537,-38.658624,39,synthetic,2,18
234559,-2.156953,22,real,-1,1
234590,-33.330826,31,synthetic,2,10
234629,-8.490974,39,real,-1,18
234667,-13.381563,38,synthetic,0,17
234697,-24.554333,30,synthetic,1,9
234720,-23.843576,23,synthetic,1,2
234754,-8.487219,34,synthetic,0,13
234777,-33.541509,23,synthetic,2,2
234808,-11.128234,31,synthetic,1,10
234835,-3.468989,27,real,-1,6
234862,-3.702954,27,real,-1,6
234891,-33.162792,29,synthetic,2,8
234933,1.461905,42,real,-1,21
234959,-15.920939,26,synthetic,1,5
234981,-12.212777,22,synthetic,2,1
235003,-0.877154,22,real,-1,1
235028,-3.554571,25,real,-1,4
235060,-13.982791,32,synthetic,0,11
235082,-46.10539,22,synthetic,2,1
235122,-17.063248,40,synthetic,0,19
235163,-2.366558,41,real,-1,20
235201,-16.117771,38,synthetic,0,17
235226,-11.069051,25,synthetic,0,4
235260,-5.131864,34,real,-1,13
235293,-4.554829,33,real,-1,12
235319,-19.349466,26,synthetic,1,5
235341,-4.577794,22,real,-1,1
235380,-15.410826,39,synthetic,0,18
235410,-13.80472,30,synthetic,0,9
235449,-4.709516,39,real,-1,18
235476,-8.799503,27,synthetic,0,6
235510,-12.126384,34,synthetic,0,13
235538,-0.577332,28,real,-1,7
235568,-21.314461,30,synthetic,1,9
235593,-36.936404,25,synthetic,2,4
235620,0.04181,27,synthetic,0,6
235641,-22.607866,21,synthetic,1,0
235682,-16.686928,41,synthetic,0,20
235723,-41.922665,41,synthetic,2,20
235756,-26.956427,33,synthetic,1,12
235791,-27.581251,35,synthetic,2,14
235820,-20.625932,29,synthetic,0,8
235858,-37.079499,38,synthetic,1,17
235894,-0.738275,36,real,-1,15
235926,-29.579294,32,synthetic,1,11
235965,-4.594069,39,real,-1,18
235992,-1.960813,27,real,-1,6
236029,-33.584028,37,synthetic,1,16
236061,-24.194184,32,synthetic,2,11
236096,-7.318029,35,real,-1,14
236128,-7.052447,32,real,-1,11
236159,-25.724829,31,synthetic,1,10
236195,-0.146061,36,real,-1,15
236233,-45.186064,38,synthetic,2,17
236259,-1.435304,26,real,-1,5
236286,-5.979613,27,synthetic,0,6
236327,-17.94014,41,synthetic,0,20
236367,-10.444582,40,synthetic,0,19
236391,-9.964493,24,synthetic,0,3
236415,-34.258913,24,synthetic,2,3
236449,-12.840559,34,real,-1,13
236490,-48.810714,41,synthetic,2,20
236529,-23.809935,39,synthetic,0,18
236562,-31.366206,33,synthetic,2,12
236590,-36.520877,28,synthetic,2,7
236612,-3.363865,22,real,-1,1
236648,-0.469299,36,real,-1,15
236680,-18.500188,32,synthetic,1,11
236715,-16.743818,35,synthetic,0,14
236745,-36.637445,30,synthetic,2,9
236778,-39.20804,33,synthetic,2,12
236800,-34.695709,22,synthetic,2,1
236839,-11.768045,39,synthetic,0,18
236872,-26.180934,33,synthetic,1,12
236901,-32.234106,29,synthetic,1,8
236933,-35.603803,32,synthetic,1,11
236963,-8.241902,30,real,-1,9
236990,-32.816879,27,synthetic,1,6
237013,-4.089673,23,real,-1,2
237049,-36.852568,36,synthetic,2,15
237075,-14.801203,26,synthetic,1,5
237105,-0.718423,30,real,-1,9
237146,-24.667541,41,synthetic,1,20
237178,-17.711382,32,synthetic,1,11
237213,-8.190214,35,real,-1,14
237237,-5.430831,24,real,-1,3
237268,-4.772155,31,real,-1,10
237289,-10.575747,21,synthetic,0,0
237325,-26.805847,36,synthetic,1,15
237367,2.032192,42,real,-1,21
237397,-44.482427,30,synthetic,2,9
237429,-17.47351,32,synthetic,1,11
237465,-9.03885,36,synthetic,0,15
237505,-5.049012,40,real,-1,19
237539,-36.00727,34,synthetic,1,13
237562,2.567526,23,real,-1,2
237588,-24.548534,26,synthetic,1,5
237630,-23.223989,42,synthetic,2,21
237669,-8.746091,39,real,-1,18
237700,-25.84923,31,synthetic,1,10
237736,-10.366144,36,synthetic,0,15
237760,-26.780225,24,synthetic,1,3
237794,-12.390146,34,synthetic,0,13
237829,-21.79659,35,synthetic,0,14
237852,-24.66008,23,synthetic,1,2
237873,-18.661632,21,synthetic,0,0
237906,-36.48429,33,synthetic,2,12
237938,-49.011768,32,synthetic,2,11
237960,-2.010327,22,real,-1,1
237989,1.559227,29,real,-1,8
238012,-33.139266,23,synthetic,2,2
238045,-3.635567,33,real,-1,12
238071,-38.361457,26,synthetic,2,5
238095,-25.609555,24,synthetic,1,3
238116,-42.25494,21,synthetic,2,0
238137,-0.120225,21,synthetic,0,0
238172,-6.557595,35,real,-1,14
238212,-25.970736,40,synthetic,2,19
238244,-37.967865,32,synthetic,2,11
238285,-37.542411,41,synthetic,2,20
238323,-20.498948,38,synthetic,1,17
238360,2.736108,37,real,-1,16
238386,-31.107758,26,synthetic,1,5
238411,-25.237278,25,synthetic,1,4
238443,3.425008,32,real,-1,11
238481,-30.20411,38,synthetic,1,17
238515,-42.180197,34,synthetic,2,13
238542,-8.390061,27,real,-1,6
238579,-16.626966,37,synthetic,1,16
238620,-5.193211,41,real,-1,20
238648,-21.185687,28,synthetic,1,7
238688,-2.322382,40,real,-1,19
238715,-45.584152,27,synthetic,2,6
238743,-23.279882,28,synthetic,1,7
238768,-3.578127,25,real,-1,4
238807,-8.502998,39,synthetic,0,18
238844,-12.080916,37,synthetic,1,16
238878,-14.854591,34,synthetic,1,13
238902,-14.940337,24,synthetic,0,3
238929,-22.399298,27,synthetic,2,6
238953,-8.836404,24,synthetic,0,3
238992,-14.379287,39,synthetic,1,18
239017,-2.54922,25,real,-1,4
239038,-15.191302,21,synthetic,1,0
239065,-17.667488,27,synthetic,1,6
239095,-14.515993,30,synthetic,0,9
239119,-42.466684,24,synthetic,2,3
239144,-36.941847,25,synthetic,1,4
239179,-5.616388,35,real,-1,14
239202,-34.284357,23,synthetic,2,2
239241,-15.613127,39,synthetic,0,18
239281,-33.564886,40,synthetic,1,19
239320,-46.143069,39,synthetic,2,18
239347,-6.460053,27,real,-1,6
239387,-21.961539,40,synthetic,0,19
239416,-24.457083,29,synthetic,1,8
239445,-4.071655,29,real,-1,8
239476,-17.14696,31,synthetic,1,10
239517,-8.220684,41,real,-1,20
239548,-24.818483,31,synthetic,1,10
239573,-10.589969,25,synthetic,0,4
239602,-28.725036,29,synthetic,2,8
239641,-10.650414,39,synthetic,0,18
239680,-16.210536,39,synthetic,0,18
239703,-28.708252,23,synthetic,2,2
239738,-38.29004,35,synthetic,2,14
239770,-28.84985,32,synthetic,2,11
239800,-5.09882,30,real,-1,9
239840,-46.969701,40,synthetic,2,19
239866,-5.124426,26,real,-1,5
239898,-6.601999,32,real,-1,11
239935,-12.09506,37,synthetic,1,16
239964,-1.003614,29,real,-1,8
239985,-0.949979,21,real,-1,0
240017,-1.200318,32,real,-1,11
240048,-8.685381,31,real,-1,10
240089,1.380868,41,real,-1,20
240114,-13.894414,25,real,-1,4
240137,-35.835398,23,synthetic,2,2
240159,-2.318317,22,real,-1,1
240192,-27.752027,33,synthetic,0,12
240220,-31.981889,28,synthetic,2,7
240249,-19.844299,29,synthetic,1,8
240279,-41.45767,30,synthetic,2,9
240305,-34.389026,26,synthetic,2,5
240346,-21.003388,41,synthetic,2,20
240373,-17.029714,27,synthetic,1,6
240407,-27.881193,34,synthetic,1,13
240437,-32.249583,30,synthetic,2,9
240479,-17.560824,42,synthetic,1,21
240511,-27.684734,32,synthetic,1,11
240548,-18.046585,37,synthetic,0,16
240586,-12.069953,38,real,-1,17
240615,-15.669721,29,synthetic,0,8
240644,-15.221031,29,synthetic,0,8
240672,-7.818179,28,real,-1,7
240710,-42.682666,38,synthetic,2,17
240750,-30.983662,40,synthetic,1,19
240781,4.809104,31,real,-1,10
240808,-23.203375,27,synthetic,1,6
240836,-14.119534,28,synthetic,1,7
240863,-4.496089,27,real,-1,6
240891,-39.042727,28,synthetic,2,7
240915,-35.221762,24,synthetic,2,3
240949,-35.198694,34,synthetic,1,13
240975,-24.995565,26,synthetic,1,5
240999,-39.127875,24,synthetic,2,3
241025,1.738036,26,real,-1,5
241054,-0.552979,29,real,-1,8
241095,-29.510292,41,synthetic,2,20
241132,-30.407042,37,synthetic,1,16
241168,-13.131931,36,synthetic,0,15
241209,-4.440456,41,real,-1,20
241232,-21.296983,23,synthetic,1,2
241270,-20.703403,38,synthetic,1,17
241296,-34.091143,26,synthetic,2,5
241331,-20.791101,35,synthetic,1,14
241353,-0.264527,22,real,-1,1
241385,-10.074172,32,synthetic,0,11
241421,-25.09185,36,synthetic,1,15
241458,-20.951478,37,synthetic,0,16
241484,-15.005411,26,synthetic,0,5
241509,-8.294971,25,synthetic,0,4
241530,-10.237698,21,synthetic,0,0
241552,-4.020051,22,synthetic,0,1
241590,-28.054652,38,synthetic,2,17
241624,-10.798434,34,synthetic,0,13
241663,-0.571891,39,real,-1,18
241704,-49.675432,41,synthetic,2,20
241730,-0.694856,26,real,-1,5
241771,-16.770241,41,synthetic,1,20
241793,-7.753185,22,synthetic,0,1
241827,-3.935697,34,real,-1,13
241857,-24.210544,30,synthetic,1,9
241890,-14.245292,33,synthetic,0,12
241924,-16.486079,34,synthetic,0,13
241958,-19.917403,34,synthetic,1,13
241990,-21.163638,32,synthetic,1,11
242029,-51.799551,39,synthetic,2,18
242063,-5.188724,34,real,-1,13
242095,-21.817204,32,synthetic,1,11
242121,-1.745142,26,real,-1,5
242151,-7.324691,30,real,-1,9
242172,-7.86997,21,real,-1,0
242207,-4.78316,35,real,-1,14
242236,-3.049389,29,real,-1,8
242260,-0.41183,24,real,-1,3
242281,-16.300804,21,synthetic,1,0
242314,-43.427476,33,synthetic,2,12
242342,-13.245136,28,synthetic,0,7
242366,-20.156761,24,synthetic,1,3
242387,-30.998441,21,synthetic,1,0
242411,-1.192201,24,real,-1,3
242451,-38.003179,40,synthetic,2,19
242482,3.499787,31,real,-1,10
242515,-27.097114,33,synthetic,1,12
242540,-16.469423,25,synthetic,0,4
242567,-6.586091,27,real,-1,6
242596,-11.139813,29,real,-1,8
242620,-33.384281,24,synthetic,2,3
242648,-22.389837,28,synthetic,1,7
242678,-2.628611,30,real,-1,9
242709,-24.97516,31,synthetic,2,10
242732,-25.54775,23,synthetic,1,2
242762,-27.66196,30,synthetic,2,9
242787,-18.056815,25,synthetic,1,4
242828,-46.474799,41,synthetic,2,20
242862,-2.816737,34,real,-1,13
242898,-26.141513,36,synthetic,1,15
242919,-23.003259,21,synthetic,1,0
242948,-42.043651,29,synthetic,2,8
242983,1.445589,35,real,-1,14
243014,2.489024,31,real,-1,10
243044,-26.564493,30,synthetic,2,9
243082,-10.430298,38,synthetic,1,17
243120,-11.119478,38,real,-1,17
243149,-3.962966,29,real,-1,8
243191,-35.647702,42,synthetic,2,21
243225,-32.044446,34,synthetic,2,13
243249,-0.877491,24,real,-1,3
243271,-17.187025,22,synthetic,1,1
243292,-7.012807,21,real,-1,0
243324,-28.392611,32,synthetic,2,11
243359,1.106758,35,real,-1,14
243392,-28.649444,33,synthetic,1,12
243417,-19.170948,25,synthetic,0,4
243441,-35.494547,24,synthetic,2,3
243463,-16.900608,22,synthetic,1,1
243487,5.273814,24,real,-1,3
243515,-38.207721,28,synthetic,2,7
243544,-13.126181,29,synthetic,1,8
243567,-19.380973,23,synthetic,1,2
243593,-3.314982,26,real,-1,5
243633,-22.143638,40,synthetic,1,19
243657,-15.057247,24,synthetic,0,3
243683,-13.736294,26,synthetic,0,5
243712,-14.191845,29,synthetic,0,8
243747,-19.641794,35,synthetic,1,14
243769,-18.654964,22,synthetic,0,1
243803,2.419835,34,real,-1,13
243824,0.70011,21,real,-1,0
243859,-11.948884,35,synthetic,0,14
243900,-25.82489,41,synthetic,1,20
243936,-6.483543,36,real,-1,15
243972,-6.615089,36,real,-1,15
244008,-7.490764,36,real,-1,15
244033,-14.664439,25,synthetic,1,4
244057,-20.751729,24,synthetic,1,3
244093,-24.213943,36,synthetic,2,15
244127,-34.799092,34,synthetic,2,13
244151,-35.035916,24,synthetic,2,3
244183,-6.275905,32,real,-1,11
244222,-9.546394,39,real,-1,18
244259,-1.361922,37,real,-1,16
244293,-13.503233,34,real,-1,13
244327,-0.686165,34,real,-1,13
244355,-6.101644,28,real,-1,7
244376,2.153416,21,real,-1,0
244406,-13.359188,30,synthetic,1,9
244430,-1.93962,24,real,-1,3
244468,-23.063568,38,synthetic,1,17
244509,-16.309182,41,real,-1,20
244544,-15.024155,35,synthetic,0,14
244581,1.681417,37,real,-1,16
244623,-11.089305,42,synthetic,0,21
244646,-2.172666,23,real,-1,2
244675,-8.10294,29,synthetic,0,8
244716,-44.027559,41,synthetic,2,20
244745,-6.889269,29,synthetic,0,8
244769,-39.934362,24,synthetic,2,3
244803,-11.664924,34,synthetic,0,13
244835,-5.871246,32,real,-1,11
244877,-32.408744,42,synthetic,1,21
244898,-11.858838,21,synthetic,0,0
244920,-11.042702,22,synthetic,0,1
244960,-25.628237,40,synthetic,1,19
244991,-43.789531,31,synthetic,2,10
245014,-18.355464,23,synthetic,0,2
245053,-29.131959,39,synthetic,1,18
245092,-25.883756,39,synthetic,1,18
245123,-12.796762,31,synthetic,0,10
245146,-5.648114,23,real,-1,2
245184,-28.277,38,synthetic,2,17
245218,-8.143398,34,real,-1,13
245243,-39.714034,25,synthetic,2,4
245271,-27.353564,28,synthetic,1,7
245299,-3.029755,28,real,-1,7
245337,-35.449715,38,synthetic,2,17
245369,-19.037205,32,synthetic,1,11
245394,-19.242244,25,synthetic,1,4
245431,-13.474408,37,synthetic,0,16
245469,-19.888335,38,synthetic,1,17
245495,-20.110278,26,synthetic,1,5
245532,-11.432632,37,synthetic,0,16
245563,-38.73885,31,synthetic,2,10
245595,-13.270201,32,synthetic,0,11
245619,-36.984584,24,synthetic,2,3
245644,-5.601535,25,real,-1,4
245673,-9.814784,29,synthetic,0,8
245696,0.35161,23,real,-1,2
245729,-21.783787,33,synthetic,0,12
245751,2.809027,22,real,-1,1
245777,-18.193714,26,synthetic,0,5
245819,-4.595581,42,real,-1,21
245846,-21.109672,27,synthetic,0,6
245887,0.199975,41,real,-1,20
245908,-19.348257,21,synthetic,1,0
245945,-29.335384,37,synthetic,1,16
245982,-15.194396,37,synthetic,0,16
246022,-0.311163,40,real,-1,19
246054,-12.277672,32,synthetic,0,11
246090,-36.840315,36,synthetic,2,15
246112,-2.33423,22,real,-1,1
246137,-11.768081,25,synthetic,0,4
246170,-4.266826,33,real,-1,12
246208,-7.617603,38,synthetic,0,17
246244,-14.963059,36,synthetic,0,15
246276,-29.644172,32,synthetic,1,11
246309,-9.05651,33,synthetic,0,12
246342,-1.122427,33,real,-1,12
246368,-24.05433,26,synthetic,1,5
246389,-1.778237,21,real,-1,0
246421,-9.238195,32,synthetic,0,11
246454,-29.373406,33,synthetic,2,12
246489,-9.309636,35,synthetic,0,14
246527,-52.900483,38,synthetic,2,17
246549,-43.658609,22,synthetic,2,1
246575,5.546529,26,real,-1,5
246607,-26.172932,32,synthetic,1,11
246630,-33.640929,23,synthetic,2,2
246666,-8.718494,36,synthetic,0,15
246692,-39.861432,26,synthetic,2,5
246730,-6.917797,38,synthetic,0,17
246767,-2.875938,37,real,-1,16
246788,-0.004074,21,real,-1,0
246813,-15.627711,25,synthetic,1,4
246843,-20.51043,30,synthetic,1,9
246870,-19.59114,27,synthetic,0,6
246912,-10.7631,42,synthetic,0,21
246952,-31.859926,40,synthetic,2,19
246985,-27.72366,33,synthetic,2,12
247022,-26.719849,37,synthetic,1,16
247048,-30.394785,26,synthetic,2,5
247079,-28.553999,31,synthetic,1,10
247105,-38.157661,26,synthetic,2,5
247134,-21.931418,29,synthetic,1,8
247162,2.164451,28,real,-1,7
247197,-18.589712,35,synthetic,1,14
247226,-36.732698,29,synthetic,2,8
247252,-22.388851,26,synthetic,1,5
247293,-12.316109,41,synthetic,0,20
247321,-0.375829,28,real,-1,7
247348,-42.653979,27,synthetic,2,6
247387,-1.953816,39,real,-1,18
247424,-36.824685,37,synthetic,2,16
247446,-20.540237,22,synthetic,0,1
247479,-14.835993,33,synthetic,0,12
247521,-1.70627,42,real,-1,21
247548,-25.983303,27,synthetic,1,6
247571,-27.849872,23,synthetic,2,2
247596,-1.772085,25,real,-1,4
247619,-37.263998,23,synthetic,2,2
247645,-28.217,26,synthetic,1,5
247682,-45.089693,37,synthetic,2,16
247717,-6.688974,35,real,-1,14
247739,-24.1654,22,synthetic,1,1
247765,-1.775327,26,real,-1,5
247804,-16.414232,39,synthetic,0,18
247843,-29.945941,39,synthetic,1,18
247881,-32.359164,38,synthetic,2,17
247912,-20.774796,31,synthetic,1,10
247943,1.054158,31,real,-1,10
247975,-34.663367,32,synthetic,2,11
248011,-1.240675,36,real,-1,15
248034,-36.290348,23,synthetic,2,2
248075,-17.240192,41,synthetic,1,20
248102,-21.927496,27,synthetic,1,6
248142,-29.297039,40,synthetic,2,19
248176,-33.076726,34,synthetic,2,13
248198,-19.224317,22,synthetic,0,1
248235,-12.928984,37,synthetic,0,16
248263,-24.072097,28,synthetic,1,7
248305,-23.78141,42,synthetic,1,21
248337,-27.452225,32,synthetic,1,11
248367,-6.106688,30,real,-1,9
248401,-14.399814,34,synthetic,0,13
248429,-4.5584,28,real,-1,7
248466,-7.296935,37,real,-1,16
248489,-11.270324,23,synthetic,0,2
248517,-8.611824,28,real,-1,7
248541,4.817924,24,real,-1,3
248568,-3.161585,27,real,-1,6
248604,-4.303093,36,real,-1,15
248630,-31.260671,26,synthetic,2,5
248668,-24.41583,38,synthetic,1,17
248700,-8.311337,32,real,-1,11
248731,-38.184268,31,synthetic,2,10
248765,-7.29729,34,synthetic,0,13
248805,-35.087095,40,synthetic,2,19
248835,-19.39759,30,synthetic,1,9
248859,-35.298351,24,synthetic,2,3
248901,-13.784774,42,synthetic,0,21
248939,-5.848275,38,real,-1,17
248980,-24.948888,41,synthetic,1,20
249007,-12.074284,27,synthetic,0,6
249038,-22.673975,31,synthetic,1,10
249069,-5.782865,31,synthetic,0,10
249108,-19.962541,39,synthetic,1,18
249145,-15.954802,37,synthetic,0,16
249179,-22.211484,34,synthetic,1,13
249205,-17.549701,26,synthetic,1,5
249229,-29.785599,24,synthetic,2,3
249267,-23.448449,38,synthetic,1,17
249302,-39.220986,35,synthetic,2,14
249332,-24.429571,30,synthetic,1,9
249373,-33.527165,41,synthetic,2,20
249399,-3.416031,26,real,-1,5
249429,-17.063003,30,synthetic,1,9
249458,-0.875273,29,real,-1,8
249497,-36.486993,39,synthetic,2,18
249520,-30.450657,23,synthetic,2,2
249546,-18.158735,26,synthetic,1,5
249586,-43.354431,40,synthetic,2,19
249607,-27.193848,21,synthetic,1,0
249648,-6.929892,41,real,-1,20
249672,-11.02127,24,synthetic,0,3
249694,-30.520849,22,synthetic,1,1
249721,-20.7316,27,synthetic,1,6
249746,-21.081147,25,synthetic,1,4
249786,-12.889912,40,synthetic,0,19
249808,-33.99379,22,synthetic,2,1
249837,-3.390345,29,real,-1,8
249873,-27.735365,36,synthetic,1,15
249912,-37.967143,39,synthetic,2,18
249936,-39.340337,24,synthetic,2,3
249958,-37.240225,22,synthetic,2,1
249984,1.237484,26,real,-1,5
250025,-5.372985,41,real,-1,20
250062,-9.074926,37,real,-1,16
250093,-3.576352,31,real,-1,10
250135,-30.11995,42,synthetic,1,21
250161,-7.809484,26,synthetic,0,5
250184,-0.947624,23,real,-1,2
250224,-14.847149,40,synthetic,0,19
250256,-21.057118,32,synthetic,1,11
250283,-39.580956,27,synthetic,2,6
250311,-2.496169,28,real,-1,7
250339,-22.474974,28,synthetic,1,7
250373,-7.51726,34,real,-1,13
250397,-16.14027,24,synthetic,0,3
250433,-8.719736,36,synthetic,0,15
250474,-3.030636,41,real,-1,20
250515,-0.437856,41,real,-1,20
250545,-24.928897,30,synthetic,1,9
250585,5.264683,40,real,-1,19
250611,1.66765,26,real,-1,5
250646,-13.636567,35,real,-1,14
250677,-36.428193,31,synthetic,2,10
250698,-2.814482,21,real,-1,0
250727,-22.508715,29,synthetic,1,8
250755,-45.523044,28,synthetic,2,7
250779,-11.103843,24,synthetic,1,3
250819,1.402693,40,real,-1,19
250861,-3.566851,42,real,-1,21
250882,-6.18697,21,real,-1,0
250905,-14.060658,23,synthetic,0,2
250944,-30.590987,39,synthetic,2,18
250978,-1.307645,34,real,-1,13
250999,-14.599145,21,synthetic,0,0
251031,-12.194242,32,synthetic,0,11
251069,-6.816346,38,synthetic,0,17
251103,-3.059899,34,real,-1,13
251145,-19.146849,42,synthetic,1,21
251174,-31.149938,29,synthetic,2,8
251205,3.680907,31,real,-1,10
251245,-3.244204,40,real,-1,19
251272,-13.183034,27,synthetic,0,6
251314,-9.704316,42,synthetic,0,21
251347,-36.609789,33,synthetic,2,12
251381,-41.075845,34,synthetic,2,13
251417,-27.130574,36,synthetic,1,15
251446,-14.998979,29,synthetic,0,8
251486,-10.828284,40,real,-1,19
251512,-14.01004,26,synthetic,1,5
251536,-40.10112,24,synthetic,2,3
251571,-11.914758,35,real,-1,14
251597,-2.870698,26,real,-1,5
251620,-19.368508,23,synthetic,1,2
251655,-5.065747,35,real,-1,14
251694,-37.575027,39,synthetic,2,18
251718,-3.637486,24,real,-1,3
251741,-20.062326,23,synthetic,1,2
251781,-13.251962,40,synthetic,0,19
251812,-38.977794,31,synthetic,2,10
251835,-13.973805,23,synthetic,0,2
251875,-9.621813,40,synthetic,0,19
251899,-33.585106,24,synthetic,2,3
251935,-15.778582,36,synthetic,0,15
251960,-13.970113,25,synthetic,0,4
251988,4.458052,28,real,-1,7
252024,-10.921624,36,real,-1,15
252062,-10.814023,38,synthetic,0,17
252083,-9.960609,21,synthetic,0,0
252116,-35.658427,33,synthetic,2,12
252148,-28.72109,32,synthetic,1,11
252187,-13.549798,39,synthetic,1,18
252226,-0.480689,39,real,-1,18
252267,-29.828319,41,synthetic,1,20
252305,-22.644205,38,synthetic,1,17
252328,-3.579445,23,real,-1,2
252368,-16.905088,40,synthetic,1,19
252400,-0.702615,32,real,-1,11
252439,-15.901465,39,synthetic,0,18
252463,1.251828,24,real,-1,3
252488,-5.219563,25,real,-1,4
252526,-26.163439,38,synthetic,2,17
252568,0.82349,42,real,-1,21
252589,-42.795199,21,synthetic,2,0
252623,-32.600869,34,synthetic,1,13
252644,-24.682423,21,synthetic,1,0
252682,-36.851486,38,synthetic,2,17
252703,-33.054773,21,synthetic,2,0
252745,-38.525071,42,synthetic,2,21
252778,-4.056763,33,real,-1,12
252808,-10.007925,30,synthetic,0,9
252832,-24.03424,24,synthetic,2,3
252853,-14.129858,21,synthetic,0,0
252880,-31.383808,27,synthetic,2,6
252921,-6.078366,41,real,-1,20
252948,-32.431838,27,synthetic,2,6
252972,-3.187288,24,real,-1,3
253009,-46.654152,37,synthetic,2,16
253036,-6.685614,27,real,-1,6
253058,-34.279021,22,synthetic,2,1
253083,-31.435155,25,synthetic,2,4
253125,-8.656366,42,synthetic,0,21
253156,-12.571666,31,synthetic,0,10
253197,-35.18271,41,synthetic,2,20
253226,-38.126763,29,synthetic,1,8
253249,-14.304066,23,synthetic,0,2
253279,-1.157562,30,real,-1,9
253306,-11.209248,27,synthetic,0,6
253335,1.643779,29,real,-1,8
253363,-4.477867,28,real,-1,7
253399,-0.72323,36,real,-1,15
253431,-0.817339,32,real,-1,11
253452,-18.082759,21,synthetic,1,0
253484,-37.859387,32,synthetic,2,11
253505,-23.619076,21,synthetic,1,0
253536,-4.627107,31,real,-1,10
253567,-26.802916,31,synthetic,1,10
253589,-23.986657,22,synthetic,1,1
253622,-3.332873,33,real,-1,12
253660,-11.605095,38,synthetic,0,17
253687,3.688597,27,real,-1,6
253716,-20.710589,29,synthetic,0,8
253751,-8.998623,35,synthetic,0,14
253774,-6.833085,23,real,-1,2
253799,-13.335636,25,synthetic,1,4
253829,-24.560228,30,synthetic,1,9
253871,-1.754008,42,real,-1,21
253903,-22.492029,32,synthetic,1,11
253932,-3.228404,29,real,-1,8
253968,-9.547605,36,synthetic,0,15
254010,-27.276329,42,synthetic,2,21
254035,-18.098616,25,synthetic,1,4
254063,-14.649768,28,synthetic,1,7
254087,-5.293476,24,synthetic,0,3
254126,-9.676329,39,real,-1,18
254151,1.308218,25,real,-1,4
254187,-17.679667,36,synthetic,0,15
254223,-4.670912,36,real,-1,15
254244,-14.22474,21,synthetic,0,0
254274,-39.537962,30,synthetic,2,9
254305,-20.716886,31,synthetic,0,10
254341,3.423125,36,real,-1,15
254375,-29.798746,34,synthetic,1,13
254403,-0.075177,28,real,-1,7
254438,-1.947823,35,real,-1,14
254472,-24.000322,34,synthetic,0,13
254497,-19.604684,25,synthetic,1,4
254523,-30.610956,26,synthetic,1,5
254561,-28.68228,38,synthetic,1,17
254586,-22.820267,25,synthetic,1,4
254628,-11.776289,42,synthetic,0,21
254661,-0.909948,33,real,-1,12
254695,-21.371394,34,synthetic,1,13
254717,-30.298831,22,synthetic,2,1
254749,-15.016219,32,synthetic,0,11
254773,-6.602288,24,synthetic,0,3
254794,-8.671091,21,synthetic,0,0
254821,-17.202474,27,synthetic,0,6
254846,-20.657234,25,synthetic,1,4
254883,-33.964524,37,synthetic,1,16
254925,-20.670017,42,synthetic,1,21
254958,-34.213051,33,synthetic,2,12
254983,-30.709348,25,synthetic,1,4
255022,-13.257653,39,synthetic,0,18
255045,0.060985,23,real,-1,2
255080,-12.010616,35,synthetic,1,14
255115,-21.908243,35,synthetic,0,14
255151,-16.608981,36,synthetic,0,15
255181,-10.559673,30,synthetic,0,9
255219,-2.827162,38,synthetic,0,17
255247,-4.979062,28,real,-1,7
255272,-21.196266,25,synthetic,1,4
255311,-6.048912,39,real,-1,18
255353,2.428873,42,real,-1,21
255390,-17.759503,37,synthetic,1,16
255431,-36.690454,41,synthetic,2,20
255471,-11.637614,40,synthetic,0,19
255512,-42.170592,41,synthetic,2,20
255545,-10.689643,33,synthetic,1,12
255577,-32.193034,32,synthetic,2,11
255608,-29.986767,31,synthetic,1,10
255638,1.531308,30,real,-1,9
255661,-0.044382,23,real,-1,2
255702,-21.210305,41,synthetic,1,20
255724,-36.236067,22,synthetic,2,1
255757,-24.431702,33,synthetic,1,12
255789,0.707086,32,real,-1,11
255813,-22.300579,24,synthetic,0,3
255849,-27.434806,36,synthetic,1,15
255881,-6.867648,32,real,-1,11
255915,-4.972604,34,real,-1,13
255947,-5.099879,32,real,-1,11
255981,-7.221438,34,real,-1,13
256018,-18.53164,37,synthetic,0,16
256060,-29.52508,42,synthetic,2,21
256092,-30.599249,32,synthetic,2,11
256130,-32.409416,38,synthetic,1,17
256167,-17.576863,37,synthetic,1,16
256191,-32.720382,24,synthetic,2,3
256224,2.352445,33,real,-1,12
256257,-31.396331,33,synthetic,2,12
256297,-31.931388,40,synthetic,2,19
256338,-27.962348,41,synthetic,2,20
256379,-43.652937,41,synthetic,2,20
256421,-20.21748,42,synthetic,0,21
256460,-3.683103,39,real,-1,18
256491,-13.662413,31,synthetic,0,10
256520,-22.445759,29,synthetic,0,8
256541,-28.421391,21,synthetic,1,0
256568,-44.179082,27,synthetic,2,6
256599,-35.180078,31,synthetic,2,10
256640,-18.73064,41,synthetic,1,20
256671,-26.203721,31,synthetic,1,10
256705,-40.637063,34,synthetic,2,13
256729,-7.875927,24,real,-1,3
256767,-0.097698,38,real,-1,17
256809,-10.483805,42,synthetic,0,21
256837,-22.487866,28,synthetic,1,7
256858,-1.986241,21,real,-1,0
256886,-4.796476,28,real,-1,7
256912,-13.337831,26,synthetic,1,5
256944,0.420396,32,real,-1,11
256981,-12.326889,37,synthetic,1,16
257007,-39.221427,26,synthetic,2,5
257032,-4.722299,25,synthetic,0,4
257071,-31.448381,39,synthetic,1,18
257103,-17.138902,32,synthetic,0,11
257136,-3.369553,33,real,-1,12
257158,-28.17533,22,synthetic,2,1
257198,-24.964351,40,synthetic,1,19
257229,1.102021,31,real,-1,10
257269,-11.145176,40,synthetic,0,19
257311,-16.888471,42,synthetic,1,21
257333,0.987042,22,real,-1,1
257358,-30.808422,25,synthetic,2,4
257399,-7.257925,41,real,-1,20
257441,-30.724204,42,synthetic,2,21
257476,-41.213334,35,synthetic,2,14
257513,-19.604762,37,synthetic,1,16
257545,-12.706239,32,real,-1,11
257573,-41.849583,28,synthetic,2,7
257600,-7.298751,27,synthetic,0,6
257626,-5.414972,26,real,-1,5
257651,-13.072826,25,synthetic,0,4
257674,-9.253661,23,synthetic,0,2
257712,-4.221454,38,real,-1,17
257741,-11.480338,29,synthetic,0,8
257769,-9.555482,28,synthetic,0,7
257807,-18.289349,38,synthetic,1,17
257832,-27.142545,25,synthetic,1,4
257872,-5.415623,40,real,-1,19
257893,-29.605846,21,synthetic,1,0
257932,-17.801221,39,synthetic,0,18
257958,-3.585488,26,real,-1,5
257982,-9.865173,24,synthetic,0,3
258012,-19.945227,30,synthetic,1,9
258040,-25.53592,28,synthetic,2,7
258064,-15.924386,24,synthetic,1,3
258104,-18.683562,40,synthetic,0,19
258137,-6.599802,33,real,-1,12
258161,-0.693353,24,real,-1,3
258189,-15.506462,28,real,-1,7
258222,2.122273,33,real,-1,12
258243,-9.581377,21,synthetic,0,0
258279,-4.002465,36,real,-1,15
258310,-45.303858,31,synthetic,2,10
258343,-15.442034,33,synthetic,1,12
258382,-48.487846,39,synthetic,2,18
258407,-27.140584,25,synthetic,1,4
258429,2.075637,22,real,-1,1
258451,-4.687475,22,real,-1,1
258492,-17.545206,41,synthetic,0,20
258532,-27.460892,40,synthetic,1,19
258561,-35.974971,29,synthetic,2,8
258584,-2.804583,23,real,-1,2
258612,-19.478808,28,synthetic,0,7
258654,-26.78438,42,synthetic,1,21
258685,-1.006357,31,real,-1,10
258706,-0.511756,21,real,-1,0
258742,-39.460597,36,synthetic,2,15
258763,-8.091257,21,synthetic,0,0
258805,-3.980772,42,real,-1,21
258836,-0.162488,31,real,-1,10
258864,-9.190776,28,synthetic,1,7
258898,-12.337922,34,real,-1,13
258934,-7.404079,36,real,-1,15
258956,-1.091134,22,real,-1,1
258989,-3.312832,33,real,-1,12
259018,-4.033036,29,real,-1,8
259056,-35.804557,38,synthetic,2,17
259081,1.369167,25,real,-1,4
259121,-5.173563,40,real,-1,19
259153,-9.423432,32,synthetic,0,11
259191,-32.815451,38,synthetic,2,17
259218,-2.840681,27,real,-1,6
259239,-40.735131,21,synthetic,2,0
259280,-21.92804,41,synthetic,2,20
259304,-12.974498,24,synthetic,0,3
259336,-2.580405,32,real,-1,11
259376,-27.401891,40,synthetic,2,19
259398,-9.154613,22,real,-1,1
259427,-0.181174,29,real,-1,8
259465,-4.476914,38,synthetic,0,17
259493,-17.540248,28,synthetic,1,7
259514,-39.932693,21,synthetic,2,0
259552,-5.479261,38,real,-1,17
259589,2.883154,37,real,-1,16
259613,-15.538964,24,synthetic,0,3
259639,-20.51725,26,synthetic,2,5
259675,-0.374334,36,real,-1,15
259702,-11.026096,27,synthetic,0,6
259738,-9.44069,36,real,-1,15
259777,-8.347725,39,real,-1,18
259801,-2.42565,24,real,-1,3
259832,-18.232181,31,real,-1,10
259861,-24.38815,29,synthetic,2,8
259894,0.986104,33,real,-1,12
259925,-30.2445,31,synthetic,2,10
259946,-2.064306,21,real,-1,0
259982,-2.579969,36,real,-1,15
260016,-16.473018,34,synthetic,0,13
260052,-4.627109,36,synthetic,0,15
260074,-0.505641,22,real,-1,1
260100,-2.878404,26,real,-1,5
260125,-10.285911,25,synthetic,0,4
260153,-10.266674,28,real,-1,7
260190,-4.711691,37,real,-1,16
260223,-20.312373,33,synthetic,0,12
260256,-8.694012,33,synthetic,0,12
260295,-40.567302,39,synthetic,2,18
260316,0.980786,21,real,-1,0
260343,-6.724302,27,real,-1,6
260365,1.233985,22,real,-1,1
260394,-2.550363,29,real,-1,8
260418,0.987666,24,real,-1,3
260444,-3.174875,26,real,-1,5
260465,-25.903515,21,synthetic,1,0
260501,-0.071348,36,real,-1,15
260543,-17.287357,42,synthetic,0,21
260575,-14.343734,32,synthetic,0,11
260613,-30.101818,38,synthetic,1,17
260651,-24.676707,38,synthetic,2,17
260681,-39.726139,30,synthetic,2,9
260723,-1.174585,42,real,-1,21
260759,-13.434352,36,synthetic,1,15
260791,-3.884275,32,real,-1,11
260827,-12.801122,36,synthetic,1,15
260854,-13.843821,27,synthetic,0,6
260895,-23.98458,41,synthetic,1,20
260933,-37.256017,38,synthetic,2,17
260973,-0.496371,40,real,-1,19
261005,-16.834224,32,synthetic,1,11
261041,-38.507173,36,synthetic,2,15
261069,-24.738731,28,synthetic,2,7
261092,-14.158723,23,synthetic,0,2
261127,-13.186305,35,real,-1,14
261157,-16.32392,30,synthetic,1,9
261188,-29.958629,31,synthetic,2,10
261227,-40.561681,39,synthetic,2,18
261248,-16.206849,21,synthetic,0,0
261281,-20.244583,33,synthetic,0,12
261319,-5.115586,38,real,-1,17
261348,-44.042954,29,synthetic,2,8
261377,-26.810165,29,synthetic,1,8
261402,-26.843603,25,synthetic,1,4
261434,-32.206058,32,synthetic,1,11
261474,-6.308929,40,synthetic,0,19
261509,-28.46545,35,synthetic,2,14
261549,-6.073577,40,real,-1,19
261570,-11.705796,21,real,-1,0
261607,-23.692829,37,synthetic,1,16
261628,0.679138,21,real,-1,0
261669,-12.788928,41,synthetic,0,20
261710,-4.405399,41,real,-1,20
261747,-17.641481,37,synthetic,1,16
261781,-23.091916,34,synthetic,1,13
261814,-19.173157,33,synthetic,1,12
261848,-9.586596,34,synthetic,0,13
261875,-2.9586,27,real,-1,6
261896,-15.098699,21,synthetic,0,0
261927,-39.143788,31,synthetic,2,10
261948,-16.501089,21,synthetic,0,0
261972,-34.0852,24,synthetic,2,3
261999,-10.459319,27,synthetic,0,6
262032,-22.220908,33,synthetic,1,12
262070,-20.708691,38,synthetic,0,17
262093,-31.707654,23,synthetic,2,2
262125,-14.548206,32,synthetic,0,11
262147,-40.428001,22,synthetic,2,1
262170,-11.994073,23,synthetic,0,2
262211,-31.989595,41,synthetic,1,20
262248,-1.24644,37,real,-1,16
262285,-3.655369,37,real,-1,16
262309,-18.268815,24,synthetic,1,3
262345,-38.656628,36,synthetic,2,15
262378,-17.039197,33,synthetic,0,12
262402,-37.007805,24,synthetic,2,3
262438,-13.532498,36,synthetic,0,15
262476,-14.649259,38,synthetic,0,17
262500,-4.630884,24,real,-1,3
262532,-24.335803,32,synthetic,1,11
262564,-3.625044,32,real,-1,11
262605,-0.443437,41,real,-1,20
262645,-8.604582,40,real,-1,19
262685,-19.235661,40,synthetic,1,19
262725,-27.687108,40,synthetic,1,19
262753,-33.625737,28,synthetic,2,7
262775,-26.730582,22,synthetic,1,1
262797,-9.65721,22,synthetic,0,1
262821,-14.521695,24,synthetic,0,3
262850,-32.263692,29,synthetic,1,8
262889,-28.771582,39,synthetic,1,18
262911,-32.929286,22,synthetic,2,1
262945,-25.353796,34,synthetic,1,13
262976,-26.033125,31,synthetic,2,10
263013,-7.11941,37,real,-1,16
263045,-0.400197,32,real,-1,11
263072,-22.141864,27,synthetic,1,6
263109,-7.80904,37,real,-1,16
263135,-20.41943,26,synthetic,1,5
263162,-29.304045,27,synthetic,1,6
263183,-37.355841,21,synthetic,2,0
263210,-13.329384,27,synthetic,0,6
263252,-23.240299,42,synthetic,1,21
263288,-29.120398,36,synthetic,2,15
263321,-20.62796,33,synthetic,1,12
263343,-45.681837,22,synthetic,2,1
263384,-34.194445,41,synthetic,2,20
263425,-11.07893,41,synthetic,0,20
263467,-35.256674,42,synthetic,2,21
263496,-5.265047,29,real,-1,8
263519,-4.960626,23,real,-1,2
263550,-10.069267,31,synthetic,0,10
263583,3.202625,33,real,-1,12
263606,-32.665306,23,synthetic,2,2
263631,-32.595644,25,synthetic,2,4
263665,-25.129965,34,synthetic,1,13
263692,-2.371952,27,real,-1,6
263715,-11.997447,23,synthetic,0,2
263741,-28.940963,26,synthetic,1,5
263765,-15.470099,24,synthetic,0,3
263806,1.428686,41,real,-1,20
263834,-6.273362,28,synthetic,0,7
263864,-0.44777,30,synthetic,0,9
263904,-11.840411,40,synthetic,0,19
263927,-8.917908,23,real,-1,2
263952,-33.149879,25,synthetic,2,4
263985,-11.965529,33,synthetic,0,12
264020,-26.451847,35,synthetic,1,14
264058,-16.980477,38,real,-1,17
264081,-1.866483,23,real,-1,2
264117,-27.047717,36,synthetic,2,15
264158,-28.987458,41,synthetic,2,20
264181,-4.051525,23,real,-1,2
264219,-1.240067,38,real,-1,17
264256,-22.879921,37,synthetic,1,16
264290,-40.799066,34,synthetic,2,13
264313,-41.09804,23,synthetic,2,2
264336,-19.103747,23,synthetic,1,2
264376,0.311836,40,real,-1,19
264397,1.395535,21,real,-1,0
264418,-2.130228,21,real,-1,0
264443,-6.21529,25,real,-1,4
264480,-15.035084,37,real,-1,16
264516,-14.285995,36,synthetic,0,15
264541,-1.60276,25,real,-1,4
264564,-13.715473,23,real,-1,2
264587,-5.485916,23,synthetic,0,2
264626,-19.565293,39,synthetic,1,18
264665,-9.547042,39,synthetic,0,18
264689,-24.10369,24,synthetic,1,3
264712,-33.957355,23,synthetic,2,2
264739,-28.457942,27,synthetic,1,6
264777,1.590705,38,real,-1,17
264799,-5.943862,22,synthetic,0,1
264827,-44.972843,28,synthetic,2,7
264849,-36.235957,22,synthetic,2,1
264891,-4.83233,42,real,-1,21
264926,-44.440308,35,synthetic,2,14
264967,-3.440433,41,real,-1,20
264990,-44.697028,23,synthetic,2,2
265026,3.173984,36,real,-1,15
265054,-26.836435,28,synthetic,1,7
265092,-6.798307,38,synthetic,0,17
265118,-23.933303,26,synthetic,1,5
265157,-34.975479,39,synthetic,2,18
265197,-31.017513,40,synthetic,2,19
265239,-4.006346,42,real,-1,21
265260,-17.856637,21,synthetic,0,0
265297,-15.616874,37,synthetic,0,16
265327,-43.036504,30,synthetic,2,9
265360,-45.424275,33,synthetic,2,12
265397,-31.839857,37,synthetic,2,16
265422,-14.495543,25,synthetic,1,4
265450,2.064889,28,real,-1,7
265481,-31.748323,31,synthetic,2,10
265517,-33.245164,36,synthetic,2,15
265545,-25.677625,28,synthetic,1,7
265576,-27.151194,31,synthetic,2,10
265600,-16.189794,24,synthetic,0,3
265629,-38.093724,29,synthetic,2,8
265659,-15.873859,30,synthetic,0,9
265686,-43.948794,27,synthetic,2,6
265712,-21.048579,26,synthetic,1,5
265735,-12.819808,23,synthetic,0,2
265774,-16.014432,39,synthetic,1,18
265801,-9.686243,27,real,-1,6
265836,-28.525676,35,synthetic,1,14
265873,-14.297597,37,synthetic,0,16
265897,-25.095311,24,synthetic,1,3
265921,-9.691454,24,synthetic,0,3
265957,-12.705564,36,synthetic,0,15
265985,-21.144617,28,synthetic,1,7
266026,-35.313071,41,synthetic,2,20
266053,-25.290775,27,synthetic,2,6
266081,-5.032464,28,real,-1,7
266105,-7.263582,24,synthetic,0,3
266134,-14.589952,29,synthetic,0,8
266169,-25.522838,35,synthetic,1,14
266211,-8.971063,42,synthetic,0,21
266243,-4.355171,32,real,-1,11
266275,-26.937063,32,synthetic,2,11
266308,-7.0365,33,synthetic,0,12
266331,-11.121313,23,synthetic,0,2
266363,-7.481955,32,synthetic,0,11
266388,-8.838371,25,synthetic,0,4
266419,-28.547021,31,synthetic,2,10
266440,-23.902884,21,synthetic,1,0
266469,-25.215036,29,synthetic,1,8
266493,-0.561975,24,synthetic,0,3
266525,-15.444594,32,synthetic,0,11
266567,-17.240153,42,synthetic,0,21
266591,-31.048751,24,synthetic,2,3
266624,-30.931393,33,synthetic,1,12
266655,-33.297377,31,synthetic,1,10
266678,-16.208844,23,synthetic,0,2
266706,-7.201536,28,real,-1,7
266737,-14.479423,31,synthetic,0,10
266775,-18.384287,38,synthetic,0,17
266805,-13.847242,30,synthetic,0,9
266842,-7.732535,37,synthetic,0,16
266884,-31.267912,42,synthetic,2,21
266921,-28.907651,37,synthetic,2,16
266947,-18.130894,26,synthetic,0,5
266982,-20.532249,35,synthetic,1,14
267019,-4.286897,37,real,-1,16
267057,-6.058207,38,real,-1,17
267078,-14.187268,21,synthetic,1,0
267112,-32.239072,34,synthetic,2,13
267133,-14.830455,21,synthetic,1,0
267156,-27.827727,23,synthetic,2,2
267188,-24.676383,32,synthetic,1,11
267222,-10.747505,34,real,-1,13
267250,-45.797786,28,synthetic,2,7
267287,-9.519801,37,synthetic,1,16
267324,-20.272199,37,synthetic,1,16
267363,-21.641146,39,synthetic,1,18
267400,-9.046695,37,synthetic,0,16
267426,-23.440762,26,synthetic,1,5
267460,-7.130096,34,real,-1,13
267498,-5.923049,38,real,-1,17
267531,-23.433372,33,synthetic,1,12
267564,-7.67963,33,synthetic,0,12
267592,-15.139576,28,synthetic,0,7
267633,-14.044344,41,synthetic,0,20
267666,0.363171,33,real,-1,12
267707,-49.158844,41,synthetic,2,20
267728,-2.074519,21,real,-1,0
267767,-1.787182,39,real,-1,18
267801,-39.133413,34,synthetic,2,13
267826,-15.773542,25,synthetic,0,4
267857,-15.840967,31,synthetic,0,10
267892,-4.057226,35,real,-1,14
267920,-35.586385,28,synthetic,2,7
267961,-17.890951,41,synthetic,1,20
267996,1.537129,35,real,-1,14
268028,-22.121677,32,synthetic,1,11
268065,-30.007581,37,synthetic,1,16
268088,-17.853047,23,synthetic,1,2
268126,-24.745707,38,synthetic,1,17
268151,-43.607843,25,synthetic,2,4
268177,-24.043454,26,synthetic,2,5
268200,-0.313644,23,synthetic,0,2
268228,-12.122226,28,synthetic,0,7
268264,-20.934083,36,synthetic,0,15
268290,-4.578394,26,real,-1,5
268317,-39.429723,27,synthetic,2,6
268352,-8.373861,35,real,-1,14
268391,-19.515225,39,synthetic,0,18
268418,-18.072893,27,synthetic,1,6
268456,-5.583519,38,real,-1,17
268489,0.298055,33,real,-1,12
268510,-28.790576,21,synthetic,2,0
268548,-4.5078,38,synthetic,0,17
268569,-18.000078,21,synthetic,1,0
268601,-16.799926,32,synthetic,0,11
268627,-19.544275,26,synthetic,1,5
268665,-5.68875,38,real,-1,17
268696,-0.733509,31,real,-1,10
268726,-17.887627,30,synthetic,0,9
268755,-19.116292,29,synthetic,0,8
268786,-3.709816,31,real,-1,10
268808,-25.207198,22,synthetic,1,1
268835,-18.040049,27,synthetic,1,6
268868,-32.594433,33,synthetic,2,12
268908,-34.627389,40,synthetic,1,19
268938,-18.198947,30,synthetic,1,9
268978,-17.506529,40,synthetic,0,19
269011,-32.785178,33,synthetic,2,12
269045,-12.125518,34,synthetic,0,13
269084,-29.379385,39,synthetic,2,18
269115,-29.464341,31,synthetic,1,10
269153,0.308001,38,real,-1,17
269191,-25.692314,38,synthetic,2,17
269233,-16.632629,42,synthetic,0,21
269255,-25.482832,22,synthetic,2,1
269277,-4.763774,22,real,-1,1
269310,-22.238998,33,synthetic,1,12
269342,-29.999326,32,synthetic,1,11
269383,-1.053516,41,real,-1,20
269416,-5.457413,33,synthetic,0,12
269450,1.697952,34,real,-1,13
269486,-21.652599,36,synthetic,1,15
269527,-13.452337,41,real,-1,20
269552,-3.136147,25,real,-1,4
269584,-15.80358,32,synthetic,0,11
269624,-15.418916,40,synthetic,1,19
269658,-37.974169,34,synthetic,2,13
269681,-27.284945,23,synthetic,2,2
269718,-21.406858,37,synthetic,0,16
269746,-34.512804,28,synthetic,2,7
269778,-39.499904,32,synthetic,2,11
269814,-18.475657,36,synthetic,0,15
269846,-2.769811,32,real,-1,11
269882,-14.923981,36,synthetic,0,15
269919,-19.865274,37,synthetic,2,16
269944,-26.988811,25,synthetic,2,4
269969,-35.87949,25,synthetic,2,4
269992,-16.124223,23,synthetic,0,2
270023,-17.427308,31,synthetic,2,10
270057,-5.480925,34,synthetic,0,13
270081,-28.702434,24,synthetic,1,3
270120,-43.741331,39,synthetic,2,18
270159,-39.698468,39,synthetic,1,18
270186,-26.022437,27,synthetic,1,6
270219,-13.185834,33,synthetic,0,12
270245,1.650632,26,real,-1,5
270274,-49.813576,29,synthetic,2,8
270315,-2.763438,41,real,-1,20
270352,-12.874888,37,real,-1,16
270387,-2.638963,35,real,-1,14
270418,-19.49002,31,synthetic,0,10
270458,-0.366665,40,real,-1,19
270486,-20.173049,28,synthetic,1,7
270516,-25.368622,30,synthetic,1,9
270537,-10.475295,21,synthetic,0,0
270573,-37.288691,36,synthetic,2,15
270602,-33.911427,29,synthetic,2,8
270643,-14.79253,41,synthetic,0,20
270671,1.59445,28,real,-1,7
270694,-9.76717,23,synthetic,0,2
270722,-25.675521,28,synthetic,2,7
270760,-24.660238,38,synthetic,1,17
270790,3.063759,30,real,-1,9
270821,-1.223439,31,real,-1,10
270855,-7.219237,34,real,-1,13
270892,-42.826036,37,synthetic,2,16
270926,-13.151092,34,synthetic,0,13
270962,-32.376235,36,synthetic,2,15
270983,-27.202187,21,synthetic,1,0
271011,-3.142237,28,real,-1,7
271051,-6.0563,40,real,-1,19
271077,-9.578518,26,synthetic,0,5
271111,-32.212827,34,synthetic,2,13
271143,-33.176462,32,synthetic,1,11
271170,-26.994414,27,synthetic,1,6
271212,-42.36539,42,synthetic,2,21
271248,-14.541162,36,synthetic,0,15
271283,-25.10749,35,synthetic,1,14
271309,-20.607186,26,synthetic,1,5
271345,-33.913759,36,synthetic,2,15
271378,-22.785121,33,synthetic,2,12
271407,-17.070806,29,synthetic,1,8
271448,-20.126418,41,synthetic,0,20
271482,-37.289303,34,synthetic,2,13
271522,-33.592079,40,synthetic,1,19
271544,-14.155327,22,synthetic,0,1
271572,-30.675003,28,synthetic,1,7
271610,-43.78606,38,synthetic,2,17
271652,-4.051426,42,real,-1,21
271689,-4.559205,37,real,-1,16
271719,-19.609283,30,synthetic,0,9
271748,-42.848789,29,synthetic,2,8
271779,-1.957125,31,real,-1,10
271805,-38.100435,26,synthetic,2,5
271832,-9.901796,27,real,-1,6
271872,-3.705273,40,real,-1,19
271904,-33.640815,32,synthetic,2,11
271931,-34.491662,27,synthetic,2,6
271960,-5.028103,29,synthetic,0,8
271986,-33.188112,26,synthetic,2,5
272008,-12.119055,22,synthetic,0,1
272044,-11.927502,36,real,-1,15
272073,-32.224389,29,synthetic,1,8
272102,1.164556,29,real,-1,8
272141,-50.242764,39,synthetic,2,18
272183,-42.719392,42,synthetic,2,21
272224,-50.949679,41,synthetic,2,20
272263,-6.052592,39,real,-1,18
272292,-23.167371,29,synthetic,1,8
272316,-12.692445,24,synthetic,0,3
272355,-8.021274,39,real,-1,18
272383,-1.93165,28,real,-1,7
272413,-24.064459,30,synthetic,1,9
272448,-28.287684,35,synthetic,2,14
272479,-15.581994,31,synthetic,0,10
272516,-2.170943,37,synthetic,0,16
272558,-26.510754,42,synthetic,1,21
272594,-26.76375,36,synthetic,2,15
272625,-26.191558,31,synthetic,2,10
272646,-21.89345,21,synthetic,1,0
272675,-21.552083,29,synthetic,1,8
272702,-20.913331,27,synthetic,2,6
272725,1.372308,23,real,-1,2
272751,-0.249046,26,real,-1,5
272785,-23.148711,34,synthetic,1,13
272809,-10.676349,24,real,-1,3
272833,-20.197644,24,synthetic,1,3
272854,1.577809,21,real,-1,0
272877,-8.662614,23,synthetic,0,2
272909,-37.291672,32,synthetic,2,11
272947,-0.822544,38,real,-1,17
272972,-24.034469,25,synthetic,2,4
273003,-0.668751,31,real,-1,10
273043,0.918117,40,real,-1,19
273075,-23.966785,32,synthetic,1,11
273096,-19.963181,21,synthetic,1,0
273138,-29.669317,42,synthetic,2,21
273179,-40.341711,41,synthetic,2,20
273202,-29.968619,23,synthetic,1,2
273227,-10.301767,25,synthetic,0,4
273257,3.917289,30,real,-1,9
273295,-20.541053,38,synthetic,0,17
273327,-23.058788,32,synthetic,1,11
273349,-27.228186,22,synthetic,1,1
273383,-32.550261,34,synthetic,1,13
273419,-18.93548,36,synthetic,1,15
273444,-12.674249,25,synthetic,0,4
273474,-30.370725,30,synthetic,2,9
273505,-20.847623,31,synthetic,1,10
273545,-13.781967,40,synthetic,1,19
273571,-41.130247,26,synthetic,2,5
273603,-20.896708,32,synthetic,0,11
273636,-21.623005,33,synthetic,0,12
273666,-1.442744,30,real,-1,9
273698,-20.937602,32,synthetic,0,11
273730,-1.633097,32,real,-1,11
273758,-14.916772,28,real,-1,7
273784,-8.463873,26,real,-1,5
273810,-12.672895,26,synthetic,0,5
273841,-16.535693,31,synthetic,1,10
273862,-23.683906,21,synthetic,1,0
273888,-13.912468,26,synthetic,0,5
273928,-1.313034,40,real,-1,19
273957,-30.862424,29,synthetic,2,8
273999,-9.155609,42,real,-1,21
274037,-17.101675,38,synthetic,0,17
274079,-12.775205,42,real,-1,21
274120,-15.71798,41,synthetic,0,20
274156,-16.193658,36,synthetic,0,15
274177,-2.790581,21,real,-1,0
274202,-12.043173,25,synthetic,1,4
274239,-37.35365,37,synthetic,2,16
274263,4.7662,24,real,-1,3
274292,-18.523529,29,synthetic,0,8
274329,-27.634583,37,synthetic,2,16
274362,-12.939426,33,real,-1,12
274395,-18.341584,33,synthetic,1,12
274425,-5.810526,30,synthetic,0,9
274449,-2.667011,24,real,-1,3
274473,-7.626217,24,real,-1,3
274496,-17.861333,23,synthetic,0,2
274522,-16.727709,26,synthetic,1,5
274564,-24.528403,42,synthetic,2,21
274593,-19.509257,29,synthetic,0,8
274632,-3.212732,39,real,-1,18
274669,-25.949485,37,synthetic,1,16
274697,-1.103495,28,real,-1,7
274724,-15.137405,27,synthetic,1,6
274746,-1.371018,22,synthetic,0,1
274767,-28.496198,21,synthetic,2,0
274793,-47.531613,26,synthetic,2,5
274835,-49.453433,42,synthetic,2,21
274869,-2.5193,34,real,-1,13
274891,-38.039339,22,synthetic,2,1
274924,-1.308465,33,real,-1,12
274960,-11.751909,36,synthetic,0,15
274991,-12.922733,31,synthetic,0,10
275017,-22.309391,26,synthetic,1,5
275043,-0.328967,26,real,-1,5
275066,0.693503,23,real,-1,2
275096,-2.548086,30,synthetic,0,9
275119,3.184246,23,real,-1,2
275146,-4.279469,27,real,-1,6
275185,-4.641522,39,real,-1,18
275210,-12.766385,25,synthetic,0,4
275246,-3.091973,36,real,-1,15
275270,-8.116918,24,synthetic,0,3
275305,-17.260567,35,synthetic,0,14
275345,-2.070072,40,real,-1,19
275374,-15.486866,29,synthetic,0,8
275412,-20.702034,38,synthetic,0,17
275451,-23.363663,39,synthetic,0,18
275474,-27.64062,23,synthetic,1,2
275512,-32.741721,38,synthetic,2,17
275554,-33.794466,42,synthetic,1,21
275594,-38.841081,40,synthetic,2,19
275630,-39.809749,36,synthetic,2,15
275670,-46.988116,40,synthetic,2,19
275710,-3.886048,40,real,-1,19
275731,-11.754107,21,synthetic,0,0
275757,-20.943852,26,synthetic,1,5
275790,0.855779,33,real,-1,12
275829,-47.292663,39,synthetic,2,18
275855,-34.393303,26,synthetic,2,5
275881,-29.66668,26,synthetic,2,5
275904,-8.972095,23,synthetic,0,2
275933,-3.490786,29,real,-1,8
275966,-16.849261,33,synthetic,0,12
276003,-38.143433,37,synthetic,2,16
276035,-16.98307,32,synthetic,0,11
276064,-31.690212,29,synthetic,1,8
276088,-14.787357,24,synthetic,0,3
276122,-14.912128,34,synthetic,1,13
276146,-27.126982,24,synthetic,1,3
276169,-22.671236,23,synthetic,1,2
276209,-6.081729,40,real,-1,19
276245,-1.641624,36,real,-1,15
276269,-3.702003,24,real,-1,3
276301,-12.727154,32,synthetic,0,11
276327,-10.694699,26,synthetic,0,5
276367,-32.199211,40,synthetic,1,19
276391,-22.545937,24,synthetic,1,3
276431,1.23757,40,real,-1,19
276466,0.610883,35,real,-1,14
276490,-50.457942,24,synthetic,2,3
276530,-23.890094,40,synthetic,2,19
276567,2.986951,37,real,-1,16
276605,-2.937448,38,real,-1,17
276631,-30.420047,26,synthetic,2,5
276673,-15.858956,42,synthetic,0,21
276707,-13.495776,34,synthetic,0,13
276743,-36.249773,36,synthetic,2,15
276778,-19.557433,35,synthetic,0,14
276815,-3.14632,37,real,-1,16
276847,-46.454538,32,synthetic,2,11
276887,-4.486248,40,real,-1,19
276909,-20.656767,22,synthetic,1,1
276947,-16.866315,38,synthetic,0,17
276979,-39.69209,32,synthetic,2,11
277020,-19.570114,41,synthetic,1,20
277061,-24.40074,41,synthetic,1,20
277090,-6.993771,29,synthetic,0,8
277117,-5.523121,27,real,-1,6
277155,-31.884974,38,synthetic,2,17
277183,-11.177581,28,synthetic,0,7
277216,-29.294832,33,synthetic,1,12
277254,1.847069,38,real,-1,17
277283,-19.848684,29,synthetic,0,8
277309,-38.863248,26,synthetic,2,5
277348,-37.024361,39,synthetic,2,18
277386,-17.736759,38,synthetic,1,17
277428,-49.822109,42,synthetic,2,21
277451,5.066715,23,real,-1,2
277474,-5.061169,23,synthetic,0,2
277500,-3.069804,26,real,-1,5
277525,-22.448221,25,synthetic,1,4
277563,-11.257145,38,synthetic,0,17
277595,-33.361575,32,synthetic,2,11
277620,-0.912903,25,real,-1,4
277651,-25.14555,31,synthetic,1,10
277687,-7.973528,36,synthetic,0,15
277717,-44.747197,30,synthetic,2,9
277741,-22.529788,24,synthetic,1,3
277765,-38.281094,24,synthetic,2,3
277801,-21.839419,36,synthetic,2,15
277825,-37.909469,24,synthetic,2,3
277867,-17.317996,42,synthetic,0,21
277907,-28.279461,40,synthetic,2,19
277931,-1.74607,24,real,-1,3
277953,-14.68146,22,synthetic,0,1
277990,-9.243864,37,real,-1,16
278019,-37.512853,29,synthetic,2,8
278054,-0.706364,35,real,-1,14
278086,-17.863718,32,synthetic,0,11
278107,-25.23834,21,synthetic,2,0
278139,-34.780392,32,synthetic,2,11
278168,2.127292,29,real,-1,8
278190,-47.05963,22,synthetic,2,1
278212,-30.606032,22,synthetic,2,1
278234,0.364154,22,real,-1,1
278260,-5.607986,26,synthetic,0,5
278282,-14.325036,22,synthetic,1,1
278319,-4.090543,37,real,-1,16
278352,-12.039073,33,synthetic,0,12
278373,-28.657646,21,synthetic,2,0
278404,-0.211277,31,real,-1,10
278428,-14.845087,24,synthetic,0,3
278470,-17.479847,42,synthetic,1,21
278502,-13.464405,32,synthetic,0,11
278528,-8.314242,26,real,-1,5
278563,-33.871145,35,synthetic,1,14
278585,-3.153072,22,real,-1,1
278621,-1.085844,36,real,-1,15
278651,-26.283924,30,synthetic,2,9
278673,2.317098,22,real,-1,1
278710,-22.360048,37,synthetic,1,16
278738,-33.058995,28,synthetic,2,7
278773,-41.049868,35,synthetic,2,14
278808,-16.542415,35,synthetic,1,14
278841,-14.527274,33,synthetic,0,12
278866,0.246072,25,real,-1,4
278907,-39.300775,41,synthetic,2,20
278938,-13.930276,31,synthetic,0,10
278963,-16.0743,25,synthetic,0,4
278987,-5.085847,24,synthetic,0,3
279027,-15.956715,40,synthetic,1,19
279051,-23.013469,24,synthetic,1,3
279083,-17.021667,32,synthetic,0,11
279110,-8.523382,27,real,-1,6
279142,-35.411741,32,synthetic,2,11
279183,1.406403,41,real,-1,20
279217,-3.08961,34,real,-1,13
279248,-29.576738,31,synthetic,1,10
279283,-11.523637,35,synthetic,0,14
279318,-10.690657,35,synthetic,0,14
279355,-8.564749,37,synthetic,0,16
279385,-34.241439,30,synthetic,2,9
279406,-4.422171,21,real,-1,0
279437,2.156524,31,real,-1,10
279472,-34.853285,35,synthetic,2,14
279498,0.155041,26,real,-1,5
279534,-25.17888,36,synthetic,1,15
279566,-37.620197,32,synthetic,2,11
279600,-19.388832,34,synthetic,1,13
279629,-15.387771,29,synthetic,1,8
279669,-11.375537,40,synthetic,0,19
279690,-1.169179,21,real,-1,0
279724,3.884029,34,real,-1,13
279745,-38.706538,21,synthetic,2,0
279769,-28.039253,24,synthetic,1,3
279801,-3.97003,32,real,-1,11
279839,-29.105962,38,synthetic,2,17
279867,-13.589384,28,synthetic,0,7
279908,-2.961435,41,real,-1,20
279949,-31.790404,41,synthetic,1,20
279972,-1.747017,23,real,-1,2
280012,-26.474027,40,synthetic,1,19
280034,-40.412069,22,synthetic,2,1
280066,-28.468556,32,synthetic,1,11
280089,-29.713225,23,synthetic,1,2
280127,-35.264009,38,synthetic,1,17
280164,-23.222465,37,synthetic,1,16
280197,-33.584632,33,synthetic,1,12
280232,-26.143979,35,synthetic,1,14
280253,-1.594713,21,real,-1,0
280289,-20.68897,36,synthetic,1,15
280312,-39.016111,23,synthetic,2,2
280343,-2.901363,31,real,-1,10
280380,-11.309807,37,real,-1,16
280413,2.878744,33,real,-1,12
280441,-9.62738,28,real,-1,7
280463,-9.279803,22,synthetic,0,1
280497,-13.757131,34,synthetic,0,13
280523,-17.801625,26,synthetic,0,5
280564,-15.898294,41,synthetic,1,20
280596,-17.527096,32,synthetic,1,11
280620,-33.11281,24,synthetic,2,3
280648,-39.542487,28,synthetic,2,7
280669,-20.836928,21,synthetic,1,0
280697,-5.49576,28,real,-1,7
280731,-10.162934,34,real,-1,13
280753,-33.061923,22,synthetic,2,1
280779,-12.416852,26,synthetic,0,5
280815,-37.907838,36,synthetic,2,15
280852,-20.64423,37,synthetic,1,16
280873,-20.474655,21,synthetic,1,0
280911,-21.763691,38,synthetic,1,17
280941,-0.344856,30,real,-1,9
280970,-0.017353,29,real,-1,8
280992,-34.939521,22,synthetic,1,1
281021,-30.466706,29,synthetic,2,8
281050,-14.430078,29,synthetic,0,8
281091,-21.521016,41,synthetic,1,20
281129,-5.91711,38,real,-1,17
281161,-26.537804,32,synthetic,1,11
281184,-11.959592,23,synthetic,0,2
281220,-18.162463,36,synthetic,1,15
281258,-0.68716,38,real,-1,17
281284,-18.373913,26,synthetic,0,5
281307,1.261667,23,real,-1,2
281336,-10.019865,29,synthetic,0,8
281360,-31.929508,24,synthetic,1,3
281401,-15.677484,41,synthetic,0,20
281424,-3.435011,23,real,-1,2
281461,-11.943288,37,synthetic,0,16
281490,-0.268907,29,real,-1,8
281529,-12.247943,39,synthetic,0,18
281551,-4.971548,22,real,-1,1
281593,-46.68082,42,synthetic,2,21
281635,-13.753727,42,synthetic,0,21
281657,-30.701424,22,synthetic,2,1
281680,2.390674,23,real,-1,2
281721,-14.346859,41,real,-1,20
281742,-28.096892,21,synthetic,1,0
281766,-9.916579,24,real,-1,3
281807,-35.447954,41,synthetic,2,20
281831,-25.541757,24,synthetic,1,3
281865,-4.146111,34,real,-1,13
281896,-23.134526,31,synthetic,0,10
281924,-53.636088,28,synthetic,2,7
281953,-5.493074,29,real,-1,8
281991,-19.664675,38,synthetic,1,17
282016,-17.551812,25,synthetic,1,4
282055,-27.224452,39,synthetic,1,18
282079,-29.367206,24,synthetic,2,3
282109,-9.625066,30,synthetic,0,9
282133,-1.100773,24,real,-1,3
282170,-1.453875,37,real,-1,16
282191,-20.93279,21,synthetic,1,0
282221,-24.839998,30,synthetic,1,9
282253,-27.974521,32,synthetic,1,11
282288,-14.49581,35,synthetic,0,14
282328,-23.133861,40,synthetic,1,19
282366,-9.594534,38,synthetic,0,17
282404,-9.834043,38,synthetic,0,17
282440,-4.811925,36,real,-1,15
282475,-23.082785,35,synthetic,1,14
282507,0.533336,32,real,-1,11
282539,-37.194506,32,synthetic,2,11
282573,-34.450544,34,synthetic,1,13
282609,-34.836634,36,synthetic,2,15
282635,-31.725485,26,synthetic,2,5
282667,-22.147572,32,synthetic,1,11
282690,0.479064,23,real,-1,2
282719,-7.197294,29,real,-1,8
282754,0.865067,35,real,-1,14
282784,1.45737,30,real,-1,9
282812,-38.789015,28,synthetic,2,7
282836,-33.100616,24,synthetic,2,3
282858,-3.681624,22,synthetic,0,1
282895,-3.198568,37,real,-1,16
282924,-4.27604,29,real,-1,8
282946,-21.45879,22,synthetic,1,1
282988,-12.399937,42,real,-1,21
283030,-29.871972,42,synthetic,1,21
283059,-13.150973,29,synthetic,0,8
283086,-32.696551,27,synthetic,2,6
283116,-5.87237,30,real,-1,9
283157,-25.842179,41,synthetic,2,20
283194,-9.636637,37,synthetic,0,16
283231,0.955902,37,real,-1,16
283272,-30.468485,41,synthetic,2,20
283301,-16.573769,29,synthetic,1,8
283333,-1.545492,32,real,-1,11
283361,-33.492939,28,synthetic,2,7
283401,-35.079263,40,synthetic,2,19
283442,-36.148255,41,synthetic,2,20
283477,-33.431372,35,synthetic,2,14
283502,-24.941469,25,synthetic,1,4
283523,-15.253626,21,synthetic,1,0
283555,-14.331955,32,synthetic,0,11
283583,-12.784691,28,synthetic,0,7
283616,-15.734238,33,synthetic,0,12
283657,-25.475785,41,synthetic,1,20
283695,-1.021224,38,real,-1,17
283721,-4.900099,26,real,-1,5
283742,-12.553325,21,synthetic,0,0
283770,-12.110236,28,synthetic,0,7
283793,-31.537976,23,synthetic,2,2
283828,-6.886218,35,real,-1,14
283852,-25.56358,24,synthetic,1,3
283873,-14.434541,21,synthetic,0,0
283900,-30.905871,27,synthetic,2,6
283937,3.303506,37,real,-1,16
283966,-22.196125,29,synthetic,1,8
283989,-40.47851,23,synthetic,2,2
284027,-6.13023,38,real,-1,17
284059,-6.633661,32,synthetic,0,11
284095,-12.102096,36,synthetic,0,15
284131,-11.019743,36,synthetic,0,15
284160,-21.272836,29,synthetic,1,8
284192,-17.663663,32,synthetic,0,11
284225,-10.348985,33,real,-1,12
284256,-3.835332,31,synthetic,0,10
284284,-11.012876,28,real,-1,7
284310,-33.56284,26,synthetic,2,5
284337,-25.854231,27,synthetic,1,6
284358,-15.665246,21,synthetic,2,0
284394,-3.088645,36,real,-1,15
284433,-23.592504,39,synthetic,2,18
284457,-18.736683,24,synthetic,1,3
284496,-3.198885,39,real,-1,18
284520,0.801964,24,real,-1,3
284553,-12.952378,33,synthetic,0,12
284584,-20.208994,31,synthetic,1,10
284606,-5.384492,22,real,-1,1
284636,-9.532263,30,synthetic,0,9
284666,-21.809197,30,synthetic,1,9
284694,-1.684614,28,real,-1,7
284715,-28.951643,21,synthetic,2,0
284744,-14.806399,29,synthetic,0,8
284781,-47.423122,37,synthetic,2,16
284819,-50.626539,38,synthetic,2,17
284847,-18.304759,28,synthetic,1,7
284876,-10.701844,29,real,-1,8
284917,-26.53691,41,synthetic,1,20
284956,-11.03479,39,synthetic,0,18
284986,-23.852755,30,synthetic,1,9
285022,-10.127494,36,real,-1,15
285057,-9.850917,35,synthetic,0,14
285099,-4.410664,42,real,-1,21
285124,-45.11652,25,synthetic,2,4
285156,-35.705423,32,synthetic,2,11
285181,-31.398325,25,synthetic,1,4
285203,-4.212072,22,real,-1,1
285234,-28.63489,31,synthetic,2,10
285261,-3.015219,27,real,-1,6
285299,-2.05094,38,real,-1,17
285328,-27.270836,29,synthetic,2,8
285357,-8.114712,29,synthetic,0,8
285397,-28.275041,40,synthetic,1,19
285423,-2.311952,26,real,-1,5
285463,-22.429734,40,synthetic,0,19
285488,-2.838105,25,real,-1,4
285509,-6.123939,21,real,-1,0
285533,-35.613173,24,synthetic,2,3
285573,-7.866161,40,synthetic,0,19
285604,-16.687673,31,synthetic,0,10
285642,-2.617023,38,synthetic,0,17
285664,-17.462842,22,synthetic,1,1
285704,-41.536985,40,synthetic,2,19
285725,-24.636808,21,synthetic,2,0
285756,0.53776,31,real,-1,10
285785,-38.619869,29,synthetic,2,8
285813,-23.032603,28,synthetic,0,7
285846,-21.768727,33,synthetic,2,12
285882,-31.585215,36,synthetic,2,15
285906,-22.972695,24,synthetic,2,3
285941,-0.091146,35,real,-1,14
285974,-27.893851,33,synthetic,1,12
285999,-2.135054,25,synthetic,0,4
286034,-27.466879,35,synthetic,1,14
286066,-41.221083,32,synthetic,2,11
286108,-55.681695,42,synthetic,2,21
286143,-24.544228,35,synthetic,1,14
286171,-25.452511,28,synthetic,2,7
286212,-26.863706,41,synthetic,2,20
286250,-4.459037,38,real,-1,17
286289,-16.204638,39,synthetic,0,18
286316,0.248007,27,real,-1,6
286353,-19.2412,37,synthetic,0,16
286386,-18.123943,33,synthetic,1,12
286428,-9.000577,42,synthetic,0,21
286456,-17.556624,28,synthetic,0,7
286492,-5.803658,36,real,-1,15
286520,-20.346389,28,synthetic,1,7
286562,-16.386653,42,synthetic,0,21
286595,-4.977763,33,synthetic,0,12
286629,0.43348,34,real,-1,13
286653,-41.094539,24,synthetic,2,3
286674,-0.720806,21,real,-1,0
286707,-17.981277,33,synthetic,0,12
286739,-16.586106,32,synthetic,0,11
286780,-38.212567,41,synthetic,2,20
286802,-36.665879,22,synthetic,2,1
286840,-21.939203,38,synthetic,1,17
286880,-16.165599,40,synthetic,0,19
286917,-7.327355,37,real,-1,16
286952,-28.075522,35,synthetic,1,14
286989,-32.454011,37,synthetic,1,16
287011,-14.660763,22,synthetic,0,1
287045,-14.353478,34,synthetic,0,13
287081,-22.844401,36,synthetic,1,15
287110,-28.430847,29,synthetic,2,8
287134,-12.4709,24,synthetic,0,3
287165,-20.974856,31,synthetic,1,10
287199,2.154982,34,real,-1,13
287234,-17.52248,35,synthetic,0,14
287267,-45.917178,33,synthetic,2,12
287308,-2.46675,41,real,-1,20
287334,-27.322461,26,synthetic,2,5
287369,-16.222284,35,synthetic,0,14
287409,-16.148283,40,synthetic,0,19
287438,-31.800613,29,synthetic,2,8
287463,-38.723713,25,synthetic,1,4
287487,-18.082786,24,synthetic,1,3
287508,-38.130316,21,synthetic,2,0
287550,-17.122667,42,synthetic,0,21
287573,-35.569742,23,synthetic,2,2
287603,-26.845762,30,synthetic,1,9
287633,-11.056329,30,synthetic,0,9
287660,-11.674498,27,synthetic,0,6
287697,-32.566528,37,synthetic,1,16
287737,-5.153309,40,synthetic,0,19
287773,-6.110029,36,synthetic,0,15
287809,-19.141461,36,synthetic,0,15
287835,-17.889309,26,synthetic,1,5
287862,-0.279926,27,real,-1,6
287891,-31.926177,29,synthetic,2,8
287924,-31.234471,33,synthetic,1,12
287964,-7.72153,40,real,-1,19
287994,-0.239721,30,real,-1,9
288019,-25.07826,25,synthetic,1,4
288040,-16.797865,21,synthetic,1,0
288076,-29.040389,36,synthetic,0,15
288097,-29.389245,21,synthetic,1,0
288127,-43.014911,30,synthetic,2,9
288157,-30.854823,30,synthetic,2,9
288185,-26.888374,28,synthetic,1,7
288213,-1.900757,28,real,-1,7
288253,-23.564307,40,synthetic,2,19
288276,-8.034796,23,synthetic,0,2
288304,-23.321241,28,synthetic,1,7
288337,-15.504681,33,synthetic,0,12
288374,-41.876141,37,synthetic,2,16
288408,-2.970197,34,real,-1,13
288441,-5.588753,33,real,-1,12
288464,-11.305024,23,synthetic,0,2
288489,-1.797985,25,real,-1,4
288518,-31.058646,29,synthetic,2,8
288543,-18.709876,25,synthetic,1,4
288578,-15.124685,35,synthetic,0,14
288614,-25.570039,36,synthetic,1,15
288648,-0.281282,34,real,-1,13
288684,-28.094277,36,synthetic,2,15
288713,-24.335403,29,synthetic,2,8
288745,-24.247426,32,synthetic,2,11
288778,3.504563,33,real,-1,12
288814,-42.802342,36,synthetic,2,15
288845,-4.053943,31,real,-1,10
288876,-2.790471,31,real,-1,10
288917,-50.393213,41,synthetic,2,20
288949,-42.889583,32,synthetic,2,11
288975,0.114699,26,real,-1,5
289012,-31.613438,37,synthetic,2,16
289042,-32.089025,30,synthetic,1,9
289077,-37.641948,35,synthetic,2,14
289104,-10.121897,27,real,-1,6
289131,-1.434065,27,real,-1,6
289156,-8.113806,25,real,-1,4
289186,-4.725753,30,real,-1,9
289223,-34.971212,37,synthetic,2,16
289265,-20.228048,42,synthetic,0,21
289301,1.661408,36,real,-1,15
289333,-31.521654,32,synthetic,2,11
289367,-0.999309,34,real,-1,13
289397,-30.028205,30,synthetic,2,9
289425,-18.469825,28,synthetic,0,7
289456,-13.24442,31,synthetic,0,10
289497,-33.147999,41,synthetic,2,20
289524,-31.36692,27,synthetic,2,6
289564,4.535918,40,real,-1,19
289592,-0.875659,28,real,-1,7
289619,1.102783,27,real,-1,6
289647,-8.375801,28,synthetic,0,7
289671,3.431533,24,real,-1,3
289712,-34.215127,41,synthetic,2,20
289746,-0.710778,34,real,-1,13
289768,-1.068853,22,real,-1,1
289798,-6.343088,30,real,-1,9
289835,-28.743058,37,synthetic,1,16
289863,-27.294703,28,synthetic,1,7
289886,-36.504337,23,synthetic,2,2
289917,3.531117,31,real,-1,10
289952,-17.747503,35,synthetic,1,14
289979,-30.446789,27,synthetic,1,6
290001,-35.417763,22,synthetic,2,1
290031,-9.742404,30,real,-1,9
290071,0.276013,40,real,-1,19
290099,-11.13055,28,synthetic,0,7
290131,-10.227927,32,synthetic,0,11
290166,-16.963764,35,synthetic,0,14
290191,-13.991012,25,synthetic,0,4
290226,3.590071,35,real,-1,14
290249,-19.807846,23,synthetic,0,2
290285,-23.132677,36,synthetic,1,15
290320,-27.974176,35,synthetic,1,14
290354,-40.838655,34,synthetic,2,13
290379,-9.847774,25,synthetic,0,4
290409,-40.607626,30,synthetic,2,9
290433,-37.567086,24,synthetic,2,3
290471,-27.251988,38,synthetic,1,17
290494,-35.911874,23,synthetic,2,2
290518,-36.552016,24,synthetic,2,3
290556,-17.278929,38,synthetic,1,17
290579,-34.243771,23,synthetic,1,2
290610,-2.099507,31,real,-1,10
290649,-39.737269,39,synthetic,2,18
290690,-30.216544,41,synthetic,2,20
290726,-24.942161,36,synthetic,2,15
290750,-19.944054,24,synthetic,1,3
290790,-3.967244,40,real,-1,19
290812,-19.399177,22,synthetic,0,1
290848,-3.259874,36,real,-1,15
290875,-35.035639,27,synthetic,2,6
290900,-15.736699,25,synthetic,0,4
290925,-12.66991,25,synthetic,0,4
290967,-28.593106,42,synthetic,1,21
291008,-36.650349,41,synthetic,1,20
291033,-23.079362,25,synthetic,1,4
291054,-13.600786,21,synthetic,0,0
291092,-37.555134,38,synthetic,2,17
291121,-0.688752,29,real,-1,8
291143,-18.63898,22,synthetic,1,1
291175,5.520857,32,real,-1,11
291196,-20.911085,21,synthetic,1,0
291233,-25.750309,37,synthetic,1,16
291260,-27.898247,27,synthetic,2,6
291281,-13.982222,21,synthetic,0,0
291310,-18.817462,29,real,-1,8
291344,-36.94361,34,synthetic,2,13
291374,-38.180387,30,synthetic,2,9
291400,-5.186438,26,real,-1,5
291438,-14.538001,38,synthetic,0,17
291476,-2.737119,38,real,-1,17
291508,-10.02567,32,synthetic,0,11
291534,-21.870787,26,synthetic,1,5
291574,-34.973903,40,synthetic,1,19
291606,-4.979835,32,real,-1,11
291633,-24.730817,27,synthetic,1,6
291660,-5.067281,27,real,-1,6
291700,-32.931049,40,synthetic,2,19
291736,-31.138593,36,synthetic,2,15
291767,-36.655542,31,synthetic,2,10
291794,-29.106086,27,synthetic,1,6
291821,-15.711932,27,synthetic,1,6
291847,-15.363459,26,synthetic,0,5
291881,2.603137,34,real,-1,13
291918,-7.629307,37,synthetic,0,16
291940,-1.464142,22,synthetic,0,1
291968,-18.69884,28,synthetic,1,7
291996,-2.804469,28,real,-1,7
292029,-23.827361,33,synthetic,1,12
292062,-34.5633,33,synthetic,2,12
292098,-37.10108,36,synthetic,1,15
292127,0.6332,29,real,-1,8
292160,-17.552258,33,synthetic,1,12
292182,0.159904,22,real,-1,1
292203,-16.223792,21,synthetic,0,0
292228,-15.25384,25,synthetic,1,4
292257,-26.286114,29,synthetic,2,8
292286,-5.501131,29,real,-1,8
292322,-21.748512,36,synthetic,1,15
292361,-7.561921,39,real,-1,18
292382,-17.57518,21,synthetic,1,0
292409,0.45,27,real,-1,6
292443,0.68284,34,real,-1,13
292483,-16.104109,40,synthetic,0,19
292508,-39.921018,25,synthetic,2,4
292540,-4.301402,32,real,-1,11
292561,-11.559622,21,synthetic,0,0
292600,-22.622322,39,synthetic,1,18
292621,-26.505933,21,synthetic,1,0
292661,-5.077764,40,real,-1,19
292686,-30.596681,25,synthetic,2,4
292719,-49.149593,33,synthetic,2,12
292745,-26.405095,26,synthetic,1,5
292785,-13.592162,40,synthetic,1,19
292824,-14.505005,39,synthetic,0,18
292861,-47.728523,37,synthetic,2,16
292895,-33.277051,34,synthetic,2,13
292930,-3.820413,35,real,-1,14
292970,-34.336632,40,synthetic,2,19
292993,-9.45967,23,synthetic,0,2
293017,3.34401,24,real,-1,3
293042,-33.205118,25,synthetic,2,4
293069,-29.253486,27,synthetic,2,6
293098,-36.764919,29,synthetic,2,8
293130,-2.803119,32,real,-1,11
293155,-19.022412,25,synthetic,0,4
293185,-3.251794,30,real,-1,9
293212,-27.979158,27,synthetic,2,6
293245,-1.74552,33,real,-1,12
293274,-32.81027,29,synthetic,1,8
293316,-31.212751,42,synthetic,2,21
293338,-2.994276,22,real,-1,1
293374,-31.990379,36,synthetic,2,15
293396,-30.213017,22,synthetic,1,1
293437,-36.231295,41,synthetic,2,20
293477,-8.209655,40,real,-1,19
293508,-32.380353,31,synthetic,1,10
293537,-3.229011,29,real,-1,8
293575,-43.392405,38,synthetic,2,17
293609,-38.78518,34,synthetic,2,13
293640,-17.94831,31,synthetic,1,10
293676,-13.897977,36,synthetic,0,15
293706,-0.618022,30,real,-1,9
293730,-16.840826,24,synthetic,1,3
293757,-2.078041,27,real,-1,6
293798,-6.874183,41,real,-1,20
293835,-11.319285,37,synthetic,0,16
293865,-24.265182,30,synthetic,1,9
293887,-41.680222,22,synthetic,2,1
293929,-21.958005,42,synthetic,1,21
293955,-35.041466,26,synthetic,2,5
293995,-25.32088,40,synthetic,2,19
294027,-22.169562,32,synthetic,1,11
294050,-25.407764,23,synthetic,1,2
294073,2.385853,23,real,-1,2
294113,-13.790872,40,synthetic,0,19
294150,0.468012,37,real,-1,16
294176,-49.47015,26,synthetic,2,5
294216,-15.423185,40,synthetic,1,19
294247,-27.190998,31,synthetic,1,10
294281,1.492229,34,real,-1,13
294306,-12.593182,25,synthetic,0,4
294327,-34.592947,21,synthetic,2,0
294360,-5.852402,33,real,-1,12
294402,-17.995629,42,synthetic,0,21
294439,-24.286689,37,synthetic,1,16
294470,-14.469024,31,real,-1,10
294508,-28.847223,38,synthetic,2,17
294536,-1.329922,28,real,-1,7
294576,-17.087541,40,synthetic,0,19
294606,-31.310034,30,synthetic,1,9
294644,-30.819378,38,synthetic,1,17
294673,-28.434661,29,synthetic,2,8
294711,0.749976,38,real,-1,17
294738,-9.86264,27,real,-1,6
294759,-1.944235,21,real,-1,0
294783,-15.852466,24,synthetic,0,3
294818,-15.139193,35,synthetic,0,14
294856,-2.082464,38,real,-1,17
294893,0.184389,37,real,-1,16
294932,-32.251387,39,synthetic,2,18
294956,-31.808841,24,synthetic,2,3
294991,-28.075801,35,synthetic,1,14
295028,-3.75414,37,real,-1,16
295058,-34.294793,30,synthetic,2,9
295086,-34.295952,28,synthetic,2,7
295108,-28.763813,22,synthetic,1,1
295144,-7.031447,36,synthetic,0,15
295177,-36.885704,33,synthetic,2,12
295203,-14.172816,26,synthetic,0,5
295230,-44.026599,27,synthetic,2,6
295258,-21.642768,28,synthetic,1,7
295282,-30.25258,24,synthetic,2,3
295305,-18.667631,23,synthetic,0,2
295326,-13.789509,21,synthetic,1,0
295350,2.481471,24,real,-1,3
295372,-31.305298,22,synthetic,1,1
295413,-13.076303,41,synthetic,1,20
295443,-21.954887,30,synthetic,1,9
295485,-7.935053,42,synthetic,0,21
295510,-2.625843,25,real,-1,4
295551,5.842779,41,real,-1,20
295573,-21.0552,22,synthetic,1,1
295599,-12.748161,26,synthetic,0,5
295624,-8.48258,25,real,-1,4
295649,-11.970755,25,synthetic,0,4
295674,-15.234239,25,synthetic,0,4
295700,-2.54226,26,real,-1,5
295736,-30.699394,36,synthetic,2,15
295760,-13.884098,24,synthetic,0,3
295787,-2.16387,27,real,-1,6
295825,-2.003179,38,real,-1,17
295866,-17.330597,41,synthetic,0,20
295890,-26.790012,24,synthetic,1,3
295929,-42.97472,39,synthetic,2,18
295955,-4.760933,26,real,-1,5
295992,0.181425,37,real,-1,16
296026,-16.37408,34,synthetic,0,13
296063,-2.332521,37,real,-1,16
296099,-8.203212,36,real,-1,15
296130,-11.488293,31,synthetic,0,10
296172,-4.774764,42,real,-1,21
296209,-18.896652,37,synthetic,1,16
296248,-19.045213,39,synthetic,0,18
296276,-1.644041,28,real,-1,7
296311,-32.824441,35,synthetic,2,14
296334,-7.231948,23,real,-1,2
296362,-15.61344,28,synthetic,0,7
296386,-4.626487,24,real,-1,3
296418,-24.332146,32,synthetic,1,11
296439,-25.528439,21,synthetic,1,0
296468,-7.551654,29,real,-1,8
296510,-4.046201,42,synthetic,0,21
296534,-14.091737,24,synthetic,0,3
296567,0.748455,33,real,-1,12
296593,-30.825171,26,synthetic,2,5
296619,-1.181121,26,real,-1,5
296646,-3.366135,27,real,-1,6
296688,-10.972934,42,synthetic,0,21
296724,-12.779066,36,real,-1,15
296745,-7.220458,21,synthetic,0,0
296766,-2.854541,21,real,-1,0
296804,-32.55189,38,synthetic,2,17
296830,-4.961703,26,synthetic,0,5
296870,-26.307694,40,synthetic,0,19
296903,-50.315729,33,synthetic,2,12
296933,-42.317477,30,synthetic,2,9
296958,-6.601257,25,synthetic,0,4
296996,-15.865303,38,synthetic,0,17
297025,-1.62345,29,real,-1,8
297063,2.283676,38,real,-1,17
297099,-30.405856,36,synthetic,1,15
297120,-31.052069,21,synthetic,2,0
297161,-2.29254,41,real,-1,20
297190,-28.161811,29,synthetic,2,8
297221,2.788908,31,real,-1,10
297257,-13.450576,36,synthetic,1,15
297291,-31.675202,34,synthetic,2,13
297327,-7.478838,36,real,-1,15
297362,-8.477551,35,synthetic,0,14
297395,-0.421457,33,real,-1,12
297432,-12.390247,37,synthetic,0,16
297459,-13.515126,27,synthetic,0,6
297484,-1.966676,25,real,-1,4
297524,-31.188802,40,synthetic,2,19
297565,-22.528133,41,synthetic,0,20
297607,-38.32549,42,synthetic,2,21
297636,-3.652344,29,real,-1,8
297659,-6.20575,23,synthetic,0,2
297683,-25.388578,24,synthetic,1,3
297724,-23.666377,41,synthetic,2,20
297766,-12.95099,42,synthetic,0,21
297789,-33.065953,23,synthetic,2,2
297826,-10.403552,37,real,-1,16
297864,-32.849131,38,synthetic,1,17
297889,4.848511,25,real,-1,4
297916,-20.46281,27,synthetic,1,6
297950,-32.94552,34,synthetic,1,13
297982,0.370888,32,real,-1,11
298003,-23.677636,21,synthetic,1,0
298032,-9.462665,29,synthetic,0,8
298068,-45.084848,36,synthetic,2,15
298102,-9.611573,34,synthetic,1,13
298124,-36.489086,22,synthetic,2,1
298152,-5.847824,28,synthetic,0,7
298184,-9.591289,32,real,-1,11
298223,-52.770359,39,synthetic,2,18
298264,-14.742021,41,synthetic,0,20
298300,-39.310464,36,synthetic,2,15
298322,-34.857458,22,synthetic,2,1
298347,1.453493,25,real,-1,4
298372,-3.366647,25,real,-1,4
298394,-2.40615,22,real,-1,1
298436,-5.562564,42,real,-1,21
298458,-3.157628,22,real,-1,1
298499,1.613131,41,real,-1,20
298526,-7.321602,27,real,-1,6
298559,-34.32952,33,synthetic,1,12
298593,-25.081603,34,synthetic,1,13
298619,1.611828,26,real,-1,5
298661,-4.603998,42,real,-1,21
298686,-35.744459,25,synthetic,2,4
298713,-31.899002,27,synthetic,2,6
298753,-6.957699,40,real,-1,19
298789,-12.148559,36,synthetic,0,15
298827,-32.781174,38,synthetic,2,17
298867,-9.099201,40,real,-1,19
298906,-1.07405,39,real,-1,18
298936,-9.849227,30,synthetic,0,9
298973,-10.188489,37,synthetic,0,16
299013,-39.237904,40,synthetic,2,19
299051,-35.497237,38,synthetic,2,17
299082,-58.306312,31,synthetic,2,10
299110,-44.938258,28,synthetic,2,7
299138,-25.845107,28,synthetic,1,7
299162,-3.622974,24,real,-1,3
299190,-1.427197,28,real,-1,7
299227,-20.654807,37,synthetic,1,16
299254,-9.720729,27,real,-1,6
299279,-18.427698,25,synthetic,1,4
299303,-42.453521,24,synthetic,2,3
299327,-14.741659,24,synthetic,0,3
299357,1.662622,30,real,-1,9
299396,-30.276613,39,synthetic,2,18
299436,1.550012,40,real,-1,19
299472,-0.848777,36,real,-1,15
299509,-30.642773,37,synthetic,1,16
299549,-28.68905,40,synthetic,1,19
299591,-24.577118,42,synthetic,0,21
299614,-10.137633,23,synthetic,0,2
299643,-12.265754,29,synthetic,0,8
299665,-1.564457,22,real,-1,1
299693,-15.53152,28,synthetic,1,7
299719,-0.256041,26,real,-1,5
299740,-7.308006,21,real,-1,0
299766,-25.944622,26,synthetic,1,5
299800,-31.475858,34,synthetic,1,13
299824,-15.368396,24,synthetic,0,3
299850,-33.067634,26,synthetic,2,5
299871,-0.615209,21,real,-1,0
299900,-4.242489,29,real,-1,8
299924,-9.676018,24,synthetic,0,3
299962,-43.326404,38,synthetic,2,17
300003,-0.616259,41,real,-1,20
300033,-26.521499,30,synthetic,1,9
300071,-8.817988,38,real,-1,17
300095,-4.023422,24,real,-1,3
300128,3.276572,33,real,-1,12
300167,-0.406378,39,real,-1,18
300189,-19.742822,22,synthetic,1,1
300219,-6.957894,30,real,-1,9
300247,-0.962807,28,real,-1,7
300281,-30.963392,34,synthetic,2,13
300315,-17.477407,34,synthetic,0,13
300355,-30.694945,40,synthetic,2,19
300376,-11.696435,21,synthetic,0,0
300404,-35.285144,28,synthetic,2,7
300432,-0.879865,28,real,-1,7
300469,-34.506525,37,synthetic,2,16
300506,-21.37875,37,synthetic,1,16
300540,-42.125239,34,synthetic,2,13
300576,-11.174664,36,synthetic,0,15
300607,-25.811873,31,synthetic,1,10
300646,-9.560964,39,synthetic,0,18
300671,-25.609076,25,synthetic,1,4
300697,-25.830645,26,synthetic,1,5
300721,-0.820238,24,real,-1,3
300756,-40.132873,35,synthetic,2,14
300779,-19.914572,23,synthetic,1,2
300810,-30.471463,31,synthetic,2,10
300835,3.581786,25,real,-1,4
300871,-28.293094,36,synthetic,1,15
300910,-6.286792,39,real,-1,18
300942,-22.227612,32,synthetic,1,11
300980,-33.797615,38,synthetic,2,17
301018,-28.422287,38,synthetic,1,17
301045,-21.851723,27,synthetic,0,6
301087,-1.266354,42,real,-1,21
301123,-21.824989,36,synthetic,0,15
301149,3.258868,26,real,-1,5
301170,-13.657537,21,synthetic,0,0
301191,-0.532385,21,real,-1,0
301212,-6.538538,21,real,-1,0
301246,-25.337237,34,synthetic,1,13
301280,-23.465099,34,synthetic,1,13
301322,6.525569,42,real,-1,21
301357,-27.269627,35,synthetic,1,14
301396,-30.171949,39,synthetic,2,18
301435,-24.850021,39,synthetic,1,18
301469,-3.624668,34,real,-1,13
301508,-10.299901,39,real,-1,18
301549,-28.703843,41,synthetic,2,20
301584,1.09985,35,real,-1,14
301608,-32.583875,24,synthetic,2,3
301636,-28.977804,28,synthetic,1,7
301675,-3.078007,39,real,-1,18
301709,-7.541517,34,real,-1,13
301734,-23.231473,25,synthetic,1,4
301772,-41.83315,38,synthetic,2,17
301803,-35.077222,31,synthetic,2,10
301845,-27.101386,42,synthetic,2,21
301867,1.432068,22,real,-1,1
301907,-13.169683,40,synthetic,0,19
301944,-44.073081,37,synthetic,2,16
301977,-39.26004,33,synthetic,2,12
302016,-34.037608,39,synthetic,2,18
302038,-2.759512,22,real,-1,1
302063,5.601936,25,real,-1,4
302093,-2.065048,30,real,-1,9
302122,-9.828459,29,synthetic,0,8
302163,-20.01832,41,synthetic,0,20
302189,-35.440747,26,synthetic,2,5
302218,-5.556517,29,real,-1,8
302259,-10.720196,41,synthetic,0,20
302296,-22.486368,37,synthetic,0,16
302338,-20.633948,42,synthetic,0,21
302369,-2.651162,31,real,-1,10
302397,-42.775882,28,synthetic,2,7
302428,-3.040795,31,real,-1,10
302449,-42.313238,21,synthetic,2,0
302480,-2.640207,31,real,-1,10
302516,-7.584906,36,real,-1,15
302538,-12.805602,22,synthetic,0,1
302577,-7.373118,39,synthetic,0,18
302598,-5.059307,21,real,-1,0
302627,-5.657482,29,real,-1,8
302667,-31.904509,40,synthetic,2,19
302698,-26.68367,31,synthetic,2,10
302733,-2.873604,35,real,-1,14
302754,-3.285791,21,real,-1,0
302776,-11.911114,22,real,-1,1
302810,-6.895321,34,synthetic,0,13
302837,-3.051141,27,real,-1,6
302871,-8.22542,34,real,-1,13
302905,-5.791464,34,real,-1,13
302933,-9.377546,28,real,-1,7
302960,-28.391696,27,synthetic,1,6
302994,-29.880397,34,synthetic,1,13
303017,-34.436054,23,synthetic,2,2
303052,-29.879449,35,synthetic,2,14
303082,-33.280566,30,synthetic,2,9
303118,-6.724343,36,synthetic,0,15
303140,-26.926041,22,synthetic,1,1
303179,-15.933788,39,synthetic,0,18
303207,-3.61911,28,real,-1,7
303240,-8.963573,33,synthetic,0,12
303280,-17.271103,40,synthetic,0,19
303318,-8.337817,38,synthetic,2,17
303343,-19.017623,25,synthetic,1,4
303377,-36.058124,34,synthetic,1,13
303405,-6.215642,28,real,-1,7
303440,-38.786508,35,synthetic,2,14
303473,-1.35771,33,real,-1,12
303508,-33.682886,35,synthetic,2,14
303540,-2.486064,32,real,-1,11
303577,-37.438343,37,synthetic,1,16
303603,-30.311227,26,synthetic,2,5
303626,-11.772589,23,synthetic,0,2
303652,-31.416572,26,synthetic,1,5
303677,-28.670971,25,synthetic,1,4
303716,-29.769362,39,synthetic,1,18
303742,-28.421006,26,synthetic,2,5
303776,-39.523626,34,synthetic,2,13
303804,-27.527897,28,synthetic,1,7
303826,-17.553237,22,synthetic,0,1
303849,-29.130821,23,synthetic,2,2
303875,-20.293354,26,synthetic,1,5
303905,-0.227648,30,real,-1,9
303943,-1.216818,38,real,-1,17
303972,-46.429797,29,synthetic,2,8
304013,-33.926636,41,synthetic,2,20
304045,-7.810056,32,synthetic,0,11
304083,6.184207,38,real,-1,17
304106,-0.66992,23,real,-1,2
304142,-12.491968,36,synthetic,0,15
304170,-3.04201,28,real,-1,7
304194,3.224882,24,real,-1,3
304221,0.037398,27,real,-1,6
304252,-11.725499,31,real,-1,10
304285,-0.064682,33,real,-1,12
304327,-43.323732,42,synthetic,2,21
304363,-37.806498,36,synthetic,2,15
304389,-32.051031,26,synthetic,2,5
304420,-28.659223,31,synthetic,1,10
304456,3.895391,36,real,-1,15
304486,-18.156988,30,synthetic,0,9
304528,-12.313989,42,synthetic,0,21
304554,-29.15412,26,synthetic,1,5
304577,-13.266013,23,synthetic,0,2
304609,5.668228,32,real,-1,11
304640,-30.476857,31,synthetic,2,10
304681,-19.515294,41,synthetic,1,20
304711,-26.347814,30,synthetic,2,9
304737,-20.019001,26,synthetic,0,5
304761,-9.645415,24,synthetic,0,3
304793,-30.338498,32,synthetic,1,11
304828,-38.946077,35,synthetic,2,14
304855,-8.371601,27,real,-1,6
304883,-28.948604,28,synthetic,1,7
304907,-6.324365,24,real,-1,3
304940,-26.991787,33,synthetic,2,12
304966,-33.552161,26,synthetic,2,5
304988,-2.381414,22,real,-1,1
305029,-1.915619,41,real,-1,20
305050,-24.97869,21,synthetic,1,0
305084,-46.373154,34,synthetic,2,13
305109,-19.680183,25,synthetic,1,4
305146,-0.751526,37,real,-1,16
305178,-9.543207,32,real,-1,11
305209,-4.58921,31,real,-1,10
305251,-8.295813,42,real,-1,21
305288,-18.995445,37,synthetic,0,16
305319,-5.507204,31,real,-1,10
305359,-26.42751,40,synthetic,1,19
305391,-14.84358,32,synthetic,0,11
305432,2.112491,41,real,-1,20
305455,-36.937162,23,synthetic,2,2
305482,-43.559582,27,synthetic,2,6
305517,-17.520977,35,synthetic,0,14
305546,-36.370095,29,synthetic,2,8
305569,-28.499745,23,synthetic,1,2
305610,-23.915063,41,synthetic,1,20
305641,-8.896247,31,synthetic,0,10
305669,-20.835363,28,synthetic,1,7
305698,-9.046475,29,real,-1,8
305740,-4.66302,42,real,-1,21
305778,3.530096,38,real,-1,17
305814,-37.632089,36,synthetic,2,15
305851,-8.159657,37,synthetic,0,16
305877,-30.187044,26,synthetic,1,5
305900,1.638439,23,real,-1,2
305941,-5.618721,41,real,-1,20
305979,-27.678672,38,synthetic,1,17
306013,-10.61889,34,synthetic,0,13
306036,-15.05271,23,synthetic,0,2
306063,-20.34215,27,synthetic,1,6
306103,-3.064111,40,real,-1,19
306145,-33.418228,42,synthetic,2,21
306167,9.11298,22,real,-1,1
306189,-3.719457,22,real,-1,1
306222,-20.609077,33,synthetic,1,12
306251,-29.928894,29,synthetic,2,8
306287,-23.079984,36,synthetic,1,15
306323,-11.588441,36,synthetic,0,15
306344,-8.690624,21,synthetic,0,0
306379,-14.261362,35,synthetic,0,14
306401,-33.464222,22,synthetic,2,1
306429,-12.663495,28,synthetic,0,7
306458,-41.847995,29,synthetic,2,8
306479,-9.844965,21,synthetic,0,0
306505,-18.890789,26,synthetic,1,5
306537,-19.436209,32,synthetic,1,11
306566,-28.337303,29,synthetic,2,8
306587,-28.80075,21,synthetic,1,0
306625,-29.787773,38,synthetic,1,17
306667,-45.342828,42,synthetic,2,21
306692,-8.126325,25,synthetic,0,4
306728,-2.511166,36,synthetic,0,15
306757,-34.048183,29,synthetic,2,8
306798,-18.694277,41,synthetic,1,20
306837,-3.533049,39,real,-1,18
306874,-1.776524,37,real,-1,16
306913,-41.69308,39,synthetic,2,18
306952,-18.131331,39,synthetic,0,18
306975,-28.929641,23,synthetic,1,2
306999,-29.888505,24,synthetic,2,3
307041,-0.398317,42,real,-1,21
307072,-39.44215,31,synthetic,2,10
307113,-10.315359,41,real,-1,20
307134,-23.948937,21,synthetic,1,0
307161,0.032711,27,real,-1,6
307197,-13.284598,36,real,-1,15
307220,-33.2465,23,synthetic,2,2
307257,-26.595531,37,synthetic,0,16
307297,5.75155,40,real,-1,19
307336,-7.805347,39,synthetic,0,18
307365,-40.005399,29,synthetic,2,8
307386,-19.512538,21,synthetic,1,0
307425,-9.394502,39,synthetic,0,18
307467,-8.382196,42,real,-1,21
307494,-14.150642,27,synthetic,0,6
307521,-36.069089,27,synthetic,2,6
307562,-44.985436,41,synthetic,1,20
307587,-18.450581,25,synthetic,1,4
307620,1.200783,33,real,-1,12
307641,-2.368117,21,real,-1,0
307666,1.930838,25,real,-1,4
307701,-31.755845,35,synthetic,2,14
307739,-2.394383,38,real,-1,17
307771,-6.568156,32,real,-1,11
307797,-32.295177,26,synthetic,2,5
307830,-9.281279,33,synthetic,0,12
307861,-28.651143,31,synthetic,1,10
307888,-8.113711,27,real,-1,6
307928,-32.818866,40,synthetic,2,19
307969,-1.201443,41,real,-1,20
308011,-6.834582,42,real,-1,21
308048,-23.810096,37,synthetic,1,16
308075,-31.014292,27,synthetic,2,6
308096,-28.463443,21,synthetic,1,0
308132,3.195635,36,real,-1,15
308159,-23.313591,27,synthetic,1,6
308193,-20.602413,34,synthetic,1,13
308218,-13.522458,25,synthetic,1,4
308259,-13.127706,41,synthetic,1,20
308286,2.304947,27,real,-1,6
308327,-11.63678,41,synthetic,0,20
308353,-16.705262,26,synthetic,1,5
308374,-14.864899,21,synthetic,0,0
308411,-5.127402,37,real,-1,16
308443,3.434277,32,real,-1,11
308473,-15.188883,30,real,-1,9
308499,-9.130292,26,synthetic,0,5
308534,-21.566702,35,synthetic,1,14
308561,-24.488932,27,synthetic,1,6
308596,-1.627499,35,real,-1,14
308631,-29.476244,35,synthetic,1,14
308668,3.683541,37,real,-1,16
308702,1.071705,34,real,-1,13
308727,-9.192709,25,synthetic,0,4
308762,-25.843146,35,synthetic,1,14
308792,0.665201,30,real,-1,9
308832,-12.914425,40,synthetic,0,19
308872,-20.544845,40,synthetic,0,19
308910,-35.575394,38,synthetic,1,17
308952,-34.029435,42,synthetic,2,21
308974,0.733204,22,real,-1,1
308999,-3.620026,25,real,-1,4
309034,-29.056345,35,synthetic,2,14
309073,1.569931,39,real,-1,18
309105,-9.306352,32,synthetic,0,11
309135,-20.740421,30,synthetic,1,9
309159,-11.570087,24,synthetic,0,3
309180,-32.612719,21,synthetic,1,0
309217,-6.416024,37,synthetic,0,16
309243,-27.301733,26,synthetic,1,5
309265,-1.191076,22,real,-1,1
309298,-15.668349,33,synthetic,1,12
309327,-23.731092,29,synthetic,2,8
309365,-19.397301,38,synthetic,1,17
309386,-16.617745,21,synthetic,0,0
309407,-18.929949,21,synthetic,1,0
309443,-19.339058,36,synthetic,1,15
309466,-22.398992,23,synthetic,1,2
309502,-2.553823,36,real,-1,15
309543,1.535954,41,real,-1,20
309564,3.0204,21,real,-1,0
309604,-25.723946,40,synthetic,1,19
309638,-18.927251,34,synthetic,0,13
309678,-1.351108,40,real,-1,19
309708,2.34711,30,real,-1,9
309732,-8.542637,24,real,-1,3
309753,-11.289038,21,synthetic,0,0
309792,-38.719545,39,synthetic,2,18
309828,-3.961348,36,real,-1,15
309862,-2.918319,34,real,-1,13
309896,-4.603214,34,real,-1,13
309937,-31.674924,41,synthetic,1,20
309977,-0.401756,40,real,-1,19
310011,-4.158973,34,real,-1,13
310048,-6.874294,37,real,-1,16
310085,1.432643,37,real,-1,16
310110,-25.937676,25,synthetic,1,4
310140,-16.381892,30,synthetic,1,9
310177,-1.692725,37,real,-1,16
310213,-12.013962,36,synthetic,0,15
310243,3.231189,30,real,-1,9
310266,-5.254652,23,real,-1,2
310305,-11.98511,39,real,-1,18
310333,-4.930915,28,real,-1,7
310368,-23.565237,35,synthetic,1,14
310403,0.41029,35,real,-1,14
310436,-40.211921,33,synthetic,2,12
310474,-17.485149,38,synthetic,1,17
310506,-0.493911,32,real,-1,11
310538,-1.454215,32,real,-1,11
310580,4.326457,42,real,-1,21
310611,-30.529253,31,synthetic,2,10
310653,-4.775046,42,real,-1,21
310677,-2.836113,24,real,-1,3
310702,-2.065276,25,real,-1,4
310741,2.697896,39,real,-1,18
310778,-11.353157,37,synthetic,0,16
310817,-16.35875,39,synthetic,1,18
310840,-21.416975,23,synthetic,2,2
310872,-13.048399,32,synthetic,1,11
310894,-21.517322,22,synthetic,0,1
310927,-4.258382,33,real,-1,12
310958,0.684616,31,real,-1,10
310983,-8.505038,25,synthetic,0,4
311013,-40.793372,30,synthetic,2,9
311041,-39.547539,28,synthetic,2,7
311068,-15.377686,27,synthetic,1,6
311105,-13.870889,37,synthetic,0,16
311126,-33.820351,21,synthetic,2,0
311147,-25.061849,21,synthetic,1,0
311172,-19.461825,25,synthetic,2,4
311197,-3.264968,25,real,-1,4
311218,-40.746154,21,synthetic,2,0
311242,-32.005694,24,synthetic,2,3
311277,-24.166651,35,synthetic,1,14
311310,-6.781983,33,real,-1,12
311342,-1.345017,32,real,-1,11
311377,-7.615546,35,synthetic,0,14
311405,-17.972266,28,synthetic,0,7
311439,-12.597856,34,synthetic,0,13
311470,-16.005134,31,synthetic,0,10
311495,3.674373,25,real,-1,4
311527,-35.755373,32,synthetic,2,11
311554,-0.368503,27,real,-1,6
311589,-12.004375,35,synthetic,0,14
311612,-17.174656,23,synthetic,0,2
311650,1.267696,38,real,-1,17
311678,-19.690157,28,synthetic,1,7
311711,-11.655978,33,synthetic,0,12
311742,-6.302625,31,real,-1,10
311764,-4.638623,22,real,-1,1
311789,-16.168115,25,synthetic,0,4
311830,-33.334996,41,synthetic,2,20
311852,-14.169749,22,synthetic,1,1
311886,-17.330997,34,synthetic,0,13
311922,-40.394499,36,synthetic,2,15
311945,-20.58657,23,synthetic,1,2
311969,-30.071124,24,synthetic,1,3
312000,-3.462301,31,synthetic,0,10
312024,-23.644419,24,synthetic,1,3
312055,-4.138028,31,real,-1,10
312081,-32.90373,26,synthetic,2,5
312109,-18.647199,28,synthetic,0,7
312133,1.284352,24,real,-1,3
312174,-27.026979,41,synthetic,2,20
312208,-50.333953,34,synthetic,2,13
312245,-5.734037,37,real,-1,16
312275,-32.151852,30,synthetic,1,9
312311,7.879836,36,real,-1,15
312347,-40.248625,36,synthetic,2,15
312382,-39.146912,35,synthetic,2,14
312415,-41.063451,33,synthetic,2,12
312441,-0.436442,26,real,-1,5
312471,-6.362198,30,real,-1,9
312498,0.99178,27,real,-1,6
312519,-37.989212,21,synthetic,2,0
312550,-31.984204,31,synthetic,2,10
312576,-21.395874,26,synthetic,1,5
312600,-42.369434,24,synthetic,2,3
312621,-0.333508,21,real,-1,0
312649,-8.504087,28,real,-1,7
312675,-12.024973,26,synthetic,0,5
312712,-34.664501,37,synthetic,1,16
312754,-31.474594,42,synthetic,1,21
312776,-24.732525,22,synthetic,2,1
312808,-6.008264,32,real,-1,11
312843,-24.310255,35,synthetic,1,14
312869,-17.330157,26,synthetic,0,5
312894,-0.616704,25,real,-1,4
312919,-25.823738,25,synthetic,1,4
312942,-18.484269,23,synthetic,1,2
312968,-17.769789,26,synthetic,1,5
313002,4.620153,34,real,-1,13
313038,-47.540991,36,synthetic,2,15
313079,-2.52971,41,real,-1,20
313116,-2.156492,37,real,-1,16
313144,-17.133625,28,synthetic,0,7
313167,-38.389526,23,synthetic,2,2
313206,-35.490533,39,synthetic,2,18
313231,-17.829562,25,synthetic,1,4
313261,-23.333979,30,synthetic,1,9
313301,-30.313742,40,synthetic,1,19
313342,-32.081779,41,synthetic,2,20
313371,-1.809231,29,real,-1,8
313410,-30.763928,39,synthetic,1,18
313435,-8.575615,25,synthetic,0,4
313469,-10.151659,34,synthetic,0,13
313509,-0.094132,40,real,-1,19
313548,-25.829867,39,synthetic,1,18
313575,-21.11556,27,synthetic,1,6
313610,1.463461,35,real,-1,14
313646,-25.686474,36,synthetic,1,15
313667,-21.9791,21,synthetic,1,0
313705,-43.192687,38,synthetic,2,17
313745,-13.964498,40,synthetic,0,19
313769,-31.536105,24,synthetic,2,3
313799,-26.61398,30,synthetic,1,9
313841,-18.42784,42,synthetic,1,21
313869,-29.485348,28,synthetic,2,7
313898,-26.3352,29,synthetic,2,8
313931,-1.550565,33,real,-1,12
313970,-26.693852,39,synthetic,2,18
313993,1.531326,23,real,-1,2
314022,-17.87642,29,synthetic,0,8
314053,-25.003447,31,synthetic,0,10
314092,-24.332998,39,synthetic,1,18
314116,-20.497071,24,synthetic,2,3
314153,-16.437484,37,synthetic,1,16
314184,-12.700407,31,synthetic,0,10
314206,-10.203554,22,synthetic,0,1
314238,-38.923615,32,synthetic,2,11
314275,-4.206921,37,real,-1,16
314307,-21.684476,32,synthetic,1,11
314331,-19.469421,24,synthetic,1,3
314352,-9.89658,21,synthetic,0,0
314387,-29.958788,35,synthetic,1,14
314424,-11.093752,37,real,-1,16
314460,-13.17063,36,synthetic,1,15
314499,-28.205757,39,synthetic,1,18
314531,-11.409446,32,synthetic,0,11
314563,-22.716338,32,synthetic,1,11
314600,-10.854097,37,real,-1,16
314621,-34.048129,21,synthetic,2,0
314662,-45.923841,41,synthetic,2,20
314695,-34.755014,33,synthetic,2,12
314720,-3.939128,25,real,-1,4
314758,-4.200676,38,real,-1,17
314783,-3.712053,25,real,-1,4
314825,-20.653733,42,synthetic,1,21
314866,0.838703,41,real,-1,20
314899,-4.024636,33,real,-1,12
314924,-22.456218,25,synthetic,1,4
314963,-12.597344,39,synthetic,0,18
315003,-24.038661,40,synthetic,2,19
315034,-30.726454,31,synthetic,1,10
315061,-43.874006,27,synthetic,2,6
315096,-5.258275,35,real,-1,14
315126,-37.675992,30,synthetic,2,9
315149,-0.004016,23,real,-1,2
315182,-4.443147,33,real,-1,12
315206,-8.247409,24,synthetic,0,3
315248,-25.207021,42,synthetic,1,21
315279,-19.289614,31,synthetic,1,10
315310,1.089476,31,real,-1,10
315340,-2.85285,30,real,-1,9
315372,-23.509738,32,synthetic,1,11
315401,-17.223905,29,synthetic,1,8
315440,-31.494651,39,synthetic,1,18
315478,-36.177255,38,synthetic,1,17
315508,2.658816,30,real,-1,9
315529,-7.29953,21,real,-1,0
315556,-10.791147,27,real,-1,6
315579,-11.74749,23,synthetic,0,2
315604,-7.42041,25,real,-1,4
315634,1.945909,30,real,-1,9
315669,-26.30401,35,synthetic,1,14
315694,0.378126,25,real,-1,4
315733,-28.295276,39,synthetic,1,18
315761,-26.913987,28,synthetic,1,7
315787,-36.380184,26,synthetic,2,5
315811,-19.353093,24,synthetic,1,3
315843,-25.072219,32,synthetic,1,11
315873,4.43022,30,real,-1,9
315908,-24.258636,35,synthetic,1,14
315944,-2.66903,36,synthetic,0,15
315985,-42.549842,41,synthetic,2,20
316011,-29.873249,26,synthetic,2,5
316043,-21.251037,32,synthetic,1,11
316066,-38.853504,23,synthetic,2,2
316088,-25.8258,22,synthetic,1,1
316122,-19.013086,34,synthetic,2,13
316149,-14.954222,27,synthetic,0,6
316188,-22.964758,39,synthetic,1,18
316229,-7.264818,41,real,-1,20
316270,-26.355808,41,synthetic,1,20
316308,-29.426034,38,synthetic,2,17
316338,-24.495089,30,synthetic,1,9
316367,1.026891,29,real,-1,8
316404,-21.301267,37,synthetic,0,16
316446,-21.002888,42,synthetic,1,21
316478,-32.352447,32,synthetic,1,11
316516,-13.034309,38,synthetic,0,17
316540,-22.739995,24,synthetic,1,3
316562,-6.030343,22,synthetic,0,1
316592,-18.410615,30,synthetic,1,9
316618,-21.278231,26,synthetic,1,5
316657,-10.265927,39,real,-1,18
316690,-19.802895,33,synthetic,1,12
316717,-18.35172,27,synthetic,0,6
316745,0.189514,28,real,-1,7
316777,-31.523456,32,synthetic,2,11
316819,-5.668507,42,real,-1,21
316849,-4.472343,30,real,-1,9
316887,-21.845622,38,synthetic,0,17
316913,-12.121318,26,real,-1,5
316934,0.869723,21,real,-1,0
316959,-0.562779,25,real,-1,4
316987,-28.155204,28,synthetic,2,7
317015,-16.122946,28,synthetic,0,7
317051,-11.475154,36,synthetic,0,15
317086,-9.969619,35,synthetic,0,14
317118,-4.457357,32,real,-1,11
317156,-7.004543,38,real,-1,17
317194,-35.32466,38,synthetic,2,17
317230,-40.686589,36,synthetic,2,15
317271,-34.949521,41,synthetic,1,20
317310,-17.834665,39,synthetic,1,18
317343,-16.531972,33,synthetic,0,12
317373,-22.419895,30,synthetic,1,9
317402,-31.913791,29,synthetic,2,8
317443,-18.27676,41,synthetic,0,20
317476,-22.610826,33,synthetic,1,12
317508,-12.585825,32,synthetic,0,11
317533,0.867093,25,real,-1,4
317569,-37.129113,36,synthetic,2,15
317597,0.517725,28,real,-1,7
317628,-1.413314,31,real,-1,10
317657,-30.540827,29,synthetic,1,8
317685,-39.650955,28,synthetic,2,7
317726,-2.42106,41,real,-1,20
317751,-12.066486,25,synthetic,0,4
317780,-0.17033,29,real,-1,8
317819,-23.237703,39,synthetic,1,18
317854,-7.060946,35,synthetic,0,14
317887,-22.384447,33,synthetic,1,12
317926,-23.960673,39,synthetic,0,18
317966,-6.403077,40,synthetic,0,19
318007,-8.017721,41,real,-1,20
318037,-30.562827,30,synthetic,1,9
318062,-30.059206,25,synthetic,1,4
318099,-27.455235,37,synthetic,1,16
318129,-9.497789,30,synthetic,0,9
318157,-18.551112,28,synthetic,0,7
318181,0.020373,24,real,-1,3
318209,-15.204476,28,synthetic,0,7
318231,-17.895472,22,synthetic,1,1
318273,-37.424931,42,synthetic,2,21
318314,-18.418291,41,synthetic,0,20
318337,-26.962622,23,synthetic,1,2
318359,-27.798951,22,synthetic,2,1
318383,-36.011301,24,synthetic,2,3
318422,-41.388439,39,synthetic,2,18
318452,-25.075995,30,synthetic,1,9
318477,-24.558435,25,synthetic,2,4
318510,-21.290671,33,synthetic,1,12
318534,2.283656,24,real,-1,3
318563,-2.956131,29,real,-1,8
318598,-36.496934,35,synthetic,2,14
318638,-22.798805,40,synthetic,1,19
318659,-36.605406,21,synthetic,2,0
318697,-9.084334,38,synthetic,0,17
318718,-25.096528,21,synthetic,1,0
318740,-28.447653,22,synthetic,2,1
318776,0.393681,36,real,-1,15
318807,-38.946168,31,synthetic,2,10
318838,-25.054317,31,synthetic,1,10
318877,-33.32463,39,synthetic,1,18
318905,-10.809388,28,synthetic,0,7
318943,-22.391807,38,synthetic,1,17
318975,-32.167846,32,synthetic,2,11
319000,-22.055041,25,synthetic,1,4
319042,-2.097457,42,real,-1,21
319083,-14.970154,41,synthetic,1,20
319108,-30.982987,25,synthetic,1,4
319132,-0.176976,24,real,-1,3
319154,-3.856272,22,synthetic,0,1
319191,-37.541204,37,synthetic,2,16
319227,-12.856321,36,synthetic,0,15
319251,-31.627738,24,synthetic,2,3
319291,-33.362194,40,synthetic,2,19
319330,-36.969725,39,synthetic,2,18
319365,-37.787616,35,synthetic,2,14
319389,-41.192776,24,synthetic,2,3
319424,-15.0686,35,synthetic,0,14
319448,-25.070945,24,synthetic,1,3
319476,1.496305,28,real,-1,7
319500,-22.355643,24,synthetic,1,3
319524,0.09684,24,real,-1,3
319555,-36.139785,31,synthetic,1,10
319584,-8.296421,29,synthetic,0,8
319614,-24.322233,30,synthetic,1,9
319637,0.708877,23,real,-1,2
319670,-10.59196,33,synthetic,0,12
319711,-8.975445,41,synthetic,0,20
319733,-42.322665,22,synthetic,2,1
319759,1.892466,26,real,-1,5
319790,-21.503105,31,synthetic,2,10
319827,-12.720732,37,synthetic,0,16
319856,2.473183,29,real,-1,8
319880,-16.81697,24,synthetic,1,3
319905,-32.503583,25,synthetic,1,4
319929,-19.19969,24,synthetic,2,3
319970,-21.304785,41,synthetic,1,20
320004,-10.092838,34,synthetic,0,13
320029,-34.557077,25,synthetic,2,4
320068,-23.111947,39,synthetic,2,18
320106,-9.193563,38,real,-1,17
320127,-12.605689,21,synthetic,0,0
320155,-4.917075,28,synthetic,0,7
320176,-8.362372,21,real,-1,0
320202,-8.438923,26,real,-1,5
320244,-46.078912,42,synthetic,2,21
320274,-18.473865,30,synthetic,1,9
320307,-2.507024,33,real,-1,12
320341,-4.406777,34,real,-1,13
320375,-27.428815,34,synthetic,1,13
320414,-11.179462,39,real,-1,18
320446,-16.68847,32,synthetic,1,11
320486,-22.007127,40,synthetic,2,19
320512,-8.332724,26,real,-1,5
320534,-42.220007,22,synthetic,2,1
320556,-41.654747,22,synthetic,2,1
320580,0.096479,24,real,-1,3
320610,0.199279,30,real,-1,9
320632,-19.604109,22,synthetic,1,1
320662,-28.562226,30,synthetic,1,9
320695,-16.31866,33,synthetic,1,12
320727,0.178139,32,real,-1,11
320760,-27.386317,33,synthetic,2,12
320801,-13.867704,41,synthetic,1,20
320838,-41.850323,37,synthetic,2,16
320878,-22.341775,40,synthetic,1,19
320907,-40.674269,29,synthetic,2,8
320939,-29.050616,32,synthetic,2,11
320965,-3.091834,26,real,-1,5
320996,-0.903946,31,real,-1,10
321024,-30.490425,28,synthetic,1,7
321065,-11.98543,41,synthetic,0,20
321104,-31.345989,39,synthetic,2,18
321145,-18.867102,41,synthetic,2,20
321184,-6.739295,39,synthetic,0,18
321226,-26.682596,42,synthetic,2,21
321248,-9.55841,22,synthetic,0,1
321286,-32.24261,38,synthetic,1,17
321312,-1.533159,26,real,-1,5
321335,-12.586147,23,synthetic,0,2
321369,-28.156926,34,synthetic,2,13
321410,-2.424496,41,real,-1,20
321449,-10.158605,39,synthetic,1,18
321482,-10.59619,33,real,-1,12
321521,-6.274881,39,real,-1,18
321557,-22.065429,36,synthetic,1,15
321599,-32.371474,42,synthetic,2,21
321635,-19.517376,36,synthetic,0,15
321657,-18.980033,22,synthetic,1,1
321679,-29.420828,22,synthetic,2,1
321716,-15.013411,37,synthetic,0,16
321737,-25.842183,21,synthetic,1,0
321761,-3.74034,24,real,-1,3
321786,-6.921533,25,synthetic,0,4
321823,-25.78698,37,synthetic,1,16
321854,-29.135914,31,synthetic,2,10
321878,-23.034207,24,synthetic,1,3
321907,-8.625491,29,synthetic,0,8
321945,-4.00998,38,real,-1,17
321985,-7.714871,40,real,-1,19
322012,-6.278765,27,real,-1,6
322033,-22.738128,21,synthetic,1,0
322064,-0.570998,31,real,-1,10
322095,-10.086684,31,synthetic,1,10
322137,-35.264179,42,synthetic,1,21
322172,-35.3579,35,synthetic,2,14
322206,-49.961815,34,synthetic,2,13
322246,-28.647475,40,synthetic,2,19
322282,-17.098442,36,synthetic,0,15
322321,-1.42508,39,real,-1,18
322344,-9.495181,23,synthetic,0,2
322376,-12.557845,32,synthetic,0,11
322415,-37.700658,39,synthetic,2,18
322439,-8.869256,24,synthetic,0,3
322473,-27.909285,34,synthetic,1,13
322513,-4.445934,40,synthetic,0,19
322542,-20.306165,29,synthetic,0,8
322573,-21.340933,31,synthetic,1,10
322609,-34.663167,36,synthetic,1,15
322644,-6.203909,35,real,-1,14
322671,-20.471776,27,synthetic,1,6
322696,-1.342247,25,real,-1,4
322726,-14.759782,30,synthetic,0,9
322753,-2.763603,27,real,-1,6
322784,-18.737772,31,synthetic,0,10
322814,-26.892536,30,synthetic,1,9
322840,-38.697955,26,synthetic,2,5
322867,-22.863452,27,synthetic,1,6
322891,1.482942,24,real,-1,3
322927,-1.956814,36,real,-1,15
322969,-43.259395,42,synthetic,2,21
323011,-29.681521,42,synthetic,2,21
323049,-25.339544,38,synthetic,1,17
323073,-24.442084,24,synthetic,2,3
323114,-48.332383,41,synthetic,2,20
323151,-13.25158,37,synthetic,0,16
323189,-0.299747,38,real,-1,17
323218,-11.675953,29,synthetic,0,8
323243,0.793096,25,real,-1,4
323266,-0.812027,23,real,-1,2
323290,-20.03515,24,synthetic,1,3
323331,-23.638299,41,synthetic,1,20
323372,-29.475852,41,synthetic,2,20
323410,-29.849299,38,synthetic,1,17
323433,-8.515143,23,synthetic,0,2
323454,-40.718479,21,synthetic,2,0
323476,-23.953388,22,synthetic,1,1
323509,-15.573832,33,synthetic,1,12
323545,-15.968664,36,synthetic,0,15
323566,-11.233462,21,synthetic,0,0
323605,-6.841329,39,real,-1,18
323638,-36.642712,33,synthetic,2,12
323676,-11.872367,38,real,-1,17
323714,-32.116612,38,synthetic,2,17
323754,-1.537749,40,real,-1,19
323791,-21.141211,37,synthetic,1,16
323820,-27.166433,29,synthetic,1,8
323843,-9.037471,23,real,-1,2
323871,-1.536656,28,real,-1,7
323892,-22.844705,21,synthetic,1,0
323925,-20.456585,33,synthetic,1,12
323947,-2.717929,22,real,-1,1
323970,-13.116741,23,synthetic,0,2
324001,-11.067051,31,real,-1,10
324040,-22.954156,39,synthetic,0,18
324074,-3.893734,34,real,-1,13
324098,-35.234694,24,synthetic,2,3
324130,-38.118449,32,synthetic,2,11
324152,-18.65981,22,synthetic,0,1
324188,-18.729545,36,synthetic,0,15
324219,-25.739478,31,synthetic,1,10
324245,-28.356678,26,synthetic,1,5
324272,-30.981892,27,synthetic,2,6
324310,-39.272323,38,synthetic,2,17
324342,-23.578341,32,synthetic,1,11
324367,-17.404798,25,synthetic,0,4
324405,-44.488817,38,synthetic,2,17
324441,0.197767,36,real,-1,15
324483,-30.562906,42,synthetic,2,21
324523,-21.694405,40,synthetic,1,19
324544,-36.942791,21,synthetic,2,0
324565,-17.555812,21,synthetic,2,0
324600,-4.751556,35,real,-1,14
324641,-5.302762,41,real,-1,20
324674,-6.064255,33,real,-1,12
324712,1.482879,38,real,-1,17
324738,-35.075319,26,synthetic,2,5
324779,-2.755409,41,real,-1,20
324805,-29.903035,26,synthetic,2,5
324844,-19.19202,39,synthetic,0,18
324875,-22.164673,31,synthetic,1,10
324899,-2.833201,24,real,-1,3
324924,-20.41161,25,synthetic,1,4
324957,-28.194939,33,synthetic,2,12
324988,-21.052097,31,synthetic,1,10
325010,-26.96566,22,synthetic,1,1
325034,-30.010988,24,synthetic,1,3
325061,-13.368036,27,synthetic,0,6
325097,-14.233263,36,synthetic,0,15
325123,0.682154,26,real,-1,5
325164,-23.679562,41,synthetic,1,20
325204,-22.094819,40,synthetic,1,19
325225,-19.652019,21,synthetic,1,0
325258,-35.835853,33,synthetic,2,12
325288,-2.336296,30,real,-1,9
325309,-14.645617,21,synthetic,0,0
325332,-24.098696,23,synthetic,2,2
325354,-37.187421,22,synthetic,2,1
325386,-1.177933,32,real,-1,11
325424,-7.143796,38,real,-1,17
325447,2.39061,23,real,-1,2
325487,-29.032376,40,synthetic,1,19
325525,-15.253804,38,synthetic,1,17
325550,-40.629335,25,synthetic,2,4
325573,-7.098836,23,real,-1,2
325612,-13.748252,39,synthetic,0,18
325653,-29.299997,41,synthetic,1,20
325693,-33.127645,40,synthetic,2,19
325725,-1.648992,32,real,-1,11
325757,1.036123,32,real,-1,11
325781,1.307462,24,real,-1,3
325821,-25.535201,40,synthetic,2,19
325861,-12.856229,40,synthetic,0,19
325889,-0.026653,28,real,-1,7
325921,-24.870786,32,synthetic,1,11
325947,-14.840301,26,synthetic,0,5
325980,-28.209587,33,synthetic,1,12
326009,-0.901895,29,real,-1,8
326039,-41.545484,30,synthetic,2,9
326073,-11.389252,34,synthetic,0,13
326109,-16.183448,36,synthetic,0,15
326140,-30.473091,31,synthetic,2,10
326163,-41.033276,23,synthetic,2,2
326203,-0.013473,40,real,-1,19
326233,-2.686111,30,real,-1,9
326261,-15.29976,28,synthetic,0,7
326284,-9.011245,23,synthetic,0,2
326323,-10.02561,39,real,-1,18
326363,-22.901837,40,synthetic,1,19
326388,-26.97758,25,synthetic,1,4
326412,-19.413011,24,synthetic,1,3
326442,-0.767331,30,real,-1,9
326465,-7.120798,23,real,-1,2
326505,-24.670822,40,synthetic,1,19
326530,-19.190785,25,synthetic,2,4
326567,-5.065307,37,real,-1,16
326602,-15.065176,35,synthetic,0,14
326634,-3.842717,32,real,-1,11
326665,-15.397484,31,synthetic,1,10
326705,-8.420674,40,real,-1,19
326745,2.089399,40,real,-1,19
326778,-24.326464,33,synthetic,1,12
326801,-19.834389,23,synthetic,1,2
326841,-31.465138,40,synthetic,2,19
326881,-41.491744,40,synthetic,2,19
326908,-2.828381,27,real,-1,6
326937,-34.972763,29,synthetic,2,8
326958,-12.207509,21,synthetic,0,0
326992,-36.204449,34,synthetic,2,13
327023,-1.724484,31,real,-1,10
327046,-39.387313,23,synthetic,2,2
327088,-23.923492,42,synthetic,1,21
327109,-3.206345,21,real,-1,0
327151,-6.954851,42,synthetic,0,21
327191,-18.946066,40,synthetic,1,19
327230,-4.706513,39,real,-1,18
327254,-13.505268,24,synthetic,0,3
327296,1.222092,42,real,-1,21
327333,-35.491773,37,synthetic,2,16
327360,-31.257823,27,synthetic,1,6
327392,-4.631601,32,real,-1,11
327432,-11.89088,40,synthetic,0,19
327465,-33.667009,33,synthetic,2,12
327493,-32.099369,28,synthetic,2,7
327528,-41.817745,35,synthetic,2,14
327564,-0.131144,36,real,-1,15
327606,1.183305,42,real,-1,21
327627,-12.963313,21,synthetic,0,0
327650,-1.840386,23,real,-1,2
327685,-10.251834,35,real,-1,14
327725,-6.419114,40,synthetic,0,19
327752,-5.324471,27,real,-1,6
327785,-0.061244,33,real,-1,12
327808,-24.47732,23,synthetic,1,2
327830,-38.171571,22,synthetic,2,1
327866,-3.014447,36,real,-1,15
327895,-29.164162,29,synthetic,1,8
327928,-26.76039,33,synthetic,1,12
327969,-26.497852,41,synthetic,1,20
327993,1.982726,24,real,-1,3
328021,-6.48597,28,real,-1,7
328063,-20.127102,42,synthetic,1,21
328086,-15.801536,23,synthetic,0,2
328122,-10.908718,36,real,-1,15
328155,-45.077187,33,synthetic,2,12
328190,-2.990058,35,real,-1,14
328214,-41.381536,24,synthetic,2,3
328247,0.486338,33,real,-1,12
328288,-5.819048,41,real,-1,20
328325,-4.628255,37,synthetic,0,16
328354,-8.277989,29,synthetic,0,8
328379,-34.269342,25,synthetic,2,4
328420,-25.682382,41,synthetic,1,20
328455,-15.323454,35,synthetic,0,14
328483,-8.788024,28,synthetic,0,7
328521,-12.220422,38,synthetic,0,17
328547,-43.449266,26,synthetic,2,5
328585,-10.108988,38,real,-1,17
328618,-13.496188,33,synthetic,0,12
328659,-17.253176,41,synthetic,0,20
328698,-27.571468,39,synthetic,2,18
328727,-28.023744,29,synthetic,1,8
328758,-21.127404,31,synthetic,1,10
328796,-5.589785,38,synthetic,0,17
328831,-1.281144,35,real,-1,14
328870,-36.364359,39,synthetic,1,18
328894,-15.194858,24,synthetic,0,3
328926,-28.953298,32,synthetic,1,11
328949,-1.140754,23,real,-1,2
328979,-5.918473,30,real,-1,9
329011,-35.197815,32,synthetic,1,11
329037,-0.715367,26,real,-1,5
329075,-27.983111,38,synthetic,1,17
329101,-3.66226,26,real,-1,5
329135,-27.727412,34,synthetic,2,13
329163,-4.411248,28,real,-1,7
329202,-5.708629,39,real,-1,18
329223,-29.789992,21,synthetic,2,0
329256,-22.439435,33,synthetic,2,12
329281,-2.675938,25,real,-1,4
329318,-28.127402,37,synthetic,1,16
329359,-7.859596,41,real,-1,20
329388,-28.163721,29,synthetic,1,8
329416,0.907699,28,real,-1,7
329455,-37.321876,39,synthetic,2,18
329489,-8.60048,34,synthetic,0,13
329511,-8.745485,22,synthetic,0,1
329553,-20.624935,42,synthetic,1,21
329587,-7.457145,34,real,-1,13
329617,-2.023888,30,real,-1,9
329652,-28.512786,35,synthetic,2,14
329692,-44.57051,40,synthetic,2,19
329728,-15.811624,36,synthetic,1,15
329755,-12.413426,27,synthetic,0,6
329778,-14.816151,23,synthetic,0,2
329803,-6.173251,25,real,-1,4
329842,-4.747963,39,real,-1,18
329864,-10.179238,22,real,-1,1
329899,-40.840401,35,synthetic,2,14
329922,-31.181538,23,synthetic,2,2
329947,-31.057388,25,synthetic,2,4
329976,-27.297363,29,synthetic,1,8
330009,-12.094441,33,synthetic,0,12
330035,-22.088746,26,synthetic,0,5
330057,-20.082382,22,synthetic,1,1
330082,-9.144323,25,real,-1,4
330105,-27.097395,23,synthetic,2,2
330132,-44.107614,27,synthetic,2,6
330172,-3.115427,40,real,-1,19
330195,-30.299552,23,synthetic,2,2
330222,-21.426125,27,synthetic,1,6
330256,-48.886374,34,synthetic,2,13
330283,3.42555,27,real,-1,6
330319,-4.399718,36,real,-1,15
330349,-8.657188,30,real,-1,9
330382,-23.827263,33,synthetic,1,12
330422,-12.042533,40,synthetic,0,19
330457,-30.563974,35,synthetic,2,14
330488,-38.874008,31,synthetic,2,10
330509,-27.251496,21,synthetic,2,0
330549,-20.467876,40,synthetic,0,19
330584,-28.740533,35,synthetic,1,14
330607,-32.873234,23,synthetic,2,2
330640,-18.453912,33,synthetic,1,12
330678,-11.208526,38,real,-1,17
330717,-8.440349,39,synthetic,0,18
330753,-44.392143,36,synthetic,2,15
330790,-3.598656,37,real,-1,16
330815,-19.503582,25,synthetic,0,4
330848,-28.968349,33,synthetic,2,12
330888,-44.370328,40,synthetic,2,19
330916,-4.411831,28,real,-1,7
330943,-1.079903,27,synthetic,0,6
330967,-18.952796,24,synthetic,1,3
331003,-27.084125,36,synthetic,1,15
331042,-2.997248,39,real,-1,18
331082,1.84538,40,real,-1,19
331112,-41.049563,30,synthetic,2,9
331154,-21.241432,42,synthetic,0,21
331193,-21.482051,39,synthetic,0,18
331221,-10.641729,28,synthetic,0,7
331249,-11.547777,28,synthetic,1,7
331276,-37.807207,27,synthetic,2,6
331297,-39.280392,21,synthetic,2,0
331327,-36.179878,30,synthetic,2,9
331362,-7.536697,35,synthetic,0,14
331391,-32.464489,29,synthetic,2,8
331429,-37.008979,38,synthetic,2,17
331463,-4.000483,34,real,-1,13
331496,-20.682157,33,synthetic,0,12
331538,-40.160966,42,synthetic,2,21
331563,-14.427802,25,synthetic,0,4
331594,-25.121701,31,synthetic,1,10
331628,-15.26817,34,synthetic,0,13
331666,-29.537375,38,synthetic,2,17
331708,-2.18001,42,real,-1,21
331732,-21.878383,24,synthetic,1,3
331761,-23.192682,29,synthetic,1,8
331791,-12.624182,30,synthetic,0,9
331828,-43.397031,37,synthetic,2,16
331854,-27.658941,26,synthetic,2,5
331892,-22.785354,38,synthetic,2,17
331926,-16.863142,34,synthetic,0,13
331956,-29.5029,30,synthetic,2,9
331992,-31.833029,36,synthetic,1,15
332034,-20.985951,42,synthetic,0,21
332060,-23.182106,26,synthetic,1,5
332102,-6.458818,42,synthetic,0,21
332134,-40.038673,32,synthetic,2,11
332160,-40.887966,26,synthetic,2,5
332191,-6.510507,31,real,-1,10
332223,-17.414877,32,synthetic,0,11
332256,-27.984227,33,synthetic,2,12
332293,-0.525042,37,real,-1,16
332331,-22.410652,38,synthetic,1,17
332354,-37.946434,23,synthetic,2,2
332384,-3.649549,30,real,-1,9
332414,-6.610614,30,synthetic,0,9
332441,-9.684853,27,synthetic,0,6
332480,-4.270542,39,real,-1,18
332505,-22.473084,25,synthetic,1,4
332541,-26.643281,36,synthetic,1,15
332566,-8.46596,25,synthetic,0,4
332591,-22.306433,25,synthetic,1,4
332631,-18.312064,40,synthetic,1,19
332652,-16.430826,21,synthetic,0,0
332674,-0.064724,22,real,-1,1
332707,-8.205452,33,real,-1,12
332735,-33.223004,28,synthetic,2,7
332766,-34.752245,31,synthetic,2,10
332794,-3.649063,28,real,-1,7
332819,-21.35807,25,synthetic,1,4
332855,-9.966511,36,synthetic,0,15
332897,-7.782549,42,real,-1,21
332933,-35.644304,36,synthetic,2,15
332971,-22.242282,38,synthetic,0,17
332999,-28.726546,28,synthetic,2,7
333039,-26.734093,40,synthetic,2,19
333071,-32.274174,32,synthetic,1,11
333111,-24.238027,40,synthetic,1,19
333146,-10.199144,35,synthetic,0,14
333176,-18.021443,30,synthetic,1,9
333199,-26.480089,23,synthetic,1,2
333236,-20.462984,37,synthetic,1,16
333270,-14.637802,34,synthetic,0,13
333307,0.826267,37,real,-1,16
333339,-6.149078,32,real,-1,11
333373,-4.595799,34,real,-1,13
333408,-36.047229,35,synthetic,2,14
333445,-9.660221,37,real,-1,16
333480,-14.631339,35,synthetic,1,14
333506,-11.274646,26,synthetic,0,5
333531,-22.004452,25,synthetic,1,4
333553,-25.833544,22,synthetic,2,1
333582,-15.122661,29,synthetic,0,8
333612,-12.280418,30,synthetic,0,9
333650,-7.368783,38,synthetic,0,17
333680,-12.693863,30,synthetic,0,9
333718,3.18419,38,real,-1,17
333751,-3.454694,33,real,-1,12
333781,-13.941362,30,real,-1,9
333803,-23.401415,22,synthetic,1,1
333843,-23.962798,40,synthetic,2,19
333867,-28.697387,24,synthetic,1,3
333892,-14.984129,25,synthetic,0,4
333922,-5.979651,30,real,-1,9
333943,0.072864,21,real,-1,0
333965,1.8033,22,real,-1,1
334004,-1.089109,39,real,-1,18
334043,-21.008626,39,synthetic,2,18
334083,-18.094849,40,synthetic,1,19
334125,-10.071918,42,synthetic,0,21
334156,-36.245183,31,synthetic,2,10
334179,-16.488339,23,synthetic,0,2
334214,-15.900134,35,synthetic,1,14
334248,-15.25877,34,synthetic,0,13
334288,-33.191478,40,synthetic,2,19
334321,-1.366219,33,real,-1,12
334354,2.446433,33,real,-1,12
334382,-22.100477,28,synthetic,1,7
334424,-25.027091,42,synthetic,2,21
334461,0.991149,37,real,-1,16
334489,-2.182079,28,synthetic,0,7
334527,-27.594339,38,synthetic,2,17
334560,-11.046505,33,synthetic,0,12
334582,-12.141462,22,synthetic,0,1
334617,-3.222083,35,real,-1,14
334646,1.220905,29,real,-1,8
334679,-25.986018,33,synthetic,2,12
334704,-10.662899,25,synthetic,0,4
334732,8.52275,28,real,-1,7
334755,-6.419948,23,synthetic,0,2
334792,-15.835513,37,synthetic,0,16
334834,0.4187,42,synthetic,0,21
334866,-40.609184,32,synthetic,2,11
334903,-7.27498,37,synthetic,0,16
334941,-28.14604,38,synthetic,1,17
334982,-8.246446,41,synthetic,0,20
335024,-6.113849,42,real,-1,21
335058,-2.188595,34,real,-1,13
335098,-3.57277,40,real,-1,19
335135,-15.771208,37,real,-1,16
335156,-7.742304,21,synthetic,0,0
335177,-14.143801,21,synthetic,0,0
335211,-19.146343,34,synthetic,1,13
335243,-37.244849,32,synthetic,2,11
335274,-32.205323,31,synthetic,2,10
335315,-6.443951,41,real,-1,20
335353,-22.750338,38,synthetic,1,17
335388,-23.782904,35,synthetic,1,14
335419,-25.452821,31,synthetic,1,10
335451,-5.633709,32,real,-1,11
335484,-8.723191,33,synthetic,0,12
335525,-2.035664,41,real,-1,20
335556,-15.11002,31,synthetic,1,10
335589,4.124542,33,real,-1,12
335616,-26.746296,27,synthetic,1,6
335643,-7.400292,27,real,-1,6
335679,-7.503269,36,synthetic,0,15
335708,-1.821232,29,real,-1,8
335734,-29.278048,26,synthetic,1,5
335773,-30.45098,39,synthetic,2,18
335806,-1.549198,33,real,-1,12
335843,-15.099402,37,synthetic,1,16
335881,-23.084535,38,synthetic,2,17
335907,-20.780189,26,synthetic,1,5
335931,-8.083036,24,synthetic,0,3
335972,-10.74408,41,real,-1,20
336011,-24.730625,39,synthetic,1,18
336032,-1.663838,21,real,-1,0
336063,-5.87211,31,synthetic,0,10
336085,0.864736,22,real,-1,1
336121,-8.47051,36,real,-1,15
336153,-10.876268,32,synthetic,1,11
336184,-36.045366,31,synthetic,2,10
336207,0.646731,23,real,-1,2
336228,2.958331,21,real,-1,0
336256,-23.129117,28,synthetic,1,7
336287,-20.702476,31,synthetic,1,10
336309,-1.634534,22,real,-1,1
336337,-21.027246,28,synthetic,1,7
336369,-38.310009,32,synthetic,2,11
336409,-15.346064,40,synthetic,0,19
336436,-23.560024,27,synthetic,2,6
336469,-5.640011,33,real,-1,12
336501,-32.569286,32,synthetic,2,11
336536,-6.86012,35,real,-1,14
336560,-12.674529,24,real,-1,3
336596,-27.207973,36,synthetic,1,15
336637,-9.144482,41,synthetic,0,20
336678,-11.09128,41,synthetic,0,20
336703,-22.056461,25,synthetic,1,4
336744,-24.504574,41,synthetic,1,20
336765,-15.680991,21,synthetic,0,0
336793,-13.751513,28,synthetic,0,7
336821,-36.769319,28,synthetic,2,7
336857,-37.30631,36,synthetic,2,15
336898,-24.867065,41,synthetic,1,20
336933,-24.211449,35,synthetic,2,14
336973,-35.767252,40,synthetic,2,19
337004,-16.768543,31,synthetic,1,10
337046,-27.921302,42,synthetic,2,21
337071,-23.631988,25,synthetic,2,4
337094,-30.775452,23,synthetic,2,2
337116,-22.013749,22,synthetic,1,1
337143,-21.336615,27,synthetic,0,6
337175,-9.860512,32,synthetic,0,11
337198,-4.316798,23,real,-1,2
337240,-19.253532,42,synthetic,0,21
337265,-21.090913,25,synthetic,1,4
337297,-2.712111,32,real,-1,11
337319,-18.168197,22,synthetic,1,1
337354,0.899844,35,real,-1,14
337375,-10.776222,21,synthetic,0,0
337397,-38.17853,22,synthetic,2,1
337422,-1.507757,25,real,-1,4
337448,-16.622568,26,synthetic,0,5
337484,-37.340997,36,synthetic,2,15
337517,-24.955841,33,synthetic,1,12
337556,-13.62513,39,synthetic,1,18
337594,-18.602225,38,synthetic,1,17
337621,-22.752983,27,synthetic,2,6
337644,1.739949,23,real,-1,2
337679,-13.251649,35,synthetic,0,14
337721,-1.364886,42,real,-1,21
337759,-23.228065,38,synthetic,1,17
337783,-30.904309,24,synthetic,2,3
337814,0.603597,31,real,-1,10
337846,-14.071777,32,synthetic,0,11
337885,-2.023528,39,real,-1,18
337913,0.811098,28,real,-1,7
337934,3.217947,21,real,-1,0
337970,-13.901204,36,synthetic,0,15
337991,-11.192661,21,synthetic,0,0
338021,-16.391696,30,synthetic,1,9
338055,-7.178829,34,real,-1,13
338084,2.990353,29,real,-1,8
338106,-3.914241,22,real,-1,1
338145,2.307364,39,real,-1,18
338186,-2.496402,41,real,-1,20
338217,-2.332974,31,real,-1,10
338257,-25.110935,40,synthetic,1,19
338289,-2.671571,32,real,-1,11
338318,-19.946079,29,synthetic,0,8
338348,-0.564159,30,real,-1,9
338379,-11.490492,31,synthetic,0,10
338411,-9.36944,32,synthetic,0,11
338447,-2.187092,36,real,-1,15
338468,-8.152222,21,synthetic,0,0
338499,-28.558899,31,synthetic,1,10
338528,-26.727517,29,synthetic,1,8
338565,-16.817185,37,synthetic,0,16
338588,-14.270751,23,synthetic,0,2
338612,-8.6256,24,real,-1,3
338644,-18.912996,32,synthetic,0,11
338682,-39.114427,38,synthetic,2,17
338712,-12.925882,30,synthetic,0,9
338741,-29.827492,29,synthetic,1,8
338772,-30.987676,31,synthetic,2,10
338799,-22.503381,27,synthetic,1,6
338826,-1.021313,27,real,-1,6
338864,-7.857535,38,real,-1,17
338902,-18.824662,38,synthetic,0,17
338936,-13.072496,34,synthetic,0,13
338960,-30.439278,24,synthetic,2,3
338994,-41.644486,34,synthetic,2,13
339025,-42.186875,31,synthetic,2,10
339049,-2.038527,24,real,-1,3
339080,-30.983344,31,synthetic,1,10
339114,-3.276465,34,synthetic,0,13
339136,3.462346,22,real,-1,1
339172,-5.468214,36,synthetic,0,15
339204,-29.631483,32,synthetic,1,11
339231,-37.443877,27,synthetic,2,6
339267,-24.282101,36,synthetic,1,15
339305,-11.020282,38,synthetic,0,17
339326,-9.412158,21,synthetic,0,0
339353,-16.502079,27,synthetic,0,6
339387,-8.011148,34,synthetic,0,13
339422,-37.203783,35,synthetic,2,14
339456,-40.578619,34,synthetic,2,13
339487,-6.930023,31,synthetic,1,10
339512,-28.053735,25,synthetic,2,4
339536,-25.159837,24,synthetic,2,3
339563,-22.669854,27,synthetic,0,6
339597,-18.871687,34,synthetic,1,13
339626,7.089588,29,real,-1,8
339654,-34.127172,28,synthetic,2,7
339679,-29.074946,25,synthetic,1,4
339703,-11.495141,24,synthetic,0,3
339744,-3.941638,41,real,-1,20
339782,-11.336198,38,real,-1,17
339803,2.83464,21,real,-1,0
339830,-43.412464,27,synthetic,2,6
339861,6.149341,31,real,-1,10
339902,-30.365488,41,synthetic,1,20
339942,-19.169928,40,synthetic,1,19
339969,-1.224935,27,real,-1,6
339992,3.747079,23,real,-1,2
340027,-17.120282,35,synthetic,1,14
340050,-8.744024,23,synthetic,0,2
340071,-5.5742,21,real,-1,0
340106,-16.805889,35,synthetic,1,14
340127,-21.037487,21,synthetic,1,0
340160,-10.895334,33,synthetic,0,12
340185,-4.494795,25,real,-1,4
340226,-27.347471,41,synthetic,2,20
340264,0.242116,38,real,-1,17
340305,-19.969075,41,synthetic,0,20
340332,-22.464122,27,synthetic,1,6
340373,-10.945976,41,synthetic,0,20
340407,-14.367726,34,synthetic,0,13
340439,-0.509448,32,real,-1,11
340473,-27.963142,34,synthetic,1,13
340512,-29.273435,39,synthetic,1,18
340537,-23.782171,25,synthetic,2,4
340572,-22.410453,35,synthetic,0,14
340612,-9.397114,40,real,-1,19
340637,-13.914817,25,synthetic,0,4
340677,-8.529095,40,real,-1,19
340711,-25.113989,34,synthetic,1,13
340735,3.230987,24,real,-1,3
340767,-3.608838,32,real,-1,11
340807,1.673338,40,real,-1,19
340839,-29.877377,32,synthetic,2,11
340871,-28.321571,32,synthetic,2,11
340896,-38.969152,25,synthetic,2,4
340936,-21.47136,40,synthetic,1,19
340966,-28.965337,30,synthetic,1,9
340991,0.454083,25,real,-1,4
341016,-19.71884,25,synthetic,1,4
341044,-20.596115,28,synthetic,1,7
341067,-17.753806,23,synthetic,1,2
341090,-21.80234,23,synthetic,1,2
341116,-5.134872,26,real,-1,5
341137,-26.692108,21,synthetic,1,0
341170,-15.721601,33,synthetic,1,12
341196,-19.088485,26,synthetic,1,5
341218,-25.810896,22,synthetic,2,1
341251,-0.69829,33,real,-1,12
341275,-23.519127,24,synthetic,2,3
341315,-24.225036,40,synthetic,0,19
341355,-10.004759,40,synthetic,0,19
341386,-0.558202,31,real,-1,10
341416,-0.303186,30,real,-1,9
341440,-8.666316,24,synthetic,0,3
341468,-40.621809,28,synthetic,2,7
341509,-1.377056,41,real,-1,20
341549,-20.631211,40,synthetic,1,19
341590,-41.408897,41,synthetic,2,20
341615,-9.043969,25,real,-1,4
341650,-19.530024,35,synthetic,1,14
341683,-36.814619,33,synthetic,2,12
341725,-14.182176,42,real,-1,21
341747,-3.158954,22,real,-1,1
341773,-37.731149,26,synthetic,2,5
341808,-14.129323,35,synthetic,0,14
341843,-10.195235,35,real,-1,14
341868,-4.502534,25,real,-1,4
341895,-44.405057,27,synthetic,2,6
341934,-10.88889,39,synthetic,0,18
341967,-22.812184,33,synthetic,1,12
341994,-18.307436,27,synthetic,0,6
342028,-11.53488,34,synthetic,0,13
342067,2.774843,39,real,-1,18
342091,-5.160707,24,real,-1,3
342121,-12.751383,30,synthetic,0,9
342144,-0.868478,23,real,-1,2
342170,-24.20405,26,synthetic,1,5
342206,-0.90703,36,real,-1,15
342235,-25.624655,29,synthetic,1,8
342263,-12.922544,28,synthetic,0,7
342300,-18.983776,37,synthetic,2,16
342327,-2.734603,27,real,-1,6
342367,-6.684411,40,synthetic,0,19
342403,-4.254347,36,real,-1,15
342426,-12.537203,23,synthetic,0,2
342453,-21.450635,27,synthetic,1,6
342477,-25.238931,24,synthetic,1,3
342510,-9.868472,33,synthetic,0,12
342544,-20.195711,34,synthetic,2,13
342571,-0.531703,27,real,-1,6
342592,-24.580133,21,synthetic,1,0
342632,-1.42814,40,real,-1,19
342653,-0.84531,21,real,-1,0
342681,-24.639766,28,synthetic,2,7
342710,-6.70329,29,real,-1,8
342747,-5.246741,37,real,-1,16
342788,2.505811,41,real,-1,20
342812,-16.26597,24,synthetic,0,3
342845,-27.537316,33,synthetic,1,12
342868,-3.407379,23,real,-1,2
342893,-0.419241,25,real,-1,4
342914,-34.351098,21,synthetic,2,0
342943,-12.866599,29,synthetic,1,8
342979,-28.821745,36,synthetic,1,15
343001,-3.097925,22,real,-1,1
343036,1.300728,35,real,-1,14
343065,-24.036643,29,synthetic,2,8
343094,-1.437682,29,real,-1,8
343131,-15.086628,37,synthetic,0,16
343162,-1.827868,31,real,-1,10
343186,-26.754761,24,synthetic,1,3
343225,-16.180179,39,synthetic,1,18
343248,-22.388158,23,synthetic,1,2
343282,-38.737731,34,synthetic,2,13
343307,-20.724859,25,synthetic,1,4
343348,-13.068457,41,synthetic,0,20
343375,-3.463124,27,real,-1,6
343411,-29.094413,36,synthetic,1,15
343435,-4.075262,24,real,-1,3
343470,-23.508001,35,synthetic,1,14
343498,-5.129987,28,real,-1,7
343537,-12.258832,39,synthetic,0,18
343566,-25.881123,29,synthetic,1,8
343587,-22.162375,21,synthetic,1,0
343622,-5.589172,35,real,-1,14
343651,-29.22614,29,synthetic,1,8
343681,-4.116474,30,real,-1,9
343710,-2.028691,29,real,-1,8
343734,-45.473657,24,synthetic,2,3
343767,-1.431721,33,real,-1,12
343807,-22.578837,40,synthetic,1,19
343845,-1.37079,38,real,-1,17
343887,-15.41935,42,synthetic,0,21
343928,-16.681798,41,synthetic,0,20
343970,-10.758874,42,synthetic,0,21
344005,-1.116713,35,real,-1,14
344047,-46.44793,42,synthetic,2,21
344089,-36.231637,42,synthetic,1,21
344119,-7.144128,30,synthetic,0,9
344143,-18.012523,24,synthetic,0,3
344176,-30.700004,33,synthetic,2,12
344205,-28.65526,29,synthetic,2,8
344236,-20.187545,31,synthetic,1,10
344266,-10.508294,30,synthetic,0,9
344297,-43.574157,31,synthetic,2,10
344322,-0.899629,25,real,-1,4
344353,-6.530063,31,synthetic,0,10
344389,-32.719316,36,synthetic,1,15
344416,-23.414454,27,synthetic,1,6
344450,-10.840929,34,synthetic,0,13
344481,-26.219195,31,synthetic,1,10
344519,-22.060744,38,synthetic,1,17
344561,1.460545,42,real,-1,21
344599,-20.874663,38,synthetic,1,17
344636,-8.617169,37,synthetic,0,16
344662,1.354702,26,real,-1,5
344699,-39.347099,37,synthetic,2,16
344734,-36.863524,35,synthetic,2,14
344758,1.87308,24,real,-1,3
344783,-9.486825,25,synthetic,0,4
344806,-38.772362,23,synthetic,2,2
344831,-27.119283,25,synthetic,2,4
344867,1.189153,36,real,-1,15
344895,-17.462978,28,synthetic,2,7
344937,-32.722287,42,synthetic,1,21
344963,-1.156519,26,real,-1,5
344987,0.674459,24,real,-1,3
345028,-24.410401,41,synthetic,1,20
345055,-12.692159,27,synthetic,0,6
345096,-20.449348,41,synthetic,1,20
345136,-7.448001,40,real,-1,19
345173,-24.103884,37,synthetic,2,16
345198,-24.535662,25,synthetic,2,4
345224,-21.851517,26,synthetic,0,5
345245,-25.631026,21,synthetic,1,0
345281,-30.145399,36,synthetic,2,15
345313,-25.784022,32,synthetic,1,11
345334,-1.576676,21,real,-1,0
345371,-43.502025,37,synthetic,2,16
345410,-15.204403,39,synthetic,0,18
345442,-29.378359,32,synthetic,1,11
345469,-5.638901,27,real,-1,6
345498,-11.281038,29,real,-1,8
345520,-27.189411,22,synthetic,2,1
345552,-9.87466,32,real,-1,11
345594,-5.202148,42,synthetic,0,21
345620,-0.568374,26,real,-1,5
345658,-36.334636,38,synthetic,2,17
345680,-44.354118,22,synthetic,2,1
345701,-11.086342,21,synthetic,0,0
345733,2.733331,32,real,-1,11
345762,-3.912597,29,real,-1,8
345796,-16.339162,34,synthetic,0,13
345817,-21.283001,21,synthetic,1,0
345842,-34.623745,25,synthetic,1,4
345867,-13.366565,25,synthetic,0,4
345909,-23.413145,42,synthetic,0,21
345937,-1.804157,28,real,-1,7
345971,-6.976972,34,real,-1,13
345998,-20.715682,27,synthetic,1,6
346034,-11.013956,36,synthetic,0,15
346065,-29.033172,31,synthetic,1,10
346103,-15.339547,38,synthetic,0,17
346136,-16.050744,33,synthetic,0,12
346178,-35.910345,42,synthetic,2,21
346204,4.816835,26,real,-1,5
346241,-22.305675,37,synthetic,1,16
346280,-6.126969,39,real,-1,18
346313,-11.303454,33,synthetic,0,12
346341,-1.707027,28,real,-1,7
346370,5.013908,29,real,-1,8
346406,-14.043407,36,synthetic,0,15
346437,-24.535349,31,synthetic,1,10
346474,-21.023546,37,synthetic,1,16
346507,-3.226995,33,real,-1,12
346539,-43.352934,32,synthetic,2,11
346560,-32.37436,21,synthetic,1,0
346581,-18.978122,21,synthetic,1,0
346618,-14.953961,37,synthetic,0,16
346648,-13.866295,30,synthetic,0,9
346671,-26.23035,23,synthetic,1,2
346705,-17.03584,34,synthetic,1,13
346732,10.36896,27,real,-1,6
346765,-5.491007,33,real,-1,12
346805,-31.880459,40,synthetic,2,19
346844,0.050807,39,real,-1,18
346875,-29.736988,31,synthetic,1,10
346914,-30.262158,39,synthetic,2,18
346945,-21.041164,31,synthetic,1,10
346980,-26.209652,35,synthetic,1,14
347003,-1.428026,23,real,-1,2
347032,-5.678065,29,real,-1,8
347055,-15.563835,23,synthetic,0,2
347096,-16.583182,41,synthetic,1,20
347136,-31.913973,40,synthetic,2,19
347175,-40.112175,39,synthetic,2,18
347216,-6.376117,41,real,-1,20
347243,-7.97607,27,real,-1,6
347271,-24.047149,28,synthetic,1,7
347303,-6.657536,32,synthetic,0,11
347343,-19.303398,40,synthetic,0,19
347366,-8.871475,23,synthetic,0,2
347397,-4.791911,31,synthetic,0,10
347434,-28.331859,37,synthetic,1,16
347470,-22.770139,36,synthetic,0,15
347494,-16.228915,24,synthetic,1,3
347518,-21.656149,24,synthetic,2,3
347545,-7.892645,27,real,-1,6
347586,-51.020504,41,synthetic,2,20
347621,-51.246915,35,synthetic,2,14
347646,-23.119366,25,synthetic,1,4
347687,-27.570709,41,synthetic,2,20
347725,-28.818508,38,synthetic,2,17
347752,-29.254433,27,synthetic,1,6
347793,-33.668299,41,synthetic,2,20
347830,-39.289589,37,synthetic,2,16
347857,-16.777809,27,synthetic,0,6
347884,-10.274877,27,synthetic,0,6
347911,-6.72358,27,real,-1,6
347935,-20.402725,24,synthetic,1,3
347971,-8.098815,36,synthetic,0,15
347994,-12.707262,23,synthetic,0,2
348030,-27.332991,36,synthetic,2,15
348070,-16.841533,40,synthetic,0,19
348094,-14.570784,24,synthetic,0,3
348134,-27.838074,40,synthetic,1,19
348176,-26.717597,42,synthetic,1,21
348218,-2.81711,42,real,-1,21
348239,-13.862677,21,synthetic,0,0
348265,-1.768544,26,real,-1,5
348286,-24.73136,21,synthetic,2,0
348310,-6.801698,24,real,-1,3
348347,-4.17627,37,real,-1,16
348368,-8.434275,21,synthetic,0,0
348393,-17.806695,25,synthetic,0,4
348435,-19.668869,42,synthetic,0,21
348464,-36.58313,29,synthetic,2,8
348496,-30.766502,32,synthetic,1,11
348532,-35.784391,36,synthetic,2,15
348567,-49.232662,35,synthetic,2,14
348597,-12.456182,30,synthetic,0,9
348629,-11.578161,32,synthetic,0,11
348668,-28.952215,39,synthetic,1,18
348706,-11.672886,38,synthetic,0,17
348730,-4.083781,24,real,-1,3
348764,-10.146531,34,synthetic,0,13
348806,-13.705931,42,synthetic,0,21
348838,-6.910743,32,real,-1,11
348871,-45.932757,33,synthetic,2,12
348894,-29.114858,23,synthetic,2,2
348928,-27.023767,34,synthetic,0,13
348968,-0.592809,40,real,-1,19
349005,-22.976605,37,synthetic,1,16
349043,-17.37344,38,synthetic,0,17
349069,-18.791088,26,synthetic,0,5
349109,-13.541661,40,real,-1,19
349144,-13.356853,35,synthetic,0,14
349172,-17.260718,28,synthetic,0,7
349201,-14.164496,29,synthetic,1,8
349239,2.362191,38,real,-1,17
349262,-26.54015,23,synthetic,1,2
349303,-4.459476,41,real,-1,20
349335,-2.34544,32,real,-1,11
349360,-28.872202,25,synthetic,2,4
349382,-25.696224,22,synthetic,1,1
349409,-8.343202,27,real,-1,6
349434,-29.068674,25,synthetic,2,4
349472,-10.583458,38,synthetic,0,17
349514,-28.938446,42,synthetic,2,21
349543,-13.274004,29,synthetic,0,8
349581,-39.826703,38,synthetic,2,17
349618,-9.499369,37,synthetic,0,16
349643,-12.425542,25,synthetic,0,4
349666,-20.920523,23,synthetic,1,2
349688,-11.422688,22,synthetic,0,1
349719,-1.675871,31,real,-1,10
349749,1.188256,30,real,-1,9
349783,-48.491597,34,synthetic,2,13
349821,-11.019079,38,synthetic,0,17
349857,-32.950602,36,synthetic,2,15
349880,-5.485505,23,synthetic,0,2
349913,-19.434713,33,synthetic,0,12
349939,-4.953992,26,synthetic,0,5
349974,-24.76838,35,synthetic,1,14
350012,-32.797719,38,synthetic,1,17
350044,-28.999041,32,synthetic,1,11
350079,-25.897884,35,synthetic,1,14
350103,-38.931578,24,synthetic,2,3
350127,-2.263353,24,real,-1,3
350169,-36.085815,42,synthetic,2,21
350200,-33.062802,31,synthetic,2,10
350242,-15.859859,42,synthetic,1,21
350281,-6.503486,39,synthetic,0,18
350304,-32.083808,23,synthetic,2,2
350333,-1.651569,29,real,-1,8
350356,-10.799952,23,synthetic,0,2
350377,-25.999022,21,synthetic,2,0
350411,-44.042982,34,synthetic,2,13
350453,-4.810908,42,real,-1,21
350477,-15.012489,24,synthetic,0,3
350513,-17.638463,36,synthetic,1,15
350554,-13.196091,41,synthetic,0,20
350590,-3.911139,36,real,-1,15
350614,2.821672,24,real,-1,3
350642,-12.810942,28,synthetic,0,7
350678,-33.53165,36,synthetic,2,15
350701,-2.481158,23,real,-1,2
350723,-26.890005,22,synthetic,1,1
350761,3.103363,38,real,-1,17
350800,0.202151,39,real,-1,18
350841,-36.26135,41,synthetic,1,20
350872,-25.401429,31,synthetic,2,10
350899,-2.06285,27,real,-1,6
350927,-22.94327,28,synthetic,1,7
350951,-17.572839,24,synthetic,0,3
350981,-24.500935,30,synthetic,2,9
351020,0.916329,39,real,-1,18
351047,-13.080778,27,synthetic,0,6
351086,-34.148635,39,synthetic,2,18
351123,-35.842356,37,synthetic,2,16
351145,-13.883452,22,synthetic,1,1
351181,-4.740455,36,synthetic,0,15
351218,-31.914864,37,synthetic,2,16
351249,-4.535176,31,synthetic,0,10
351287,-11.411758,38,real,-1,17
351318,-0.206279,31,real,-1,10
351359,-16.645976,41,synthetic,1,20
351390,-13.068043,31,synthetic,0,10
351419,-1.990353,29,real,-1,8
351448,-24.469397,29,synthetic,1,8
351478,-4.634621,30,real,-1,9
351501,-0.217823,23,real,-1,2
351535,-8.723013,34,synthetic,0,13
351576,-6.663427,41,real,-1,20
351603,-6.739771,27,real,-1,6
351633,-14.997673,30,synthetic,1,9
351671,-10.746274,38,real,-1,17
351711,-7.050693,40,real,-1,19
351752,-24.969148,41,synthetic,1,20
351791,-10.884041,39,real,-1,18
351820,-7.196068,29,synthetic,0,8
351841,-37.111989,21,synthetic,2,0
351863,-26.751268,22,synthetic,2,1
351890,-24.984013,27,synthetic,1,6
351917,-15.265585,27,synthetic,0,6
351945,-1.236663,28,real,-1,7
351986,-23.089171,41,synthetic,1,20
352023,-20.405902,37,synthetic,0,16
352061,-11.335188,38,synthetic,0,17
352103,0.763335,42,real,-1,21
352130,-7.208241,27,real,-1,6
352152,-7.514346,22,real,-1,1
352181,-21.068566,29,synthetic,1,8
352211,-24.521401,30,synthetic,2,9
352238,-25.864197,27,synthetic,2,6
352274,-11.617667,36,real,-1,15
352295,-32.152837,21,synthetic,2,0
352336,-38.962961,41,synthetic,2,20
352360,-22.519024,24,synthetic,1,3
352387,-29.203351,27,synthetic,1,6
352429,-7.538528,42,synthetic,0,21
352455,-11.16868,26,synthetic,1,5
352494,-35.409274,39,synthetic,1,18
352536,-3.577159,42,real,-1,21
352576,-25.929161,40,synthetic,1,19
352618,-14.97107,42,synthetic,0,21
352647,-28.371026,29,synthetic,1,8
352670,3.813121,23,real,-1,2
352700,-33.950129,30,synthetic,2,9
352727,-12.805003,27,synthetic,0,6
352753,-39.634482,26,synthetic,2,5
352794,-12.095658,41,real,-1,20
352819,-2.383333,25,real,-1,4
352853,-22.601292,34,synthetic,1,13
352878,-2.546492,25,real,-1,4
352909,-15.401316,31,synthetic,0,10
352933,-20.306778,24,synthetic,1,3
352955,1.387328,22,real,-1,1
352994,-43.272821,39,synthetic,2,18
353027,-23.559782,33,synthetic,1,12
353066,-11.864007,39,synthetic,0,18
353100,-21.743367,34,synthetic,2,13
353133,-23.856998,33,synthetic,0,12
353161,-20.265064,28,synthetic,1,7
353183,-16.807731,22,synthetic,0,1
353204,-5.77217,21,real,-1,0
353238,-13.827341,34,synthetic,0,13
353265,-13.511155,27,synthetic,0,6
353288,0.015705,23,real,-1,2
353329,-23.872045,41,synthetic,1,20
353352,-38.965229,23,synthetic,2,2
353392,-24.615872,40,synthetic,1,19
353416,3.5369,24,real,-1,3
353457,-0.467525,41,real,-1,20
353479,-19.78919,22,synthetic,2,1
353502,-14.638633,23,synthetic,0,2
353539,-34.475616,37,synthetic,2,16
353561,-13.362641,22,synthetic,0,1
353593,1.540502,32,real,-1,11
353635,-2.904515,42,real,-1,21
353669,-31.248923,34,synthetic,2,13
353697,-28.728588,28,synthetic,1,7
353722,-28.163316,25,synthetic,2,4
353744,-4.650936,22,real,-1,1
353783,-29.934922,39,synthetic,2,18
353815,-6.205078,32,real,-1,11
353850,-15.576862,35,synthetic,0,14
353886,-34.840555,36,synthetic,2,15
353914,-29.721243,28,synthetic,1,7
353948,-19.494379,34,synthetic,0,13
353979,-31.162818,31,synthetic,1,10
354001,-36.132729,22,synthetic,2,1
354043,-15.862703,42,synthetic,0,21
354085,-2.319185,42,real,-1,21
354112,1.97261,27,real,-1,6
354151,-6.00444,39,real,-1,18
354193,-40.645742,42,synthetic,2,21
354217,-2.53367,24,real,-1,3
354250,-29.639058,33,synthetic,2,12
354271,-41.058421,21,synthetic,2,0
354294,-2.189614,23,real,-1,2
354323,-19.51154,29,synthetic,0,8
354344,-12.921202,21,synthetic,1,0
354369,-0.365796,25,real,-1,4
354402,-30.319979,33,synthetic,2,12
354431,-25.263379,29,synthetic,1,8
354469,1.631059,38,real,-1,17
354493,-12.721637,24,synthetic,1,3
354528,-10.908414,35,synthetic,0,14
354570,-41.646459,42,synthetic,2,21
354611,-1.323655,41,real,-1,20
354638,-2.039794,27,real,-1,6
354669,-26.581248,31,synthetic,1,10
354695,-11.827079,26,synthetic,0,5
354724,-32.218124,29,synthetic,2,8
354752,-9.400717,28,synthetic,0,7
354775,-23.876976,23,synthetic,1,2
354808,-18.403951,33,synthetic,2,12
354833,-11.677674,25,synthetic,0,4
354872,-21.392783,39,synthetic,0,18
354897,-38.030837,25,synthetic,2,4
354936,-2.843024,39,real,-1,18
354974,-14.196845,38,synthetic,0,17
355001,-20.044058,27,synthetic,0,6
355025,-26.378597,24,synthetic,1,3
355062,-15.960038,37,synthetic,0,16
355087,-20.987811,25,synthetic,2,4
355125,-22.604456,38,synthetic,2,17
355158,-24.759638,33,synthetic,1,12
355194,-4.978366,36,real,-1,15
355223,0.57988,29,real,-1,8
355245,-12.475413,22,synthetic,0,1
355272,-0.413216,27,real,-1,6
355308,-7.817719,36,real,-1,15
355348,-24.919184,40,synthetic,1,19
355373,-7.478436,25,synthetic,0,4
355394,-17.796696,21,synthetic,1,0
355420,2.938758,26,real,-1,5
355446,-2.989524,26,real,-1,5
355473,-2.632385,27,real,-1,6
355501,-20.162875,28,synthetic,1,7
355538,-3.349586,37,synthetic,0,16
355574,-11.693624,36,synthetic,0,15
355607,-7.422301,33,real,-1,12
355648,-27.70933,41,synthetic,2,20
355685,-2.662173,37,real,-1,16
355713,-2.922071,28,real,-1,7
355748,-31.100418,35,synthetic,2,14
355780,-3.272947,32,real,-1,11
355807,-32.49181,27,synthetic,2,6
355839,-2.362331,32,real,-1,11
355868,-36.408919,29,synthetic,1,8
355906,-11.152526,38,real,-1,17
355930,-14.300391,24,synthetic,1,3
355957,-29.233757,27,synthetic,2,6
355993,-25.21262,36,synthetic,1,15
356030,-26.470894,37,synthetic,1,16
356064,-14.997811,34,synthetic,0,13
356085,-4.159439,21,real,-1,0
356113,-19.924139,28,synthetic,0,7
356154,0.950862,41,real,-1,20
356178,-35.226895,24,synthetic,2,3
356206,-23.792743,28,synthetic,1,7
356230,-31.510363,24,synthetic,2,3
356263,-16.14662,33,synthetic,0,12
356293,-19.216033,30,synthetic,1,9
356328,0.451995,35,real,-1,14
356356,-9.439661,28,synthetic,0,7
356377,-39.972962,21,synthetic,2,0
356416,-42.720186,39,synthetic,2,18
356457,-4.676503,41,real,-1,20
356485,-34.75256,28,synthetic,2,7
356508,-17.20539,23,synthetic,1,2
356545,-0.014629,37,real,-1,16
356571,-24.81772,26,synthetic,1,5
356596,-24.637518,25,synthetic,1,4
356625,-21.632289,29,synthetic,1,8
356662,-23.300034,37,synthetic,1,16
356685,-1.95708,23,real,-1,2
356707,-3.138126,22,real,-1,1
356737,-46.284747,30,synthetic,2,9
356761,-26.79484,24,synthetic,1,3
356787,-1.185366,26,real,-1,5
356815,-0.649933,28,real,-1,7
356837,-28.537445,22,synthetic,2,1
356866,-11.678033,29,synthetic,1,8
356902,-11.553309,36,synthetic,0,15
356937,-7.122174,35,real,-1,14
356974,-10.991586,37,synthetic,0,16
357012,-25.535482,38,synthetic,2,17
357044,-5.92565,32,real,-1,11
357085,-33.404877,41,synthetic,2,20
357118,-3.631785,33,real,-1,12
357153,1.853024,35,real,-1,14
357181,-13.551424,28,synthetic,0,7
357208,-25.350798,27,synthetic,2,6
357241,-5.648584,33,real,-1,12
357283,-21.143928,42,synthetic,1,21
357322,-4.79733,39,real,-1,18
357344,-1.534935,22,real,-1,1
357382,-31.614971,38,synthetic,2,17
357419,-35.011522,37,synthetic,1,16
357441,-42.37988,22,synthetic,2,1
357482,-32.236337,41,synthetic,1,20
357519,-18.736378,37,synthetic,0,16
357553,-23.997517,34,synthetic,2,13
357577,-38.790145,24,synthetic,2,3
357602,-0.751127,25,real,-1,4
357628,-5.738449,26,synthetic,0,5
357650,-1.742594,22,real,-1,1
357690,-23.694096,40,synthetic,2,19
357727,-25.798611,37,synthetic,1,16
357761,-18.087862,34,synthetic,0,13
357784,-0.32789,23,real,-1,2
357813,-33.325887,29,synthetic,1,8
357840,-32.939935,27,synthetic,1,6
357872,-11.795297,32,synthetic,0,11
357909,-41.203557,37,synthetic,2,16
357941,-4.597941,32,real,-1,11
357978,-24.803611,37,synthetic,2,16
358020,-9.846683,42,real,-1,21
358046,-7.440118,26,synthetic,0,5
358071,-38.482154,25,synthetic,2,4
358095,-23.215116,24,synthetic,1,3
358128,-10.521832,33,synthetic,0,12
358166,-14.32034,38,synthetic,1,17
358204,-15.321053,38,synthetic,0,17
358234,-25.642522,30,synthetic,0,9
358256,-20.835804,22,synthetic,1,1
358277,-23.130307,21,synthetic,1,0
358309,-16.390349,32,synthetic,0,11
358340,-14.854486,31,synthetic,0,10
358379,-2.452255,39,real,-1,18
358400,-35.564676,21,synthetic,2,0
358425,-15.983796,25,synthetic,0,4
358461,-31.233128,36,synthetic,2,15
358500,-44.905246,39,synthetic,2,18
358531,-18.991359,31,synthetic,0,10
358571,-22.411413,40,synthetic,2,19
358610,-23.149465,39,synthetic,0,18
358636,-27.497594,26,synthetic,2,5
358675,-31.800844,39,synthetic,2,18
358703,-25.444037,28,synthetic,1,7
358741,-20.111009,38,synthetic,1,17
358779,-20.267183,38,synthetic,0,17
358819,-11.404707,40,synthetic,0,19
358859,1.134133,40,real,-1,19
358893,-20.170807,34,synthetic,2,13
358927,-20.344572,34,synthetic,0,13
358956,-31.78109,29,synthetic,2,8
358990,2.682703,34,real,-1,13
359013,-26.27016,23,synthetic,2,2
359035,-40.178299,22,synthetic,2,1
359071,-20.718796,36,synthetic,0,15
359109,-26.676815,38,synthetic,1,17
359139,-18.958138,30,synthetic,1,9
359166,0.650219,27,real,-1,6
359198,-20.1227,32,synthetic,1,11
359235,-10.537925,37,real,-1,16
359276,-45.507491,41,synthetic,2,20
359300,-2.601678,24,real,-1,3
359342,-33.623444,42,synthetic,2,21
359365,-4.495837,23,real,-1,2
359397,-13.675527,32,synthetic,0,11
359420,-22.168483,23,synthetic,2,2
359444,-9.410463,24,synthetic,0,3
359477,-11.958974,33,synthetic,0,12
359507,-33.790221,30,synthetic,2,9
359536,-7.183951,29,synthetic,0,8
359571,-37.021005,35,synthetic,2,14
359606,-31.794388,35,synthetic,2,14
359639,-15.37526,33,synthetic,0,12
359678,-0.584928,39,real,-1,18
359715,-35.39458,37,synthetic,1,16
359737,-28.117529,22,synthetic,1,1
359768,-0.616552,31,real,-1,10
359803,-1.665772,35,real,-1,14
359832,-37.704445,29,synthetic,1,8
359863,-27.369619,31,synthetic,2,10
359897,-28.717832,34,synthetic,1,13
359928,-33.254016,31,synthetic,2,10
359963,-29.617073,35,synthetic,1,14
359999,-11.106655,36,synthetic,0,15
360030,-10.70711,31,synthetic,0,10
360071,-12.372249,41,synthetic,0,20
360112,-42.654334,41,synthetic,2,20
360140,-5.111248,28,real,-1,7
360164,-14.53363,24,synthetic,0,3
360190,-14.581153,26,synthetic,0,5
360229,-24.745007,39,synthetic,2,18
360267,-2.484589,38,real,-1,17
360309,-5.700475,42,real,-1,21
360349,-29.167885,40,synthetic,1,19
360373,-18.766666,24,synthetic,1,3
360396,-26.371229,23,synthetic,1,2
360432,-44.815911,36,synthetic,2,15
360455,-0.790844,23,real,-1,2
360483,-22.80918,28,synthetic,1,7
360522,-20.449972,39,synthetic,1,18
360544,-30.963535,22,synthetic,2,1
360568,-1.123347,24,real,-1,3
360603,-11.859477,35,synthetic,0,14
360636,0.392694,33,real,-1,12
360660,-0.158263,24,real,-1,3
360696,-3.869279,36,real,-1,15
360717,2.664949,21,real,-1,0
360747,-2.306015,30,real,-1,9
360788,-17.841322,41,synthetic,0,20
360826,-20.325745,38,synthetic,1,17
360865,-19.295229,39,synthetic,1,18
360899,-26.476665,34,synthetic,1,13
360936,-27.508586,37,synthetic,1,16
360964,-35.385915,28,synthetic,2,7
361005,-27.344848,41,synthetic,1,20
361047,-32.982217,42,synthetic,1,21
361087,2.272433,40,real,-1,19
361116,-5.152585,29,synthetic,0,8
361146,-44.943877,30,synthetic,2,9
361185,-29.506331,39,synthetic,2,18
361211,-12.54357,26,synthetic,0,5
361245,-13.144639,34,synthetic,0,13
361274,-37.595815,29,synthetic,2,8
361308,-26.874574,34,synthetic,2,13
361334,-16.35184,26,synthetic,1,5
361370,-0.452223,36,real,-1,15
361408,-24.728189,38,synthetic,2,17
361435,-17.383612,27,synthetic,0,6
361463,-30.065141,28,synthetic,2,7
361503,-14.378921,40,synthetic,0,19
361535,-24.89227,32,synthetic,1,11
361570,-8.811016,35,synthetic,0,14
361592,0.301338,22,real,-1,1
361619,-22.648938,27,synthetic,1,6
361643,-20.709032,24,synthetic,1,3
361676,-0.592716,33,real,-1,12
361699,-12.201793,23,synthetic,0,2
361737,-22.679447,38,synthetic,0,17
361760,-44.236284,23,synthetic,2,2
361793,-26.052693,33,synthetic,1,12
361825,-12.656401,32,synthetic,0,11
361855,-10.180162,30,synthetic,0,9
361891,-11.687487,36,synthetic,0,15
361920,-5.853486,29,synthetic,0,8
361945,-25.732895,25,synthetic,1,4
361983,-18.231112,38,synthetic,0,17
362008,-4.748196,25,real,-1,4
362032,-14.286781,24,synthetic,0,3
362072,-4.538853,40,real,-1,19
362108,-28.417288,36,synthetic,2,15
362146,-0.037685,38,real,-1,17
362184,2.148693,38,real,-1,17
362222,-22.220231,38,synthetic,1,17
362259,-2.7545,37,real,-1,16
362295,-22.542952,36,synthetic,1,15
362320,-25.361965,25,synthetic,2,4
362361,-20.522778,41,synthetic,0,20
362395,-24.073081,34,synthetic,2,13
362419,-21.457797,24,synthetic,1,3
362456,-30.95673,37,synthetic,2,16
362482,-38.368881,26,synthetic,2,5
362504,-31.241796,22,synthetic,1,1
362539,-7.526698,35,synthetic,0,14
362562,-15.434134,23,synthetic,0,2
362602,-15.437336,40,synthetic,0,19
362626,1.902209,24,real,-1,3
362659,-31.464455,33,synthetic,2,12
362686,-21.50479,27,synthetic,1,6
362725,-14.362369,39,synthetic,0,18
362750,-7.946713,25,synthetic,0,4
362785,-26.270026,35,synthetic,2,14
362812,-39.415681,27,synthetic,2,6
362840,-18.596567,28,synthetic,1,7
362866,-9.568352,26,synthetic,0,5
362901,-10.251934,35,synthetic,0,14
362943,-19.661807,42,synthetic,0,21
362976,-43.809347,33,synthetic,2,12
363015,-6.065194,39,synthetic,0,18
363046,-29.488752,31,synthetic,2,10
363081,-3.605512,35,real,-1,14
363122,-3.396368,41,real,-1,20
363157,-22.812814,35,synthetic,1,14
363199,-3.846514,42,real,-1,21
363236,-21.592591,37,synthetic,1,16
363260,-6.255154,24,real,-1,3
363287,5.075995,27,real,-1,6
363320,-17.98153,33,synthetic,1,12
363348,-17.288259,28,synthetic,1,7
363377,-23.351225,29,synthetic,0,8
363410,1.048552,33,real,-1,12
363452,-22.833696,42,synthetic,1,21
363489,-6.676783,37,real,-1,16
363525,-14.562405,36,synthetic,1,15
363554,-18.167132,29,synthetic,1,8
363585,-12.292651,31,synthetic,1,10
363615,-31.748901,30,synthetic,2,9
363646,-27.486215,31,synthetic,1,10
363677,-25.49282,31,synthetic,1,10
363709,-21.624739,32,synthetic,1,11
363747,-14.827879,38,synthetic,0,17
363782,-24.691003,35,synthetic,1,14
363803,-24.295792,21,synthetic,1,0
363841,-38.140902,38,synthetic,2,17
363878,-40.063298,37,synthetic,2,16
363906,-4.108639,28,real,-1,7
363939,-25.974682,33,synthetic,1,12
363972,-16.892883,33,synthetic,1,12
364007,-22.303331,35,synthetic,2,14
364048,-40.145662,41,synthetic,2,20
364089,-11.697712,41,synthetic,2,20
364110,-7.295412,21,real,-1,0
364133,-40.985568,23,synthetic,2,2
364161,-2.093389,28,real,-1,7
364186,-41.282971,25,synthetic,2,4
364227,-5.030532,41,real,-1,20
364264,-36.378146,37,synthetic,2,16
364299,-13.283772,35,synthetic,0,14
364328,-19.951548,29,synthetic,0,8
364356,-23.541336,28,synthetic,1,7
364382,-12.876726,26,synthetic,0,5
364412,-27.459481,30,synthetic,2,9
364435,0.171757,23,real,-1,2
364470,-5.600343,35,real,-1,14
364493,-37.460309,23,synthetic,2,2
364522,-43.056435,29,synthetic,2,8
364562,-24.051579,40,synthetic,2,19
364590,-20.440536,28,synthetic,1,7
364617,3.298458,27,real,-1,6
364648,-10.086389,31,real,-1,10
364680,-14.887614,32,synthetic,0,11
364720,-24.971871,40,synthetic,1,19
364755,-35.831103,35,synthetic,1,14
364788,-6.1467,33,synthetic,0,12
364814,-27.067086,26,synthetic,1,5
364849,-33.842705,35,synthetic,2,14
364882,1.349441,33,real,-1,12
364914,5.827697,32,real,-1,11
364940,-5.870763,26,real,-1,5
364980,-22.385044,40,synthetic,1,19
365004,-1.315036,24,real,-1,3
365044,-6.479403,40,real,-1,19
365075,-27.200714,31,synthetic,1,10
365114,-16.395267,39,synthetic,0,18
365138,-45.303515,24,synthetic,2,3
365160,-17.862769,22,synthetic,1,1
365194,-1.772021,34,real,-1,13
365216,-34.662952,22,synthetic,2,1
365254,-23.617205,38,synthetic,1,17
365279,-34.421447,25,synthetic,2,4
365321,-7.320397,42,real,-1,21
365363,-18.847602,42,synthetic,1,21
365391,-6.397401,28,real,-1,7
365430,-16.000621,39,synthetic,0,18
365459,-15.238027,29,synthetic,0,8
365486,-25.624814,27,synthetic,1,6
365510,-36.713774,24,synthetic,2,3
365552,-24.290677,42,synthetic,1,21
365591,0.886521,39,real,-1,18
365629,-8.401948,38,real,-1,17
365664,-3.210129,35,real,-1,14
365691,-14.55799,27,synthetic,0,6
365712,-8.095914,21,real,-1,0
365739,-25.300153,27,synthetic,1,6
365769,-5.398846,30,real,-1,9
365809,-27.522923,40,synthetic,2,19
365836,-28.191877,27,synthetic,2,6
365858,-41.906511,22,synthetic,2,1
365884,-9.19469,26,synthetic,0,5
365916,-4.61545,32,real,-1,11
365956,-15.505459,40,synthetic,0,19
365981,-28.235413,25,synthetic,1,4
366014,-1.204965,33,real,-1,12
366051,-23.83616,37,synthetic,1,16
366074,-46.148583,23,synthetic,2,2
366102,-16.678938,28,synthetic,1,7
366133,-38.469802,31,synthetic,2,10
366174,-39.21997,41,synthetic,2,20
366195,-30.189044,21,synthetic,2,0
366233,-25.699778,38,synthetic,1,17
366260,-9.728088,27,real,-1,6
366291,-23.54514,31,synthetic,1,10
366313,-25.497554,22,synthetic,1,1
366355,-35.022356,42,synthetic,2,21
366388,-21.01764,33,synthetic,1,12
366423,0.536174,35,real,-1,14
366456,-17.763868,33,synthetic,0,12
366486,-19.605985,30,synthetic,0,9
366510,-6.087039,24,real,-1,3
366534,-26.523036,24,synthetic,1,3
366564,-15.191758,30,synthetic,1,9
366586,-1.546513,22,real,-1,1
366618,-29.584469,32,synthetic,2,11
366659,-19.991208,41,synthetic,1,20
366698,-18.227669,39,synthetic,0,18
366724,-22.302226,26,synthetic,1,5
366754,-34.46209,30,synthetic,1,9
366778,-11.494928,24,synthetic,0,3
366819,-13.65697,41,synthetic,0,20
366861,-0.943946,42,real,-1,21
366889,-44.116881,28,synthetic,2,7
366922,-2.869128,33,real,-1,12
366955,-12.177366,33,synthetic,0,12
366981,-12.853488,26,synthetic,1,5
367021,-21.453352,40,synthetic,2,19
367052,0.947893,31,real,-1,10
367087,-37.002697,35,synthetic,2,14
367116,-29.643723,29,synthetic,2,8
367142,-10.13467,26,real,-1,5
367174,-21.302034,32,synthetic,1,11
367208,2.565682,34,real,-1,13
367244,-34.018199,36,synthetic,2,15
367277,-0.021388,33,real,-1,12
367300,-38.558741,23,synthetic,2,2
367332,-2.504394,32,real,-1,11
367364,-3.756932,32,real,-1,11
367401,-14.478615,37,synthetic,0,16
367429,-1.84342,28,real,-1,7
367459,2.736207,30,real,-1,9
367484,-2.166364,25,real,-1,4
367506,-19.662529,22,synthetic,1,1
367534,-0.82173,28,real,-1,7
367574,-29.547032,40,synthetic,1,19
367599,-17.971974,25,synthetic,2,4
367630,-6.62624,31,real,-1,10
367666,-2.545813,36,real,-1,15
367690,-16.807205,24,synthetic,0,3
367729,-28.164649,39,synthetic,1,18
367755,-25.039489,26,synthetic,1,5
367792,-6.627787,37,synthetic,0,16
367813,-24.022368,21,synthetic,1,0
367852,-36.998269,39,synthetic,2,18
367881,-22.855634,29,synthetic,1,8
367908,-33.65294,27,synthetic,2,6
367948,0.321629,40,real,-1,19
367976,-19.56316,28,synthetic,1,7
368008,-26.949525,32,synthetic,1,11
368045,-24.039462,37,synthetic,1,16
368066,-15.086368,21,synthetic,1,0
368102,-13.818458,36,real,-1,15
368129,-13.794407,27,synthetic,0,6
368164,-19.928773,35,synthetic,1,14
368196,-42.774494,32,synthetic,2,11
368235,-46.002075,39,synthetic,2,18
368266,-32.256298,31,synthetic,1,10
368304,0.245975,38,real,-1,17
368332,-23.776726,28,synthetic,1,7
368358,-33.442688,26,synthetic,2,5
368397,-19.569669,39,synthetic,1,18
368437,-6.58379,40,real,-1,19
368478,-14.236711,41,synthetic,0,20
368506,-10.634584,28,synthetic,0,7
368538,-5.222626,32,synthetic,0,11
368573,-12.623064,35,synthetic,0,14
368594,-24.697199,21,synthetic,1,0
368622,-15.271621,28,synthetic,1,7
368650,-0.937284,28,real,-1,7
368678,-8.984343,28,synthetic,0,7
368716,-15.621716,38,synthetic,0,17
368757,-7.614411,41,real,-1,20
368796,-37.473797,39,synthetic,2,18
368829,-0.107744,33,real,-1,12
368862,-2.558916,33,real,-1,12
368890,-31.826235,28,synthetic,2,7
368930,1.95819,40,real,-1,19
368954,-44.169044,24,synthetic,2,3
368987,-37.816737,33,synthetic,2,12
369029,-1.798755,42,real,-1,21
369050,-25.365509,21,synthetic,2,0
369071,-1.334939,21,real,-1,0
369095,-12.818772,24,synthetic,0,3
369127,-1.76719,32,real,-1,11
369169,-7.021197,42,synthetic,0,21
369208,-29.750317,39,synthetic,2,18
369238,-37.73791,30,synthetic,2,9
369279,-23.913729,41,synthetic,0,20
369306,-10.56646,27,synthetic,0,6
369331,-42.380416,25,synthetic,2,4
369367,-17.519462,36,synthetic,0,15
369404,-22.752218,37,synthetic,2,16
369432,-38.430695,28,synthetic,2,7
369461,-49.975369,29,synthetic,2,8
369491,-3.372825,30,real,-1,9
369523,-27.845429,32,synthetic,1,11
369549,-11.252109,26,synthetic,0,5
369589,-4.776618,40,real,-1,19
369621,-28.949446,32,synthetic,2,11
369654,-0.732299,33,real,-1,12
369687,-42.116504,33,synthetic,2,12
369721,-0.844856,34,real,-1,13
369755,-28.565669,34,synthetic,2,13
369789,-31.128043,34,synthetic,2,13
369829,-14.217095,40,real,-1,19
369861,-23.211236,32,synthetic,2,11
369890,-21.446573,29,synthetic,1,8
369926,-27.925348,36,synthetic,2,15
369959,-18.139155,33,synthetic,0,12
369991,-19.915382,32,synthetic,1,11
370026,-8.561988,35,synthetic,0,14
370055,-7.336051,29,synthetic,0,8
370087,-2.91603,32,real,-1,11
370110,-2.385109,23,real,-1,2
370147,4.279476,37,real,-1,16
370181,-16.811385,34,synthetic,0,13
370209,-14.99952,28,synthetic,0,7
370244,-2.354054,35,real,-1,14
370275,-19.709291,31,synthetic,1,10
370315,-43.757073,40,synthetic,2,19
370354,-26.089385,39,synthetic,1,18
370381,-20.814394,27,synthetic,1,6
370412,-5.976087,31,real,-1,10
370448,-12.251734,36,real,-1,15
370477,-6.521255,29,real,-1,8
370511,4.13674,34,real,-1,13
370539,-25.153302,28,synthetic,1,7
370567,-0.713962,28,real,-1,7
370589,-19.25469,22,synthetic,1,1
370628,-9.22712,39,synthetic,0,18
370653,-13.481892,25,synthetic,1,4
370692,-39.891516,39,synthetic,2,18
370728,-23.793142,36,synthetic,1,15
370768,4.688162,40,real,-1,19
370797,-15.238808,29,synthetic,1,8
370834,-8.10195,37,real,-1,16
370870,-32.189708,36,synthetic,2,15
370907,-8.647344,37,real,-1,16
370937,-17.366825,30,synthetic,0,9
370966,7.73192,29,real,-1,8
370995,-33.501334,29,synthetic,2,8
371022,-45.604156,27,synthetic,2,6
371057,-12.372214,35,synthetic,1,14
371086,-16.312031,29,synthetic,0,8
371117,-38.206406,31,synthetic,2,10
371141,-18.373573,24,synthetic,2,3
371167,-39.86224,26,synthetic,2,5
371200,-14.669478,33,synthetic,0,12
371229,-16.094389,29,synthetic,0,8
371257,-27.871281,28,synthetic,1,7
371294,-29.409335,37,synthetic,1,16
371328,-37.85502,34,synthetic,2,13
371366,-10.523049,38,real,-1,17
371390,-6.132539,24,real,-1,3
371412,-5.751539,22,synthetic,0,1
371446,-38.661435,34,synthetic,1,13
371479,-16.247194,33,synthetic,0,12
371513,-14.976169,34,synthetic,0,13
371534,-30.388542,21,synthetic,2,0
371561,-27.24257,27,synthetic,1,6
371583,-19.836584,22,synthetic,1,1
371625,-36.76539,42,synthetic,2,21
371647,-12.595298,22,real,-1,1
371671,-16.531855,24,synthetic,0,3
371692,-33.910005,21,synthetic,2,0
371734,-43.464503,42,synthetic,2,21
371761,-7.826749,27,synthetic,0,6
371784,-25.896875,23,synthetic,2,2
371815,-5.300756,31,synthetic,0,10
371845,-39.462773,30,synthetic,2,9
371869,-1.131036,24,real,-1,3
371905,-29.247694,36,synthetic,1,15
371936,-10.053181,31,synthetic,0,10
371966,-3.159864,30,real,-1,9
371995,-23.540456,29,synthetic,1,8
372024,6.600432,29,real,-1,8
372065,-34.528235,41,synthetic,1,20
372088,-18.634909,23,synthetic,0,2
372111,-12.559404,23,synthetic,0,2
372146,-2.754161,35,real,-1,14
372174,-1.940509,28,real,-1,7
372215,-18.585262,41,synthetic,0,20
372256,-7.927258,41,real,-1,20
372287,-11.048735,31,synthetic,0,10
372316,-41.584084,29,synthetic,2,8
372340,-1.0738,24,real,-1,3
372370,-30.240409,30,synthetic,1,9
372402,-22.683685,32,synthetic,1,11
372444,-15.065822,42,synthetic,0,21
372466,-14.028719,22,synthetic,0,1
372494,-15.968513,28,synthetic,0,7
372523,-26.093922,29,synthetic,2,8
372561,-14.48981,38,synthetic,1,17
372600,-32.114357,39,synthetic,2,18
372624,-16.338828,24,synthetic,0,3
372653,-2.630973,29,real,-1,8
372688,-10.837149,35,synthetic,0,14
372713,-4.352112,25,real,-1,4
372736,-26.292082,23,synthetic,1,2
372772,-26.71919,36,synthetic,1,15
372795,-11.277021,23,synthetic,0,2
372830,-12.907761,35,synthetic,0,14
372864,-3.656367,34,real,-1,13
372906,-29.115915,42,synthetic,1,21
372947,-20.86796,41,synthetic,1,20
372984,-19.464359,37,synthetic,1,16
373015,-39.428021,31,synthetic,2,10
373051,-16.823977,36,synthetic,0,15
373075,-11.235402,24,synthetic,0,3
373101,-5.938925,26,synthetic,0,5
373134,-1.358526,33,real,-1,12
373173,-30.445553,39,synthetic,2,18
373199,-25.85882,26,synthetic,1,5
373240,-46.411348,41,synthetic,2,20
373274,-25.915482,34,synthetic,1,13
373305,-24.554295,31,synthetic,1,10
373333,-25.948858,28,synthetic,1,7
373373,-36.855556,40,synthetic,2,19
373409,-6.888766,36,real,-1,15
373432,-19.496126,23,synthetic,0,2
373462,-19.474802,30,synthetic,1,9
373498,-30.841257,36,synthetic,1,15
373530,-13.777617,32,synthetic,1,11
373554,-5.142361,24,real,-1,3
373595,-36.92326,41,synthetic,2,20
373624,-38.442565,29,synthetic,2,8
373648,-40.235566,24,synthetic,2,3
373680,-3.624648,32,real,-1,11
373716,-1.503874,36,real,-1,15
373749,-3.706769,33,real,-1,12
373779,-25.916491,30,synthetic,2,9
373809,-34.220465,30,synthetic,2,9
373831,-17.83061,22,synthetic,1,1
373873,-11.703706,42,synthetic,0,21
373902,-33.554065,29,synthetic,2,8
373937,-4.475337,35,synthetic,0,14
373974,-13.381128,37,synthetic,0,16
374012,-30.460787,38,synthetic,1,17
374043,0.267694,31,real,-1,10
374079,0.645798,36,real,-1,15
374112,-2.41114,33,real,-1,12
374144,-43.84062,32,synthetic,2,11
374170,-30.236097,26,synthetic,1,5
374199,-28.41802,29,synthetic,1,8
374233,-37.860021,34,synthetic,2,13
374270,-5.117708,37,synthetic,0,16
374294,-20.876959,24,synthetic,1,3
374320,-29.772335,26,synthetic,1,5
374356,-26.38816,36,synthetic,1,15
374394,-34.668287,38,synthetic,2,17
374417,-24.190305,23,synthetic,1,2
374455,0.809446,38,real,-1,17
374480,-18.933083,25,synthetic,0,4
374505,-36.139094,25,synthetic,2,4
374529,-9.451451,24,synthetic,0,3
374561,-23.639583,32,synthetic,1,11
374587,-31.787497,26,synthetic,2,5
374613,-31.286501,26,synthetic,2,5
374651,-28.537753,38,synthetic,1,17
374681,-5.501757,30,real,-1,9
374710,-21.856898,29,synthetic,1,8
374746,-4.374385,36,real,-1,15
374774,0.332854,28,real,-1,7
374810,-1.425729,36,real,-1,15
374838,-17.7472,28,real,-1,7
374874,-38.020759,36,synthetic,2,15
374906,2.219209,32,real,-1,11
374927,-6.030358,21,real,-1,0
374953,-4.139171,26,real,-1,5
374991,-19.404457,38,synthetic,1,17
375022,-45.331265,31,synthetic,2,10
375059,-16.976468,37,synthetic,0,16
375084,-23.481835,25,synthetic,1,4
375108,-3.80641,24,real,-1,3
375144,-2.69161,36,real,-1,15
375177,-44.107599,33,synthetic,2,12
375208,-17.452666,31,synthetic,1,10
375238,-9.922348,30,synthetic,0,9
375280,-2.445502,42,real,-1,21
375306,-14.583214,26,synthetic,0,5
375333,-7.749079,27,real,-1,6
375368,-12.971675,35,synthetic,0,14
375400,-1.651907,32,real,-1,11
375421,-12.614291,21,synthetic,0,0
375449,-26.421439,28,synthetic,1,7
375470,-20.395637,21,synthetic,1,0
375508,-12.25812,38,synthetic,0,17
375530,-19.230385,22,synthetic,1,1
375562,-40.883024,32,synthetic,2,11
375590,-45.872905,28,synthetic,2,7
375630,-1.533792,40,real,-1,19
375658,-10.168889,28,real,-1,7
375699,-2.812149,41,real,-1,20
375726,-37.354478,27,synthetic,2,6
375767,-29.160397,41,synthetic,2,20
375792,-29.531211,25,synthetic,2,4
375834,-31.614797,42,synthetic,2,21
375865,-6.266407,31,real,-1,10
375887,-30.322233,22,synthetic,2,1
375919,0.160134,32,real,-1,11
375950,-27.482587,31,synthetic,1,10
375978,-20.225442,28,synthetic,1,7
376017,-31.075794,39,synthetic,2,18
376055,-5.245289,38,real,-1,17
376087,-5.429951,32,real,-1,11
376112,-1.880711,25,real,-1,4
376146,0.23444,34,real,-1,13
376173,-3.589655,27,real,-1,6
376212,-19.097022,39,synthetic,0,18
376233,-1.763027,21,real,-1,0
376269,-7.446535,36,synthetic,0,15
376307,-28.642201,38,synthetic,1,17
376336,-38.667608,29,synthetic,2,8
376374,-39.78815,38,synthetic,2,17
376399,-0.864902,25,real,-1,4
376424,-34.576185,25,synthetic,2,4
376447,-15.323764,23,synthetic,1,2
376476,-2.092698,29,real,-1,8
376503,-27.27965,27,synthetic,2,6
376526,-3.502906,23,real,-1,2
376564,-5.989193,38,real,-1,17
376596,-3.174631,32,synthetic,0,11
376620,-16.490914,24,synthetic,0,3
376657,-33.845384,37,synthetic,2,16
376685,-28.247603,28,synthetic,1,7
376722,-0.860229,37,real,-1,16
376761,-44.126176,39,synthetic,2,18
376798,1.627528,37,real,-1,16
376833,-29.00315,35,synthetic,1,14
376867,2.575369,34,real,-1,13
376892,1.532549,25,real,-1,4
376921,-18.654131,29,synthetic,1,8
376945,-30.279966,24,synthetic,2,3
376978,-13.378149,33,synthetic,1,12
377009,-34.192766,31,synthetic,2,10
377051,-39.702059,42,synthetic,2,21
377084,-5.831319,33,synthetic,0,12
377111,-4.432198,27,real,-1,6
377135,-14.269292,24,synthetic,0,3
377164,-19.624627,29,synthetic,1,8
377197,-32.485805,33,synthetic,2,12
377225,0.214708,28,real,-1,7
377249,-17.014546,24,synthetic,0,3
377282,-20.132218,33,synthetic,0,12
377307,-32.663554,25,synthetic,1,4
377343,-28.345423,36,synthetic,2,15
377383,-12.969596,40,synthetic,0,19
377413,-2.743391,30,real,-1,9
377445,-27.150765,32,synthetic,2,11
377484,-11.416723,39,synthetic,0,18
377517,-4.260365,33,real,-1,12
377541,-21.017197,24,synthetic,1,3
377565,0.15425,24,real,-1,3
377606,-35.039353,41,synthetic,2,20
377636,-27.468014,30,synthetic,1,9
377662,-5.803416,26,synthetic,0,5
377697,-30.863931,35,synthetic,1,14
377739,1.998309,42,real,-1,21
377768,-10.465641,29,synthetic,0,8
377793,-15.515735,25,synthetic,0,4
377816,-5.914088,23,synthetic,0,2
377857,-17.415789,41,synthetic,0,20
377883,-11.758228,26,synthetic,1,5
377925,0.195813,42,real,-1,21
377967,0.930913,42,real,-1,21
378004,-10.526057,37,synthetic,0,16
378035,-13.988653,31,synthetic,0,10
378072,-20.690363,37,synthetic,1,16
378109,-11.982498,37,synthetic,1,16
378148,-25.631443,39,synthetic,2,18
378178,-2.932052,30,real,-1,9
378202,-23.662481,24,synthetic,2,3
378241,-3.584962,39,real,-1,18
378268,-33.637394,27,synthetic,2,6
378303,-3.151786,35,real,-1,14
378341,-0.561997,38,real,-1,17
378382,-48.106444,41,synthetic,2,20
378407,-1.3056,25,real,-1,4
378448,-8.81781,41,real,-1,20
378473,-32.869746,25,synthetic,2,4
378498,-8.05962,25,synthetic,0,4
378534,-3.958407,36,real,-1,15
378575,-1.205977,41,real,-1,20
378615,-14.960764,40,synthetic,0,19
378641,-21.187187,26,synthetic,0,5
378680,-40.792884,39,synthetic,2,18
378713,-25.46664,33,synthetic,1,12
378755,-33.257819,42,synthetic,1,21
378788,-0.833323,33,real,-1,12
378823,-23.887886,35,synthetic,1,14
378858,-4.858547,35,real,-1,14
378882,-15.052535,24,synthetic,1,3
378919,-19.590669,37,synthetic,1,16
378941,-13.209713,22,synthetic,0,1
378964,-35.227242,23,synthetic,2,2
378990,-9.74215,26,synthetic,0,5
379019,-29.165554,29,synthetic,1,8
379040,-11.090183,21,synthetic,0,0
379065,-12.345098,25,synthetic,0,4
379107,-11.35186,42,synthetic,0,21
379133,-13.537676,26,synthetic,1,5
379168,-10.607153,35,synthetic,0,14
379199,-24.025716,31,synthetic,2,10
379229,-30.617404,30,synthetic,2,9
379251,-34.518786,22,synthetic,2,1
379284,-44.667298,33,synthetic,2,12
379322,-42.192534,38,synthetic,2,17
379357,-37.657182,35,synthetic,2,14
379383,-19.956889,26,synthetic,1,5
379414,-49.487028,31,synthetic,2,10
379436,-32.995945,22,synthetic,1,1
379466,-0.742877,30,real,-1,9
379499,-29.207344,33,synthetic,2,12
379537,-15.957407,38,synthetic,1,17
379579,-29.185063,42,synthetic,2,21
379606,-19.751245,27,synthetic,1,6
379642,-11.741917,36,synthetic,0,15
379669,-10.75674,27,synthetic,0,6
379701,-19.850732,32,synthetic,1,11
379730,-3.935738,29,real,-1,8
379771,-17.388545,41,synthetic,0,20
379813,-18.534344,42,synthetic,0,21
379837,-21.015824,24,synthetic,1,3
379875,-9.807504,38,synthetic,0,17
379910,-11.489232,35,synthetic,0,14
379937,-22.446555,27,synthetic,2,6
379977,-19.608554,40,synthetic,1,19
379999,-24.688604,22,synthetic,2,1
380023,-18.06648,24,synthetic,0,3
380058,-14.385973,35,synthetic,1,14
380098,-3.087182,40,real,-1,19
380133,-31.233444,35,synthetic,1,14
380161,-10.670412,28,synthetic,0,7
380198,0.757848,37,real,-1,16
380222,-8.52546,24,synthetic,0,3
380248,-19.19496,26,synthetic,1,5
380277,-33.167292,29,synthetic,1,8
380317,-11.048458,40,synthetic,0,19
380346,-41.155656,29,synthetic,2,8
380381,-16.750056,35,synthetic,1,14
380413,0.584966,32,real,-1,11
380444,-36.214884,31,synthetic,2,10
380470,-1.018659,26,real,-1,5
380512,-12.073832,42,synthetic,0,21
380540,-30.582555,28,synthetic,2,7
380579,-14.466561,39,synthetic,1,18
380621,-27.692028,42,synthetic,1,21
380648,-40.737208,27,synthetic,2,6
380675,-21.422739,27,synthetic,1,6
380717,-8.144754,42,real,-1,21
380757,-15.429153,40,synthetic,0,19
380780,-1.901359,23,real,-1,2
380801,-35.70155,21,synthetic,2,0
380823,-39.182369,22,synthetic,2,1
380864,-9.646444,41,synthetic,0,20
380885,-20.172879,21,synthetic,1,0
380925,-18.755065,40,synthetic,1,19
380951,-19.993512,26,synthetic,1,5
380973,-5.971527,22,real,-1,1
381011,-10.295429,38,synthetic,0,17
381048,-21.517171,37,synthetic,1,16
381083,-3.289261,35,real,-1,14
381120,-4.440681,37,real,-1,16
381155,-2.125257,35,real,-1,14
381183,-39.055731,28,synthetic,2,7
381213,-31.667942,30,synthetic,2,9
381251,-24.825428,38,synthetic,0,17
381291,-6.995791,40,real,-1,19
381327,-3.204812,36,real,-1,15
381368,-27.625075,41,synthetic,2,20
381403,-18.625059,35,synthetic,1,14
381445,2.95003,42,real,-1,21
381476,-23.499561,31,synthetic,0,10
381511,-10.318324,35,synthetic,0,14
381551,-33.690732,40,synthetic,1,19
381573,-38.834442,22,synthetic,2,1
381603,-13.116234,30,synthetic,0,9
381642,-16.217353,39,synthetic,0,18
381678,-13.818218,36,synthetic,0,15
381717,-47.690569,39,synthetic,2,18
381748,-36.944589,31,synthetic,2,10
381776,-19.841399,28,synthetic,1,7
381801,-24.413494,25,synthetic,1,4
381826,-1.62176,25,real,-1,4
381864,-5.776753,38,real,-1,17
381906,-7.057361,42,real,-1,21
381946,-23.64316,40,synthetic,1,19
381978,-32.286141,32,synthetic,2,11
382015,-1.299165,37,real,-1,16
382040,-28.353545,25,synthetic,2,4
382082,-5.45471,42,real,-1,21
382124,-6.769235,42,real,-1,21
382155,-12.127662,31,synthetic,0,10
382184,-27.987356,29,synthetic,1,8
382226,-8.692562,42,synthetic,0,21
382262,-16.205752,36,synthetic,0,15
382290,-16.269711,28,synthetic,0,7
382330,-6.388471,40,real,-1,19
382352,-12.216977,22,synthetic,0,1
382385,0.231317,33,real,-1,12
382414,1.411989,29,real,-1,8
382447,-36.043617,33,synthetic,2,12
382481,-3.253904,34,real,-1,13
382520,-17.481258,39,synthetic,2,18
382551,-17.499443,31,synthetic,1,10
382580,-8.135028,29,synthetic,0,8
382610,-19.863604,30,synthetic,1,9
382634,-2.26167,24,real,-1,3
382660,-12.423538,26,synthetic,0,5
382696,-28.597972,36,synthetic,2,15
382730,-35.112899,34,synthetic,2,13
382759,-34.023844,29,synthetic,2,8
382787,-10.533683,28,synthetic,0,7
382819,-23.387364,32,synthetic,2,11
382861,1.696923,42,real,-1,21
382884,-29.330171,23,synthetic,2,2
382923,-21.944032,39,synthetic,0,18
382954,-38.065771,31,synthetic,2,10
382976,-9.608042,22,real,-1,1
382997,-3.766733,21,real,-1,0
383035,-15.07283,38,synthetic,0,17
383069,-15.460886,34,synthetic,0,13
383107,-37.487039,38,synthetic,2,17
383139,-9.944985,32,synthetic,0,11
383173,-14.51093,34,synthetic,0,13
383207,-23.373308,34,synthetic,1,13
383246,-13.260305,39,real,-1,18
383283,-35.478166,37,synthetic,1,16
383308,-14.087187,25,real,-1,4
383341,-1.182003,33,real,-1,12
383382,5.103291,41,real,-1,20
383424,-30.687375,42,synthetic,2,21
383455,-27.323778,31,synthetic,2,10
383495,-19.023027,40,synthetic,0,19
383535,-5.009315,40,real,-1,19
383577,-25.813617,42,synthetic,2,21
383611,0.972115,34,real,-1,13
383652,-13.036604,41,synthetic,0,20
383680,-36.176573,28,synthetic,2,7
383720,-34.389666,40,synthetic,1,19
383748,-20.342589,28,synthetic,1,7
383777,-32.138426,29,synthetic,2,8
383808,-35.938294,31,synthetic,2,10
383838,-30.006883,30,synthetic,2,9
383861,0.970633,23,real,-1,2
383895,-11.505228,34,synthetic,0,13
383935,3.66317,40,real,-1,19
383969,-33.011317,34,synthetic,2,13
383999,-5.3568,30,real,-1,9
384028,-25.210532,29,synthetic,1,8
384065,2.414368,37,real,-1,16
384100,-12.493168,35,synthetic,0,14
384138,-14.891889,38,synthetic,0,17
384180,-5.866602,42,real,-1,21
384207,-38.212723,27,synthetic,2,6
384233,-30.585139,26,synthetic,2,5
384273,-1.322282,40,real,-1,19
384306,-6.379872,33,synthetic,0,12
384330,-31.119032,24,synthetic,1,3
384353,-0.968819,23,real,-1,2
384378,-10.406963,25,synthetic,0,4
384401,-11.967884,23,synthetic,0,2
384432,-1.342794,31,real,-1,10
384463,-20.492573,31,synthetic,0,10
384488,0.622512,25,real,-1,4
384513,-13.022823,25,synthetic,0,4
384550,-24.488451,37,synthetic,1,16
384590,-1.020464,40,real,-1,19
384615,-10.949122,25,synthetic,0,4
384647,-42.738607,32,synthetic,2,11
384672,-2.649573,25,real,-1,4
384706,-35.767387,34,synthetic,2,13
384731,-13.30705,25,real,-1,4
384764,-9.179867,33,real,-1,12
384797,-2.511986,33,real,-1,12
384822,-11.276085,25,real,-1,4
384844,-41.890443,22,synthetic,2,1
384884,-3.52936,40,real,-1,19
384918,-26.869448,34,synthetic,1,13
384948,-42.086431,30,synthetic,2,9
384989,-11.784769,41,synthetic,1,20
385026,-6.030679,37,real,-1,16
385047,-15.315907,21,synthetic,1,0
385073,-22.233238,26,synthetic,1,5
385112,-8.620581,39,synthetic,0,18
385150,-43.047689,38,synthetic,2,17
385174,-10.82652,24,synthetic,0,3
385200,-14.082208,26,synthetic,1,5
385225,-14.559117,25,synthetic,0,4
385256,-4.391576,31,real,-1,10
385288,-43.55062,32,synthetic,2,11
385315,-8.678135,27,real,-1,6
385346,-11.652693,31,real,-1,10
385376,-31.708451,30,synthetic,2,9
385409,6.119799,33,real,-1,12
385447,-27.777778,38,synthetic,1,17
385474,-33.780858,27,synthetic,1,6
385513,-1.800459,39,real,-1,18
385545,-3.295677,32,real,-1,11
385585,-6.19954,40,real,-1,19
385612,-9.172213,27,real,-1,6
385638,-13.670456,26,synthetic,0,5
385672,-7.511387,34,synthetic,0,13
385700,-1.666352,28,real,-1,7
385733,-1.613991,33,real,-1,12
385757,-33.446845,24,synthetic,2,3
385785,-10.365417,28,real,-1,7
385816,-4.843473,31,synthetic,0,10
385856,-0.03565,40,real,-1,19
385885,3.288108,29,real,-1,8
385916,-14.054,31,synthetic,0,10
385954,-17.048187,38,synthetic,0,17
385990,-7.899792,36,synthetic,0,15
386029,-26.633498,39,synthetic,1,18
386059,-12.22282,30,synthetic,1,9
386088,-23.196372,29,synthetic,1,8
386111,-30.754324,23,synthetic,2,2
386151,-1.133821,40,real,-1,19
386186,-3.209938,35,real,-1,14
386210,-41.364899,24,synthetic,2,3
386243,-26.201139,33,synthetic,1,12
386278,-15.995406,35,synthetic,0,14
386311,-12.904637,33,synthetic,0,12
386335,-5.532712,24,real,-1,3
386363,-0.49551,28,real,-1,7
386393,-10.58485,30,synthetic,0,9
386430,-7.646226,37,synthetic,0,16
386467,-42.504701,37,synthetic,2,16
386494,-13.177817,27,synthetic,0,6
386533,-14.034133,39,synthetic,0,18
386573,-47.452332,40,synthetic,2,19
386605,-9.271547,32,synthetic,0,11
386641,-22.218493,36,synthetic,1,15
386665,-40.68904,24,synthetic,2,3
386695,-16.326117,30,synthetic,1,9
386731,2.455761,36,real,-1,15
386752,-26.221938,21,synthetic,1,0
386776,-4.630612,24,real,-1,3
386799,-3.698684,23,real,-1,2
386832,-16.528745,33,synthetic,1,12
386860,-15.246091,28,synthetic,1,7
386892,-15.359102,32,synthetic,0,11
386917,-33.96615,25,synthetic,2,4
386949,-42.818196,32,synthetic,2,11
386989,0.872889,40,real,-1,19
387019,-25.938873,30,synthetic,2,9
387044,-11.532971,25,synthetic,0,4
387084,-32.769973,40,synthetic,2,19
387126,-3.989385,42,real,-1,21
387163,-32.938193,37,synthetic,2,16
387200,-21.93416,37,synthetic,1,16
387222,-12.419146,22,synthetic,0,1
387249,-19.646569,27,synthetic,2,6
387272,-24.333907,23,synthetic,1,2
387302,-2.900765,30,synthetic,0,9
387324,0.757787,22,real,-1,1
387346,-20.222406,22,synthetic,1,1
387377,-23.132094,31,synthetic,1,10
387403,-10.443146,26,synthetic,0,5
387428,-15.00725,25,synthetic,1,4
387456,-23.129985,28,synthetic,2,7
387478,-3.884653,22,real,-1,1
387505,-10.858262,27,real,-1,6
387544,-42.876753,39,synthetic,2,18
387572,-25.447102,28,synthetic,1,7
387609,-18.082882,37,synthetic,1,16
387643,-27.783307,34,synthetic,2,13
387681,0.321233,38,real,-1,17
387717,-17.855043,36,synthetic,1,15
387747,-29.221357,30,synthetic,2,9
387787,-16.017391,40,synthetic,0,19
387813,-0.512156,26,real,-1,5
387836,-14.878067,23,synthetic,0,2
387864,-17.810129,28,synthetic,1,7
387905,-25.946137,41,synthetic,1,20
387943,5.080028,38,real,-1,17
387969,-2.746821,26,real,-1,5
388009,-10.231427,40,real,-1,19
388031,-8.276088,22,synthetic,0,1
388067,-3.348985,36,synthetic,0,15
388099,-27.726434,32,synthetic,2,11
388140,-15.881725,41,synthetic,0,20
388173,-8.775573,33,synthetic,0,12
388212,-22.772545,39,synthetic,1,18
388239,-11.761071,27,synthetic,1,6
388273,-43.923309,34,synthetic,2,13
388296,-6.434274,23,synthetic,0,2
388328,0.559107,32,real,-1,11
388363,-4.080551,35,synthetic,0,14
388397,1.936799,34,real,-1,13
388439,-10.546424,42,synthetic,0,21
388477,-29.445806,38,synthetic,1,17
388499,-37.789373,22,synthetic,2,1
388530,-49.530331,31,synthetic,2,10
388561,-29.990322,31,synthetic,2,10
388595,-3.717852,34,real,-1,13
388631,-24.019602,36,synthetic,1,15
388663,-8.07802,32,synthetic,0,11
388693,-31.884316,30,synthetic,1,9
388731,-13.795825,38,synthetic,0,17
388766,-4.046958,35,real,-1,14
388802,-12.882477,36,synthetic,0,15
388832,0.545175,30,real,-1,9
388854,-20.325713,22,synthetic,1,1
388877,-29.860762,23,synthetic,2,2
388916,-28.010935,39,synthetic,1,18
388956,-29.858123,40,synthetic,2,19
388985,-29.648665,29,synthetic,2,8
389023,-27.391289,38,synthetic,1,17
389061,-36.492918,38,synthetic,2,17
389086,4.664706,25,real,-1,4
389117,-2.848314,31,real,-1,10
389140,-10.282739,23,synthetic,0,2
389168,-22.426164,28,synthetic,1,7
389200,-29.923306,32,synthetic,1,11
389237,-3.172518,37,real,-1,16
389267,-8.590135,30,synthetic,0,9
389288,0.898434,21,real,-1,0
389327,-3.78045,39,real,-1,18
389348,-29.33075,21,synthetic,2,0
389383,-31.126251,35,synthetic,2,14
389418,-21.594489,35,synthetic,1,14
389440,-11.471265,22,synthetic,0,1
389462,-32.379903,22,synthetic,2,1
389493,-19.639293,31,synthetic,1,10
389518,-19.218657,25,synthetic,1,4
389558,-5.559828,40,real,-1,19
389599,-21.043668,41,synthetic,2,20
389621,-10.897892,22,synthetic,0,1
389663,-2.469177,42,real,-1,21
389705,-27.620872,42,synthetic,2,21
389746,-11.949704,41,real,-1,20
389770,-3.884595,24,real,-1,3
389811,-2.89695,41,real,-1,20
389844,-35.004218,33,synthetic,2,12
389882,-6.491368,38,real,-1,17
389912,-29.253603,30,synthetic,1,9
389945,-4.976685,33,synthetic,0,12
389987,-18.880543,42,synthetic,1,21
390016,-9.801413,29,synthetic,0,8
390037,-0.106563,21,real,-1,0
390064,-15.674007,27,synthetic,0,6
390090,-31.809885,26,synthetic,2,5
390122,-39.572149,32,synthetic,2,11
390151,-0.626369,29,real,-1,8
390191,-8.060265,40,synthetic,0,19
390224,-37.211449,33,synthetic,2,12
390260,-32.860088,36,synthetic,2,15
390291,-16.016575,31,synthetic,0,10
390319,-14.675077,28,synthetic,0,7
390356,-3.431,37,real,-1,16
390394,-17.122599,38,real,-1,17
390434,-33.977654,40,synthetic,2,19
390464,-31.035319,30,synthetic,2,9
390496,-42.160169,32,synthetic,2,11
390535,-43.788123,39,synthetic,2,18
390558,-9.281374,23,synthetic,0,2
390595,-46.959623,37,synthetic,2,16
390620,-23.80196,25,synthetic,2,4
390649,-38.335024,29,synthetic,2,8
390675,-6.288406,26,real,-1,5
390698,-9.51624,23,real,-1,2
390727,-15.70044,29,synthetic,1,8
390754,-35.078148,27,synthetic,2,6
390785,-5.991231,31,real,-1,10
390808,-16.497228,23,synthetic,1,2
390847,-35.404037,39,synthetic,2,18
390874,1.442728,27,real,-1,6
390904,-5.026284,30,real,-1,9
390941,-8.181944,37,synthetic,0,16
390975,-24.531438,34,synthetic,1,13
391002,-30.420306,27,synthetic,1,6
391036,-29.35688,34,synthetic,1,13
391069,-37.910402,33,synthetic,2,12
391103,-16.149894,34,synthetic,0,13
391136,-3.274734,33,real,-1,12
391172,-4.799944,36,real,-1,15
391201,-11.637926,29,synthetic,0,8
391227,-3.8158,26,real,-1,5
391263,-33.914343,36,synthetic,2,15
391293,-15.491158,30,synthetic,0,9
391334,-14.912183,41,synthetic,0,20
391362,-17.373308,28,synthetic,2,7
391395,-41.043097,33,synthetic,2,12
391433,-20.048033,38,synthetic,0,17
391469,1.472811,36,real,-1,15
391511,-7.791957,42,synthetic,0,21
391546,-18.25416,35,synthetic,2,14
391570,-11.195902,24,synthetic,0,3
391594,-37.151742,24,synthetic,2,3
391633,-20.718208,39,synthetic,1,18
391656,-22.783638,23,synthetic,1,2
391678,-31.191398,22,synthetic,1,1
391706,-8.936252,28,real,-1,7
391740,-18.886591,34,synthetic,1,13
391768,-28.868366,28,synthetic,2,7
391794,-33.958503,26,synthetic,2,5
391820,-29.33736,26,synthetic,1,5
391842,-22.033617,22,synthetic,1,1
391884,-12.963937,42,synthetic,0,21
391906,-9.896374,22,synthetic,0,1
391940,-21.349759,34,synthetic,2,13
391974,-21.423822,34,synthetic,1,13
391999,-40.87733,25,synthetic,2,4
392034,-20.586155,35,synthetic,1,14
392055,-14.676472,21,synthetic,0,0
392077,-5.631164,22,real,-1,1
392098,-9.776506,21,synthetic,0,0
392124,-33.040116,26,synthetic,2,5
392166,-26.131499,42,synthetic,1,21
392196,-23.028603,30,synthetic,1,9
392228,-7.135818,32,real,-1,11
392267,-9.615892,39,synthetic,0,18
392295,-11.524001,28,synthetic,0,7
392317,-24.076319,22,synthetic,1,1
392341,-31.112314,24,synthetic,1,3
392381,-8.334069,40,real,-1,19
392406,-13.090093,25,synthetic,0,4
392444,-29.836142,38,synthetic,1,17
392466,-30.136164,22,synthetic,2,1
392502,-16.583382,36,synthetic,1,15
392539,-7.912854,37,real,-1,16
392571,-21.190785,32,synthetic,1,11
392602,-10.878006,31,real,-1,10
392635,-28.588795,33,synthetic,1,12
392676,-19.420687,41,synthetic,0,20
392705,-4.410987,29,real,-1,8
392737,-13.802165,32,synthetic,0,11
392772,-10.45398,35,synthetic,0,14
392811,-5.065651,39,real,-1,18
392843,-22.629566,32,synthetic,1,11
392874,-33.246984,31,synthetic,2,10
392910,-11.28067,36,synthetic,0,15
392931,-44.754573,21,synthetic,2,0
392961,-11.879133,30,synthetic,0,9
392989,-20.302022,28,synthetic,1,7
393025,-4.002935,36,real,-1,15
393048,-2.207538,23,real,-1,2
393077,-23.634807,29,synthetic,2,8
393116,-25.232937,39,synthetic,1,18
393143,-30.090891,27,synthetic,2,6
393172,-31.566938,29,synthetic,1,8
393193,-18.107965,21,synthetic,1,0
393221,-29.930925,28,synthetic,2,7
393248,-7.440936,27,synthetic,0,6
393273,-5.119002,25,real,-1,4
393314,-15.717339,41,synthetic,0,20
393350,-21.994952,36,synthetic,1,15
393383,2.205467,33,real,-1,12
393419,-11.444839,36,real,-1,15
393455,6.713198,36,real,-1,15
393479,0.942466,24,real,-1,3
393503,-7.993739,24,synthetic,0,3
393541,-22.591073,38,synthetic,1,17
393578,-10.207509,37,synthetic,0,16
393606,-2.522291,28,real,-1,7
393631,-30.317766,25,synthetic,2,4
393667,-25.501161,36,synthetic,1,15
393702,-7.936994,35,synthetic,0,14
393741,-4.503664,39,real,-1,18
393771,-30.120282,30,synthetic,1,9
393806,-5.1207,35,real,-1,14
393848,-19.959572,42,synthetic,0,21
393885,-16.744101,37,synthetic,0,16
393910,-28.477961,25,synthetic,2,4
393945,2.122367,35,real,-1,14
393987,-18.980976,42,synthetic,0,21
394010,-7.859006,23,real,-1,2
394051,-10.591287,41,real,-1,20
394085,-5.898448,34,synthetic,0,13
394118,-1.648524,33,real,-1,12
394155,-37.771479,37,synthetic,2,16
394185,0.042092,30,real,-1,9
394210,-7.730062,25,synthetic,0,4
394241,-12.856917,31,synthetic,0,10
394264,-39.445361,23,synthetic,2,2
394305,-19.732423,41,synthetic,0,20
394343,-19.034556,38,synthetic,1,17
394364,-27.981014,21,synthetic,2,0
394396,-6.374116,32,real,-1,11
394433,-41.996719,37,synthetic,2,16
394460,-15.512184,27,synthetic,1,6
394495,-37.000791,35,synthetic,2,14
394532,-25.617455,37,synthetic,1,16
394561,-23.275545,29,synthetic,1,8
394586,-26.489564,25,synthetic,2,4
394617,0.91345,31,real,-1,10
394651,-14.354361,34,synthetic,0,13
394673,-6.423348,22,synthetic,0,1
394697,-36.614151,24,synthetic,2,3
394731,-15.242833,34,synthetic,1,13
394765,-34.196808,34,synthetic,2,13
394798,-16.694406,33,synthetic,1,12
394820,-2.791634,22,real,-1,1
394847,-26.641343,27,synthetic,2,6
394882,-40.255088,35,synthetic,2,14
394912,-16.184171,30,synthetic,0,9
394942,-28.649765,30,synthetic,2,9
394977,-29.088305,35,synthetic,1,14
395001,-16.052035,24,synthetic,1,3
395024,-26.526488,23,synthetic,1,2
395055,-30.604838,31,synthetic,2,10
395094,-1.698373,39,real,-1,18
395120,-20.800983,26,synthetic,1,5
395142,-10.628289,22,synthetic,0,1
395176,-29.881329,34,synthetic,2,13
395218,-1.203066,42,synthetic,0,21
395254,-5.09772,36,real,-1,15
395276,-27.849274,22,synthetic,1,1
395301,-10.926876,25,synthetic,0,4
395336,-6.494441,35,synthetic,0,14
395370,-30.508195,34,synthetic,2,13
395391,-14.333326,21,synthetic,1,0
395433,-12.076109,42,real,-1,21
395462,-11.872762,29,real,-1,8
395498,-0.174194,36,real,-1,15
395532,-1.340333,34,real,-1,13
395567,-2.403179,35,real,-1,14
395594,-21.364703,27,synthetic,1,6
395622,-35.549972,28,synthetic,2,7
395662,-11.38698,40,synthetic,0,19
395683,-19.05761,21,synthetic,1,0
395708,-20.524274,25,synthetic,2,4
395740,-35.824135,32,synthetic,2,11
395778,2.013835,38,real,-1,17
395800,-21.235143,22,synthetic,1,1
395833,-10.748106,33,synthetic,0,12
395857,-34.170813,24,synthetic,2,3
395891,-19.670563,34,synthetic,0,13
395914,-28.530324,23,synthetic,2,2
395938,-2.380752,24,real,-1,3
395961,0.654352,23,real,-1,2
395986,-17.947501,25,synthetic,1,4
396021,-28.648484,35,synthetic,2,14
396054,-3.894153,33,real,-1,12
396090,-1.533112,36,real,-1,15
396130,-25.201374,40,synthetic,1,19
396151,-24.238203,21,synthetic,2,0
396189,-18.662199,38,synthetic,2,17
396210,-3.447002,21,real,-1,0
396236,-14.53211,26,synthetic,1,5
396258,-13.968749,22,synthetic,0,1
396296,-20.85469,38,synthetic,2,17
396332,-41.810939,36,synthetic,2,15
396366,-11.860031,34,synthetic,0,13
396393,-32.035553,27,synthetic,2,6
396422,-1.435051,29,real,-1,8
396456,-16.501687,34,synthetic,0,13
396483,-8.81856,27,real,-1,6
396509,-24.301735,26,synthetic,2,5
396550,-26.902456,41,synthetic,1,20
396579,-15.232102,29,synthetic,1,8
396619,2.130184,40,real,-1,19
396661,-6.03343,42,real,-1,21
396695,-12.653232,34,synthetic,0,13
396723,-17.673445,28,synthetic,1,7
396749,-12.370571,26,synthetic,0,5
396772,-22.654287,23,synthetic,1,2
396810,-2.73835,38,real,-1,17
396846,0.448112,36,real,-1,15
396883,-6.65021,37,real,-1,16
396923,3.812007,40,real,-1,19
396954,-1.363313,31,real,-1,10
396983,2.921224,29,real,-1,8
397009,-34.237971,26,synthetic,2,5
397050,1.224769,41,real,-1,20
397073,-11.647072,23,synthetic,0,2
397113,-0.6597,40,real,-1,19
397141,-6.979598,28,real,-1,7
397181,-20.723739,40,synthetic,1,19
397218,-0.482999,37,real,-1,16
397240,-2.407244,22,real,-1,1
397264,-13.917261,24,synthetic,0,3
397287,-3.502423,23,real,-1,2
397313,-19.443025,26,synthetic,1,5
397351,-42.431724,38,synthetic,2,17
397377,-12.130801,26,synthetic,0,5
397410,-27.836728,33,synthetic,1,12
397432,-1.764977,22,real,-1,1
397454,-15.900509,22,synthetic,0,1
397495,-30.628601,41,synthetic,2,20
397537,-14.537625,42,synthetic,0,21
397576,-29.531646,39,synthetic,1,18
397607,-17.812956,31,synthetic,1,10
397642,-25.412929,35,synthetic,1,14
397676,-16.029947,34,synthetic,0,13
397718,-7.507937,42,synthetic,0,21
397746,-27.649411,28,synthetic,2,7
397780,-6.137168,34,real,-1,13
397815,-23.068151,35,synthetic,1,14
397851,-43.040603,36,synthetic,2,15
397889,-34.068121,38,synthetic,2,17
397927,-11.217035,38,real,-1,17
397953,-11.42868,26,synthetic,0,5
397980,-11.710353,27,synthetic,0,6
398008,-7.178233,28,real,-1,7
398035,-21.741292,27,synthetic,1,6
398058,-13.132046,23,synthetic,0,2
398090,0.21837,32,real,-1,11
398120,-11.057982,30,real,-1,9
398160,-20.57723,40,synthetic,1,19
398187,-39.606388,27,synthetic,2,6
398212,-0.86064,25,real,-1,4
398245,-1.717601,33,real,-1,12
398284,-2.15828,39,real,-1,18
398323,-11.594664,39,real,-1,18
398355,-5.856583,32,synthetic,0,11
398391,-25.84211,36,synthetic,1,15
398419,-38.200492,28,synthetic,2,7
398452,-30.124765,33,synthetic,2,12
398478,-10.131508,26,synthetic,0,5
398504,0.221071,26,real,-1,5
398534,-22.757744,30,synthetic,1,9
398569,-52.201754,35,synthetic,2,14
398598,-38.840576,29,synthetic,2,8
398636,-26.014307,38,synthetic,2,17
398658,-15.325018,22,synthetic,1,1
398687,-23.368494,29,synthetic,1,8
398710,3.410203,23,real,-1,2
398735,0.35063,25,real,-1,4
398756,-35.519528,21,synthetic,2,0
398782,-25.860371,26,synthetic,1,5
398819,-4.398677,37,real,-1,16
398856,-22.125584,37,synthetic,2,16
398885,-9.461801,29,synthetic,0,8
398908,2.906676,23,real,-1,2
398930,-28.417972,22,synthetic,2,1
398954,-23.291101,24,synthetic,1,3
398983,-6.259149,29,synthetic,0,8
399009,-30.387128,26,synthetic,1,5
399051,-1.993796,42,real,-1,21
399074,-8.833289,23,synthetic,0,2
399095,-14.572501,21,synthetic,0,0
399133,-17.910616,38,synthetic,0,17
399157,-4.623018,24,real,-1,3
399195,-22.368465,38,synthetic,1,17
399218,-17.171738,23,synthetic,1,2
399246,-1.010026,28,synthetic,0,7
399274,-12.808908,28,synthetic,0,7
399301,-43.000611,27,synthetic,2,6
399325,-5.011207,24,real,-1,3
399346,-4.566584,21,real,-1,0
399371,-28.843593,25,synthetic,2,4
399399,-50.844779,28,synthetic,2,7
399438,-25.782479,39,synthetic,2,18
399476,-27.429109,38,synthetic,2,17
399513,-47.515347,37,synthetic,2,16
399550,-38.30604,37,synthetic,2,16
399577,-9.850797,27,real,-1,6
399618,-8.039186,41,synthetic,0,20
399653,2.549036,35,real,-1,14
399681,0.872048,28,real,-1,7
399708,-0.531281,27,real,-1,6
399742,-14.601024,34,synthetic,0,13
399775,-22.319937,33,synthetic,0,12
399806,-7.71225,31,real,-1,10
399827,4.361344,21,real,-1,0
399857,-2.980327,30,real,-1,9
399899,-29.917548,42,synthetic,2,21
399933,-5.210444,34,real,-1,13
399959,-20.208107,26,synthetic,1,5
399984,-24.429862,25,synthetic,0,4
400020,-32.502313,36,synthetic,2,15
400041,-18.610244,21,synthetic,0,0
400080,-5.493336,39,real,-1,18
400122,-6.91046,42,real,-1,21
400147,-32.810961,25,synthetic,2,4
400182,-4.009011,35,real,-1,14
400209,-26.565801,27,synthetic,2,6
400250,-24.811514,41,synthetic,2,20
400286,-36.37395,36,synthetic,2,15
400313,-8.321925,27,synthetic,0,6
400336,-35.891081,23,synthetic,2,2
400378,-3.722884,42,synthetic,0,21
400420,5.775046,42,real,-1,21
400449,-25.081271,29,synthetic,2,8
400489,-5.567175,40,real,-1,19
400518,-10.013209,29,real,-1,8
400551,-29.057124,33,synthetic,2,12
400585,-32.573205,34,synthetic,1,13
400618,-9.538328,33,synthetic,0,12
400655,-23.446614,37,synthetic,1,16
400684,-25.289996,29,synthetic,1,8
400707,-29.271227,23,synthetic,2,2
400729,0.894147,22,real,-1,1
400762,-23.481256,33,synthetic,1,12
400790,0.316169,28,real,-1,7
400812,-4.491804,22,real,-1,1
400838,-6.810376,26,real,-1,5
400879,-6.672754,41,synthetic,0,20
400910,-2.183801,31,real,-1,10
400951,-5.272349,41,synthetic,0,20
400980,-22.264184,29,synthetic,1,8
401005,-10.051078,25,synthetic,0,4
401039,-0.444888,34,real,-1,13
401079,-5.493623,40,real,-1,19
401117,-3.620303,38,real,-1,17
401144,-22.499722,27,synthetic,1,6
401169,-8.261231,25,synthetic,0,4
401196,-0.884128,27,real,-1,6
401219,-29.03198,23,synthetic,2,2
401252,-5.636068,33,real,-1,12
401278,-23.145164,26,synthetic,1,5
401300,-4.155791,22,real,-1,1
401336,-35.07309,36,synthetic,2,15
401378,-31.830667,42,synthetic,2,21
401399,-43.786536,21,synthetic,2,0
401434,-28.442489,35,synthetic,1,14
401468,-6.628118,34,real,-1,13
401506,-15.715221,38,synthetic,1,17
401528,-5.856943,22,real,-1,1
401568,-36.201719,40,synthetic,2,19
401608,-12.327237,40,synthetic,0,19
401642,-10.185282,34,synthetic,0,13
401677,-1.388946,35,real,-1,14
401717,-3.967591,40,real,-1,19
401740,-0.459855,23,real,-1,2
401776,-13.199748,36,synthetic,0,15
401816,-13.280613,40,real,-1,19
401840,-34.910412,24,synthetic,2,3
401862,-10.556786,22,synthetic,0,1
401883,-42.716228,21,synthetic,2,0
401924,-11.496724,41,synthetic,0,20
401964,-11.712613,40,synthetic,0,19
401990,-40.20074,26,synthetic,2,5
402019,-32.176609,29,synthetic,2,8
402049,-8.521617,30,synthetic,0,9
402088,-13.299882,39,synthetic,0,18
402116,-34.398118,28,synthetic,2,7
402139,-25.456312,23,synthetic,1,2
402177,-19.22092,38,synthetic,1,17
402215,-23.944883,38,synthetic,1,17
402241,-0.639218,26,real,-1,5
402278,-22.980532,37,synthetic,1,16
402305,-1.674767,27,real,-1,6
402330,-32.806378,25,synthetic,1,4
402351,-10.519481,21,synthetic,0,0
402376,-5.828389,25,synthetic,0,4
402403,-3.215841,27,real,-1,6
402435,-14.515046,32,synthetic,0,11
402470,-2.842204,35,real,-1,14
402505,-26.756262,35,synthetic,1,14
402546,-16.862498,41,synthetic,0,20
402582,-5.084351,36,real,-1,15
402621,-3.929819,39,synthetic,0,18
402651,-12.860381,30,synthetic,1,9
402679,1.630131,28,real,-1,7
402700,-12.487209,21,synthetic,0,0
402724,-48.53474,24,synthetic,2,3
402751,-27.472874,27,synthetic,2,6
402792,-30.06899,41,synthetic,2,20
402823,-34.881567,31,synthetic,2,10
402858,-3.231005,35,real,-1,14
402887,-3.49058,29,real,-1,8
402929,-23.049063,42,synthetic,2,21
402971,4.914469,42,real,-1,21
402998,0.073372,27,real,-1,6
403019,-31.79145,21,synthetic,2,0
403045,0.359189,26,real,-1,5
403080,-9.76721,35,real,-1,14
403104,-32.284057,24,synthetic,2,3
403144,-3.436221,40,real,-1,19
403167,4.131149,23,real,-1,2
403202,-38.306838,35,synthetic,2,14
403234,-48.491721,32,synthetic,2,11
403265,-27.532648,31,synthetic,1,10
403288,-29.408984,23,synthetic,1,2
403328,-18.285184,40,synthetic,0,19
403370,-3.716894,42,real,-1,21
403396,1.136086,26,real,-1,5
403438,-36.343531,42,synthetic,2,21
403473,-18.562385,35,synthetic,1,14
403513,-36.414726,40,synthetic,2,19
403542,-27.98658,29,synthetic,1,8
403575,1.134776,33,real,-1,12
403609,-29.8461,34,synthetic,2,13
403636,-10.168044,27,synthetic,0,6
403663,-2.905536,27,real,-1,6
403685,-23.358459,22,synthetic,1,1
403714,-27.420907,29,synthetic,1,8
403744,-6.763869,30,real,-1,9
403775,-3.032876,31,real,-1,10
403807,-2.571571,32,real,-1,11
403846,-19.398215,39,synthetic,1,18
403888,-11.133187,42,real,-1,21
403913,-9.511634,25,synthetic,0,4
403939,-0.535206,26,real,-1,5
403964,-14.081266,25,synthetic,1,4
403999,-7.009465,35,real,-1,14
404039,-27.30271,40,synthetic,1,19
404074,-22.870248,35,synthetic,1,14
404101,-14.05674,27,synthetic,0,6
404134,-20.016023,33,synthetic,1,12
404165,-23.784322,31,synthetic,2,10
404205,-25.17169,40,synthetic,1,19
404246,-35.672406,41,synthetic,2,20
404287,0.032835,41,synthetic,0,20
404317,-31.926484,30,synthetic,2,9
404351,-34.325258,34,synthetic,2,13
404385,-33.186051,34,synthetic,1,13
404418,-26.266554,33,synthetic,1,12
404454,-29.788292,36,synthetic,2,15
404486,-20.815193,32,synthetic,1,11
404527,-9.673983,41,real,-1,20
404564,3.195211,37,real,-1,16
404591,-1.375418,27,real,-1,6
404627,-1.852128,36,real,-1,15
404652,-14.84981,25,synthetic,0,4
404677,-13.357285,25,synthetic,0,4
404713,-16.143161,36,synthetic,0,15
404736,-21.767189,23,synthetic,1,2
404767,-4.305301,31,synthetic,0,10
404805,-13.376512,38,synthetic,0,17
404830,-22.745662,25,synthetic,2,4
404853,-5.772129,23,synthetic,0,2
404894,-10.480543,41,synthetic,1,20
404921,-13.193978,27,synthetic,0,6
404961,0.947893,40,real,-1,19
404984,-31.538175,23,synthetic,2,2
405026,-18.93536,42,synthetic,0,21
405064,-25.791678,38,synthetic,1,17
405086,-3.138782,22,real,-1,1
405118,-18.28887,32,synthetic,1,11
405157,-38.36059,39,synthetic,2,18
405186,-10.488809,29,synthetic,0,8
405215,-32.553454,29,synthetic,1,8
405238,-8.344806,23,real,-1,2
405266,6.748619,28,real,-1,7
405299,-42.077712,33,synthetic,2,12
405322,-2.484108,23,real,-1,2
405356,-12.895091,34,synthetic,0,13
405378,-10.210684,22,synthetic,0,1
405402,-31.462551,24,synthetic,1,3
405428,-39.831859,26,synthetic,2,5
405470,-33.467371,42,synthetic,2,21
405497,-47.508925,27,synthetic,2,6
405527,1.84166,30,real,-1,9
405564,-42.752121,37,synthetic,2,16
405600,-0.631586,36,real,-1,15
405639,-6.389704,39,synthetic,0,18
405663,-12.148955,24,synthetic,0,3
405703,-11.548405,40,real,-1,19
405733,-30.419632,30,synthetic,1,9
405768,0.865175,35,real,-1,14
405799,-23.153552,31,synthetic,1,10
405827,-34.366321,28,synthetic,1,7
405869,-0.982488,42,real,-1,21
405898,-9.433523,29,real,-1,8
405919,-1.916225,21,real,-1,0
405961,-26.490002,42,synthetic,1,21
405991,-23.871396,30,synthetic,1,9
406032,-16.127584,41,synthetic,0,20
406069,-4.001602,37,synthetic,0,16
406092,-3.371728,23,real,-1,2
406124,-40.125943,32,synthetic,2,11
406157,-20.133794,33,synthetic,1,12
406190,-33.222202,33,synthetic,2,12
406222,-11.561604,32,synthetic,0,11
406262,-29.504822,40,synthetic,1,19
406290,-23.249387,28,synthetic,2,7
406331,-9.716902,41,synthetic,0,20
406355,-30.998594,24,synthetic,2,3
406377,-2.297243,22,real,-1,1
406412,-27.59291,35,synthetic,1,14
406452,-14.036859,40,synthetic,0,19
406490,-10.499091,38,synthetic,0,17
406520,-6.810869,30,synthetic,0,9
406544,-20.304968,24,synthetic,1,3
406571,3.45909,27,real,-1,6
406596,-13.659857,25,synthetic,1,4
406631,-3.156167,35,real,-1,14
406656,0.09187,25,real,-1,4
406677,-16.433635,21,synthetic,0,0
406712,-18.27079,35,synthetic,0,14
406740,-2.338951,28,real,-1,7
406775,-6.535818,35,synthetic,0,14
406813,-21.330695,38,synthetic,1,17
406839,-12.805408,26,synthetic,0,5
406873,-21.406811,34,synthetic,1,13
406902,-6.062338,29,real,-1,8
406925,-16.422143,23,synthetic,1,2
406959,-37.254957,34,synthetic,2,13
406998,-8.983597,39,real,-1,18
407032,-8.964838,34,real,-1,13
407069,0.074799,37,real,-1,16
407110,-33.595576,41,synthetic,2,20
407152,-24.191558,42,synthetic,1,21
407175,-14.716275,23,synthetic,0,2
407211,-5.052533,36,synthetic,0,15
407233,-26.43061,22,synthetic,2,1
407269,-17.339287,36,synthetic,1,15
407295,3.474617,26,real,-1,5
407328,-25.007498,33,synthetic,1,12
407365,-43.47179,37,synthetic,2,16
407394,-15.670617,29,synthetic,0,8
407429,-14.109469,35,synthetic,0,14
407455,-19.995923,26,synthetic,1,5
407489,-33.382783,34,synthetic,2,13
407519,-17.402153,30,synthetic,1,9
407546,-31.167308,27,synthetic,2,6
407574,-7.302805,28,real,-1,7
407609,-0.142386,35,real,-1,14
407631,-13.492315,22,synthetic,0,1
407669,-16.593228,38,synthetic,1,17
407692,-5.544977,23,real,-1,2
407721,-2.186273,29,real,-1,8
407748,-5.457223,27,real,-1,6
407779,-36.886397,31,synthetic,2,10
407801,-16.570778,22,synthetic,0,1
407833,-12.720864,32,synthetic,0,11
407854,-12.029944,21,synthetic,0,0
407881,0.649564,27,real,-1,6
407904,0.690265,23,real,-1,2
407934,-23.262829,30,synthetic,1,9
407961,-4.407787,27,real,-1,6
407989,-34.115016,28,synthetic,2,7
408026,-18.571119,37,synthetic,1,16
408067,-0.549297,41,real,-1,20
408090,-25.406731,23,synthetic,1,2
408132,-18.420277,42,synthetic,2,21
408161,-0.816532,29,real,-1,8
408190,-19.829073,29,synthetic,0,8
408214,-22.136595,24,synthetic,1,3
408239,-0.512348,25,real,-1,4
408276,0.339529,37,real,-1,16
408302,-18.947443,26,synthetic,1,5
408339,-9.121553,37,real,-1,16
408376,-22.724794,37,synthetic,2,16
408402,-0.680146,26,real,-1,5
408439,-5.849106,37,real,-1,16
408477,-29.923456,38,synthetic,2,17
408504,-31.16594,27,synthetic,2,6
408526,-35.373656,22,synthetic,2,1
408556,-2.177595,30,real,-1,9
408594,-2.669494,38,real,-1,17
408622,-11.726038,28,synthetic,0,7
408657,-4.911612,35,real,-1,14
408694,-13.604678,37,synthetic,1,16
408720,-13.997771,26,synthetic,0,5
408746,-17.65571,26,synthetic,1,5
408772,-26.766364,26,synthetic,1,5
408810,-20.619272,38,synthetic,1,17
408842,-28.356622,32,synthetic,1,11
408864,-6.035694,22,real,-1,1
408891,-1.969874,27,real,-1,6
408931,-41.779922,40,synthetic,2,19
408972,-9.94906,41,synthetic,0,20
408993,-20.983776,21,synthetic,1,0
409019,-14.690869,26,synthetic,0,5
409050,-20.013187,31,synthetic,2,10
409088,-15.520691,38,synthetic,0,17
409116,-20.53887,28,synthetic,0,7
409152,-23.041351,36,synthetic,2,15
409180,-32.453417,28,synthetic,2,7
409220,-14.537816,40,synthetic,1,19
409256,-6.975203,36,synthetic,0,15
409287,-26.096571,31,synthetic,1,10
409315,-16.93226,28,synthetic,0,7
409340,-21.351721,25,synthetic,1,4
409361,-1.422532,21,real,-1,0
409395,-23.771974,34,synthetic,1,13
409433,-32.544708,38,synthetic,2,17
409455,-7.922283,22,real,-1,1
409485,-27.065966,30,synthetic,2,9
409523,-16.543741,38,synthetic,0,17
409563,-4.660636,40,real,-1,19
409593,0.282893,30,real,-1,9
409617,-11.065263,24,synthetic,0,3
409657,-9.593897,40,real,-1,19
409679,-3.375215,22,real,-1,1
409721,-33.068715,42,synthetic,2,21
409753,0.610867,32,real,-1,11
409781,-6.317458,28,real,-1,7
409810,-36.054353,29,synthetic,2,8
409832,-11.352007,22,synthetic,0,1
409861,-10.202131,29,synthetic,0,8
409885,-22.360267,24,synthetic,2,3
409909,-21.869075,24,synthetic,1,3
409933,-33.926335,24,synthetic,2,3
409958,-20.314279,25,synthetic,1,4
409988,-29.94148,30,synthetic,2,9
410009,-39.232771,21,synthetic,2,0
410051,-3.676712,42,real,-1,21
410079,-8.815448,28,synthetic,1,7
410111,-11.212763,32,synthetic,0,11
410133,-20.970182,22,synthetic,1,1
410174,-7.354217,41,real,-1,20
410204,-34.524857,30,synthetic,2,9
410241,-37.471189,37,synthetic,2,16
410263,-30.877651,22,synthetic,2,1
410301,-26.716835,38,synthetic,2,17
410325,-31.174009,24,synthetic,2,3
410351,0.843242,26,real,-1,5
410384,1.513814,33,real,-1,12
410425,-14.599538,41,synthetic,0,20
410457,-20.298903,32,synthetic,1,11
410488,1.747156,31,real,-1,10
410512,-8.556565,24,real,-1,3
410542,-32.799306,30,synthetic,2,9
410572,-9.23587,30,synthetic,1,9
410594,-30.797751,22,synthetic,1,1
410626,-22.640072,32,synthetic,1,11
410659,-27.435657,33,synthetic,2,12
410699,-9.851653,40,real,-1,19
410740,-42.656777,41,synthetic,2,20
410779,-11.250295,39,synthetic,0,18
410818,-13.604187,39,synthetic,0,18
410855,-6.99143,37,real,-1,16
410883,-2.961067,28,real,-1,7
410917,-17.373005,34,synthetic,1,13
410941,2.023311,24,real,-1,3
410974,-42.675567,33,synthetic,2,12
411013,-36.812697,39,synthetic,2,18
411050,-17.108009,37,synthetic,1,16
411074,-41.826044,24,synthetic,2,3
411115,-25.509739,41,synthetic,1,20
411140,-10.361047,25,synthetic,0,4
411177,-3.996944,37,real,-1,16
411210,-13.846261,33,synthetic,0,12
411246,-36.614047,36,synthetic,2,15
411281,-34.609621,35,synthetic,1,14
411314,-9.009606,33,synthetic,0,12
411351,-24.329376,37,synthetic,2,16
411377,-26.605458,26,synthetic,2,5
411412,-25.430676,35,synthetic,1,14
411451,-32.773584,39,synthetic,2,18
411484,-38.445869,33,synthetic,2,12
411521,-22.915012,37,synthetic,1,16
411545,-31.255117,24,synthetic,2,3
411578,-10.850958,33,real,-1,12
411607,-28.168825,29,synthetic,1,8
411632,-11.080239,25,synthetic,0,4
411664,-17.611842,32,synthetic,0,11
411687,-14.319219,23,synthetic,0,2
411710,-35.184521,23,synthetic,2,2
411748,-19.962061,38,synthetic,2,17
411784,-23.577904,36,synthetic,1,15
411808,-14.280575,24,synthetic,1,3
411838,-34.059599,30,synthetic,2,9
411874,-11.645204,36,synthetic,0,15
411913,-12.72116,39,synthetic,0,18
411951,-2.669893,38,real,-1,17
411983,-32.040912,32,synthetic,1,11
412025,-26.956858,42,synthetic,2,21
412054,-0.8263,29,real,-1,8
412083,-47.212903,29,synthetic,2,8
412113,-17.924595,30,synthetic,1,9
412134,0.249472,21,real,-1,0
412170,-5.614262,36,real,-1,15
412199,-8.421925,29,synthetic,0,8
412239,-2.982528,40,real,-1,19
412260,-3.431004,21,real,-1,0
412300,1.269344,40,real,-1,19
412340,-10.755446,40,synthetic,1,19
412372,-17.392831,32,synthetic,1,11
412393,0.351934,21,real,-1,0
412435,3.377668,42,real,-1,21
412471,-22.37125,36,synthetic,1,15
412497,-48.41916,26,synthetic,2,5
412537,-21.045956,40,synthetic,1,19
412579,-22.035909,42,synthetic,1,21
412621,-48.187373,42,synthetic,2,21
412656,-40.097079,35,synthetic,2,14
412678,-10.24393,22,synthetic,0,1
412706,-12.290959,28,real,-1,7
412732,-16.791083,26,synthetic,0,5
412763,-1.383271,31,real,-1,10
412786,-4.905806,23,synthetic,0,2
412817,0.47962,31,real,-1,10
412841,1.651578,24,real,-1,3
412867,-32.090664,26,synthetic,2,5
412895,-1.658744,28,real,-1,7
412931,-12.261707,36,synthetic,0,15
412966,-38.042638,35,synthetic,2,14
412989,-27.354037,23,synthetic,1,2
413029,-16.11147,40,synthetic,0,19
413056,-16.325057,27,synthetic,1,6
413085,-1.673584,29,real,-1,8
413107,-21.708975,22,synthetic,1,1
413134,-11.425597,27,synthetic,0,6
413173,-40.156233,39,synthetic,2,18
413215,-29.140053,42,synthetic,1,21
413253,-4.579093,38,real,-1,17
413274,2.447365,21,real,-1,0
413314,-20.415063,40,synthetic,0,19
413339,-6.371453,25,real,-1,4
413362,-6.154239,23,synthetic,0,2
413399,-5.311313,37,synthetic,0,16
413432,-21.95413,33,synthetic,1,12
413456,-20.299436,24,synthetic,1,3
413491,-24.264793,35,synthetic,0,14
413532,-23.826239,41,synthetic,1,20
413558,-40.979368,26,synthetic,2,5
413599,0.601074,41,real,-1,20
413632,-15.567753,33,synthetic,0,12
413672,-4.979601,40,real,-1,19
413700,-28.452239,28,synthetic,1,7
413722,-0.805594,22,real,-1,1
413746,-7.203261,24,real,-1,3
413784,-9.790113,38,real,-1,17
413825,-3.260727,41,real,-1,20
413855,-32.922639,30,synthetic,2,9
413888,-3.618445,33,real,-1,12
413915,-2.316874,27,real,-1,6
413947,-7.72162,32,real,-1,11
413971,-12.978254,24,synthetic,0,3
413995,-8.464741,24,real,-1,3
414031,-11.584615,36,synthetic,0,15
414068,-5.820778,37,real,-1,16
414100,-33.01572,32,synthetic,2,11
414124,-16.179845,24,synthetic,1,3
414163,0.044959,39,real,-1,18
414185,-9.753558,22,real,-1,1
414227,-39.90859,42,synthetic,2,21
414253,-24.584103,26,synthetic,1,5
414289,-11.465698,36,real,-1,15
414323,-10.549023,34,synthetic,1,13
414348,-0.078964,25,real,-1,4
414387,-11.565776,39,real,-1,18
414426,-22.975853,39,synthetic,1,18
414454,-3.101267,28,real,-1,7
414495,-31.931129,41,synthetic,2,20
414519,-36.257379,24,synthetic,2,3
414552,-8.298137,33,real,-1,12
414585,-6.6204,33,synthetic,1,12
414622,-27.400198,37,synthetic,2,16
414663,-0.949076,41,real,-1,20
414696,-31.269903,33,synthetic,1,12
414728,-9.141424,32,real,-1,11
414766,-27.077005,38,synthetic,2,17
414796,0.836077,30,real,-1,9
414829,-9.221046,33,synthetic,0,12
414860,-0.122402,31,real,-1,10
414882,-1.781222,22,real,-1,1
414914,-12.233515,32,synthetic,0,11
414943,0.489818,29,real,-1,8
414969,-23.283369,26,synthetic,1,5
415006,-26.158304,37,synthetic,2,16
415042,-17.677364,36,synthetic,1,15
415075,-4.855204,33,real,-1,12
415107,-19.567849,32,synthetic,1,11
415141,-3.069857,34,real,-1,13
415180,-19.229552,39,synthetic,1,18
415202,-24.726042,22,synthetic,2,1
415244,-11.030442,42,synthetic,0,21
415276,-17.828749,32,synthetic,1,11
415310,-9.258043,34,synthetic,0,13
415334,-27.98615,24,synthetic,2,3
415375,-32.256126,41,synthetic,2,20
415407,-2.582968,32,real,-1,11
415443,-38.899005,36,synthetic,2,15
415480,-23.514056,37,synthetic,1,16
415503,-34.674171,23,synthetic,2,2
415533,-26.02743,30,synthetic,1,9
415575,-5.770671,42,real,-1,21
415596,-1.528152,21,real,-1,0
415632,-24.113618,36,synthetic,2,15
415670,-31.44983,38,synthetic,1,17
415712,-1.834227,42,real,-1,21
415750,-4.936792,38,real,-1,17
415786,-0.266488,36,real,-1,15
415811,-19.396066,25,synthetic,0,4
415840,-9.411989,29,synthetic,0,8
415863,-13.256705,23,synthetic,0,2
415886,-10.437407,23,synthetic,0,2
415913,-18.537143,27,synthetic,2,6
415935,-2.155777,22,real,-1,1
415962,-1.233927,27,real,-1,6
415997,-2.830461,35,real,-1,14
416038,-31.157483,41,synthetic,1,20
416065,-28.537146,27,synthetic,1,6
416106,-24.653236,41,synthetic,2,20
416130,1.480477,24,real,-1,3
416165,-17.056408,35,synthetic,0,14
416193,-5.4683,28,real,-1,7
416216,-3.815251,23,real,-1,2
416251,3.591189,35,real,-1,14
416293,-20.822807,42,synthetic,1,21
416322,-15.874894,29,synthetic,1,8
416364,-22.300979,42,synthetic,1,21
416396,-35.088703,32,synthetic,2,11
416438,-11.292241,42,synthetic,0,21
416474,-23.351924,36,synthetic,1,15
416510,-22.357778,36,synthetic,2,15
416535,-31.796906,25,synthetic,2,4
416572,-34.048312,37,synthetic,2,16
416609,-20.698602,37,synthetic,1,16
416633,-3.083509,24,real,-1,3
416673,-31.554282,40,synthetic,1,19
416713,-2.475534,40,real,-1,19
416748,-4.167519,35,real,-1,14
416788,2.516023,40,real,-1,19
416822,-3.550956,34,real,-1,13
416855,-27.497307,33,synthetic,1,12
416876,-28.5603,21,synthetic,2,0
416902,-11.237249,26,synthetic,0,5
416940,-33.029911,38,synthetic,2,17
416967,-19.413519,27,synthetic,1,6
416989,-12.304509,22,synthetic,0,1
417014,-23.520063,25,synthetic,1,4
417046,2.485141,32,real,-1,11
417088,-28.827635,42,synthetic,2,21
417127,-6.741866,39,real,-1,18
417163,-8.440332,36,real,-1,15
417195,-5.221375,32,real,-1,11
417234,-28.06176,39,synthetic,1,18
417259,-22.329148,25,synthetic,1,4
417281,-16.32379,22,synthetic,0,1
417304,-20.031947,23,synthetic,1,2
417338,-43.280602,34,synthetic,2,13
417377,-2.801709,39,real,-1,18
417416,-19.988811,39,synthetic,1,18
417449,-25.771992,33,synthetic,2,12
417475,-10.624262,26,synthetic,0,5
417511,-25.277308,36,synthetic,2,15
417553,1.097218,42,real,-1,21
417588,1.455765,35,real,-1,14
417629,-2.596585,41,real,-1,20
417660,-0.635242,31,real,-1,10
417682,0.0498,22,real,-1,1
417704,-11.550123,22,real,-1,1
417745,-20.678681,41,synthetic,0,20
417779,-28.589346,34,synthetic,2,13
417807,-9.273021,28,synthetic,0,7
417830,-14.851016,23,synthetic,1,2
417860,-39.33843,30,synthetic,2,9
417884,-4.09338,24,real,-1,3
417908,-22.116248,24,synthetic,1,3
417950,-2.828373,42,real,-1,21
417971,-34.417287,21,synthetic,1,0
418006,-29.889044,35,synthetic,2,14
418048,-19.666291,42,synthetic,0,21
418083,-24.224507,35,synthetic,2,14
418121,-20.621701,38,synthetic,1,17
418150,-26.948424,29,synthetic,1,8
418186,-9.975281,36,synthetic,0,15
418208,-19.06287,22,synthetic,1,1
418247,-15.141348,39,synthetic,0,18
418277,-20.475291,30,synthetic,1,9
418304,-38.745098,27,synthetic,2,6
418325,-21.616963,21,synthetic,1,0
418347,-8.923704,22,synthetic,0,1
418371,-23.253587,24,synthetic,1,3
418397,-33.629119,26,synthetic,2,5
418435,-15.714321,38,synthetic,1,17
418458,-14.624619,23,synthetic,0,2
418489,-1.374719,31,real,-1,10
418530,-2.396831,41,synthetic,0,20
418565,-16.76495,35,synthetic,0,14
418600,-30.457678,35,synthetic,2,14
418631,1.808503,31,real,-1,10
418659,-6.851757,28,synthetic,0,7
418685,-1.186386,26,real,-1,5
418712,-13.694687,27,synthetic,0,6
418735,-23.279591,23,synthetic,1,2
418757,-14.930369,22,synthetic,1,1
418787,-11.361312,30,synthetic,0,9
418823,-23.85544,36,synthetic,1,15
418855,-9.952735,32,synthetic,0,11
418884,1.592848,29,real,-1,8
418919,-35.484167,35,synthetic,2,14
418946,-26.953747,27,synthetic,2,6
418972,0.186152,26,real,-1,5
419003,-5.535556,31,synthetic,0,10
419034,-13.364749,31,synthetic,0,10
419060,0.360836,26,real,-1,5
419097,-32.584687,37,synthetic,1,16
419125,-25.049993,28,synthetic,1,7
419166,-30.498546,41,synthetic,2,20
419202,-10.20933,36,synthetic,0,15
419239,-5.340042,37,real,-1,16
419265,-22.797568,26,synthetic,1,5
419300,-18.10905,35,synthetic,1,14
419332,-21.051779,32,synthetic,1,11
419356,-14.429751,24,synthetic,0,3
419378,-20.233902,22,synthetic,1,1
419400,-11.064781,22,synthetic,0,1
419425,-8.673471,25,real,-1,4
419446,-2.088177,21,real,-1,0
419487,-2.225269,41,real,-1,20
419513,-29.32706,26,synthetic,2,5
419547,-1.462964,34,real,-1,13
419571,-2.775865,24,real,-1,3
419596,-10.031224,25,synthetic,0,4
419635,-12.402021,39,synthetic,0,18
419668,-8.698978,33,synthetic,0,12
419690,-33.985687,22,synthetic,2,1
419717,-14.835619,27,synthetic,0,6
419748,-0.545818,31,real,-1,10
419774,-8.427572,26,synthetic,0,5
419795,-15.71629,21,synthetic,1,0
419832,-0.691926,37,real,-1,16
419854,-10.130106,22,synthetic,0,1
419886,-3.168702,32,real,-1,11
419926,-20.24027,40,synthetic,1,19
419953,-26.376514,27,synthetic,2,6
419980,-12.848473,27,synthetic,0,6
420004,-8.972681,24,real,-1,3
420026,-20.341959,22,synthetic,1,1
420063,-2.021342,37,real,-1,16
420094,-24.998933,31,synthetic,1,10
420132,-17.643891,38,synthetic,0,17
420161,0.885701,29,real,-1,8
420199,-12.919296,38,synthetic,1,17
420233,-36.736139,34,synthetic,2,13
420258,-5.024049,25,real,-1,4
420295,-3.728342,37,real,-1,16
420336,-5.270949,41,synthetic,0,20
420375,2.213779,39,real,-1,18
420410,-22.029638,35,synthetic,2,14
420442,-3.553527,32,real,-1,11
420474,-19.945828,32,synthetic,1,11
420502,-29.045736,28,synthetic,2,7
420532,-4.733872,30,real,-1,9
420559,-10.582153,27,synthetic,0,6
420590,-7.680133,31,synthetic,0,10
420617,-30.396243,27,synthetic,1,6
420650,-12.987145,33,real,-1,12
420690,-41.132989,40,synthetic,2,19
420717,-9.400123,27,real,-1,6
420758,-37.081266,41,synthetic,2,20
420792,-27.061567,34,synthetic,2,13
420826,-24.228833,34,synthetic,2,13
420859,0.645344,33,real,-1,12
420892,-11.299637,33,synthetic,0,12
420931,-19.435129,39,synthetic,0,18
420957,-23.763604,26,synthetic,2,5
420995,-5.341431,38,real,-1,17
421036,1.595411,41,real,-1,20
421078,-28.257731,42,synthetic,2,21
421109,-10.507908,31,synthetic,0,10
421144,-1.532343,35,real,-1,14
421170,-10.141964,26,synthetic,0,5
421199,-7.912894,29,synthetic,0,8
421228,-3.125218,29,real,-1,8
421257,-32.612965,29,synthetic,2,8
421294,-28.299582,37,synthetic,2,16
421320,-32.296936,26,synthetic,2,5
421350,-23.170797,30,synthetic,2,9
421382,-19.542127,32,synthetic,1,11
421415,-28.325796,33,synthetic,1,12
421452,-38.383968,37,synthetic,2,16
421488,-9.28175,36,real,-1,15
421525,-34.127812,37,synthetic,2,16
421552,-11.241272,27,synthetic,1,6
421594,-28.820986,42,synthetic,2,21
421628,-23.399932,34,synthetic,2,13
421665,-35.067556,37,synthetic,2,16
421688,-4.053285,23,real,-1,2
421710,-21.075859,22,synthetic,2,1
421739,-2.065714,29,real,-1,8
421779,-31.777374,40,synthetic,2,19
421807,-21.620778,28,synthetic,2,7
421833,-2.154226,26,real,-1,5
421875,-21.805917,42,synthetic,1,21
421902,-41.488692,27,synthetic,2,6
421929,-22.086515,27,synthetic,2,6
421966,-0.264123,37,real,-1,16
422006,-25.329846,40,synthetic,1,19
422035,-43.469227,29,synthetic,2,8
422075,3.865707,40,real,-1,19
422113,-24.04506,38,synthetic,2,17
422145,-8.898707,32,real,-1,11
422184,-19.827888,39,synthetic,1,18
422222,-34.233916,38,synthetic,2,17
422260,-36.839923,38,synthetic,2,17
422289,-4.378832,29,real,-1,8
422314,-10.871997,25,synthetic,1,4
422351,-17.13654,37,synthetic,0,16
422384,-17.885997,33,synthetic,2,12
422425,-35.23574,41,synthetic,2,20
422458,-2.36919,33,real,-1,12
422495,-4.972549,37,real,-1,16
422536,-26.142975,41,synthetic,2,20
422577,-38.011416,41,synthetic,2,20
422608,6.213753,31,real,-1,10
422633,-23.773092,25,synthetic,1,4
422670,-3.875263,37,real,-1,16
422698,-5.966389,28,synthetic,0,7
422726,0.565632,28,real,-1,7
422763,1.888455,37,real,-1,16
422804,-29.104337,41,synthetic,2,20
422826,-22.741145,22,synthetic,1,1
422867,-46.759843,41,synthetic,2,20
422900,-34.360124,33,synthetic,2,12
422941,-8.855569,41,real,-1,20
422982,-12.088693,41,synthetic,0,20
423014,3.819868,32,real,-1,11
423056,-13.152048,42,synthetic,0,21
423079,-15.283051,23,synthetic,2,2
423116,-7.894832,37,synthetic,0,16
423141,-38.063597,25,synthetic,2,4
423177,-32.6961,36,synthetic,1,15
423209,-38.752849,32,synthetic,2,11
423242,-23.078489,33,synthetic,1,12
423284,-6.706631,42,synthetic,0,21
423315,-37.378806,31,synthetic,2,10
423352,-27.149499,37,synthetic,1,16
423375,-16.217075,23,synthetic,1,2
423413,-1.254442,38,real,-1,17
423437,2.978629,24,real,-1,3
423479,-44.511478,42,synthetic,2,21
423510,-26.29682,31,synthetic,2,10
423547,-43.762239,37,synthetic,2,16
423588,-6.847554,41,real,-1,20
423610,-40.598019,22,synthetic,2,1
423638,-9.388047,28,synthetic,0,7
423675,-24.141169,37,synthetic,1,16
423696,-21.733798,21,synthetic,1,0
423729,-7.649418,33,synthetic,0,12
423766,-3.53813,37,synthetic,0,16
423796,-28.950913,30,synthetic,2,9
423829,-39.656265,33,synthetic,2,12
423865,-20.239963,36,synthetic,1,15
423888,-5.213715,23,real,-1,2
423915,-31.48216,27,synthetic,1,6
423940,-4.758877,25,real,-1,4
423973,-12.66431,33,synthetic,0,12
424010,0.35241,37,real,-1,16
424041,-37.996842,31,synthetic,2,10
424077,-5.293704,36,real,-1,15
424102,-16.965816,25,synthetic,0,4
424132,-6.574347,30,real,-1,9
424169,-22.470855,37,synthetic,0,16
424194,1.081378,25,real,-1,4
424235,-3.116486,41,real,-1,20
424274,-1.34608,39,real,-1,18
424315,-37.306918,41,synthetic,2,20
424347,-9.95869,32,synthetic,0,11
424374,-8.667013,27,synthetic,0,6
424402,-11.218434,28,synthetic,0,7
424432,-7.914318,30,synthetic,0,9
424470,-35.419882,38,synthetic,2,17
424509,-15.93992,39,synthetic,0,18
424549,-22.731678,40,synthetic,1,19
424582,-40.025283,33,synthetic,2,12
424607,-13.382855,25,synthetic,0,4
424634,-8.616703,27,real,-1,6
424675,-37.572815,41,synthetic,2,20
424706,-31.82654,31,synthetic,2,10
424747,-28.783887,41,synthetic,2,20
424785,-7.653665,38,real,-1,17
424817,-13.69569,32,synthetic,0,11
424845,-10.241535,28,synthetic,0,7
424880,-2.309263,35,real,-1,14
424922,-27.576977,42,synthetic,2,21
424944,0.06968,22,real,-1,1
424983,-7.915809,39,synthetic,0,18
425011,-17.924699,28,synthetic,0,7
425036,-30.48534,25,synthetic,2,4
425058,-24.972122,22,synthetic,1,1
425092,-21.974234,34,synthetic,1,13
425129,-22.780044,37,synthetic,2,16
425150,-14.078122,21,synthetic,0,0
425189,-13.61287,39,real,-1,18
425212,-4.499379,23,real,-1,2
425246,-29.413572,34,synthetic,2,13
425271,-0.550488,25,real,-1,4
425293,-24.483657,22,synthetic,2,1
425323,-24.369451,30,synthetic,1,9
425349,-24.763804,26,synthetic,1,5
425380,-46.317993,31,synthetic,2,10
425422,-16.531959,42,synthetic,0,21
425455,-23.718111,33,synthetic,2,12
425496,-23.53965,41,synthetic,2,20
425533,-24.446286,37,synthetic,1,16
425571,-2.446987,38,real,-1,17
425611,-35.941499,40,synthetic,2,19
425636,-13.993056,25,synthetic,0,4
425665,-16.101806,29,synthetic,1,8
425699,-27.562617,34,synthetic,1,13
425727,-42.235512,28,synthetic,2,7
425763,-28.176761,36,synthetic,1,15
425805,-44.028608,42,synthetic,2,21
425838,-17.432869,33,synthetic,0,12
425872,-8.869009,34,synthetic,0,13
425897,-33.948329,25,synthetic,2,4
425937,-34.362863,40,synthetic,2,19
425959,-2.812477,22,real,-1,1
425981,-37.256162,22,synthetic,2,1
426008,-3.19917,27,real,-1,6
426031,-20.89761,23,synthetic,1,2
426057,-33.189186,26,synthetic,2,5
426091,-11.505378,34,synthetic,0,13
426125,-33.988726,34,synthetic,2,13
426154,-11.365079,29,synthetic,0,8
426179,-11.973488,25,synthetic,0,4
426221,-16.190306,42,synthetic,0,21
426260,-13.56588,39,synthetic,0,18
426294,-16.092688,34,synthetic,1,13
426316,-0.665069,22,real,-1,1
426354,-41.092325,38,synthetic,2,17
426393,-0.856436,39,real,-1,18
426425,-30.029215,32,synthetic,2,11
426458,4.002709,33,real,-1,12
426495,-23.415529,37,synthetic,1,16
426519,-18.869439,24,synthetic,1,3
426546,-15.951668,27,synthetic,0,6
426576,-4.820579,30,real,-1,9
426604,-22.293633,28,synthetic,1,7
426638,1.668909,34,real,-1,13
426662,-11.248384,24,synthetic,0,3
426683,-14.080171,21,synthetic,0,0
426713,-19.564874,30,synthetic,2,9
426747,-2.800365,34,synthetic,0,13
426774,-8.0762,27,real,-1,6
426816,-28.236197,42,synthetic,2,21
426853,3.425392,37,real,-1,16
426890,-30.67756,37,synthetic,1,16
426929,0.777371,39,real,-1,18
426964,-36.415106,35,synthetic,2,14
427000,-9.772799,36,synthetic,0,15
427031,-21.222154,31,synthetic,1,10
427066,-4.344566,35,synthetic,0,14
427102,-18.458841,36,synthetic,1,15
427134,-21.433206,32,synthetic,1,11
427170,-14.364,36,synthetic,0,15
427209,-41.197439,39,synthetic,2,18
427230,-24.386955,21,synthetic,1,0
427259,-32.633493,29,synthetic,2,8
427284,1.966373,25,real,-1,4
427314,-18.146973,30,synthetic,1,9
427350,-23.049636,36,synthetic,1,15
427385,-20.266369,35,synthetic,1,14
427418,-22.56898,33,synthetic,1,12
427445,-24.618103,27,synthetic,1,6
427469,-9.488251,24,synthetic,0,3
427511,-30.689218,42,synthetic,2,21
427545,-12.847078,34,synthetic,0,13
427582,-11.149196,37,real,-1,16
427620,-37.618175,38,synthetic,2,17
427645,-16.397259,25,synthetic,2,4
427677,-35.995411,32,synthetic,2,11
427698,-4.876034,21,real,-1,0
427730,-0.040378,32,real,-1,11
427769,-15.49862,39,synthetic,0,18
427791,-13.065909,22,synthetic,0,1
427826,-26.612228,35,synthetic,1,14
427868,1.166242,42,real,-1,21
427891,-31.118892,23,synthetic,2,2
427913,-11.304715,22,synthetic,0,1
427954,-17.521405,41,synthetic,1,20
427986,-14.573728,32,synthetic,0,11
428012,-11.84573,26,synthetic,0,5
428052,-16.523547,40,synthetic,0,19
428093,-21.718319,41,synthetic,1,20
428133,-16.497524,40,synthetic,0,19
428163,-24.561355,30,synthetic,2,9
428187,-11.419152,24,synthetic,0,3
428228,-7.272855,41,real,-1,20
428268,-20.377199,40,synthetic,0,19
428292,-31.868151,24,synthetic,2,3
428330,0.328304,38,real,-1,17
428364,-19.148898,34,synthetic,1,13
428391,-20.257086,27,synthetic,2,6
428430,-19.999303,39,synthetic,0,18
428455,-11.419215,25,synthetic,0,4
428497,-10.588054,42,synthetic,0,21
428527,-12.088117,30,synthetic,0,9
428552,-2.205487,25,real,-1,4
428573,-14.101991,21,synthetic,1,0
428614,-17.608151,41,synthetic,1,20
428650,-21.547328,36,synthetic,1,15
428678,-23.07862,28,synthetic,1,7
428706,-13.249556,28,synthetic,0,7
428746,-2.745354,40,real,-1,19
428783,-13.142224,37,synthetic,0,16
428815,-28.350389,32,synthetic,2,11
428841,-3.924255,26,real,-1,5
428862,1.861713,21,real,-1,0
428897,-28.634008,35,synthetic,2,14
428933,-21.927711,36,synthetic,1,15
428960,-29.401052,27,synthetic,2,6
428992,-32.580666,32,synthetic,2,11
429024,-11.552042,32,synthetic,0,11
429053,-5.063956,29,real,-1,8
429077,-17.458642,24,synthetic,0,3
429111,-4.05104,34,real,-1,13
429137,-8.359737,26,synthetic,0,5
429160,-16.862829,23,synthetic,0,2
429200,-42.586941,40,synthetic,2,19
429229,-19.589333,29,synthetic,0,8
429253,-23.471021,24,synthetic,1,3
429292,-6.744702,39,synthetic,0,18
429320,-15.142232,28,synthetic,0,7
429341,-22.435416,21,synthetic,1,0
429363,1.422814,22,real,-1,1
429395,-23.891246,32,synthetic,1,11
429429,-0.471897,34,real,-1,13
429451,-21.93316,22,synthetic,1,1
429486,-9.529771,35,real,-1,14
429516,-40.698566,30,synthetic,2,9
429544,-36.111569,28,synthetic,2,7
429582,-18.996493,38,synthetic,1,17
429605,-28.288055,23,synthetic,2,2
429642,-20.745241,37,synthetic,1,16
429669,1.206577,27,real,-1,6
429700,2.019252,31,real,-1,10
429723,1.864813,23,real,-1,2
429757,-11.340737,34,synthetic,0,13
429788,-5.515932,31,real,-1,10
429816,-32.656166,28,synthetic,2,7
429850,-18.155513,34,synthetic,1,13
429885,-7.576547,35,real,-1,14
429915,4.071242,30,real,-1,9
429952,-12.097853,37,synthetic,0,16
429973,-1.290148,21,real,-1,0
430010,-7.324113,37,real,-1,16
430049,-14.573695,39,synthetic,1,18
430071,-8.67922,22,real,-1,1
430096,-9.522577,25,synthetic,0,4
430117,-23.554822,21,synthetic,2,0
430150,-8.311454,33,real,-1,12
430192,-21.796016,42,synthetic,1,21
430215,-10.952636,23,synthetic,1,2
430249,-3.406133,34,real,-1,13
430288,-28.407884,39,synthetic,2,18
430330,-16.472079,42,synthetic,0,21
430360,-15.995968,30,synthetic,0,9
430385,-25.505323,25,synthetic,2,4
430415,-22.985683,30,synthetic,1,9
430449,0.305918,34,real,-1,13
430491,-14.503945,42,synthetic,0,21
430519,-12.9843,28,synthetic,0,7
430555,-23.806816,36,synthetic,1,15
430587,-21.469678,32,synthetic,1,11
430621,-26.520973,34,synthetic,1,13
430660,-4.777719,39,real,-1,18
430681,-35.664015,21,synthetic,2,0
430717,-7.106513,36,real,-1,15
430755,-7.546487,38,real,-1,17
430780,-13.411572,25,synthetic,0,4
430818,-16.104686,38,synthetic,0,17
430847,1.04281,29,real,-1,8
430883,-23.594574,36,synthetic,2,15
430917,-18.172808,34,synthetic,1,13
430949,-37.919162,32,synthetic,2,11
430986,-9.354037,37,real,-1,16
431023,-28.871601,37,synthetic,2,16
431055,-23.787833,32,synthetic,1,11
431092,-13.34616,37,synthetic,1,16
431122,-34.497898,30,synthetic,2,9
431148,-4.591413,26,synthetic,0,5
431169,-27.977946,21,synthetic,2,0
431210,-1.195584,41,real,-1,20
431239,1.137365,29,real,-1,8
431269,-3.207414,30,real,-1,9
431305,-25.523663,36,synthetic,2,15
431337,-35.707899,32,synthetic,2,11
431373,-24.991251,36,synthetic,2,15
431406,-24.023364,33,synthetic,1,12
431436,-34.148966,30,synthetic,2,9
431457,-8.89608,21,real,-1,0
431498,-8.926278,41,real,-1,20
431526,-20.757651,28,synthetic,2,7
431561,-39.313015,35,synthetic,2,14
431603,-16.485458,42,synthetic,0,21
431640,-15.614943,37,synthetic,0,16
431671,-2.016649,31,real,-1,10
431700,3.958525,29,real,-1,8
431725,-15.633468,25,synthetic,0,4
431755,-23.450551,30,synthetic,1,9
431791,-13.351551,36,synthetic,0,15
431831,-17.22984,40,synthetic,1,19
431859,0.691442,28,real,-1,7
431901,-17.725956,42,synthetic,1,21
431941,-20.641447,40,synthetic,1,19
431970,-14.223773,29,synthetic,0,8
432000,-23.224304,30,synthetic,1,9
432022,-9.490907,22,synthetic,0,1
432056,-16.907364,34,real,-1,13
432078,-11.020381,22,synthetic,0,1
432102,-32.999085,24,synthetic,2,3
432137,-31.73031,35,synthetic,2,14
432159,-4.105055,22,real,-1,1
432197,-16.654883,38,synthetic,1,17
432232,-36.236593,35,synthetic,2,14
432268,-29.057386,36,synthetic,2,15
432296,-23.646813,28,synthetic,1,7
432334,-14.306833,38,synthetic,0,17
432374,-23.461707,40,synthetic,1,19
432413,-16.219602,39,synthetic,2,18
432445,-21.22998,32,synthetic,0,11
432487,-24.005327,42,synthetic,1,21
432516,-1.820685,29,real,-1,8
432548,-3.605509,32,real,-1,11
432584,-34.68001,36,synthetic,2,15
432613,-12.707108,29,synthetic,2,8
432645,-0.980314,32,real,-1,11
432669,-25.701055,24,synthetic,2,3
432703,-3.452694,34,real,-1,13
432741,-28.696948,38,synthetic,2,17
432777,-34.531361,36,synthetic,2,15
432803,-11.160902,26,synthetic,0,5
432839,-11.89808,36,synthetic,0,15
432865,-22.56688,26,synthetic,1,5
432893,-16.954765,28,synthetic,1,7
432929,-41.334589,36,synthetic,2,15
432962,-19.433757,33,synthetic,1,12
432989,-35.912499,27,synthetic,2,6
433018,-6.699326,29,synthetic,0,8
433051,-27.156078,33,synthetic,2,12
433093,-19.381219,42,synthetic,0,21
433130,-33.051565,37,synthetic,2,16
433168,-9.5329,38,synthetic,0,17
433191,-26.953758,23,synthetic,1,2
433218,-15.897872,27,synthetic,0,6
433248,-37.912969,30,synthetic,2,9
433283,-13.601203,35,synthetic,0,14
433306,-15.897474,23,synthetic,0,2
433337,-7.993496,31,synthetic,0,10
433368,-19.230682,31,synthetic,0,10
433396,-21.72561,28,synthetic,1,7
433425,-2.64237,29,synthetic,0,8
433459,-10.214485,34,real,-1,13
433488,-4.126481,29,real,-1,8
433520,-27.894665,32,synthetic,1,11
433554,-26.055929,34,synthetic,2,13
433596,0.75575,42,real,-1,21
433623,-22.415133,27,synthetic,1,6
433648,-26.757023,25,synthetic,2,4
433689,-13.079704,41,synthetic,0,20
433728,-7.572588,39,real,-1,18
433756,-10.896688,28,synthetic,0,7
433784,-18.635396,28,synthetic,1,7
433815,-26.09738,31,synthetic,2,10
433855,-28.334088,40,synthetic,2,19
433885,-17.580179,30,synthetic,0,9
433920,-4.081798,35,real,-1,14
433943,-35.164773,23,synthetic,2,2
433983,-45.353571,40,synthetic,2,19
434023,-26.74793,40,synthetic,2,19
434056,-4.535928,33,real,-1,12
434083,-29.334555,27,synthetic,2,6
434112,-24.321748,29,synthetic,1,8
434149,-30.039968,37,synthetic,2,16
434184,-30.257692,35,synthetic,2,14
434216,-2.776668,32,real,-1,11
434249,-0.389502,33,real,-1,12
434291,-6.521055,42,real,-1,21
434325,-24.427589,34,synthetic,1,13
434351,-38.893198,26,synthetic,2,5
434388,-2.604821,37,real,-1,16
434427,-20.72996,39,synthetic,1,18
434458,-12.960193,31,synthetic,0,10
434483,-25.447321,25,synthetic,1,4
434506,1.256246,23,real,-1,2
434544,-28.656732,38,synthetic,2,17
434585,-30.073311,41,synthetic,1,20
434618,-0.497011,33,real,-1,12
434655,-6.312252,37,real,-1,16
434686,-46.776604,31,synthetic,2,10
434716,-26.218203,30,synthetic,1,9
434755,-25.267759,39,synthetic,1,18
434792,-12.489709,37,synthetic,0,16
434818,-32.229152,26,synthetic,2,5
434849,-21.645509,31,synthetic,1,10
434874,-25.230224,25,synthetic,1,4
434901,-0.462222,27,real,-1,6
434928,-29.337161,27,synthetic,2,6
434962,-16.772966,34,synthetic,1,13
435004,-18.240215,42,synthetic,0,21
435041,-0.888838,37,real,-1,16
435071,-6.050866,30,synthetic,0,9
435099,-12.927984,28,synthetic,0,7
435120,-20.486705,21,synthetic,2,0
435161,-22.783456,41,synthetic,2,20
435195,-37.084216,34,synthetic,2,13
435220,-9.526555,25,synthetic,0,4
435256,-3.409511,36,real,-1,15
435288,-38.82466,32,synthetic,2,11
435310,-2.42465,22,real,-1,1
435336,-26.240316,26,synthetic,2,5
435377,-45.467242,41,synthetic,2,20
435408,-25.150176,31,synthetic,1,10
435435,-13.902801,27,synthetic,0,6
435462,-9.29525,27,real,-1,6
435504,-29.441882,42,synthetic,2,21
435540,-29.392455,36,synthetic,2,15
435578,-32.500498,38,synthetic,2,17
435610,-5.191055,32,real,-1,11
435632,-8.89773,22,synthetic,0,1
435657,-4.216946,25,real,-1,4
435683,-31.027135,26,synthetic,2,5
435709,-0.421383,26,real,-1,5
435749,-17.963119,40,synthetic,1,19
435781,-1.290471,32,real,-1,11
435808,-3.801415,27,real,-1,6
435833,-18.11872,25,synthetic,2,4
435859,-34.745613,26,synthetic,2,5
435880,0.470816,21,real,-1,0
435922,-3.153223,42,real,-1,21
435950,-22.275228,28,synthetic,1,7
435986,-37.532843,36,synthetic,2,15
436022,-2.744795,36,real,-1,15
436056,-30.206974,34,synthetic,2,13
436077,-37.594993,21,synthetic,2,0
436117,-13.60882,40,synthetic,0,19
436142,-0.423209,25,real,-1,4
436169,-16.221087,27,synthetic,0,6
436206,-25.055646,37,synthetic,1,16
436231,-0.894263,25,real,-1,4
436252,-11.082411,21,synthetic,0,0
436273,-8.622484,21,synthetic,0,0
436315,-7.080806,42,real,-1,21
436339,-14.42628,24,synthetic,0,3
436373,-30.157062,34,synthetic,2,13
436409,-10.809829,36,real,-1,15
436433,-29.894642,24,synthetic,2,3
436460,0.295819,27,real,-1,6
436496,-40.010633,36,synthetic,2,15
436533,-10.527967,37,synthetic,0,16
436564,-38.348858,31,synthetic,2,10
436597,-46.448251,33,synthetic,2,12
436629,-10.857811,32,real,-1,11
436651,-34.882955,22,synthetic,2,1
436676,-13.770034,25,synthetic,1,4
436698,2.636288,22,real,-1,1
436729,-35.454176,31,synthetic,2,10
436754,-31.181134,25,synthetic,2,4
436789,-29.224955,35,synthetic,2,14
436814,-14.70515,25,synthetic,0,4
436836,-5.305665,22,real,-1,1
436861,-11.449659,25,synthetic,0,4
436901,-1.918043,40,real,-1,19
436933,-46.904464,32,synthetic,2,11
436973,7.666242,40,real,-1,19
437015,-19.467349,42,synthetic,1,21
437044,-39.644393,29,synthetic,2,8
437068,-34.521278,24,synthetic,2,3
437107,-10.949717,39,synthetic,0,18
437148,-13.923326,41,synthetic,0,20
437182,-32.253131,34,synthetic,2,13
437210,-25.735332,28,synthetic,2,7
437244,-30.087535,34,synthetic,2,13
437274,-32.880928,30,synthetic,2,9
437314,-31.96583,40,synthetic,1,19
437350,-16.252176,36,synthetic,1,15
437376,-15.470436,26,synthetic,0,5
437408,-1.682976,32,real,-1,11
437446,-13.329339,38,synthetic,0,17
437482,-5.351052,36,real,-1,15
437519,-26.133341,37,synthetic,2,16
437552,-3.198947,33,real,-1,12
437579,-15.200858,27,synthetic,0,6
437618,-34.09074,39,synthetic,2,18
437653,-12.090048,35,synthetic,0,14
437681,-45.740009,28,synthetic,2,7
437714,0.900132,33,real,-1,12
437743,-0.491489,29,real,-1,8
437774,-16.760671,31,synthetic,1,10
437797,-4.927794,23,synthetic,0,2
437825,-20.026541,28,synthetic,1,7
437859,0.488371,34,real,-1,13
437896,-13.743173,37,synthetic,0,16
437937,-20.786391,41,synthetic,0,20
437975,-33.080647,38,synthetic,2,17
437998,-26.188296,23,synthetic,2,2
438037,-3.372594,39,real,-1,18
438072,-31.496227,35,synthetic,2,14
438109,-9.459306,37,real,-1,16
438137,-0.117426,28,real,-1,7
438158,-0.314082,21,real,-1,0
438200,-12.404475,42,synthetic,0,21
438222,-1.45085,22,real,-1,1
438245,-5.28342,23,real,-1,2
438274,-7.982086,29,real,-1,8
438299,-22.509566,25,synthetic,1,4
438340,-32.336274,41,synthetic,2,20
438382,0.004202,42,real,-1,21
438413,-30.725949,31,synthetic,2,10
438437,-10.988031,24,synthetic,0,3
438465,-2.645219,28,real,-1,7
438488,-16.563149,23,synthetic,0,2
438517,-5.252879,29,real,-1,8
438558,-1.104261,41,real,-1,20
438598,-22.938555,40,synthetic,1,19
438637,-3.906184,39,real,-1,18
438674,-25.522434,37,synthetic,1,16
438709,-8.060569,35,real,-1,14
438751,-28.191807,42,synthetic,1,21
438790,-24.285194,39,synthetic,2,18
438823,-0.751683,33,real,-1,12
438863,-11.877531,40,synthetic,0,19
438904,-7.020499,41,real,-1,20
438932,-34.163874,28,synthetic,2,7
438966,-19.512743,34,synthetic,0,13
438998,-24.253021,32,synthetic,1,11
439019,-28.772974,21,synthetic,1,0
439060,-16.100734,41,synthetic,1,20
439093,-27.099638,33,synthetic,1,12
439134,-2.070581,41,real,-1,20
439175,-32.389977,41,synthetic,2,20
439209,-20.374596,34,synthetic,1,13
439237,-36.227674,28,synthetic,2,7
439262,-14.731001,25,synthetic,0,4
439299,-20.171212,37,synthetic,1,16
439333,-1.524155,34,real,-1,13
439369,-30.307708,36,synthetic,2,15
439405,-1.26011,36,real,-1,15
439444,-36.48827,39,synthetic,2,18
439485,-17.418897,41,synthetic,0,20
439519,-13.958427,34,synthetic,0,13
439546,-15.731213,27,synthetic,2,6
439573,0.700635,27,real,-1,6
439594,-27.320437,21,synthetic,2,0
439626,-2.74354,32,real,-1,11
439668,3.914805,42,real,-1,21
439696,-0.982716,28,real,-1,7
439728,2.222308,32,real,-1,11
439751,-16.587275,23,synthetic,1,2
439787,-2.66172,36,real,-1,15
439820,-31.551004,33,synthetic,2,12
439857,-0.668642,37,real,-1,16
439890,-23.134095,33,synthetic,1,12
439916,-23.322197,26,synthetic,1,5
439949,-3.520901,33,real,-1,12
439989,-16.033448,40,synthetic,0,19
440014,-29.152254,25,synthetic,2,4
440047,-15.855949,33,synthetic,0,12
440087,-25.183086,40,synthetic,2,19
440115,-23.357914,28,synthetic,1,7
440148,-2.777006,33,real,-1,12
440169,-33.515649,21,synthetic,2,0
440199,-1.771714,30,real,-1,9
440239,-20.779972,40,synthetic,0,19
440278,-14.751408,39,synthetic,0,18
440302,-32.130957,24,synthetic,2,3
440342,-25.479831,40,synthetic,2,19
440369,-36.659615,27,synthetic,2,6
440409,-28.722136,40,synthetic,2,19
440443,-7.503633,34,real,-1,13
440465,-20.728565,22,synthetic,1,1
440503,-31.879307,38,synthetic,2,17
440545,-8.42546,42,synthetic,0,21
440581,-9.741557,36,real,-1,15
440620,-38.788718,39,synthetic,2,18
440643,-15.847418,23,synthetic,0,2
440667,-19.074506,24,synthetic,1,3
440706,-42.673354,39,synthetic,2,18
440736,-1.546053,30,real,-1,9
440769,-30.818295,33,synthetic,1,12
440797,-20.859368,28,synthetic,1,7
440837,-44.146433,40,synthetic,2,19
440871,-15.528951,34,synthetic,1,13
440904,-10.490767,33,synthetic,0,12
440945,-19.814129,41,synthetic,1,20
440985,-20.184157,40,synthetic,1,19
441014,-19.796282,29,synthetic,2,8
441043,-1.632873,29,real,-1,8
441075,-33.953481,32,synthetic,2,11
441114,-49.008087,39,synthetic,2,18
441153,-14.288577,39,synthetic,0,18
441187,-13.672024,34,synthetic,0,13
441216,-5.875715,29,real,-1,8
441239,-12.908968,23,synthetic,0,2
441261,-14.166768,22,synthetic,0,1
441285,-25.231755,24,synthetic,1,3
441308,-23.568152,23,synthetic,1,2
441332,-1.530071,24,real,-1,3
441357,-17.675275,25,synthetic,0,4
441378,-22.167805,21,synthetic,1,0
441400,-33.895578,22,synthetic,2,1
441423,-31.417739,23,synthetic,2,2
441461,-3.53607,38,real,-1,17
441484,-27.640562,23,synthetic,2,2
441517,-1.050102,33,real,-1,12
441549,-1.739671,32,real,-1,11
441575,-2.137083,26,real,-1,5
441601,-3.546111,26,synthetic,0,5
441639,-19.161666,38,synthetic,1,17
441679,-1.404629,40,real,-1,19
441711,-20.23118,32,synthetic,0,11
441738,-28.04817,27,synthetic,2,6
441759,-5.085228,21,real,-1,0
441797,-5.196001,38,real,-1,17
441839,-8.37951,42,real,-1,21
441869,-4.827039,30,real,-1,9
441905,-8.204815,36,synthetic,0,15
441929,-22.123659,24,synthetic,1,3
441951,-13.815511,22,synthetic,0,1
441993,-11.344539,42,synthetic,0,21
442020,-22.909561,27,synthetic,1,6
442047,-24.851941,27,synthetic,1,6
442087,-22.74905,40,synthetic,1,19
442112,1.234301,25,real,-1,4
442144,-33.322128,32,synthetic,2,11
442173,-17.982884,29,synthetic,1,8
442215,-37.571582,42,synthetic,2,21
442245,-15.154034,30,synthetic,1,9
442276,-7.259432,31,synthetic,0,10
442299,-4.86562,23,real,-1,2
442320,-16.972324,21,synthetic,0,0
442342,-0.605227,22,real,-1,1
442366,-20.743069,24,synthetic,1,3
442394,-21.557778,28,synthetic,1,7
442426,-27.133686,32,synthetic,1,11
442468,-21.997674,42,synthetic,0,21
442504,-26.850201,36,synthetic,1,15
442525,-10.462684,21,synthetic,1,0
442557,5.592947,32,real,-1,11
442594,-33.576273,37,synthetic,2,16
442630,-13.060064,36,synthetic,0,15
442663,-24.846717,33,synthetic,1,12
442701,-4.504457,38,synthetic,0,17
442729,-33.707707,28,synthetic,2,7
442767,-25.525942,38,synthetic,1,17
442803,-16.603543,36,synthetic,0,15
442841,-32.000713,38,synthetic,2,17
442862,-4.504037,21,real,-1,0
442903,-0.01711,41,real,-1,20
442933,-0.523291,30,real,-1,9
442969,-24.510513,36,synthetic,1,15
443008,-28.949171,39,synthetic,1,18
443046,-20.663612,38,synthetic,1,17
443087,-12.037496,41,synthetic,0,20
443121,-36.2913,34,synthetic,2,13
443163,-11.327072,42,synthetic,0,21
443186,-1.029219,23,real,-1,2
443210,-3.357738,24,real,-1,3
443238,-28.860318,28,synthetic,2,7
443260,-26.049512,22,synthetic,1,1
443293,-25.504841,33,synthetic,2,12
443314,-12.898392,21,synthetic,0,0
443342,0.663625,28,real,-1,7
443381,-25.616211,39,synthetic,2,18
443410,-43.111334,29,synthetic,2,8
443442,-19.303745,32,synthetic,0,11
443469,2.640565,27,real,-1,6
443500,-8.261501,31,real,-1,10
443522,-12.081735,22,synthetic,0,1
443562,-35.106686,40,synthetic,2,19
443598,-0.560634,36,real,-1,15
443639,-23.846094,41,synthetic,2,20
443672,-3.224392,33,real,-1,12
443707,0.326443,35,real,-1,14
443739,-3.798992,32,real,-1,11
443764,-7.823652,25,real,-1,4
443791,-32.786128,27,synthetic,2,6
443812,-15.442108,21,synthetic,0,0
443840,-29.693514,28,synthetic,1,7
443875,-34.099169,35,synthetic,1,14
443910,-9.475377,35,synthetic,0,14
443947,-21.26475,37,synthetic,0,16
443989,-33.797889,42,synthetic,2,21
444023,-6.438452,34,real,-1,13
444052,-12.257212,29,synthetic,1,8
444094,-26.944868,42,synthetic,1,21
444122,-22.13903,28,synthetic,1,7
444161,-30.095897,39,synthetic,2,18
444186,-23.244144,25,synthetic,1,4
444219,-2.519338,33,real,-1,12
444260,-12.989953,41,synthetic,0,20
444298,-14.04335,38,synthetic,0,17
444319,-22.903905,21,synthetic,1,0
444348,-3.479449,29,real,-1,8
444384,-17.782098,36,synthetic,0,15
444421,-10.775871,37,synthetic,0,16
444448,-18.34456,27,synthetic,1,6
444482,-10.38377,34,synthetic,0,13
444513,-20.953646,31,synthetic,2,10
444539,-29.968661,26,synthetic,2,5
444575,-15.922904,36,synthetic,0,15
444599,-29.227556,24,synthetic,1,3
444626,-14.013041,27,synthetic,1,6
444650,-26.082801,24,synthetic,1,3
444688,-8.20648,38,real,-1,17
444728,-2.5376,40,real,-1,19
444756,-22.460735,28,synthetic,1,7
444798,-7.429911,42,synthetic,0,21
444834,-4.672337,36,real,-1,15
444865,-4.79527,31,real,-1,10
444894,0.80144,29,real,-1,8
444919,-19.774431,25,synthetic,1,4
444960,-6.685664,41,real,-1,20
444995,-3.510739,35,real,-1,14
445022,-28.740505,27,synthetic,2,6
445046,-9.666928,24,synthetic,0,3
445081,-25.038638,35,synthetic,1,14
445115,-23.096263,34,synthetic,1,13
445142,-3.17587,27,real,-1,6
445168,-12.176246,26,synthetic,0,5
445189,-31.401364,21,synthetic,1,0
445223,-8.244445,34,synthetic,0,13
445263,-33.188847,40,synthetic,2,19
445298,-16.963203,35,synthetic,1,14
445326,-25.132999,28,synthetic,1,7
445360,-8.297368,34,synthetic,1,13
445389,-7.34295,29,real,-1,8
445425,-37.898838,36,synthetic,2,15
445457,-27.363562,32,synthetic,1,11
445496,-11.015449,39,synthetic,0,18
445533,-37.41759,37,synthetic,2,16
445561,-25.297013,28,synthetic,2,7
445588,-20.543624,27,synthetic,1,6
445616,-23.042107,28,synthetic,1,7
445658,-4.264038,42,real,-1,21
445699,-38.471608,41,synthetic,2,20
445722,-26.743182,23,synthetic,0,2
445761,-5.054179,39,real,-1,18
445800,-34.434018,39,synthetic,2,18
445821,-4.598007,21,synthetic,0,0
445852,-23.742321,31,synthetic,1,10
445891,-16.986973,39,synthetic,1,18
445925,-36.765602,34,synthetic,2,13
445949,-35.422696,24,synthetic,2,3
445970,1.163058,21,real,-1,0
445999,3.350453,29,real,-1,8
446034,-16.484872,35,real,-1,14
446069,-34.341009,35,synthetic,1,14
446101,-4.140373,32,synthetic,0,11
446138,-0.044733,37,real,-1,16
446165,-26.217317,27,synthetic,2,6
446203,-11.073003,38,synthetic,0,17
446242,-1.277653,39,real,-1,18
446264,-45.148851,22,synthetic,2,1
446288,-10.085227,24,synthetic,0,3
446312,-3.37136,24,real,-1,3
446341,-9.557058,29,synthetic,1,8
446378,-35.709102,37,synthetic,2,16
446412,-24.127485,34,synthetic,1,13
446433,-29.15469,21,synthetic,2,0
446459,1.468926,26,real,-1,5
446492,-38.195687,33,synthetic,2,12
446524,-16.934824,32,synthetic,1,11
446554,-11.072763,30,synthetic,0,9
446579,-39.874006,25,synthetic,2,4
446605,-13.766884,26,synthetic,0,5
446634,-14.294666,29,synthetic,0,8
446658,-1.012165,24,real,-1,3
446687,-26.027052,29,synthetic,2,8
446714,-14.637541,27,synthetic,0,6
446746,-33.085636,32,synthetic,2,11
446780,-12.178121,34,synthetic,0,13
446811,-33.055967,31,synthetic,1,10
446848,-43.845666,37,synthetic,2,16
446877,-36.990254,29,synthetic,1,8
446917,-13.037457,40,real,-1,19
446954,0.225162,37,real,-1,16
446996,-15.778264,42,synthetic,0,21
447019,-3.091436,23,real,-1,2
447048,-0.821514,29,real,-1,8
447071,-11.988369,23,synthetic,0,2
447112,-10.992149,41,synthetic,1,20
447149,-14.214099,37,synthetic,0,16
447185,-9.028375,36,synthetic,0,15
447223,-43.731049,38,synthetic,2,17
447244,-9.996987,21,synthetic,0,0
447265,-34.366732,21,synthetic,2,0
447307,-17.582171,42,synthetic,0,21
447338,-26.617565,31,synthetic,1,10
447363,-22.838753,25,synthetic,1,4
447387,-33.849286,24,synthetic,2,3
447416,-0.417072,29,real,-1,8
447455,-3.242311,39,real,-1,18
447476,1.448747,21,real,-1,0
447506,-13.503577,30,synthetic,1,9
447528,-0.460683,22,real,-1,1
447562,-7.967249,34,synthetic,0,13
447599,-22.895681,37,synthetic,1,16
447641,-27.751934,42,synthetic,2,21
447663,-3.831034,22,real,-1,1
447692,-21.604993,29,synthetic,1,8
447718,-35.238455,26,synthetic,2,5
447743,-26.245051,25,synthetic,1,4
447764,-42.562334,21,synthetic,2,0
447788,0.960831,24,real,-1,3
447818,-8.574414,30,synthetic,0,9
447845,-7.165838,27,synthetic,0,6
447867,-25.726467,22,synthetic,2,1
447896,-20.006607,29,synthetic,1,8
447928,-24.589741,32,synthetic,1,11
447966,-23.426712,38,synthetic,1,17
448006,-28.043593,40,synthetic,2,19
448039,-14.05851,33,synthetic,0,12
448080,-0.804104,41,real,-1,20
448111,-37.070114,31,synthetic,2,10
448134,-29.349925,23,synthetic,1,2
448159,-34.040149,25,synthetic,2,4
448180,-6.814212,21,real,-1,0
448222,-7.263026,42,real,-1,21
448259,0.073073,37,real,-1,16
448281,-14.390651,22,synthetic,0,1
448307,-5.063555,26,real,-1,5
448329,-17.114497,22,synthetic,0,1
448350,-33.814778,21,synthetic,2,0
448374,-10.524672,24,synthetic,0,3
448401,-1.587612,27,real,-1,6
448429,-0.517225,28,real,-1,7
448458,-27.85519,29,synthetic,1,8
448487,-33.36095,29,synthetic,2,8
448511,-15.577213,24,synthetic,1,3
448538,-8.467959,27,synthetic,0,6
448566,-25.175772,28,synthetic,2,7
448604,-25.13363,38,synthetic,1,17
448637,-18.93736,33,synthetic,1,12
448665,-39.789763,28,synthetic,2,7
448692,-18.494733,27,synthetic,1,6
448723,-11.37433,31,synthetic,0,10
448764,0.706305,41,real,-1,20
448795,0.677819,31,real,-1,10
448816,-21.01715,21,synthetic,2,0
448847,-33.248773,31,synthetic,2,10
448889,-12.986533,42,synthetic,1,21
448913,-28.757989,24,synthetic,2,3
448954,-3.872097,41,real,-1,20
448980,-10.485254,26,synthetic,0,5
449008,-40.315118,28,synthetic,2,7
449041,-29.906563,33,synthetic,1,12
449065,-4.839825,24,real,-1,3
449096,-24.295187,31,synthetic,1,10
449120,-15.440329,24,synthetic,2,3
449159,-45.006208,39,synthetic,2,18
449188,-7.533832,29,synthetic,0,8
449221,-19.80478,33,synthetic,0,12
449246,-29.783656,25,synthetic,2,4
449284,-12.770121,38,synthetic,0,17
449326,-0.810651,42,real,-1,21
449362,-20.242094,36,synthetic,0,15
449386,-34.087826,24,synthetic,2,3
449428,-38.956244,42,synthetic,2,21
449463,-18.969742,35,synthetic,2,14
449484,-0.341694,21,real,-1,0
449526,-34.315234,42,synthetic,2,21
449552,-19.081123,26,synthetic,0,5
449586,-14.671973,34,synthetic,1,13
449615,-13.927396,29,synthetic,0,8
449639,-32.103895,24,synthetic,1,3
449668,-33.113809,29,synthetic,2,8
449709,-16.310689,41,synthetic,0,20
449746,-9.307667,37,synthetic,0,16
449779,-16.88088,33,synthetic,0,12
449809,-16.290232,30,synthetic,1,9
449834,-9.745998,25,synthetic,0,4
449872,-19.39085,38,synthetic,1,17
449911,-1.013228,39,real,-1,18
449941,-31.101293,30,synthetic,2,9
449969,-42.166982,28,synthetic,2,7
450008,3.338858,39,real,-1,18
450050,-11.010261,42,synthetic,0,21
450092,-1.928028,42,real,-1,21
450123,-15.197314,31,synthetic,0,10
450162,-24.10634,39,synthetic,2,18
450202,-9.187404,40,synthetic,0,19
450227,2.448765,25,real,-1,4
450252,-7.906935,25,real,-1,4
450290,-23.398435,38,synthetic,1,17
450332,-4.895152,42,real,-1,21
450354,-0.645773,22,real,-1,1
450382,-14.078366,28,synthetic,0,7
450414,-7.067642,32,real,-1,11
450456,-33.569309,42,synthetic,1,21
450480,-13.408618,24,synthetic,2,3
450508,-21.828041,28,synthetic,1,7
450543,-21.181612,35,synthetic,1,14
450564,-1.153438,21,real,-1,0
450589,-26.189798,25,synthetic,1,4
450624,-40.596846,35,synthetic,2,14
450661,-23.332657,37,synthetic,1,16
450686,-40.941846,25,synthetic,2,4
450707,-34.96262,21,synthetic,2,0
450741,-10.668717,34,synthetic,1,13
450772,-33.822739,31,synthetic,2,10
450809,-3.521878,37,real,-1,16
450839,-6.581414,30,real,-1,9
450876,-11.219397,37,real,-1,16
450902,-15.98587,26,synthetic,1,5
450940,-21.185821,38,synthetic,2,17
450970,-9.262584,30,synthetic,0,9
450991,0.1333,21,real,-1,0
451023,-35.257687,32,synthetic,2,11
451052,-1.067196,29,real,-1,8
451087,-18.371737,35,synthetic,1,14
451109,-11.76166,22,synthetic,0,1
451131,2.217921,22,real,-1,1
451173,-1.211547,42,real,-1,21
451202,-13.540498,29,synthetic,0,8
451238,-17.459936,36,synthetic,1,15
451279,-17.21848,41,synthetic,1,20
451314,-6.763881,35,real,-1,14
451352,-6.503423,38,real,-1,17
451374,-37.304445,22,synthetic,2,1
451416,-14.129099,42,synthetic,1,21
451445,3.72477,29,real,-1,8
451471,-23.182542,26,synthetic,1,5
451507,-16.170963,36,synthetic,1,15
451530,-12.881866,23,synthetic,0,2
451560,-29.462752,30,synthetic,2,9
451591,-33.453215,31,synthetic,2,10
451620,-22.163862,29,synthetic,1,8
451646,2.374931,26,real,-1,5
451684,-18.130466,38,synthetic,1,17
451714,-44.677515,30,synthetic,2,9
451752,-16.881732,38,synthetic,0,17
451774,-21.689289,22,synthetic,0,1
451815,-28.043493,41,synthetic,1,20
451847,-19.823087,32,synthetic,1,11
451877,-7.209393,30,synthetic,1,9
451911,-25.411882,34,synthetic,1,13
451945,-4.68596,34,real,-1,13
451983,2.050071,38,real,-1,17
452015,-16.174759,32,synthetic,0,11
452051,-5.364094,36,real,-1,15
452089,-2.511132,38,real,-1,17
452112,-36.197615,23,synthetic,2,2
452149,-4.966058,37,real,-1,16
452177,-18.392404,28,synthetic,0,7
452200,-16.607501,23,synthetic,0,2
452228,-30.712663,28,synthetic,2,7
452268,-27.117165,40,synthetic,1,19
452293,-35.233772,25,synthetic,2,4
452317,-25.152042,24,synthetic,1,3
452346,-30.255956,29,synthetic,1,8
452367,-5.387846,21,synthetic,0,0
452408,-20.893916,41,synthetic,1,20
452434,-31.141119,26,synthetic,2,5
452464,-18.669829,30,synthetic,1,9
452499,-20.056223,35,synthetic,1,14
452541,-20.460033,42,synthetic,1,21
452578,-17.204216,37,synthetic,0,16
452619,0.421311,41,real,-1,20
452658,-29.674172,39,synthetic,1,18
452693,-17.010723,35,synthetic,0,14
452714,-16.318503,21,synthetic,1,0
452752,0.891532,38,real,-1,17
452787,-0.883361,35,real,-1,14
452815,-34.374528,28,synthetic,2,7
452849,-21.451149,34,synthetic,2,13
452884,-28.913496,35,synthetic,1,14
452915,-1.567125,31,real,-1,10
452939,0.45827,24,real,-1,3
452970,-9.472607,31,synthetic,0,10
452995,0.577648,25,real,-1,4
453027,-31.451551,32,synthetic,2,11
453052,-10.54099,25,synthetic,0,4
453083,-20.026555,31,synthetic,1,10
453106,-28.088334,23,synthetic,1,2
453127,-9.176762,21,synthetic,0,0
453160,-2.892331,33,real,-1,12
453200,-34.217093,40,synthetic,2,19
453230,-5.489615,30,real,-1,9
453270,-9.244213,40,real,-1,19
453296,-20.979285,26,synthetic,1,5
453327,-15.468063,31,synthetic,0,10
453365,-7.694662,38,synthetic,0,17
453386,0.262979,21,real,-1,0
453414,-32.213246,28,synthetic,2,7
453448,0.708999,34,real,-1,13
453473,1.218224,25,real,-1,4
453496,-41.064189,23,synthetic,2,2
453518,-30.541872,22,synthetic,2,1
453558,-24.60619,40,synthetic,1,19
453600,-6.948862,42,real,-1,21
453633,-8.905141,33,real,-1,12
453662,-15.296783,29,synthetic,0,8
453685,-14.665169,23,synthetic,0,2
453719,-10.336732,34,synthetic,0,13
453747,-7.685665,28,real,-1,7
453769,-26.77275,22,synthetic,2,1
453793,-21.299559,24,synthetic,1,3
453834,-17.650005,41,synthetic,0,20
453858,-0.612297,24,real,-1,3
453894,-22.64046,36,synthetic,1,15
453918,-20.449808,24,synthetic,2,3
453960,3.778561,42,real,-1,21
453990,-14.667371,30,synthetic,0,9
454018,-37.814668,28,synthetic,2,7
454060,-2.520901,42,real,-1,21
454101,-9.97668,41,real,-1,20
454125,-3.20314,24,real,-1,3
454164,-16.26511,39,synthetic,0,18
454186,-26.726213,22,synthetic,1,1
454207,-2.299346,21,real,-1,0
454248,-12.187826,41,synthetic,1,20
454286,-40.559957,38,synthetic,2,17
454308,1.760588,22,real,-1,1
454350,-47.498969,42,synthetic,2,21
454390,-36.799391,40,synthetic,2,19
454425,-27.757068,35,synthetic,1,14
454455,-22.730781,30,synthetic,1,9
454486,-14.389829,31,synthetic,0,10
454523,2.494024,37,real,-1,16
454561,-6.481591,38,real,-1,17
454600,-11.379566,39,synthetic,0,18
454633,-41.63428,33,synthetic,2,12
454668,-23.801135,35,synthetic,1,14
454705,-0.791094,37,real,-1,16
454731,-16.565632,26,synthetic,0,5
454773,-23.177168,42,synthetic,1,21
454806,-43.392245,33,synthetic,2,12
454830,-11.563617,24,synthetic,0,3
454861,-0.490314,31,real,-1,10
454888,-0.576849,27,real,-1,6
454918,-13.42324,30,real,-1,9
454952,-19.032261,34,synthetic,0,13
454978,-5.746195,26,synthetic,0,5
455018,-2.417921,40,real,-1,19
455041,-7.140271,23,synthetic,0,2
455065,-31.903308,24,synthetic,2,3
455103,-36.250757,38,synthetic,2,17
455134,-42.673379,31,synthetic,2,10
455172,-5.852115,38,synthetic,0,17
455209,-0.707533,37,real,-1,16
455251,-14.802511,42,synthetic,0,21
455284,-8.086892,33,real,-1,12
455323,-2.442929,39,real,-1,18
455346,-8.353479,23,synthetic,0,2
455386,-23.349651,40,synthetic,1,19
455410,-21.965082,24,synthetic,1,3
455432,-5.126185,22,real,-1,1
455469,-1.66877,37,real,-1,16
455510,-17.118901,41,synthetic,0,20
455548,-40.004714,38,synthetic,2,17
455570,-35.982347,22,synthetic,2,1
455603,-31.145092,33,synthetic,2,12
455624,-10.475631,21,synthetic,0,0
455657,-18.448979,33,synthetic,0,12
455680,-32.120336,23,synthetic,1,2
455717,-8.632586,37,real,-1,16
455744,-4.912641,27,real,-1,6
455785,4.327695,41,real,-1,20
455815,5.027673,30,real,-1,9
455838,-14.371636,23,synthetic,0,2
455879,-4.831378,41,real,-1,20
455915,-25.053018,36,synthetic,1,15
455944,0.739892,29,real,-1,8
455975,2.165751,31,real,-1,10
456016,-2.684909,41,real,-1,20
456054,-12.864551,38,synthetic,0,17
456096,-19.841244,42,synthetic,1,21
456135,-8.140412,39,real,-1,18
456158,-3.521926,23,real,-1,2
456190,-3.959429,32,real,-1,11
456223,-33.11168,33,synthetic,2,12
456251,-4.76253,28,real,-1,7
456289,-13.924798,38,synthetic,0,17
456311,-37.473552,22,synthetic,2,1
456350,-31.805483,39,synthetic,1,18
456390,-5.99819,40,real,-1,19
456417,0.983621,27,real,-1,6
456459,-43.087894,42,synthetic,2,21
456496,-17.658866,37,synthetic,1,16
456530,-36.383715,34,synthetic,2,13
456565,-9.286122,35,synthetic,0,14
456588,-12.428142,23,synthetic,0,2
456613,-19.280025,25,synthetic,1,4
456642,-25.161874,29,synthetic,1,8
456674,-24.922844,32,synthetic,1,11
456697,-2.365931,23,real,-1,2
456730,-37.119097,33,synthetic,2,12
456765,-0.532945,35,real,-1,14
456799,-9.60472,34,synthetic,0,13
456839,-9.900659,40,synthetic,0,19
456868,-4.676469,29,real,-1,8
456903,-1.976943,35,real,-1,14
456927,-13.515318,24,synthetic,0,3
456950,-15.166844,23,synthetic,0,2
456982,-2.341145,32,synthetic,0,11
457005,-10.02141,23,synthetic,0,2
457029,-41.35042,24,synthetic,2,3
457070,-22.820235,41,synthetic,1,20
457096,-9.837629,26,synthetic,0,5
457129,-21.281035,33,synthetic,1,12
457150,-9.02156,21,synthetic,0,0
457172,-30.190404,22,synthetic,2,1
457212,-23.957279,40,synthetic,0,19
457248,-3.663387,36,real,-1,15
457269,-2.207892,21,real,-1,0
457300,-12.277745,31,synthetic,0,10
457330,-30.16665,30,synthetic,2,9
457366,-15.884384,36,synthetic,1,15
457408,-19.879071,42,synthetic,0,21
457437,-1.899948,29,real,-1,8
457464,-26.630899,27,synthetic,2,6
457501,-15.023232,37,synthetic,1,16
457522,-17.589143,21,synthetic,1,0
457558,-27.391346,36,synthetic,1,15
457598,-10.633373,40,synthetic,0,19
457625,2.076207,27,real,-1,6
457661,-17.574592,36,synthetic,1,15
457686,-3.238146,25,real,-1,4
457720,-18.052476,34,synthetic,1,13
457743,-18.443035,23,synthetic,1,2
457784,-21.505538,41,synthetic,1,20
457817,-0.644661,33,real,-1,12
457846,-1.802709,29,real,-1,8
457881,-28.202406,35,synthetic,1,14
457923,-29.215038,42,synthetic,1,21
457954,-34.74663,31,synthetic,2,10
457981,-15.532372,27,synthetic,0,6
458008,-36.477842,27,synthetic,2,6
458029,-24.332353,21,synthetic,1,0
458050,-4.539669,21,real,-1,0
458087,-8.384321,37,synthetic,0,16
458118,-34.567489,31,synthetic,2,10
458140,-11.951667,22,synthetic,0,1
458161,-9.41778,21,synthetic,0,0
458200,-0.060758,39,real,-1,18
458231,-8.562006,31,real,-1,10
458263,-15.694739,32,synthetic,0,11
458294,-1.219624,31,real,-1,10
458332,-20.042466,38,synthetic,1,17
458368,-35.102952,36,synthetic,2,15
458390,1.962545,22,real,-1,1
458411,-27.877323,21,synthetic,2,0
458453,-43.011522,42,synthetic,2,21
458489,-9.799478,36,synthetic,0,15
458522,-22.006316,33,synthetic,0,12
458544,-7.648273,22,synthetic,0,1
458579,0.406454,35,real,-1,14
458616,-3.717619,37,real,-1,16
458643,5.439332,27,real,-1,6
458684,-4.832189,41,real,-1,20
458722,-21.345132,38,synthetic,1,17
458758,-23.617798,36,synthetic,0,15
458780,-3.364873,22,real,-1,1
458801,-12.706968,21,synthetic,0,0
458827,-15.990427,26,synthetic,0,5
458864,-18.736931,37,synthetic,1,16
458903,-28.338819,39,synthetic,1,18
458938,-9.560575,35,synthetic,0,14
458968,-20.802662,30,synthetic,1,9
459005,-34.622267,37,synthetic,2,16
459033,-39.686934,28,synthetic,2,7
459057,-36.13612,24,synthetic,2,3
459089,-18.190935,32,synthetic,0,11
459126,-0.150008,37,real,-1,16
459158,-0.538935,32,real,-1,11
459179,-13.004519,21,synthetic,0,0
459218,-12.602995,39,synthetic,0,18
459251,-21.761599,33,synthetic,0,12
459277,-10.416308,26,synthetic,0,5
459301,-4.861097,24,real,-1,3
459330,-26.477004,29,synthetic,1,8
459368,-9.988524,38,real,-1,17
459399,0.134454,31,real,-1,10
459423,-34.192213,24,synthetic,2,3
459465,-0.914257,42,real,-1,21
459487,-33.33482,22,synthetic,2,1
459508,-0.605447,21,real,-1,0
459534,-31.372084,26,synthetic,2,5
459569,-20.787221,35,synthetic,1,14
459608,-12.837638,39,synthetic,0,18
459640,3.128859,32,real,-1,11
459682,-39.640105,42,synthetic,2,21
459721,-16.653536,39,synthetic,0,18
459757,-33.623098,36,synthetic,2,15
459795,-26.466651,38,synthetic,1,17
459829,1.563871,34,real,-1,13
459863,-36.885807,34,synthetic,2,13
459902,-33.571437,39,synthetic,2,18
459928,-1.921947,26,real,-1,5
459950,-13.919092,22,synthetic,0,1
459978,-5.361817,28,synthetic,0,7
460006,-18.951464,28,synthetic,0,7
460034,-26.466293,28,synthetic,1,7
460061,-15.183095,27,synthetic,0,6
460091,-11.860787,30,synthetic,1,9
460126,3.163236,35,real,-1,14
460162,-17.55991,36,synthetic,0,15
460197,1.540738,35,real,-1,14
460233,-24.174125,36,synthetic,1,15
460257,-30.764371,24,synthetic,2,3
460279,-46.317711,22,synthetic,2,1
460312,-19.019562,33,synthetic,1,12
460341,2.106422,29,real,-1,8
460372,-41.702432,31,synthetic,2,10
460402,-20.201425,30,synthetic,1,9
460435,-0.09359,33,real,-1,12
460464,-29.874395,29,synthetic,1,8
460505,-23.149172,41,synthetic,1,20
460540,-12.425737,35,synthetic,1,14
460571,-11.669486,31,synthetic,0,10
460611,-9.945136,40,real,-1,19
460632,-25.944493,21,synthetic,1,0
460660,-31.463489,28,synthetic,2,7
460697,-2.069365,37,real,-1,16
460734,-39.38899,37,synthetic,2,16
460762,-7.342706,28,synthetic,0,7
460787,-4.568655,25,real,-1,4
460810,-0.899511,23,real,-1,2
460846,-37.006298,36,synthetic,2,15
460885,-10.853622,39,synthetic,0,18
460920,-30.725197,35,synthetic,2,14
460961,-36.761508,41,synthetic,2,20
460984,-28.921539,23,synthetic,2,2
461023,-26.251067,39,synthetic,2,18
461052,-5.203155,29,real,-1,8
461085,-11.760526,33,real,-1,12
461124,-21.105968,39,synthetic,1,18
461164,-4.078097,40,real,-1,19
461196,-12.10975,32,real,-1,11
461235,1.427849,39,real,-1,18
461264,-33.767783,29,synthetic,2,8
461287,-0.05967,23,real,-1,2
461316,-18.543743,29,synthetic,2,8
461342,-16.797825,26,synthetic,0,5
461365,-1.802596,23,real,-1,2
461388,-17.254886,23,synthetic,1,2
461419,-25.156937,31,synthetic,1,10
461461,-3.832446,42,real,-1,21
461488,-40.435198,27,synthetic,2,6
461526,-13.445755,38,synthetic,0,17
461550,-20.53506,24,synthetic,1,3
461586,-40.539524,36,synthetic,2,15
461614,-27.377663,28,synthetic,1,7
461637,2.736872,23,real,-1,2
461664,-31.396418,27,synthetic,2,6
461693,-13.169241,29,synthetic,0,8
461721,-33.00588,28,synthetic,1,7
461749,-16.614963,28,synthetic,0,7
461781,-40.079473,32,synthetic,2,11
461820,-3.639143,39,synthetic,0,18
461854,-15.599056,34,synthetic,0,13
461893,-19.611594,39,synthetic,1,18
461929,-19.737222,36,synthetic,0,15
461966,-25.771075,37,synthetic,1,16
462007,-38.632345,41,synthetic,2,20
462034,-5.700471,27,synthetic,0,6
462071,-4.845583,37,real,-1,16
462103,-16.464457,32,synthetic,0,11
462143,-23.035014,40,synthetic,1,19
462180,1.387086,37,real,-1,16
462204,-13.131909,24,synthetic,0,3
462238,-10.676263,34,synthetic,0,13
462260,-0.018145,22,real,-1,1
462283,-2.125449,23,real,-1,2
462310,-30.18313,27,synthetic,2,6
462337,-16.056962,27,synthetic,0,6
462377,-12.362153,40,synthetic,0,19
462400,-15.611604,23,synthetic,0,2
462438,-10.923441,38,synthetic,0,17
462460,-8.821429,22,synthetic,0,1
462494,-36.061621,34,synthetic,2,13
462528,-14.75231,34,synthetic,0,13
462561,-18.604217,33,synthetic,0,12
462603,0.784207,42,real,-1,21
462639,-2.943178,36,real,-1,15
462664,-16.663658,25,synthetic,1,4
462704,-37.632007,40,synthetic,2,19
462742,-37.047824,38,synthetic,2,17
462774,-13.4279,32,synthetic,2,11
462806,-15.025114,32,synthetic,1,11
462833,-8.494486,27,synthetic,0,6
462859,-14.160731,26,synthetic,0,5
462885,-24.918403,26,synthetic,1,5
462925,-10.871639,40,synthetic,0,19
462958,1.457149,33,real,-1,12
462994,-13.914723,36,synthetic,1,15
463028,-26.805935,34,synthetic,2,13
463068,-1.529223,40,synthetic,0,19
463101,-41.543005,33,synthetic,1,12
463139,-3.562413,38,real,-1,17
463178,3.653796,39,real,-1,18
463219,-0.968059,41,real,-1,20
463253,-9.805874,34,synthetic,0,13
463287,-17.616759,34,synthetic,0,13
463327,-29.82521,40,synthetic,1,19
463360,-4.891808,33,synthetic,0,12
463384,0.937969,24,real,-1,3
463425,-24.438838,41,synthetic,1,20
463456,-11.574542,31,synthetic,0,10
463477,-28.165504,21,synthetic,1,0
463502,-0.572512,25,real,-1,4
463526,-16.163913,24,synthetic,1,3
463552,-11.169156,26,synthetic,0,5
463575,1.318236,23,real,-1,2
463615,-52.684593,40,synthetic,2,19
463656,-29.410396,41,synthetic,2,20
463684,-43.856887,28,synthetic,2,7
463725,-33.859913,41,synthetic,2,20
463764,-17.104464,39,synthetic,0,18
463790,4.673236,26,real,-1,5
463828,-17.796967,38,synthetic,1,17
463869,-24.643492,41,synthetic,1,20
463891,-3.890706,22,real,-1,1
463931,-21.288637,40,synthetic,0,19
463959,3.450124,28,real,-1,7
463983,-30.916753,24,synthetic,2,3
464004,0.232956,21,real,-1,0
464044,-9.970871,40,synthetic,0,19
464073,-9.846571,29,real,-1,8
464098,-19.941864,25,synthetic,1,4
464136,-5.119419,38,synthetic,0,17
464169,-2.359062,33,real,-1,12
464210,-2.455185,41,real,-1,20
464243,-5.447475,33,real,-1,12
464279,-9.885454,36,synthetic,0,15
464318,-9.296919,39,synthetic,0,18
464340,-21.792319,22,synthetic,1,1
464379,-3.833669,39,real,-1,18
464417,-36.833213,38,synthetic,2,17
464446,-10.527532,29,real,-1,8
464488,-30.107963,42,synthetic,2,21
464517,-10.277545,29,synthetic,0,8
464544,-21.092894,27,synthetic,1,6
464583,-12.560314,39,synthetic,0,18
464613,-27.496624,30,synthetic,2,9
464646,-15.557055,33,synthetic,0,12
464669,-12.723561,23,synthetic,0,2
464698,-31.173154,29,synthetic,2,8
464732,-40.517205,34,synthetic,2,13
464757,-9.337891,25,real,-1,4
464779,-3.071176,22,real,-1,1
464805,-8.263357,26,real,-1,5
464842,-1.296576,37,real,-1,16
464880,-38.065636,38,synthetic,2,17
464919,-17.331947,39,synthetic,1,18
464948,-13.435,29,synthetic,1,8
464986,-9.111808,38,synthetic,0,17
465018,-1.631316,32,real,-1,11
465040,-3.958287,22,real,-1,1
465075,-21.798555,35,synthetic,1,14
465108,-34.994689,33,synthetic,2,12
465150,-2.301429,42,real,-1,21
465178,-23.14721,28,synthetic,1,7
465199,1.16369,21,real,-1,0
465232,-13.019847,33,synthetic,1,12
465262,-22.493658,30,synthetic,1,9
465295,-8.04204,33,synthetic,0,12
465325,-10.911122,30,synthetic,0,9
465362,-6.424088,37,real,-1,16
465383,-16.797324,21,synthetic,1,0
465408,-8.443009,25,synthetic,0,4
465448,-27.648069,40,synthetic,1,19
465472,-24.511005,24,synthetic,1,3
465510,-4.083753,38,synthetic,0,17
465547,-24.449274,37,synthetic,1,16
465571,-12.397417,24,synthetic,0,3
465596,0.159547,25,real,-1,4
465637,-10.699388,41,synthetic,1,20
465673,-3.870499,36,real,-1,15
465705,-25.200384,32,synthetic,1,11
465732,-2.389635,27,real,-1,6
465756,-35.361417,24,synthetic,2,3
465783,-27.68164,27,synthetic,2,6
465809,-18.720942,26,synthetic,1,5
465830,-1.169129,21,real,-1,0
465862,-19.841382,32,synthetic,1,11
465889,-37.453365,27,synthetic,2,6
465930,-42.399058,41,synthetic,2,20
465954,-9.492883,24,real,-1,3
465986,-16.268693,32,synthetic,1,11
466010,-34.889442,24,synthetic,2,3
466048,-14.197324,38,synthetic,1,17
466086,-44.081496,38,synthetic,2,17
466120,-40.640168,34,synthetic,2,13
466144,-3.789802,24,real,-1,3
466177,-10.969225,33,synthetic,0,12
466218,-16.39379,41,synthetic,1,20
466258,-42.567862,40,synthetic,2,19
466300,-23.282812,42,synthetic,1,21
466336,0.775566,36,real,-1,15
466368,-30.987622,32,synthetic,2,11
466394,-6.527071,26,real,-1,5
466431,-26.643172,37,synthetic,1,16
466467,-9.172945,36,real,-1,15
466493,-21.174314,26,synthetic,2,5
466525,-26.808318,32,synthetic,1,11
466566,-5.962241,41,synthetic,0,20
466589,-13.340276,23,synthetic,0,2
466616,-7.030261,27,real,-1,6
466639,-25.822318,23,synthetic,1,2
466668,-37.526079,29,synthetic,2,8
466701,-10.779983,33,real,-1,12
466731,-32.952902,30,synthetic,2,9
466754,-37.700633,23,synthetic,2,2
466783,-16.936927,29,synthetic,1,8
466810,-8.692517,27,synthetic,0,6
466837,-25.918796,27,synthetic,2,6
466866,-27.407479,29,synthetic,2,8
466900,-18.8421,34,synthetic,2,13
466937,-39.670455,37,synthetic,2,16
466969,-27.799284,32,synthetic,2,11
466992,-32.57011,23,synthetic,2,2
467026,-4.152676,34,real,-1,13
467055,-20.799342,29,synthetic,2,8
467084,-9.122484,29,synthetic,0,8
467111,-4.430122,27,real,-1,6
467149,-14.263828,38,synthetic,0,17
467189,-9.928978,40,real,-1,19
467219,1.224156,30,real,-1,9
467254,-7.263962,35,synthetic,0,14
467288,-9.123391,34,synthetic,0,13
467326,0.207023,38,real,-1,17
467361,-38.902952,35,synthetic,2,14
467384,-20.944938,23,synthetic,0,2
467426,-21.919629,42,synthetic,1,21
467448,0.088021,22,real,-1,1
467482,-25.702392,34,synthetic,1,13
467503,-22.190272,21,synthetic,2,0
467537,-26.647954,34,synthetic,1,13
467573,-36.120941,36,synthetic,2,15
467613,-24.754284,40,synthetic,0,19
467649,-6.13409,36,synthetic,0,15
467670,-20.243058,21,synthetic,2,0
467699,3.192994,29,real,-1,8
467727,-12.082795,28,synthetic,0,7
467758,-16.371259,31,synthetic,0,10
467792,-29.948896,34,synthetic,1,13
467816,-3.343516,24,real,-1,3
467858,-2.067989,42,real,-1,21
467895,-8.839411,37,real,-1,16
467935,-13.165517,40,real,-1,19
467965,-18.343425,30,synthetic,1,9
467997,-29.048823,32,synthetic,2,11
468032,-12.643534,35,synthetic,0,14
468057,-21.176289,25,synthetic,2,4
468080,-32.254367,23,synthetic,2,2
468109,-44.607835,29,synthetic,2,8
468133,-4.003043,24,real,-1,3
468167,-34.744378,34,synthetic,2,13
468206,-14.819686,39,synthetic,0,18
468235,-23.998129,29,synthetic,2,8
468276,-19.147415,41,synthetic,2,20
468316,1.817083,40,real,-1,19
468340,-15.779599,24,synthetic,1,3
468367,-20.013305,27,synthetic,1,6
468394,-25.162041,27,synthetic,1,6
468420,-25.019175,26,synthetic,1,5
468443,-21.191873,23,synthetic,1,2
468465,-0.487528,22,real,-1,1
468501,-20.484039,36,synthetic,2,15
468542,-12.486817,41,real,-1,20
468574,-0.843881,32,real,-1,11
468615,-18.772654,41,synthetic,1,20
468644,-19.543115,29,synthetic,1,8
468681,-6.013852,37,real,-1,16
468719,-18.902009,38,synthetic,1,17
468760,-22.794282,41,synthetic,2,20
468797,-0.449233,37,real,-1,16
468819,-9.309196,22,real,-1,1
468852,-14.401071,33,synthetic,0,12
468875,-7.954947,23,synthetic,0,2
468917,-38.035784,42,synthetic,1,21
468957,1.910721,40,real,-1,19
468995,-22.840955,38,synthetic,2,17
469017,-1.889418,22,real,-1,1
469055,-24.837789,38,synthetic,2,17
469076,-6.066838,21,real,-1,0
469100,-9.122806,24,synthetic,0,3
469124,-33.159033,24,synthetic,2,3
469165,-2.150189,41,real,-1,20
469190,-42.863907,25,synthetic,2,4
469225,-15.288936,35,synthetic,1,14
469266,-28.536616,41,synthetic,2,20
469307,-8.241765,41,real,-1,20
469333,-0.951231,26,real,-1,5
469374,-25.395424,41,synthetic,1,20
469405,-19.754632,31,synthetic,0,10
469433,-10.609741,28,synthetic,1,7
469471,-22.691344,38,synthetic,1,17
469502,-20.841045,31,synthetic,0,10
469542,-4.358006,40,real,-1,19
469565,-35.328245,23,synthetic,2,2
469605,-21.481233,40,synthetic,0,19
469638,-38.41227,33,synthetic,2,12
469664,0.277006,26,real,-1,5
469689,-14.871085,25,synthetic,1,4
469730,-31.432201,41,synthetic,1,20
469751,-23.201882,21,synthetic,1,0
469778,-31.137493,27,synthetic,2,6
469802,-20.51882,24,synthetic,1,3
469826,-32.792885,24,synthetic,2,3
469859,-19.026285,33,synthetic,1,12
469896,-1.440638,37,real,-1,16
469937,-16.588192,41,synthetic,0,20
469978,-4.799746,41,real,-1,20
470010,-19.88695,32,synthetic,1,11
470031,-17.069891,21,synthetic,0,0
470069,-31.882085,38,synthetic,1,17
470100,-25.065392,31,synthetic,1,10
470121,-18.783354,21,synthetic,1,0
470152,3.527479,31,real,-1,10
470177,-29.400995,25,synthetic,2,4
470217,-27.342396,40,synthetic,2,19
470245,-2.867621,28,real,-1,7
470287,5.288121,42,real,-1,21
470311,-20.705867,24,synthetic,1,3
470341,-9.662339,30,synthetic,0,9
470366,-1.331892,25,real,-1,4
470393,-28.539982,27,synthetic,2,6
470429,-24.243909,36,synthetic,0,15
470467,-15.345324,38,synthetic,0,17
470494,-0.087045,27,real,-1,6
470516,-33.957852,22,synthetic,2,1
470554,-25.350202,38,synthetic,2,17
470588,-33.723365,34,synthetic,2,13
470620,-22.174856,32,synthetic,1,11
470648,-7.474849,28,synthetic,0,7
470674,-33.439161,26,synthetic,2,5
470696,-29.403808,22,synthetic,1,1
470727,-4.867408,31,real,-1,10
470754,-10.610884,27,synthetic,0,6
470786,-29.091549,32,synthetic,1,11
470821,-15.53339,35,synthetic,0,14
470857,-30.264244,36,synthetic,1,15
470896,-20.14887,39,synthetic,1,18
470923,-14.821492,27,synthetic,0,6
470951,-22.441874,28,synthetic,1,7
470981,-33.670536,30,synthetic,2,9
471011,-4.938338,30,real,-1,9
471040,-10.525206,29,synthetic,1,8
471081,-7.701113,41,synthetic,0,20
471110,-18.596081,29,synthetic,1,8
471140,-11.486674,30,synthetic,0,9
471168,-4.847402,28,real,-1,7
471190,3.706408,22,real,-1,1
471219,0.256998,29,real,-1,8
471251,-5.966451,32,real,-1,11
471282,-16.977738,31,synthetic,1,10
471321,-8.976887,39,synthetic,0,18
471347,-12.034515,26,synthetic,0,5
471380,-8.936621,33,synthetic,0,12
471418,-28.61857,38,synthetic,1,17
471448,-27.760075,30,synthetic,1,9
471480,-40.262838,32,synthetic,2,11
471513,-28.371842,33,synthetic,2,12
471538,-6.581801,25,real,-1,4
471567,6.264815,29,real,-1,8
471609,-10.583363,42,synthetic,0,21
471639,-25.738911,30,synthetic,1,9
471674,-12.921807,35,synthetic,0,14
471699,-11.549566,25,synthetic,1,4
471739,-8.496705,40,real,-1,19
471765,-21.221997,26,synthetic,1,5
471786,-3.911719,21,real,-1,0
471822,-39.75757,36,synthetic,2,15
471863,-8.740819,41,synthetic,0,20
471904,-28.945459,41,synthetic,1,20
471925,-19.966493,21,synthetic,1,0
471957,-32.35287,32,synthetic,2,11
471983,-45.302513,26,synthetic,2,5
472006,-22.06385,23,synthetic,1,2
472032,-4.575483,26,synthetic,0,5
472065,-15.419922,33,synthetic,1,12
472101,-12.783675,36,synthetic,0,15
472128,-17.354485,27,synthetic,0,6
472167,-17.336569,39,synthetic,0,18
472206,-9.794086,39,synthetic,0,18
472243,-34.750959,37,synthetic,2,16
472283,-25.547079,40,synthetic,2,19
472317,-26.627322,34,synthetic,1,13
472355,-5.265182,38,real,-1,17
472378,-1.288388,23,real,-1,2
472406,-0.070945,28,real,-1,7
472448,-16.076984,42,synthetic,2,21
472490,-23.978136,42,synthetic,2,21
472527,-33.455657,37,synthetic,1,16
472559,-3.875072,32,real,-1,11
472601,-29.741647,42,synthetic,1,21
472634,0.019862,33,real,-1,12
472667,-20.379024,33,synthetic,1,12
472698,-29.750564,31,synthetic,2,10
472720,-0.464495,22,real,-1,1
472742,0.103079,22,real,-1,1
472770,-30.408604,28,synthetic,2,7
472806,-35.368258,36,synthetic,2,15
472842,-19.29549,36,synthetic,2,15
472883,-24.869255,41,synthetic,1,20
472923,-42.912094,40,synthetic,2,19
472963,-11.827639,40,synthetic,0,19
473002,-28.52454,39,synthetic,2,18
473029,-6.681687,27,real,-1,6
473062,-11.424054,33,synthetic,0,12
473084,-20.6957,22,synthetic,1,1
473118,-19.112901,34,synthetic,1,13
473140,-10.065101,22,synthetic,0,1
473180,5.879982,40,real,-1,19
473212,-2.642573,32,real,-1,11
473253,-36.057711,41,synthetic,2,20
473275,-27.078491,22,synthetic,1,1
473305,-8.68223,30,synthetic,0,9
473326,-31.895487,21,synthetic,2,0
473358,-10.030228,32,synthetic,0,11
473390,-16.302307,32,synthetic,0,11
473423,-44.666507,33,synthetic,2,12
473454,-39.136716,31,synthetic,1,10
473482,-14.31887,28,synthetic,0,7
473508,-11.783284,26,synthetic,0,5
473531,-31.97948,23,synthetic,2,2
473558,-20.950426,27,synthetic,0,6
473587,-12.793362,29,synthetic,0,8
473617,-16.58491,30,synthetic,0,9
473640,-31.49221,23,synthetic,1,2
473661,-7.6328,21,synthetic,0,0
473686,-10.021995,25,synthetic,0,4
473714,-12.978866,28,synthetic,1,7
473753,-29.444411,39,synthetic,2,18
473783,-29.809752,30,synthetic,1,9
473815,-1.933625,32,real,-1,11
473851,-3.805122,36,real,-1,15
473893,-33.822819,42,synthetic,2,21
473931,-23.639766,38,synthetic,1,17
473969,-15.853004,38,synthetic,0,17
473997,-5.018505,28,synthetic,0,7
474026,-15.116259,29,synthetic,1,8
474067,-24.183754,41,synthetic,1,20
474100,-36.389451,33,synthetic,2,12
474128,-5.212997,28,real,-1,7
474158,-28.380927,30,synthetic,1,9
474199,-14.459493,41,synthetic,0,20
474227,-3.245611,28,real,-1,7
474262,-31.656798,35,synthetic,2,14
474289,-26.444,27,synthetic,1,6
474315,-32.068928,26,synthetic,2,5
474338,-3.01037,23,real,-1,2
474380,-19.443681,42,synthetic,0,21
474410,-8.185307,30,synthetic,0,9
474437,-0.655583,27,real,-1,6
474463,1.307173,26,real,-1,5
474486,-10.897632,23,real,-1,2
474528,-34.540901,42,synthetic,2,21
474554,-12.720134,26,synthetic,0,5
474588,-13.106678,34,synthetic,0,13
474625,-9.71522,37,synthetic,0,16
474647,-44.695495,22,synthetic,2,1
474680,-13.743005,33,synthetic,0,12
474712,-30.053846,32,synthetic,2,11
474750,-24.531763,38,synthetic,2,17
474772,-13.831526,22,synthetic,0,1
474796,-19.172755,24,synthetic,0,3
474833,-15.864915,37,synthetic,0,16
474866,-4.521112,33,real,-1,12
474898,-13.885284,32,synthetic,0,11
474938,-9.753494,40,synthetic,1,19
474978,5.883444,40,real,-1,19
475005,-0.140886,27,real,-1,6
475044,-41.023443,39,synthetic,2,18
475086,-17.490179,42,synthetic,0,21
475107,-6.322445,21,synthetic,0,0
475138,-19.951817,31,synthetic,1,10
475176,-4.676727,38,real,-1,17
475198,-32.410159,22,synthetic,2,1
475229,-39.451227,31,synthetic,2,10
475267,-8.54828,38,synthetic,0,17
475304,-3.324333,37,real,-1,16
475328,-37.627162,24,synthetic,2,3
475363,-12.488533,35,synthetic,1,14
475395,-12.859838,32,synthetic,0,11
475416,-17.633457,21,synthetic,1,0
475446,-30.791275,30,synthetic,1,9
475474,1.58408,28,real,-1,7
475515,-27.162307,41,synthetic,1,20
475543,-12.380865,28,synthetic,0,7
475567,-25.797411,24,synthetic,1,3
475598,-5.855847,31,synthetic,0,10
475640,-21.911563,42,synthetic,2,21
475667,-31.51819,27,synthetic,2,6
475708,-22.958294,41,synthetic,2,20
475747,-6.3577,39,real,-1,18
475786,-23.048996,39,synthetic,1,18
475813,-14.735185,27,synthetic,0,6
475835,-2.880653,22,real,-1,1
475871,-3.153529,36,real,-1,15
475906,-16.290396,35,synthetic,0,14
475931,-1.935904,25,real,-1,4
475968,-20.041501,37,synthetic,0,16
475990,-23.798723,22,synthetic,2,1
476020,-15.148042,30,synthetic,0,9
476051,-3.91696,31,real,-1,10
476091,-14.711096,40,real,-1,19
476116,-17.884002,25,synthetic,1,4
476137,-10.540839,21,synthetic,0,0
476159,0.931335,22,real,-1,1
476201,-2.280648,42,real,-1,21
476227,-21.890982,26,synthetic,1,5
476268,-15.362472,41,real,-1,20
476309,-2.890791,41,real,-1,20
476340,-17.543865,31,synthetic,1,10
476364,-8.057641,24,real,-1,3
476405,-16.567298,41,synthetic,1,20
476431,-3.740296,26,real,-1,5
476464,-24.367221,33,synthetic,1,12
476505,-2.895225,41,real,-1,20
476531,-28.430543,26,synthetic,2,5
476560,-36.569117,29,synthetic,2,8
476602,3.985461,42,real,-1,21
476637,-12.932956,35,synthetic,0,14
476659,-9.62805,22,synthetic,0,1
476701,-12.120237,42,synthetic,0,21
476723,0.120218,22,real,-1,1
476749,-27.329086,26,synthetic,2,5
476786,-20.200777,37,synthetic,0,16
476823,-17.690346,37,synthetic,1,16
476848,-24.999818,25,synthetic,1,4
476881,-10.195898,33,synthetic,0,12
476923,-28.461811,42,synthetic,2,21
476945,-21.728748,22,synthetic,1,1
476983,-39.873838,38,synthetic,2,17
477020,-16.889882,37,synthetic,0,16
477044,-24.927006,24,synthetic,2,3
477072,-12.322329,28,synthetic,0,7
477102,-11.501257,30,synthetic,0,9
477141,-2.591191,39,real,-1,18
477177,-27.415995,36,synthetic,2,15
477206,-19.884611,29,synthetic,1,8
477247,0.949649,41,real,-1,20
477283,-16.428463,36,synthetic,0,15
477315,-31.675485,32,synthetic,2,11
477356,-5.858954,41,synthetic,0,20
477379,-22.080948,23,synthetic,2,2
477409,6.752076,30,real,-1,9
477439,-13.132492,30,synthetic,0,9
477477,-3.800062,38,real,-1,17
477513,-6.24649,36,real,-1,15
477553,-15.681716,40,synthetic,1,19
477588,-37.338266,35,synthetic,2,14
477627,-11.939643,39,synthetic,0,18
477650,-15.270378,23,synthetic,1,2
477677,-20.678706,27,synthetic,0,6
477718,-30.415768,41,synthetic,2,20
477751,-25.1647,33,synthetic,2,12
477780,-21.789695,29,synthetic,1,8
477822,-17.619227,42,synthetic,0,21
477862,-18.621958,40,synthetic,1,19
477896,0.589946,34,real,-1,13
477922,-27.314953,26,synthetic,1,5
477952,-39.976491,30,synthetic,2,9
477982,-8.027522,30,synthetic,0,9
478019,-20.959887,37,synthetic,1,16
478044,-10.233297,25,synthetic,0,4
478085,-32.891486,41,synthetic,1,20
478109,0.213055,24,real,-1,3
478135,-1.98099,26,real,-1,5
478164,-19.814214,29,synthetic,1,8
478194,-26.920063,30,synthetic,2,9
478221,-3.567213,27,real,-1,6
478253,-21.855047,32,synthetic,1,11
478278,-34.145706,25,synthetic,2,4
478317,0.798683,39,real,-1,18
478342,-31.311884,25,synthetic,2,4
478367,-18.193872,25,synthetic,1,4
478400,-4.675501,33,real,-1,12
478432,-0.118943,32,real,-1,11
478458,-12.706923,26,synthetic,1,5
478487,-7.132082,29,synthetic,0,8
478514,-26.849885,27,synthetic,1,6
478541,-21.585824,27,synthetic,1,6
478580,-14.126456,39,synthetic,0,18
478612,-38.69394,32,synthetic,2,11
478644,-25.353277,32,synthetic,1,11
478673,-24.565146,29,synthetic,2,8
478713,-2.947633,40,real,-1,19
478738,-29.359764,25,synthetic,2,4
478765,-29.340217,27,synthetic,1,6
478807,-28.647926,42,synthetic,2,21
478844,-11.471239,37,synthetic,0,16
478884,-23.895212,40,synthetic,0,19
478912,-1.870423,28,real,-1,7
478940,-9.999897,28,synthetic,0,7
478974,-5.625468,34,real,-1,13
479008,-23.285747,34,synthetic,1,13
479046,-21.382561,38,synthetic,2,17
479088,-33.449311,42,synthetic,2,21
479115,-24.842038,27,synthetic,2,6
479148,-0.465212,33,real,-1,12
479175,-23.290755,27,synthetic,1,6
479201,-8.86209,26,synthetic,0,5
479238,-0.061944,37,real,-1,16
479267,0.30926,29,real,-1,8
479294,1.758214,27,real,-1,6
479319,-31.411137,25,synthetic,2,4
479344,-7.927192,25,synthetic,0,4
479370,-28.078389,26,synthetic,2,5
479391,-14.446006,21,synthetic,0,0
479412,1.002002,21,real,-1,0
479454,-30.099096,42,synthetic,1,21
479481,-6.817102,27,synthetic,0,6
479520,-32.734598,39,synthetic,1,18
479550,-35.647543,30,synthetic,2,9
479576,-36.004028,26,synthetic,2,5
479615,-13.89198,39,synthetic,0,18
479656,-3.868371,41,real,-1,20
479692,-43.853588,36,synthetic,2,15
479721,-15.145706,29,synthetic,0,8
479754,-31.046047,33,synthetic,2,12
479788,-10.925282,34,synthetic,0,13
479830,-9.184061,42,real,-1,21
479868,-23.514771,38,synthetic,1,17
479905,-31.548577,37,synthetic,2,16
479944,-24.8306,39,synthetic,1,18
479965,-10.035765,21,synthetic,0,0
479989,-0.70539,24,real,-1,3
480016,0.053651,27,real,-1,6
480042,-17.094341,26,synthetic,0,5
480075,-18.097662,33,synthetic,0,12
480106,-21.240844,31,synthetic,1,10
480148,-42.759022,42,synthetic,2,21
480185,-2.305987,37,real,-1,16
480220,-47.583428,35,synthetic,2,14
480259,-29.264253,39,synthetic,2,18
480296,-4.461739,37,real,-1,16
480329,-26.587786,33,synthetic,2,12
480366,-2.346911,37,real,-1,16
480390,-33.495802,24,synthetic,2,3
480424,-6.044898,34,real,-1,13
480451,-10.862251,27,synthetic,0,6
480484,-17.352787,33,synthetic,0,12
480513,-2.968755,29,real,-1,8
480555,-1.789929,42,real,-1,21
480581,-12.412242,26,synthetic,0,5
480610,-6.390772,29,real,-1,8
480648,-25.796525,38,synthetic,1,17
480673,-12.698117,25,synthetic,1,4
480713,-32.918881,40,synthetic,1,19
480737,-6.049632,24,real,-1,3
480776,-29.740998,39,synthetic,2,18
480816,-42.514363,40,synthetic,2,19
480844,-19.999254,28,synthetic,0,7
480885,-8.254262,41,real,-1,20
480925,-25.973581,40,synthetic,1,19
480958,-27.343907,33,synthetic,2,12
480994,-20.346539,36,synthetic,1,15
481027,-1.960527,33,real,-1,12
481055,-11.56879,28,synthetic,0,7
481079,-25.979963,24,synthetic,1,3
481109,-44.37374,30,synthetic,2,9
481134,-17.036051,25,synthetic,0,4
481162,0.436759,28,real,-1,7
481185,-24.066243,23,synthetic,2,2
481221,-19.093048,36,synthetic,2,15
481263,-19.429181,42,synthetic,0,21
481284,-15.189132,21,synthetic,0,0
481311,-31.64619,27,synthetic,2,6
481343,-4.343773,32,real,-1,11
481373,0.007356,30,real,-1,9
481398,-35.624995,25,synthetic,2,4
481440,-16.903059,42,synthetic,1,21
481480,-8.17144,40,synthetic,0,19
481508,-6.472267,28,synthetic,0,7
481549,-9.672253,41,real,-1,20
481572,-3.797982,23,real,-1,2
481593,-35.326415,21,synthetic,2,0
481621,-29.137529,28,synthetic,1,7
481644,-16.995386,23,synthetic,1,2
481666,-21.830417,22,synthetic,1,1
481692,-12.33909,26,synthetic,0,5
481733,-35.494425,41,synthetic,2,20
481774,-6.387658,41,real,-1,20
481814,-27.800454,40,synthetic,1,19
481848,-15.098466,34,synthetic,0,13
481890,-16.399617,42,synthetic,0,21
481929,-26.966151,39,synthetic,2,18
481953,-7.775078,24,real,-1,3
481994,-28.721771,41,synthetic,2,20
482025,-8.247168,31,synthetic,0,10
482047,-6.940524,22,synthetic,0,1
482077,-23.629318,30,synthetic,1,9
482107,-34.576088,30,synthetic,2,9
482131,-7.760634,24,synthetic,1,3
482170,-26.651426,39,synthetic,1,18
482194,-10.480803,24,real,-1,3
482219,-1.544967,25,real,-1,4
482255,-9.671909,36,synthetic,0,15
482293,-8.07074,38,real,-1,17
482320,-23.754724,27,synthetic,1,6
482358,-1.484277,38,real,-1,17
482397,-26.500277,39,synthetic,2,18
482437,-18.939619,40,synthetic,1,19
482459,-38.780124,22,synthetic,2,1
482492,-3.886683,33,real,-1,12
482525,-8.833947,33,synthetic,0,12
482547,-33.011234,22,synthetic,2,1
482572,-32.562035,25,synthetic,2,4
482611,-23.288282,39,synthetic,0,18
482645,-37.803707,34,synthetic,2,13
482680,-25.283723,35,synthetic,1,14
482701,-34.349347,21,synthetic,2,0
482722,-1.201529,21,real,-1,0
482761,0.098222,39,real,-1,18
482792,-10.309963,31,real,-1,10
482831,-14.708731,39,synthetic,0,18
482865,-24.318826,34,synthetic,1,13
482906,-6.913565,41,real,-1,20
482935,1.503614,29,real,-1,8
482963,-6.532932,28,real,-1,7
482996,-15.390803,33,synthetic,0,12
483034,-6.327978,38,real,-1,17
483057,-21.383283,23,synthetic,1,2
483083,-25.499047,26,synthetic,2,5
483105,-26.637809,22,synthetic,2,1
483135,-32.629781,30,synthetic,2,9
483174,-12.377176,39,synthetic,0,18
483214,-0.9181,40,real,-1,19
483238,-0.809458,24,real,-1,3
483273,2.677549,35,real,-1,14
483310,-40.552981,37,synthetic,2,16
483331,0.592068,21,real,-1,0
483371,-19.438735,40,synthetic,1,19
483412,-2.433423,41,synthetic,1,20
483442,-16.737611,30,synthetic,1,9
483464,-7.30255,22,real,-1,1
483498,-9.714631,34,synthetic,0,13
483538,-5.311179,40,real,-1,19
483569,-23.110594,31,synthetic,2,10
483595,-24.543609,26,synthetic,1,5
483620,-29.539052,25,synthetic,1,4
483661,-3.176155,41,real,-1,20
483697,-39.582186,36,synthetic,2,15
483719,-8.999253,22,synthetic,0,1
483755,-22.214408,36,synthetic,1,15
483793,-14.018471,38,synthetic,0,17
483822,-21.3737,29,synthetic,2,8
483858,-3.664984,36,real,-1,15
483896,-0.159262,38,real,-1,17
483918,-23.78569,22,synthetic,1,1
483956,-5.834633,38,real,-1,17
483979,-3.866771,23,real,-1,2
484008,-23.909136,29,synthetic,1,8
484040,-15.474423,32,synthetic,1,11
484064,-12.095371,24,synthetic,0,3
484093,-44.12262,29,synthetic,2,8
484116,-10.325636,23,synthetic,0,2
484150,-33.091929,34,synthetic,2,13
484185,-8.094225,35,synthetic,0,14
484212,-26.481563,27,synthetic,2,6
484248,0.654852,36,real,-1,15
484279,-15.093756,31,synthetic,1,10
484302,-24.968943,23,synthetic,2,2
484331,-15.177238,29,synthetic,0,8
484368,-15.376547,37,synthetic,1,16
484392,-11.52037,24,synthetic,1,3
484428,0.663277,36,real,-1,15
484464,-33.651433,36,synthetic,2,15
484504,-16.615898,40,synthetic,1,19
484533,-15.582245,29,synthetic,0,8
484560,-33.596845,27,synthetic,2,6
484583,-29.748457,23,synthetic,1,2
484608,-0.660753,25,real,-1,4
484633,-24.147286,25,synthetic,1,4
484664,-12.238569,31,synthetic,0,10
484704,-2.824828,40,real,-1,19
484741,-7.920085,37,synthetic,0,16
484774,-22.460581,33,synthetic,2,12
484808,-16.939032,34,synthetic,1,13
484831,3.853413,23,real,-1,2
484869,-10.473417,38,synthetic,0,17
484903,-36.170718,34,synthetic,2,13
484938,-44.497652,35,synthetic,2,14
484976,-1.356639,38,real,-1,17
485003,-18.275479,27,synthetic,0,6
485028,-23.872498,25,synthetic,1,4
485064,-14.405827,36,synthetic,0,15
485106,-24.18215,42,synthetic,2,21
485138,-15.223709,32,synthetic,0,11
485175,-22.446416,37,synthetic,1,16
485197,-26.597627,22,synthetic,2,1
485225,-30.778645,28,synthetic,2,7
485265,-0.342352,40,real,-1,19
485290,-24.760916,25,synthetic,2,4
485320,-1.916991,30,real,-1,9
485354,-9.231838,34,synthetic,0,13
485392,-5.56033,38,real,-1,17
485421,-18.848915,29,synthetic,1,8
485451,-11.384513,30,synthetic,0,9
485487,-22.472251,36,synthetic,2,15
485516,-19.031473,29,synthetic,1,8
485537,-44.686669,21,synthetic,2,0
485572,-17.595373,35,synthetic,0,14
485594,-11.714092,22,synthetic,0,1
485623,-36.254474,29,synthetic,2,8
485661,-29.960185,38,synthetic,1,17
485702,-3.423479,41,real,-1,20
485725,-17.460129,23,synthetic,1,2
485750,-38.410703,25,synthetic,2,4
485791,-24.504225,41,synthetic,1,20
485813,0.397716,22,real,-1,1
485851,-32.226747,38,synthetic,2,17
485885,-21.066015,34,synthetic,1,13
485920,-27.161463,35,synthetic,1,14
485954,-21.594609,34,synthetic,1,13
485985,-16.414954,31,synthetic,0,10
486025,-12.584781,40,synthetic,0,19
486064,-13.676106,39,synthetic,0,18
486086,-13.378696,22,synthetic,0,1
486108,-1.638224,22,real,-1,1
486136,-7.096546,28,real,-1,7
486169,-25.136557,33,synthetic,1,12
486193,-19.200052,24,synthetic,1,3
486214,-11.252068,21,synthetic,0,0
486252,-16.966316,38,synthetic,0,17
486287,-21.969286,35,synthetic,2,14
486328,-22.685116,41,synthetic,1,20
486349,-12.559042,21,synthetic,0,0
486382,0.07633,33,real,-1,12
486403,-41.727941,21,synthetic,2,0
486439,-14.348117,36,synthetic,0,15
486478,-9.463083,39,synthetic,0,18
486511,-17.503376,33,synthetic,0,12
486538,-15.345327,27,synthetic,1,6
486570,-5.708048,32,real,-1,11
486602,-7.804461,32,real,-1,11
486644,-1.762845,42,real,-1,21
486686,-19.19785,42,synthetic,1,21
486728,-40.717475,42,synthetic,2,21
486756,-3.002987,28,real,-1,7
486789,-6.258227,33,real,-1,12
486828,-9.64541,39,real,-1,18
486863,-30.38376,35,synthetic,2,14
486894,-17.69787,31,synthetic,0,10
486921,-26.466922,27,synthetic,1,6
486963,-0.326,42,real,-1,21
487002,-23.949097,39,synthetic,1,18
487032,-20.581887,30,synthetic,0,9
487057,-5.594486,25,synthetic,0,4
487092,-7.347159,35,real,-1,14
487130,-23.48474,38,synthetic,2,17
487154,-18.001204,24,synthetic,1,3
487189,-1.374757,35,real,-1,14
487216,1.221549,27,real,-1,6
487248,-13.869937,32,real,-1,11
487273,-8.893625,25,real,-1,4
487303,-3.706519,30,real,-1,9
487328,2.712621,25,real,-1,4
487365,-1.235283,37,real,-1,16
487391,-10.691021,26,synthetic,0,5
487422,-8.376466,31,synthetic,0,10
487454,-32.522432,32,synthetic,1,11
487492,-5.093747,38,real,-1,17
487518,-14.698247,26,synthetic,0,5
487541,-14.637755,23,synthetic,0,2
487567,-9.606728,26,real,-1,5
487606,-24.535435,39,synthetic,1,18
487633,2.281157,27,real,-1,6
487667,-24.171282,34,synthetic,2,13
487702,-23.584066,35,synthetic,2,14
487733,-7.537058,31,real,-1,10
487762,-4.963641,29,real,-1,8
487793,-7.752008,31,real,-1,10
487831,-4.405681,38,real,-1,17
487867,-8.074266,36,real,-1,15
487906,-18.511045,39,synthetic,0,18
487928,-32.377639,22,synthetic,2,1
487967,-15.017515,39,real,-1,18
488001,-1.886987,34,real,-1,13
488042,-28.945493,41,synthetic,1,20
488080,-19.519889,38,synthetic,0,17
488113,-15.485762,33,synthetic,0,12
488155,-2.154035,42,real,-1,21
488178,-25.494493,23,synthetic,1,2
488200,-17.936979,22,synthetic,1,1
488221,-0.70042,21,real,-1,0
488262,-7.510408,41,real,-1,20
488302,-3.089142,40,real,-1,19
488344,-3.148508,42,synthetic,0,21
488375,-29.577892,31,synthetic,2,10
488397,-13.378725,22,synthetic,0,1
488424,-23.722705,27,synthetic,1,6
488454,-36.291355,30,synthetic,2,9
488484,-11.597488,30,synthetic,0,9
488516,-7.678144,32,real,-1,11
488546,-11.407091,30,synthetic,0,9
488567,-19.064445,21,synthetic,1,0
488592,-7.481404,25,synthetic,0,4
488621,-26.823471,29,synthetic,2,8
488647,-1.914453,26,real,-1,5
488670,3.499357,23,real,-1,2
488710,-22.525218,40,synthetic,0,19
488734,-7.93414,24,synthetic,0,3
488756,2.916476,22,real,-1,1
488777,-19.670079,21,synthetic,1,0
488817,-37.952291,40,synthetic,2,19
488853,-8.698301,36,real,-1,15
488874,-17.325544,21,synthetic,1,0
488904,-14.198688,30,synthetic,0,9
488942,-6.225666,38,real,-1,17
488965,-42.369631,23,synthetic,2,2
489004,-19.664709,39,synthetic,0,18
489030,0.312725,26,real,-1,5
489065,-7.560709,35,synthetic,0,14
489087,-22.84516,22,synthetic,1,1
489117,4.466876,30,real,-1,9
489151,-23.273712,34,synthetic,0,13
489180,-23.484059,29,synthetic,1,8
489219,-9.387491,39,synthetic,0,18
489259,-7.058888,40,real,-1,19
489298,-21.969224,39,synthetic,1,18
489324,-24.119742,26,synthetic,2,5
489359,-25.640521,35,synthetic,1,14
489393,-29.610515,34,synthetic,1,13
489424,-21.159115,31,synthetic,1,10
489450,-21.578265,26,synthetic,1,5
489478,-2.223365,28,real,-1,7
489499,-29.112644,21,synthetic,2,0
489529,-9.453957,30,synthetic,0,9
489555,-19.320322,26,synthetic,1,5
489596,-15.425081,41,synthetic,1,20
489638,-14.051332,42,synthetic,0,21
489678,-11.101584,40,real,-1,19
489715,-4.057537,37,real,-1,16
489738,-20.32753,23,synthetic,1,2
489759,-28.184687,21,synthetic,1,0
489783,-2.954778,24,real,-1,3
489818,-29.821146,35,synthetic,1,14
489860,-36.612486,42,synthetic,2,21
489885,-40.721378,25,synthetic,2,4
489907,-18.163366,22,synthetic,1,1
489938,-40.039976,31,synthetic,2,10
489973,-23.413483,35,synthetic,2,14
490011,-23.188988,38,synthetic,1,17
490034,-24.910808,23,synthetic,2,2
490075,-27.286225,41,synthetic,1,20
490109,-4.221174,34,real,-1,13
490135,-8.459387,26,synthetic,0,5
490176,-22.181111,41,synthetic,1,20
490198,-29.667048,22,synthetic,2,1
490223,-37.490818,25,synthetic,2,4
490246,-16.419972,23,synthetic,1,2
490283,-17.040079,37,synthetic,0,16
490318,-22.321849,35,synthetic,0,14
490356,-36.154132,38,synthetic,2,17
490394,-10.842299,38,synthetic,0,17
490415,-31.373935,21,synthetic,2,0
490456,-3.06794,41,real,-1,20
490493,-29.197026,37,synthetic,2,16
490519,-27.192733,26,synthetic,2,5
490554,-21.972638,35,synthetic,1,14
490575,-30.687077,21,synthetic,2,0
490603,-24.590617,28,synthetic,1,7
490634,-27.29945,31,synthetic,2,10
490673,-3.850759,39,real,-1,18
490704,-22.951306,31,synthetic,1,10
490743,-16.634106,39,synthetic,0,18
490778,-3.153225,35,real,-1,14
490816,-36.562387,38,synthetic,2,17
490855,-2.853094,39,real,-1,18
490889,-24.132724,34,synthetic,0,13
490919,-18.978081,30,synthetic,1,9
490949,-28.232909,30,synthetic,1,9
490976,-34.366709,27,synthetic,2,6
491013,-4.982122,37,real,-1,16
491052,-23.196815,39,synthetic,1,18
491073,-28.647136,21,synthetic,2,0
491102,-36.033346,29,synthetic,2,8
491124,-12.928303,22,synthetic,0,1
491146,-43.739573,22,synthetic,2,1
491167,1.29966,21,real,-1,0
491188,-25.105528,21,synthetic,1,0
491223,-17.53679,35,synthetic,0,14
491255,-40.41377,32,synthetic,2,11
491281,-26.889788,26,synthetic,2,5
491320,6.319912,39,real,-1,18
491350,-1.230534,30,real,-1,9
491388,-34.202335,38,synthetic,1,17
491413,-19.391521,25,synthetic,1,4
491450,-14.787701,37,synthetic,0,16
491480,2.66071,30,real,-1,9
491505,3.709736,25,real,-1,4
491547,-25.509415,42,synthetic,0,21
491570,-8.891654,23,synthetic,0,2
491601,2.502049,31,real,-1,10
491627,-31.626196,26,synthetic,2,5
491661,-0.608165,34,real,-1,13
491686,-18.170333,25,synthetic,1,4
491725,-9.018428,39,synthetic,0,18
491764,-17.034779,39,synthetic,0,18
491787,0.285018,23,real,-1,2
491816,-27.729485,29,synthetic,1,8
491839,5.63819,23,real,-1,2
491879,-24.900387,40,synthetic,1,19
491908,-17.696996,29,synthetic,1,8
491946,-13.719324,38,synthetic,1,17
491970,-0.889811,24,real,-1,3
491996,-0.8383,26,real,-1,5
492017,-1.244207,21,real,-1,0
492059,-27.365241,42,synthetic,2,21
492093,-12.67801,34,synthetic,1,13
492133,-9.749316,40,synthetic,0,19
492170,-0.494858,37,real,-1,16
492202,-19.677216,32,synthetic,0,11
492228,-34.421893,26,synthetic,2,5
492255,-14.224511,27,synthetic,0,6
492277,-8.170456,22,synthetic,0,1
492298,-4.200707,21,real,-1,0
492335,-36.398786,37,synthetic,2,16
492357,-21.329956,22,synthetic,1,1
492393,-2.498714,36,real,-1,15
492425,-5.532964,32,real,-1,11
492459,-8.62235,34,real,-1,13
492490,-30.077504,31,synthetic,2,10
492514,-10.041297,24,synthetic,0,3
492547,-18.103653,33,synthetic,1,12
492574,-14.806243,27,synthetic,0,6
492610,-30.854059,36,synthetic,2,15
492640,-25.785399,30,synthetic,1,9
492673,-4.624904,33,real,-1,12
492713,-34.20115,40,synthetic,1,19
492747,-1.944576,34,real,-1,13
492781,-17.807188,34,synthetic,0,13
492818,-18.035253,37,synthetic,0,16
492840,-31.549614,22,synthetic,2,1
492878,-11.430844,38,synthetic,0,17
492908,-21.277496,30,synthetic,1,9
492950,-37.388281,42,synthetic,2,21
492989,-13.901712,39,synthetic,0,18
493019,-4.508408,30,real,-1,9
493048,-3.129726,29,real,-1,8
493075,-12.660037,27,synthetic,0,6
493115,-0.039796,40,real,-1,19
493141,-18.151081,26,synthetic,0,5
493170,-27.925354,29,synthetic,1,8
493199,-33.44172,29,synthetic,2,8
493224,-1.505875,25,real,-1,4
493262,-45.413935,38,synthetic,2,17
493300,0.932023,38,real,-1,17
493341,-2.811763,41,real,-1,20
493376,-29.070404,35,synthetic,1,14
493409,-3.601975,33,real,-1,12
493451,-2.709563,42,real,-1,21
493476,-37.108172,25,synthetic,2,4
493499,-8.016287,23,real,-1,2
493523,-6.6215,24,synthetic,0,3
493551,-23.500039,28,synthetic,2,7
493581,-4.303864,30,real,-1,9
493611,-1.637794,30,real,-1,9
493632,-1.921832,21,real,-1,0
493658,-9.378525,26,synthetic,0,5
493687,-34.769533,29,synthetic,2,8
493717,-14.566908,30,synthetic,0,9
493750,-2.519889,33,real,-1,12
493778,-40.895006,28,synthetic,2,7
493802,-4.832587,24,synthetic,0,3
493828,-22.411226,26,synthetic,1,5
493862,-3.850715,34,real,-1,13
493892,-8.941756,30,real,-1,9
493920,-26.419799,28,synthetic,1,7
493943,-12.033118,23,synthetic,0,2
493966,-14.450776,23,synthetic,0,2
493987,-10.322705,21,synthetic,0,0
494015,-36.689659,28,synthetic,2,7
494038,-1.356429,23,real,-1,2
494073,-28.349195,35,synthetic,1,14
494106,-21.993288,33,synthetic,1,12
494134,-26.861608,28,synthetic,1,7
494170,-18.735573,36,synthetic,0,15
494212,-0.47678,42,real,-1,21
494250,-4.259607,38,real,-1,17
494276,-9.346179,26,synthetic,0,5
494317,-23.886337,41,synthetic,0,20
494348,-47.224205,31,synthetic,2,10
494382,-28.418725,34,synthetic,0,13
494406,-25.745357,24,synthetic,2,3
494432,-28.907,26,synthetic,2,5
494460,-7.728763,28,synthetic,0,7
494484,-19.298432,24,synthetic,1,3
494508,-29.638637,24,synthetic,2,3
494550,-18.327204,42,synthetic,1,21
494577,-34.392235,27,synthetic,2,6
494604,-27.275808,27,synthetic,2,6
494638,-20.378769,34,synthetic,1,13
494663,-1.87178,25,real,-1,4
494691,-30.527928,28,synthetic,2,7
494712,-6.993756,21,synthetic,0,0
494752,-38.79586,40,synthetic,2,19
494789,0.281141,37,real,-1,16
494814,-21.722566,25,synthetic,1,4
494847,-21.658158,33,synthetic,0,12
494875,-34.390932,28,synthetic,1,7
494897,-6.750367,22,real,-1,1
494929,-2.03704,32,real,-1,11
494967,-34.910785,38,synthetic,2,17
494990,-22.421054,23,synthetic,2,2
495022,-35.44763,32,synthetic,2,11
495047,-35.30774,25,synthetic,1,4
495080,-33.818447,33,synthetic,2,12
495109,-15.047565,29,synthetic,0,8
495150,-23.072269,41,synthetic,1,20
495171,-4.819653,21,synthetic,0,0
495207,-21.052548,36,synthetic,0,15
495246,-15.568696,39,synthetic,0,18
495285,-3.298784,39,real,-1,18
495312,4.154658,27,real,-1,6
495343,2.917662,31,real,-1,10
495385,3.2993,42,real,-1,21
495426,-6.751918,41,real,-1,20
495468,-12.370402,42,synthetic,0,21
495490,-36.556934,22,synthetic,2,1
495517,1.860038,27,real,-1,6
495546,-2.879567,29,real,-1,8
495586,-28.686705,40,synthetic,0,19
495624,-22.168593,38,synthetic,1,17
495656,-2.351544,32,real,-1,11
495687,-24.38424,31,synthetic,1,10
495711,-4.161,24,real,-1,3
495735,-8.089573,24,real,-1,3
495773,-0.930911,38,real,-1,17
495802,-32.486156,29,synthetic,2,8
495827,-3.016397,25,real,-1,4
495857,-29.204001,30,synthetic,2,9
495896,-8.320148,39,real,-1,18
495920,-3.915513,24,real,-1,3
495952,-13.769063,32,synthetic,1,11
495979,-9.472304,27,synthetic,0,6
496008,-29.709746,29,synthetic,2,8
496042,-26.72404,34,synthetic,0,13
496084,-18.499294,42,synthetic,1,21
496116,-23.20036,32,synthetic,1,11
496140,-35.785663,24,synthetic,2,3
496165,3.832262,25,real,-1,4
496206,-46.578561,41,synthetic,2,20
496228,-1.979757,22,real,-1,1
496252,3.436524,24,real,-1,3
496294,-16.324211,42,synthetic,0,21
496335,-24.571305,41,synthetic,1,20
496375,-20.994572,40,synthetic,1,19
496404,-10.280186,29,synthetic,0,8
496439,-2.130903,35,real,-1,14
496469,-5.902449,30,synthetic,0,9
496507,-39.41236,38,synthetic,2,17
496531,-26.769675,24,synthetic,1,3
496557,-45.619647,26,synthetic,2,5
496595,-43.936827,38,synthetic,2,17
496625,-9.79122,30,synthetic,0,9
496667,-35.1136,42,synthetic,1,21
496692,-7.890436,25,real,-1,4
496731,-34.322017,39,synthetic,2,18
496757,-1.006081,26,real,-1,5
496779,-4.652862,22,synthetic,0,1
496802,-14.604367,23,synthetic,0,2
496827,-27.350009,25,synthetic,1,4
496856,-3.639254,29,real,-1,8
496895,-3.344077,39,synthetic,0,18
496927,-13.383663,32,synthetic,0,11
496955,1.526938,28,real,-1,7
496989,-30.483221,34,synthetic,2,13
497011,-36.625435,22,synthetic,2,1
497048,-15.031815,37,synthetic,0,16
497078,-28.831919,30,synthetic,2,9
497119,-17.895016,41,synthetic,0,20
497142,-27.444918,23,synthetic,1,2
497170,-37.623049,28,synthetic,2,7
497192,-15.44109,22,synthetic,1,1
497233,-27.220878,41,synthetic,1,20
497274,-11.002449,41,synthetic,2,20
497309,-32.574954,35,synthetic,2,14
497332,-10.100014,23,synthetic,0,2
497358,-11.34465,26,synthetic,0,5
497382,-5.908394,24,real,-1,3
497414,-11.41854,32,real,-1,11
497445,-1.600607,31,real,-1,10
497474,-29.063433,29,synthetic,1,8
497497,-12.925288,23,synthetic,0,2
497521,-1.186401,24,real,-1,3
497553,-23.656569,32,synthetic,2,11
497579,-26.716295,26,synthetic,2,5
497612,-20.69137,33,synthetic,1,12
497648,-2.928689,36,real,-1,15
497675,-25.623724,27,synthetic,1,6
497710,-22.099407,35,synthetic,0,14
497738,0.924856,28,real,-1,7
497768,-34.954582,30,synthetic,2,9
497810,-19.411793,42,synthetic,1,21
497843,-0.540668,33,real,-1,12
497870,-31.387682,27,synthetic,2,6
497912,-24.506253,42,synthetic,1,21
497943,0.818743,31,real,-1,10
497964,-15.262583,21,synthetic,0,0
497993,-2.251136,29,real,-1,8
498015,-15.479171,22,synthetic,1,1
498054,-5.538154,39,synthetic,0,18
498075,-12.612006,21,synthetic,0,0
498114,-16.825931,39,synthetic,0,18
498151,-14.514856,37,synthetic,0,16
498174,-24.189325,23,synthetic,0,2
498210,-0.274209,36,synthetic,0,15
498246,-8.183676,36,real,-1,15
498277,-4.663142,31,real,-1,10
498309,0.50932,32,real,-1,11
498351,-23.90707,42,synthetic,0,21
498385,-13.340566,34,synthetic,0,13
498410,-14.124791,25,synthetic,0,4
498451,-12.086062,41,synthetic,1,20
498490,-0.282705,39,real,-1,18
498511,-30.596013,21,synthetic,2,0
498532,-10.881565,21,synthetic,0,0
498563,-18.618451,31,synthetic,0,10
498584,-1.45832,21,real,-1,0
498626,1.092616,42,synthetic,0,21
498654,1.761038,28,real,-1,7
498685,-15.61689,31,synthetic,0,10
498718,-8.853043,33,synthetic,0,12
498755,1.183004,37,real,-1,16
498782,-18.38519,27,synthetic,1,6
498824,-15.370027,42,synthetic,0,21
498854,-36.915388,30,synthetic,2,9
498885,-28.167214,31,synthetic,1,10
498906,-11.158957,21,synthetic,1,0
498940,-9.357991,34,synthetic,0,13
498974,-15.673063,34,synthetic,0,13
498998,-0.942696,24,real,-1,3
499034,-43.089473,36,synthetic,2,15
499064,-5.681918,30,real,-1,9
499104,-8.761309,40,real,-1,19
499146,-15.791119,42,synthetic,0,21
499170,-21.301804,24,synthetic,1,3
499191,-3.032448,21,real,-1,0
499232,-6.407127,41,real,-1,20
499267,-28.046355,35,synthetic,1,14
499291,-3.664787,24,real,-1,3
499313,-14.4147,22,synthetic,1,1
499334,-23.078808,21,synthetic,1,0
499371,-43.403571,37,synthetic,2,16
499394,-31.104279,23,synthetic,2,2
499420,-16.947323,26,synthetic,0,5
499446,-19.022926,26,synthetic,1,5
499473,-31.827864,27,synthetic,2,6
499507,-18.300992,34,synthetic,1,13
499541,-8.897387,34,synthetic,0,13
499565,-2.634486,24,real,-1,3
499588,-5.843388,23,real,-1,2
499612,-14.296535,24,synthetic,0,3
499653,-43.597489,41,synthetic,2,20
499677,-19.150991,24,synthetic,0,3
499719,-20.719835,42,synthetic,1,21
499741,-24.282674,22,synthetic,1,1
499774,1.1465,33,real,-1,12
499798,-29.845201,24,synthetic,2,3
499832,-1.314415,34,real,-1,13
499869,-0.044883,37,real,-1,16
499907,-4.91638,38,real,-1,17
499935,-29.101573,28,synthetic,2,7
499959,0.093507,24,real,-1,3
499983,-20.502544,24,synthetic,1,3
500023,-21.743735,40,synthetic,1,19
500061,-0.009945,38,real,-1,17
500092,-35.557893,31,synthetic,2,10
500123,-32.791274,31,synthetic,1,10
500165,-24.308531,42,synthetic,1,21
500206,-32.456462,41,synthetic,2,20
500235,-26.12353,29,synthetic,2,8
500266,-26.867904,31,synthetic,2,10
500295,-26.764212,29,synthetic,2,8
500316,-18.894969,21,synthetic,0,0
500346,-12.22139,30,real,-1,9
500376,4.508175,30,real,-1,9
500402,-2.608426,26,real,-1,5
500442,-26.196605,40,synthetic,1,19
500471,0.765164,29,real,-1,8
500499,-0.555049,28,real,-1,7
500524,-10.511306,25,synthetic,0,4
500553,1.578555,29,real,-1,8
500587,-35.919731,34,synthetic,2,13
500610,-38.487466,23,synthetic,2,2
500637,-5.820262,27,real,-1,6
500675,-11.675023,38,synthetic,0,17
500703,-4.575978,28,real,-1,7
500728,-0.858003,25,real,-1,4
500769,-16.986064,41,synthetic,1,20
500808,-17.177632,39,synthetic,0,18
500846,-14.255071,38,synthetic,1,17
500869,-11.392578,23,synthetic,0,2
500895,-41.889794,26,synthetic,2,5
500916,-22.15187,21,synthetic,1,0
500952,-29.366713,36,synthetic,2,15
500993,-43.216784,41,synthetic,2,20
501029,-20.742244,36,synthetic,1,15
501057,-17.573602,28,synthetic,1,7
501088,-10.046681,31,synthetic,0,10
501113,-25.143169,25,synthetic,1,4
501144,-23.049131,31,synthetic,1,10
501179,-3.600867,35,real,-1,14
501209,-26.971448,30,synthetic,1,9
501235,-12.916509,26,synthetic,0,5
501277,5.08621,42,real,-1,21
501298,-0.863806,21,real,-1,0
501321,-20.7131,23,synthetic,2,2
501360,-26.931926,39,synthetic,2,18
501395,-7.44752,35,synthetic,0,14
501428,-12.403776,33,synthetic,0,12
501452,1.50497,24,real,-1,3
501473,-23.595777,21,synthetic,1,0
501501,-14.632531,28,synthetic,0,7
501523,-0.685761,22,real,-1,1
501552,-47.86881,29,synthetic,2,8
501583,-16.07099,31,synthetic,1,10
501616,-21.746407,33,synthetic,0,12
501654,-2.337592,38,synthetic,0,17
501680,-13.417863,26,synthetic,0,5
501718,-21.565641,38,synthetic,1,17
501748,-16.940831,30,synthetic,0,9
501775,-6.379293,27,real,-1,6
501800,-28.047342,25,synthetic,1,4
501830,-37.626778,30,synthetic,2,9
501862,-27.067128,32,synthetic,1,11
501884,-43.034177,22,synthetic,2,1
501914,-30.773336,30,synthetic,2,9
501938,-0.623814,24,real,-1,3
501967,-13.530651,29,synthetic,1,8
502002,-14.276459,35,synthetic,0,14
502031,-36.285947,29,synthetic,1,8
502067,-4.577725,36,real,-1,15
502107,-14.750888,40,synthetic,0,19
502147,-17.529339,40,synthetic,0,19
502168,-26.125033,21,synthetic,2,0
502192,-8.021321,24,synthetic,0,3
502215,-1.667164,23,real,-1,2
502241,4.018199,26,real,-1,5
502270,-15.908771,29,synthetic,0,8
502310,-24.227482,40,synthetic,1,19
502341,-2.59767,31,real,-1,10
502376,-4.448524,35,real,-1,14
502409,-14.033291,33,synthetic,0,12
502449,-19.614861,40,synthetic,1,19
502474,-20.947123,25,synthetic,1,4
502516,-43.307397,42,synthetic,2,21
502554,-17.589566,38,synthetic,1,17
502579,-23.955186,25,synthetic,1,4
502607,-16.637151,28,synthetic,0,7
502636,-26.022944,29,synthetic,1,8
502667,-20.09362,31,synthetic,0,10
502703,-3.469038,36,synthetic,0,15
502732,-11.824747,29,synthetic,0,8
502755,4.162354,23,real,-1,2
502784,-29.142383,29,synthetic,2,8
502826,-35.613099,42,synthetic,2,21
502863,-4.191604,37,real,-1,16
502903,-2.615707,40,real,-1,19
502926,-16.319044,23,synthetic,0,2
502947,-12.582723,21,synthetic,0,0
502986,-17.713948,39,synthetic,0,18
503012,-20.504575,26,synthetic,1,5
503040,-7.256707,28,real,-1,7
503080,-26.313315,40,synthetic,1,19
503101,-30.945221,21,synthetic,2,0
503127,-5.575452,26,real,-1,5
503157,-36.194101,30,synthetic,2,9
503188,-8.090738,31,real,-1,10
503211,-20.825704,23,synthetic,1,2
503244,1.935899,33,real,-1,12
503271,-36.635733,27,synthetic,2,6
503309,-16.476733,38,synthetic,0,17
503334,-40.432369,25,synthetic,2,4
503373,-2.095886,39,real,-1,18
503404,-24.184685,31,synthetic,2,10
503439,2.910045,35,real,-1,14
503479,-10.182555,40,real,-1,19
503509,-26.843961,30,synthetic,2,9
503534,-24.38358,25,synthetic,1,4
503573,-31.591544,39,synthetic,1,18
503595,-6.955248,22,real,-1,1
503635,-16.27236,40,synthetic,0,19
503664,-25.572807,29,synthetic,1,8
503689,-0.702998,25,real,-1,4
503729,-33.87296,40,synthetic,2,19
503758,-22.678565,29,synthetic,2,8
503780,-28.770426,22,synthetic,2,1
503815,-34.540961,35,synthetic,2,14
503846,-18.559208,31,synthetic,0,10
503873,3.182901,27,real,-1,6
503904,3.951121,31,real,-1,10
503946,-35.247033,42,synthetic,2,21
503974,-6.983119,28,synthetic,0,7
504016,-7.184443,42,real,-1,21
504047,-35.227662,31,synthetic,2,10
504082,-26.273568,35,synthetic,1,14
504118,-22.381218,36,synthetic,1,15
504157,-24.718938,39,synthetic,1,18
504194,-27.728299,37,synthetic,1,16
504217,-1.945842,23,real,-1,2
504251,-0.175958,34,real,-1,13
504291,-33.627801,40,synthetic,2,19
504312,-19.425209,21,synthetic,1,0
504333,-25.121285,21,synthetic,1,0
504365,-21.087338,32,synthetic,0,11
504399,-15.943094,34,synthetic,0,13
504429,1.102132,30,real,-1,9
504460,-8.011683,31,synthetic,0,10
504491,-13.206686,31,synthetic,0,10
504529,-25.692946,38,synthetic,0,17
504553,-24.531526,24,synthetic,1,3
504579,-31.934513,26,synthetic,2,5
504610,-47.110915,31,synthetic,2,10
504643,-15.576682,33,synthetic,0,12
504678,-14.656084,35,synthetic,0,14
504700,-34.035164,22,synthetic,2,1
504725,-3.988334,25,real,-1,4
504762,-45.123112,37,synthetic,2,16
504796,-6.011544,34,synthetic,0,13
504833,5.418352,37,real,-1,16
504867,1.086523,34,real,-1,13
504903,-7.038156,36,real,-1,15
504933,-29.541118,30,synthetic,1,9
504957,-15.649755,24,synthetic,1,3
504984,-23.676037,27,synthetic,2,6
505022,-7.687293,38,real,-1,17
505050,-19.572559,28,synthetic,0,7
505083,-34.591896,33,synthetic,2,12
505108,-20.102992,25,synthetic,1,4
505138,-11.090147,30,synthetic,1,9
505179,-18.545713,41,synthetic,0,20
505219,-21.054575,40,synthetic,1,19
505250,-13.251016,31,synthetic,1,10
505274,-28.006059,24,synthetic,2,3
505311,-31.896292,37,synthetic,2,16
505345,-38.358309,34,synthetic,2,13
505366,-3.858173,21,real,-1,0
505401,1.816984,35,real,-1,14
505442,-32.594983,41,synthetic,2,20
505475,-8.274936,33,synthetic,0,12
505510,2.284807,35,real,-1,14
505544,-13.591916,34,synthetic,0,13
505586,-7.7801,42,synthetic,0,21
505609,-3.112953,23,real,-1,2
505642,-0.310895,33,real,-1,12
505670,-8.527802,28,synthetic,0,7
505701,-26.53803,31,synthetic,1,10
505730,-14.3795,29,synthetic,0,8
505758,-31.971324,28,synthetic,2,7
505798,-8.217171,40,real,-1,19
505835,-24.753483,37,synthetic,1,16
505871,-9.561126,36,synthetic,0,15
505899,-27.9009,28,synthetic,1,7
505922,-1.646355,23,real,-1,2
505947,2.615478,25,real,-1,4
505968,-29.098978,21,synthetic,1,0
505992,-25.819336,24,synthetic,1,3
506027,-5.467461,35,synthetic,0,14
506048,-6.297153,21,real,-1,0
506080,-9.692281,32,real,-1,11
506117,-4.561525,37,synthetic,0,16
506144,-8.280938,27,synthetic,0,6
506180,-19.819234,36,synthetic,0,15
506222,-5.16556,42,real,-1,21
506255,2.010275,33,real,-1,12
506292,-48.801555,37,synthetic,2,16
506326,2.036191,34,real,-1,13
506366,2.21828,40,real,-1,19
506402,-12.346494,36,synthetic,0,15
506441,-0.852727,39,real,-1,18
506479,-2.700669,38,real,-1,17
506505,-18.157917,26,synthetic,1,5
506536,-26.967825,31,synthetic,1,10
506575,-11.865483,39,synthetic,0,18
506596,-19.898084,21,synthetic,0,0
506628,-32.441585,32,synthetic,2,11
506669,-21.034795,41,synthetic,0,20
506704,-20.301946,35,synthetic,1,14
506736,-26.770462,32,synthetic,2,11
506769,-16.651108,33,synthetic,0,12
506797,-32.555885,28,synthetic,2,7
506834,-33.976566,37,synthetic,2,16
506873,-36.700048,39,synthetic,2,18
506901,-24.130869,28,synthetic,1,7
506931,3.989638,30,real,-1,9
506960,-13.769397,29,synthetic,0,8
506995,-38.000049,35,synthetic,2,14
507037,-4.558017,42,real,-1,21
507072,-47.967663,35,synthetic,2,14
507093,-33.052829,21,synthetic,2,0
507119,3.611323,26,real,-1,5
507150,-32.939641,31,synthetic,1,10
507189,-5.32447,39,synthetic,0,18
507216,-35.044269,27,synthetic,2,6
507248,-18.033299,32,synthetic,1,11
507274,0.589942,26,real,-1,5
507312,-25.742747,38,synthetic,1,17
507336,-25.520567,24,synthetic,1,3
507376,-17.226696,40,synthetic,1,19
507398,-8.602054,22,real,-1,1
507421,2.949975,23,real,-1,2
507453,-20.963691,32,synthetic,1,11
507489,-3.1105,36,real,-1,15
507511,-6.40276,22,real,-1,1
507551,-1.67237,40,real,-1,19
507587,-20.922036,36,synthetic,1,15
507617,-8.97144,30,real,-1,9
507641,-10.90275,24,synthetic,0,3
507668,-19.743229,27,synthetic,2,6
507703,-27.60493,35,synthetic,1,14
507732,-40.991822,29,synthetic,2,8
507772,-14.973721,40,synthetic,0,19
507807,-40.395108,35,synthetic,1,14
507849,-28.676119,42,synthetic,2,21
507889,-29.663025,40,synthetic,2,19
507925,-34.741083,36,synthetic,1,15
507965,-38.84247,40,synthetic,2,19
507995,-13.92453,30,synthetic,1,9
508022,-2.994149,27,real,-1,6
508063,-33.431432,41,synthetic,2,20
508100,-28.969748,37,synthetic,1,16
508130,-1.307157,30,real,-1,9
508158,-21.503603,28,synthetic,1,7
508187,-2.997352,29,real,-1,8
508226,-3.091536,39,real,-1,18
508266,-27.935905,40,synthetic,2,19
508290,-23.981713,24,synthetic,1,3
508315,-14.920092,25,synthetic,0,4
508352,-3.666925,37,real,-1,16
508394,-34.093512,42,synthetic,2,21
508432,-5.842355,38,real,-1,17
508454,-17.47659,22,synthetic,1,1
508492,-3.751366,38,real,-1,17
508516,-37.834362,24,synthetic,2,3
508546,-27.343447,30,synthetic,2,9
508582,-25.114469,36,synthetic,1,15
508605,-13.437492,23,synthetic,0,2
508637,-16.49697,32,synthetic,1,11
508677,-4.525224,40,real,-1,19
508698,-18.886365,21,synthetic,1,0
508737,-37.057164,39,synthetic,2,18
508772,-25.49886,35,synthetic,2,14
508812,-35.914583,40,synthetic,1,19
508850,-20.894743,38,synthetic,1,17
508888,-24.542716,38,synthetic,1,17
508915,-21.558338,27,synthetic,1,6
508942,-20.755831,27,synthetic,0,6
508979,-16.761858,37,synthetic,1,16
509006,-37.699911,27,synthetic,2,6
509042,-12.848819,36,synthetic,0,15
509067,0.398263,25,real,-1,4
509089,-13.097478,22,synthetic,1,1
509131,-37.198345,42,synthetic,2,21
509162,-21.201607,31,synthetic,1,10
509189,-9.971719,27,real,-1,6
509215,-5.222817,26,synthetic,0,5
509243,-34.286805,28,synthetic,2,7
509266,-0.640826,23,real,-1,2
509305,-36.669996,39,synthetic,1,18
509336,2.331488,31,real,-1,10
509357,-31.655409,21,synthetic,2,0
509384,-30.357333,27,synthetic,2,6
509425,-24.776432,41,synthetic,2,20
509453,-1.839645,28,real,-1,7
509480,1.341204,27,real,-1,6
509517,-32.543787,37,synthetic,1,16
509553,-14.944502,36,synthetic,0,15
509575,-23.140028,22,synthetic,2,1
509609,-8.214686,34,real,-1,13
509630,-16.599465,21,synthetic,1,0
509651,-10.272583,21,synthetic,0,0
509677,-11.602603,26,synthetic,0,5
509705,-16.228161,28,synthetic,0,7
509737,-21.724634,32,synthetic,1,11
509779,-38.288362,42,synthetic,2,21
509816,-7.287826,37,real,-1,16
509837,-38.448345,21,synthetic,2,0
509875,-10.568922,38,synthetic,0,17
509912,-21.509435,37,synthetic,1,16
509938,-19.435815,26,synthetic,1,5
509975,-1.393929,37,real,-1,16
510000,-39.862641,25,synthetic,2,4
510034,-40.12079,34,synthetic,2,13
510060,-28.461101,26,synthetic,2,5
510094,-18.939443,34,synthetic,2,13
510131,-21.108165,37,synthetic,1,16
510168,-4.45147,37,real,-1,16
510197,-10.33219,29,synthetic,0,8
510238,-3.114148,41,real,-1,20
510278,-5.166101,40,real,-1,19
510312,4.439469,34,real,-1,13
510347,-14.182108,35,synthetic,1,14
510368,-18.953594,21,synthetic,1,0
510402,-30.51987,34,synthetic,2,13
510443,-12.389844,41,real,-1,20
510473,-23.119151,30,synthetic,2,9
510511,-31.987725,38,synthetic,2,17
510544,-25.592708,33,synthetic,1,12
510578,-20.291226,34,synthetic,0,13
510599,-31.080981,21,synthetic,1,0
510622,-27.403226,23,synthetic,2,2
510663,6.264212,41,real,-1,20
510686,-19.887388,23,synthetic,1,2
510723,-6.953199,37,synthetic,0,16
510750,-37.310307,27,synthetic,2,6
510782,-2.810562,32,real,-1,11
510811,-34.36704,29,synthetic,2,8
510852,-16.671236,41,synthetic,1,20
510884,-21.054628,32,synthetic,1,11
510913,-26.422307,29,synthetic,2,8
510939,-5.334275,26,synthetic,0,5
510971,-37.076823,32,synthetic,2,11
511000,-24.590463,29,synthetic,2,8
511038,-1.660499,38,real,-1,17
511070,-29.381308,32,synthetic,1,11
511093,4.489007,23,real,-1,2
511126,-14.725228,33,real,-1,12
511165,1.338394,39,real,-1,18
511205,-42.31905,40,synthetic,2,19
511230,-34.123237,25,synthetic,2,4
511268,-11.784955,38,synthetic,0,17
511289,-26.229568,21,synthetic,2,0
511314,-5.624724,25,synthetic,0,4
511341,-18.546377,27,synthetic,1,6
511365,-17.646649,24,synthetic,0,3
511406,2.723528,41,real,-1,20
511439,-6.982937,33,real,-1,12
511461,-18.893539,22,synthetic,1,1
511499,-19.982265,38,synthetic,1,17
511538,-28.987873,39,synthetic,2,18
511578,-24.942665,40,synthetic,1,19
511617,-46.410377,39,synthetic,2,18
511638,-29.131068,21,synthetic,2,0
511667,-41.980782,29,synthetic,2,8
511690,2.120116,23,real,-1,2
511730,-8.033621,40,real,-1,19
511757,-14.365071,27,synthetic,0,6
511781,-31.509832,24,synthetic,1,3
511802,-27.154852,21,synthetic,1,0
511828,-22.531157,26,synthetic,2,5
511869,-32.4568,41,synthetic,1,20
511898,-37.449928,29,synthetic,2,8
511923,-10.608862,25,synthetic,0,4
511956,-25.935517,33,synthetic,2,12
511981,-8.761391,25,synthetic,0,4
512014,-0.528433,33,real,-1,12
512047,-36.239589,33,synthetic,2,12
512089,-25.156142,42,synthetic,2,21
512117,-31.889161,28,synthetic,1,7
512152,-4.60221,35,real,-1,14
512178,-1.788841,26,real,-1,5
512207,-9.101163,29,synthetic,0,8
512238,-5.000643,31,real,-1,10
512267,2.475154,29,real,-1,8
512292,-2.810986,25,real,-1,4
512334,-24.9587,42,synthetic,1,21
512358,-22.455931,24,synthetic,2,3
512394,-20.669078,36,synthetic,2,15
512431,2.172557,37,real,-1,16
512458,-5.711253,27,real,-1,6
512486,-3.747553,28,real,-1,7
512507,-35.993434,21,synthetic,2,0
512529,-40.262684,22,synthetic,2,1
512560,-11.531592,31,synthetic,0,10
512595,-35.846508,35,synthetic,2,14
512622,-10.693522,27,real,-1,6
512647,-11.628573,25,synthetic,0,4
512669,-0.29225,22,real,-1,1
512707,-13.925803,38,synthetic,0,17
512749,-8.176611,42,real,-1,21
512777,-11.453515,28,synthetic,0,7
512806,-13.618019,29,synthetic,0,8
512837,-34.052364,31,synthetic,2,10
512868,-23.575906,31,synthetic,1,10
512896,-25.713363,28,synthetic,1,7
512932,-22.254924,36,synthetic,1,15
512962,-12.203095,30,synthetic,0,9
512984,-9.110226,22,synthetic,0,1
513025,-10.328277,41,synthetic,0,20
513051,-40.407345,26,synthetic,2,5
513093,-19.843197,42,synthetic,1,21
513120,-27.735968,27,synthetic,2,6
513157,-10.370985,37,synthetic,0,16
513192,-9.037951,35,synthetic,0,14
513227,-27.978995,35,synthetic,1,14
513263,-16.450619,36,synthetic,0,15
513294,-17.513614,31,synthetic,0,10
513326,-3.960009,32,real,-1,11
513361,-27.171561,35,synthetic,1,14
513400,-10.691463,39,synthetic,0,18
513433,-45.373913,33,synthetic,2,12
513463,-2.69521,30,real,-1,9
513491,-32.687462,28,synthetic,1,7
513512,-25.999658,21,synthetic,1,0
513538,-31.178204,26,synthetic,2,5
513565,-34.49171,27,synthetic,2,6
513603,-4.937456,38,synthetic,0,17
513641,-17.854643,38,synthetic,0,17
513676,-31.81342,35,synthetic,1,14
513715,-5.230098,39,real,-1,18
513741,-30.951363,26,synthetic,2,5
513783,-5.990118,42,real,-1,21
513823,7.720527,40,real,-1,19
513849,-25.192925,26,synthetic,2,5
513881,-10.131558,32,synthetic,0,11
513903,-21.253428,22,synthetic,0,1
513940,-20.208891,37,synthetic,0,16
513966,-4.383638,26,real,-1,5
514001,-3.050688,35,real,-1,14
514039,1.834891,38,real,-1,17
514079,-24.692436,40,synthetic,1,19
514100,-2.995099,21,real,-1,0
514132,-20.235191,32,synthetic,2,11
514174,-51.018607,42,synthetic,2,21
514215,-33.430749,41,synthetic,2,20
514243,-6.167754,28,real,-1,7
514284,-5.858463,41,real,-1,20
514319,-17.126739,35,synthetic,0,14
514342,-18.618143,23,synthetic,0,2
514368,-1.447877,26,real,-1,5
514408,-30.630619,40,synthetic,2,19
514434,-16.652671,26,synthetic,1,5
514461,-15.432487,27,synthetic,0,6
514483,-12.186348,22,synthetic,0,1
514521,1.974373,38,real,-1,17
514543,-3.360222,22,real,-1,1
514579,-1.851868,36,synthetic,0,15
514610,-3.483832,31,real,-1,10
514646,1.998959,36,real,-1,15
514669,-3.671721,23,real,-1,2
514692,-29.243106,23,synthetic,2,2
514723,-0.907081,31,real,-1,10
514754,-2.839551,31,real,-1,10
514795,-3.457238,41,real,-1,20
514825,-8.18261,30,synthetic,0,9
514846,-23.957178,21,synthetic,2,0
514881,-33.284356,35,synthetic,2,14
514911,-27.755511,30,synthetic,2,9
514946,1.350401,35,real,-1,14
514985,-39.293406,39,synthetic,2,18
515008,-34.199464,23,synthetic,2,2
515030,-12.803199,22,synthetic,1,1
515063,-26.433668,33,synthetic,1,12
515096,0.888851,33,real,-1,12
515126,-22.203174,30,synthetic,1,9
515159,-7.227123,33,real,-1,12
515200,-5.532728,41,synthetic,0,20
515233,-41.7964,33,synthetic,2,12
515261,-24.307616,28,synthetic,2,7
515282,-27.912423,21,synthetic,1,0
515316,-33.432002,34,synthetic,2,13
515337,-2.026591,21,real,-1,0
515359,-35.530531,22,synthetic,2,1
515400,-34.245747,41,synthetic,2,20
515436,-29.154527,36,synthetic,1,15
515462,-22.636989,26,synthetic,1,5
515496,-22.372551,34,synthetic,2,13
515538,-15.174841,42,synthetic,0,21
515561,-20.69233,23,synthetic,1,2
515592,-21.993206,31,synthetic,1,10
515634,-1.690226,42,real,-1,21
515674,-27.61918,40,synthetic,1,19
515701,-15.603367,27,synthetic,1,6
515743,-39.441716,42,synthetic,2,21
515784,-23.988225,41,synthetic,2,20
515826,-1.836685,42,real,-1,21
515851,-27.470841,25,synthetic,1,4
515892,0.637008,41,real,-1,20
515914,-2.095626,22,real,-1,1
515951,-38.822743,37,synthetic,2,16
515977,-5.287101,26,real,-1,5
516007,-10.450673,30,real,-1,9
516043,-9.37776,36,synthetic,0,15
516069,-16.746697,26,synthetic,1,5
516090,-3.365142,21,real,-1,0
516114,-20.174092,24,synthetic,0,3
516156,-23.061928,42,synthetic,1,21
516197,-10.026808,41,synthetic,0,20
516231,-13.55233,34,synthetic,1,13
516253,4.315957,22,real,-1,1
516285,-33.683186,32,synthetic,2,11
516318,-35.331389,33,synthetic,2,12
516341,-12.460365,23,synthetic,0,2
516362,-24.889942,21,synthetic,2,0
516396,-1.314948,34,real,-1,13
516423,-0.706479,27,real,-1,6
516449,-22.623789,26,synthetic,2,5
516484,-1.782517,35,real,-1,14
516525,-37.594305,41,synthetic,1,20
516567,-4.771658,42,real,-1,21
516601,-2.501565,34,real,-1,13
516632,-26.152624,31,synthetic,2,10
516663,-29.25894,31,synthetic,2,10
516685,-32.884751,22,synthetic,2,1
516727,2.233824,42,real,-1,21
516765,-7.63443,38,real,-1,17
516800,-20.889668,35,synthetic,1,14
516832,1.154108,32,real,-1,11
516855,-36.199129,23,synthetic,2,2
516880,-10.796345,25,synthetic,0,4
516901,-40.299341,21,synthetic,2,0
516942,-15.999005,41,synthetic,0,20
516965,-12.50393,23,real,-1,2
516994,-17.331588,29,synthetic,0,8
517032,3.559073,38,real,-1,17
517065,-25.775078,33,synthetic,2,12
517099,4.879296,34,real,-1,13
517134,-3.158567,35,real,-1,14
517157,-28.750801,23,synthetic,2,2
517191,-3.550985,34,real,-1,13
517224,0.325321,33,real,-1,12
517246,-24.731566,22,synthetic,1,1
517278,-41.595983,32,synthetic,2,11
517309,-30.482748,31,synthetic,2,10
517341,-32.197155,32,synthetic,2,11
517383,-23.694223,42,synthetic,1,21
517417,-19.472404,34,synthetic,1,13
517448,-4.157707,31,real,-1,10
517488,-9.541146,40,synthetic,0,19
517512,-10.478765,24,synthetic,0,3
517548,-9.257454,36,synthetic,0,15
517580,-36.09307,32,synthetic,2,11
517602,-23.699251,22,synthetic,1,1
517637,0.507278,35,real,-1,14
517669,-18.550343,32,synthetic,1,11
517703,-12.372068,34,synthetic,1,13
517724,0.005144,21,real,-1,0
517748,-30.261221,24,synthetic,2,3
517790,-31.884484,42,synthetic,1,21
517817,-13.130773,27,synthetic,0,6
517848,-45.236957,31,synthetic,2,10
517870,-5.69242,22,real,-1,1
517905,-20.542285,35,synthetic,0,14
517945,-24.098651,40,synthetic,2,19
517966,-4.471096,21,real,-1,0
517992,-12.803278,26,synthetic,1,5
518021,-1.842022,29,real,-1,8
518063,-25.090045,42,synthetic,1,21
518095,-10.361275,32,synthetic,0,11
518131,-24.54227,36,synthetic,1,15
518172,-23.344269,41,synthetic,1,20
518197,-16.419154,25,synthetic,0,4
518227,-8.350628,30,real,-1,9
518259,-29.638702,32,synthetic,1,11
518287,2.030258,28,real,-1,7
518312,-29.634847,25,synthetic,1,4
518351,-22.630686,39,synthetic,1,18
518381,-3.855184,30,real,-1,9
518415,-9.347058,34,real,-1,13
518441,-5.771495,26,synthetic,0,5
518465,-13.102422,24,synthetic,0,3
518494,-3.20759,29,real,-1,8
518531,-15.542754,37,synthetic,0,16
518570,-21.653635,39,synthetic,1,18
518612,-11.340999,42,synthetic,0,21
518641,2.357268,29,real,-1,8
518679,-20.241491,38,synthetic,1,17
518702,-14.678432,23,real,-1,2
518738,-23.72894,36,synthetic,2,15
518777,-28.868447,39,synthetic,2,18
518806,-0.992139,29,real,-1,8
518837,-16.410803,31,synthetic,1,10
518874,-9.772216,37,synthetic,0,16
518901,-2.940056,27,real,-1,6
518943,-21.053332,42,synthetic,1,21
518967,0.019198,24,real,-1,3
519007,-39.844545,40,synthetic,2,19
519049,-15.020465,42,synthetic,0,21
519081,-17.198909,32,synthetic,0,11
519120,0.906647,39,real,-1,18
519150,-8.913684,30,synthetic,0,9
519176,-0.74878,26,real,-1,5
519213,-7.762728,37,synthetic,0,16
519242,-15.044398,29,synthetic,0,8
519270,-26.572951,28,synthetic,1,7
519303,-37.259546,33,synthetic,2,12
519335,-20.973223,32,synthetic,1,11
519372,-2.837353,37,real,-1,16
519409,1.914773,37,real,-1,16
519440,-11.37405,31,synthetic,0,10
519479,-20.30968,39,synthetic,2,18
519501,-21.65891,22,synthetic,1,1
519528,-27.354638,27,synthetic,1,6
519552,-24.68521,24,synthetic,1,3
519574,-15.461281,22,synthetic,0,1
519600,-0.382608,26,real,-1,5
519635,-4.273853,35,real,-1,14
519658,2.376382,23,real,-1,2
519686,-11.651825,28,synthetic,0,7
519723,2.612834,37,real,-1,16
519747,-16.120734,24,synthetic,0,3
519781,-22.510466,34,synthetic,1,13
519821,1.798075,40,real,-1,19
519861,0.609745,40,real,-1,19
519892,-14.218775,31,synthetic,0,10
519919,-15.193687,27,real,-1,6
519958,-11.624159,39,real,-1,18
519986,-38.52093,28,synthetic,2,7
520024,-15.122391,38,synthetic,0,17
520057,-33.793392,33,synthetic,2,12
520089,-30.542602,32,synthetic,2,11
520120,-17.588057,31,synthetic,0,10
520158,-26.075222,38,synthetic,2,17
520193,-34.988407,35,synthetic,2,14
520216,1.90376,23,real,-1,2
520237,-5.517254,21,real,-1,0
520266,-23.165712,29,synthetic,1,8
520299,-0.367634,33,real,-1,12
520328,0.191776,29,real,-1,8
520363,-43.137692,35,synthetic,2,14
520394,-24.409778,31,synthetic,1,10
520423,-15.21094,29,synthetic,1,8
520459,-23.538526,36,synthetic,1,15
520500,-3.154484,41,real,-1,20
520537,-34.281946,37,synthetic,1,16
520574,1.737148,37,real,-1,16
520604,-19.745062,30,synthetic,1,9
520631,1.483917,27,real,-1,6
520673,-27.634525,42,synthetic,2,21
520705,-35.722551,32,synthetic,2,11
520738,-14.520053,33,synthetic,0,12
520763,-0.236364,25,real,-1,4
520791,-16.375644,28,synthetic,0,7
520812,-12.1541,21,synthetic,0,0
520837,-14.917432,25,synthetic,1,4
520868,-4.989392,31,synthetic,0,10
520901,-8.013584,33,real,-1,12
520929,-17.663337,28,synthetic,0,7
520959,-1.677262,30,real,-1,9
520991,-2.171638,32,real,-1,11
521019,-27.219772,28,synthetic,2,7
521042,-8.33974,23,synthetic,0,2
521066,-1.966584,24,real,-1,3
521101,-38.058134,35,synthetic,2,14
521124,-24.293931,23,synthetic,1,2
521152,1.419213,28,real,-1,7
521189,-27.826951,37,synthetic,2,16
521211,-3.864131,22,real,-1,1
521253,0.519783,42,real,-1,21
521292,-16.075411,39,synthetic,0,18
521321,-14.079248,29,synthetic,0,8
521346,0.666642,25,real,-1,4
521377,-18.910277,31,synthetic,1,10
521405,-24.84131,28,synthetic,1,7
521428,-1.825314,23,real,-1,2
521449,-44.546885,21,synthetic,2,0
521474,-21.630692,25,synthetic,1,4
521495,-22.47029,21,synthetic,1,0
521535,-9.372203,40,synthetic,0,19
521572,-26.073159,37,synthetic,2,16
521603,-47.002475,31,synthetic,2,10
521644,-32.667975,41,synthetic,2,20
521672,-4.345621,28,real,-1,7
521699,-25.17787,27,synthetic,1,6
521726,-7.746319,27,synthetic,0,6
521768,-2.414757,42,real,-1,21
521804,-1.630346,36,real,-1,15
521843,-23.99515,39,synthetic,1,18
521865,-7.724477,22,synthetic,0,1
521904,-2.738079,39,real,-1,18
521941,-4.067672,37,real,-1,16
521980,-36.181628,39,synthetic,2,18
522010,-13.42189,30,synthetic,1,9
522045,-32.921759,35,synthetic,2,14
522085,-12.421046,40,synthetic,0,19
522111,-15.876064,26,synthetic,1,5
522140,-31.195074,29,synthetic,2,8
522182,-6.63723,42,real,-1,21
522203,-17.350868,21,synthetic,0,0
522224,-6.881789,21,real,-1,0
522251,-13.264073,27,synthetic,0,6
522279,-24.416259,28,synthetic,1,7
522306,-9.69349,27,synthetic,1,6
522340,-32.079744,34,synthetic,2,13
522371,-34.364631,31,synthetic,2,10
522397,-10.356533,26,synthetic,0,5
522436,-4.278314,39,real,-1,18
522475,-33.475889,39,synthetic,2,18
522511,-21.265993,36,synthetic,1,15
522539,-7.094528,28,real,-1,7
522560,-0.901055,21,real,-1,0
522597,-24.001464,37,synthetic,1,16
522627,2.274155,30,real,-1,9
522665,-24.499884,38,synthetic,0,17
522689,-41.498927,24,synthetic,2,3
522730,-13.894309,41,synthetic,0,20
522767,0.5767,37,real,-1,16
522796,-8.674246,29,real,-1,8
522838,-11.523753,42,real,-1,21
522862,-9.907334,24,synthetic,0,3
522889,-12.374322,27,synthetic,0,6
522919,-23.464274,30,synthetic,1,9
522944,-15.66254,25,synthetic,1,4
522967,0.3567,23,real,-1,2
523009,-37.658482,42,synthetic,2,21
523035,6.670978,26,real,-1,5
523069,-10.541461,34,synthetic,0,13
523108,-44.152754,39,synthetic,2,18
523145,-39.58082,37,synthetic,2,16
523173,-19.005673,28,synthetic,0,7
523212,-14.812839,39,synthetic,0,18
523250,-7.816191,38,real,-1,17
523277,-6.062711,27,real,-1,6
523305,-36.479131,28,synthetic,2,7
523331,-1.637998,26,real,-1,5
523365,-14.498747,34,synthetic,0,13
523407,-17.167771,42,synthetic,1,21
523434,-6.140411,27,synthetic,0,6
523455,-36.175073,21,synthetic,2,0
523479,-19.64653,24,synthetic,1,3
523508,-42.783458,29,synthetic,2,8
523536,-9.819746,28,synthetic,0,7
523573,-3.775573,37,real,-1,16
523613,-40.736963,40,synthetic,2,19
523639,-29.292292,26,synthetic,2,5
523673,-8.092082,34,synthetic,0,13
523694,-18.332268,21,synthetic,1,0
523723,-8.485362,29,real,-1,8
523759,-17.987315,36,synthetic,1,15
523794,-6.453692,35,real,-1,14
523830,-1.85933,36,real,-1,15
523869,-6.521155,39,real,-1,18
523895,3.942548,26,real,-1,5
523937,-37.042632,42,synthetic,2,21
523967,-7.625602,30,real,-1,9
523990,5.703375,23,real,-1,2
524014,-13.79226,24,synthetic,0,3
524039,-5.511948,25,synthetic,0,4
524075,-17.592518,36,synthetic,1,15
524109,-25.172053,34,synthetic,2,13
524135,-10.415091,26,real,-1,5
524168,-25.923919,33,synthetic,1,12
524196,-25.521534,28,synthetic,2,7
524232,-16.942017,36,synthetic,0,15
524271,-14.011349,39,synthetic,0,18
524298,-5.643129,27,real,-1,6
524337,-28.929065,39,synthetic,2,18
524360,-19.004137,23,synthetic,0,2
524392,-13.69507,32,synthetic,0,11
524424,-15.754731,32,synthetic,0,11
524454,-5.395836,30,synthetic,0,9
524483,-12.64844,29,synthetic,1,8
524513,-18.094143,30,synthetic,1,9
524534,-5.524457,21,real,-1,0
524568,-19.451449,34,synthetic,1,13
524594,-23.060102,26,synthetic,1,5
524619,-23.357519,25,synthetic,1,4
524657,-33.031325,38,synthetic,2,17
524680,-29.087742,23,synthetic,2,2
524707,-22.438486,27,synthetic,1,6
524741,-20.235554,34,synthetic,1,13
524774,-0.310965,33,real,-1,12
524814,-12.326567,40,synthetic,1,19
524837,-26.517193,23,synthetic,1,2
524861,0.564813,24,real,-1,3
524888,-1.757872,27,real,-1,6
524926,-3.445921,38,real,-1,17
524967,-8.563929,41,synthetic,0,20
525004,-3.977526,37,real,-1,16
525038,-8.683664,34,real,-1,13
525070,-20.376494,32,synthetic,0,11
525099,-4.055017,29,real,-1,8
525136,-19.792852,37,synthetic,0,16
525168,-17.828231,32,synthetic,1,11
525201,-39.436138,33,synthetic,2,12
525227,-29.455745,26,synthetic,2,5
525263,-4.483222,36,synthetic,0,15
525293,-24.918069,30,synthetic,0,9
525327,-23.301631,34,synthetic,1,13
525365,-6.911351,38,synthetic,0,17
525399,-10.170566,34,real,-1,13
525434,-28.605939,35,synthetic,2,14
525476,-38.65382,42,synthetic,2,21
525507,-27.44559,31,synthetic,1,10
525542,-5.946185,35,real,-1,14
525579,-29.850458,37,synthetic,2,16
525617,-40.96812,38,synthetic,2,17
525651,-18.451877,34,synthetic,1,13
525686,-16.070909,35,synthetic,0,14
525721,-37.762902,35,synthetic,2,14
525760,1.615663,39,real,-1,18
525793,-13.421986,33,synthetic,0,12
525814,-13.20147,21,synthetic,0,0
525848,-39.214952,34,synthetic,2,13
525880,1.743744,32,real,-1,11
525922,-41.864075,42,synthetic,2,21
525960,-18.06207,38,synthetic,0,17
525988,-20.675973,28,synthetic,1,7
526023,-22.923677,35,synthetic,1,14
526056,-11.488476,33,synthetic,0,12
526078,-19.273725,22,synthetic,2,1
526119,-32.06116,41,synthetic,2,20
526156,-32.08056,37,synthetic,2,16
526188,-11.10978,32,synthetic,0,11
526228,-18.071034,40,synthetic,0,19
526249,-39.157847,21,synthetic,2,0
526278,-20.003232,29,synthetic,2,8
526309,0.819678,31,real,-1,10
526338,-0.191639,29,real,-1,8
526368,-30.220531,30,synthetic,2,9
526399,-9.813399,31,synthetic,0,10
526426,-4.628127,27,real,-1,6
526467,-6.94376,41,synthetic,0,20
526499,-0.145982,32,real,-1,11
526520,-12.511257,21,real,-1,0
526545,-10.067966,25,real,-1,4
526569,-26.049856,24,synthetic,2,3
526591,-12.215303,22,real,-1,1
526621,-6.065603,30,synthetic,0,9
526656,0.080211,35,real,-1,14
526698,-38.83296,42,synthetic,2,21
526732,-15.046062,34,synthetic,0,13
526759,-29.589051,27,synthetic,2,6
526796,-25.130889,37,synthetic,1,16
526817,-28.036472,21,synthetic,1,0
526850,-43.840075,33,synthetic,2,12
526884,-14.806297,34,synthetic,0,13
526905,-10.331426,21,synthetic,0,0
526941,-36.92014,36,synthetic,2,15
526973,1.158831,32,real,-1,11
527010,-7.241449,37,real,-1,16
527033,-20.7564,23,synthetic,1,2
527058,-26.454224,25,synthetic,2,4
527087,0.083935,29,real,-1,8
527127,-2.921572,40,real,-1,19
527160,-4.989433,33,real,-1,12
527190,-30.845781,30,synthetic,2,9
527215,-9.350437,25,synthetic,0,4
527241,-32.12511,26,synthetic,2,5
527262,-27.283772,21,synthetic,2,0
527292,-23.918044,30,synthetic,2,9
527325,-42.099045,33,synthetic,2,12
527365,-33.359756,40,synthetic,2,19
527402,-27.425078,37,synthetic,1,16
527441,-29.961224,39,synthetic,2,18
527474,-19.664311,33,synthetic,2,12
527497,-11.964268,23,synthetic,0,2
527535,-27.555317,38,synthetic,2,17
527572,-19.968331,37,synthetic,2,16
527602,-3.87477,30,real,-1,9
527639,-5.647682,37,synthetic,0,16
527661,-43.216078,22,synthetic,2,1
527695,-11.124775,34,synthetic,0,13
527733,-7.995932,38,real,-1,17
527775,-14.525033,42,synthetic,0,21
527813,-28.287715,38,synthetic,1,17
527834,-7.508613,21,real,-1,0
527869,-33.313569,35,synthetic,2,14
527899,-14.659288,30,synthetic,1,9
527931,3.561641,32,real,-1,11
527967,-13.070199,36,synthetic,0,15
528006,-16.964952,39,synthetic,1,18
528028,-20.438223,22,synthetic,1,1
528066,-16.369065,38,synthetic,1,17
528088,-12.262307,22,synthetic,1,1
528111,-36.521274,23,synthetic,2,2
528142,-14.32672,31,synthetic,1,10
528179,-16.396816,37,synthetic,0,16
528211,-3.505425,32,real,-1,11
528243,-11.97855,32,synthetic,0,11
528278,-29.423385,35,synthetic,2,14
528311,-38.803143,33,synthetic,2,12
528334,-13.71983,23,synthetic,0,2
528376,-33.585508,42,synthetic,1,21
528398,-14.458241,22,synthetic,1,1
528423,-7.418695,25,synthetic,0,4
528452,0.925264,29,real,-1,8
528489,-5.221767,37,real,-1,16
528511,-27.083399,22,synthetic,1,1
528545,-12.056466,34,real,-1,13
528568,-6.492316,23,real,-1,2
528598,-11.536344,30,synthetic,0,9
528634,-16.093505,36,synthetic,0,15
528661,-48.807411,27,synthetic,2,6
528694,-9.546638,33,real,-1,12
528731,-8.09057,37,real,-1,16
528765,-40.208495,34,synthetic,2,13
528786,-23.818285,21,synthetic,1,0
528816,-20.972856,30,synthetic,1,9
528851,3.809975,35,real,-1,14
528872,-10.264688,21,real,-1,0
528914,-39.978818,42,synthetic,2,21
528955,-1.155637,41,real,-1,20
528982,-7.240697,27,synthetic,0,6
529010,-15.004735,28,synthetic,0,7
529045,-19.938886,35,synthetic,1,14
529071,-35.36388,26,synthetic,2,5
529106,-34.501238,35,synthetic,2,14
529143,-30.510739,37,synthetic,1,16
529165,4.838919,22,real,-1,1
529200,-0.657034,35,real,-1,14
529238,-4.949956,38,real,-1,17
529270,-35.261532,32,synthetic,2,11
529312,-24.975803,42,synthetic,1,21
529342,-39.628385,30,synthetic,2,9
529380,-19.352883,38,synthetic,1,17
529404,-19.800957,24,synthetic,1,3
529433,-8.107305,29,synthetic,0,8
529463,-8.68,30,real,-1,9
529503,-4.037529,40,synthetic,0,19
529526,-26.757539,23,synthetic,1,2
529562,-15.396636,36,synthetic,1,15
529584,-10.747074,22,synthetic,1,1
529620,-2.901063,36,real,-1,15
529652,-19.912211,32,synthetic,1,11
529694,-32.176126,42,synthetic,2,21
529717,-16.207397,23,synthetic,0,2
529741,-21.790069,24,synthetic,1,3
529771,3.112113,30,real,-1,9
529794,-31.875722,23,synthetic,2,2
529834,-2.641399,40,real,-1,19
529872,-0.538011,38,real,-1,17
529901,-16.47395,29,synthetic,0,8
529929,-21.209522,28,synthetic,1,7
529963,-24.946246,34,synthetic,2,13
529984,-34.385966,21,synthetic,2,0
530013,2.647459,29,real,-1,8
530041,-4.831843,28,real,-1,7
530065,-30.897267,24,synthetic,2,3
530097,2.252529,32,real,-1,11
530137,-11.585796,40,synthetic,0,19
530176,-6.247152,39,real,-1,18
530201,-33.298537,25,synthetic,2,4
530233,-4.711891,32,real,-1,11
530267,-1.379447,34,real,-1,13
530295,-31.905119,28,synthetic,2,7
530333,-22.722283,38,synthetic,2,17
530357,-21.83746,24,synthetic,2,3
530392,-7.505202,35,real,-1,14
530425,-44.725159,33,synthetic,2,12
530458,-0.589574,33,real,-1,12
530490,2.431432,32,real,-1,11
530528,-26.495811,38,synthetic,2,17
530558,-27.995741,30,synthetic,1,9
530589,-23.255312,31,synthetic,1,10
530615,-25.145654,26,synthetic,1,5
530641,-3.544558,26,real,-1,5
530672,-11.489934,31,synthetic,0,10
530695,-31.220599,23,synthetic,2,2
530730,-4.893521,35,real,-1,14
530753,-35.565482,23,synthetic,2,2
530775,0.382258,22,real,-1,1
530810,0.806658,35,real,-1,14
530844,-25.586268,34,synthetic,1,13
530882,-35.23255,38,synthetic,2,17
530910,-4.034812,28,real,-1,7
530944,1.168393,34,real,-1,13
530971,-16.020514,27,synthetic,1,6
531012,-35.952102,41,synthetic,1,20
531051,-25.914052,39,synthetic,1,18
531078,-0.016098,27,real,-1,6
531105,-25.254732,27,synthetic,2,6
531146,-22.232217,41,synthetic,2,20
531176,-8.276895,30,synthetic,0,9
531209,-35.417495,33,synthetic,2,12
531234,-25.77334,25,synthetic,1,4
531276,-16.626449,42,synthetic,0,21
531318,-4.622115,42,real,-1,21
531354,-37.711589,36,synthetic,2,15
531384,-9.464353,30,synthetic,0,9
531417,-29.038049,33,synthetic,2,12
531453,-30.907104,36,synthetic,2,15
531492,-29.276773,39,synthetic,2,18
531527,-36.171906,35,synthetic,2,14
531550,-3.007868,23,real,-1,2
531574,-5.869535,24,synthetic,0,3
531615,0.23653,41,real,-1,20
531641,-33.743168,26,synthetic,2,5
531664,-15.214828,23,synthetic,0,2
531699,-22.986108,35,synthetic,1,14
531723,3.90673,24,real,-1,3
531761,-14.329937,38,synthetic,0,17
531793,-9.119403,32,synthetic,1,11
531829,-22.868327,36,synthetic,1,15
531862,-5.907631,33,real,-1,12
531888,-6.307144,26,synthetic,0,5
531922,-29.2007,34,synthetic,2,13
531947,-11.538552,25,synthetic,0,4
531975,0.394419,28,real,-1,7
532002,-25.043021,27,synthetic,1,6
532033,-23.541766,31,synthetic,1,10
532071,-12.781608,38,real,-1,17
532100,-29.111223,29,synthetic,2,8
532125,-14.445986,25,synthetic,0,4
532162,-11.858789,37,real,-1,16
532197,-7.281259,35,real,-1,14
532233,-2.536331,36,real,-1,15
532270,-14.071577,37,synthetic,0,16
532297,-10.69466,27,synthetic,0,6
532320,-13.768878,23,synthetic,1,2
532359,-22.838913,39,synthetic,0,18
532393,-0.579791,34,real,-1,13
532429,-3.650474,36,real,-1,15
532461,-23.350623,32,synthetic,1,11
