timesteps,reward,length,source,scenario,k
39,-8.226043,39,real,-1,18
69,-32.30006,30,synthetic,2,9
97,4.579171,28,real,-1,7
139,-15.834768,42,synthetic,0,21
172,-10.35362,33,real,-1,12
199,-25.371568,27,synthetic,1,6
236,-4.612074,37,real,-1,16
277,-4.360799,41,real,-1,20
318,-5.596355,41,real,-1,20
347,-26.728105,29,synthetic,1,8
375,-0.936407,28,real,-1,7
411,2.244444,36,real,-1,15
453,-6.100813,42,real,-1,21
478,-2.052166,25,real,-1,4
514,-27.142433,36,synthetic,0,15
556,-6.396741,42,real,-1,21
588,-4.717874,32,real,-1,11
622,-7.000159,34,real,-1,13
656,-3.24305,34,real,-1,13
687,-0.773075,31,real,-1,10
718,0.336915,31,real,-1,10
740,-3.632402,22,real,-1,1
763,-3.924892,23,real,-1,2
800,-5.537686,37,real,-1,16
826,-15.253766,26,synthetic,0,5
858,-10.304941,32,real,-1,11
884,-2.472609,26,real,-1,5
914,-0.120806,30,real,-1,9
952,0.788827,38,real,-1,17
990,-25.229983,38,synthetic,1,17
1032,-14.039052,42,synthetic,0,21
1070,-22.968052,38,synthetic,1,17
1093,-5.791502,23,real,-1,2
1122,-4.027637,29,real,-1,8
1154,-7.171447,32,real,-1,11
1188,-5.40434,34,real,-1,13
1227,-13.004297,39,real,-1,18
1267,-8.383318,40,real,-1,19
1300,-4.248435,33,real,-1,12
1323,1.560957,23,real,-1,2
1346,-1.84397,23,real,-1,2
1377,-4.779407,31,real,-1,10
1399,-11.274421,22,real,-1,1
1430,-11.626664,31,real,-1,10
1462,-16.66228,32,synthetic,0,11
1494,3.330355,32,real,-1,11
1520,-18.627333,26,synthetic,0,5
1557,0.110257,37,real,-1,16
1595,-21.258221,38,synthetic,1,17
1635,-7.077801,40,real,-1,19
1672,-0.415912,37,real,-1,16
1698,-5.988522,26,real,-1,5
1733,-5.548995,35,real,-1,14
1760,3.171087,27,real,-1,6
1802,1.479745,42,real,-1,21
1838,-16.734162,36,synthetic,0,15
1860,0.426785,22,real,-1,1
1902,-1.517136,42,real,-1,21
1928,-30.664182,26,synthetic,2,5
1965,-1.180243,37,real,-1,16
2007,-2.81365,42,real,-1,21
2029,-4.966077,22,real,-1,1
2061,-0.715808,32,real,-1,11
2101,-2.512586,40,real,-1,19
2135,-5.711922,34,real,-1,13
2174,0.276002,39,real,-1,18
2195,-36.365855,21,synthetic,2,0
2224,-3.557631,29,real,-1,8
2247,-31.975939,23,synthetic,2,2
2278,2.707228,31,real,-1,10
2310,-17.478014,32,synthetic,0,11
2331,-4.099939,21,real,-1,0
2362,-2.866071,31,real,-1,10
2387,0.706589,25,real,-1,4
2419,-11.110066,32,real,-1,11
2443,-1.092134,24,real,-1,3
2473,-5.37218,30,real,-1,9
2502,-37.551154,29,synthetic,2,8
2538,-1.256084,36,real,-1,15
2570,1.206704,32,real,-1,11
2597,2.237691,27,real,-1,6
2637,-4.922632,40,real,-1,19
2666,-1.504538,29,real,-1,8
2705,-7.474137,39,real,-1,18
2734,-0.546508,29,real,-1,8
2759,-4.250786,25,real,-1,4
2789,-5.702751,30,real,-1,9
2811,-38.257002,22,synthetic,2,1
2835,-5.692729,24,real,-1,3
2857,-7.379383,22,real,-1,1
2882,-2.202324,25,real,-1,4
2920,-15.27975,38,synthetic,0,17
2944,0.139476,24,real,-1,3
2974,-39.970191,30,synthetic,2,9
3009,-9.286568,35,real,-1,14
3041,-6.495834,32,real,-1,11
3067,-1.40834,26,real,-1,5
3101,-5.504634,34,real,-1,13
3136,-5.361219,35,real,-1,14
3168,-1.054148,32,real,-1,11
3192,0.911999,24,real,-1,3
3234,-3.76362,42,real,-1,21
3275,4.97095,41,real,-1,20
3306,0.916275,31,real,-1,10
3341,-6.878512,35,real,-1,14
3367,-1.405753,26,real,-1,5
3389,-5.510422,22,real,-1,1
3428,-7.806904,39,synthetic,0,18
3449,0.8351,21,real,-1,0
3473,-9.733448,24,synthetic,0,3
3506,-3.075695,33,real,-1,12
3544,-0.559594,38,real,-1,17
3583,4.21024,39,real,-1,18
3622,1.024987,39,real,-1,18
3652,-11.955816,30,synthetic,0,9
3677,-7.832485,25,real,-1,4
3714,-23.158341,37,synthetic,0,16
3746,-4.524563,32,real,-1,11
3771,-7.986093,25,real,-1,4
3803,-4.19546,32,real,-1,11
3843,-3.798679,40,real,-1,19
3869,-3.649615,26,real,-1,5
3893,-1.964504,24,real,-1,3
3928,-15.206931,35,synthetic,1,14
3970,-14.333573,42,synthetic,0,21
4005,-7.975403,35,real,-1,14
4041,-0.719676,36,real,-1,15
4076,-6.245033,35,real,-1,14
4103,-8.071432,27,real,-1,6
4135,1.109146,32,real,-1,11
4160,-13.743742,25,synthetic,0,4
4202,-38.992202,42,synthetic,2,21
4237,-14.841157,35,synthetic,0,14
4279,-6.4392,42,real,-1,21
4309,-2.292641,30,real,-1,9
4337,-8.308614,28,real,-1,7
4363,-1.641832,26,real,-1,5
4396,2.644767,33,real,-1,12
4417,-0.801343,21,real,-1,0
4446,-0.188559,29,real,-1,8
4473,2.936226,27,real,-1,6
4494,2.293464,21,real,-1,0
4532,-5.191072,38,real,-1,17
4553,-0.505871,21,real,-1,0
4577,-0.756735,24,real,-1,3
4598,0.913677,21,real,-1,0
4626,-37.627143,28,synthetic,2,7
4656,0.915378,30,real,-1,9
4678,-15.276608,22,synthetic,0,1
4708,0.550277,30,real,-1,9
4729,-1.748643,21,real,-1,0
4765,-1.791095,36,real,-1,15
4799,-4.089541,34,real,-1,13
4833,-5.691486,34,real,-1,13
4865,2.837104,32,real,-1,11
4907,-0.208448,42,real,-1,21
4946,-2.469164,39,real,-1,18
4981,-8.38708,35,real,-1,14
5019,-39.253344,38,synthetic,2,17
5048,1.331124,29,real,-1,8
5090,-0.557352,42,real,-1,21
5113,-2.258651,23,real,-1,2
5151,-0.709218,38,real,-1,17
5184,-7.142021,33,real,-1,12
5216,0.620347,32,real,-1,11
5237,-0.188992,21,real,-1,0
5270,-4.12508,33,real,-1,12
5307,2.91426,37,real,-1,16
5332,-1.051112,25,real,-1,4
5372,-10.491547,40,real,-1,19
5401,-8.659602,29,real,-1,8
5425,-4.134591,24,real,-1,3
5446,-41.281514,21,synthetic,2,0
5485,-31.273211,39,synthetic,1,18
5509,0.778584,24,real,-1,3
5550,-25.538078,41,synthetic,1,20
5577,-3.459639,27,real,-1,6
5606,1.518457,29,real,-1,8
5642,-6.266282,36,real,-1,15
5682,-1.627632,40,real,-1,19
5721,-3.271373,39,real,-1,18
5752,-1.083083,31,real,-1,10
5773,-1.953112,21,real,-1,0
5810,-10.849529,37,real,-1,16
5841,-4.559626,31,real,-1,10
5881,-12.299476,40,real,-1,19
5919,0.555649,38,real,-1,17
5944,-3.091124,25,real,-1,4
5975,-9.047953,31,real,-1,10
6010,-0.804747,35,real,-1,14
6033,0.333579,23,real,-1,2
6057,-14.374364,24,synthetic,0,3
6080,-14.681431,23,real,-1,2
6104,-8.058146,24,synthetic,0,3
6143,-7.389591,39,real,-1,18
6167,1.317083,24,real,-1,3
6201,-4.005665,34,real,-1,13
6234,-4.022007,33,real,-1,12
6272,-2.005821,38,real,-1,17
6310,-2.399785,38,real,-1,17
6339,-1.999392,29,real,-1,8
6380,-34.951001,41,synthetic,2,20
6415,0.40431,35,real,-1,14
6442,-22.893692,27,synthetic,1,6
6475,-1.107558,33,real,-1,12
6497,-42.97322,22,synthetic,2,1
6527,-6.241701,30,real,-1,9
6556,-0.955992,29,real,-1,8
6578,-4.116559,22,real,-1,1
6610,-5.65328,32,real,-1,11
6640,-4.781321,30,real,-1,9
6669,-9.581709,29,real,-1,8
6690,-39.305035,21,synthetic,1,0
6716,1.028305,26,real,-1,5
6751,-1.251828,35,real,-1,14
6784,-8.683691,33,real,-1,12
6815,-0.464309,31,real,-1,10
6847,-8.638992,32,real,-1,11
6884,-0.43099,37,real,-1,16
6926,-11.250797,42,real,-1,21
6965,-1.909747,39,real,-1,18
6996,-12.333641,31,synthetic,0,10
7018,-17.088046,22,synthetic,1,1
7040,-7.059447,22,real,-1,1
7066,-8.190888,26,real,-1,5
7102,-30.216402,36,synthetic,2,15
7144,-4.373253,42,real,-1,21
7170,-3.5458,26,real,-1,5
7198,-0.426403,28,real,-1,7
7219,3.781841,21,real,-1,0
7253,-5.450494,34,real,-1,13
7282,-18.479027,29,synthetic,1,8
7308,-1.902972,26,real,-1,5
7341,-28.490038,33,synthetic,2,12
7363,-1.982031,22,real,-1,1
7394,-13.781415,31,synthetic,0,10
7427,-0.944367,33,real,-1,12
7456,-8.423446,29,real,-1,8
7488,-5.533247,32,real,-1,11
7527,-4.566079,39,real,-1,18
7553,-0.893843,26,real,-1,5
7595,-8.393042,42,real,-1,21
7618,-3.299428,23,real,-1,2
7644,-2.835298,26,real,-1,5
7681,-6.627854,37,real,-1,16
7719,-3.729673,38,real,-1,17
7756,-4.785164,37,real,-1,16
7787,9.967205,31,real,-1,10
7814,0.445726,27,real,-1,6
7853,-7.510121,39,real,-1,18
7880,-8.196909,27,real,-1,6
7918,-1.265968,38,real,-1,17
7945,-9.669828,27,real,-1,6
7984,-5.716688,39,real,-1,18
8013,-14.543781,29,synthetic,0,8
8051,-8.34547,38,real,-1,17
8072,-34.111877,21,synthetic,2,0
8094,-5.030036,22,real,-1,1
8120,2.000078,26,real,-1,5
8154,-17.425769,34,synthetic,1,13
8192,0.320193,38,real,-1,17
8222,-41.111799,30,synthetic,2,9
8248,-0.420522,26,real,-1,5
8285,-10.070465,37,real,-1,16
8321,-22.804073,36,synthetic,1,15
8354,-4.428523,33,real,-1,12
8387,2.303542,33,real,-1,12
8417,-1.250039,30,real,-1,9
8459,-1.22135,42,real,-1,21
8483,2.990495,24,real,-1,3
8518,-8.236472,35,real,-1,14
8544,-2.598093,26,real,-1,5
8565,0.186371,21,real,-1,0
8591,0.39496,26,real,-1,5
8632,-9.78073,41,real,-1,20
8673,-6.118986,41,real,-1,20
8699,-1.130917,26,real,-1,5
8723,-12.832939,24,real,-1,3
8749,-26.027037,26,synthetic,1,5
8788,-5.403543,39,real,-1,18
8819,-0.324283,31,real,-1,10
8847,-4.426126,28,real,-1,7
8882,-15.576294,35,synthetic,1,14
8915,-0.499087,33,real,-1,12
8955,-28.820917,40,synthetic,1,19
8994,-51.791755,39,synthetic,2,18
9034,-5.037862,40,real,-1,19
9074,-2.247168,40,real,-1,19
9096,-0.570251,22,real,-1,1
9124,-27.864625,28,synthetic,2,7
9154,-9.519062,30,real,-1,9
9175,-16.484456,21,synthetic,0,0
9198,-2.815424,23,real,-1,2
9234,-12.692217,36,real,-1,15
9263,-2.856896,29,real,-1,8
9305,-7.977694,42,real,-1,21
9339,-6.435425,34,real,-1,13
9363,-0.165279,24,real,-1,3
9384,1.541692,21,real,-1,0
9419,1.657908,35,real,-1,14
9440,3.454763,21,real,-1,0
9478,-5.806003,38,real,-1,17
9517,-32.314112,39,synthetic,1,18
9538,-2.794988,21,real,-1,0
9575,-0.296449,37,real,-1,16
9607,-5.243852,32,real,-1,11
9643,-40.204943,36,synthetic,2,15
9682,1.409474,39,real,-1,18
9716,-7.76607,34,real,-1,13
9754,-1.992737,38,real,-1,17
9784,-10.498313,30,real,-1,9
9815,-9.02552,31,real,-1,10
9840,-7.172143,25,real,-1,4
9869,-4.854477,29,real,-1,8
9900,-5.931774,31,real,-1,10
9936,-0.570999,36,real,-1,15
9969,-6.388285,33,real,-1,12
10010,-2.056187,41,real,-1,20
10050,-5.166416,40,real,-1,19
10071,0.515817,21,real,-1,0
10094,-4.023108,23,real,-1,2
10127,-20.109916,33,synthetic,1,12
10168,-8.895836,41,real,-1,20
10194,3.068322,26,real,-1,5
10218,0.771966,24,real,-1,3
10246,-30.843406,28,synthetic,1,7
10287,-4.535343,41,real,-1,20
10321,-9.034319,34,real,-1,13
10348,-1.682543,27,real,-1,6
10387,-4.272741,39,real,-1,18
10425,-6.326666,38,real,-1,17
10456,-2.055098,31,real,-1,10
10478,-10.427462,22,real,-1,1
10503,-1.239294,25,real,-1,4
10530,-1.20123,27,real,-1,6
10566,-12.407107,36,synthetic,0,15
10595,-22.720319,29,synthetic,2,8
10634,4.665281,39,real,-1,18
10662,-32.436319,28,synthetic,2,7
10701,-2.983892,39,real,-1,18
10736,-4.261777,35,real,-1,14
10772,-6.572409,36,real,-1,15
10813,-6.597012,41,real,-1,20
10842,-2.826669,29,real,-1,8
10877,-1.118647,35,real,-1,14
10910,-0.541702,33,real,-1,12
10945,-2.879364,35,real,-1,14
10980,-14.679589,35,synthetic,0,14
11018,0.001271,38,real,-1,17
11043,-9.705691,25,synthetic,0,4
11082,-10.614642,39,real,-1,18
11106,-12.331696,24,synthetic,0,3
11140,-34.980067,34,synthetic,2,13
11176,-4.062974,36,real,-1,15
11197,4.296564,21,real,-1,0
11227,1.253394,30,real,-1,9
11253,2.742509,26,real,-1,5
11290,0.151146,37,real,-1,16
11323,6.203168,33,real,-1,12
11356,1.311302,33,real,-1,12
11377,-3.139882,21,real,-1,0
11398,-12.835407,21,synthetic,0,0
11433,-12.073939,35,synthetic,0,14
11457,-2.649613,24,real,-1,3
11492,-4.195915,35,real,-1,14
11520,-0.035015,28,real,-1,7
11559,-12.160679,39,real,-1,18
11583,-1.997461,24,real,-1,3
11617,-0.445571,34,real,-1,13
11658,-30.962433,41,synthetic,2,20
11682,2.314512,24,real,-1,3
11719,-1.117864,37,real,-1,16
11760,-7.097085,41,real,-1,20
11797,-22.014258,37,synthetic,1,16
11830,-5.832056,33,real,-1,12
11856,-9.951111,26,synthetic,0,5
11892,3.191835,36,real,-1,15
11921,-1.4419,29,real,-1,8
11947,-7.556186,26,real,-1,5
11977,-10.68672,30,real,-1,9
12010,-0.280328,33,real,-1,12
12045,-4.864031,35,real,-1,14
12066,-0.854071,21,real,-1,0
12094,-5.044171,28,real,-1,7
12116,-1.794639,22,real,-1,1
12150,-13.139084,34,synthetic,0,13
12191,-8.871369,41,real,-1,20
12223,-43.754336,32,synthetic,2,11
12260,-18.548925,37,synthetic,1,16
12297,-1.713752,37,real,-1,16
12332,-39.850448,35,synthetic,2,14
12360,-9.998168,28,real,-1,7
12395,-21.08927,35,synthetic,1,14
12424,-5.419673,29,real,-1,8
12461,-7.165522,37,real,-1,16
12497,-12.107364,36,real,-1,15
12534,-2.482711,37,real,-1,16
12557,-0.792877,23,real,-1,2
12583,0.557726,26,real,-1,5
12619,-2.250016,36,real,-1,15
12643,-25.395887,24,synthetic,2,3
12676,-1.416528,33,real,-1,12
12701,-6.064658,25,real,-1,4
12725,-7.90965,24,real,-1,3
12751,5.740615,26,real,-1,5
12793,-1.524462,42,real,-1,21
12820,-24.254339,27,synthetic,1,6
12841,-3.562124,21,real,-1,0
12871,-21.521363,30,synthetic,1,9
12904,-8.591833,33,real,-1,12
12932,-1.42134,28,real,-1,7
12974,-0.852762,42,real,-1,21
13006,-2.51115,32,real,-1,11
13036,0.061011,30,real,-1,9
13061,-17.416939,25,synthetic,0,4
13096,-8.395497,35,real,-1,14
13118,-13.245067,22,synthetic,0,1
13158,-7.212727,40,real,-1,19
13200,-1.589343,42,real,-1,21
13238,1.159603,38,real,-1,17
13259,-23.58533,21,synthetic,2,0
13290,-5.882011,31,real,-1,10
13329,-4.689552,39,real,-1,18
13367,-2.617256,38,real,-1,17
13407,-1.068043,40,real,-1,19
13437,-3.446299,30,real,-1,9
13471,-33.6631,34,synthetic,1,13
13494,-4.675608,23,real,-1,2
13536,-11.017579,42,real,-1,21
13571,-2.952742,35,real,-1,14
13596,3.03223,25,real,-1,4
13620,-2.745358,24,real,-1,3
13641,-4.106072,21,real,-1,0
13668,-38.577553,27,synthetic,2,6
13706,-4.7044,38,real,-1,17
13730,-4.459356,24,real,-1,3
13761,-5.026277,31,real,-1,10
13790,-8.748028,29,real,-1,8
13830,-35.440458,40,synthetic,2,19
13858,-3.085792,28,real,-1,7
13884,-43.451559,26,synthetic,2,5
13926,-0.807653,42,real,-1,21
13965,-26.837621,39,synthetic,2,18
13989,-2.463555,24,real,-1,3
14025,1.537656,36,real,-1,15
14052,-10.654701,27,real,-1,6
14077,-2.733384,25,real,-1,4
14111,0.484916,34,real,-1,13
14142,-17.389658,31,synthetic,0,10
14169,-6.21297,27,real,-1,6
14191,-2.940059,22,real,-1,1
14232,-5.506293,41,real,-1,20
14261,-1.907682,29,real,-1,8
14303,-4.612817,42,real,-1,21
14345,-16.147124,42,synthetic,1,21
14367,-5.76573,22,real,-1,1
14406,-3.320106,39,real,-1,18
14428,-1.093511,22,real,-1,1
14453,-0.636188,25,real,-1,4
14495,-0.699239,42,real,-1,21
14536,-7.047779,41,real,-1,20
14566,-1.349101,30,real,-1,9
14599,-2.095604,33,real,-1,12
14635,-9.34698,36,real,-1,15
14676,-0.776076,41,real,-1,20
14705,2.09533,29,real,-1,8
14727,2.213338,22,real,-1,1
14766,0.636245,39,real,-1,18
14790,2.393551,24,real,-1,3
14828,-7.08686,38,real,-1,17
14862,1.487601,34,real,-1,13
14891,-4.079255,29,real,-1,8
14919,-2.635841,28,real,-1,7
14944,-10.320072,25,real,-1,4
14984,-1.460959,40,real,-1,19
15005,-4.872944,21,real,-1,0
15038,-7.323392,33,real,-1,12
15067,-31.473131,29,synthetic,1,8
15089,-6.711937,22,synthetic,0,1
15131,-1.420605,42,real,-1,21
15157,-4.518517,26,real,-1,5
15184,-2.444271,27,real,-1,6
15209,-3.162543,25,real,-1,4
15250,-1.709255,41,real,-1,20
15283,0.621226,33,real,-1,12
15319,-2.426164,36,real,-1,15
15347,-7.854833,28,synthetic,0,7
15373,-0.451875,26,real,-1,5
15402,-1.460562,29,real,-1,8
15431,-1.954225,29,real,-1,8
15458,-3.141522,27,real,-1,6
15491,-31.380152,33,synthetic,2,12
15521,-0.272093,30,real,-1,9
15560,-1.494398,39,real,-1,18
15586,-2.069099,26,real,-1,5
15621,1.776225,35,real,-1,14
15650,0.12784,29,real,-1,8
15689,-2.761565,39,real,-1,18
15720,3.785871,31,real,-1,10
15759,-0.158532,39,real,-1,18
15800,-2.815329,41,real,-1,20
15824,-19.982977,24,synthetic,1,3
15866,-7.098926,42,real,-1,21
15891,-0.111984,25,real,-1,4
15913,-1.034197,22,real,-1,1
15937,0.729342,24,real,-1,3
15977,-48.068009,40,synthetic,2,19
16009,-42.238156,32,synthetic,2,11
16036,-0.237513,27,real,-1,6
16067,3.092847,31,real,-1,10
16100,-8.637001,33,real,-1,12
16129,-2.531529,29,real,-1,8
16169,-7.206787,40,real,-1,19
16209,-1.519362,40,real,-1,19
16251,-11.397792,42,real,-1,21
16275,-15.863749,24,synthetic,1,3
16299,-3.521896,24,real,-1,3
16327,-14.258965,28,real,-1,7
16351,-1.381239,24,real,-1,3
16376,-14.636537,25,synthetic,0,4
16416,1.8264,40,real,-1,19
16443,-1.086785,27,real,-1,6
16469,-5.250764,26,real,-1,5
16498,2.926179,29,real,-1,8
16528,-3.790639,30,real,-1,9
16566,4.422828,38,real,-1,17
16592,-13.207275,26,real,-1,5
16616,-9.161659,24,real,-1,3
16644,0.175613,28,real,-1,7
16674,-20.183466,30,synthetic,0,9
16696,-5.799416,22,real,-1,1
16729,0.05676,33,real,-1,12
16771,-2.328613,42,real,-1,21
16808,-9.31429,37,real,-1,16
16833,-1.050753,25,real,-1,4
16874,-22.194942,41,synthetic,1,20
16911,-7.266739,37,real,-1,16
16953,1.458596,42,real,-1,21
16992,-5.031016,39,real,-1,18
17021,-6.889081,29,real,-1,8
17060,-8.307096,39,real,-1,18
17081,-3.667052,21,real,-1,0
17123,-6.963844,42,real,-1,21
17156,-19.045358,33,synthetic,1,12
17183,-0.235212,27,real,-1,6
17216,4.232745,33,real,-1,12
17256,-2.656283,40,real,-1,19
17284,-8.974761,28,real,-1,7
17313,-33.868875,29,synthetic,2,8
17335,-0.266259,22,real,-1,1
17360,1.621627,25,real,-1,4
17392,7.909483,32,real,-1,11
17420,0.141477,28,real,-1,7
17448,-0.623731,28,real,-1,7
17472,-4.818028,24,real,-1,3
17512,-1.016472,40,real,-1,19
17534,-3.977653,22,real,-1,1
17560,-1.035439,26,real,-1,5
17590,-15.592201,30,real,-1,9
17614,-2.817178,24,real,-1,3
17646,5.587661,32,real,-1,11
17671,7.446492,25,real,-1,4
17700,-2.637257,29,real,-1,8
17731,0.415576,31,real,-1,10
17752,-38.839632,21,synthetic,2,0
17782,-4.293323,30,real,-1,9
17810,-0.116534,28,real,-1,7
17844,-8.230177,34,real,-1,13
17876,-13.897635,32,synthetic,0,11
17907,-43.151692,31,synthetic,2,10
17941,-2.43338,34,real,-1,13
17970,-1.064565,29,real,-1,8
18012,-7.85456,42,real,-1,21
18040,-7.416688,28,real,-1,7
18065,-34.166288,25,synthetic,2,4
18100,-29.997496,35,synthetic,1,14
18125,-2.344828,25,real,-1,4
18148,-41.212697,23,synthetic,2,2
18187,-2.569921,39,real,-1,18
18224,-2.982316,37,real,-1,16
18257,-3.827886,33,real,-1,12
18298,-3.735964,41,real,-1,20
18323,-3.918312,25,real,-1,4
18353,-2.685523,30,real,-1,9
18383,-1.787681,30,real,-1,9
18418,-6.849105,35,real,-1,14
18459,-24.615458,41,synthetic,1,20
18483,1.491554,24,real,-1,3
18525,-2.205266,42,real,-1,21
18556,-9.401712,31,real,-1,10
18585,1.708395,29,real,-1,8
18622,-17.342113,37,synthetic,1,16
18662,-13.97484,40,real,-1,19
18696,-41.372037,34,synthetic,2,13
18721,-5.719184,25,real,-1,4
18760,0.613378,39,real,-1,18
18796,-56.704099,36,synthetic,2,15
18825,-22.922457,29,synthetic,1,8
18847,-35.791478,22,synthetic,2,1
18868,0.421672,21,real,-1,0
18896,-4.25252,28,real,-1,7
18926,-0.060661,30,real,-1,9
18948,-3.268921,22,real,-1,1
18981,-7.617075,33,real,-1,12
19007,-2.490047,26,real,-1,5
19034,3.484861,27,real,-1,6
19068,0.074574,34,real,-1,13
19099,-36.016797,31,synthetic,2,10
19132,-4.530338,33,real,-1,12
19155,-35.021071,23,synthetic,2,2
19178,-2.386877,23,real,-1,2
19200,-2.299832,22,real,-1,1
19231,-26.605897,31,synthetic,2,10
19255,-15.092753,24,synthetic,0,3
19297,-0.684898,42,real,-1,21
19339,-3.239599,42,real,-1,21
19372,-5.23268,33,real,-1,12
19398,-38.804913,26,synthetic,2,5
19421,-4.188196,23,real,-1,2
19442,-31.276418,21,synthetic,1,0
19464,-4.110671,22,real,-1,1
19494,-20.486661,30,synthetic,1,9
19531,-26.212487,37,synthetic,2,16
19556,-1.154322,25,real,-1,4
19581,-3.174003,25,real,-1,4
19603,-16.837262,22,synthetic,0,1
19632,-3.678919,29,real,-1,8
19664,-38.654128,32,synthetic,2,11
19703,-4.54129,39,real,-1,18
19736,-2.016614,33,real,-1,12
19770,-0.71507,34,real,-1,13
19799,-7.271355,29,real,-1,8
19824,-3.806327,25,real,-1,4
19857,-46.702945,33,synthetic,2,12
19892,-6.639557,35,real,-1,14
19922,-5.384556,30,real,-1,9
19956,-0.608087,34,real,-1,13
19985,1.249089,29,real,-1,8
20011,-37.711713,26,synthetic,2,5
20047,-4.80487,36,real,-1,15
20089,2.768066,42,real,-1,21
20131,-5.708544,42,real,-1,21
20173,-23.258969,42,synthetic,1,21
20215,-3.806515,42,real,-1,21
20251,-10.58078,36,real,-1,15
20281,-9.571145,30,synthetic,0,9
20308,-40.66962,27,synthetic,2,6
20343,4.81389,35,real,-1,14
20378,-0.262692,35,real,-1,14
20415,0.434503,37,real,-1,16
20454,0.59263,39,real,-1,18
20494,-7.833453,40,real,-1,19
20526,-5.154225,32,real,-1,11
20554,-0.226562,28,real,-1,7
20580,-10.770808,26,synthetic,0,5
20613,-4.899672,33,real,-1,12
20644,0.110356,31,real,-1,10
20686,-4.723836,42,real,-1,21
20722,-6.843539,36,real,-1,15
20754,-4.082045,32,real,-1,11
20778,-26.747393,24,synthetic,1,3
20814,-8.103264,36,real,-1,15
20836,-3.413348,22,real,-1,1
20858,-11.112889,22,real,-1,1
20891,-0.210109,33,real,-1,12
20930,-4.615718,39,real,-1,18
20956,-3.823802,26,real,-1,5
20990,4.787639,34,real,-1,13
21016,-31.125983,26,synthetic,2,5
21047,-11.027736,31,real,-1,10
21068,-10.250772,21,synthetic,0,0
21089,-2.303309,21,real,-1,0
21120,-3.23648,31,real,-1,10
21144,2.993259,24,real,-1,3
21165,-11.526104,21,real,-1,0
21196,-3.932825,31,real,-1,10
21230,5.900083,34,real,-1,13
21272,-26.655997,42,synthetic,1,21
21303,-12.794595,31,synthetic,0,10
21339,-12.50661,36,real,-1,15
21362,1.480631,23,real,-1,2
21388,-6.011917,26,real,-1,5
21430,-3.637946,42,real,-1,21
21460,-5.99541,30,synthetic,0,9
21488,-3.95032,28,real,-1,7
21517,-4.031245,29,real,-1,8
21538,-2.735005,21,real,-1,0
21559,-0.68612,21,real,-1,0
21597,-30.173896,38,synthetic,2,17
21629,-4.385109,32,real,-1,11
21655,-42.608264,26,synthetic,2,5
21689,-3.116172,34,real,-1,13
21723,-24.350854,34,synthetic,1,13
21761,2.695547,38,real,-1,17
21793,-10.177658,32,real,-1,11
21828,0.348976,35,real,-1,14
21865,-9.281199,37,real,-1,16
21905,-9.162153,40,real,-1,19
21946,2.257614,41,real,-1,20
21971,2.410999,25,real,-1,4
22005,1.391184,34,real,-1,13
22045,0.60673,40,real,-1,19
22084,-2.302092,39,real,-1,18
22118,-7.814995,34,real,-1,13
22154,-6.236801,36,real,-1,15
22196,-3.50737,42,real,-1,21
22219,-9.229389,23,real,-1,2
22247,-1.693209,28,real,-1,7
22280,-1.266559,33,real,-1,12
22309,-3.612332,29,real,-1,8
22335,-4.863311,26,real,-1,5
22366,-2.864641,31,real,-1,10
22405,-3.031791,39,real,-1,18
22443,-5.633202,38,real,-1,17
22479,-3.140215,36,real,-1,15
22500,-10.280325,21,real,-1,0
22522,0.414085,22,real,-1,1
22562,-35.296701,40,synthetic,2,19
22585,0.291849,23,real,-1,2
22625,-6.719453,40,real,-1,19
22661,-10.243396,36,real,-1,15
22688,-32.726587,27,synthetic,1,6
22709,-5.375434,21,real,-1,0
22745,-10.116787,36,synthetic,0,15
22783,-0.602323,38,real,-1,17
22812,-8.355547,29,real,-1,8
22854,-27.475928,42,synthetic,1,21
22886,1.531949,32,real,-1,11
22928,-5.456732,42,real,-1,21
22958,-1.626008,30,real,-1,9
22992,1.297601,34,real,-1,13
23023,-26.422199,31,synthetic,2,10
23063,-3.575573,40,real,-1,19
23088,-17.363536,25,synthetic,0,4
23120,-29.858817,32,synthetic,2,11
23161,-0.2025,41,real,-1,20
23194,-1.67436,33,real,-1,12
23216,-7.708635,22,synthetic,0,1
23258,-5.220322,42,real,-1,21
23291,-4.773996,33,real,-1,12
23315,-23.210882,24,synthetic,1,3
23339,-3.547861,24,real,-1,3
23378,-2.507206,39,real,-1,18
23402,-2.930973,24,real,-1,3
23442,-7.651777,40,real,-1,19
23482,-3.321083,40,real,-1,19
23514,-0.756942,32,real,-1,11
23551,-2.732313,37,real,-1,16
23590,-1.423235,39,real,-1,18
23628,-5.130544,38,real,-1,17
23670,-15.349172,42,synthetic,0,21
23698,-28.181396,28,synthetic,2,7
23732,-30.564186,34,synthetic,2,13
23771,-12.177105,39,synthetic,0,18
23792,2.389463,21,real,-1,0
23815,-3.142854,23,real,-1,2
23851,-0.578568,36,real,-1,15
23883,-5.129643,32,real,-1,11
23920,-14.380918,37,synthetic,0,16
23957,-0.20071,37,real,-1,16
23981,-8.757528,24,real,-1,3
24006,-4.094733,25,real,-1,4
24037,-6.254139,31,real,-1,10
24069,-8.456805,32,real,-1,11
24092,-3.241311,23,real,-1,2
24131,-2.293925,39,real,-1,18
24167,-1.787903,36,real,-1,15
24199,1.753818,32,real,-1,11
24233,-3.400358,34,real,-1,13
24255,-0.267242,22,real,-1,1
24291,-34.036546,36,synthetic,1,15
24325,-16.898397,34,synthetic,0,13
24356,3.127465,31,real,-1,10
24389,-2.462137,33,real,-1,12
24420,-28.840617,31,synthetic,1,10
24453,-31.211292,33,synthetic,2,12
24493,-28.935762,40,synthetic,1,19
24523,-1.65336,30,real,-1,9
24545,-23.649901,22,synthetic,1,1
24587,-26.543413,42,synthetic,1,21
24613,-7.112883,26,real,-1,5
24639,-7.478615,26,real,-1,5
24661,-1.062049,22,real,-1,1
24686,1.344132,25,real,-1,4
24707,-2.320292,21,real,-1,0
24745,-3.990877,38,real,-1,17
24766,-0.507319,21,real,-1,0
24807,-1.214904,41,real,-1,20
24849,0.478438,42,real,-1,21
24884,-5.166639,35,real,-1,14
24922,4.44222,38,real,-1,17
24959,-12.016576,37,real,-1,16
24984,-29.493963,25,synthetic,1,4
25019,-9.486507,35,real,-1,14
25059,-3.52957,40,real,-1,19
25090,-13.172755,31,synthetic,0,10
25124,-3.833811,34,real,-1,13
25153,-18.364405,29,synthetic,1,8
25194,-9.548101,41,real,-1,20
25222,3.619725,28,real,-1,7
25260,-4.260703,38,real,-1,17
25284,0.249507,24,real,-1,3
25318,-6.061066,34,real,-1,13
25339,-2.584287,21,real,-1,0
25363,-28.013536,24,synthetic,1,3
25393,-2.178728,30,real,-1,9
25429,0.240426,36,real,-1,15
25468,-3.767008,39,real,-1,18
25504,-31.565907,36,synthetic,1,15
25534,-4.771245,30,real,-1,9
25574,-12.070273,40,real,-1,19
25604,-1.219274,30,real,-1,9
25642,0.697214,38,real,-1,17
25667,-4.345166,25,real,-1,4
25702,-20.886403,35,synthetic,1,14
25723,-2.119267,21,real,-1,0
25744,-4.931893,21,real,-1,0
25786,-6.341745,42,real,-1,21
25821,-8.988967,35,real,-1,14
25863,-8.906011,42,real,-1,21
25905,-13.261288,42,synthetic,0,21
25947,2.729208,42,real,-1,21
25972,-3.538302,25,real,-1,4
26008,-7.561445,36,real,-1,15
26035,-2.460208,27,real,-1,6
26072,1.250204,37,real,-1,16
26100,-3.606242,28,real,-1,7
26125,-0.732709,25,real,-1,4
26165,-15.292497,40,real,-1,19
26190,-19.679552,25,synthetic,0,4
26214,-4.78449,24,real,-1,3
26236,-1.540109,22,real,-1,1
26276,-7.598292,40,real,-1,19
26317,2.469854,41,real,-1,20
26345,-23.514189,28,synthetic,1,7
26372,-20.084149,27,synthetic,1,6
26413,-8.668854,41,real,-1,20
26452,-10.373577,39,synthetic,0,18
26488,2.734483,36,real,-1,15
26523,3.421357,35,real,-1,14
26559,-5.556761,36,real,-1,15
26592,-4.324171,33,real,-1,12
26623,2.705928,31,real,-1,10
26650,-12.285271,27,synthetic,0,6
26682,-2.824128,32,real,-1,11
26718,-7.593967,36,real,-1,15
26746,-6.255821,28,real,-1,7
26783,-5.910577,37,real,-1,16
26825,-14.236248,42,synthetic,0,21
26865,2.106461,40,real,-1,19
26900,-47.089784,35,synthetic,2,14
26928,-11.919693,28,synthetic,0,7
26958,-6.60798,30,real,-1,9
26997,-7.987273,39,real,-1,18
27035,-2.139046,38,real,-1,17
27057,-1.119236,22,real,-1,1
27081,-0.485772,24,real,-1,3
27102,-3.318229,21,real,-1,0
27139,-6.835276,37,real,-1,16
27170,1.977936,31,real,-1,10
27212,-20.92264,42,synthetic,1,21
27240,2.053794,28,real,-1,7
27264,-0.088129,24,real,-1,3
27293,-3.804671,29,real,-1,8
27318,-23.031114,25,synthetic,1,4
27351,2.371085,33,real,-1,12
27378,-3.378722,27,real,-1,6
27407,-5.879188,29,real,-1,8
27447,2.37581,40,real,-1,19
27479,-3.388882,32,real,-1,11
27508,-3.418168,29,real,-1,8
27538,-24.656038,30,synthetic,1,9
27562,-1.595782,24,real,-1,3
27589,-16.188009,27,synthetic,0,6
27619,-7.049122,30,real,-1,9
27652,-14.3665,33,synthetic,0,12
27690,-1.235278,38,real,-1,17
27713,-9.324119,23,synthetic,0,2
27751,4.352255,38,real,-1,17
27777,-6.530169,26,real,-1,5
27813,-8.747353,36,real,-1,15
27836,-0.841739,23,real,-1,2
27868,5.270762,32,real,-1,11
27892,0.966115,24,real,-1,3
27926,-11.686125,34,real,-1,13
27949,-2.223379,23,real,-1,2
27975,-1.170343,26,real,-1,5
27999,-0.08519,24,real,-1,3
28040,-5.777485,41,real,-1,20
28063,2.513479,23,real,-1,2
28090,-0.139517,27,real,-1,6
28128,-4.624805,38,real,-1,17
28159,-5.506668,31,real,-1,10
28199,-2.065384,40,real,-1,19
28226,-0.343121,27,real,-1,6
28260,-15.515996,34,synthetic,0,13
28289,-42.244785,29,synthetic,2,8
28326,-24.573426,37,synthetic,1,16
28347,-51.354288,21,synthetic,2,0
28375,-4.283234,28,real,-1,7
28411,-10.734665,36,real,-1,15
28453,-11.759203,42,real,-1,21
28474,-3.341959,21,real,-1,0
28507,-1.903447,33,real,-1,12
28548,-2.23431,41,real,-1,20
28589,-7.662928,41,real,-1,20
28612,-20.953321,23,synthetic,1,2
28638,-3.766795,26,real,-1,5
28680,-3.85158,42,real,-1,21
28706,1.050586,26,real,-1,5
28742,-34.702549,36,synthetic,2,15
28763,-12.650978,21,synthetic,0,0
28789,0.459341,26,real,-1,5
28830,-5.814386,41,real,-1,20
28852,-3.470267,22,real,-1,1
28894,-4.378947,42,real,-1,21
28933,-3.635964,39,real,-1,18
28962,-41.476008,29,synthetic,2,8
28989,-15.005614,27,synthetic,0,6
29029,-4.533326,40,real,-1,19
29063,-28.071745,34,synthetic,1,13
29103,0.166517,40,real,-1,19
29136,1.236619,33,real,-1,12
29160,-9.732998,24,synthetic,0,3
29182,-42.256891,22,synthetic,2,1
29220,-6.764039,38,real,-1,17
29243,-2.348469,23,real,-1,2
29268,-2.076837,25,real,-1,4
29305,-4.399805,37,real,-1,16
29341,-6.623862,36,real,-1,15
29381,-0.755941,40,real,-1,19
29410,-1.907955,29,real,-1,8
29439,-4.53634,29,real,-1,8
29465,1.005314,26,real,-1,5
29500,-4.810699,35,real,-1,14
29529,-0.831458,29,real,-1,8
29557,-0.501203,28,real,-1,7
29583,0.930189,26,real,-1,5
29618,-1.090175,35,real,-1,14
29656,-4.725567,38,real,-1,17
29687,1.134647,31,real,-1,10
29719,-6.260774,32,synthetic,0,11
29743,-17.851917,24,synthetic,0,3
29782,-2.598818,39,real,-1,18
29805,1.289298,23,real,-1,2
29828,-5.667811,23,real,-1,2
29869,-12.088001,41,synthetic,0,20
29911,-4.492459,42,real,-1,21
29946,1.799063,35,real,-1,14
29969,1.846575,23,real,-1,2
30006,-4.794867,37,real,-1,16
30032,-5.240154,26,real,-1,5
30067,-42.359308,35,synthetic,2,14
30095,-11.540821,28,synthetic,0,7
30123,-0.834128,28,real,-1,7
30155,-3.496715,32,real,-1,11
30192,2.452614,37,real,-1,16
30226,-0.653598,34,real,-1,13
30257,-18.296361,31,synthetic,1,10
30290,-2.117021,33,real,-1,12
30327,-11.107875,37,synthetic,0,16
30350,-6.808076,23,real,-1,2
30372,-0.295096,22,real,-1,1
30401,4.169607,29,real,-1,8
30425,-19.656081,24,synthetic,0,3
30458,-6.477081,33,real,-1,12
30493,-0.772212,35,real,-1,14
30524,-3.506197,31,real,-1,10
30549,-3.612606,25,real,-1,4
30576,-1.042629,27,real,-1,6
30599,2.123326,23,real,-1,2
30625,-33.237436,26,synthetic,2,5
30658,-6.133605,33,real,-1,12
30680,-5.904998,22,real,-1,1
30707,-1.31477,27,real,-1,6
30745,-30.866563,38,synthetic,1,17
30771,-7.8367,26,real,-1,5
30802,1.304485,31,real,-1,10
30824,1.212056,22,real,-1,1
30856,-4.782792,32,real,-1,11
30883,-9.53645,27,synthetic,0,6
30915,-3.199628,32,real,-1,11
30936,-3.462206,21,real,-1,0
30968,-25.509852,32,synthetic,1,11
31001,2.163537,33,real,-1,12
31034,0.1205,33,real,-1,12
31055,-12.939009,21,synthetic,0,0
31078,-0.407972,23,real,-1,2
31112,-7.080052,34,synthetic,0,13
31147,-1.46771,35,real,-1,14
31186,-4.772752,39,real,-1,18
31213,-2.276943,27,real,-1,6
31241,-5.111017,28,real,-1,7
31274,-2.438127,33,real,-1,12
31312,-5.284807,38,real,-1,17
31337,-10.533805,25,real,-1,4
31359,3.392808,22,real,-1,1
31390,-5.938052,31,real,-1,10
31424,-4.441463,34,real,-1,13
31463,-5.424769,39,real,-1,18
31501,-40.239921,38,synthetic,2,17
31531,-28.026669,30,synthetic,2,9
31554,-6.019612,23,real,-1,2
31590,-5.253652,36,synthetic,0,15
31622,2.538806,32,real,-1,11
31646,-1.567753,24,real,-1,3
31678,-3.111178,32,real,-1,11
31706,-1.189268,28,real,-1,7
31729,-14.109078,23,synthetic,0,2
31757,4.340491,28,real,-1,7
31798,-31.51988,41,synthetic,2,20
31821,-1.381969,23,real,-1,2
31844,-9.362242,23,real,-1,2
31885,2.533576,41,real,-1,20
31913,-2.028354,28,real,-1,7
31952,-6.003213,39,real,-1,18
31986,-7.312142,34,real,-1,13
32023,-4.051712,37,real,-1,16
32047,-9.616496,24,real,-1,3
32089,-0.472673,42,real,-1,21
32116,3.686474,27,real,-1,6
32148,-1.977352,32,real,-1,11
32174,-38.700189,26,synthetic,2,5
32203,-2.340278,29,real,-1,8
32224,-1.758652,21,real,-1,0
32261,-39.875814,37,synthetic,2,16
32298,-5.843783,37,real,-1,16
32334,-2.532507,36,real,-1,15
32369,-28.020092,35,synthetic,1,14
32391,2.102207,22,real,-1,1
32412,-4.21922,21,real,-1,0
32440,-2.820015,28,real,-1,7
32470,-4.420695,30,real,-1,9
32507,-2.622043,37,real,-1,16
32544,-0.80576,37,real,-1,16
32572,-9.66343,28,real,-1,7
32614,-23.332567,42,synthetic,1,21
32650,-1.158767,36,real,-1,15
32685,-10.754175,35,real,-1,14
32722,-10.573241,37,synthetic,0,16
32744,-0.768386,22,real,-1,1
32781,-6.159607,37,real,-1,16
32806,-1.450995,25,real,-1,4
32840,3.01942,34,real,-1,13
32882,1.887214,42,real,-1,21
32920,-7.543919,38,real,-1,17
32950,1.031956,30,real,-1,9
32973,-2.780016,23,real,-1,2
32994,-3.897021,21,real,-1,0
33034,-10.855328,40,real,-1,19
33062,-1.425874,28,real,-1,7
33096,-3.973067,34,real,-1,13
33128,-4.315009,32,real,-1,11
33165,-11.928093,37,synthetic,0,16
33192,-12.520428,27,synthetic,0,6
33229,-8.375173,37,real,-1,16
33254,-9.224964,25,real,-1,4
33275,-0.022502,21,real,-1,0
33308,-37.129008,33,synthetic,1,12
33331,-3.723805,23,real,-1,2
33372,-5.013656,41,real,-1,20
33407,-2.954773,35,real,-1,14
33446,-33.240944,39,synthetic,2,18
33476,-6.378715,30,real,-1,9
33501,-1.947953,25,real,-1,4
33538,-0.594906,37,real,-1,16
33575,-6.382842,37,real,-1,16
33617,-4.071144,42,real,-1,21
33655,-10.781075,38,real,-1,17
33696,-5.230125,41,real,-1,20
33723,-23.109364,27,synthetic,1,6
33755,-6.48273,32,real,-1,11
33792,0.298915,37,real,-1,16
33828,-23.350744,36,synthetic,0,15
33849,-3.057906,21,real,-1,0
33889,4.190576,40,real,-1,19
33910,-3.199166,21,real,-1,0
33941,1.728394,31,real,-1,10
33966,-46.905037,25,synthetic,2,4
33989,-37.658816,23,synthetic,2,2
34029,-5.182323,40,real,-1,19
34054,0.864255,25,real,-1,4
34088,-0.7255,34,real,-1,13
34124,-8.644201,36,real,-1,15
34147,-2.135097,23,real,-1,2
34178,0.600543,31,real,-1,10
34210,-10.92569,32,real,-1,11
34252,-15.810007,42,synthetic,0,21
34287,-3.44725,35,real,-1,14
34328,2.650045,41,real,-1,20
34359,5.844313,31,real,-1,10
34385,-5.942478,26,real,-1,5
34411,-4.556122,26,real,-1,5
34433,-2.131878,22,real,-1,1
34475,-6.517826,42,real,-1,21
34514,4.305533,39,real,-1,18
34546,-19.048307,32,synthetic,0,11
34571,-25.217943,25,synthetic,1,4
34603,5.185261,32,real,-1,11
34636,-8.797973,33,synthetic,0,12
34668,-0.954889,32,real,-1,11
34702,1.61346,34,real,-1,13
34731,0.026086,29,real,-1,8
34753,-0.387437,22,real,-1,1
34776,-21.057157,23,synthetic,1,2
34804,-5.183267,28,real,-1,7
34827,-5.48736,23,synthetic,0,2
34857,-4.935676,30,real,-1,9
34893,-2.156485,36,real,-1,15
34923,-1.323113,30,real,-1,9
34960,-4.94726,37,real,-1,16
35000,-4.832574,40,real,-1,19
35037,-4.115112,37,real,-1,16
35063,-7.915365,26,synthetic,0,5
35089,-1.106561,26,real,-1,5
35120,0.242443,31,real,-1,10
35151,-16.452832,31,synthetic,1,10
35184,-5.923489,33,real,-1,12
35218,-37.122516,34,synthetic,2,13
35244,6.913589,26,real,-1,5
35285,0.157147,41,real,-1,20
35317,-13.289089,32,synthetic,0,11
35340,-2.85632,23,real,-1,2
35365,-2.049563,25,real,-1,4
35401,-2.588342,36,real,-1,15
35422,-5.961895,21,real,-1,0
35446,3.390942,24,real,-1,3
35470,-7.080552,24,real,-1,3
35499,-23.958268,29,synthetic,1,8
35541,-5.364139,42,real,-1,21
35567,-16.841456,26,synthetic,0,5
35605,-8.567275,38,real,-1,17
35628,-27.891518,23,synthetic,2,2
35669,-51.902923,41,synthetic,2,20
35692,-5.224506,23,real,-1,2
35729,-7.685068,37,real,-1,16
35762,-18.526146,33,synthetic,0,12
35802,-5.870975,40,real,-1,19
35833,-2.69198,31,real,-1,10
35863,1.66483,30,real,-1,9
35890,-1.985887,27,real,-1,6
35931,-2.843151,41,real,-1,20
35954,1.876353,23,real,-1,2
35982,-9.891591,28,real,-1,7
36003,-3.267054,21,real,-1,0
36037,0.132876,34,real,-1,13
36063,-50.173537,26,synthetic,2,5
36102,0.928377,39,real,-1,18
36133,-3.299644,31,real,-1,10
36156,0.510704,23,real,-1,2
36192,2.562786,36,real,-1,15
36227,-5.651081,35,real,-1,14
36255,3.148079,28,real,-1,7
36288,-10.68646,33,real,-1,12
36320,-6.667835,32,real,-1,11
36341,-1.310115,21,real,-1,0
36369,-0.421067,28,real,-1,7
36408,-2.888406,39,real,-1,18
36441,-19.824986,33,synthetic,0,12
36462,-34.651561,21,synthetic,2,0
36495,0.804361,33,real,-1,12
36525,-31.802699,30,synthetic,1,9
36549,-39.716933,24,synthetic,2,3
36591,-2.444581,42,real,-1,21
36612,-27.124405,21,synthetic,1,0
36635,-2.295099,23,real,-1,2
36677,-3.603315,42,real,-1,21
36712,-1.122703,35,real,-1,14
36744,-0.224773,32,real,-1,11
36785,-7.663479,41,real,-1,20
36821,0.502658,36,real,-1,15
36846,0.283661,25,real,-1,4
36870,-4.983621,24,real,-1,3
36908,-12.07676,38,real,-1,17
36931,0.729451,23,real,-1,2
36952,-1.543874,21,real,-1,0
36977,-2.41024,25,real,-1,4
37018,-5.240228,41,real,-1,20
37046,-1.379162,28,real,-1,7
37069,-0.091375,23,real,-1,2
37091,-1.737277,22,real,-1,1
37122,2.518879,31,real,-1,10
37151,-37.47125,29,synthetic,2,8
37175,-1.292134,24,real,-1,3
37196,5.255545,21,real,-1,0
37234,-7.582415,38,real,-1,17
37274,-24.526159,40,synthetic,1,19
37312,-8.771185,38,real,-1,17
37335,-4.809039,23,real,-1,2
37365,0.176404,30,real,-1,9
37390,-1.960344,25,real,-1,4
37422,-32.900155,32,synthetic,2,11
37458,1.640414,36,real,-1,15
37500,-0.198789,42,real,-1,21
37526,-0.889457,26,real,-1,5
37563,-27.821622,37,synthetic,2,16
37594,-2.041663,31,real,-1,10
37615,-3.109815,21,real,-1,0
37649,-19.878089,34,synthetic,1,13
37685,-3.300251,36,real,-1,15
37712,-10.513724,27,real,-1,6
37734,-5.254857,22,real,-1,1
37755,-4.026053,21,real,-1,0
37796,-8.423388,41,real,-1,20
37826,0.007753,30,real,-1,9
37857,-47.222456,31,synthetic,2,10
37880,-2.678937,23,real,-1,2
37914,-6.428798,34,real,-1,13
37948,-3.026257,34,real,-1,13
37979,-2.997668,31,real,-1,10
38008,-4.48479,29,real,-1,8
38031,-6.009809,23,real,-1,2
38053,-3.547566,22,real,-1,1
38086,-0.202847,33,real,-1,12
38110,-3.219673,24,real,-1,3
38136,2.090781,26,real,-1,5
38167,-7.928724,31,real,-1,10
38190,-3.18409,23,real,-1,2
38226,-0.442946,36,real,-1,15
38253,-2.595533,27,real,-1,6
38279,-4.727135,26,real,-1,5
38308,0.82204,29,real,-1,8
38329,-5.340732,21,real,-1,0
38362,-1.430701,33,real,-1,12
38403,-0.325981,41,real,-1,20
38426,-6.295207,23,real,-1,2
38462,-4.90437,36,real,-1,15
38490,-7.664659,28,real,-1,7
38532,-31.856024,42,synthetic,2,21
38562,-5.942917,30,real,-1,9
38589,-2.39256,27,real,-1,6
38627,-9.433476,38,real,-1,17
38661,-1.668829,34,real,-1,13
38688,1.687881,27,real,-1,6
38714,-4.007446,26,real,-1,5
38745,-15.693096,31,synthetic,0,10
38781,-7.107793,36,real,-1,15
38814,-1.739043,33,real,-1,12
38851,-45.20593,37,synthetic,2,16
38873,-4.216801,22,real,-1,1
38907,-7.738365,34,real,-1,13
38929,-0.676697,22,real,-1,1
38958,2.805606,29,real,-1,8
38989,3.732067,31,real,-1,10
39029,-8.208535,40,real,-1,19
39050,-31.164566,21,synthetic,1,0
39081,0.763091,31,real,-1,10
39108,0.565548,27,real,-1,6
39147,-10.93342,39,real,-1,18
39178,-1.884577,31,real,-1,10
39204,-1.156911,26,real,-1,5
39233,-4.239792,29,real,-1,8
39259,-50.678606,26,synthetic,2,5
39292,-0.259563,33,real,-1,12
39323,-29.336061,31,synthetic,1,10
39352,-2.497032,29,real,-1,8
39374,-1.510993,22,real,-1,1
39408,-0.039778,34,real,-1,13
39439,-1.083381,31,real,-1,10
39471,-15.583421,32,synthetic,0,11
39498,-2.417866,27,real,-1,6
39532,-6.506567,34,real,-1,13
39565,-5.513324,33,real,-1,12
39586,-4.086613,21,real,-1,0
39609,-13.524738,23,synthetic,0,2
39650,-1.352486,41,real,-1,20
39680,1.78023,30,real,-1,9
39713,1.256115,33,real,-1,12
39750,-13.578899,37,real,-1,16
39773,-32.592297,23,synthetic,2,2
39815,-15.465074,42,synthetic,0,21
39836,-1.290103,21,real,-1,0
39871,0.197983,35,real,-1,14
39896,-0.275181,25,real,-1,4
39921,-5.955021,25,real,-1,4
39942,-8.575949,21,real,-1,0
39978,-5.362612,36,real,-1,15
40004,-0.107139,26,real,-1,5
40030,-3.851107,26,real,-1,5
40052,-5.479583,22,real,-1,1
40090,-2.131393,38,real,-1,17
40132,-0.603892,42,real,-1,21
40170,-3.740668,38,real,-1,17
40212,-9.037103,42,real,-1,21
40252,-3.15147,40,real,-1,19
40294,-0.016976,42,real,-1,21
40325,-2.198027,31,real,-1,10
40350,-3.375414,25,real,-1,4
40387,-36.653678,37,synthetic,2,16
40424,-0.627271,37,real,-1,16
40449,-6.593083,25,real,-1,4
40473,-12.381099,24,real,-1,3
40510,-2.027902,37,real,-1,16
40550,-10.797155,40,synthetic,0,19
40578,0.243585,28,real,-1,7
40604,2.14754,26,real,-1,5
40628,-26.467131,24,synthetic,1,3
40652,-6.819626,24,real,-1,3
40694,-0.480757,42,real,-1,21
40735,-7.727231,41,real,-1,20
40762,-5.410278,27,real,-1,6
40796,-0.983939,34,real,-1,13
40826,-6.785341,30,real,-1,9
40866,-44.465852,40,synthetic,2,19
40907,-5.636404,41,real,-1,20
40934,-19.988831,27,synthetic,1,6
40963,-25.084238,29,synthetic,1,8
40992,-2.372748,29,real,-1,8
41023,-0.945684,31,real,-1,10
41051,-17.446218,28,synthetic,0,7
41080,-18.985873,29,synthetic,0,8
41109,-31.577374,29,synthetic,2,8
41141,-45.648849,32,synthetic,2,11
41162,-21.914663,21,synthetic,1,0
41200,-0.894722,38,real,-1,17
41223,-3.199432,23,real,-1,2
41253,-3.986966,30,real,-1,9
41288,-6.807955,35,real,-1,14
41309,-2.244025,21,real,-1,0
41349,-5.5782,40,real,-1,19
41376,0.714198,27,real,-1,6
41408,-2.073956,32,real,-1,11
41437,-8.707634,29,real,-1,8
41469,-42.218224,32,synthetic,2,11
41496,-37.697851,27,synthetic,2,6
41534,-1.062621,38,real,-1,17
41571,-2.966269,37,real,-1,16
41593,-36.691842,22,synthetic,2,1
41635,-13.306575,42,synthetic,0,21
41658,-1.812651,23,real,-1,2
41680,-2.732084,22,real,-1,1
41710,-3.134283,30,real,-1,9
41743,-2.977648,33,real,-1,12
41783,-9.428705,40,real,-1,19
41808,-10.143614,25,real,-1,4
41845,1.690167,37,real,-1,16
41878,-5.673774,33,real,-1,12
41910,-0.278285,32,real,-1,11
41934,-5.117818,24,real,-1,3
41971,-0.565649,37,real,-1,16
41998,-18.456358,27,synthetic,1,6
42028,3.84797,30,real,-1,9
42070,-2.806296,42,real,-1,21
42100,3.363389,30,real,-1,9
42121,-9.130145,21,real,-1,0
42151,-21.25227,30,synthetic,0,9
42186,-21.400056,35,synthetic,1,14
42212,-0.416602,26,real,-1,5
42245,-6.620177,33,real,-1,12
42277,-35.745212,32,synthetic,2,11
42318,-7.16878,41,real,-1,20
42354,-16.576655,36,synthetic,0,15
42383,-2.205945,29,real,-1,8
42425,-8.43518,42,real,-1,21
42462,1.196252,37,real,-1,16
42502,-5.857839,40,real,-1,19
42529,-3.226875,27,real,-1,6
42552,-0.378693,23,real,-1,2
42575,5.523297,23,real,-1,2
42598,-43.00717,23,synthetic,2,2
42640,-2.435784,42,real,-1,21
42667,-4.007341,27,real,-1,6
42702,-38.949409,35,synthetic,2,14
42734,-4.243648,32,real,-1,11
42775,-13.945363,41,real,-1,20
42811,1.811777,36,real,-1,15
42837,-1.785399,26,real,-1,5
42867,-4.246514,30,real,-1,9
42892,-8.647334,25,real,-1,4
42930,-0.935359,38,real,-1,17
42964,-2.856956,34,real,-1,13
43005,-12.999939,41,real,-1,20
43044,-0.365914,39,real,-1,18
43069,-39.328343,25,synthetic,2,4
43109,-6.570788,40,real,-1,19
43134,-0.634302,25,real,-1,4
43169,0.762812,35,real,-1,14
43193,-5.34825,24,real,-1,3
43221,-3.821734,28,real,-1,7
43257,-4.880627,36,real,-1,15
43292,-0.050202,35,real,-1,14
43329,-9.827795,37,real,-1,16
43367,0.476543,38,real,-1,17
43398,-2.032847,31,real,-1,10
43426,-2.431901,28,real,-1,7
43466,-5.726683,40,real,-1,19
43493,-4.105899,27,real,-1,6
43531,0.106937,38,real,-1,17
43569,-0.167703,38,real,-1,17
43597,-9.475049,28,real,-1,7
43628,-2.941262,31,real,-1,10
43652,-28.923114,24,synthetic,1,3
43673,3.162537,21,real,-1,0
43696,-0.132211,23,real,-1,2
43736,6.929295,40,real,-1,19
43773,-7.930195,37,real,-1,16
43809,0.473148,36,real,-1,15
43833,3.14985,24,real,-1,3
43862,-9.877911,29,real,-1,8
43899,-33.478768,37,synthetic,2,16
43922,-1.826071,23,real,-1,2
43948,-23.127266,26,synthetic,1,5
43976,-22.906869,28,synthetic,1,7
44002,0.275085,26,real,-1,5
44044,-2.127289,42,real,-1,21
44065,-2.587049,21,real,-1,0
44093,-11.299219,28,synthetic,0,7
44125,-0.045329,32,real,-1,11
44156,-5.66395,31,real,-1,10
44183,-4.539245,27,real,-1,6
44212,0.286479,29,real,-1,8
44243,-43.6948,31,synthetic,2,10
44279,-1.669528,36,real,-1,15
44307,1.539658,28,real,-1,7
44337,5.158065,30,real,-1,9
44371,-2.551603,34,real,-1,13
44400,1.89,29,real,-1,8
44440,-30.082415,40,synthetic,2,19
44465,-3.806742,25,real,-1,4
44501,-9.118528,36,synthetic,0,15
44538,-31.703294,37,synthetic,2,16
44571,-2.297209,33,real,-1,12
44608,-15.470894,37,real,-1,16
44646,-4.957181,38,real,-1,17
44674,-7.327431,28,real,-1,7
44711,-8.204417,37,real,-1,16
44742,1.54749,31,real,-1,10
44784,-1.822931,42,real,-1,21
44818,-4.954143,34,real,-1,13
44849,-30.537128,31,synthetic,2,10
44882,-4.485972,33,real,-1,12
44916,-4.455582,34,real,-1,13
44958,-7.610546,42,real,-1,21
44996,-7.838552,38,real,-1,17
45024,-10.219473,28,real,-1,7
45056,-2.053644,32,real,-1,11
45098,4.215586,42,real,-1,21
45128,-5.655211,30,real,-1,9
45155,2.808653,27,real,-1,6
45183,2.830112,28,real,-1,7
45215,-7.410718,32,real,-1,11
45251,-1.330192,36,real,-1,15
45278,-3.813715,27,real,-1,6
45306,-11.542816,28,real,-1,7
45344,1.842583,38,real,-1,17
45379,-0.775584,35,real,-1,14
45414,0.883995,35,real,-1,14
45449,-6.218114,35,real,-1,14
45471,-0.225627,22,real,-1,1
45509,1.865645,38,real,-1,17
45535,-2.295311,26,real,-1,5
45570,-1.040807,35,real,-1,14
45596,0.63289,26,real,-1,5
45626,-4.64875,30,real,-1,9
45654,-20.367845,28,synthetic,1,7
45696,-16.196377,42,synthetic,0,21
45732,-1.84234,36,real,-1,15
45771,-10.263105,39,real,-1,18
45798,-3.157609,27,real,-1,6
45829,-22.713258,31,synthetic,1,10
45855,-0.941994,26,real,-1,5
45897,-17.037904,42,synthetic,0,21
45934,-2.791667,37,real,-1,16
45976,-4.489139,42,real,-1,21
46010,1.749327,34,real,-1,13
46050,-8.179225,40,real,-1,19
46085,-4.114157,35,real,-1,14
46107,-3.898003,22,real,-1,1
46140,5.081971,33,real,-1,12
46173,-2.054104,33,real,-1,12
46204,-9.723841,31,real,-1,10
46241,-4.435769,37,real,-1,16
46263,-1.908005,22,real,-1,1
46302,-4.076808,39,real,-1,18
46342,-52.548922,40,synthetic,2,19
46367,-11.086754,25,real,-1,4
46400,-32.637904,33,synthetic,1,12
46432,-16.926933,32,synthetic,0,11
46463,-1.698475,31,real,-1,10
46490,-4.431954,27,real,-1,6
46524,-12.023328,34,real,-1,13
46562,-2.02231,38,real,-1,17
46588,-26.655619,26,synthetic,2,5
46612,-5.29356,24,synthetic,0,3
46639,-4.915977,27,real,-1,6
46663,-27.101961,24,synthetic,2,3
46705,-7.197567,42,synthetic,0,21
46737,-1.349546,32,real,-1,11
46773,-20.759598,36,synthetic,2,15
46801,-1.566318,28,real,-1,7
46838,-5.176745,37,real,-1,16
46880,-40.548305,42,synthetic,2,21
46904,-5.027112,24,real,-1,3
46944,-6.810845,40,real,-1,19
46978,-6.061318,34,real,-1,13
47019,-8.065969,41,real,-1,20
47051,3.214113,32,real,-1,11
47072,-4.296328,21,real,-1,0
47096,-38.012609,24,synthetic,2,3
47118,2.473044,22,real,-1,1
47148,-6.620824,30,real,-1,9
47182,-12.997054,34,synthetic,0,13
47224,-3.743371,42,real,-1,21
47266,-3.96811,42,real,-1,21
47298,-6.597079,32,real,-1,11
47335,0.588918,37,real,-1,16
47367,-11.593092,32,synthetic,0,11
47397,0.539392,30,real,-1,9
47428,-22.179437,31,synthetic,1,10
47451,-3.259032,23,real,-1,2
47490,-4.288492,39,real,-1,18
47530,2.681363,40,real,-1,19
47569,-6.600899,39,real,-1,18
47599,4.471903,30,real,-1,9
47636,-1.119271,37,real,-1,16
47667,-3.656784,31,real,-1,10
47699,-4.233517,32,real,-1,11
47722,-4.262349,23,real,-1,2
47760,-4.385245,38,real,-1,17
47797,-4.479544,37,real,-1,16
47819,-5.568071,22,synthetic,0,1
47843,-19.743668,24,synthetic,0,3
47874,-50.872061,31,synthetic,2,10
47895,-3.175977,21,real,-1,0
47928,2.048535,33,real,-1,12
47968,-7.725166,40,real,-1,19
48010,-4.32848,42,real,-1,21
48037,-13.666736,27,real,-1,6
48069,-56.870268,32,synthetic,2,11
48100,-4.761157,31,real,-1,10
48122,-3.965711,22,real,-1,1
48155,-28.603901,33,synthetic,2,12
48180,-31.129527,25,synthetic,2,4
48210,-4.086108,30,real,-1,9
48243,-6.636255,33,real,-1,12
48276,0.80851,33,real,-1,12
48314,-13.68485,38,real,-1,17
48353,-13.640802,39,real,-1,18
48377,-7.481204,24,real,-1,3
48407,6.130617,30,real,-1,9
48446,-35.775905,39,synthetic,1,18
48487,-1.257102,41,real,-1,20
48522,-2.812045,35,real,-1,14
48547,-2.043235,25,real,-1,4
48568,-5.039912,21,synthetic,0,0
48600,-1.738498,32,real,-1,11
48625,-19.278106,25,synthetic,1,4
48667,-3.159115,42,real,-1,21
48698,-1.531239,31,real,-1,10
48739,-1.359012,41,real,-1,20
48781,-14.72205,42,real,-1,21
48818,-6.071819,37,real,-1,16
48844,-39.690908,26,synthetic,2,5
48865,-11.251808,21,synthetic,0,0
48907,-1.452884,42,real,-1,21
48944,-7.381827,37,real,-1,16
48979,-44.467384,35,synthetic,2,14
49016,-7.958272,37,real,-1,16
49039,-3.417254,23,real,-1,2
49076,-11.421251,37,synthetic,0,16
49111,-6.577697,35,real,-1,14
49148,-17.741261,37,synthetic,0,16
49174,-13.748713,26,synthetic,0,5
49208,-4.437889,34,real,-1,13
49230,-3.577314,22,real,-1,1
49252,-15.898148,22,synthetic,1,1
49275,-6.036682,23,real,-1,2
49309,-9.59863,34,real,-1,13
49348,-5.121105,39,real,-1,18
49390,-8.930984,42,real,-1,21
49428,-41.999008,38,synthetic,2,17
49451,0.469022,23,real,-1,2
49472,-7.097692,21,real,-1,0
49511,-37.901128,39,synthetic,2,18
49550,-1.977556,39,real,-1,18
49582,3.284417,32,real,-1,11
49609,1.17846,27,real,-1,6
49639,-5.401488,30,real,-1,9
49666,-1.886801,27,real,-1,6
49690,1.823141,24,real,-1,3
49730,-22.649101,40,synthetic,1,19
49756,-5.139299,26,real,-1,5
49787,0.649592,31,real,-1,10
49820,-9.354173,33,real,-1,12
49845,-2.022552,25,real,-1,4
49872,-2.329924,27,real,-1,6
49907,-36.680376,35,synthetic,2,14
49937,1.073372,30,real,-1,9
49960,-0.393279,23,real,-1,2
49989,-4.031873,29,real,-1,8
50017,-13.849595,28,synthetic,0,7
50055,-4.902558,38,real,-1,17
50081,-0.060984,26,real,-1,5
50108,-4.534136,27,real,-1,6
50134,-19.244245,26,synthetic,1,5
50162,-4.846427,28,real,-1,7
50195,-7.526118,33,real,-1,12
50216,3.416821,21,real,-1,0
50253,0.411734,37,real,-1,16
50274,1.793387,21,real,-1,0
50298,3.464085,24,real,-1,3
50334,-6.27905,36,real,-1,15
50367,-5.636127,33,real,-1,12
50388,-2.835667,21,real,-1,0
50412,2.315956,24,real,-1,3
50438,-4.286912,26,real,-1,5
50460,-37.562351,22,synthetic,2,1
50491,-4.948698,31,real,-1,10
50522,2.554301,31,real,-1,10
50557,-12.259144,35,real,-1,14
50589,-4.332568,32,real,-1,11
50624,-6.580456,35,real,-1,14
50653,-26.823209,29,synthetic,1,8
50692,-12.888174,39,real,-1,18
50716,0.778665,24,real,-1,3
50753,-28.971392,37,synthetic,2,16
50787,-5.395364,34,real,-1,13
50824,-1.453009,37,real,-1,16
50858,-25.072371,34,synthetic,0,13
50897,4.331044,39,real,-1,18
50935,-4.823431,38,real,-1,17
50962,-16.092494,27,synthetic,1,6
51004,-3.16839,42,real,-1,21
51033,-6.663988,29,real,-1,8
51075,-7.845186,42,real,-1,21
51106,-5.412926,31,real,-1,10
51148,-9.669405,42,real,-1,21
51188,5.540459,40,real,-1,19
51218,-12.229285,30,synthetic,0,9
51239,-6.424002,21,real,-1,0
51261,-8.253803,22,real,-1,1
51282,-2.058101,21,real,-1,0
51312,-0.089839,30,real,-1,9
51341,-6.945338,29,real,-1,8
51371,-6.843177,30,real,-1,9
51401,-2.011976,30,real,-1,9
51439,-1.899731,38,real,-1,17
51468,-8.081588,29,real,-1,8
51509,-6.807399,41,real,-1,20
51535,1.309925,26,real,-1,5
51571,-5.238604,36,real,-1,15
51593,-4.459784,22,real,-1,1
51626,-4.527966,33,real,-1,12
51651,0.489329,25,real,-1,4
51677,0.980965,26,real,-1,5
51700,-25.354862,23,synthetic,2,2
51734,-17.567901,34,synthetic,0,13
51758,-12.948325,24,synthetic,0,3
51785,-3.745265,27,real,-1,6
51820,-5.741944,35,real,-1,14
51842,-2.669262,22,real,-1,1
51867,-6.701566,25,real,-1,4
51908,3.002868,41,real,-1,20
51948,-2.618564,40,real,-1,19
51977,-0.675219,29,real,-1,8
52011,-25.412477,34,synthetic,1,13
52041,-0.65923,30,real,-1,9
52083,-9.524174,42,real,-1,21
52106,-14.942865,23,synthetic,0,2
52146,-26.703308,40,synthetic,1,19
52169,-0.394805,23,real,-1,2
52211,-2.798582,42,real,-1,21
52242,-2.394601,31,real,-1,10
52282,-24.373241,40,synthetic,2,19
52309,2.589051,27,real,-1,6
52339,-2.101877,30,real,-1,9
52369,-1.800813,30,real,-1,9
52398,-0.764883,29,real,-1,8
52430,-8.170165,32,real,-1,11
52461,-1.993534,31,real,-1,10
52493,-5.757206,32,real,-1,11
52519,-0.979193,26,real,-1,5
52559,-15.363467,40,synthetic,0,19
52582,-6.340516,23,real,-1,2
52616,-5.371358,34,real,-1,13
52658,-38.200312,42,synthetic,2,21
52700,-7.440509,42,real,-1,21
52730,-4.68691,30,real,-1,9
52752,-2.025443,22,real,-1,1
52782,-2.857327,30,real,-1,9
52809,-4.713692,27,real,-1,6
52838,2.677513,29,real,-1,8
52870,-9.43948,32,real,-1,11
52901,-2.1879,31,real,-1,10
52935,0.287827,34,real,-1,13
52956,-7.370991,21,synthetic,0,0
52987,-11.892135,31,real,-1,10
53014,-17.888713,27,synthetic,0,6
53043,-2.777121,29,real,-1,8
53077,-6.972537,34,real,-1,13
53104,-0.67962,27,real,-1,6
53127,-4.347766,23,real,-1,2
53157,-25.690065,30,synthetic,1,9
53194,0.7086,37,real,-1,16
53227,-4.779863,33,real,-1,12
53259,-1.406271,32,real,-1,11
53285,0.710636,26,real,-1,5
53316,-4.588538,31,real,-1,10
53358,-4.573347,42,real,-1,21
53399,-4.863327,41,real,-1,20
53439,3.323432,40,real,-1,19
53466,-8.5307,27,real,-1,6
53489,2.181462,23,real,-1,2
53514,-4.342332,25,real,-1,4
53540,-2.507601,26,real,-1,5
53562,-1.434692,22,real,-1,1
53598,-7.376559,36,real,-1,15
53625,-40.485991,27,synthetic,2,6
53651,-0.370266,26,real,-1,5
53688,2.704243,37,real,-1,16
53713,-6.340372,25,real,-1,4
53744,-3.357044,31,real,-1,10
53778,-2.037648,34,real,-1,13
53815,-6.702784,37,real,-1,16
53841,-37.605398,26,synthetic,2,5
53880,-12.853935,39,synthetic,0,18
53922,0.863865,42,real,-1,21
53963,-8.907966,41,real,-1,20
53998,-0.277468,35,real,-1,14
54021,-4.818406,23,real,-1,2
54049,-1.53548,28,real,-1,7
54075,-2.979307,26,real,-1,5
54108,-5.003508,33,real,-1,12
54131,-6.00645,23,real,-1,2
54168,-2.849373,37,real,-1,16
54190,0.828403,22,real,-1,1
54220,-7.547559,30,real,-1,9
54254,5.36055,34,real,-1,13
54279,-1.029513,25,real,-1,4
54312,-23.753311,33,synthetic,1,12
54342,-2.050995,30,real,-1,9
54383,-16.060642,41,synthetic,1,20
54411,-2.904058,28,real,-1,7
54445,2.265219,34,real,-1,13
54475,-0.24968,30,real,-1,9
54516,-0.588641,41,real,-1,20
54550,-15.027744,34,synthetic,0,13
54585,-4.316807,35,real,-1,14
54613,-40.189081,28,synthetic,2,7
54643,-14.840925,30,real,-1,9
54684,-12.005448,41,real,-1,20
54711,-10.144767,27,synthetic,0,6
54749,-11.547858,38,real,-1,17
54773,-1.017928,24,real,-1,3
54809,-3.989581,36,real,-1,15
54843,-3.209132,34,real,-1,13
54885,-8.390004,42,real,-1,21
54906,-3.582482,21,real,-1,0
54948,-16.722172,42,synthetic,0,21
54986,-2.518313,38,real,-1,17
55012,-5.913229,26,real,-1,5
55044,-5.906515,32,real,-1,11
55071,-14.426138,27,synthetic,0,6
55105,-5.030023,34,real,-1,13
55146,-0.026062,41,real,-1,20
55183,-18.844948,37,synthetic,1,16
55222,-38.640287,39,synthetic,2,18
55254,-1.174545,32,real,-1,11
55277,-11.82567,23,synthetic,0,2
55310,-3.47918,33,real,-1,12
55340,-4.349993,30,real,-1,9
55382,-2.457457,42,real,-1,21
55417,-36.757257,35,synthetic,2,14
55451,0.467989,34,real,-1,13
55486,-2.95229,35,real,-1,14
55520,-1.713645,34,real,-1,13
55559,-5.284225,39,real,-1,18
55587,-8.326998,28,real,-1,7
55616,-12.071803,29,real,-1,8
55647,1.964152,31,real,-1,10
55668,2.840234,21,real,-1,0
55700,-1.925343,32,real,-1,11
55727,-4.686644,27,real,-1,6
55760,-44.657355,33,synthetic,2,12
55802,-13.161631,42,synthetic,0,21
55824,0.982508,22,real,-1,1
55850,3.578353,26,real,-1,5
55881,-27.445069,31,synthetic,2,10
55906,2.094066,25,real,-1,4
55947,-4.898909,41,real,-1,20
55977,3.587852,30,real,-1,9
56000,-2.503083,23,real,-1,2
56031,-10.972495,31,synthetic,0,10
56063,-0.851347,32,real,-1,11
56097,-8.790432,34,real,-1,13
56120,-12.919988,23,synthetic,0,2
56159,-2.085918,39,real,-1,18
56196,-2.044918,37,real,-1,16
56221,-2.470384,25,real,-1,4
56249,-29.705794,28,synthetic,1,7
56287,-2.450178,38,real,-1,17
56321,-9.43016,34,real,-1,13
56351,-0.130892,30,real,-1,9
56379,1.419443,28,real,-1,7
56412,-4.168969,33,real,-1,12
56438,-4.993352,26,real,-1,5
56469,-4.315392,31,real,-1,10
56505,-22.411257,36,synthetic,1,15
56535,-5.019366,30,real,-1,9
56559,-3.13703,24,real,-1,3
56596,-16.759351,37,synthetic,0,16
56618,-0.84162,22,real,-1,1
56649,-28.772077,31,synthetic,2,10
56674,-1.838953,25,real,-1,4
56714,-1.287304,40,real,-1,19
56748,-2.174515,34,real,-1,13
56770,-3.173701,22,real,-1,1
56812,-8.497223,42,real,-1,21
56849,-5.57891,37,real,-1,16
56872,3.319833,23,real,-1,2
56905,-6.000383,33,real,-1,12
56936,-18.828027,31,real,-1,10
56969,-0.110383,33,real,-1,12
56990,2.065488,21,real,-1,0
57016,-0.391218,26,real,-1,5
57047,-12.377268,31,synthetic,0,10
57076,-27.622579,29,synthetic,1,8
57102,4.799372,26,real,-1,5
57130,-3.030411,28,real,-1,7
57158,-31.807217,28,synthetic,2,7
57183,-11.005908,25,real,-1,4
57213,-2.209573,30,real,-1,9
57236,-3.694075,23,real,-1,2
57274,0.711132,38,real,-1,17
57296,-13.792732,22,real,-1,1
57335,-21.360044,39,synthetic,0,18
57367,-0.758293,32,real,-1,11
57402,-1.671225,35,real,-1,14
57426,-6.773367,24,real,-1,3
57467,-6.033477,41,real,-1,20
57507,-1.517741,40,real,-1,19
57530,1.980692,23,real,-1,2
57559,-5.52977,29,real,-1,8
57585,-1.412475,26,real,-1,5
57615,5.188506,30,real,-1,9
57648,-4.485143,33,real,-1,12
57686,-18.151593,38,synthetic,1,17
57711,2.189053,25,real,-1,4
57749,-14.72113,38,real,-1,17
57787,-9.352038,38,real,-1,17
57819,3.654065,32,real,-1,11
57840,-8.9126,21,real,-1,0
57864,-4.41169,24,real,-1,3
57890,-20.644508,26,synthetic,1,5
57925,0.517102,35,real,-1,14
57960,-5.685501,35,real,-1,14
57993,2.201726,33,real,-1,12
58032,2.201184,39,real,-1,18
58058,-1.153112,26,real,-1,5
58086,-5.201645,28,real,-1,7
58119,-9.883479,33,real,-1,12
58140,-16.565067,21,synthetic,1,0
58181,-9.215818,41,real,-1,20
58210,1.052221,29,real,-1,8
58239,-6.962695,29,real,-1,8
58267,-6.449879,28,real,-1,7
58292,-23.421842,25,synthetic,1,4
58327,-26.876268,35,synthetic,1,14
58359,-3.190609,32,real,-1,11
58384,-4.413295,25,real,-1,4
58412,-12.880947,28,synthetic,0,7
58454,-5.30541,42,real,-1,21
58492,-7.229771,38,real,-1,17
58520,-1.72122,28,real,-1,7
58561,-21.06675,41,synthetic,0,20
58600,-3.752873,39,real,-1,18
58623,3.891246,23,real,-1,2
58659,-6.756054,36,real,-1,15
58683,2.470104,24,real,-1,3
58720,-35.547949,37,synthetic,1,16
58755,-4.65148,35,real,-1,14
58794,-13.827155,39,real,-1,18
58822,-4.976098,28,real,-1,7
58855,-1.834401,33,real,-1,12
58876,1.489452,21,real,-1,0
58918,-3.41031,42,real,-1,21
58955,2.436844,37,real,-1,16
58985,-18.779705,30,synthetic,0,9
59016,-0.917019,31,real,-1,10
59054,-6.652208,38,real,-1,17
59079,-8.260049,25,real,-1,4
59110,-2.582209,31,real,-1,10
59138,-9.988628,28,synthetic,0,7
59172,2.540113,34,real,-1,13
59204,3.852711,32,real,-1,11
59246,-8.191002,42,real,-1,21
59271,-17.360191,25,synthetic,1,4
59305,1.519701,34,real,-1,13
59327,-1.238245,22,real,-1,1
59354,-2.008337,27,real,-1,6
59393,3.621699,39,real,-1,18
59421,-3.302938,28,real,-1,7
59448,-6.048255,27,real,-1,6
59488,1.911463,40,real,-1,19
59516,-2.747713,28,real,-1,7
59547,-16.912388,31,synthetic,1,10
59586,-9.060556,39,real,-1,18
59614,-7.227886,28,real,-1,7
59647,-1.539883,33,real,-1,12
59689,-7.361035,42,real,-1,21
59717,-1.934117,28,real,-1,7
59740,-23.724274,23,synthetic,2,2
59772,-11.543449,32,real,-1,11
59814,-34.189372,42,synthetic,2,21
59836,-2.814572,22,real,-1,1
59862,-18.986667,26,synthetic,0,5
59894,-1.523333,32,real,-1,11
59936,5.275064,42,real,-1,21
59963,-43.460001,27,synthetic,2,6
59995,-6.400499,32,real,-1,11
60021,-3.513347,26,real,-1,5
60044,0.700616,23,real,-1,2
60072,-5.399964,28,real,-1,7
60111,-36.167072,39,synthetic,2,18
60146,-0.229616,35,real,-1,14
60187,-12.875902,41,synthetic,0,20
60220,-31.459838,33,synthetic,1,12
60249,-17.426962,29,synthetic,0,8
60288,-9.432971,39,synthetic,0,18
60327,-2.521749,39,real,-1,18
60366,-14.388673,39,synthetic,1,18
60388,-2.827949,22,real,-1,1
60417,-3.706512,29,real,-1,8
60446,3.200494,29,real,-1,8
60484,-1.656895,38,real,-1,17
60525,1.160509,41,real,-1,20
60557,-11.75901,32,synthetic,0,11
60594,-19.222962,37,synthetic,1,16
60635,-6.147204,41,real,-1,20
60660,3.438851,25,real,-1,4
60697,-3.096717,37,real,-1,16
60730,-2.862924,33,real,-1,12
60757,0.538786,27,real,-1,6
60792,1.320038,35,real,-1,14
60834,-9.464867,42,real,-1,21
60865,-5.086932,31,real,-1,10
60899,-8.711711,34,synthetic,0,13
60941,-13.225199,42,real,-1,21
60980,-2.713228,39,real,-1,18
61006,-1.14833,26,real,-1,5
61045,-4.067897,39,real,-1,18
61069,-33.676971,24,synthetic,2,3
61092,0.169584,23,real,-1,2
61117,-7.43128,25,real,-1,4
61154,-40.979901,37,synthetic,2,16
61193,-7.952778,39,real,-1,18
61229,1.272175,36,real,-1,15
61268,2.896751,39,real,-1,18
61290,-1.050003,22,real,-1,1
61324,-35.993576,34,synthetic,1,13
61354,-0.361029,30,real,-1,9
61393,-0.758876,39,real,-1,18
61435,6.136966,42,real,-1,21
61456,-0.780638,21,real,-1,0
61487,-3.188169,31,real,-1,10
61527,-12.341603,40,real,-1,19
61558,-1.844781,31,real,-1,10
61600,-4.916833,42,real,-1,21
61623,-20.548095,23,synthetic,1,2
61663,-19.559666,40,synthetic,0,19
61689,-5.631902,26,real,-1,5
61718,-34.316316,29,synthetic,2,8
61758,-35.011969,40,synthetic,2,19
61781,-1.223312,23,real,-1,2
61812,5.904237,31,real,-1,10
61844,-15.077747,32,real,-1,11
61866,-20.149523,22,synthetic,1,1
61898,0.796292,32,real,-1,11
61920,-2.389484,22,real,-1,1
61948,-3.697983,28,real,-1,7
61985,-3.88297,37,real,-1,16
62009,-0.395744,24,real,-1,3
62033,-4.882144,24,real,-1,3
62073,-6.815899,40,real,-1,19
62097,-4.001088,24,real,-1,3
62138,-14.256003,41,synthetic,0,20
62170,3.576551,32,real,-1,11
62195,-19.660731,25,synthetic,1,4
62229,-5.594499,34,real,-1,13
62265,-4.074182,36,real,-1,15
62298,-40.470819,33,synthetic,2,12
62325,-5.166378,27,real,-1,6
62358,-34.761838,33,synthetic,2,12
62386,-5.49814,28,real,-1,7
62409,1.383928,23,real,-1,2
62439,-4.178442,30,real,-1,9
62462,-7.280122,23,synthetic,0,2
62503,-4.612919,41,real,-1,20
62537,-19.641566,34,synthetic,1,13
62576,-1.981601,39,real,-1,18
62605,-2.834039,29,real,-1,8
62628,-0.343304,23,real,-1,2
62656,-30.99711,28,synthetic,2,7
62684,-6.780935,28,synthetic,0,7
62715,-5.365025,31,real,-1,10
62743,-1.88435,28,real,-1,7
62768,-3.981727,25,real,-1,4
62810,-0.143977,42,real,-1,21
62831,-1.061131,21,real,-1,0
62870,-4.287786,39,real,-1,18
62891,-4.266437,21,real,-1,0
62925,-40.557054,34,synthetic,2,13
62967,-9.311204,42,real,-1,21
63007,-3.118252,40,real,-1,19
63037,-1.834978,30,real,-1,9
63077,-23.40787,40,synthetic,1,19
63118,-5.052967,41,real,-1,20
63142,-7.922093,24,real,-1,3
63184,-6.066404,42,real,-1,21
63222,2.876113,38,real,-1,17
63260,0.370275,38,real,-1,17
63298,-1.675322,38,real,-1,17
63336,-7.771815,38,real,-1,17
63367,-2.625144,31,real,-1,10
63393,1.232143,26,real,-1,5
63426,-7.504056,33,real,-1,12
63449,1.54561,23,real,-1,2
63482,-1.005719,33,real,-1,12
63524,-2.758371,42,real,-1,21
63559,-4.664425,35,real,-1,14
63597,-4.598387,38,real,-1,17
63636,-38.848775,39,synthetic,2,18
63675,-21.573967,39,synthetic,0,18
63698,-28.95806,23,synthetic,1,2
63724,-6.777403,26,real,-1,5
63751,-5.867888,27,real,-1,6
63777,-12.470395,26,real,-1,5
63815,-10.376813,38,real,-1,17
63847,1.364166,32,real,-1,11
63872,-0.96234,25,real,-1,4
63905,-2.691607,33,real,-1,12
63938,-4.820873,33,real,-1,12
63960,-5.460413,22,real,-1,1
63993,-1.978255,33,real,-1,12
64024,-6.239642,31,real,-1,10
64062,-35.428319,38,synthetic,1,17
64104,0.391644,42,real,-1,21
64145,1.097932,41,real,-1,20
64182,-2.946339,37,real,-1,16
64208,-1.090023,26,real,-1,5
64232,-30.260601,24,synthetic,2,3
64258,-9.166326,26,real,-1,5
64287,-7.317462,29,real,-1,8
64328,-6.235804,41,real,-1,20
64363,0.540577,35,real,-1,14
64396,-13.188643,33,real,-1,12
64433,-4.877024,37,real,-1,16
64456,1.006744,23,real,-1,2
64494,-2.862025,38,real,-1,17
64524,-1.516629,30,real,-1,9
64551,-30.465163,27,synthetic,2,6
64574,-5.20843,23,real,-1,2
64612,2.939052,38,real,-1,17
64641,1.126636,29,real,-1,8
64675,-3.303309,34,real,-1,13
64713,-31.896286,38,synthetic,1,17
64739,-23.956866,26,synthetic,1,5
64762,-5.56629,23,real,-1,2
64801,-10.543519,39,real,-1,18
64828,-27.252553,27,synthetic,1,6
64870,-2.425093,42,real,-1,21
64896,-1.163598,26,real,-1,5
64937,-6.274719,41,real,-1,20
64963,-18.456832,26,synthetic,1,5
64985,-1.945785,22,real,-1,1
65019,-39.486634,34,synthetic,2,13
65041,-3.334073,22,real,-1,1
65065,-7.94362,24,real,-1,3
65089,-0.563334,24,real,-1,3
65116,-29.7605,27,synthetic,2,6
65158,-8.441197,42,real,-1,21
65183,-4.762342,25,real,-1,4
65223,-20.550608,40,synthetic,1,19
65247,-2.706242,24,real,-1,3
65280,-3.48801,33,real,-1,12
65305,-32.90654,25,synthetic,2,4
65337,1.981447,32,real,-1,11
65370,-13.039043,33,synthetic,0,12
65409,-30.622276,39,synthetic,1,18
65441,-4.310903,32,real,-1,11
65477,-9.859852,36,real,-1,15
65514,-31.562458,37,synthetic,1,16
65548,-15.908845,34,synthetic,0,13
65582,-0.042818,34,real,-1,13
65611,-1.904193,29,real,-1,8
65641,-10.204019,30,real,-1,9
65664,2.001709,23,real,-1,2
65685,-1.688554,21,real,-1,0
65709,-0.707064,24,real,-1,3
65739,-25.260743,30,synthetic,2,9
65781,4.435619,42,real,-1,21
65803,-4.129599,22,real,-1,1
65838,-6.68401,35,real,-1,14
65870,0.996327,32,real,-1,11
65903,-8.423082,33,real,-1,12
65926,3.638349,23,real,-1,2
65954,-37.059894,28,synthetic,2,7
65987,1.057715,33,real,-1,12
66021,-12.700965,34,synthetic,0,13
66042,-42.931803,21,synthetic,2,0
66069,-1.935476,27,real,-1,6
66096,-14.333237,27,synthetic,0,6
66122,-21.495637,26,synthetic,1,5
66162,-41.871934,40,synthetic,2,19
66198,-10.393927,36,synthetic,0,15
66234,-3.98748,36,real,-1,15
66265,0.745094,31,real,-1,10
66294,0.220242,29,real,-1,8
66332,-2.200626,38,real,-1,17
66374,-2.945613,42,real,-1,21
66415,-0.457595,41,real,-1,20
66449,-7.876332,34,real,-1,13
66471,-32.623317,22,synthetic,1,1
66498,-5.139248,27,real,-1,6
66534,-14.798991,36,synthetic,0,15
66574,-0.188537,40,real,-1,19
66601,-1.828243,27,real,-1,6
66642,-3.941245,41,real,-1,20
66681,-4.702944,39,real,-1,18
66717,-22.468715,36,synthetic,1,15
66748,-9.550028,31,real,-1,10
66789,-35.670663,41,synthetic,1,20
66817,-6.09515,28,synthetic,0,7
66856,-2.265622,39,real,-1,18
66885,-8.969545,29,real,-1,8
66911,-4.456594,26,real,-1,5
66943,-1.804601,32,real,-1,11
66973,-7.202611,30,real,-1,9
67012,-4.879783,39,real,-1,18
67047,-4.122619,35,real,-1,14
67087,-0.321522,40,real,-1,19
67111,-3.591843,24,real,-1,3
67134,-0.734051,23,real,-1,2
67161,2.509313,27,real,-1,6
67192,-2.268289,31,real,-1,10
67216,-1.127892,24,real,-1,3
67249,2.287831,33,real,-1,12
67283,2.358607,34,real,-1,13
67313,-9.988648,30,real,-1,9
67341,-1.447878,28,real,-1,7
67366,-13.401427,25,real,-1,4
67390,-4.131448,24,real,-1,3
67411,-8.128941,21,synthetic,0,0
67436,-3.402916,25,real,-1,4
67477,0.205595,41,real,-1,20
67512,0.217544,35,real,-1,14
67540,-3.181347,28,real,-1,7
67568,3.029644,28,real,-1,7
67596,-5.485872,28,real,-1,7
67637,-9.880894,41,synthetic,0,20
67658,-5.137093,21,real,-1,0
67698,-6.091206,40,real,-1,19
67735,-3.765779,37,real,-1,16
67774,-33.178722,39,synthetic,1,18
67797,-36.851997,23,synthetic,2,2
67831,-4.51665,34,real,-1,13
67862,-0.414802,31,real,-1,10
67892,3.718272,30,real,-1,9
67916,-0.472896,24,real,-1,3
67958,0.208201,42,real,-1,21
67991,-31.379223,33,synthetic,2,12
68016,0.074885,25,real,-1,4
68049,-3.022179,33,real,-1,12
68071,-0.257288,22,real,-1,1
68104,-1.503461,33,real,-1,12
68127,-3.263173,23,real,-1,2
68160,-9.42458,33,real,-1,12
68182,0.787144,22,real,-1,1
68218,-46.922613,36,synthetic,2,15
68247,-22.341537,29,synthetic,1,8
68278,-6.93976,31,real,-1,10
68312,-4.979153,34,real,-1,13
68342,5.848028,30,real,-1,9
68382,-8.45678,40,real,-1,19
68405,-4.810675,23,real,-1,2
68447,-1.291039,42,real,-1,21
68486,-12.086341,39,real,-1,18
68516,-18.639497,30,synthetic,1,9
68558,-11.269255,42,real,-1,21
68584,-3.133022,26,real,-1,5
68624,-8.113617,40,real,-1,19
68655,-1.239046,31,real,-1,10
68680,-7.20324,25,real,-1,4
68719,-4.9412,39,real,-1,18
68751,-1.817802,32,real,-1,11
68772,-2.576719,21,real,-1,0
68810,-40.604371,38,synthetic,2,17
68852,-39.373613,42,synthetic,2,21
68889,-5.189044,37,real,-1,16
68916,-2.905889,27,real,-1,6
68957,-8.179973,41,synthetic,0,20
68984,6.014369,27,real,-1,6
69009,-10.099692,25,real,-1,4
69049,-1.785549,40,real,-1,19
69080,1.115149,31,real,-1,10
69115,-3.090488,35,real,-1,14
69141,2.383802,26,real,-1,5
69171,-7.584221,30,real,-1,9
69194,0.102241,23,real,-1,2
69235,5.086087,41,real,-1,20
69257,-5.4736,22,real,-1,1
69286,2.329962,29,real,-1,8
69315,0.93084,29,real,-1,8
69350,-2.324962,35,real,-1,14
69376,-1.708029,26,real,-1,5
69398,-2.550844,22,real,-1,1
69437,-8.135941,39,real,-1,18
69475,0.936496,38,real,-1,17
69497,-5.032387,22,real,-1,1
69530,1.634621,33,real,-1,12
69557,-14.84913,27,synthetic,0,6
69598,-19.452617,41,synthetic,0,20
69628,-3.542558,30,real,-1,9
69652,1.050041,24,real,-1,3
69677,2.317695,25,real,-1,4
69702,-4.521451,25,real,-1,4
69725,-0.158905,23,real,-1,2
69766,-4.12696,41,real,-1,20
69788,-1.250155,22,real,-1,1
69826,-5.940902,38,real,-1,17
69847,1.91287,21,real,-1,0
69873,-10.512486,26,synthetic,0,5
69896,1.543743,23,real,-1,2
69936,-2.02935,40,real,-1,19
69976,0.603786,40,real,-1,19
70008,-3.810819,32,real,-1,11
70050,0.009775,42,real,-1,21
70088,-9.760417,38,real,-1,17
70126,-37.105583,38,synthetic,2,17
70147,-2.454501,21,real,-1,0
70178,-39.803982,31,synthetic,2,10
70214,-7.549472,36,real,-1,15
70242,-3.185091,28,real,-1,7
70274,-5.649563,32,real,-1,11
70309,-2.89496,35,real,-1,14
70336,-3.268297,27,real,-1,6
70372,-3.027381,36,real,-1,15
70399,-5.022894,27,real,-1,6
70422,-4.574261,23,real,-1,2
70450,-0.549795,28,real,-1,7
70476,0.800977,26,real,-1,5
70510,3.103559,34,real,-1,13
70543,-5.312297,33,real,-1,12
70571,-30.482252,28,synthetic,1,7
70600,-2.252316,29,real,-1,8
70640,-4.7234,40,real,-1,19
70668,-6.996092,28,real,-1,7
70696,-3.52785,28,real,-1,7
70719,-5.318977,23,real,-1,2
70756,-40.967926,37,synthetic,2,16
70783,-37.325545,27,synthetic,2,6
70805,-8.464257,22,real,-1,1
70839,-0.326693,34,real,-1,13
70872,2.195773,33,real,-1,12
70896,-0.689533,24,real,-1,3
70937,-6.887897,41,real,-1,20
70970,-4.362811,33,real,-1,12
70998,-10.4525,28,synthetic,0,7
71036,-5.592996,38,real,-1,17
71064,-2.201177,28,real,-1,7
71100,-11.234229,36,real,-1,15
71139,-6.387969,39,real,-1,18
71176,-7.426206,37,real,-1,16
71197,-1.103382,21,real,-1,0
71231,2.338801,34,real,-1,13
71253,1.252928,22,real,-1,1
71281,-4.128406,28,real,-1,7
71318,-6.901576,37,real,-1,16
71360,-4.171005,42,real,-1,21
71395,2.781926,35,real,-1,14
71429,-8.088988,34,real,-1,13
71455,-1.950781,26,real,-1,5
71491,-4.387977,36,real,-1,15
71526,-6.342764,35,real,-1,14
71557,-0.20714,31,real,-1,10
71585,3.21414,28,real,-1,7
71625,-6.77949,40,real,-1,19
71660,0.962376,35,real,-1,14
71694,-13.80608,34,real,-1,13
71732,-12.426186,38,synthetic,0,17
71756,-0.003625,24,real,-1,3
71790,-10.874998,34,synthetic,0,13
71826,-16.423573,36,synthetic,0,15
71849,0.255618,23,real,-1,2
71882,0.229321,33,real,-1,12
71911,-2.711326,29,real,-1,8
71932,-0.112502,21,real,-1,0
71961,0.309699,29,real,-1,8
71986,-2.55799,25,real,-1,4
72008,-10.284691,22,real,-1,1
72032,1.907044,24,real,-1,3
72064,-1.229972,32,real,-1,11
72103,-8.18934,39,real,-1,18
72143,-6.562532,40,real,-1,19
72185,-12.919408,42,real,-1,21
72226,-36.996933,41,synthetic,2,20
72267,-1.0231,41,real,-1,20
72299,-5.815639,32,real,-1,11
72340,-26.18424,41,synthetic,1,20
72371,1.130541,31,real,-1,10
72400,-1.259591,29,real,-1,8
72434,1.106193,34,real,-1,13
72471,5.277818,37,real,-1,16
72509,1.823465,38,real,-1,17
72530,-2.920483,21,real,-1,0
72572,1.881776,42,synthetic,0,21
72614,-29.910687,42,synthetic,1,21
72656,3.598848,42,real,-1,21
72679,-1.225419,23,real,-1,2
72710,-5.320299,31,real,-1,10
72745,-7.493915,35,real,-1,14
72766,-0.097871,21,real,-1,0
72793,-1.184156,27,real,-1,6
72822,-5.650733,29,real,-1,8
72852,0.975346,30,real,-1,9
72887,-1.807674,35,real,-1,14
72914,-4.909054,27,synthetic,0,6
72942,3.007127,28,real,-1,7
72969,-1.634286,27,real,-1,6
72991,-0.534988,22,real,-1,1
73016,-31.807073,25,synthetic,2,4
73048,2.603887,32,real,-1,11
73089,-4.983583,41,real,-1,20
73129,0.736524,40,real,-1,19
73150,-4.453816,21,real,-1,0
73172,-2.064908,22,real,-1,1
73206,-7.465379,34,real,-1,13
73241,-5.374622,35,real,-1,14
73271,-3.814378,30,real,-1,9
73308,-4.56018,37,real,-1,16
73330,-0.347296,22,real,-1,1
73364,1.68388,34,real,-1,13
73402,-4.839282,38,real,-1,17
73426,-18.591398,24,synthetic,0,3
73465,-2.122152,39,real,-1,18
73500,-0.412632,35,real,-1,14
73536,-4.481927,36,real,-1,15
73557,7.266666,21,real,-1,0
73592,-1.737957,35,real,-1,14
73632,-1.23319,40,real,-1,19
73664,-2.191449,32,real,-1,11
73688,2.161769,24,real,-1,3
73719,-29.63978,31,synthetic,2,10
73749,-0.640559,30,real,-1,9
73788,-6.331411,39,real,-1,18
73817,2.881134,29,real,-1,8
73848,-10.048489,31,real,-1,10
73889,-18.976084,41,synthetic,1,20
73912,-10.653437,23,synthetic,0,2
73939,-0.271533,27,real,-1,6
73980,-4.60811,41,real,-1,20
74018,-0.464286,38,real,-1,17
74045,-26.052922,27,synthetic,2,6
74069,-2.935507,24,real,-1,3
74108,4.962611,39,real,-1,18
74137,-6.449205,29,real,-1,8
74174,0.343031,37,real,-1,16
74206,-9.938055,32,real,-1,11
74234,-1.958405,28,real,-1,7
74257,0.531516,23,real,-1,2
74280,-3.918923,23,real,-1,2
74321,-9.878175,41,real,-1,20
74358,-2.255328,37,real,-1,16
74385,-3.202832,27,real,-1,6
74408,-0.347753,23,real,-1,2
74442,-4.072959,34,real,-1,13
74480,-5.772882,38,real,-1,17
74502,0.294974,22,real,-1,1
74531,-4.511105,29,real,-1,8
74573,-24.109875,42,synthetic,1,21
74596,-5.577778,23,real,-1,2
74620,-4.342576,24,real,-1,3
74662,1.148843,42,real,-1,21
74703,-46.001801,41,synthetic,2,20
74733,-2.055905,30,real,-1,9
74769,-17.014597,36,synthetic,0,15
74793,-2.990519,24,real,-1,3
74817,-3.81295,24,real,-1,3
74848,-7.046991,31,real,-1,10
74884,-2.824322,36,real,-1,15
74917,0.023666,33,real,-1,12
74945,2.863037,28,real,-1,7
74976,-4.509312,31,real,-1,10
75006,-0.623252,30,real,-1,9
75032,1.45027,26,real,-1,5
75072,-4.791636,40,real,-1,19
75113,-25.118306,41,synthetic,1,20
75140,-13.29695,27,synthetic,0,6
75178,3.730663,38,real,-1,17
75209,-0.709469,31,real,-1,10
75249,0.064318,40,real,-1,19
75283,-1.919135,34,real,-1,13
75323,-6.588354,40,real,-1,19
75365,-5.814626,42,real,-1,21
75392,-12.054984,27,real,-1,6
75431,1.246287,39,real,-1,18
75460,-3.58598,29,real,-1,8
75486,-10.112231,26,real,-1,5
75510,-12.56099,24,real,-1,3
75546,3.638449,36,real,-1,15
75576,-38.659519,30,synthetic,2,9
75611,-5.172276,35,real,-1,14
75634,-0.367447,23,real,-1,2
75674,-8.235517,40,real,-1,19
75710,-36.096647,36,synthetic,1,15
75741,-11.916947,31,synthetic,0,10
75769,0.683065,28,real,-1,7
75809,-37.074046,40,synthetic,2,19
75837,-2.988741,28,real,-1,7
75862,-4.79392,25,real,-1,4
75903,-5.892244,41,real,-1,20
75928,-1.676133,25,real,-1,4
75964,4.008836,36,real,-1,15
75992,-2.393124,28,real,-1,7
76018,-14.257538,26,synthetic,0,5
76046,-7.58235,28,real,-1,7
76072,-0.53271,26,real,-1,5
76094,-4.916983,22,real,-1,1
76136,-4.385266,42,real,-1,21
76163,-11.88988,27,synthetic,0,6
76202,0.506597,39,real,-1,18
76225,-39.510094,23,synthetic,2,2
76258,-3.975217,33,real,-1,12
76283,-50.452372,25,synthetic,2,4
76315,-2.339758,32,real,-1,11
76340,-2.809866,25,real,-1,4
76378,-13.798605,38,synthetic,0,17
76419,0.249382,41,real,-1,20
76441,-4.32853,22,real,-1,1
76462,2.126322,21,real,-1,0
76500,-5.036802,38,real,-1,17
76535,-21.997998,35,synthetic,1,14
76570,-0.705561,35,real,-1,14
76594,-4.445931,24,real,-1,3
76621,-14.184375,27,synthetic,0,6
76650,3.516081,29,real,-1,8
76677,-12.287226,27,real,-1,6
76704,-5.896267,27,real,-1,6
76742,0.214185,38,real,-1,17
76777,-14.894409,35,real,-1,14
76809,-20.607624,32,synthetic,1,11
76836,0.091346,27,real,-1,6
76868,0.360473,32,real,-1,11
76892,-4.195677,24,real,-1,3
76927,-8.356129,35,real,-1,14
76957,-4.649572,30,real,-1,9
76980,0.089807,23,real,-1,2
77016,1.565125,36,real,-1,15
77040,-2.4663,24,real,-1,3
77061,-0.752436,21,real,-1,0
77100,-5.618257,39,real,-1,18
77137,-11.244745,37,real,-1,16
77162,-2.005753,25,real,-1,4
77200,-2.531397,38,real,-1,17
77234,0.966709,34,real,-1,13
77257,-35.572447,23,synthetic,2,2
77281,2.765832,24,real,-1,3
77317,-36.10096,36,synthetic,2,15
77348,-13.678165,31,real,-1,10
77375,-0.521791,27,real,-1,6
77409,-1.58607,34,real,-1,13
77445,-7.384429,36,real,-1,15
77474,0.503839,29,real,-1,8
77499,-4.083644,25,real,-1,4
77540,-9.399031,41,real,-1,20
77563,-0.562874,23,real,-1,2
77593,-40.053195,30,synthetic,2,9
77634,-47.410479,41,synthetic,2,20
77658,-24.261792,24,synthetic,1,3
77681,-31.379266,23,synthetic,1,2
77715,-7.315413,34,real,-1,13
77743,-4.036684,28,real,-1,7
77769,-0.326484,26,real,-1,5
77805,0.086996,36,real,-1,15
77837,-4.423137,32,real,-1,11
77860,-25.037881,23,synthetic,1,2
77899,-1.263362,39,real,-1,18
77921,-23.381164,22,synthetic,1,1
77952,-14.59274,31,synthetic,1,10
77975,-21.973679,23,synthetic,1,2
77999,-4.346763,24,real,-1,3
78028,-0.270799,29,real,-1,8
78069,-21.121839,41,synthetic,0,20
78099,-35.286452,30,synthetic,2,9
78135,-3.880908,36,real,-1,15
78174,-1.822084,39,real,-1,18
78201,-2.203045,27,real,-1,6
78240,-5.575005,39,real,-1,18
78261,-21.85572,21,synthetic,1,0
78291,-0.678883,30,real,-1,9
78332,-53.554509,41,synthetic,2,20
78359,-3.861185,27,real,-1,6
78390,-1.989309,31,real,-1,10
78429,0.070651,39,real,-1,18
78462,-5.690455,33,real,-1,12
78489,-29.928149,27,synthetic,2,6
78513,-4.970415,24,real,-1,3
78542,-1.594819,29,real,-1,8
78573,2.234336,31,real,-1,10
78614,-2.211542,41,real,-1,20
78650,-44.854731,36,synthetic,2,15
78682,-0.24026,32,real,-1,11
78709,-0.121502,27,real,-1,6
78746,-1.992538,37,real,-1,16
78769,3.077739,23,real,-1,2
78804,-8.924233,35,real,-1,14
78835,3.822393,31,real,-1,10
78867,-0.146835,32,real,-1,11
78909,0.208024,42,real,-1,21
78935,-3.035364,26,real,-1,5
78969,-6.376826,34,real,-1,13
79004,-1.758338,35,real,-1,14
79035,-2.083741,31,real,-1,10
79071,-1.302934,36,real,-1,15
79098,-0.771349,27,real,-1,6
79137,-6.71671,39,real,-1,18
79169,-12.181784,32,real,-1,11
79194,-26.257162,25,synthetic,1,4
79215,-25.211382,21,synthetic,1,0
79257,-2.33003,42,real,-1,21
79293,-7.869234,36,synthetic,0,15
79325,-2.758956,32,real,-1,11
79360,-6.541645,35,real,-1,14
79396,-6.276338,36,real,-1,15
79429,-1.243779,33,real,-1,12
79458,-9.681323,29,synthetic,0,8
79485,-3.348452,27,real,-1,6
79526,-6.100909,41,real,-1,20
79564,-8.180031,38,real,-1,17
79599,-0.86469,35,real,-1,14
79625,-4.008657,26,real,-1,5
79654,-31.17395,29,synthetic,1,8
79691,-7.175423,37,real,-1,16
79713,-7.638873,22,real,-1,1
79755,-7.282614,42,real,-1,21
79782,1.16571,27,real,-1,6
79823,-5.087899,41,real,-1,20
79847,-16.362424,24,synthetic,0,3
79878,-15.240497,31,synthetic,0,10
79920,-3.900251,42,real,-1,21
79950,0.518753,30,real,-1,9
79973,-3.098908,23,real,-1,2
80000,-9.824187,27,real,-1,6
80033,-2.003994,33,real,-1,12
80062,-29.515803,29,synthetic,2,8
80100,-0.917577,38,real,-1,17
80122,-2.943881,22,real,-1,1
80147,-3.729151,25,real,-1,4
80175,-5.069249,28,real,-1,7
80199,-0.284267,24,real,-1,3
80221,-1.374164,22,real,-1,1
80255,-1.92632,34,real,-1,13
80282,-1.354324,27,real,-1,6
80305,-3.543312,23,real,-1,2
80326,0.726018,21,real,-1,0
80363,-0.294558,37,real,-1,16
80397,-23.792467,34,synthetic,1,13
80433,-10.351031,36,real,-1,15
80462,-8.650167,29,real,-1,8
80501,-1.884204,39,real,-1,18
80529,-35.120824,28,synthetic,1,7
80558,-7.419307,29,real,-1,8
80588,-4.066266,30,real,-1,9
80624,-6.755035,36,real,-1,15
80665,-8.745215,41,real,-1,20
80691,-4.299627,26,real,-1,5
80725,0.45222,34,real,-1,13
80759,-17.318165,34,synthetic,0,13
80781,1.048673,22,real,-1,1
80802,0.608202,21,real,-1,0
80843,-2.926071,41,real,-1,20
80881,-7.856146,38,real,-1,17
80905,-1.831206,24,real,-1,3
80941,-1.738387,36,real,-1,15
80968,-6.654155,27,real,-1,6
81007,-0.253923,39,real,-1,18
81048,-9.644842,41,real,-1,20
81069,-0.950653,21,real,-1,0
81094,0.259313,25,real,-1,4
81132,-8.693406,38,real,-1,17
81154,-3.516589,22,real,-1,1
81189,0.56813,35,real,-1,14
81219,0.7477,30,real,-1,9
81255,-2.709291,36,real,-1,15
81292,-4.517366,37,real,-1,16
81328,-3.273843,36,real,-1,15
81368,-3.52722,40,real,-1,19
81402,-12.826275,34,real,-1,13
81424,-47.674629,22,synthetic,2,1
81445,-3.54004,21,real,-1,0
81472,-2.276268,27,real,-1,6
81496,-7.717717,24,real,-1,3
81532,-6.253806,36,real,-1,15
81559,-7.545728,27,real,-1,6
81586,2.393307,27,real,-1,6
81620,-1.260779,34,real,-1,13
81661,-6.068994,41,real,-1,20
81685,3.737087,24,real,-1,3
81713,3.155131,28,real,-1,7
81748,-12.836531,35,real,-1,14
81772,-37.707982,24,synthetic,2,3
81798,-1.679147,26,real,-1,5
81822,3.518453,24,real,-1,3
81861,-0.809031,39,real,-1,18
81894,-9.883714,33,synthetic,0,12
81917,-3.783375,23,real,-1,2
81951,-31.133485,34,synthetic,1,13
81992,-2.981894,41,real,-1,20
82027,-4.472667,35,real,-1,14
82049,-1.228653,22,real,-1,1
82077,-4.8002,28,real,-1,7
82113,-3.021295,36,real,-1,15
82135,-3.222208,22,real,-1,1
82163,-4.933391,28,real,-1,7
82202,-8.616998,39,real,-1,18
82240,5.988204,38,real,-1,17
82280,-6.069629,40,real,-1,19
82317,-39.943796,37,synthetic,2,16
82359,-12.348317,42,synthetic,0,21
82388,-3.954773,29,real,-1,8
82418,-6.793259,30,synthetic,0,9
82443,-5.743954,25,real,-1,4
82472,1.964361,29,real,-1,8
82508,-5.935444,36,real,-1,15
82529,-38.893614,21,synthetic,2,0
82551,-7.274734,22,real,-1,1
82579,-4.239393,28,real,-1,7
82607,0.714247,28,real,-1,7
82629,0.678822,22,real,-1,1
82667,0.303031,38,real,-1,17
82705,-2.45984,38,real,-1,17
82734,-16.275704,29,synthetic,0,8
82770,-0.987573,36,real,-1,15
82799,-1.721296,29,real,-1,8
82837,-5.259562,38,real,-1,17
82878,-5.51929,41,real,-1,20
82899,-38.616356,21,synthetic,2,0
82922,-0.173969,23,real,-1,2
82950,0.271398,28,real,-1,7
82981,-39.721421,31,synthetic,2,10
83013,4.565451,32,real,-1,11
83054,3.620363,41,real,-1,20
83093,2.6658,39,real,-1,18
83123,-1.991351,30,real,-1,9
83150,0.099186,27,real,-1,6
83189,-8.235325,39,real,-1,18
83222,3.031825,33,real,-1,12
83247,-4.582567,25,real,-1,4
83287,1.998175,40,real,-1,19
83324,-10.319198,37,real,-1,16
83365,-7.789894,41,real,-1,20
83391,1.254615,26,real,-1,5
83415,0.637361,24,real,-1,3
83438,-0.934062,23,real,-1,2
83468,-5.023947,30,real,-1,9
83494,2.705435,26,real,-1,5
83524,-35.96617,30,synthetic,2,9
83547,7.633137,23,real,-1,2
83568,-2.827954,21,real,-1,0
83593,-0.571034,25,real,-1,4
83629,-1.81548,36,real,-1,15
83666,-3.652911,37,real,-1,16
83695,-5.587173,29,real,-1,8
83717,1.049238,22,real,-1,1
83752,-7.904216,35,real,-1,14
83776,0.682052,24,real,-1,3
83812,-2.166395,36,real,-1,15
83837,-9.53687,25,real,-1,4
83875,-3.849146,38,real,-1,17
83913,-18.803092,38,synthetic,1,17
83954,2.788595,41,real,-1,20
83991,-30.775162,37,synthetic,2,16
84017,-12.778905,26,real,-1,5
84045,-1.932176,28,real,-1,7
84085,-4.258196,40,real,-1,19
84120,1.581995,35,real,-1,14
84154,-2.736896,34,real,-1,13
84180,-9.607794,26,synthetic,0,5
84213,-2.113067,33,real,-1,12
84234,2.390298,21,real,-1,0
84270,-4.96213,36,real,-1,15
84303,4.739564,33,real,-1,12
84335,1.51972,32,real,-1,11
84373,-9.322206,38,real,-1,17
84411,-3.632609,38,real,-1,17
84440,-32.311709,29,synthetic,1,8
84464,-6.181038,24,real,-1,3
84486,-1.692684,22,real,-1,1
84519,4.198754,33,real,-1,12
84554,-7.893627,35,real,-1,14
84588,3.571352,34,real,-1,13
84610,-3.606248,22,real,-1,1
84649,-7.291271,39,real,-1,18
84677,2.562251,28,real,-1,7
84701,2.434314,24,real,-1,3
84725,-3.507375,24,real,-1,3
84767,0.447732,42,real,-1,21
84807,-23.151513,40,synthetic,2,19
84848,-8.094805,41,real,-1,20
84869,-5.308804,21,real,-1,0
84896,-8.331773,27,real,-1,6
84924,5.800053,28,real,-1,7
84953,-2.861512,29,real,-1,8
84977,2.09325,24,real,-1,3
85000,-14.249433,23,synthetic,1,2
85027,0.956448,27,real,-1,6
85054,-6.238521,27,real,-1,6
85085,-6.139718,31,real,-1,10
85116,-3.323841,31,real,-1,10
85141,1.479298,25,real,-1,4
85164,-6.484352,23,real,-1,2
85185,-11.639541,21,real,-1,0
85216,-10.092007,31,real,-1,10
85237,-2.001953,21,real,-1,0
85270,-2.765461,33,real,-1,12
85292,-15.632827,22,synthetic,0,1
85322,-7.052081,30,real,-1,9
85345,-12.500975,23,synthetic,0,2
85379,-1.56813,34,real,-1,13
85414,-7.198849,35,real,-1,14
85442,-1.968542,28,real,-1,7
85478,-0.051339,36,real,-1,15
85505,0.998609,27,real,-1,6
85541,-17.10177,36,synthetic,0,15
85570,-3.8881,29,real,-1,8
85596,1.109852,26,real,-1,5
85635,-6.728588,39,real,-1,18
85665,-24.47317,30,synthetic,1,9
85686,0.566594,21,real,-1,0
85722,-1.863837,36,real,-1,15
85746,-4.204628,24,real,-1,3
85768,0.036866,22,real,-1,1
85808,3.732444,40,real,-1,19
85844,-0.722574,36,real,-1,15
85877,-0.894753,33,real,-1,12
85899,-2.746147,22,real,-1,1
85928,-2.551843,29,real,-1,8
85963,1.594935,35,real,-1,14
85991,-7.494154,28,real,-1,7
86018,-16.508289,27,synthetic,1,6
86039,-3.742379,21,real,-1,0
86062,-6.704243,23,real,-1,2
86095,-2.982383,33,real,-1,12
86121,-1.481604,26,real,-1,5
86148,2.33498,27,real,-1,6
86188,-1.413454,40,real,-1,19
86220,-7.016145,32,real,-1,11
86242,-5.373385,22,real,-1,1
86267,-0.095846,25,real,-1,4
86301,-5.717906,34,real,-1,13
86331,-4.433367,30,real,-1,9
86365,-8.184044,34,real,-1,13
86389,-2.794155,24,real,-1,3
86430,-3.26351,41,real,-1,20
86463,-3.654767,33,real,-1,12
86498,-27.553821,35,synthetic,1,14
86538,-2.828649,40,real,-1,19
86570,1.751184,32,real,-1,11
86597,-1.3439,27,real,-1,6
86626,-0.273538,29,real,-1,8
86648,-2.229262,22,real,-1,1
86685,-11.848532,37,synthetic,0,16
86725,-6.488284,40,real,-1,19
86746,5.060593,21,real,-1,0
86783,-1.554817,37,real,-1,16
86814,-36.919533,31,synthetic,1,10
86850,-25.305764,36,synthetic,1,15
86887,-12.177824,37,synthetic,0,16
86914,-14.87168,27,real,-1,6
86942,-9.679299,28,synthetic,0,7
86984,-4.83821,42,real,-1,21
87026,-1.817974,42,real,-1,21
87051,-4.001536,25,real,-1,4
87086,-0.015537,35,real,-1,14
87124,-7.444404,38,real,-1,17
87166,-1.912065,42,real,-1,21
87195,2.611981,29,real,-1,8
87217,-43.180144,22,synthetic,2,1
87256,-1.904969,39,real,-1,18
87289,-4.100853,33,real,-1,12
87318,0.963034,29,real,-1,8
87340,-5.189741,22,real,-1,1
87368,-23.468318,28,synthetic,2,7
87395,-4.715641,27,real,-1,6
87430,-1.804712,35,real,-1,14
87456,-6.858651,26,real,-1,5
87477,-5.532565,21,real,-1,0
87515,-6.821785,38,real,-1,17
87538,-9.137537,23,synthetic,0,2
87577,-7.960485,39,real,-1,18
87618,-8.064445,41,real,-1,20
87648,0.621051,30,real,-1,9
87680,-10.502171,32,real,-1,11
87714,-22.708525,34,synthetic,0,13
87741,-3.122039,27,real,-1,6
87781,-1.683527,40,real,-1,19
87807,-0.495551,26,real,-1,5
87840,-1.654028,33,real,-1,12
87873,-5.218708,33,real,-1,12
87907,-7.416433,34,real,-1,13
87936,-35.273496,29,synthetic,2,8
87972,1.62469,36,real,-1,15
88002,-18.608617,30,synthetic,1,9
88027,-7.513655,25,real,-1,4
88065,4.517823,38,real,-1,17
88099,1.366946,34,real,-1,13
88130,-3.592341,31,real,-1,10
88151,2.335877,21,real,-1,0
88176,-1.09151,25,real,-1,4
88211,-7.779194,35,real,-1,14
88235,-3.704298,24,real,-1,3
88258,1.45921,23,real,-1,2
88298,-17.157904,40,synthetic,1,19
88327,-1.181307,29,real,-1,8
88348,-3.953483,21,real,-1,0
88386,-12.399749,38,real,-1,17
88419,-16.054955,33,synthetic,1,12
88448,-0.468231,29,real,-1,8
88488,-4.769158,40,real,-1,19
88517,-5.289203,29,real,-1,8
88559,-3.108997,42,real,-1,21
88584,-1.10088,25,real,-1,4
88610,2.082095,26,real,-1,5
88635,2.734231,25,real,-1,4
88662,-3.866092,27,real,-1,6
88689,-2.204968,27,real,-1,6
88714,-2.559075,25,real,-1,4
88750,-7.094971,36,real,-1,15
88792,-1.109475,42,real,-1,21
88824,-0.892241,32,real,-1,11
88865,-6.053484,41,real,-1,20
88902,-5.393711,37,real,-1,16
88938,-13.762222,36,synthetic,0,15
88977,-6.803153,39,real,-1,18
89004,-5.167803,27,real,-1,6
89030,-1.471624,26,real,-1,5
89064,-35.3273,34,synthetic,1,13
89088,3.012123,24,real,-1,3
89126,-14.264353,38,real,-1,17
89161,-0.770398,35,real,-1,14
89203,0.26758,42,real,-1,21
89226,-28.714655,23,synthetic,2,2
89264,-18.907276,38,synthetic,0,17
89295,-26.6027,31,synthetic,2,10
89331,-3.461361,36,real,-1,15
89373,1.629424,42,real,-1,21
89408,-10.667019,35,synthetic,0,14
89439,-14.250367,31,synthetic,1,10
89460,-1.410559,21,real,-1,0
89485,-4.70172,25,real,-1,4
89511,0.349848,26,real,-1,5
89547,-5.50363,36,real,-1,15
89578,-4.812412,31,real,-1,10
89603,-16.999041,25,synthetic,0,4
89626,-1.027732,23,real,-1,2
89654,4.008839,28,real,-1,7
89694,-16.747417,40,synthetic,1,19
89724,0.588044,30,real,-1,9
89745,-2.04235,21,real,-1,0
89772,-0.790484,27,real,-1,6
89805,-13.542927,33,synthetic,0,12
89837,-3.045299,32,real,-1,11
89863,-20.407299,26,synthetic,1,5
89892,-19.962111,29,synthetic,0,8
89918,-7.906339,26,real,-1,5
89951,-22.468659,33,synthetic,1,12
89973,-1.844166,22,real,-1,1
90009,-4.457267,36,real,-1,15
90037,-37.224459,28,synthetic,2,7
90071,-40.589262,34,synthetic,2,13
90102,-4.044164,31,real,-1,10
90140,-2.337043,38,real,-1,17
90178,-5.039309,38,real,-1,17
90212,3.354781,34,real,-1,13
90251,-37.686926,39,synthetic,2,18
90290,-4.967463,39,real,-1,18
90321,1.897174,31,real,-1,10
90360,1.111049,39,real,-1,18
90392,-42.297369,32,synthetic,2,11
90425,-5.972678,33,real,-1,12
90463,-4.117058,38,real,-1,17
90493,-7.534542,30,real,-1,9
90518,-0.864924,25,real,-1,4
90551,-28.738839,33,synthetic,2,12
90590,1.22789,39,real,-1,18
90614,-7.058249,24,real,-1,3
90656,-16.488697,42,synthetic,0,21
90687,2.936232,31,real,-1,10
90717,-21.971482,30,synthetic,1,9
90744,-10.708661,27,real,-1,6
90769,3.396401,25,real,-1,4
90807,-0.644486,38,real,-1,17
90849,1.955767,42,real,-1,21
90889,-3.750299,40,real,-1,19
90928,-10.530821,39,real,-1,18
90967,-4.987675,39,real,-1,18
90998,-0.708815,31,real,-1,10
91019,-5.31225,21,real,-1,0
91053,-3.880369,34,real,-1,13
91074,-43.091676,21,synthetic,2,0
91104,-3.832697,30,real,-1,9
91146,-0.57842,42,real,-1,21
91187,-4.93184,41,real,-1,20
91222,-3.951983,35,real,-1,14
91259,-8.762821,37,real,-1,16
91290,2.7359,31,real,-1,10
91316,-13.157944,26,synthetic,1,5
91343,-5.554479,27,synthetic,0,6
91374,-2.314965,31,real,-1,10
91407,-7.251322,33,real,-1,12
91439,5.473801,32,real,-1,11
91469,-18.188695,30,synthetic,1,9
91511,-22.909368,42,synthetic,1,21
91540,-3.192877,29,real,-1,8
91565,-3.530716,25,real,-1,4
91597,-7.110753,32,real,-1,11
91627,-9.048545,30,real,-1,9
91657,-5.83489,30,real,-1,9
91694,-9.753527,37,real,-1,16
91722,-1.44357,28,real,-1,7
91761,1.091616,39,real,-1,18
91799,-9.472801,38,real,-1,17
91826,-24.121309,27,synthetic,2,6
91848,-1.439572,22,real,-1,1
91871,-7.584177,23,real,-1,2
91909,-8.243499,38,real,-1,17
91943,-0.827994,34,real,-1,13
91967,-1.481917,24,real,-1,3
91999,-40.166983,32,synthetic,2,11
92022,-2.475038,23,real,-1,2
92064,0.72775,42,real,-1,21
92101,-6.858181,37,real,-1,16
92132,-1.291214,31,real,-1,10
92156,-12.326493,24,real,-1,3
92193,-14.057238,37,synthetic,0,16
92233,-30.180893,40,synthetic,2,19
92269,-32.39919,36,synthetic,2,15
92311,-9.312723,42,real,-1,21
92347,-4.943239,36,real,-1,15
92376,-6.948293,29,real,-1,8
92410,-2.422956,34,real,-1,13
92442,-10.633714,32,real,-1,11
92477,-3.398471,35,real,-1,14
92516,-10.185597,39,real,-1,18
92537,0.455268,21,real,-1,0
92574,-0.887638,37,real,-1,16
92608,-8.760065,34,real,-1,13
92650,-0.217615,42,real,-1,21
92678,2.252787,28,real,-1,7
92713,-1.010556,35,real,-1,14
92755,-5.32556,42,real,-1,21
92784,2.572782,29,real,-1,8
92805,-0.94848,21,real,-1,0
92846,-19.227828,41,synthetic,1,20
92886,-0.415798,40,real,-1,19
92925,-23.179572,39,synthetic,1,18
92964,-6.021616,39,real,-1,18
92991,-1.306147,27,real,-1,6
93033,-3.750507,42,real,-1,21
93057,-7.448738,24,real,-1,3
93087,-6.357181,30,real,-1,9
93109,-20.034086,22,synthetic,1,1
93132,-2.278079,23,real,-1,2
93168,-11.578487,36,real,-1,15
93191,4.922742,23,real,-1,2
93230,-8.761253,39,real,-1,18
93261,-14.383123,31,synthetic,0,10
93288,-7.177731,27,real,-1,6
93320,-1.822111,32,real,-1,11
93348,-0.142535,28,real,-1,7
93373,-4.314779,25,real,-1,4
93402,-35.375644,29,synthetic,2,8
93430,-3.031763,28,real,-1,7
93459,-9.316137,29,real,-1,8
93482,-2.603924,23,real,-1,2
93504,2.314479,22,real,-1,1
93526,-0.825556,22,real,-1,1
93558,-3.470088,32,real,-1,11
93598,-1.081376,40,real,-1,19
93622,-4.436931,24,real,-1,3
93650,5.099914,28,real,-1,7
93678,-14.591053,28,synthetic,0,7
93715,4.657279,37,real,-1,16
93742,0.294639,27,real,-1,6
93771,-17.81155,29,synthetic,1,8
93808,-6.100543,37,real,-1,16
93841,-5.790671,33,real,-1,12
93863,-3.127754,22,real,-1,1
93899,3.13447,36,real,-1,15
93939,-8.419339,40,real,-1,19
93981,0.256223,42,real,-1,21
94005,-6.07865,24,real,-1,3
94031,-32.897075,26,synthetic,1,5
94070,-3.523992,39,real,-1,18
94106,-4.104551,36,real,-1,15
94143,-2.700437,37,real,-1,16
94171,-0.011757,28,real,-1,7
94211,-33.476742,40,synthetic,2,19
94253,-12.391512,42,real,-1,21
94291,-53.483531,38,synthetic,2,17
94316,-0.483169,25,real,-1,4
94351,-24.894576,35,synthetic,0,14
94390,-4.483877,39,real,-1,18
94432,-23.773508,42,synthetic,1,21
94474,-0.471881,42,real,-1,21
94516,-13.231749,42,real,-1,21
94538,-1.357547,22,real,-1,1
94562,0.878067,24,real,-1,3
94595,-3.406741,33,real,-1,12
94631,-2.713006,36,real,-1,15
94672,-9.884791,41,real,-1,20
94703,-1.986495,31,real,-1,10
94734,-34.778933,31,synthetic,2,10
94775,-10.54564,41,real,-1,20
94813,-0.362991,38,real,-1,17
94855,5.351174,42,real,-1,21
94884,0.976693,29,real,-1,8
94909,1.283772,25,real,-1,4
94947,-6.145588,38,real,-1,17
94987,-5.919435,40,real,-1,19
95027,-4.021411,40,real,-1,19
95058,-14.493066,31,real,-1,10
95080,-4.621011,22,real,-1,1
95121,-19.832932,41,synthetic,0,20
95142,-4.051828,21,real,-1,0
95167,-5.571206,25,real,-1,4
95200,-1.841455,33,real,-1,12
95228,6.540828,28,real,-1,7
95263,-3.314253,35,real,-1,14
95290,-5.37592,27,real,-1,6
95324,-1.768403,34,real,-1,13
95356,-8.189412,32,real,-1,11
95387,-18.889223,31,synthetic,0,10
95420,1.083047,33,real,-1,12
95458,-1.784766,38,real,-1,17
95484,-6.814135,26,real,-1,5
95511,-2.117341,27,real,-1,6
95534,0.052777,23,real,-1,2
95569,-0.186405,35,real,-1,14
95604,-4.230288,35,real,-1,14
95644,-11.12249,40,synthetic,0,19
95667,-1.667139,23,real,-1,2
95709,0.145284,42,real,-1,21
95747,-5.790943,38,real,-1,17
95771,-3.663916,24,real,-1,3
95805,-2.586517,34,real,-1,13
95844,-2.749893,39,real,-1,18
95878,-25.753621,34,synthetic,1,13
95902,-8.86626,24,real,-1,3
95939,-4.792141,37,real,-1,16
95980,-4.728297,41,real,-1,20
96015,-0.779263,35,real,-1,14
96049,-6.834628,34,real,-1,13
96070,-3.604519,21,real,-1,0
96097,-4.123063,27,real,-1,6
96130,-20.052919,33,synthetic,1,12
96164,-5.301248,34,real,-1,13
96186,-2.511404,22,real,-1,1
96222,-0.431123,36,real,-1,15
96249,1.503679,27,real,-1,6
96285,2.839265,36,real,-1,15
96307,-1.475738,22,real,-1,1
96343,-1.420396,36,real,-1,15
96373,-1.698,30,real,-1,9
96410,-4.056295,37,real,-1,16
96432,-2.57386,22,real,-1,1
96462,2.451411,30,real,-1,9
96488,-5.799518,26,real,-1,5
96530,-4.301151,42,real,-1,21
96565,-0.108398,35,real,-1,14
96593,0.177008,28,real,-1,7
96619,-0.270817,26,real,-1,5
96652,4.599691,33,real,-1,12
96674,-4.788756,22,real,-1,1
96697,-0.3265,23,real,-1,2
96726,0.93183,29,real,-1,8
96767,-14.73277,41,synthetic,0,20
96803,-0.856851,36,real,-1,15
96842,-1.375126,39,real,-1,18
96866,-18.197218,24,synthetic,0,3
96889,-39.948394,23,synthetic,2,2
96920,-0.600011,31,real,-1,10
96960,-10.146368,40,real,-1,19
96985,-1.61376,25,real,-1,4
97017,-2.525343,32,real,-1,11
97040,-25.059756,23,synthetic,1,2
97081,-5.217367,41,real,-1,20
97108,-5.885499,27,real,-1,6
97150,-4.871549,42,real,-1,21
97175,-19.383747,25,synthetic,0,4
97204,-10.846911,29,real,-1,8
97226,-6.675086,22,real,-1,1
97251,-11.922451,25,synthetic,0,4
97293,-4.226541,42,real,-1,21
97320,-6.570237,27,real,-1,6
97359,-2.316126,39,real,-1,18
97396,-1.694861,37,real,-1,16
97438,-3.039305,42,real,-1,21
97459,-1.505065,21,real,-1,0
97486,4.015495,27,real,-1,6
97517,-26.279236,31,synthetic,2,10
97544,0.425119,27,real,-1,6
97581,-7.63801,37,real,-1,16
97607,-0.91843,26,real,-1,5
97628,-6.299542,21,real,-1,0
97656,-10.45351,28,real,-1,7
97682,-22.914736,26,synthetic,1,5
97715,-0.534312,33,real,-1,12
97755,-12.269413,40,synthetic,0,19
97796,-2.884178,41,real,-1,20
97829,0.973978,33,real,-1,12
97852,-36.062377,23,synthetic,2,2
97894,0.220008,42,real,-1,21
97933,-8.681091,39,real,-1,18
97965,-3.082214,32,real,-1,11
97991,-11.716852,26,real,-1,5
98020,-1.495611,29,real,-1,8
98045,-19.986702,25,synthetic,1,4
98070,-30.05298,25,synthetic,1,4
98091,-24.406948,21,synthetic,1,0
98121,-1.742845,30,real,-1,9
98144,-5.315446,23,real,-1,2
98186,-3.578666,42,real,-1,21
98222,-0.787572,36,real,-1,15
98257,1.00668,35,real,-1,14
98282,-9.760961,25,synthetic,0,4
98305,1.334645,23,real,-1,2
98342,-0.905835,37,real,-1,16
98381,-2.194882,39,real,-1,18
98418,-2.605924,37,real,-1,16
98453,-30.145879,35,synthetic,1,14
98481,-8.371491,28,real,-1,7
98515,-11.43546,34,real,-1,13
98553,-0.172635,38,real,-1,17
98592,1.62852,39,real,-1,18
98618,-1.424283,26,real,-1,5
98648,-5.217494,30,real,-1,9
98689,-12.643453,41,real,-1,20
98723,-8.51072,34,real,-1,13
98753,-1.978117,30,real,-1,9
98777,-3.969485,24,real,-1,3
98802,6.952418,25,real,-1,4
98837,2.233,35,real,-1,14
98868,3.645605,31,real,-1,10
98910,0.551848,42,real,-1,21
98940,-0.393921,30,real,-1,9
98973,-6.979935,33,real,-1,12
99005,-4.793848,32,real,-1,11
99039,-5.120338,34,real,-1,13
99073,-12.396745,34,real,-1,13
99101,3.268412,28,real,-1,7
99126,-12.538061,25,real,-1,4
99152,-0.679137,26,real,-1,5
99181,0.960289,29,real,-1,8
99210,-5.241684,29,real,-1,8
99240,-4.395618,30,real,-1,9
99274,-10.502395,34,real,-1,13
99308,-0.01414,34,real,-1,13
99330,-29.753668,22,synthetic,1,1
99352,-6.167208,22,synthetic,0,1
99381,-43.102663,29,synthetic,2,8
99405,-0.806494,24,real,-1,3
99442,-25.002835,37,synthetic,1,16
99475,-2.736998,33,real,-1,12
99504,-9.229404,29,real,-1,8
99534,-2.274192,30,real,-1,9
99556,-14.560331,22,synthetic,0,1
99577,1.629446,21,real,-1,0
99598,-1.172951,21,real,-1,0
99633,-13.467963,35,synthetic,0,14
99659,1.48439,26,real,-1,5
99694,-11.319623,35,real,-1,14
99730,2.439485,36,real,-1,15
99764,-0.834243,34,real,-1,13
99796,-9.058951,32,real,-1,11
99836,-2.210593,40,real,-1,19
99860,-0.297158,24,real,-1,3
99886,-4.34723,26,real,-1,5
99909,0.566752,23,real,-1,2
99937,1.693669,28,real,-1,7
99976,-2.013074,39,real,-1,18
100014,-10.844195,38,real,-1,17
100056,-50.837137,42,synthetic,2,21
100097,-28.08099,41,synthetic,1,20
100137,-5.985229,40,real,-1,19
100163,0.327936,26,real,-1,5
100194,0.367722,31,real,-1,10
100218,-3.648614,24,real,-1,3
100239,-1.728041,21,real,-1,0
100271,-4.815198,32,real,-1,11
100307,0.642155,36,real,-1,15
100331,-1.598949,24,real,-1,3
100356,1.179096,25,real,-1,4
100385,-26.736524,29,synthetic,1,8
100426,-4.354823,41,real,-1,20
100466,-10.774929,40,real,-1,19
100504,-3.04951,38,real,-1,17
100528,0.687886,24,real,-1,3
100567,4.203481,39,real,-1,18
100595,-3.177413,28,real,-1,7
100635,-0.868862,40,real,-1,19
100665,-4.431106,30,real,-1,9
100707,-2.632795,42,real,-1,21
100742,2.397053,35,real,-1,14
100774,0.260678,32,real,-1,11
100811,-18.737597,37,synthetic,0,16
100850,-31.642094,39,synthetic,2,18
100880,-1.322715,30,real,-1,9
100912,0.031452,32,real,-1,11
100949,-5.07586,37,real,-1,16
100986,-8.429348,37,real,-1,16
101026,-6.132737,40,real,-1,19
101057,5.301433,31,real,-1,10
101098,-0.919277,41,real,-1,20
101119,-3.991201,21,real,-1,0
101153,-5.537701,34,real,-1,13
101181,-43.684595,28,synthetic,2,7
101216,-8.250059,35,real,-1,14
101249,0.085899,33,real,-1,12
101286,-4.639251,37,real,-1,16
101309,-2.364823,23,real,-1,2
101344,-0.445314,35,real,-1,14
101386,-4.853746,42,real,-1,21
101415,-1.924961,29,real,-1,8
101448,0.846651,33,real,-1,12
101483,1.35379,35,real,-1,14
101504,-1.134918,21,real,-1,0
101539,-1.381706,35,real,-1,14
101568,-1.026442,29,real,-1,8
101608,-7.833217,40,real,-1,19
101634,-8.51653,26,synthetic,0,5
101668,-4.902668,34,real,-1,13
101690,1.592099,22,real,-1,1
101720,-1.194244,30,real,-1,9
101755,-2.939981,35,real,-1,14
101782,-4.728417,27,real,-1,6
101807,5.35691,25,real,-1,4
101834,-1.983229,27,real,-1,6
101868,-9.719079,34,real,-1,13
101905,-9.934707,37,real,-1,16
101930,-8.040484,25,real,-1,4
101956,-20.70217,26,synthetic,1,5
101985,1.946283,29,real,-1,8
102007,-3.03717,22,real,-1,1
102046,-1.071075,39,real,-1,18
102083,-4.322258,37,real,-1,16
102113,-9.914102,30,synthetic,0,9
102153,-12.170568,40,real,-1,19
102177,-0.42097,24,real,-1,3
102216,-21.726267,39,synthetic,1,18
102252,-16.877094,36,synthetic,0,15
102290,1.077931,38,real,-1,17
102317,-3.183817,27,real,-1,6
102353,-34.483133,36,synthetic,2,15
102376,0.656492,23,real,-1,2
102407,-44.151697,31,synthetic,2,10
102442,-15.555123,35,synthetic,0,14
102471,-4.070904,29,real,-1,8
102494,-7.848347,23,real,-1,2
102530,-4.798212,36,real,-1,15
102563,-3.995869,33,real,-1,12
102596,-1.030072,33,real,-1,12
102625,-30.069601,29,synthetic,2,8
102657,-49.054942,32,synthetic,2,11
102680,-40.379269,23,synthetic,2,2
102717,-9.432634,37,real,-1,16
102741,-7.765808,24,synthetic,0,3
102770,-0.432853,29,real,-1,8
102800,-15.52974,30,synthetic,0,9
102827,-6.327898,27,real,-1,6
102858,-2.720891,31,real,-1,10
102889,-17.228786,31,synthetic,0,10
102915,1.947898,26,real,-1,5
102940,-3.342657,25,real,-1,4
102965,-10.576957,25,synthetic,0,4
103000,-2.749255,35,real,-1,14
103033,-8.0849,33,real,-1,12
103063,-6.982994,30,real,-1,9
103095,-7.778707,32,real,-1,11
103136,0.183315,41,real,-1,20
103174,-15.654931,38,real,-1,17
103197,-8.794663,23,real,-1,2
103234,-2.642925,37,real,-1,16
103255,-39.391195,21,synthetic,2,0
103284,-8.895192,29,synthetic,0,8
103307,-1.059184,23,real,-1,2
103343,-4.3057,36,real,-1,15
103371,-4.151286,28,real,-1,7
103410,-11.902067,39,real,-1,18
103433,-37.268356,23,synthetic,2,2
103468,-4.300218,35,real,-1,14
103502,-26.389183,34,synthetic,1,13
103534,3.297373,32,real,-1,11
103560,-9.139534,26,synthetic,0,5
103589,-3.722935,29,real,-1,8
103613,-26.801671,24,synthetic,1,3
103641,-6.14371,28,real,-1,7
103667,-7.469254,26,real,-1,5
103696,-2.705783,29,real,-1,8
103719,-7.698344,23,real,-1,2
103750,-4.297662,31,real,-1,10
103792,-1.831669,42,real,-1,21
103819,-2.737016,27,real,-1,6
103860,-12.984329,41,synthetic,0,20
103895,-5.808865,35,real,-1,14
103925,-14.286672,30,synthetic,1,9
103955,-27.067485,30,synthetic,1,9
103995,-36.336403,40,synthetic,2,19
104034,-3.18967,39,real,-1,18
104057,-0.436654,23,real,-1,2
104089,-6.99537,32,real,-1,11
104129,-2.002602,40,real,-1,19
104171,-7.066864,42,real,-1,21
104211,-17.782637,40,synthetic,0,19
104245,1.324504,34,real,-1,13
104278,-11.514268,33,real,-1,12
104299,-42.698312,21,synthetic,2,0
104320,-4.908071,21,real,-1,0
104360,-9.043756,40,real,-1,19
104381,2.778228,21,real,-1,0
104418,1.275249,37,real,-1,16
104447,-25.861108,29,synthetic,1,8
104474,-2.067538,27,real,-1,6
104514,1.972878,40,real,-1,19
104540,-0.019549,26,real,-1,5
104565,-2.030414,25,real,-1,4
104591,-31.393373,26,synthetic,1,5
104629,0.88579,38,real,-1,17
104659,-2.694354,30,real,-1,9
104700,-1.998733,41,real,-1,20
104732,-2.133104,32,real,-1,11
104757,-1.677505,25,real,-1,4
104792,-3.97763,35,real,-1,14
104828,-10.697916,36,synthetic,0,15
104869,-2.914807,41,real,-1,20
104898,2.220309,29,real,-1,8
104921,-12.132167,23,synthetic,0,2
104960,-1.104705,39,real,-1,18
104981,2.66469,21,real,-1,0
105009,-2.346126,28,real,-1,7
105035,4.297407,26,real,-1,5
105066,-5.223129,31,real,-1,10
105098,-3.696349,32,real,-1,11
105134,-5.160916,36,real,-1,15
105157,-1.693131,23,real,-1,2
105178,-7.355111,21,real,-1,0
105213,-29.296883,35,synthetic,1,14
105236,-1.415456,23,real,-1,2
105276,-6.916584,40,real,-1,19
105303,-4.304104,27,real,-1,6
105333,-2.367229,30,real,-1,9
105369,-5.958965,36,real,-1,15
105394,-43.858537,25,synthetic,2,4
105431,-1.481661,37,real,-1,16
105471,-0.332618,40,real,-1,19
105492,-28.330831,21,synthetic,2,0
105520,-31.229934,28,synthetic,2,7
105555,-3.768211,35,real,-1,14
105587,4.518894,32,real,-1,11
105609,1.115037,22,real,-1,1
105645,-5.814469,36,real,-1,15
105685,-7.279388,40,real,-1,19
105717,-5.510356,32,real,-1,11
105748,-29.840034,31,synthetic,1,10
105788,-2.286853,40,real,-1,19
105809,-26.413106,21,synthetic,2,0
105849,-4.285611,40,real,-1,19
105887,-12.56603,38,real,-1,17
105912,-10.360033,25,real,-1,4
105950,-8.946491,38,real,-1,17
105992,-1.03267,42,real,-1,21
106021,3.185878,29,real,-1,8
106049,-30.464865,28,synthetic,1,7
106073,1.239899,24,real,-1,3
106095,-3.875046,22,real,-1,1
106122,-33.587202,27,synthetic,2,6
106145,-0.561731,23,real,-1,2
106182,-26.97803,37,synthetic,1,16
106218,-7.842612,36,real,-1,15
106247,-0.466211,29,real,-1,8
106269,2.187884,22,real,-1,1
106304,-8.974828,35,real,-1,14
106330,-0.621622,26,real,-1,5
106360,-27.944761,30,synthetic,2,9
106384,0.599073,24,real,-1,3
106406,-26.588299,22,synthetic,1,1
106438,-37.284932,32,synthetic,2,11
106460,-2.787053,22,real,-1,1
106499,-3.297635,39,real,-1,18
106529,6.465727,30,real,-1,9
106550,-0.665921,21,real,-1,0
106590,-6.002695,40,real,-1,19
106621,-6.518004,31,real,-1,10
106647,-18.806778,26,synthetic,1,5
106672,-4.681062,25,real,-1,4
106703,-1.010878,31,real,-1,10
106745,-22.452438,42,synthetic,1,21
106781,-1.720999,36,real,-1,15
106807,5.397292,26,real,-1,5
106843,-45.371995,36,synthetic,2,15
106867,-16.870839,24,synthetic,0,3
106890,-16.053521,23,synthetic,0,2
106914,-1.372917,24,real,-1,3
106955,-2.945241,41,real,-1,20
106994,-8.813418,39,real,-1,18
107015,2.105311,21,real,-1,0
107036,-6.550509,21,real,-1,0
107060,-5.592839,24,real,-1,3
107100,-7.514607,40,real,-1,19
107128,-34.920721,28,synthetic,2,7
107159,-3.067171,31,real,-1,10
107185,-12.964492,26,synthetic,0,5
107225,-19.111353,40,synthetic,1,19
107256,2.424233,31,real,-1,10
107282,-0.251451,26,real,-1,5
107305,-2.53267,23,real,-1,2
107345,0.664607,40,real,-1,19
107367,-2.810352,22,real,-1,1
107394,-10.533936,27,real,-1,6
107436,-0.535739,42,real,-1,21
107476,-0.603832,40,real,-1,19
107517,-11.042455,41,real,-1,20
107540,2.314539,23,real,-1,2
107563,-19.515685,23,synthetic,1,2
107598,1.22991,35,real,-1,14
107625,-5.239742,27,real,-1,6
107646,-0.163303,21,real,-1,0
107682,2.872589,36,real,-1,15
107706,-11.829934,24,synthetic,0,3
107736,-25.152634,30,synthetic,1,9
107765,-8.833446,29,real,-1,8
107799,-1.859147,34,real,-1,13
107834,-5.435638,35,real,-1,14
107863,-11.286401,29,synthetic,0,8
107884,1.392201,21,real,-1,0
107921,-8.718285,37,real,-1,16
107963,-0.328067,42,real,-1,21
107992,0.220071,29,real,-1,8
108032,-13.359131,40,synthetic,0,19
108066,-4.052817,34,real,-1,13
108105,3.507585,39,real,-1,18
108132,-0.812682,27,real,-1,6
108153,1.762263,21,real,-1,0
108181,-29.080595,28,synthetic,1,7
108212,-8.135908,31,real,-1,10
108237,-22.390745,25,synthetic,1,4
108262,-25.661514,25,synthetic,1,4
108291,-7.999912,29,real,-1,8
108327,-4.470535,36,real,-1,15
108369,-2.912989,42,real,-1,21
108405,-4.773804,36,real,-1,15
108427,-5.978259,22,real,-1,1
108448,-1.948981,21,real,-1,0
108490,-34.325972,42,synthetic,2,21
108515,-4.521613,25,real,-1,4
108548,-0.476702,33,real,-1,12
108587,-13.369891,39,synthetic,0,18
108628,-3.528417,41,real,-1,20
108660,1.04579,32,real,-1,11
108696,-8.929726,36,real,-1,15
108728,-33.259241,32,synthetic,1,11
108766,-6.150569,38,real,-1,17
108800,-0.090417,34,real,-1,13
108830,0.759277,30,real,-1,9
108858,-4.385571,28,real,-1,7
108895,-3.199293,37,real,-1,16
108935,-9.210965,40,real,-1,19
108968,-1.150254,33,real,-1,12
108995,-22.828495,27,synthetic,1,6
109018,-6.461884,23,real,-1,2
109049,-2.22995,31,real,-1,10
109081,-13.801253,32,real,-1,11
109109,-7.142545,28,real,-1,7
109138,-4.805792,29,real,-1,8
109170,-8.513148,32,real,-1,11
109208,-2.397017,38,real,-1,17
109249,-2.298724,41,real,-1,20
109277,-0.78317,28,real,-1,7
109300,0.426626,23,real,-1,2
109335,-12.720515,35,real,-1,14
109366,-3.532611,31,real,-1,10
109399,-11.073446,33,real,-1,12
109421,-1.618115,22,real,-1,1
109451,3.806473,30,real,-1,9
109474,-5.81406,23,real,-1,2
109497,-0.151823,23,real,-1,2
109535,-4.562865,38,real,-1,17
109573,-0.782521,38,real,-1,17
109605,-1.835989,32,real,-1,11
109635,-3.857385,30,real,-1,9
109661,-0.772843,26,real,-1,5
109683,3.633856,22,real,-1,1
109713,1.466205,30,real,-1,9
109744,-30.128033,31,synthetic,1,10
109776,-2.418179,32,real,-1,11
109802,-12.716179,26,real,-1,5
109826,-0.900528,24,real,-1,3
109857,-55.181437,31,synthetic,2,10
109898,-2.539884,41,real,-1,20
109939,-3.27889,41,real,-1,20
109962,-0.887296,23,real,-1,2
109994,4.695737,32,real,-1,11
110015,-0.358916,21,real,-1,0
110051,1.508887,36,real,-1,15
110081,-3.124099,30,real,-1,9
110116,5.168659,35,real,-1,14
110149,-2.882844,33,real,-1,12
110175,-1.07226,26,real,-1,5
110215,-2.623123,40,real,-1,19
110241,2.454426,26,real,-1,5
110275,-13.916163,34,real,-1,13
110309,-6.358249,34,real,-1,13
110332,-10.295033,23,real,-1,2
110356,-1.718628,24,real,-1,3
110384,-4.195072,28,real,-1,7
110426,-11.821418,42,synthetic,0,21
110467,-10.058372,41,real,-1,20
110498,1.318634,31,real,-1,10
110519,3.118528,21,real,-1,0
110558,-1.470025,39,real,-1,18
110585,-1.239357,27,real,-1,6
110620,-4.080024,35,real,-1,14
110660,5.098478,40,real,-1,19
110693,-4.282673,33,real,-1,12
110731,-4.46992,38,real,-1,17
110763,-2.715881,32,real,-1,11
110788,-1.424371,25,real,-1,4
110820,-4.37123,32,real,-1,11
110850,-16.810563,30,synthetic,0,9
110888,-1.04416,38,real,-1,17
110923,-6.503481,35,real,-1,14
110960,-11.894863,37,real,-1,16
110989,-3.768033,29,real,-1,8
111016,-11.148464,27,synthetic,0,6
111038,0.811749,22,real,-1,1
111068,-2.701274,30,real,-1,9
111107,-8.5175,39,real,-1,18
111134,-25.245259,27,synthetic,1,6
111172,-8.978376,38,real,-1,17
111197,-2.77672,25,real,-1,4
111229,3.416374,32,real,-1,11
111263,-7.130844,34,real,-1,13
111288,-3.405702,25,real,-1,4
111319,3.51057,31,real,-1,10
111354,-3.388458,35,real,-1,14
111394,-3.727917,40,real,-1,19
111420,-26.010087,26,synthetic,1,5
111455,-3.445665,35,real,-1,14
111486,-1.40882,31,real,-1,10
111515,-3.512278,29,real,-1,8
111546,-23.06599,31,synthetic,1,10
111569,-6.896364,23,real,-1,2
111595,1.817567,26,real,-1,5
111618,-1.81023,23,real,-1,2
111647,-42.778984,29,synthetic,2,8
111683,-6.850593,36,real,-1,15
111718,-1.088555,35,real,-1,14
111744,-28.461771,26,synthetic,1,5
111778,-0.109738,34,real,-1,13
111799,-10.310588,21,real,-1,0
111839,-9.660905,40,real,-1,19
111862,0.808319,23,real,-1,2
111900,-14.098103,38,real,-1,17
111938,-19.731442,38,synthetic,0,17
111959,-3.191744,21,real,-1,0
111984,0.869596,25,real,-1,4
112016,2.608827,32,real,-1,11
112044,-3.202358,28,real,-1,7
112078,-20.288103,34,synthetic,0,13
112100,-4.641897,22,real,-1,1
112128,0.935045,28,real,-1,7
112155,-26.628349,27,synthetic,1,6
112181,-1.44901,26,real,-1,5
112216,-4.623791,35,real,-1,14
112247,1.246311,31,real,-1,10
112268,-2.766416,21,real,-1,0
112306,-2.79202,38,real,-1,17
112342,-29.138673,36,synthetic,1,15
112384,3.18651,42,real,-1,21
112414,0.07608,30,real,-1,9
112453,-7.400079,39,real,-1,18
112492,-7.95323,39,real,-1,18
112519,-0.649512,27,real,-1,6
112540,-7.715358,21,real,-1,0
112571,-0.158345,31,real,-1,10
112604,-0.652975,33,real,-1,12
112626,0.070138,22,real,-1,1
112663,-41.890495,37,synthetic,2,16
112688,-0.87065,25,real,-1,4
112719,3.834589,31,real,-1,10
112740,0.799612,21,real,-1,0
112777,-5.463791,37,real,-1,16
112808,4.493936,31,real,-1,10
112848,2.749371,40,real,-1,19
112889,3.035622,41,real,-1,20
112913,0.644821,24,real,-1,3
112953,-20.861018,40,synthetic,1,19
112984,2.506329,31,real,-1,10
113008,-13.169232,24,real,-1,3
113048,0.592465,40,real,-1,19
113087,-18.159811,39,synthetic,0,18
113122,1.08656,35,real,-1,14
113154,-0.369481,32,real,-1,11
113189,-9.808263,35,real,-1,14
113221,-43.602017,32,synthetic,2,11
113253,-5.695983,32,real,-1,11
113295,-1.971861,42,real,-1,21
113319,-15.351688,24,synthetic,0,3
113343,-2.280052,24,real,-1,3
113375,3.23363,32,real,-1,11
113398,-40.151839,23,synthetic,2,2
113436,-16.086048,38,synthetic,0,17
113478,-21.872713,42,synthetic,1,21
113504,-11.236629,26,real,-1,5
113536,-5.094695,32,real,-1,11
113575,-23.60093,39,synthetic,1,18
113600,-22.31257,25,synthetic,1,4
113626,-22.9351,26,synthetic,1,5
113652,-25.314559,26,synthetic,1,5
113685,-6.118605,33,real,-1,12
113723,-3.948702,38,real,-1,17
113761,-6.419857,38,real,-1,17
113803,-2.232557,42,real,-1,21
113831,2.062704,28,real,-1,7
113858,-39.386776,27,synthetic,2,6
113899,-6.061122,41,real,-1,20
113923,-35.946521,24,synthetic,1,3
113957,-3.793159,34,real,-1,13
113978,-3.918955,21,real,-1,0
114011,-2.675996,33,real,-1,12
114046,-10.706471,35,synthetic,0,14
114071,-24.015652,25,synthetic,1,4
114109,4.718235,38,real,-1,17
114139,5.466084,30,real,-1,9
114173,3.360467,34,real,-1,13
114206,1.386952,33,real,-1,12
114243,-2.598849,37,real,-1,16
114267,2.427741,24,real,-1,3
114302,-1.028571,35,real,-1,14
114341,-0.694442,39,real,-1,18
114364,-4.027343,23,real,-1,2
114406,-8.793144,42,real,-1,21
114438,-8.814402,32,real,-1,11
114463,-2.846773,25,real,-1,4
114504,-5.171893,41,real,-1,20
114538,-21.847719,34,synthetic,2,13
114580,-8.239132,42,real,-1,21
114613,0.178878,33,real,-1,12
114643,-4.925584,30,real,-1,9
114685,7.188887,42,real,-1,21
114707,-1.257058,22,real,-1,1
114744,-4.746958,37,real,-1,16
114774,-0.533013,30,real,-1,9
114808,-4.981838,34,real,-1,13
114849,-1.820518,41,real,-1,20
114886,-2.355048,37,real,-1,16
114922,-26.393592,36,synthetic,1,15
114961,-42.382168,39,synthetic,1,18
114987,-2.620404,26,real,-1,5
115010,-4.51229,23,real,-1,2
115052,-3.446412,42,real,-1,21
115089,-1.409553,37,real,-1,16
115120,-46.216006,31,synthetic,2,10
115148,-5.906736,28,real,-1,7
115187,-30.45459,39,synthetic,2,18
115209,-27.354605,22,synthetic,1,1
115234,-1.788561,25,real,-1,4
115255,-2.212282,21,real,-1,0
115276,-0.888109,21,real,-1,0
115306,1.421685,30,real,-1,9
115327,-3.199646,21,real,-1,0
115351,-6.679401,24,real,-1,3
115382,-1.512238,31,real,-1,10
115412,-2.549104,30,real,-1,9
115442,-6.642488,30,real,-1,9
115481,0.165099,39,real,-1,18
115510,-4.589815,29,real,-1,8
115550,-30.624896,40,synthetic,1,19
115586,-10.963923,36,synthetic,0,15
115625,-18.387776,39,synthetic,0,18
115663,-3.672423,38,real,-1,17
115687,-4.975382,24,real,-1,3
115716,1.360109,29,real,-1,8
115750,-5.474102,34,real,-1,13
115779,2.914267,29,real,-1,8
115813,0.455612,34,real,-1,13
115844,-9.888726,31,synthetic,0,10
115874,1.901718,30,real,-1,9
115903,-0.387285,29,real,-1,8
115927,-0.692246,24,real,-1,3
115956,-0.376702,29,real,-1,8
115984,-0.993402,28,real,-1,7
116017,4.047095,33,real,-1,12
116042,-5.005984,25,real,-1,4
116077,-1.015198,35,real,-1,14
116101,-8.922226,24,real,-1,3
116136,-0.674167,35,real,-1,14
116162,-3.84551,26,real,-1,5
116201,6.26621,39,real,-1,18
116236,-3.51549,35,real,-1,14
116263,-3.352635,27,real,-1,6
116299,-32.158324,36,synthetic,1,15
116324,-2.414465,25,real,-1,4
116363,-37.758,39,synthetic,2,18
116387,-11.313169,24,synthetic,0,3
116420,-0.97554,33,real,-1,12
116443,1.599593,23,real,-1,2
116468,1.97227,25,real,-1,4
116492,0.566298,24,real,-1,3
116530,-13.973791,38,synthetic,0,17
116560,-2.826008,30,real,-1,9
116587,-1.757146,27,real,-1,6
116613,-4.38467,26,real,-1,5
116646,-3.053577,33,real,-1,12
116675,0.43832,29,real,-1,8
116696,-6.887159,21,real,-1,0
116732,0.594953,36,real,-1,15
116758,-18.003242,26,synthetic,0,5
116795,-6.969774,37,real,-1,16
116832,-6.280636,37,real,-1,16
116873,-14.615553,41,synthetic,0,20
116897,-2.096007,24,real,-1,3
116939,-2.197023,42,real,-1,21
116976,-47.728864,37,synthetic,2,16
117009,-1.489445,33,real,-1,12
117043,1.127488,34,real,-1,13
117081,-2.09679,38,real,-1,17
117119,-23.661963,38,synthetic,1,17
117151,-2.559734,32,real,-1,11
117177,-2.294078,26,real,-1,5
117210,-12.690959,33,synthetic,0,12
117233,-0.12606,23,real,-1,2
117262,-1.192471,29,real,-1,8
117294,-6.345426,32,real,-1,11
117320,-9.053285,26,real,-1,5
117357,-0.348726,37,real,-1,16
117383,-14.229339,26,synthetic,0,5
117404,5.555526,21,real,-1,0
117442,4.074462,38,real,-1,17
117478,-37.188376,36,synthetic,2,15
117517,-0.045573,39,real,-1,18
117550,-9.448918,33,real,-1,12
117575,-1.42937,25,real,-1,4
117609,-38.802804,34,synthetic,2,13
117648,-4.158336,39,real,-1,18
117678,-5.833164,30,real,-1,9
117718,-1.069919,40,real,-1,19
117753,-8.134527,35,real,-1,14
117784,-27.011414,31,synthetic,2,10
117821,0.400279,37,real,-1,16
117844,-3.575185,23,real,-1,2
117867,-1.753314,23,real,-1,2
117905,-2.893512,38,real,-1,17
117941,-6.10789,36,real,-1,15
117970,-7.865627,29,real,-1,8
118001,-25.955967,31,synthetic,2,10
118038,-25.661985,37,synthetic,1,16
118075,0.274331,37,real,-1,16
118103,-4.576206,28,real,-1,7
118127,-31.869241,24,synthetic,2,3
118154,5.305393,27,real,-1,6
118186,-3.942275,32,real,-1,11
118224,-1.659881,38,real,-1,17
118266,-11.085632,42,synthetic,0,21
118304,-1.558336,38,real,-1,17
118336,-16.659681,32,real,-1,11
118369,-31.035618,33,synthetic,1,12
118399,-8.379375,30,real,-1,9
118425,-2.964247,26,real,-1,5
118461,-4.308551,36,real,-1,15
118494,-9.51145,33,real,-1,12
118532,-3.153522,38,real,-1,17
118556,-13.973711,24,synthetic,0,3
118585,-5.235829,29,real,-1,8
118614,-13.484099,29,synthetic,0,8
118643,0.37202,29,real,-1,8
118684,-3.884056,41,real,-1,20
118711,2.676167,27,real,-1,6
118738,-6.016894,27,real,-1,6
118774,-2.476856,36,real,-1,15
118798,-1.624558,24,real,-1,3
118835,-15.34536,37,real,-1,16
118864,-3.406782,29,real,-1,8
118886,4.692272,22,real,-1,1
118919,-7.242162,33,real,-1,12
118960,-5.388687,41,real,-1,20
118995,-40.797328,35,synthetic,2,14
119018,-8.432712,23,real,-1,2
119040,-17.529191,22,synthetic,0,1
119074,-7.002731,34,real,-1,13
119100,-8.186075,26,real,-1,5
119122,-9.541337,22,synthetic,0,1
119153,-27.756934,31,synthetic,1,10
119184,-0.89689,31,real,-1,10
119206,-1.141591,22,real,-1,1
119236,-42.95299,30,synthetic,2,9
119268,-29.466889,32,synthetic,2,11
119292,0.37816,24,real,-1,3
119325,-2.387584,33,real,-1,12
119347,0.799955,22,real,-1,1
119385,-5.107029,38,real,-1,17
119411,-4.334661,26,real,-1,5
119435,-4.479524,24,real,-1,3
119475,-0.153972,40,real,-1,19
119503,-2.201612,28,real,-1,7
119530,-5.800569,27,real,-1,6
119567,-18.928645,37,synthetic,0,16
119593,-44.089387,26,synthetic,2,5
119632,2.906834,39,real,-1,18
119660,-1.986739,28,real,-1,7
119682,0.162886,22,real,-1,1
119704,3.885799,22,real,-1,1
119727,-4.624014,23,real,-1,2
119759,-8.327996,32,real,-1,11
119798,-51.715759,39,synthetic,2,18
119824,-1.24474,26,real,-1,5
119852,-13.123983,28,real,-1,7
119893,-3.782772,41,real,-1,20
119917,-5.914443,24,real,-1,3
119944,-0.073832,27,real,-1,6
119983,-9.853001,39,synthetic,0,18
120019,1.590327,36,real,-1,15
120046,-5.819946,27,real,-1,6
120084,-40.13935,38,synthetic,2,17
120118,-37.907121,34,synthetic,2,13
120145,-2.559726,27,real,-1,6
120186,-2.720428,41,real,-1,20
120210,-11.41463,24,synthetic,0,3
120244,-7.706516,34,real,-1,13
120274,-0.854744,30,real,-1,9
120314,-3.271332,40,real,-1,19
120350,1.993695,36,real,-1,15
120389,-10.47198,39,real,-1,18
120426,-1.472,37,real,-1,16
120467,-16.183873,41,synthetic,0,20
120505,3.382535,38,real,-1,17
120527,-7.474793,22,real,-1,1
120562,-5.220885,35,real,-1,14
120596,-2.908921,34,real,-1,13
120624,-17.092319,28,synthetic,1,7
120662,-5.229407,38,real,-1,17
120690,-15.570359,28,synthetic,0,7
120728,-1.492253,38,real,-1,17
120749,-29.353946,21,synthetic,1,0
120770,-0.697998,21,real,-1,0
120796,-1.138458,26,real,-1,5
120825,-3.093277,29,real,-1,8
120850,-9.901517,25,real,-1,4
120879,0.174674,29,real,-1,8
120905,-8.702541,26,real,-1,5
120927,-35.445897,22,synthetic,2,1
120951,-10.225606,24,real,-1,3
120990,-10.782123,39,real,-1,18
121017,-1.791868,27,real,-1,6
121053,0.223509,36,real,-1,15
121079,-0.962824,26,real,-1,5
121112,-1.261878,33,real,-1,12
121150,-4.364383,38,real,-1,17
121172,-9.483704,22,real,-1,1
121199,-2.957634,27,real,-1,6
121223,-22.209299,24,synthetic,1,3
121255,-0.209776,32,real,-1,11
121281,-18.230772,26,synthetic,0,5
121323,-7.798574,42,real,-1,21
121350,-1.251841,27,real,-1,6
121375,-7.076186,25,real,-1,4
121396,0.80151,21,real,-1,0
121429,-5.639732,33,real,-1,12
121463,1.186716,34,real,-1,13
121486,-0.47771,23,real,-1,2
121514,-4.217464,28,real,-1,7
121547,-5.479786,33,real,-1,12
121586,-39.741013,39,synthetic,2,18
121613,-8.591492,27,real,-1,6
121641,-9.304832,28,real,-1,7
121669,-0.721825,28,real,-1,7
121690,-3.048105,21,real,-1,0
121716,-3.354606,26,real,-1,5
121748,-5.206439,32,real,-1,11
121771,-2.80951,23,real,-1,2
121804,-44.040832,33,synthetic,2,12
121834,0.956161,30,real,-1,9
121866,1.114306,32,real,-1,11
121896,-0.152608,30,real,-1,9
121937,-8.507004,41,real,-1,20
121979,-2.146478,42,real,-1,21
122012,-20.318568,33,synthetic,0,12
122044,-3.339127,32,real,-1,11
122083,-2.902891,39,real,-1,18
122119,-25.160269,36,synthetic,1,15
122160,-5.342637,41,real,-1,20
122200,7.214915,40,real,-1,19
122228,1.281024,28,real,-1,7
122255,-26.526984,27,synthetic,2,6
122288,3.942629,33,real,-1,12
122327,-38.146566,39,synthetic,2,18
122359,1.738932,32,real,-1,11
122382,-2.734354,23,real,-1,2
122409,-1.832981,27,real,-1,6
122431,2.558854,22,real,-1,1
122468,-0.366025,37,real,-1,16
122496,-30.042969,28,synthetic,1,7
122529,-5.802274,33,real,-1,12
122570,2.212907,41,real,-1,20
122592,-5.504374,22,real,-1,1
122616,-1.472895,24,real,-1,3
122649,-12.762513,33,synthetic,0,12
122677,-9.844068,28,real,-1,7
122712,-0.602919,35,real,-1,14
122733,3.287644,21,real,-1,0
122769,-6.205154,36,real,-1,15
122799,-18.38389,30,synthetic,1,9
122837,-15.25572,38,real,-1,17
122864,-11.975266,27,real,-1,6
122901,0.908258,37,real,-1,16
122925,-6.969523,24,real,-1,3
122957,-6.98646,32,real,-1,11
122985,4.218502,28,real,-1,7
123016,-4.879759,31,real,-1,10
123041,-31.938819,25,synthetic,2,4
123078,-1.522715,37,real,-1,16
123105,0.276475,27,real,-1,6
123142,-0.427751,37,real,-1,16
123177,-1.727701,35,real,-1,14
123210,1.603901,33,real,-1,12
123238,-40.205174,28,synthetic,2,7
123266,2.415428,28,real,-1,7
123295,-2.381291,29,real,-1,8
123324,-3.463214,29,real,-1,8
123363,-6.272499,39,real,-1,18
123402,-0.133733,39,real,-1,18
123443,-0.453452,41,real,-1,20
123482,0.908231,39,real,-1,18
123503,-1.858369,21,real,-1,0
123545,-3.571021,42,real,-1,21
123582,-5.23401,37,real,-1,16
123624,-9.416786,42,real,-1,21
123649,-9.10368,25,real,-1,4
123691,-27.518429,42,synthetic,1,21
123733,-13.76833,42,synthetic,0,21
123760,-15.338526,27,synthetic,0,6
123782,-25.546612,22,synthetic,1,1
123811,-11.793336,29,synthetic,0,8
123836,-16.781486,25,synthetic,0,4
123857,-0.055767,21,real,-1,0
123894,-5.112084,37,real,-1,16
123920,-11.79143,26,real,-1,5
123957,-3.605338,37,real,-1,16
123998,-3.373689,41,real,-1,20
124019,-12.228503,21,synthetic,0,0
124046,-2.820539,27,real,-1,6
124070,-2.736218,24,real,-1,3
124102,-4.056356,32,real,-1,11
124124,-3.069776,22,real,-1,1
124164,-5.567893,40,real,-1,19
124200,-13.079301,36,real,-1,15
124225,0.209445,25,real,-1,4
124248,-3.151814,23,real,-1,2
124274,-8.095269,26,real,-1,5
124301,-6.580191,27,real,-1,6
124334,-0.936974,33,real,-1,12
124357,-5.447653,23,real,-1,2
124380,-11.731879,23,real,-1,2
124409,-2.655377,29,real,-1,8
124443,-10.494486,34,real,-1,13
124470,-3.609,27,real,-1,6
124499,-5.0443,29,real,-1,8
124532,-31.642878,33,synthetic,2,12
124554,-3.573628,22,real,-1,1
124596,-3.263142,42,real,-1,21
124637,-7.250732,41,synthetic,0,20
124677,-8.051164,40,real,-1,19
124699,-27.207489,22,synthetic,2,1
124726,-1.19896,27,real,-1,6
124767,-7.460081,41,real,-1,20
124809,-2.848804,42,real,-1,21
124840,-1.34895,31,real,-1,10
124867,-1.538343,27,real,-1,6
124896,-9.180981,29,real,-1,8
124929,4.314676,33,real,-1,12
124966,-2.417537,37,real,-1,16
124998,0.353905,32,real,-1,11
125038,0.16827,40,real,-1,19
125079,-6.825719,41,real,-1,20
125102,2.572467,23,real,-1,2
125139,-14.313641,37,synthetic,0,16
125163,-4.833701,24,real,-1,3
125193,-10.614692,30,synthetic,0,9
125214,1.100635,21,real,-1,0
125250,-2.925599,36,real,-1,15
125283,-29.142847,33,synthetic,1,12
125311,2.056362,28,real,-1,7
125347,-5.691373,36,real,-1,15
125371,-2.694703,24,real,-1,3
125396,-3.929888,25,real,-1,4
125437,2.228258,41,real,-1,20
125477,-21.648134,40,synthetic,1,19
125519,-27.142123,42,synthetic,1,21
125550,-9.500456,31,synthetic,0,10
125576,-15.778363,26,synthetic,0,5
125605,-11.1639,29,real,-1,8
125627,-4.236523,22,real,-1,1
125659,-10.671428,32,real,-1,11
125699,1.977696,40,real,-1,19
125731,-7.420263,32,real,-1,11
125761,-3.632927,30,real,-1,9
125789,-12.585436,28,synthetic,1,7
125812,2.73465,23,real,-1,2
125847,-4.139558,35,real,-1,14
125871,2.593707,24,real,-1,3
125906,-6.619007,35,real,-1,14
125945,1.427469,39,real,-1,18
125971,-1.733926,26,real,-1,5
126013,0.259232,42,real,-1,21
126045,-7.925748,32,real,-1,11
126083,-0.98778,38,real,-1,17
126116,-4.723992,33,real,-1,12
126153,0.499275,37,real,-1,16
126194,-1.151487,41,real,-1,20
126233,-1.510295,39,real,-1,18
126254,-1.224908,21,real,-1,0
126294,-2.403779,40,real,-1,19
126321,-2.059141,27,real,-1,6
126345,-0.33189,24,real,-1,3
126384,-33.021124,39,synthetic,2,18
126410,-3.116948,26,real,-1,5
126433,-28.110509,23,synthetic,1,2
126473,-10.130546,40,real,-1,19
126498,-7.429773,25,real,-1,4
126535,-6.771417,37,real,-1,16
126559,-0.983271,24,real,-1,3
126586,1.411421,27,real,-1,6
126627,-0.489775,41,real,-1,20
126663,-1.727364,36,real,-1,15
126687,1.492436,24,real,-1,3
126717,-20.750509,30,synthetic,1,9
126756,-1.1611,39,real,-1,18
126793,-4.570008,37,real,-1,16
126816,-1.744759,23,real,-1,2
126851,-7.936462,35,synthetic,0,14
126882,-2.527067,31,real,-1,10
126908,-17.277556,26,synthetic,0,5
126943,2.10209,35,real,-1,14
126983,-0.128404,40,real,-1,19
127014,-26.084491,31,synthetic,2,10
127055,-10.813609,41,real,-1,20
127086,-0.586026,31,real,-1,10
127116,2.110356,30,real,-1,9
127153,-3.403701,37,real,-1,16
127188,-9.954274,35,real,-1,14
127224,0.697598,36,real,-1,15
127257,0.610184,33,real,-1,12
127295,-14.279537,38,real,-1,17
127317,-2.50677,22,real,-1,1
127342,0.982384,25,real,-1,4
127379,-6.571031,37,real,-1,16
127418,-7.532409,39,real,-1,18
127460,-5.701406,42,real,-1,21
127502,-4.932158,42,real,-1,21
127540,1.045206,38,real,-1,17
127582,-5.070812,42,synthetic,0,21
127604,-4.135379,22,real,-1,1
127640,-9.524077,36,real,-1,15
127680,-6.684169,40,real,-1,19
127711,-8.803202,31,real,-1,10
127733,-1.806886,22,real,-1,1
127765,0.572289,32,real,-1,11
127806,-3.297809,41,real,-1,20
127843,3.477099,37,real,-1,16
127874,-0.962053,31,real,-1,10
127907,-1.543348,33,real,-1,12
127930,-8.438623,23,synthetic,0,2
127961,-3.625907,31,real,-1,10
127995,-8.038289,34,real,-1,13
128017,-2.417069,22,real,-1,1
128047,-8.269036,30,real,-1,9
128075,-17.719728,28,synthetic,0,7
128114,-7.079688,39,real,-1,18
128146,1.992286,32,real,-1,11
128184,-10.097451,38,synthetic,0,17
128205,-9.047392,21,synthetic,0,0
128247,-1.555628,42,real,-1,21
128285,-6.277725,38,real,-1,17
128306,-7.449893,21,real,-1,0
128329,-5.461719,23,real,-1,2
128350,-2.396222,21,real,-1,0
128377,-5.239694,27,real,-1,6
128416,-3.161888,39,real,-1,18
128456,-5.105756,40,real,-1,19
128496,-41.427741,40,synthetic,2,19
128517,-1.020791,21,real,-1,0
128554,-0.691433,37,real,-1,16
128588,2.364365,34,real,-1,13
128616,-5.761077,28,real,-1,7
128654,0.915554,38,real,-1,17
128684,-8.28171,30,real,-1,9
128717,-4.787621,33,real,-1,12
128743,-7.953153,26,real,-1,5
128775,-6.397698,32,real,-1,11
128808,-9.036372,33,real,-1,12
128831,-0.273745,23,real,-1,2
128871,-6.410284,40,real,-1,19
128912,-32.065588,41,synthetic,1,20
128941,3.06742,29,real,-1,8
128972,-11.180405,31,synthetic,0,10
129001,-22.361555,29,synthetic,1,8
129037,-21.05316,36,synthetic,0,15
129076,1.54133,39,real,-1,18
129099,-0.986337,23,real,-1,2
129125,-46.747309,26,synthetic,2,5
129158,-11.472324,33,synthetic,0,12
129197,-2.253158,39,real,-1,18
129218,-2.52943,21,real,-1,0
129251,-7.396672,33,real,-1,12
129278,-4.486147,27,real,-1,6
129319,-25.224892,41,synthetic,1,20
129347,-4.408564,28,real,-1,7
129383,-3.711322,36,real,-1,15
129424,-3.969956,41,real,-1,20
129460,-29.329336,36,synthetic,2,15
129500,-1.561158,40,real,-1,19
129541,-31.273042,41,synthetic,2,20
129575,-6.849291,34,real,-1,13
129598,-2.086613,23,real,-1,2
129631,-5.51804,33,real,-1,12
129667,0.536229,36,real,-1,15
129694,0.041709,27,real,-1,6
129723,-28.17588,29,synthetic,1,8
129763,-12.965203,40,real,-1,19
129803,-0.324735,40,real,-1,19
129829,-9.256098,26,synthetic,0,5
129869,-37.597518,40,synthetic,2,19
129901,-5.524616,32,real,-1,11
129929,-5.013363,28,real,-1,7
129953,-5.67282,24,real,-1,3
129979,-3.682761,26,real,-1,5
130000,-0.991442,21,real,-1,0
130033,-0.01908,33,real,-1,12
130074,-3.092072,41,real,-1,20
130097,-0.459738,23,real,-1,2
130137,-10.297921,40,real,-1,19
130161,-1.746401,24,real,-1,3
130188,-5.112813,27,real,-1,6
130215,-3.107795,27,real,-1,6
130246,-9.766651,31,real,-1,10
130274,4.888472,28,real,-1,7
130311,-27.054561,37,synthetic,1,16
130333,0.361393,22,real,-1,1
130371,-3.654787,38,real,-1,17
130396,-0.972026,25,real,-1,4
130429,-5.214221,33,real,-1,12
130453,0.555751,24,real,-1,3
130477,-2.519172,24,real,-1,3
130518,-7.202473,41,real,-1,20
130560,-1.225177,42,real,-1,21
130585,-2.642037,25,real,-1,4
130625,-3.363322,40,real,-1,19
130656,-6.255246,31,real,-1,10
130682,0.922692,26,real,-1,5
130716,-23.375926,34,synthetic,1,13
130743,-8.334893,27,real,-1,6
130778,-3.787307,35,real,-1,14
130820,-0.358787,42,real,-1,21
130860,-9.594769,40,real,-1,19
130886,-15.394598,26,synthetic,0,5
130923,-37.057328,37,synthetic,1,16
130945,-1.271274,22,real,-1,1
130976,-32.994651,31,synthetic,2,10
130998,-0.9487,22,real,-1,1
131026,-5.696099,28,real,-1,7
131064,-5.461531,38,real,-1,17
131103,-2.56203,39,real,-1,18
131137,5.470879,34,real,-1,13
131162,-1.695375,25,real,-1,4
131203,-37.182776,41,synthetic,2,20
131237,-2.755923,34,real,-1,13
131269,-3.964308,32,real,-1,11
131304,0.480031,35,real,-1,14
131325,-0.69724,21,real,-1,0
131359,-1.843806,34,real,-1,13
131381,1.750038,22,real,-1,1
131407,-3.504128,26,real,-1,5
131430,-2.306195,23,real,-1,2
131451,-9.784588,21,real,-1,0
131477,0.691263,26,real,-1,5
131519,-4.066142,42,real,-1,21
131560,-3.595183,41,real,-1,20
131589,-1.303137,29,real,-1,8
131630,-4.251984,41,real,-1,20
131665,-2.500354,35,real,-1,14
131700,-3.59888,35,real,-1,14
131728,-2.975514,28,real,-1,7
131749,-39.673745,21,synthetic,2,0
131780,1.652252,31,real,-1,10
131816,4.317538,36,real,-1,15
131851,-25.575893,35,synthetic,1,14
131889,-3.255567,38,real,-1,17
131924,-9.970596,35,real,-1,14
131946,0.076984,22,real,-1,1
131978,-9.359538,32,real,-1,11
132012,-8.166157,34,real,-1,13
132033,-27.583413,21,synthetic,1,0
132063,-0.153762,30,real,-1,9
132097,-27.953682,34,synthetic,1,13
132136,-36.768791,39,synthetic,2,18
132168,-26.654997,32,synthetic,2,11
132208,-9.24784,40,real,-1,19
132239,0.027897,31,real,-1,10
132273,-36.866034,34,synthetic,2,13
132315,-13.30763,42,real,-1,21
132354,-1.641205,39,real,-1,18
132394,-12.045858,40,real,-1,19
132432,-3.740111,38,real,-1,17
132464,-0.323894,32,real,-1,11
132493,-53.391645,29,synthetic,2,8
132532,0.102791,39,real,-1,18
132567,-5.904332,35,real,-1,14
132591,-9.869827,24,synthetic,0,3
132627,-5.705359,36,real,-1,15
132661,-24.988239,34,synthetic,1,13
132691,-3.439731,30,real,-1,9
132723,-6.230387,32,real,-1,11
132761,-28.66152,38,synthetic,1,17
132784,6.809002,23,real,-1,2
132826,-2.514116,42,real,-1,21
132859,-0.452878,33,real,-1,12
132898,-13.621036,39,real,-1,18
132928,-5.332473,30,real,-1,9
132965,-15.885696,37,synthetic,1,16
133001,-2.692947,36,real,-1,15
133032,-27.619912,31,synthetic,1,10
133060,-3.43181,28,real,-1,7
133093,-15.660144,33,synthetic,0,12
133130,0.215241,37,real,-1,16
133154,2.872664,24,real,-1,3
133184,-0.715941,30,real,-1,9
133206,-8.503676,22,real,-1,1
133230,-1.006843,24,real,-1,3
133260,-8.257294,30,real,-1,9
133292,3.264467,32,real,-1,11
133322,-3.317364,30,real,-1,9
133354,-3.882697,32,real,-1,11
133381,-0.17093,27,real,-1,6
133420,1.132258,39,real,-1,18
133446,-26.439146,26,synthetic,1,5
133477,0.232178,31,real,-1,10
133506,-5.778058,29,real,-1,8
133538,-12.052911,32,synthetic,0,11
133559,-17.597618,21,synthetic,0,0
133585,-4.609794,26,real,-1,5
133611,-13.443911,26,synthetic,1,5
133645,-1.633089,34,real,-1,13
133679,-7.894804,34,real,-1,13
133716,-0.614963,37,real,-1,16
133756,1.57578,40,real,-1,19
133795,-14.383238,39,real,-1,18
133820,-1.858798,25,real,-1,4
133845,-3.990453,25,real,-1,4
133869,-19.434953,24,synthetic,0,3
133891,-2.917308,22,real,-1,1
133914,-3.082419,23,real,-1,2
133940,1.285149,26,real,-1,5
133976,3.519301,36,real,-1,15
134018,-9.754448,42,real,-1,21
134039,-39.33703,21,synthetic,2,0
134061,-2.352622,22,real,-1,1
134101,-2.118491,40,real,-1,19
134136,-7.315807,35,real,-1,14
134174,-3.635877,38,real,-1,17
134198,-1.728939,24,real,-1,3
134235,5.334903,37,real,-1,16
134266,-34.052812,31,synthetic,2,10
134296,-3.011315,30,real,-1,9
134326,0.955435,30,real,-1,9
134351,-13.616389,25,synthetic,0,4
134387,-1.22101,36,real,-1,15
134420,-4.616608,33,real,-1,12
134459,-28.48241,39,synthetic,1,18
134498,-15.719933,39,synthetic,0,18
134535,-2.146694,37,real,-1,16
134569,-1.550432,34,real,-1,13
134591,-21.522009,22,synthetic,1,1
134619,-5.29102,28,real,-1,7
134659,4.955966,40,real,-1,19
134698,-3.267167,39,real,-1,18
134734,-10.79533,36,synthetic,0,15
134767,-1.78848,33,real,-1,12
134807,-1.111504,40,real,-1,19
134842,-8.717913,35,real,-1,14
134884,-27.119496,42,synthetic,1,21
134924,-4.571751,40,real,-1,19
134966,-9.339791,42,synthetic,0,21
135005,-3.155164,39,real,-1,18
135028,-2.433546,23,real,-1,2
135049,-11.832365,21,real,-1,0
135082,-12.330743,33,real,-1,12
135117,-2.899107,35,real,-1,14
135142,-11.233123,25,real,-1,4
135182,-1.855803,40,real,-1,19
135205,-24.340932,23,synthetic,1,2
135238,-2.053151,33,real,-1,12
135266,-10.939289,28,synthetic,0,7
135299,5.744367,33,real,-1,12
135335,-11.179249,36,synthetic,0,15
135359,-6.274619,24,real,-1,3
135386,0.405507,27,real,-1,6
135408,-3.111514,22,real,-1,1
135437,-0.052666,29,real,-1,8
135474,2.519115,37,real,-1,16
135504,-44.180659,30,synthetic,2,9
135525,-5.280157,21,real,-1,0
135555,-46.28726,30,synthetic,2,9
135580,-2.51728,25,real,-1,4
135622,-0.816969,42,real,-1,21
135648,-5.091443,26,real,-1,5
135671,-28.619227,23,synthetic,1,2
135694,-0.321523,23,real,-1,2
135726,-17.698333,32,synthetic,1,11
135767,0.819626,41,real,-1,20
135802,-0.469956,35,real,-1,14
135829,-1.417898,27,real,-1,6
135855,-1.854993,26,real,-1,5
135879,-4.561475,24,real,-1,3
135906,3.912052,27,real,-1,6
135944,-5.665376,38,real,-1,17
135977,-11.204393,33,synthetic,0,12
136000,-2.588428,23,real,-1,2
136033,-9.014051,33,real,-1,12
136062,1.877394,29,real,-1,8
136086,-5.993177,24,real,-1,3
136115,-1.665034,29,real,-1,8
136140,-5.042872,25,real,-1,4
136170,-7.83326,30,real,-1,9
136209,-4.336859,39,real,-1,18
136238,-3.479045,29,real,-1,8
136263,-1.620578,25,real,-1,4
136297,-0.968099,34,real,-1,13
136335,-4.950942,38,real,-1,17
136370,-5.427128,35,real,-1,14
136400,-26.757101,30,synthetic,1,9
136426,-12.660762,26,synthetic,1,5
136467,-1.963738,41,real,-1,20
136492,-0.214774,25,real,-1,4
136533,1.120717,41,real,-1,20
136555,-0.217109,22,real,-1,1
136588,-35.89328,33,synthetic,2,12
136616,-1.669267,28,real,-1,7
136650,-3.460725,34,real,-1,13
136680,1.084927,30,real,-1,9
136704,-28.555845,24,synthetic,1,3
136740,-14.49114,36,synthetic,0,15
136779,-1.882295,39,real,-1,18
136809,-4.780703,30,real,-1,9
136830,-0.251701,21,real,-1,0
136856,-18.31616,26,synthetic,0,5
136897,-7.175779,41,real,-1,20
136938,-5.904693,41,real,-1,20
136960,-7.335541,22,real,-1,1
136992,8.244508,32,real,-1,11
137016,-0.679564,24,real,-1,3
137040,-0.662117,24,real,-1,3
137073,-1.353382,33,real,-1,12
137114,-10.113908,41,real,-1,20
137153,4.727453,39,real,-1,18
137176,-40.478399,23,synthetic,2,2
137202,-2.616647,26,real,-1,5
137231,-2.143632,29,real,-1,8
137258,-44.147949,27,synthetic,2,6
137287,-41.61572,29,synthetic,2,8
137323,-34.577328,36,synthetic,1,15
137355,-10.807136,32,real,-1,11
137385,-2.353894,30,real,-1,9
137426,-6.617404,41,real,-1,20
137459,-3.995696,33,real,-1,12
137500,-2.582535,41,real,-1,20
137527,-9.497532,27,real,-1,6
137556,0.258887,29,real,-1,8
137583,-3.28041,27,real,-1,6
137619,-39.11814,36,synthetic,1,15
137661,-8.820625,42,real,-1,21
137696,-3.371668,35,real,-1,14
137729,-23.621033,33,synthetic,1,12
137760,0.88292,31,real,-1,10
137787,0.758057,27,real,-1,6
137808,-2.425277,21,real,-1,0
137843,-8.87922,35,synthetic,0,14
137874,-23.718978,31,synthetic,1,10
137903,-8.44403,29,synthetic,0,8
137944,-2.413901,41,real,-1,20
137986,-0.204319,42,real,-1,21
138026,1.840443,40,real,-1,19
138059,-4.139037,33,real,-1,12
138085,-31.787251,26,synthetic,2,5
138124,-5.497251,39,real,-1,18
138154,2.827576,30,real,-1,9
138175,-15.502982,21,synthetic,0,0
138196,-1.258242,21,real,-1,0
138217,2.884622,21,real,-1,0
138255,-28.330847,38,synthetic,1,17
138276,-3.061051,21,real,-1,0
138311,-3.211864,35,real,-1,14
138337,-5.345447,26,real,-1,5
138366,-9.499176,29,real,-1,8
138401,-4.8929,35,real,-1,14
138428,6.237148,27,real,-1,6
138459,-5.273097,31,real,-1,10
138484,-10.948574,25,synthetic,0,4
138520,-12.064229,36,real,-1,15
138553,-25.292257,33,synthetic,1,12
138594,-5.686546,41,real,-1,20
138636,1.37285,42,real,-1,21
138671,-1.563828,35,real,-1,14
138713,-3.748835,42,real,-1,21
138743,-0.083543,30,real,-1,9
138764,-9.449566,21,real,-1,0
138788,-35.776928,24,synthetic,1,3
138815,-25.130729,27,synthetic,1,6
138844,-9.257135,29,real,-1,8
138870,-32.581539,26,synthetic,1,5
138892,0.483431,22,real,-1,1
138934,-13.7943,42,synthetic,0,21
138963,-3.782778,29,real,-1,8
138990,-3.272545,27,real,-1,6
139018,-2.396201,28,real,-1,7
139041,0.684894,23,real,-1,2
139081,-5.763626,40,real,-1,19
139106,-5.543453,25,real,-1,4
139133,-0.398871,27,real,-1,6
139165,-8.038447,32,synthetic,0,11
139199,-6.634949,34,real,-1,13
139224,-26.47855,25,synthetic,1,4
139254,-10.020455,30,synthetic,0,9
139279,6.006045,25,real,-1,4
139307,-14.255799,28,synthetic,0,7
139332,-12.602756,25,synthetic,0,4
139363,-1.98825,31,real,-1,10
139386,-21.00298,23,synthetic,1,2
139407,-35.209604,21,synthetic,2,0
139448,-8.724117,41,real,-1,20
139476,-9.372594,28,synthetic,0,7
139515,-7.408856,39,real,-1,18
139552,-1.762812,37,real,-1,16
139593,-36.16043,41,synthetic,2,20
139627,-15.392231,34,synthetic,0,13
139667,1.286693,40,real,-1,19
139703,-0.94566,36,real,-1,15
139742,-3.983136,39,real,-1,18
139780,-3.92748,38,real,-1,17
139809,-30.919456,29,synthetic,1,8
139839,-4.221907,30,real,-1,9
139874,-4.531101,35,real,-1,14
139903,-5.152254,29,real,-1,8
139931,-35.268,28,synthetic,2,7
139972,-7.072375,41,synthetic,0,20
140014,-7.322553,42,real,-1,21
140037,-5.32993,23,real,-1,2
140079,4.517305,42,real,-1,21
140100,3.112349,21,real,-1,0
140139,-11.631097,39,real,-1,18
140160,-33.740451,21,synthetic,2,0
140200,-0.379732,40,real,-1,19
140222,-3.552385,22,real,-1,1
140253,-3.429516,31,real,-1,10
140275,6.23123,22,real,-1,1
140308,-34.927247,33,synthetic,2,12
140345,1.153469,37,real,-1,16
140381,-9.503298,36,real,-1,15
140404,-19.749705,23,synthetic,1,2
140442,-2.39191,38,real,-1,17
140476,-11.681132,34,real,-1,13
140499,-2.240034,23,real,-1,2
140522,-27.656517,23,synthetic,1,2
140552,-10.724598,30,real,-1,9
140576,-2.200462,24,real,-1,3
140614,-21.186266,38,synthetic,0,17
140649,-6.357097,35,real,-1,14
140676,-4.375411,27,real,-1,6
140715,1.04894,39,real,-1,18
140736,-3.807104,21,real,-1,0
140774,-28.195182,38,synthetic,1,17
140811,2.165042,37,real,-1,16
140838,-17.081542,27,synthetic,0,6
140862,-1.370991,24,real,-1,3
140889,-1.359967,27,real,-1,6
140931,-3.084062,42,real,-1,21
140958,-8.159532,27,real,-1,6
140991,-13.63457,33,synthetic,0,12
141022,-4.455653,31,real,-1,10
141059,-5.422265,37,real,-1,16
141089,-2.835001,30,real,-1,9
141113,-7.776231,24,real,-1,3
141150,-10.868247,37,real,-1,16
141172,-10.786296,22,synthetic,0,1
141214,-3.92328,42,real,-1,21
141241,-21.69131,27,synthetic,1,6
141264,0.551353,23,real,-1,2
141301,-2.920042,37,real,-1,16
141322,4.47386,21,real,-1,0
141359,-6.442197,37,real,-1,16
141398,-38.358702,39,synthetic,2,18
141432,-0.404288,34,real,-1,13
141462,-2.745589,30,real,-1,9
141494,-7.81181,32,real,-1,11
141523,-1.809545,29,real,-1,8
141547,3.665025,24,real,-1,3
141583,-4.27171,36,real,-1,15
141611,0.264574,28,real,-1,7
141635,-1.443662,24,real,-1,3
141670,-12.245359,35,real,-1,14
141700,-33.468181,30,synthetic,1,9
141735,-48.469998,35,synthetic,2,14
141769,-10.76566,34,real,-1,13
141805,-8.786617,36,real,-1,15
141837,-29.864151,32,synthetic,2,11
141861,-4.318725,24,real,-1,3
141902,-2.480636,41,real,-1,20
141924,-9.331039,22,real,-1,1
141956,-6.470696,32,real,-1,11
141990,-3.032926,34,real,-1,13
142015,0.461649,25,real,-1,4
142040,-8.61466,25,real,-1,4
142065,1.714755,25,real,-1,4
142105,-24.140078,40,synthetic,1,19
142143,-0.548434,38,real,-1,17
142184,-2.833596,41,real,-1,20
142221,-1.450473,37,real,-1,16
142262,-8.077402,41,real,-1,20
142301,-1.962316,39,real,-1,18
142334,-5.394361,33,real,-1,12
142369,1.398493,35,real,-1,14
142407,0.869925,38,real,-1,17
142429,-12.675535,22,synthetic,0,1
142457,-5.194681,28,real,-1,7
142486,-27.973775,29,synthetic,1,8
142528,-7.084506,42,real,-1,21
142559,-4.859962,31,real,-1,10
142595,-24.810069,36,synthetic,1,15
142619,-1.898474,24,real,-1,3
142649,-9.942675,30,real,-1,9
142672,-24.97002,23,synthetic,2,2
142694,0.602792,22,real,-1,1
142723,-1.30542,29,real,-1,8
142760,0.248761,37,real,-1,16
142787,-11.178679,27,synthetic,0,6
142813,-5.017412,26,real,-1,5
142836,-6.126615,23,real,-1,2
142860,-41.234632,24,synthetic,1,3
142886,-0.425157,26,real,-1,5
142915,-0.133682,29,real,-1,8
142942,-9.66661,27,synthetic,0,6
142969,-7.918684,27,real,-1,6
142994,-0.730878,25,real,-1,4
143027,-11.405079,33,real,-1,12
143065,-10.988737,38,real,-1,17
143105,-4.476151,40,real,-1,19
143134,-6.364815,29,real,-1,8
143157,-0.837609,23,real,-1,2
143191,-2.538691,34,real,-1,13
143213,-4.201939,22,real,-1,1
143247,-1.09618,34,real,-1,13
143279,-3.534108,32,real,-1,11
143315,-5.656777,36,real,-1,15
143341,-5.715684,26,real,-1,5
143378,-19.085681,37,synthetic,0,16
143412,-13.527771,34,synthetic,0,13
143453,-5.074142,41,real,-1,20
143482,1.012075,29,real,-1,8
143508,-34.316406,26,synthetic,2,5
143545,0.045527,37,real,-1,16
143572,-3.316964,27,real,-1,6
143593,-5.339124,21,real,-1,0
143621,-5.303024,28,real,-1,7
143655,-2.121172,34,real,-1,13
143692,2.344035,37,real,-1,16
143723,-12.498032,31,synthetic,0,10
143759,-7.521907,36,real,-1,15
143790,-3.069118,31,real,-1,10
143818,-17.1696,28,synthetic,0,7
143858,-11.166016,40,real,-1,19
143893,-6.689493,35,real,-1,14
143933,-4.378375,40,real,-1,19
143970,-0.279851,37,real,-1,16
143991,-4.270179,21,real,-1,0
144024,-4.336255,33,real,-1,12
144065,-8.062775,41,real,-1,20
144092,-8.670396,27,synthetic,0,6
144127,-18.826139,35,synthetic,0,14
144164,-12.741407,37,real,-1,16
144199,0.058357,35,real,-1,14
144236,-7.374276,37,real,-1,16
144274,3.550125,38,real,-1,17
144302,-8.813234,28,real,-1,7
144331,-2.986466,29,real,-1,8
144369,-11.109598,38,real,-1,17
144410,-7.148093,41,real,-1,20
144443,-4.66132,33,real,-1,12
144484,-18.47264,41,synthetic,0,20
144521,1.759928,37,real,-1,16
144562,-26.033442,41,synthetic,1,20
144586,1.927237,24,real,-1,3
144627,-1.915253,41,real,-1,20
144668,-2.70247,41,real,-1,20
144692,-13.966993,24,synthetic,0,3
144713,-1.053928,21,real,-1,0
144751,-2.686232,38,real,-1,17
144774,-2.26117,23,real,-1,2
144809,-3.981174,35,real,-1,14
144844,-6.926474,35,real,-1,14
144867,-38.802643,23,synthetic,2,2
144888,-14.130941,21,synthetic,0,0
144911,-7.706043,23,real,-1,2
144933,-0.66159,22,real,-1,1
144965,-1.754505,32,real,-1,11
145003,-6.611852,38,real,-1,17
145039,-35.626348,36,synthetic,2,15
145063,1.319609,24,real,-1,3
145101,-7.399025,38,real,-1,17
145122,0.12342,21,real,-1,0
145159,-5.120214,37,real,-1,16
145182,-3.140339,23,real,-1,2
145217,0.099271,35,real,-1,14
145251,3.123705,34,real,-1,13
145275,2.353514,24,real,-1,3
145310,-14.608592,35,real,-1,14
145341,-36.250472,31,synthetic,2,10
145372,2.53225,31,real,-1,10
145407,-1.985637,35,real,-1,14
145443,-28.878611,36,synthetic,1,15
145483,2.317159,40,real,-1,19
145518,-7.603934,35,real,-1,14
145551,-1.256003,33,real,-1,12
145592,-4.761359,41,real,-1,20
145620,3.015034,28,real,-1,7
145654,0.812903,34,real,-1,13
145691,-6.65531,37,real,-1,16
145724,-3.69406,33,real,-1,12
145752,-47.022424,28,synthetic,2,7
145791,-29.724825,39,synthetic,1,18
145814,-0.461505,23,real,-1,2
145836,-1.738085,22,real,-1,1
145865,-3.805481,29,real,-1,8
145904,-7.134718,39,real,-1,18
145944,-6.189119,40,real,-1,19
145971,-6.356259,27,real,-1,6
146003,-6.770461,32,real,-1,11
146030,-5.615272,27,real,-1,6
146058,-27.885202,28,synthetic,1,7
146085,-5.313381,27,real,-1,6
146116,-3.857246,31,real,-1,10
146151,-12.599586,35,synthetic,0,14
146177,-8.26203,26,real,-1,5
146217,-1.221771,40,real,-1,19
146248,-33.078707,31,synthetic,2,10
146271,-3.781098,23,real,-1,2
146297,-27.798668,26,synthetic,1,5
146335,-7.778136,38,real,-1,17
146369,-6.647379,34,real,-1,13
146390,-2.446567,21,real,-1,0
146426,-31.513672,36,synthetic,2,15
146460,-5.849498,34,real,-1,13
146491,-5.821661,31,real,-1,10
146524,2.953123,33,real,-1,12
146559,-2.537472,35,real,-1,14
146599,-40.103531,40,synthetic,2,19
146624,1.235531,25,real,-1,4
146666,-8.484629,42,real,-1,21
146693,-4.893502,27,real,-1,6
146721,-0.480662,28,real,-1,7
146761,0.015237,40,real,-1,19
146787,-2.474434,26,real,-1,5
146821,-0.826669,34,real,-1,13
146848,-45.342497,27,synthetic,2,6
146869,-28.158482,21,synthetic,1,0
146910,2.491426,41,real,-1,20
146951,-5.179784,41,real,-1,20
146972,2.480694,21,real,-1,0
147014,-10.036038,42,real,-1,21
147048,-1.570816,34,real,-1,13
147083,-23.20156,35,synthetic,2,14
147118,-18.92006,35,synthetic,1,14
147157,-4.642716,39,real,-1,18
147198,-8.399786,41,real,-1,20
147233,1.624847,35,real,-1,14
147258,-4.032555,25,real,-1,4
147286,-37.881174,28,synthetic,2,7
147310,-0.953921,24,real,-1,3
147343,-6.333033,33,real,-1,12
147380,-2.159585,37,real,-1,16
147419,-0.03018,39,real,-1,18
147461,5.91712,42,real,-1,21
147491,-31.854658,30,synthetic,2,9
147518,-2.272084,27,real,-1,6
147542,-8.206394,24,real,-1,3
147584,-2.726642,42,real,-1,21
147621,2.034435,37,real,-1,16
147643,-1.482027,22,real,-1,1
147684,-3.395902,41,real,-1,20
147724,-2.420058,40,real,-1,19
147750,-1.854761,26,real,-1,5
147788,-4.260744,38,real,-1,17
147809,-3.171462,21,real,-1,0
147833,-5.744624,24,real,-1,3
147870,-2.425461,37,real,-1,16
147905,-7.418847,35,real,-1,14
147940,-1.174237,35,real,-1,14
147979,-3.625866,39,real,-1,18
148000,2.536465,21,real,-1,0
148025,-25.674839,25,synthetic,2,4
148067,-3.767276,42,real,-1,21
148106,-36.183771,39,synthetic,1,18
148144,0.15775,38,real,-1,17
148174,-29.42364,30,synthetic,2,9
148206,-6.934258,32,real,-1,11
148237,-2.780992,31,real,-1,10
148263,-1.899102,26,real,-1,5
148299,-3.455921,36,real,-1,15
148328,-4.074253,29,real,-1,8
148363,-8.38923,35,real,-1,14
148388,-10.684796,25,real,-1,4
148422,-27.568117,34,synthetic,1,13
148447,-5.753757,25,real,-1,4
148468,0.065291,21,real,-1,0
148508,-1.286738,40,real,-1,19
148529,-3.187165,21,real,-1,0
148568,-7.027626,39,real,-1,18
148590,-5.272635,22,real,-1,1
148628,-18.588134,38,synthetic,1,17
148659,-3.973838,31,real,-1,10
148700,-25.119857,41,synthetic,1,20
148727,-15.876229,27,synthetic,0,6
148758,-0.531985,31,real,-1,10
148788,-2.469817,30,real,-1,9
148818,0.962298,30,real,-1,9
148858,-4.132529,40,real,-1,19
148879,1.656533,21,real,-1,0
148905,-3.902729,26,real,-1,5
148926,-33.396906,21,synthetic,2,0
148955,-3.266446,29,real,-1,8
148981,-0.512852,26,real,-1,5
149017,1.223178,36,real,-1,15
149040,-13.085063,23,synthetic,0,2
149066,-3.826754,26,real,-1,5
149092,-18.271349,26,synthetic,0,5
149127,-0.697426,35,real,-1,14
149161,-12.043139,34,synthetic,0,13
149190,-2.723336,29,real,-1,8
149226,5.766878,36,real,-1,15
149249,-5.045955,23,real,-1,2
149273,-15.014798,24,synthetic,0,3
149299,-2.287014,26,real,-1,5
149335,-4.195967,36,real,-1,15
149370,-4.889284,35,real,-1,14
149408,-1.377549,38,real,-1,17
149436,1.753712,28,real,-1,7
149478,-12.293107,42,synthetic,0,21
149501,-0.265564,23,real,-1,2
149534,-2.148988,33,real,-1,12
149565,0.077259,31,real,-1,10
149597,2.798179,32,real,-1,11
149624,-22.827403,27,synthetic,1,6
149649,-6.027829,25,real,-1,4
149682,-7.171524,33,real,-1,12
149710,-46.60361,28,synthetic,2,7
149734,-6.0687,24,real,-1,3
149768,-14.048741,34,synthetic,0,13
149789,1.487842,21,real,-1,0
149830,-11.977186,41,synthetic,0,20
149872,-10.61845,42,real,-1,21
149898,-2.483462,26,real,-1,5
149938,-11.81406,40,synthetic,0,19
149974,-1.734682,36,real,-1,15
150008,-13.115888,34,real,-1,13
150032,-9.472507,24,real,-1,3
150068,-8.341266,36,real,-1,15
150099,3.119216,31,real,-1,10
150120,-5.225198,21,real,-1,0
150159,-6.795436,39,real,-1,18
150186,-5.671512,27,real,-1,6
150222,-12.36014,36,real,-1,15
150248,-8.99513,26,real,-1,5
150287,-1.752171,39,real,-1,18
150310,-1.166549,23,real,-1,2
150335,-3.495162,25,real,-1,4
150365,-15.26424,30,synthetic,0,9
150401,-3.564192,36,real,-1,15
150436,-3.24721,35,real,-1,14
150459,-17.842531,23,synthetic,0,2
150498,-12.74944,39,real,-1,18
150522,-39.666111,24,synthetic,2,3
150547,0.202243,25,real,-1,4
150581,-0.934961,34,real,-1,13
150610,1.537627,29,real,-1,8
150652,-4.392405,42,real,-1,21
150674,-9.325328,22,real,-1,1
150695,3.558614,21,real,-1,0
150724,1.381518,29,real,-1,8
150760,-6.888634,36,real,-1,15
150796,-5.302483,36,real,-1,15
150825,-40.20538,29,synthetic,2,8
150856,-26.894524,31,synthetic,1,10
150896,-0.152271,40,real,-1,19
150921,-2.534804,25,real,-1,4
150945,-5.631891,24,real,-1,3
150966,-2.179401,21,real,-1,0
151004,-5.937709,38,real,-1,17
151035,-3.826329,31,real,-1,10
151067,-24.300359,32,synthetic,1,11
151093,-0.763007,26,real,-1,5
151128,1.901423,35,real,-1,14
151163,-2.351033,35,real,-1,14
151191,-5.184342,28,real,-1,7
151228,-27.85416,37,synthetic,1,16
151260,-6.849397,32,real,-1,11
151302,-9.358287,42,real,-1,21
151334,-47.131431,32,synthetic,2,11
151361,-5.15575,27,real,-1,6
151395,-3.706747,34,real,-1,13
151433,-8.60325,38,real,-1,17
151460,-29.817926,27,synthetic,1,6
151482,0.912781,22,real,-1,1
151509,1.449706,27,real,-1,6
151544,3.510638,35,real,-1,14
151575,-1.082403,31,real,-1,10
151599,-3.112517,24,real,-1,3
151627,-11.923761,28,real,-1,7
151667,0.574721,40,real,-1,19
151705,-14.282357,38,real,-1,17
151738,-5.659545,33,real,-1,12
151777,-7.24013,39,real,-1,18
151809,-10.739099,32,real,-1,11
151832,-17.44646,23,synthetic,0,2
151853,0.315198,21,real,-1,0
151880,-10.065735,27,real,-1,6
151917,-12.212215,37,real,-1,16
151956,-1.857238,39,real,-1,18
151994,-1.850453,38,real,-1,17
152030,-26.288155,36,synthetic,1,15
152062,-1.780747,32,real,-1,11
152089,2.715028,27,real,-1,6
152113,-0.232825,24,real,-1,3
152150,-2.690262,37,real,-1,16
152179,-1.333011,29,real,-1,8
152215,-11.789935,36,real,-1,15
152244,-5.719802,29,real,-1,8
152272,2.920125,28,real,-1,7
152297,-0.095553,25,real,-1,4
152319,-2.226298,22,real,-1,1
152357,-1.970449,38,real,-1,17
152390,-1.686713,33,real,-1,12
152420,-0.095182,30,real,-1,9
152442,-30.844044,22,synthetic,2,1
152467,-3.798164,25,real,-1,4
152493,-1.450304,26,real,-1,5
152515,-9.507258,22,real,-1,1
152554,-12.615056,39,synthetic,0,18
152593,-27.409055,39,synthetic,1,18
152618,-4.21441,25,real,-1,4
152643,-4.584582,25,real,-1,4
152667,-3.056032,24,real,-1,3
152689,-8.873356,22,real,-1,1
152731,-3.429993,42,real,-1,21
152771,-15.198396,40,real,-1,19
152794,-3.871387,23,real,-1,2
152828,-4.049628,34,real,-1,13
152870,-11.034887,42,synthetic,0,21
152912,-5.651845,42,real,-1,21
152953,-17.115733,41,synthetic,1,20
152980,-7.134737,27,real,-1,6
153008,-0.999665,28,real,-1,7
153039,-2.468436,31,real,-1,10
153068,0.576432,29,real,-1,8
153099,0.614876,31,real,-1,10
153136,-16.481655,37,synthetic,0,16
153172,1.471707,36,real,-1,15
153212,-4.007381,40,real,-1,19
153251,-4.645644,39,real,-1,18
153285,1.283775,34,real,-1,13
153307,-0.836319,22,real,-1,1
153337,-6.214361,30,real,-1,9
153379,-7.518582,42,real,-1,21
153420,-6.371157,41,real,-1,20
153462,-16.507534,42,synthetic,1,21
153486,1.589251,24,real,-1,3
153516,1.385126,30,real,-1,9
153539,-4.034001,23,real,-1,2
153561,-0.581833,22,real,-1,1
153592,-7.944513,31,real,-1,10
153617,-2.885129,25,real,-1,4
153649,-22.132382,32,synthetic,2,11
153674,-15.748181,25,real,-1,4
153701,-16.959557,27,synthetic,0,6
153730,-0.199331,29,real,-1,8
153754,-5.940925,24,real,-1,3
153784,-5.936398,30,real,-1,9
153811,-1.221349,27,real,-1,6
153851,-2.107243,40,real,-1,19
153883,-10.943277,32,real,-1,11
153904,-0.850725,21,real,-1,0
153932,-3.001909,28,real,-1,7
153965,0.825938,33,real,-1,12
154005,-8.400426,40,real,-1,19
154029,-5.552874,24,real,-1,3
154053,-0.867548,24,real,-1,3
154077,-0.300624,24,real,-1,3
154104,-2.642271,27,real,-1,6
154138,-2.773472,34,real,-1,13
154167,-3.450222,29,real,-1,8
154195,-4.135647,28,real,-1,7
154231,-5.380811,36,real,-1,15
154257,-31.249188,26,synthetic,2,5
154279,-3.090343,22,real,-1,1
154318,-1.102156,39,real,-1,18
154351,1.168599,33,real,-1,12
154372,-0.832533,21,real,-1,0
154400,-0.2121,28,real,-1,7
154438,-7.41979,38,real,-1,17
154465,0.011518,27,real,-1,6
154495,-7.00462,30,real,-1,9
154532,-5.667604,37,real,-1,16
154564,-11.043015,32,real,-1,11
154592,-1.06359,28,real,-1,7
154631,-2.96088,39,real,-1,18
154657,2.732378,26,real,-1,5
154696,1.186965,39,real,-1,18
154727,-6.492771,31,real,-1,10
154766,-8.299171,39,real,-1,18
154792,-8.913695,26,real,-1,5
154834,-29.918577,42,synthetic,2,21
154872,-7.64879,38,synthetic,0,17
154911,-1.079603,39,real,-1,18
154936,-5.396982,25,real,-1,4
154966,-1.370914,30,real,-1,9
155008,-0.901738,42,real,-1,21
155033,-9.005725,25,real,-1,4
155072,-2.082464,39,real,-1,18
155114,-5.751964,42,real,-1,21
155155,2.92897,41,real,-1,20
155190,0.207259,35,real,-1,14
155219,-4.242898,29,real,-1,8
155247,-4.687596,28,real,-1,7
155273,-0.57122,26,real,-1,5
155309,0.721894,36,real,-1,15
155332,-7.31366,23,real,-1,2
155362,0.869551,30,real,-1,9
155392,-5.168671,30,real,-1,9
155415,-3.667758,23,real,-1,2
155455,-0.5814,40,real,-1,19
155492,-3.199467,37,real,-1,16
155530,-4.115039,38,real,-1,17
155568,-8.522803,38,real,-1,17
155606,-0.415059,38,real,-1,17
155638,-1.910715,32,real,-1,11
155679,-3.911776,41,real,-1,20
155714,-3.328692,35,real,-1,14
155747,3.031826,33,real,-1,12
155777,-1.021436,30,real,-1,9
155814,-10.582769,37,real,-1,16
155839,-1.384598,25,real,-1,4
155864,-11.165777,25,real,-1,4
155899,-3.619542,35,real,-1,14
155925,-5.930302,26,real,-1,5
155966,-11.840487,41,real,-1,20
156004,-2.846819,38,real,-1,17
156033,-9.514387,29,real,-1,8
156071,3.888604,38,real,-1,17
156092,-36.803948,21,synthetic,2,0
156132,-3.144275,40,real,-1,19
156158,-24.593539,26,synthetic,1,5
156181,-0.062296,23,real,-1,2
156222,-2.23816,41,real,-1,20
156262,-2.776244,40,real,-1,19
156284,-6.186648,22,real,-1,1
156325,3.859154,41,real,-1,20
156367,-9.991594,42,real,-1,21
156409,-20.264784,42,synthetic,1,21
156435,-3.671251,26,real,-1,5
156475,-2.859535,40,real,-1,19
156515,-44.65873,40,synthetic,2,19
156550,-6.72964,35,real,-1,14
156592,-3.666742,42,real,-1,21
156629,-3.178041,37,real,-1,16
156669,-2.101835,40,real,-1,19
156710,-3.703948,41,real,-1,20
156740,1.104756,30,real,-1,9
156766,-1.483663,26,real,-1,5
156799,-15.161321,33,synthetic,0,12
156831,-1.086491,32,real,-1,11
156858,5.419127,27,real,-1,6
156880,-4.465107,22,real,-1,1
156918,-1.283111,38,real,-1,17
156940,2.848913,22,real,-1,1
156968,4.020383,28,real,-1,7
157009,0.055047,41,real,-1,20
157044,-14.270273,35,real,-1,14
157084,0.270903,40,real,-1,19
157118,-8.655125,34,real,-1,13
157160,-6.828181,42,real,-1,21
157186,-21.452595,26,synthetic,2,5
157226,-29.410106,40,synthetic,1,19
157259,-6.491726,33,real,-1,12
157287,-24.362532,28,synthetic,1,7
157319,1.000546,32,real,-1,11
157340,-3.482783,21,real,-1,0
157368,-13.234268,28,synthetic,1,7
157390,0.900935,22,real,-1,1
157414,-41.149255,24,synthetic,2,3
157441,-8.120154,27,real,-1,6
157463,-1.592877,22,real,-1,1
157498,-12.577197,35,real,-1,14
157538,-2.374596,40,real,-1,19
157577,-4.48432,39,real,-1,18
157611,-6.117224,34,real,-1,13
157641,-2.681129,30,real,-1,9
157672,-3.873705,31,real,-1,10
157713,0.695176,41,real,-1,20
157750,-40.207917,37,synthetic,2,16
157775,-4.845634,25,real,-1,4
157803,-41.236645,28,synthetic,2,7
157845,-2.325485,42,real,-1,21
157870,-10.891054,25,real,-1,4
157909,-19.345007,39,synthetic,0,18
157940,-9.835312,31,real,-1,10
157967,-10.89297,27,synthetic,0,6
157993,-16.258066,26,synthetic,0,5
158034,-32.944531,41,synthetic,2,20
158070,-4.467246,36,real,-1,15
158108,-2.384371,38,real,-1,17
158138,1.204371,30,real,-1,9
158161,-3.304587,23,real,-1,2
158182,-3.58784,21,real,-1,0
158206,-28.971811,24,synthetic,2,3
158245,-2.584746,39,real,-1,18
158279,-9.956676,34,real,-1,13
158306,-8.127705,27,real,-1,6
158337,-2.825927,31,real,-1,10
158373,-22.70064,36,synthetic,0,15
158396,-21.991634,23,synthetic,1,2
158425,-2.807436,29,real,-1,8
158465,-6.040685,40,real,-1,19
158499,4.199031,34,real,-1,13
158523,-44.412176,24,synthetic,2,3
158549,-2.13024,26,real,-1,5
158579,-9.873279,30,real,-1,9
158617,-5.094103,38,real,-1,17
158658,-2.572877,41,real,-1,20
158698,3.62588,40,real,-1,19
158730,-4.764289,32,real,-1,11
158763,2.666866,33,real,-1,12
158793,-31.511842,30,synthetic,1,9
158825,-1.077469,32,real,-1,11
158864,-2.107062,39,real,-1,18
158905,-1.910576,41,real,-1,20
158932,-17.580323,27,synthetic,0,6
158964,-4.997636,32,real,-1,11
159006,-1.629431,42,real,-1,21
159048,-2.564905,42,real,-1,21
159090,-6.700366,42,real,-1,21
159116,0.235442,26,real,-1,5
159150,-0.47686,34,real,-1,13
159192,0.879971,42,real,-1,21
159233,-6.295507,41,real,-1,20
159274,-11.731459,41,real,-1,20
159300,3.732282,26,real,-1,5
159331,-3.617008,31,real,-1,10
159358,-3.404917,27,real,-1,6
159392,-25.467083,34,synthetic,2,13
159418,-36.35513,26,synthetic,2,5
159452,-10.240868,34,real,-1,13
159486,0.703125,34,real,-1,13
159521,-1.20771,35,real,-1,14
159548,-1.450261,27,real,-1,6
159584,-28.097587,36,synthetic,1,15
159606,4.97114,22,real,-1,1
159638,-4.905162,32,real,-1,11
159660,-6.105534,22,real,-1,1
159696,-3.01288,36,real,-1,15
159733,-21.967235,37,synthetic,1,16
159768,-6.974769,35,real,-1,14
159790,-7.081216,22,real,-1,1
159829,-0.647559,39,real,-1,18
159854,-9.098834,25,synthetic,0,4
159896,-12.492233,42,real,-1,21
159938,1.730334,42,real,-1,21
159974,-5.479673,36,real,-1,15
160015,-39.298697,41,synthetic,2,20
160047,-8.7626,32,real,-1,11
160088,-10.332315,41,real,-1,20
160117,-7.052891,29,real,-1,8
160143,-14.124751,26,synthetic,0,5
160183,3.227468,40,real,-1,19
160205,-8.300384,22,real,-1,1
160227,-2.327745,22,real,-1,1
160253,-3.643131,26,real,-1,5
160291,-12.468327,38,real,-1,17
160325,-5.87439,34,real,-1,13
160355,-7.880622,30,real,-1,9
160380,-22.128956,25,synthetic,1,4
160405,0.889074,25,real,-1,4
160434,-8.559868,29,real,-1,8
160461,-13.718638,27,synthetic,0,6
160485,1.239631,24,real,-1,3
160519,1.788133,34,real,-1,13
160554,-17.116241,35,synthetic,0,14
160580,-35.557523,26,synthetic,2,5
160612,-3.420812,32,real,-1,11
160636,-1.251831,24,real,-1,3
160671,-0.590372,35,real,-1,14
160709,-8.589666,38,real,-1,17
160732,-27.740919,23,synthetic,2,2
160774,-0.798897,42,real,-1,21
160812,-2.60921,38,real,-1,17
160844,-3.879053,32,real,-1,11
160870,-1.494153,26,real,-1,5
160896,-7.51809,26,real,-1,5
160933,-18.608555,37,synthetic,1,16
160962,-7.263721,29,real,-1,8
160991,-33.564183,29,synthetic,2,8
161018,0.228291,27,real,-1,6
161039,-6.835235,21,real,-1,0
161079,-6.075898,40,real,-1,19
161103,-0.527186,24,real,-1,3
161126,-0.705457,23,real,-1,2
161160,-2.852009,34,real,-1,13
161194,-4.735682,34,real,-1,13
161219,-26.785994,25,synthetic,1,4
161260,-14.836978,41,synthetic,0,20
161290,-3.26362,30,real,-1,9
161323,3.138889,33,real,-1,12
161353,3.128105,30,real,-1,9
161376,-4.567373,23,real,-1,2
161409,-2.724732,33,real,-1,12
161430,1.512611,21,real,-1,0
161455,5.273686,25,real,-1,4
161489,-42.214254,34,synthetic,2,13
161515,-0.875748,26,real,-1,5
161536,0.195745,21,real,-1,0
161575,-4.519488,39,real,-1,18
161616,-2.526958,41,real,-1,20
161644,0.482069,28,real,-1,7
161665,-2.593262,21,real,-1,0
161695,-1.069367,30,real,-1,9
161734,-20.18883,39,synthetic,0,18
161774,-3.036752,40,real,-1,19
161805,-2.173965,31,real,-1,10
161844,-5.991076,39,real,-1,18
161872,6.803788,28,real,-1,7
161900,-31.593496,28,synthetic,1,7
161929,-13.93308,29,synthetic,0,8
161951,-3.976206,22,real,-1,1
161988,-1.298472,37,real,-1,16
162025,-8.376562,37,real,-1,16
162061,3.522719,36,real,-1,15
162102,-3.048679,41,real,-1,20
162133,-0.04942,31,real,-1,10
162171,1.536401,38,real,-1,17
162213,-10.693179,42,real,-1,21
162249,-3.144381,36,real,-1,15
162287,-6.024085,38,real,-1,17
162323,-30.191755,36,synthetic,2,15
162352,-5.642719,29,real,-1,8
162385,-2.092841,33,real,-1,12
162425,-7.848615,40,real,-1,19
162451,-37.462425,26,synthetic,2,5
162479,-1.458628,28,real,-1,7
162513,-6.831037,34,real,-1,13
162541,-9.608034,28,synthetic,0,7
162575,-38.348874,34,synthetic,2,13
162615,-1.724835,40,synthetic,0,19
162653,-1.229696,38,real,-1,17
162685,-42.730535,32,synthetic,2,11
162715,-31.017612,30,synthetic,1,9
162755,-3.033051,40,real,-1,19
162793,-4.828316,38,real,-1,17
162819,-0.332347,26,real,-1,5
162850,-32.586007,31,synthetic,2,10
162881,-3.19264,31,real,-1,10
162923,-1.325787,42,real,-1,21
162950,5.958213,27,real,-1,6
162983,-8.914254,33,real,-1,12
163025,3.426673,42,real,-1,21
163051,4.692948,26,real,-1,5
163073,-1.044077,22,real,-1,1
163112,-10.978751,39,real,-1,18
163135,-2.8389,23,real,-1,2
163160,-1.638068,25,real,-1,4
163188,-6.377856,28,real,-1,7
163213,-7.759686,25,real,-1,4
163254,-4.610794,41,real,-1,20
163277,3.361831,23,real,-1,2
163302,-27.512396,25,synthetic,1,4
163326,-8.771277,24,real,-1,3
163356,-35.513659,30,synthetic,2,9
163395,-5.38766,39,real,-1,18
163422,1.583039,27,real,-1,6
163447,2.24,25,real,-1,4
163468,4.612993,21,real,-1,0
163506,-4.216919,38,real,-1,17
163546,5.108282,40,real,-1,19
163570,-3.92448,24,real,-1,3
163594,-22.217536,24,synthetic,1,3
163634,-18.388401,40,synthetic,0,19
163675,-11.166094,41,real,-1,20
163715,-12.150217,40,real,-1,19
163753,-4.299618,38,real,-1,17
163794,-12.444218,41,real,-1,20
163830,-2.351134,36,real,-1,15
163868,-39.046366,38,synthetic,2,17
163890,-10.314568,22,real,-1,1
163924,-0.303337,34,real,-1,13
163954,-35.433466,30,synthetic,2,9
163981,-0.562132,27,real,-1,6
164021,-3.312156,40,real,-1,19
164054,-2.577983,33,real,-1,12
164096,-8.231443,42,real,-1,21
164122,-24.526387,26,synthetic,1,5
164162,-11.786011,40,real,-1,19
164192,-3.769273,30,real,-1,9
164221,-8.860071,29,synthetic,0,8
164247,1.809667,26,real,-1,5
164279,-1.29023,32,real,-1,11
164303,3.442715,24,real,-1,3
164328,-6.29043,25,real,-1,4
164358,1.053976,30,real,-1,9
164391,-1.517662,33,real,-1,12
164425,4.062395,34,real,-1,13
164463,-3.463807,38,real,-1,17
164500,-8.148755,37,real,-1,16
164536,-13.550209,36,real,-1,15
164560,-15.326391,24,synthetic,0,3
164585,-5.367728,25,real,-1,4
164606,-2.944166,21,real,-1,0
164638,-0.987984,32,real,-1,11
164670,-8.195809,32,real,-1,11
164692,-4.58547,22,real,-1,1
164734,-37.60959,42,synthetic,2,21
164772,0.507605,38,real,-1,17
164808,-1.422328,36,real,-1,15
164845,1.975064,37,real,-1,16
164878,-29.818894,33,synthetic,1,12
164912,0.555066,34,real,-1,13
164952,-3.373894,40,real,-1,19
164986,-5.321516,34,real,-1,13
165025,3.462371,39,real,-1,18
165065,-9.767845,40,real,-1,19
165095,3.304538,30,real,-1,9
165125,-31.204558,30,synthetic,1,9
165166,-1.139659,41,real,-1,20
165188,0.300608,22,real,-1,1
165226,-8.600901,38,synthetic,0,17
165265,-4.637723,39,real,-1,18
165305,-3.361317,40,real,-1,19
165329,1.328256,24,real,-1,3
165361,-4.95479,32,real,-1,11
165383,0.349401,22,real,-1,1
165417,-3.171057,34,real,-1,13
165438,-2.839472,21,real,-1,0
165466,-6.348701,28,real,-1,7
165508,-7.886016,42,real,-1,21
165530,-0.476431,22,real,-1,1
165572,-11.918262,42,real,-1,21
165613,-7.942832,41,real,-1,20
165641,-3.473068,28,real,-1,7
165678,-6.183034,37,real,-1,16
165717,-10.399917,39,synthetic,0,18
165755,-11.263599,38,real,-1,17
165797,-1.07452,42,real,-1,21
165828,-8.068732,31,real,-1,10
165852,-24.481317,24,synthetic,1,3
165883,-35.293347,31,synthetic,2,10
165915,-31.79839,32,synthetic,1,11
165952,-3.291812,37,real,-1,16
165984,-3.030274,32,real,-1,11
166009,2.057311,25,real,-1,4
166034,-9.118988,25,synthetic,0,4
166069,4.169483,35,real,-1,14
166108,-13.174283,39,real,-1,18
166149,-6.691017,41,real,-1,20
166171,-2.327566,22,real,-1,1
166194,-4.425374,23,real,-1,2
166216,-4.557029,22,real,-1,1
166250,-31.567312,34,synthetic,1,13
166271,-5.454446,21,real,-1,0
166298,-31.701045,27,synthetic,2,6
166320,-4.947178,22,real,-1,1
166356,-0.280402,36,real,-1,15
166384,-5.786516,28,real,-1,7
166416,0.251425,32,real,-1,11
166447,0.643312,31,real,-1,10
166488,-1.955396,41,real,-1,20
166521,-3.927887,33,real,-1,12
166563,-4.86359,42,real,-1,21
166587,-40.05778,24,synthetic,2,3
166609,-0.919595,22,real,-1,1
166650,0.510557,41,real,-1,20
166673,-44.026531,23,synthetic,2,2
166700,-6.580495,27,real,-1,6
166737,-12.164739,37,real,-1,16
166766,-6.401236,29,real,-1,8
166788,-21.840297,22,synthetic,1,1
166826,-16.456003,38,synthetic,0,17
166865,-1.091278,39,real,-1,18
166899,-1.925162,34,real,-1,13
166939,1.279132,40,real,-1,19
166979,-10.121723,40,real,-1,19
167014,-43.889941,35,synthetic,2,14
167049,0.373217,35,real,-1,14
167089,-1.815945,40,real,-1,19
167110,-8.789127,21,real,-1,0
167145,-7.349662,35,real,-1,14
167175,-3.942283,30,real,-1,9
167207,-1.348303,32,real,-1,11
167233,-3.543383,26,real,-1,5
167258,-2.875683,25,real,-1,4
167291,2.008647,33,real,-1,12
167328,-30.283559,37,synthetic,1,16
167353,-1.211275,25,real,-1,4
167382,-37.532065,29,synthetic,2,8
167421,-7.450252,39,real,-1,18
167445,-13.229814,24,real,-1,3
167470,0.862014,25,real,-1,4
167499,-4.39939,29,real,-1,8
167524,-21.935532,25,synthetic,1,4
167557,-5.474895,33,real,-1,12
167587,-0.140175,30,real,-1,9
167613,-2.603923,26,real,-1,5
167646,-7.624386,33,real,-1,12
167667,-42.486198,21,synthetic,2,0
167707,-14.272672,40,real,-1,19
167729,-4.965578,22,real,-1,1
167753,-18.72262,24,synthetic,1,3
167787,-4.537908,34,real,-1,13
167821,2.510275,34,real,-1,13
167859,6.402103,38,real,-1,17
167884,-5.360938,25,real,-1,4
167912,-0.517628,28,real,-1,7
167939,-25.42859,27,synthetic,1,6
167969,-20.961566,30,synthetic,1,9
168006,-7.334271,37,real,-1,16
168031,-0.391807,25,real,-1,4
168057,-11.811724,26,synthetic,0,5
168094,-8.45734,37,real,-1,16
168134,-0.619545,40,real,-1,19
168163,-4.627767,29,real,-1,8
168204,-41.43561,41,synthetic,2,20
168244,-17.227486,40,synthetic,0,19
168268,0.032118,24,real,-1,3
168291,-1.175523,23,real,-1,2
168330,-4.918572,39,real,-1,18
168358,-5.861124,28,real,-1,7
168400,-0.265877,42,real,-1,21
168422,-42.444833,22,synthetic,2,1
168445,-1.824067,23,real,-1,2
168467,-4.523688,22,real,-1,1
168492,1.563103,25,real,-1,4
168529,2.586501,37,real,-1,16
168554,-42.605394,25,synthetic,2,4
168591,-9.527579,37,synthetic,0,16
168625,-2.540543,34,real,-1,13
168665,0.719036,40,real,-1,19
168699,-2.600095,34,real,-1,13
168724,5.921796,25,real,-1,4
168761,-0.304066,37,real,-1,16
168792,-16.690595,31,synthetic,0,10
168828,-11.129527,36,synthetic,0,15
168860,-2.373933,32,real,-1,11
168899,1.204467,39,real,-1,18
168922,-11.593581,23,real,-1,2
168959,-1.227339,37,real,-1,16
168991,0.657986,32,real,-1,11
169023,-31.322139,32,synthetic,2,11
169046,-9.686145,23,real,-1,2
169074,-2.640438,28,real,-1,7
169107,-28.479845,33,synthetic,1,12
169146,-17.136678,39,synthetic,1,18
169173,-5.968504,27,real,-1,6
169214,-5.965376,41,real,-1,20
169238,-3.115371,24,real,-1,3
169271,-18.864433,33,synthetic,1,12
169297,4.115683,26,real,-1,5
169330,6.788389,33,real,-1,12
169366,-5.479522,36,real,-1,15
169396,-3.353528,30,real,-1,9
169421,-2.47365,25,real,-1,4
169450,-0.851933,29,real,-1,8
169488,-9.921726,38,real,-1,17
169526,-7.699863,38,real,-1,17
169564,-0.720762,38,real,-1,17
169596,-6.269093,32,synthetic,0,11
169623,-1.522946,27,real,-1,6
169660,-0.979807,37,real,-1,16
169687,-7.576841,27,real,-1,6
169724,-1.875888,37,real,-1,16
169746,-15.290723,22,synthetic,0,1
169767,0.19786,21,real,-1,0
169806,-44.143157,39,synthetic,2,18
169840,-1.158358,34,real,-1,13
169877,-2.632352,37,real,-1,16
169911,-7.190926,34,real,-1,13
169953,-10.848791,42,real,-1,21
169976,-0.934005,23,real,-1,2
170009,0.446141,33,real,-1,12
170040,2.059825,31,real,-1,10
170068,0.109413,28,real,-1,7
170102,0.719808,34,real,-1,13
170140,0.638314,38,real,-1,17
170173,-4.368035,33,real,-1,12
170194,-0.442195,21,real,-1,0
170233,5.169153,39,real,-1,18
170259,2.69695,26,real,-1,5
170288,0.009814,29,real,-1,8
170326,-4.340369,38,real,-1,17
170350,4.229574,24,real,-1,3
170377,-34.173747,27,synthetic,2,6
170402,-0.921129,25,real,-1,4
170443,-2.225798,41,real,-1,20
170485,-15.189868,42,synthetic,0,21
170520,-2.266278,35,real,-1,14
170560,-1.761039,40,real,-1,19
170599,-2.956701,39,real,-1,18
170640,-2.059079,41,real,-1,20
170675,-9.465206,35,real,-1,14
170714,-0.585131,39,real,-1,18
170738,-0.064319,24,real,-1,3
170776,-17.751465,38,synthetic,0,17
170805,-0.501823,29,real,-1,8
170841,2.31881,36,real,-1,15
170880,2.0116,39,real,-1,18
170902,-2.595369,22,real,-1,1
170926,-4.739992,24,real,-1,3
170951,-7.370499,25,real,-1,4
170977,0.423552,26,real,-1,5
171000,-2.720063,23,real,-1,2
171028,-10.397146,28,synthetic,0,7
171052,-1.998073,24,real,-1,3
171078,-2.587912,26,real,-1,5
171112,-1.254293,34,real,-1,13
171151,-1.186424,39,real,-1,18
171173,3.785075,22,real,-1,1
171214,-20.078641,41,synthetic,0,20
171236,-1.863146,22,real,-1,1
171267,-2.39633,31,real,-1,10
171293,-4.336677,26,real,-1,5
171334,-2.170203,41,real,-1,20
171361,-32.484005,27,synthetic,2,6
171394,-4.406752,33,real,-1,12
171421,-3.44503,27,real,-1,6
171453,-4.296308,32,real,-1,11
171490,-2.162893,37,real,-1,16
171520,-2.494734,30,real,-1,9
171542,-3.968014,22,real,-1,1
171579,-5.917895,37,real,-1,16
171614,-4.644431,35,real,-1,14
171651,4.75384,37,real,-1,16
171677,-1.304319,26,real,-1,5
171707,-33.147644,30,synthetic,1,9
171728,-4.147872,21,real,-1,0
171764,-16.177588,36,synthetic,0,15
171791,-10.70101,27,synthetic,0,6
171815,0.716904,24,real,-1,3
171855,2.632815,40,real,-1,19
171885,2.077615,30,real,-1,9
171927,-27.044643,42,synthetic,1,21
171960,0.461805,33,real,-1,12
171983,1.701338,23,real,-1,2
172011,-0.172777,28,real,-1,7
172032,-21.071948,21,synthetic,1,0
172070,0.789804,38,real,-1,17
172101,-4.141337,31,real,-1,10
172140,-3.652442,39,real,-1,18
172161,-25.509306,21,synthetic,1,0
172191,-2.840746,30,real,-1,9
172212,-11.721291,21,synthetic,0,0
172242,-9.041595,30,real,-1,9
172263,4.763629,21,real,-1,0
172289,0.579986,26,real,-1,5
172322,1.219408,33,real,-1,12
172351,-20.517253,29,synthetic,1,8
172386,-2.655544,35,real,-1,14
172425,-13.014103,39,synthetic,0,18
172446,-0.421167,21,real,-1,0
172475,-3.676391,29,real,-1,8
172497,-6.876597,22,real,-1,1
172533,0.787285,36,real,-1,15
172555,-0.534476,22,real,-1,1
172595,-3.654914,40,real,-1,19
172620,-7.429916,25,real,-1,4
172658,-8.447046,38,real,-1,17
172688,2.117122,30,real,-1,9
172729,-11.310397,41,real,-1,20
172767,-4.925542,38,real,-1,17
172809,-8.801741,42,real,-1,21
172845,-39.983845,36,synthetic,2,15
172874,-3.23026,29,real,-1,8
172908,-30.354417,34,synthetic,1,13
172941,-3.691257,33,real,-1,12
172973,-5.005672,32,real,-1,11
173005,-15.598307,32,synthetic,1,11
173044,-0.93784,39,real,-1,18
173079,2.290239,35,real,-1,14
173119,-22.421852,40,synthetic,1,19
173154,2.564796,35,real,-1,14
173181,-3.445849,27,real,-1,6
173203,-3.368573,22,real,-1,1
173242,-4.428087,39,real,-1,18
173281,-11.071994,39,synthetic,0,18
173311,-12.96443,30,real,-1,9
173344,-7.131498,33,real,-1,12
173372,-13.322762,28,synthetic,0,7
173396,-6.933606,24,real,-1,3
173431,-7.317443,35,real,-1,14
173459,-6.433842,28,real,-1,7
173501,-7.288224,42,synthetic,0,21
173526,-12.219021,25,real,-1,4
173549,-4.899166,23,real,-1,2
173579,-4.162912,30,real,-1,9
173603,-1.202616,24,real,-1,3
173629,-10.29535,26,real,-1,5
173666,-32.944941,37,synthetic,2,16
173700,-0.24265,34,real,-1,13
173742,-8.168048,42,real,-1,21
173784,0.346216,42,real,-1,21
173815,-3.15885,31,real,-1,10
173850,-2.432719,35,real,-1,14
173878,-4.301161,28,real,-1,7
173901,1.412306,23,real,-1,2
173924,-28.302181,23,synthetic,1,2
173963,-15.916656,39,real,-1,18
174005,-6.524047,42,real,-1,21
174041,-35.578473,36,synthetic,2,15
174064,-36.814417,23,synthetic,2,2
174085,0.175384,21,real,-1,0
174111,-0.129435,26,real,-1,5
174149,-45.96011,38,synthetic,2,17
174184,-7.632072,35,real,-1,14
174223,-8.098101,39,real,-1,18
174255,-0.597599,32,real,-1,11
174279,-6.935781,24,real,-1,3
174312,-2.782886,33,real,-1,12
174338,-4.805965,26,real,-1,5
174364,-39.843108,26,synthetic,2,5
174400,-1.204615,36,real,-1,15
174438,-0.698308,38,real,-1,17
174460,-6.265497,22,synthetic,0,1
174488,-1.797363,28,real,-1,7
174519,-3.247706,31,real,-1,10
174557,-34.689682,38,synthetic,2,17
174597,-27.977708,40,synthetic,1,19
174639,-6.993017,42,real,-1,21
174675,-11.806801,36,real,-1,15
174700,-37.222544,25,synthetic,2,4
174724,-1.454481,24,real,-1,3
174752,0.715055,28,real,-1,7
174780,-4.117762,28,real,-1,7
174817,-35.571583,37,synthetic,2,16
174855,-0.078105,38,real,-1,17
174895,-49.972684,40,synthetic,2,19
174924,-26.84648,29,synthetic,1,8
174952,-0.198716,28,real,-1,7
174977,-0.690405,25,real,-1,4
175004,-6.495568,27,real,-1,6
175029,-3.386801,25,real,-1,4
175066,-4.188037,37,real,-1,16
175100,-2.142346,34,real,-1,13
175137,-9.673029,37,synthetic,0,16
175172,-20.187281,35,synthetic,0,14
175210,-11.173337,38,real,-1,17
175248,-6.028338,38,real,-1,17
175277,-8.051503,29,synthetic,0,8
175311,-30.194193,34,synthetic,2,13
175339,-3.315071,28,real,-1,7
175368,-22.619673,29,synthetic,1,8
175394,-29.588002,26,synthetic,2,5
175428,-5.96462,34,real,-1,13
175455,0.344787,27,real,-1,6
175485,-3.078894,30,real,-1,9
175526,-2.151037,41,real,-1,20
175567,3.000665,41,real,-1,20
175606,-32.650438,39,synthetic,2,18
175630,-5.567512,24,real,-1,3
175662,-6.693898,32,real,-1,11
175697,-29.867697,35,synthetic,1,14
175729,-2.633954,32,real,-1,11
175756,-0.596006,27,real,-1,6
175798,-8.127998,42,real,-1,21
175832,-6.743853,34,real,-1,13
175859,-6.798725,27,real,-1,6
175888,-8.480629,29,real,-1,8
175915,-1.686621,27,real,-1,6
175947,-4.498512,32,real,-1,11
175974,4.724366,27,real,-1,6
175995,2.324413,21,real,-1,0
176021,0.099436,26,real,-1,5
176058,-9.135041,37,real,-1,16
176097,-0.289516,39,real,-1,18
176132,-43.329499,35,synthetic,2,14
176162,-8.40959,30,real,-1,9
176192,-5.130651,30,real,-1,9
176228,-2.847993,36,real,-1,15
176267,-1.164833,39,real,-1,18
176303,-7.605795,36,real,-1,15
176337,-15.938118,34,synthetic,0,13
176361,-3.839976,24,real,-1,3
176391,0.011485,30,real,-1,9
176430,-1.1184,39,real,-1,18
176455,-17.907346,25,synthetic,0,4
176494,-4.426579,39,real,-1,18
176515,-6.938146,21,real,-1,0
176551,-15.702647,36,synthetic,0,15
176591,-9.612216,40,real,-1,19
176619,2.325868,28,real,-1,7
176653,-9.377513,34,real,-1,13
176689,-7.979383,36,real,-1,15
176720,-4.704163,31,real,-1,10
176743,-23.880886,23,synthetic,1,2
176772,-4.77402,29,real,-1,8
176805,-2.822889,33,real,-1,12
176838,-10.703822,33,synthetic,0,12
176870,0.671076,32,real,-1,11
176907,-1.526855,37,real,-1,16
176933,-3.276109,26,real,-1,5
176963,-4.795318,30,real,-1,9
176996,2.583566,33,real,-1,12
177033,-3.36258,37,real,-1,16
177054,-7.796843,21,real,-1,0
177086,-19.263175,32,synthetic,1,11
177109,0.797996,23,real,-1,2
177137,-32.936723,28,synthetic,1,7
177172,-4.628101,35,real,-1,14
177203,1.842038,31,real,-1,10
177231,-8.530692,28,real,-1,7
177259,-12.07838,28,real,-1,7
177299,-27.708084,40,synthetic,1,19
177335,-2.664215,36,real,-1,15
177368,-3.805296,33,real,-1,12
177389,-1.381512,21,real,-1,0
177411,-4.652686,22,real,-1,1
177445,-5.155929,34,real,-1,13
177472,-27.649178,27,synthetic,1,6
177497,-11.168503,25,synthetic,0,4
177537,-3.457796,40,real,-1,19
177558,-0.632652,21,real,-1,0
177580,-2.172387,22,real,-1,1
177615,-1.982961,35,real,-1,14
177649,-4.052713,34,real,-1,13
177691,-2.319943,42,real,-1,21
177721,-4.245428,30,real,-1,9
177749,-34.444774,28,synthetic,1,7
177772,-32.873215,23,synthetic,2,2
177793,-1.930769,21,real,-1,0
177814,-40.5645,21,synthetic,2,0
177843,-4.954559,29,real,-1,8
177879,-3.21689,36,real,-1,15
177900,-2.323898,21,real,-1,0
177928,-3.165213,28,real,-1,7
177966,-5.841324,38,real,-1,17
177992,-3.416379,26,real,-1,5
178015,-3.889414,23,real,-1,2
178041,-24.511266,26,synthetic,1,5
178073,-9.945995,32,real,-1,11
178098,-2.30718,25,real,-1,4
178121,1.081523,23,real,-1,2
178153,-32.55784,32,synthetic,2,11
178192,-9.622686,39,real,-1,18
178223,-19.95919,31,synthetic,1,10
178263,-10.479115,40,real,-1,19
178293,-5.594127,30,real,-1,9
178326,-29.923944,33,synthetic,1,12
178368,-4.013276,42,real,-1,21
178397,-23.288304,29,synthetic,1,8
178423,-5.403474,26,real,-1,5
178453,-3.110329,30,real,-1,9
178479,-8.351152,26,real,-1,5
178516,-5.580521,37,real,-1,16
178556,-5.430345,40,real,-1,19
178595,-3.656091,39,real,-1,18
178627,-6.068509,32,real,-1,11
178668,-7.157869,41,real,-1,20
178705,-2.274565,37,real,-1,16
178729,-1.597678,24,real,-1,3
178771,-10.023713,42,real,-1,21
178800,-1.654095,29,real,-1,8
178824,-2.694353,24,real,-1,3
178859,-2.667528,35,real,-1,14
178891,-0.727559,32,real,-1,11
178918,-0.759679,27,real,-1,6
178960,-10.001136,42,real,-1,21
178987,-6.135123,27,real,-1,6
179016,-26.649723,29,synthetic,2,8
179040,-2.275427,24,real,-1,3
179071,-3.882837,31,real,-1,10
179112,6.029507,41,real,-1,20
179136,-23.367771,24,synthetic,1,3
179175,-1.214967,39,real,-1,18
179204,-11.548348,29,real,-1,8
179234,-4.248507,30,real,-1,9
179266,-18.180461,32,synthetic,0,11
179299,-16.635569,33,synthetic,0,12
179320,-4.041361,21,real,-1,0
179342,0.231855,22,real,-1,1
179381,2.693678,39,real,-1,18
179418,3.973938,37,real,-1,16
179442,-5.126839,24,real,-1,3
179474,-9.562944,32,real,-1,11
179500,-2.166337,26,real,-1,5
179538,-27.607673,38,synthetic,1,17
179566,5.216799,28,real,-1,7
179597,-7.410443,31,real,-1,10
179637,1.485537,40,real,-1,19
179674,-14.913645,37,synthetic,0,16
179713,-6.891109,39,real,-1,18
179742,-17.170835,29,synthetic,0,8
179776,-10.160979,34,real,-1,13
179797,-3.569784,21,real,-1,0
179837,-4.093133,40,real,-1,19
179878,-0.713285,41,real,-1,20
179919,-4.046129,41,real,-1,20
179949,-5.928215,30,real,-1,9
179989,-2.994346,40,real,-1,19
180028,-4.112304,39,real,-1,18
180049,-3.305878,21,real,-1,0
180074,-3.956742,25,real,-1,4
180106,-1.431687,32,real,-1,11
180127,2.384932,21,real,-1,0
180160,-5.173395,33,real,-1,12
180189,-1.95892,29,real,-1,8
180217,2.202717,28,real,-1,7
180255,0.563004,38,real,-1,17
180287,-3.168385,32,real,-1,11
180312,1.580766,25,real,-1,4
180339,-6.00718,27,real,-1,6
180364,-5.059004,25,real,-1,4
180388,-1.982575,24,real,-1,3
180409,-13.76019,21,synthetic,0,0
180432,-4.225695,23,real,-1,2
180456,0.569786,24,real,-1,3
180496,-5.960493,40,real,-1,19
180534,-4.460977,38,real,-1,17
180573,-1.37764,39,real,-1,18
180602,-4.321576,29,real,-1,8
180644,-9.170473,42,real,-1,21
180667,-2.157444,23,real,-1,2
180696,-5.95178,29,real,-1,8
180729,-2.727688,33,real,-1,12
180751,-38.856747,22,synthetic,2,1
180788,-20.278431,37,synthetic,0,16
180829,-8.225666,41,real,-1,20
180860,3.483347,31,real,-1,10
180897,-6.17757,37,real,-1,16
180930,-8.115572,33,real,-1,12
180970,0.378687,40,real,-1,19
180993,-7.678582,23,real,-1,2
181021,1.374531,28,real,-1,7
181046,-4.574106,25,real,-1,4
181087,-14.242105,41,synthetic,0,20
181126,2.835552,39,real,-1,18
181165,-5.542412,39,real,-1,18
181198,-30.653922,33,synthetic,2,12
181231,-4.777117,33,real,-1,12
181263,-3.91907,32,real,-1,11
181299,-10.127223,36,real,-1,15
181337,-5.862449,38,real,-1,17
181363,-4.020688,26,real,-1,5
181392,-3.936971,29,real,-1,8
181424,-6.314915,32,real,-1,11
181449,-3.133549,25,real,-1,4
181481,1.175901,32,real,-1,11
181516,-13.521992,35,real,-1,14
181543,-11.246457,27,synthetic,0,6
181580,0.208681,37,real,-1,16
181603,-1.228072,23,real,-1,2
181634,-33.624025,31,synthetic,2,10
181675,1.378526,41,real,-1,20
181708,-4.722499,33,real,-1,12
181745,-4.434595,37,real,-1,16
181779,-2.538268,34,real,-1,13
181806,7.189075,27,real,-1,6
181828,-2.923101,22,real,-1,1
181868,-5.650543,40,real,-1,19
181895,4.739509,27,real,-1,6
181921,-5.367335,26,real,-1,5
181946,-6.547185,25,real,-1,4
181983,-2.926389,37,real,-1,16
182010,-3.347923,27,real,-1,6
182051,-34.969075,41,synthetic,2,20
182080,-6.86729,29,real,-1,8
182109,0.812391,29,real,-1,8
182149,-10.880802,40,real,-1,19
182186,-2.334636,37,real,-1,16
182215,-1.605252,29,real,-1,8
182244,-3.167132,29,real,-1,8
182276,-0.052373,32,real,-1,11
182299,2.279918,23,real,-1,2
182337,-2.154409,38,real,-1,17
182375,-29.305178,38,synthetic,2,17
182397,0.243912,22,real,-1,1
182419,-0.780614,22,real,-1,1
182447,-6.565737,28,real,-1,7
182482,2.102627,35,real,-1,14
182521,-8.404822,39,real,-1,18
182542,-3.391115,21,real,-1,0
182572,-9.585989,30,real,-1,9
182599,-2.522174,27,real,-1,6
182620,-0.122709,21,real,-1,0
182652,-9.975496,32,real,-1,11
182694,-11.880066,42,real,-1,21
182717,-0.102187,23,real,-1,2
182753,-32.746967,36,synthetic,2,15
182780,1.041762,27,real,-1,6
182804,-4.808464,24,real,-1,3
182825,-9.430631,21,real,-1,0
182862,-12.884365,37,synthetic,0,16
182883,-1.104486,21,real,-1,0
182916,-26.250607,33,synthetic,2,12
182944,1.60394,28,real,-1,7
182975,3.205072,31,real,-1,10
183006,-4.80215,31,real,-1,10
183043,-2.266048,37,real,-1,16
183077,0.254002,34,real,-1,13
183115,-29.357717,38,synthetic,1,17
183142,-4.987728,27,real,-1,6
183166,0.526257,24,real,-1,3
183199,-8.965225,33,real,-1,12
183239,-14.225034,40,synthetic,0,19
183266,-10.192813,27,real,-1,6
183290,-2.209854,24,real,-1,3
183316,0.729583,26,real,-1,5
183358,-0.201713,42,real,-1,21
183398,-14.539522,40,synthetic,0,19
183433,-2.225192,35,real,-1,14
183469,0.846048,36,real,-1,15
183511,-8.994718,42,real,-1,21
183544,2.440034,33,real,-1,12
183571,-0.300069,27,real,-1,6
183609,-6.904313,38,real,-1,17
183646,-1.547137,37,synthetic,0,16
183682,-2.399514,36,real,-1,15
183703,-4.897013,21,real,-1,0
183739,3.973297,36,real,-1,15
183762,0.122645,23,real,-1,2
183794,-5.225515,32,real,-1,11
183816,-27.952669,22,synthetic,1,1
183846,3.690128,30,real,-1,9
183868,1.709914,22,real,-1,1
183902,1.234278,34,real,-1,13
183937,-3.138866,35,real,-1,14
183966,-10.84679,29,synthetic,0,8
183994,-8.81992,28,real,-1,7
184017,-29.549256,23,synthetic,2,2
184057,-8.724549,40,synthetic,0,19
184087,-14.7063,30,synthetic,0,9
184129,-3.232217,42,real,-1,21
184159,-1.339742,30,real,-1,9
184198,3.320856,39,real,-1,18
184226,-12.140553,28,synthetic,0,7
184262,0.093968,36,real,-1,15
184291,-6.401412,29,real,-1,8
184332,3.347652,41,real,-1,20
184361,-3.116709,29,real,-1,8
184403,-9.436985,42,real,-1,21
184441,0.321298,38,real,-1,17
184480,-6.274021,39,real,-1,18
184516,-3.673859,36,real,-1,15
184553,-28.789249,37,synthetic,1,16
184584,6.109664,31,real,-1,10
184607,1.428252,23,real,-1,2
184636,-23.559037,29,synthetic,1,8
184662,-7.961939,26,real,-1,5
184688,-2.110568,26,real,-1,5
184718,-8.814352,30,synthetic,0,9
184749,-4.024372,31,real,-1,10
184771,-22.888235,22,synthetic,1,1
184804,-19.322268,33,synthetic,1,12
184832,-8.737425,28,real,-1,7
184871,-8.096013,39,real,-1,18
184913,-5.163677,42,real,-1,21
184939,-43.498224,26,synthetic,2,5
184967,-0.452472,28,real,-1,7
185006,-36.006573,39,synthetic,2,18
185047,-8.272248,41,real,-1,20
185085,-2.104479,38,real,-1,17
185120,-1.758395,35,real,-1,14
185145,-10.96295,25,real,-1,4
185179,-23.628051,34,synthetic,1,13
185212,-5.435003,33,real,-1,12
185253,-16.804873,41,synthetic,0,20
185292,-15.659416,39,real,-1,18
185327,2.059197,35,real,-1,14
185351,-1.348088,24,real,-1,3
185382,-33.510178,31,synthetic,1,10
185424,-8.529243,42,real,-1,21
185452,-1.275866,28,real,-1,7
185487,2.11161,35,real,-1,14
185514,-6.225359,27,real,-1,6
185544,-4.538128,30,real,-1,9
185572,-3.91219,28,real,-1,7
185611,-3.833106,39,real,-1,18
185646,-20.852672,35,synthetic,1,14
185668,-1.027711,22,real,-1,1
185695,3.585303,27,real,-1,6
185721,-0.044575,26,real,-1,5
185759,-32.754474,38,synthetic,2,17
185794,-0.72198,35,real,-1,14
185816,-2.729999,22,real,-1,1
185844,-20.846324,28,synthetic,1,7
185871,-35.276313,27,synthetic,2,6
185901,-16.337332,30,synthetic,1,9
185927,-2.014609,26,real,-1,5
185963,-1.582473,36,real,-1,15
186003,-23.591411,40,synthetic,1,19
186045,3.037674,42,real,-1,21
186084,-8.468341,39,real,-1,18
186119,-0.385789,35,real,-1,14
186140,-9.812776,21,synthetic,0,0
186173,-32.759565,33,synthetic,2,12
186199,-5.948509,26,real,-1,5
186238,-2.949249,39,real,-1,18
186261,-0.915561,23,real,-1,2
186286,0.041322,25,real,-1,4
186325,-1.082757,39,real,-1,18
186367,0.647647,42,real,-1,21
186395,-2.966836,28,real,-1,7
186428,0.927474,33,real,-1,12
186469,-28.726578,41,synthetic,1,20
186501,-9.243452,32,real,-1,11
186527,-4.674858,26,real,-1,5
186564,3.478994,37,real,-1,16
186597,-34.986272,33,synthetic,2,12
186634,-39.294429,37,synthetic,2,16
186662,1.094845,28,real,-1,7
186687,-1.455658,25,real,-1,4
186727,-4.371847,40,real,-1,19
186750,1.12111,23,real,-1,2
186790,-4.070891,40,real,-1,19
186823,-9.023144,33,real,-1,12
186853,-3.605413,30,real,-1,9
186892,-5.931784,39,real,-1,18
186915,-7.014017,23,real,-1,2
186943,-6.694938,28,real,-1,7
186969,-1.809553,26,real,-1,5
186990,-2.883696,21,real,-1,0
187032,-0.778471,42,real,-1,21
187073,-6.443053,41,real,-1,20
187110,-8.427043,37,real,-1,16
187136,-6.940075,26,real,-1,5
187174,-5.340309,38,real,-1,17
187199,-28.2816,25,synthetic,1,4
187221,-0.190885,22,real,-1,1
187242,-3.169777,21,real,-1,0
187269,3.181807,27,real,-1,6
187301,-4.166987,32,real,-1,11
187338,-6.006735,37,real,-1,16
187369,-3.704934,31,real,-1,10
187410,-26.865726,41,synthetic,1,20
187441,-32.460609,31,synthetic,2,10
187478,-14.716219,37,real,-1,16
187511,-3.586954,33,real,-1,12
187543,-5.046555,32,real,-1,11
187576,-21.892858,33,synthetic,0,12
187616,-20.552872,40,synthetic,1,19
187646,-8.132792,30,real,-1,9
187681,-5.843706,35,real,-1,14
187710,-27.668813,29,synthetic,2,8
187746,-39.402388,36,synthetic,2,15
187783,-4.647919,37,real,-1,16
187805,-10.687423,22,real,-1,1
187829,-2.446187,24,real,-1,3
187860,-7.294655,31,real,-1,10
187900,-4.740547,40,real,-1,19
187941,-37.945044,41,synthetic,2,20
187974,5.123314,33,real,-1,12
188010,-1.763714,36,real,-1,15
188034,-35.108056,24,synthetic,2,3
188064,-27.461194,30,synthetic,1,9
188091,4.317915,27,real,-1,6
188113,4.928155,22,real,-1,1
188144,-2.708162,31,real,-1,10
188177,2.431087,33,real,-1,12
188218,-2.927183,41,real,-1,20
188244,-23.784463,26,synthetic,1,5
188277,-21.233335,33,synthetic,0,12
188303,-6.528872,26,real,-1,5
188344,-4.670288,41,real,-1,20
188375,-0.536953,31,real,-1,10
188398,0.951219,23,real,-1,2
188432,5.096612,34,real,-1,13
188474,-4.483146,42,real,-1,21
188502,-34.095761,28,synthetic,2,7
188529,-7.699777,27,real,-1,6
188568,-3.260197,39,real,-1,18
188603,1.216667,35,real,-1,14
188636,-2.60442,33,real,-1,12
188673,-0.913207,37,real,-1,16
188713,-7.243376,40,real,-1,19
188752,-1.299604,39,real,-1,18
188784,-3.904913,32,real,-1,11
188821,-31.232515,37,synthetic,2,16
188848,4.156529,27,real,-1,6
188878,-31.484611,30,synthetic,2,9
188910,-5.252365,32,real,-1,11
188947,-5.209097,37,real,-1,16
188969,-2.450929,22,real,-1,1
189008,-3.92778,39,real,-1,18
189033,3.521084,25,real,-1,4
189054,-26.951191,21,synthetic,1,0
189084,-8.444185,30,real,-1,9
189123,2.458118,39,real,-1,18
189163,-33.679859,40,synthetic,1,19
189186,1.165661,23,real,-1,2
189219,4.32638,33,real,-1,12
189254,0.571609,35,real,-1,14
189289,-4.569607,35,real,-1,14
189313,-3.001633,24,real,-1,3
189337,-10.947241,24,synthetic,0,3
189374,-23.168308,37,synthetic,1,16
189412,-45.670928,38,synthetic,2,17
189440,-7.646992,28,real,-1,7
189474,-2.433325,34,real,-1,13
189511,-36.455409,37,synthetic,2,16
189545,-6.174388,34,real,-1,13
189566,-2.951762,21,real,-1,0
189598,-4.467359,32,real,-1,11
189632,-6.54442,34,real,-1,13
189662,-23.263491,30,synthetic,2,9
189704,-3.999467,42,real,-1,21
189732,1.31175,28,real,-1,7
189772,-31.751202,40,synthetic,2,19
189795,-25.714373,23,synthetic,1,2
189827,-1.405158,32,real,-1,11
189858,-2.321134,31,real,-1,10
189880,-2.06903,22,real,-1,1
189905,-16.901275,25,synthetic,0,4
189936,-21.72348,31,synthetic,0,10
189970,-23.976865,34,synthetic,1,13
190002,1.797348,32,real,-1,11
190034,-13.256581,32,real,-1,11
190072,-4.175742,38,real,-1,17
190110,-3.162161,38,real,-1,17
190146,0.996004,36,real,-1,15
190187,-6.201732,41,real,-1,20
190212,-5.515363,25,real,-1,4
190243,-0.631003,31,real,-1,10
190274,-32.405716,31,synthetic,2,10
190312,-5.457605,38,real,-1,17
190342,2.078133,30,real,-1,9
190384,-3.229385,42,real,-1,21
190414,-2.604845,30,real,-1,9
190444,0.5214,30,real,-1,9
190477,-3.049002,33,real,-1,12
190513,-3.684866,36,real,-1,15
190555,-7.386558,42,real,-1,21
190588,-2.04839,33,real,-1,12
190619,-4.253999,31,real,-1,10
190660,-4.088206,41,real,-1,20
190683,0.436952,23,real,-1,2
190722,-9.971084,39,real,-1,18
190764,-4.017751,42,real,-1,21
190805,-4.00007,41,real,-1,20
190844,-3.840004,39,real,-1,18
190868,0.412665,24,real,-1,3
190893,-2.390402,25,real,-1,4
190935,-5.378938,42,real,-1,21
190960,-3.671711,25,real,-1,4
190989,-13.11428,29,synthetic,0,8
191031,4.252337,42,real,-1,21
191059,-36.262711,28,synthetic,1,7
191098,-4.38146,39,real,-1,18
191132,-11.455474,34,synthetic,0,13
191161,-7.643307,29,real,-1,8
191191,-0.380497,30,real,-1,9
191233,-8.264791,42,real,-1,21
191270,-2.163012,37,real,-1,16
191296,-5.956042,26,synthetic,0,5
191330,-20.120312,34,synthetic,2,13
191367,-4.802686,37,real,-1,16
191403,-5.743302,36,real,-1,15
191427,-3.221618,24,real,-1,3
191460,-35.055348,33,synthetic,2,12
191494,-8.018158,34,real,-1,13
191525,-8.843285,31,synthetic,0,10
191553,-7.595931,28,real,-1,7
191588,-5.675272,35,real,-1,14
191628,4.129779,40,real,-1,19
191653,-7.543804,25,real,-1,4
191682,-5.459563,29,real,-1,8
191707,-10.037826,25,real,-1,4
191738,1.356132,31,real,-1,10
191767,-3.745745,29,real,-1,8
191797,1.16157,30,real,-1,9
191825,-1.972041,28,real,-1,7
191848,-1.863995,23,real,-1,2
191886,-40.355108,38,synthetic,2,17
191908,-0.1091,22,real,-1,1
191943,-0.546809,35,real,-1,14
191985,-16.233649,42,real,-1,21
192016,0.907696,31,real,-1,10
192038,-4.377553,22,real,-1,1
192064,0.743532,26,real,-1,5
192088,-4.11773,24,real,-1,3
192125,-4.230984,37,real,-1,16
192156,1.131623,31,real,-1,10
192194,-9.67802,38,real,-1,17
192234,-12.559473,40,real,-1,19
192276,-3.192464,42,real,-1,21
192311,-6.626571,35,real,-1,14
192333,-2.076783,22,real,-1,1
192369,-19.116851,36,synthetic,0,15
192408,-10.260731,39,real,-1,18
192431,-4.797327,23,real,-1,2
192468,2.520817,37,real,-1,16
192508,-5.372577,40,real,-1,19
192537,-5.520504,29,real,-1,8
192576,-39.201088,39,synthetic,2,18
192615,4.042936,39,real,-1,18
192642,-3.6081,27,real,-1,6
192683,0.281265,41,real,-1,20
192706,2.979008,23,real,-1,2
192744,-3.483823,38,real,-1,17
192782,-2.774335,38,real,-1,17
192812,-6.165779,30,real,-1,9
192850,-0.735183,38,real,-1,17
192878,-1.419428,28,real,-1,7
192904,-11.041803,26,synthetic,0,5
192937,-5.024135,33,real,-1,12
192965,-7.966981,28,synthetic,0,7
193002,-8.835812,37,real,-1,16
193040,-3.966809,38,real,-1,17
193065,2.379379,25,real,-1,4
193093,-1.136055,28,real,-1,7
193120,-2.805367,27,real,-1,6
193146,0.563395,26,real,-1,5
193183,-7.335496,37,real,-1,16
193213,1.240357,30,real,-1,9
193252,-0.883015,39,real,-1,18
193276,-16.671208,24,synthetic,0,3
193304,-3.805676,28,real,-1,7
193332,-27.686884,28,synthetic,2,7
193369,-12.077022,37,real,-1,16
193411,-0.624793,42,real,-1,21
193452,-5.595077,41,real,-1,20
193477,-6.618904,25,real,-1,4
193510,-0.11699,33,real,-1,12
193543,-1.492999,33,real,-1,12
193574,-6.546576,31,real,-1,10
193605,-4.911091,31,real,-1,10
193644,-31.469152,39,synthetic,2,18
193675,-1.366137,31,real,-1,10
193707,-1.955191,32,real,-1,11
193730,-3.551358,23,real,-1,2
193762,-4.312111,32,real,-1,11
193786,-6.186272,24,real,-1,3
193810,-2.812605,24,real,-1,3
193841,-8.519329,31,real,-1,10
193862,-1.331849,21,real,-1,0
193893,-4.30878,31,real,-1,10
193935,-12.376695,42,real,-1,21
193964,-4.320523,29,real,-1,8
193999,0.772237,35,real,-1,14
194031,-1.192278,32,real,-1,11
194067,-7.15153,36,real,-1,15
194100,1.483288,33,real,-1,12
194132,-29.918161,32,synthetic,1,11
194157,2.273278,25,real,-1,4
194195,-8.495714,38,real,-1,17
194216,-1.774975,21,real,-1,0
194257,-6.507736,41,real,-1,20
194289,-24.859829,32,synthetic,1,11
194318,-2.244359,29,real,-1,8
194345,-1.144095,27,real,-1,6
194382,-0.952451,37,real,-1,16
194407,-2.849681,25,real,-1,4
194429,0.805009,22,real,-1,1
194467,-9.844866,38,real,-1,17
194507,-1.758877,40,real,-1,19
194548,-4.83153,41,real,-1,20
194579,-7.326957,31,synthetic,0,10
194614,-3.093533,35,real,-1,14
194644,-31.774129,30,synthetic,2,9
194684,-9.493301,40,real,-1,19
194714,-1.337102,30,real,-1,9
194755,-8.363931,41,real,-1,20
194783,-4.082757,28,real,-1,7
194813,0.023306,30,real,-1,9
194846,-1.594334,33,real,-1,12
194881,-24.160522,35,synthetic,1,14
194918,1.454814,37,real,-1,16
194959,-7.87386,41,real,-1,20
194988,-6.165707,29,real,-1,8
195027,-4.471535,39,real,-1,18
195059,-0.963022,32,real,-1,11
195099,-5.565578,40,real,-1,19
195141,-7.867955,42,real,-1,21
195162,1.483135,21,real,-1,0
195190,-0.306389,28,real,-1,7
195219,1.631613,29,real,-1,8
195246,0.51632,27,real,-1,6
195281,-2.488698,35,real,-1,14
195304,-31.982698,23,synthetic,2,2
195329,-10.082213,25,real,-1,4
195366,-27.020848,37,synthetic,2,16
195387,-5.862558,21,real,-1,0
195414,-1.470283,27,real,-1,6
195442,0.984433,28,real,-1,7
195464,-23.329864,22,synthetic,1,1
195491,-5.823813,27,real,-1,6
195514,-0.053349,23,real,-1,2
195551,-2.156419,37,real,-1,16
195575,-17.796975,24,synthetic,0,3
195604,-6.39387,29,real,-1,8
195645,-6.162421,41,real,-1,20
195672,-21.424342,27,synthetic,2,6
195705,-9.655323,33,real,-1,12
195740,-4.044645,35,real,-1,14
195764,-4.513902,24,real,-1,3
195799,-3.193943,35,real,-1,14
195822,6.76093,23,real,-1,2
195859,-4.454803,37,real,-1,16
195898,-7.750625,39,real,-1,18
195938,-19.59204,40,synthetic,1,19
195964,-2.567744,26,real,-1,5
195985,1.557401,21,real,-1,0
196007,-1.13489,22,real,-1,1
196049,-6.68853,42,real,-1,21
196084,-5.606099,35,real,-1,14
196122,-11.765142,38,synthetic,0,17
196150,-4.17461,28,real,-1,7
196182,-10.212869,32,synthetic,0,11
196211,-0.541717,29,real,-1,8
196252,-2.449107,41,real,-1,20
196282,-21.83294,30,synthetic,1,9
196308,-23.252121,26,synthetic,1,5
196335,-11.245759,27,synthetic,0,6
196356,-3.236532,21,real,-1,0
196398,-3.013832,42,real,-1,21
196420,-5.361716,22,real,-1,1
196452,-41.092897,32,synthetic,2,11
196475,-14.321538,23,synthetic,1,2
196499,-5.120511,24,real,-1,3
196530,-0.895487,31,real,-1,10
196560,3.079739,30,real,-1,9
196581,2.344893,21,real,-1,0
196602,-6.133287,21,real,-1,0
196628,-1.384509,26,real,-1,5
196652,-0.336158,24,real,-1,3
196687,-29.413776,35,synthetic,1,14
196720,-1.837246,33,real,-1,12
196745,-27.436883,25,synthetic,1,4
196772,-32.512329,27,synthetic,2,6
196798,-4.731158,26,real,-1,5
196820,-1.735462,22,real,-1,1
196860,4.102759,40,real,-1,19
196898,-9.635967,38,real,-1,17
196921,-28.136518,23,synthetic,2,2
196961,-5.779658,40,real,-1,19
196988,-3.448371,27,real,-1,6
197015,-7.896779,27,real,-1,6
197045,2.419978,30,real,-1,9
197087,-3.066736,42,real,-1,21
197126,-4.474133,39,real,-1,18
197162,4.658766,36,real,-1,15
197190,-4.812058,28,real,-1,7
197228,-5.673027,38,real,-1,17
197258,-1.815709,30,real,-1,9
197289,-3.321925,31,real,-1,10
197314,-6.261895,25,real,-1,4
197341,2.40446,27,real,-1,6
197363,-2.420531,22,real,-1,1
197389,-4.929063,26,real,-1,5
197430,-8.019509,41,real,-1,20
197461,-5.933805,31,real,-1,10
197487,1.357667,26,real,-1,5
197510,3.560202,23,real,-1,2
197549,-7.815853,39,real,-1,18
197580,-26.658042,31,synthetic,1,10
197605,-2.637011,25,real,-1,4
197628,-9.763671,23,real,-1,2
197664,-2.748576,36,real,-1,15
197706,-8.329113,42,real,-1,21
197743,-3.801923,37,real,-1,16
197785,-3.949109,42,real,-1,21
197812,0.025904,27,real,-1,6
197854,1.67076,42,real,-1,21
197887,-1.57498,33,real,-1,12
197914,-19.938029,27,synthetic,1,6
197947,0.287879,33,real,-1,12
197985,-1.079142,38,real,-1,17
198026,-2.787746,41,real,-1,20
198068,-8.654214,42,real,-1,21
198103,-12.526582,35,real,-1,14
198134,0.729265,31,real,-1,10
198164,1.253838,30,real,-1,9
198197,-7.098465,33,real,-1,12
198227,-1.640803,30,real,-1,9
198265,-0.632008,38,real,-1,17
198303,-15.135669,38,synthetic,1,17
198325,-3.902307,22,real,-1,1
198355,-1.860647,30,real,-1,9
198393,-41.725506,38,synthetic,2,17
198421,0.026725,28,real,-1,7
198456,-1.534332,35,real,-1,14
198489,-8.382937,33,real,-1,12
198517,-8.800168,28,real,-1,7
198551,-7.233403,34,real,-1,13
198587,-1.747587,36,real,-1,15
198613,-4.180905,26,real,-1,5
198634,-3.168277,21,real,-1,0
198667,-3.898636,33,real,-1,12
198704,-0.387192,37,real,-1,16
198734,0.7574,30,real,-1,9
198774,-1.071203,40,real,-1,19
198803,3.474995,29,real,-1,8
198834,-30.439121,31,synthetic,1,10
198862,-4.383799,28,real,-1,7
198902,-5.203734,40,real,-1,19
198927,-5.562226,25,real,-1,4
198957,-5.798483,30,real,-1,9
198981,-7.443902,24,synthetic,0,3
199015,-0.860759,34,real,-1,13
199055,-2.059375,40,real,-1,19
199084,-2.375599,29,real,-1,8
199115,3.218314,31,real,-1,10
199142,-0.819422,27,real,-1,6
199175,-10.5438,33,real,-1,12
199206,0.547104,31,real,-1,10
199234,-44.349226,28,synthetic,2,7
199261,-34.853761,27,synthetic,2,6
199297,-5.11063,36,real,-1,15
199328,1.86669,31,real,-1,10
199362,-2.797388,34,real,-1,13
199389,-1.351347,27,real,-1,6
199431,1.683504,42,real,-1,21
199468,-54.524951,37,synthetic,2,16
199500,-3.891534,32,real,-1,11
199522,-5.484855,22,real,-1,1
199550,-9.246545,28,real,-1,7
199571,-1.48428,21,real,-1,0
199607,-4.149218,36,real,-1,15
199648,-5.326384,41,real,-1,20
199677,1.028278,29,real,-1,8
199704,-2.504722,27,real,-1,6
199745,-3.983691,41,real,-1,20
199769,-17.771448,24,synthetic,0,3
199810,-17.879704,41,synthetic,0,20
199844,-31.629366,34,synthetic,1,13
199876,-9.311243,32,real,-1,11
199917,-13.07862,41,real,-1,20
199951,-1.187367,34,real,-1,13
199987,0.059333,36,real,-1,15
200023,-6.248083,36,real,-1,15
200050,-0.837313,27,real,-1,6
200090,-6.527211,40,real,-1,19
200120,-4.23671,30,real,-1,9
200155,-1.19691,35,real,-1,14
200190,1.40261,35,real,-1,14
200213,-3.92434,23,real,-1,2
200252,-18.143902,39,synthetic,0,18
200290,-3.259287,38,real,-1,17
200314,-6.103124,24,real,-1,3
200350,-33.158024,36,synthetic,1,15
200372,0.141596,22,real,-1,1
200413,0.11386,41,real,-1,20
200436,0.14038,23,real,-1,2
200462,-14.839843,26,synthetic,0,5
200490,0.458202,28,real,-1,7
200528,4.175976,38,real,-1,17
200551,-0.569948,23,real,-1,2
200589,-6.642377,38,real,-1,17
200620,1.504253,31,real,-1,10
200659,6.930455,39,real,-1,18
200695,-4.138839,36,real,-1,15
200724,-0.224636,29,real,-1,8
200752,-2.780103,28,real,-1,7
200786,1.472094,34,real,-1,13
200818,0.920157,32,real,-1,11
200842,-8.523262,24,real,-1,3
200872,-5.653842,30,real,-1,9
200913,0.943579,41,real,-1,20
200944,1.6811,31,real,-1,10
200984,-31.795913,40,synthetic,2,19
201006,-6.798548,22,real,-1,1
201036,-1.498374,30,real,-1,9
201074,0.550972,38,real,-1,17
201103,-4.180171,29,real,-1,8
201144,-2.34654,41,real,-1,20
201176,1.479042,32,real,-1,11
201202,-0.507941,26,real,-1,5
201244,-27.568539,42,synthetic,1,21
201265,0.952385,21,real,-1,0
201294,-7.43853,29,real,-1,8
201315,-2.577103,21,real,-1,0
201339,0.559832,24,real,-1,3
201380,0.276754,41,real,-1,20
201413,1.293243,33,real,-1,12
201436,-6.106452,23,real,-1,2
201467,-4.71701,31,real,-1,10
201497,0.093324,30,real,-1,9
201537,-6.436188,40,real,-1,19
201561,-3.288459,24,real,-1,3
201603,-9.721415,42,real,-1,21
201634,-2.82079,31,real,-1,10
201673,-1.693842,39,real,-1,18
201703,-16.111924,30,real,-1,9
201739,-40.424693,36,synthetic,2,15
201766,-2.043357,27,real,-1,6
201794,1.091347,28,real,-1,7
201815,-1.380609,21,real,-1,0
201840,6.8968,25,real,-1,4
201868,-1.590393,28,real,-1,7
201889,-2.554182,21,real,-1,0
201921,-3.068926,32,real,-1,11
201948,1.581898,27,real,-1,6
201979,-0.388621,31,real,-1,10
202002,-5.732595,23,real,-1,2
202040,-0.833728,38,real,-1,17
202064,-2.901961,24,real,-1,3
202096,-3.524617,32,real,-1,11
202124,-3.8467,28,real,-1,7
202166,-9.123616,42,real,-1,21
202190,-4.45771,24,real,-1,3
202231,-6.641708,41,real,-1,20
202268,-3.505168,37,real,-1,16
202303,-8.945712,35,real,-1,14
202324,-2.088377,21,real,-1,0
202360,-1.755444,36,real,-1,15
202399,-2.290133,39,real,-1,18
202435,-4.205484,36,real,-1,15
202463,-1.281584,28,real,-1,7
202501,-17.184021,38,synthetic,0,17
202526,-35.169472,25,synthetic,2,4
202564,-7.944697,38,real,-1,17
202597,-7.182244,33,real,-1,12
202625,0.845225,28,real,-1,7
202649,-6.712798,24,real,-1,3
202673,3.33341,24,real,-1,3
202712,-11.50716,39,real,-1,18
202754,-0.303449,42,real,-1,21
202776,5.375452,22,real,-1,1
202817,-10.109772,41,real,-1,20
202852,-4.67293,35,real,-1,14
202887,-7.67708,35,real,-1,14
202910,-3.076229,23,real,-1,2
202940,-4.714073,30,real,-1,9
202963,-4.824834,23,real,-1,2
202988,2.110959,25,real,-1,4
203011,-6.626758,23,real,-1,2
203053,-0.91592,42,real,-1,21
203083,1.842213,30,real,-1,9
203122,-31.017163,39,synthetic,1,18
203161,-7.366552,39,real,-1,18
203182,2.773677,21,real,-1,0
203206,-4.740462,24,real,-1,3
203246,-19.498064,40,synthetic,0,19
203286,-9.009181,40,synthetic,0,19
203312,2.088802,26,real,-1,5
203353,-9.886817,41,real,-1,20
203374,-4.034773,21,real,-1,0
203410,-8.088119,36,real,-1,15
203447,-3.452009,37,real,-1,16
203469,-8.939083,22,synthetic,0,1
203505,-1.631243,36,real,-1,15
203537,2.528379,32,real,-1,11
203578,-23.360628,41,synthetic,1,20
203614,-15.70058,36,synthetic,0,15
203641,-22.016772,27,synthetic,1,6
203681,-9.984152,40,real,-1,19
203704,-33.017628,23,synthetic,2,2
203732,-6.919025,28,real,-1,7
203773,-2.810024,41,real,-1,20
203815,-4.999986,42,real,-1,21
203852,-7.122172,37,real,-1,16
203889,4.910129,37,real,-1,16
203925,-1.596606,36,real,-1,15
203965,1.950547,40,real,-1,19
204005,-2.733456,40,real,-1,19
204038,-2.131305,33,real,-1,12
204065,-4.06203,27,real,-1,6
204096,-0.167447,31,real,-1,10
204137,-0.328591,41,real,-1,20
204162,-8.110154,25,real,-1,4
204188,-2.916474,26,real,-1,5
204230,-2.511686,42,real,-1,21
204271,-4.548326,41,real,-1,20
204299,3.243618,28,real,-1,7
204339,-5.979239,40,real,-1,19
204376,-4.93404,37,real,-1,16
204412,-11.18449,36,real,-1,15
204448,-0.419933,36,real,-1,15
204488,-15.299875,40,synthetic,1,19
204511,-0.167592,23,real,-1,2
204549,0.003718,38,real,-1,17
204573,-1.853809,24,real,-1,3
204595,-2.000532,22,real,-1,1
204623,0.308415,28,real,-1,7
204659,-0.263043,36,real,-1,15
204683,-14.183428,24,real,-1,3
204716,-1.592081,33,real,-1,12
204744,-4.941513,28,real,-1,7
204767,0.550811,23,real,-1,2
204796,-22.686229,29,synthetic,1,8
204832,-13.630135,36,synthetic,0,15
204867,-4.331731,35,real,-1,14
204906,-5.826143,39,real,-1,18
204944,-12.055136,38,real,-1,17
204965,-0.407398,21,real,-1,0
204989,4.304275,24,real,-1,3
205027,-10.325925,38,real,-1,17
205056,-8.06262,29,real,-1,8
205091,-21.809038,35,synthetic,1,14
205122,-4.636075,31,real,-1,10
205153,-6.230588,31,real,-1,10
205180,4.172703,27,real,-1,6
205216,-3.530251,36,real,-1,15
205249,-6.076704,33,real,-1,12
205285,-10.79814,36,synthetic,0,15
205324,-3.859961,39,real,-1,18
205363,-4.521014,39,real,-1,18
205392,-2.120174,29,real,-1,8
205420,-16.686343,28,synthetic,1,7
205441,-36.485985,21,synthetic,2,0
205464,-2.590781,23,real,-1,2
205501,-7.562265,37,real,-1,16
205524,-10.7047,23,synthetic,0,2
205547,-17.993362,23,synthetic,0,2
205588,-0.854916,41,real,-1,20
205617,-0.919872,29,real,-1,8
205646,-7.228042,29,real,-1,8
205685,-24.410559,39,synthetic,0,18
205727,0.799114,42,real,-1,21
205749,-5.59887,22,real,-1,1
205780,-8.287993,31,real,-1,10
205809,-5.235557,29,real,-1,8
205830,-1.270624,21,real,-1,0
205862,-3.825608,32,real,-1,11
205887,-27.182145,25,synthetic,2,4
205917,-14.928555,30,real,-1,9
205957,-0.328018,40,real,-1,19
205985,-5.958526,28,real,-1,7
206018,-11.492153,33,synthetic,0,12
206049,-36.335199,31,synthetic,2,10
206082,-3.030629,33,real,-1,12
206120,-3.576816,38,real,-1,17
206154,-16.408974,34,real,-1,13
206187,-0.297647,33,real,-1,12
206218,-9.024582,31,real,-1,10
206252,-1.10952,34,real,-1,13
206288,-3.345365,36,real,-1,15
206322,-3.238859,34,real,-1,13
206355,-42.943697,33,synthetic,2,12
206393,-1.524068,38,real,-1,17
206420,-2.663366,27,real,-1,6
206444,-4.479758,24,real,-1,3
206478,-29.98526,34,synthetic,2,13
206503,-19.040827,25,synthetic,0,4
206531,1.385623,28,real,-1,7
206557,-1.543579,26,real,-1,5
206597,-5.328568,40,real,-1,19
206626,-13.391601,29,real,-1,8
206650,-2.974925,24,real,-1,3
206690,-10.027602,40,real,-1,19
206732,-5.960213,42,real,-1,21
206766,1.110236,34,real,-1,13
206800,-10.266319,34,real,-1,13
206831,-28.762439,31,synthetic,2,10
206862,-9.006442,31,synthetic,0,10
206896,-32.718397,34,synthetic,1,13
206935,-6.68646,39,real,-1,18
206971,0.906905,36,real,-1,15
206994,-28.973323,23,synthetic,1,2
207028,-0.203614,34,real,-1,13
207062,-9.217592,34,real,-1,13
207104,-17.781285,42,real,-1,21
207135,-11.868448,31,synthetic,0,10
207158,-25.332444,23,synthetic,1,2
207185,-3.834405,27,real,-1,6
207215,-5.065401,30,real,-1,9
207248,-2.53553,33,real,-1,12
207270,-3.343565,22,real,-1,1
207297,-11.863724,27,synthetic,0,6
207323,0.720376,26,real,-1,5
207353,-6.523951,30,real,-1,9
207386,-5.125321,33,real,-1,12
207411,-11.187249,25,synthetic,0,4
207438,1.08117,27,real,-1,6
207472,-6.080668,34,real,-1,13
207501,-2.254213,29,real,-1,8
207527,-5.276702,26,real,-1,5
207567,-2.409583,40,real,-1,19
207600,-8.73814,33,synthetic,0,12
207642,-4.084705,42,real,-1,21
207669,-19.467674,27,synthetic,1,6
207695,-25.820534,26,synthetic,1,5
207723,-9.149508,28,real,-1,7
207748,-0.608734,25,real,-1,4
207784,-4.091969,36,real,-1,15
207809,-26.584139,25,synthetic,2,4
207834,-29.238701,25,synthetic,1,4
207876,-1.95827,42,real,-1,21
207911,-1.764615,35,real,-1,14
207949,-24.417268,38,synthetic,1,17
207987,2.348614,38,real,-1,17
208024,0.972381,37,real,-1,16
208066,3.833925,42,real,-1,21
208089,-2.747197,23,real,-1,2
208121,-1.101355,32,real,-1,11
208158,-17.064438,37,synthetic,0,16
208184,-1.007096,26,real,-1,5
208220,-1.923909,36,real,-1,15
208251,-7.921761,31,real,-1,10
208277,5.026643,26,real,-1,5
208301,2.481229,24,real,-1,3
208340,-30.005894,39,synthetic,2,18
208377,-28.781567,37,synthetic,2,16
208418,-26.748196,41,synthetic,1,20
208440,-34.064547,22,synthetic,2,1
208478,-3.992253,38,real,-1,17
208513,-3.034962,35,real,-1,14
208551,-26.002023,38,synthetic,1,17
208573,2.844394,22,real,-1,1
208599,-3.086855,26,real,-1,5
208636,-2.509851,37,real,-1,16
208659,-0.048569,23,real,-1,2
208690,0.316357,31,real,-1,10
208715,-3.509349,25,real,-1,4
208745,-3.364619,30,real,-1,9
208782,-3.352406,37,real,-1,16
208809,2.611138,27,real,-1,6
208838,-13.063077,29,real,-1,8
208871,-8.633934,33,real,-1,12
208904,-43.738309,33,synthetic,2,12
208935,1.191792,31,real,-1,10
208965,-1.040323,30,real,-1,9
209001,-13.475787,36,real,-1,15
209035,-1.799646,34,real,-1,13
209061,-44.62948,26,synthetic,2,5
209087,1.765644,26,real,-1,5
209115,-0.675266,28,real,-1,7
209148,1.154496,33,real,-1,12
209184,-6.601135,36,real,-1,15
209223,-7.779796,39,real,-1,18
209248,-3.530278,25,real,-1,4
209289,-9.231163,41,real,-1,20
209316,-34.390154,27,synthetic,1,6
209343,-13.434936,27,synthetic,0,6
209382,3.219811,39,real,-1,18
209407,-3.618813,25,real,-1,4
209435,-2.33802,28,real,-1,7
209464,-3.508546,29,real,-1,8
209506,-0.320034,42,real,-1,21
209528,-22.522322,22,synthetic,1,1
209550,2.022998,22,real,-1,1
209584,1.086233,34,real,-1,13
209623,-7.177808,39,real,-1,18
209648,-39.817662,25,synthetic,2,4
209678,1.601484,30,real,-1,9
209704,-3.787303,26,real,-1,5
209734,-9.416837,30,synthetic,0,9
209755,-3.888431,21,real,-1,0
209782,-3.292985,27,real,-1,6
209822,-15.104933,40,real,-1,19
209861,-0.951463,39,real,-1,18
209901,-3.835994,40,real,-1,19
209926,-36.337196,25,synthetic,2,4
209956,-3.914855,30,real,-1,9
209996,-26.999045,40,synthetic,2,19
210027,-1.127016,31,real,-1,10
210056,-3.349464,29,real,-1,8
210094,-8.138877,38,real,-1,17
210136,-9.523275,42,real,-1,21
210176,-4.167322,40,real,-1,19
210207,-39.119954,31,synthetic,2,10
210236,-48.418642,29,synthetic,2,8
210260,-1.387674,24,real,-1,3
210302,-5.37295,42,real,-1,21
210339,-0.863236,37,real,-1,16
210363,-23.835258,24,synthetic,2,3
210391,-1.214389,28,real,-1,7
210417,1.004489,26,real,-1,5
210439,-1.910456,22,real,-1,1
210475,-14.970646,36,synthetic,0,15
210517,-2.041537,42,real,-1,21
210554,4.806983,37,real,-1,16
210576,-3.224231,22,real,-1,1
210607,1.25299,31,real,-1,10
210638,-0.47021,31,real,-1,10
210663,0.780594,25,real,-1,4
210704,-6.048977,41,real,-1,20
210740,-8.187602,36,real,-1,15
210769,-0.806286,29,real,-1,8
210795,1.732927,26,real,-1,5
210826,-42.289083,31,synthetic,2,10
210862,-10.237255,36,real,-1,15
210887,-0.68962,25,real,-1,4
210920,-1.873199,33,real,-1,12
210945,3.750578,25,real,-1,4
210974,-5.92892,29,real,-1,8
211007,-8.364988,33,real,-1,12
211049,-4.645162,42,real,-1,21
211073,-3.482972,24,real,-1,3
211108,2.671922,35,real,-1,14
211141,2.074118,33,real,-1,12
211162,2.143383,21,real,-1,0
211193,3.65856,31,real,-1,10
211232,-2.288824,39,real,-1,18
211274,-8.854084,42,real,-1,21
211314,-7.425478,40,real,-1,19
211342,-2.182538,28,real,-1,7
211365,3.793045,23,real,-1,2
211390,-1.317522,25,real,-1,4
211418,-16.531338,28,synthetic,1,7
211454,2.64267,36,real,-1,15
211489,-5.502966,35,real,-1,14
211513,-2.826769,24,real,-1,3
211542,-5.365917,29,real,-1,8
211570,-0.500147,28,real,-1,7
211606,-22.290899,36,synthetic,2,15
211636,-20.872687,30,synthetic,1,9
211678,-4.608277,42,real,-1,21
211708,-6.883525,30,real,-1,9
211740,-1.268275,32,real,-1,11
211774,-12.986461,34,synthetic,0,13
211815,3.549019,41,real,-1,20
211854,-4.245768,39,real,-1,18
211879,-1.302487,25,real,-1,4
211910,1.325571,31,real,-1,10
211939,-2.457529,29,real,-1,8
211973,-5.42485,34,real,-1,13
211994,-2.579636,21,real,-1,0
212030,-8.633168,36,real,-1,15
212060,-1.555821,30,real,-1,9
212098,-5.056639,38,real,-1,17
212131,1.177341,33,real,-1,12
212166,-14.249314,35,real,-1,14
212202,-2.470213,36,real,-1,15
212223,-8.291088,21,real,-1,0
212260,-15.60074,37,real,-1,16
212294,0.811417,34,real,-1,13
212315,-1.932884,21,real,-1,0
212348,-4.206055,33,real,-1,12
212379,-4.150116,31,real,-1,10
212416,4.170604,37,real,-1,16
212438,-2.459021,22,real,-1,1
212470,-27.622448,32,synthetic,1,11
212491,-2.685945,21,real,-1,0
212523,-28.589023,32,synthetic,1,11
212544,-2.568252,21,real,-1,0
212574,4.178291,30,real,-1,9
212614,2.437022,40,real,-1,19
212654,6.184725,40,real,-1,19
212688,-4.652041,34,real,-1,13
212730,-6.809221,42,real,-1,21
212753,-4.383792,23,real,-1,2
212792,-9.79218,39,real,-1,18
212834,-8.060607,42,real,-1,21
212855,-0.606876,21,real,-1,0
212893,2.067751,38,real,-1,17
212919,-4.989754,26,real,-1,5
212954,0.733577,35,real,-1,14
212993,-6.049827,39,real,-1,18
213030,-1.453877,37,real,-1,16
213054,-0.94789,24,real,-1,3
213077,3.497589,23,real,-1,2
213100,-0.855245,23,real,-1,2
213139,-1.658657,39,real,-1,18
213166,-2.494019,27,real,-1,6
213208,-2.555973,42,real,-1,21
213242,-10.264527,34,real,-1,13
213266,1.155261,24,real,-1,3
213301,-6.225045,35,real,-1,14
213338,-10.506948,37,real,-1,16
213359,-4.081371,21,real,-1,0
213390,-1.065455,31,real,-1,10
213422,-7.854058,32,real,-1,11
213462,-1.40979,40,real,-1,19
213499,-5.157977,37,real,-1,16
213529,-2.188285,30,real,-1,9
213562,-1.307103,33,real,-1,12
213596,1.217734,34,real,-1,13
213637,-8.048167,41,real,-1,20
213677,-3.892733,40,real,-1,19
213698,-3.986729,21,real,-1,0
213719,-25.511181,21,synthetic,1,0
213743,-3.859561,24,real,-1,3
213778,-3.731832,35,real,-1,14
213816,-1.884826,38,real,-1,17
213845,-17.119647,29,synthetic,0,8
213882,0.203515,37,real,-1,16
213911,-2.51856,29,real,-1,8
213952,-1.389413,41,real,-1,20
213973,-4.672285,21,real,-1,0
214014,-6.191622,41,real,-1,20
214040,-23.073934,26,synthetic,1,5
214069,2.530162,29,real,-1,8
214100,-24.461685,31,synthetic,1,10
214135,-0.985343,35,real,-1,14
214165,-7.317469,30,synthetic,0,9
214207,-8.012629,42,real,-1,21
214233,-1.479478,26,real,-1,5
214264,-2.574217,31,real,-1,10
214288,-8.981711,24,real,-1,3
214324,1.054916,36,real,-1,15
214366,-2.447264,42,real,-1,21
214398,-1.648247,32,real,-1,11
214432,-7.650837,34,synthetic,0,13
214468,-7.951181,36,real,-1,15
214492,-2.833714,24,real,-1,3
214531,-4.168337,39,real,-1,18
214552,4.763724,21,real,-1,0
214576,-24.066932,24,synthetic,1,3
214616,-6.827894,40,real,-1,19
214637,-2.901215,21,real,-1,0
214662,-7.027441,25,real,-1,4
214692,-7.662916,30,real,-1,9
214717,-14.177106,25,synthetic,1,4
214744,-4.153964,27,real,-1,6
214765,-1.877104,21,real,-1,0
214806,-2.644664,41,real,-1,20
214829,0.365354,23,real,-1,2
214871,-8.350409,42,real,-1,21
214893,0.529271,22,real,-1,1
214919,-7.438427,26,real,-1,5
214946,-3.050308,27,real,-1,6
214967,-27.397395,21,synthetic,1,0
214988,-27.268222,21,synthetic,2,0
215010,-8.658116,22,synthetic,0,1
215038,-3.694864,28,real,-1,7
215078,5.706434,40,real,-1,19
215114,4.068717,36,real,-1,15
215142,-5.092454,28,real,-1,7
215183,-3.909733,41,real,-1,20
215213,-3.149909,30,real,-1,9
215236,0.925299,23,real,-1,2
215263,-34.944938,27,synthetic,2,6
215301,-2.500916,38,real,-1,17
215340,-12.697671,39,synthetic,0,18
215370,-4.041602,30,real,-1,9
215403,-6.908518,33,real,-1,12
215439,-6.119825,36,real,-1,15
215478,2.472679,39,real,-1,18
215516,-5.809214,38,real,-1,17
215541,-1.639905,25,real,-1,4
215579,-1.343998,38,real,-1,17
215602,-2.012119,23,real,-1,2
215638,-7.096753,36,real,-1,15
215678,-3.401091,40,real,-1,19
215718,1.117064,40,real,-1,19
215744,-2.265125,26,real,-1,5
215775,1.045408,31,real,-1,10
215810,-1.686626,35,real,-1,14
215838,-1.593451,28,real,-1,7
215873,-2.76725,35,real,-1,14
215904,-6.891634,31,real,-1,10
215940,-2.298473,36,real,-1,15
215971,-1.663729,31,real,-1,10
216001,-2.594674,30,real,-1,9
216026,1.169243,25,real,-1,4
216048,5.975006,22,real,-1,1
216076,-0.445633,28,real,-1,7
216109,-0.261642,33,real,-1,12
216138,-7.118096,29,real,-1,8
216164,-5.313002,26,real,-1,5
216189,-0.564503,25,real,-1,4
216214,-8.421175,25,real,-1,4
216238,-27.526091,24,synthetic,2,3
216267,-8.853002,29,real,-1,8
216301,-31.46154,34,synthetic,2,13
216334,-3.527648,33,real,-1,12
216363,-0.247933,29,real,-1,8
216390,3.562141,27,real,-1,6
216415,0.353613,25,real,-1,4
216451,-8.879948,36,real,-1,15
216475,-1.608425,24,real,-1,3
216517,-5.424744,42,real,-1,21
216545,0.966172,28,real,-1,7
216574,-6.923271,29,real,-1,8
216599,-8.019174,25,real,-1,4
216640,-6.878363,41,real,-1,20
216672,0.411829,32,real,-1,11
216707,2.338434,35,real,-1,14
216742,5.025917,35,real,-1,14
216778,-3.668796,36,real,-1,15
216819,-0.586934,41,real,-1,20
216856,-0.807414,37,real,-1,16
216897,-2.280829,41,real,-1,20
216922,-0.417447,25,real,-1,4
216951,2.117758,29,real,-1,8
216989,1.253498,38,real,-1,17
217028,-1.367069,39,real,-1,18
217069,-28.91806,41,synthetic,1,20
217092,-39.956198,23,synthetic,2,2
217116,-14.056104,24,synthetic,0,3
217149,-6.002537,33,real,-1,12
217191,-13.177083,42,synthetic,0,21
217220,-3.263908,29,real,-1,8
217254,-27.055587,34,synthetic,1,13
217286,1.67952,32,real,-1,11
217318,1.826374,32,real,-1,11
217352,-1.749603,34,real,-1,13
217382,0.504519,30,real,-1,9
217424,1.611059,42,real,-1,21
217459,-10.268474,35,real,-1,14
217501,3.399328,42,real,-1,21
217526,2.737142,25,real,-1,4
217561,-5.648173,35,real,-1,14
217595,-24.219931,34,synthetic,1,13
217626,-3.182887,31,real,-1,10
217656,-1.278778,30,real,-1,9
217688,-36.510133,32,synthetic,2,11
217730,2.16226,42,real,-1,21
217769,-1.073562,39,real,-1,18
217792,-3.973865,23,real,-1,2
217834,-34.108908,42,synthetic,2,21
217858,-1.739936,24,real,-1,3
217884,-12.315606,26,real,-1,5
217906,2.317109,22,real,-1,1
217941,-22.318804,35,synthetic,0,14
217972,-10.232299,31,synthetic,0,10
218014,-5.56212,42,real,-1,21
218044,0.392877,30,real,-1,9
218072,-2.942327,28,real,-1,7
218098,0.808366,26,real,-1,5
218132,-9.154668,34,real,-1,13
218163,-28.890698,31,synthetic,1,10
218188,1.893804,25,real,-1,4
218228,-1.323114,40,real,-1,19
218260,-15.883061,32,real,-1,11
218292,-1.211956,32,real,-1,11
218331,-2.008106,39,real,-1,18
218353,-4.93093,22,real,-1,1
218393,-3.284556,40,real,-1,19
218432,3.187579,39,real,-1,18
218460,-2.882553,28,real,-1,7
218481,-1.328075,21,real,-1,0
218508,-5.862616,27,real,-1,6
218539,-5.745921,31,real,-1,10
218580,-1.747233,41,real,-1,20
218611,-4.111559,31,real,-1,10
218648,3.110791,37,real,-1,16
218680,-10.771649,32,real,-1,11
218702,-7.845991,22,real,-1,1
218738,1.035574,36,real,-1,15
218768,-5.891386,30,real,-1,9
218804,-2.146668,36,real,-1,15
218829,-15.787655,25,real,-1,4
218865,-3.928944,36,real,-1,15
218889,2.640288,24,real,-1,3
218919,-37.721285,30,synthetic,2,9
218944,-3.602842,25,real,-1,4
218968,-10.691855,24,synthetic,0,3
219005,-3.351999,37,real,-1,16
219029,-27.872179,24,synthetic,2,3
219069,-3.138697,40,real,-1,19
219094,1.091742,25,real,-1,4
219118,-3.195505,24,real,-1,3
219150,-15.317445,32,synthetic,0,11
219188,-44.330346,38,synthetic,2,17
219218,-0.227768,30,real,-1,9
219241,4.516301,23,real,-1,2
219279,4.529398,38,real,-1,17
219315,-7.968905,36,real,-1,15
219353,-6.987315,38,real,-1,17
219385,-2.156404,32,real,-1,11
219422,-32.757378,37,synthetic,1,16
219455,-6.982059,33,real,-1,12
219493,-10.056238,38,synthetic,0,17
219515,0.995457,22,real,-1,1
219551,-2.356378,36,real,-1,15
219574,-7.455692,23,real,-1,2
219603,2.736471,29,real,-1,8
219640,-2.935853,37,real,-1,16
219675,0.098072,35,real,-1,14
219713,-24.696348,38,synthetic,1,17
219750,-8.939994,37,real,-1,16
219772,-1.631374,22,real,-1,1
219795,-4.796434,23,real,-1,2
219829,0.818792,34,real,-1,13
219866,-3.940387,37,real,-1,16
219891,-5.160638,25,real,-1,4
219926,-28.770344,35,synthetic,1,14
219949,0.749087,23,real,-1,2
219982,3.385216,33,real,-1,12
220017,-15.078087,35,synthetic,0,14
220058,-4.607839,41,real,-1,20
220091,-7.123822,33,real,-1,12
220112,-12.696556,21,synthetic,0,0
220139,-2.86621,27,real,-1,6
220163,-0.51665,24,real,-1,3
220188,-3.11897,25,real,-1,4
220225,-46.302988,37,synthetic,2,16
220265,4.350475,40,real,-1,19
220289,-1.206776,24,real,-1,3
220323,-18.608374,34,synthetic,1,13
220350,-20.247656,27,synthetic,1,6
220390,-1.995431,40,real,-1,19
220415,-20.58793,25,synthetic,1,4
220451,-3.525504,36,real,-1,15
220481,-13.018446,30,real,-1,9
220515,1.106477,34,real,-1,13
220551,-33.787778,36,synthetic,2,15
220579,-4.681567,28,real,-1,7
220607,-9.741247,28,real,-1,7
220642,-16.74338,35,synthetic,1,14
220671,-16.327541,29,real,-1,8
220713,-8.511858,42,real,-1,21
220750,0.040902,37,real,-1,16
220782,-25.691053,32,synthetic,1,11
220814,0.160842,32,real,-1,11
220840,-7.418826,26,real,-1,5
220861,-7.994784,21,real,-1,0
220903,-34.415943,42,synthetic,1,21
220925,-1.768978,22,real,-1,1
220958,-12.947633,33,synthetic,0,12
220992,-1.525649,34,real,-1,13
221024,-3.129138,32,real,-1,11
221056,-36.707013,32,synthetic,2,11
221084,0.62408,28,real,-1,7
221122,0.665093,38,real,-1,17
221154,-27.654304,32,synthetic,1,11
221186,0.030218,32,real,-1,11
221227,-32.899672,41,synthetic,2,20
221261,-34.098882,34,synthetic,2,13
221303,-0.224197,42,real,-1,21
221344,-3.328597,41,real,-1,20
221369,2.977164,25,real,-1,4
221403,-1.653831,34,real,-1,13
221433,-2.899487,30,real,-1,9
221455,-11.144129,22,synthetic,0,1
221485,-2.079348,30,real,-1,9
221514,-0.975286,29,real,-1,8
221555,-1.509261,41,real,-1,20
221581,-11.191723,26,real,-1,5
221614,-1.848429,33,real,-1,12
221636,-34.59565,22,synthetic,2,1
221657,-3.722631,21,real,-1,0
221693,-11.782134,36,real,-1,15
221725,-2.887826,32,real,-1,11
221765,0.090671,40,real,-1,19
221794,-33.912854,29,synthetic,2,8
221828,-3.185485,34,real,-1,13
221851,-28.257287,23,synthetic,2,2
221878,2.480885,27,real,-1,6
221908,-32.662189,30,synthetic,1,9
221944,-7.790046,36,real,-1,15
221969,-36.880847,25,synthetic,2,4
221990,-2.793926,21,real,-1,0
222017,-3.006165,27,real,-1,6
222059,-11.064146,42,synthetic,0,21
222101,-5.609349,42,real,-1,21
222137,-13.719953,36,synthetic,0,15
222179,-14.602095,42,synthetic,0,21
222202,-1.540013,23,real,-1,2
222226,-0.465778,24,real,-1,3
222251,-3.683172,25,real,-1,4
222284,-0.957248,33,real,-1,12
222307,-3.104694,23,real,-1,2
222328,-3.141497,21,real,-1,0
222351,-11.22558,23,real,-1,2
222386,-6.029003,35,real,-1,14
222410,-8.54227,24,synthetic,0,3
222451,-8.522579,41,real,-1,20
222485,-30.249591,34,synthetic,2,13
222524,-9.302322,39,real,-1,18
222551,-0.461314,27,real,-1,6
222577,-2.339474,26,real,-1,5
222605,0.127371,28,real,-1,7
222644,-4.874186,39,real,-1,18
222685,-9.983889,41,real,-1,20
222727,-7.793872,42,real,-1,21
222766,-2.411253,39,real,-1,18
222808,-6.38847,42,real,-1,21
222835,2.09792,27,real,-1,6
222868,-7.608306,33,real,-1,12
222896,-3.760687,28,real,-1,7
222922,-2.199732,26,real,-1,5
222964,-0.319646,42,real,-1,21
223001,-1.189848,37,real,-1,16
223036,-13.470078,35,synthetic,0,14
223063,-3.767996,27,real,-1,6
223096,-26.033478,33,synthetic,2,12
223127,-2.200812,31,real,-1,10
223148,-3.48929,21,real,-1,0
223175,4.532149,27,real,-1,6
223196,-2.262009,21,real,-1,0
223228,1.723382,32,real,-1,11
223259,-1.305985,31,real,-1,10
223287,2.265355,28,real,-1,7
223313,-6.459835,26,real,-1,5
223336,2.501057,23,real,-1,2
223357,-3.966258,21,real,-1,0
223395,2.109555,38,real,-1,17
223424,-8.748642,29,real,-1,8
223455,1.492029,31,real,-1,10
223487,-12.213197,32,real,-1,11
223529,0.898881,42,real,-1,21
223550,-41.381711,21,synthetic,2,0
223580,0.233939,30,real,-1,9
223617,-7.266633,37,real,-1,16
223642,4.169475,25,real,-1,4
223666,-31.454121,24,synthetic,2,3
223698,-47.602148,32,synthetic,2,11
223733,-5.158241,35,real,-1,14
223755,-9.232345,22,real,-1,1
223786,-7.173373,31,real,-1,10
223809,-7.155967,23,real,-1,2
223830,4.539601,21,real,-1,0
223852,-2.513685,22,real,-1,1
223886,-27.87909,34,synthetic,1,13
223912,-3.138164,26,real,-1,5
223940,-13.868951,28,synthetic,0,7
223974,-2.52144,34,real,-1,13
223995,-1.621451,21,real,-1,0
224025,-0.323915,30,real,-1,9
224067,-7.4842,42,real,-1,21
224092,-8.048571,25,synthetic,0,4
224123,2.894678,31,real,-1,10
224146,-0.727594,23,real,-1,2
224179,-20.877365,33,synthetic,2,12
224204,-2.271858,25,real,-1,4
224231,-1.356892,27,real,-1,6
224262,-2.206533,31,real,-1,10
224293,0.791352,31,real,-1,10
224314,-2.210664,21,real,-1,0
224348,-1.116576,34,real,-1,13
224383,1.169414,35,real,-1,14
224404,-1.763677,21,real,-1,0
224444,-12.644457,40,real,-1,19
224484,-36.378654,40,synthetic,2,19
224509,0.092924,25,real,-1,4
224534,-1.269817,25,real,-1,4
224559,-27.608381,25,synthetic,1,4
224588,-0.663933,29,real,-1,8
224619,2.459576,31,real,-1,10
224643,-32.285753,24,synthetic,2,3
224668,-0.684456,25,real,-1,4
224701,-1.686798,33,real,-1,12
224741,-9.976576,40,real,-1,19
224763,-3.053038,22,real,-1,1
224803,-0.611047,40,real,-1,19
224838,-33.981443,35,synthetic,1,14
224860,0.902954,22,real,-1,1
224893,0.144899,33,real,-1,12
224917,-0.852072,24,real,-1,3
224956,-4.521222,39,real,-1,18
224978,-1.303714,22,real,-1,1
225007,3.917118,29,real,-1,8
225028,-8.719484,21,real,-1,0
225066,-9.076886,38,real,-1,17
225095,-1.948155,29,real,-1,8
225133,-5.043178,38,real,-1,17
225157,-0.655792,24,real,-1,3
225194,-20.705899,37,synthetic,2,16
225228,-1.552172,34,real,-1,13
225253,-10.401697,25,real,-1,4
225295,-3.938682,42,real,-1,21
225320,2.832953,25,real,-1,4
225345,-23.088319,25,synthetic,1,4
225371,-0.281332,26,real,-1,5
225406,-2.218049,35,real,-1,14
225443,-7.783832,37,real,-1,16
225482,-7.350058,39,real,-1,18
225509,2.556178,27,real,-1,6
225530,-8.315179,21,real,-1,0
225563,-28.438304,33,synthetic,1,12
225591,-34.768038,28,synthetic,2,7
225614,-4.124201,23,real,-1,2
225645,-35.210858,31,synthetic,1,10
225671,-5.008482,26,real,-1,5
225711,-4.059442,40,real,-1,19
225748,-18.451724,37,synthetic,1,16
225776,1.495706,28,real,-1,7
225799,3.468234,23,real,-1,2
225828,-1.244033,29,real,-1,8
225861,1.954518,33,real,-1,12
225898,-6.460935,37,real,-1,16
225922,4.818406,24,real,-1,3
225954,-0.123466,32,real,-1,11
225992,2.437127,38,real,-1,17
226015,-27.988589,23,synthetic,1,2
226038,-23.343012,23,synthetic,1,2
226063,-5.012706,25,real,-1,4
226096,-7.556876,33,synthetic,0,12
226118,-0.97988,22,real,-1,1
226144,1.73564,26,real,-1,5
226169,-0.232081,25,real,-1,4
226208,-3.648046,39,real,-1,18
226243,-5.675362,35,real,-1,14
226274,-2.171178,31,real,-1,10
226303,0.524994,29,real,-1,8
226331,-8.514174,28,real,-1,7
226368,-1.340433,37,real,-1,16
226389,-8.800782,21,real,-1,0
226410,-5.393959,21,real,-1,0
226431,1.63136,21,real,-1,0
226466,-0.444508,35,real,-1,14
226493,-3.626849,27,real,-1,6
226525,-5.831283,32,real,-1,11
226553,-13.532025,28,real,-1,7
226578,-1.816279,25,real,-1,4
226600,-1.663559,22,real,-1,1
226631,-7.246624,31,real,-1,10
226670,1.781631,39,real,-1,18
226698,2.999772,28,real,-1,7
226733,-8.223624,35,real,-1,14
226767,2.405871,34,real,-1,13
226794,-6.07423,27,synthetic,0,6
226833,1.555541,39,real,-1,18
226855,-32.360781,22,synthetic,2,1
226876,-17.571674,21,synthetic,0,0
226915,-2.144067,39,real,-1,18
226940,5.370346,25,real,-1,4
226979,-37.752908,39,synthetic,2,18
227009,-7.348534,30,real,-1,9
227041,-0.420944,32,real,-1,11
227075,-3.317485,34,real,-1,13
227110,-1.072323,35,real,-1,14
227147,-38.969265,37,synthetic,2,16
227172,-37.446599,25,synthetic,2,4
227202,-2.688819,30,real,-1,9
227223,-24.569192,21,synthetic,1,0
227248,-41.389354,25,synthetic,2,4
227283,-0.551688,35,real,-1,14
227314,2.664924,31,real,-1,10
227335,-6.620795,21,real,-1,0
227360,-2.483238,25,real,-1,4
227394,-5.731873,34,real,-1,13
227420,-4.568608,26,real,-1,5
227454,-2.856848,34,real,-1,13
227492,-1.632581,38,real,-1,17
227533,-36.260448,41,synthetic,2,20
227560,3.426281,27,real,-1,6
227597,-0.939815,37,real,-1,16
227632,1.115453,35,real,-1,14
227659,-11.994041,27,synthetic,0,6
227692,-9.180182,33,real,-1,12
227724,-2.844365,32,real,-1,11
227763,-4.359573,39,real,-1,18
227796,-11.503558,33,real,-1,12
227826,3.166817,30,real,-1,9
227857,-0.583607,31,real,-1,10
227883,-8.275494,26,real,-1,5
227913,-2.629264,30,real,-1,9
227947,-4.078408,34,real,-1,13
227981,-3.433524,34,real,-1,13
228010,-1.819324,29,real,-1,8
228044,-7.131832,34,real,-1,13
228084,0.882428,40,real,-1,19
228117,-2.684659,33,real,-1,12
228154,-1.700836,37,real,-1,16
228183,-3.71364,29,real,-1,8
228225,3.240346,42,real,-1,21
228264,-5.129063,39,real,-1,18
228290,1.557863,26,real,-1,5
228329,-14.405144,39,real,-1,18
228353,-10.824079,24,synthetic,0,3
228386,-11.526611,33,synthetic,0,12
228411,-3.280901,25,real,-1,4
228435,-5.829243,24,real,-1,3
228475,-8.108463,40,real,-1,19
228503,-2.848419,28,real,-1,7
228524,-0.102882,21,real,-1,0
228550,3.016299,26,real,-1,5
228576,-5.031969,26,real,-1,5
228597,-6.406126,21,real,-1,0
228637,-3.671183,40,real,-1,19
228674,3.429868,37,real,-1,16
228715,-24.450272,41,synthetic,1,20
228743,-2.813893,28,real,-1,7
228774,-10.561866,31,synthetic,0,10
228811,1.302353,37,real,-1,16
228848,-7.021165,37,real,-1,16
228883,-2.463957,35,real,-1,14
228909,-5.044682,26,real,-1,5
228947,-6.141311,38,real,-1,17
228984,-7.118002,37,real,-1,16
229024,-10.483002,40,real,-1,19
229064,-12.920197,40,real,-1,19
229104,5.973456,40,real,-1,19
229132,-1.82173,28,real,-1,7
229167,3.697816,35,real,-1,14
229191,-1.671072,24,real,-1,3
229218,-4.434849,27,real,-1,6
229255,-3.824521,37,real,-1,16
229286,-5.030634,31,real,-1,10
229326,-7.074955,40,real,-1,19
229364,-10.515813,38,real,-1,17
229393,-4.035917,29,real,-1,8
229430,-5.76323,37,real,-1,16
229458,-1.122864,28,real,-1,7
229487,-35.769856,29,synthetic,2,8
229516,-4.495476,29,real,-1,8
229541,1.41705,25,real,-1,4
229583,-16.711972,42,real,-1,21
229604,-7.160066,21,real,-1,0
229644,-3.758073,40,real,-1,19
229679,-6.348187,35,real,-1,14
229720,-29.155316,41,synthetic,2,20
229761,-12.067086,41,real,-1,20
229802,-11.343033,41,real,-1,20
229828,-0.086569,26,real,-1,5
229855,2.814811,27,real,-1,6
229882,-4.114565,27,real,-1,6
229908,0.931575,26,real,-1,5
229942,-9.308894,34,real,-1,13
229975,-5.31268,33,real,-1,12
230004,-8.269673,29,real,-1,8
230033,-2.697818,29,real,-1,8
230061,-5.943337,28,real,-1,7
230095,-7.532114,34,real,-1,13
230129,2.715284,34,real,-1,13
230170,-13.899633,41,synthetic,0,20
230200,-34.249741,30,synthetic,2,9
230225,0.881908,25,real,-1,4
230266,-38.454033,41,synthetic,2,20
230305,-8.144864,39,real,-1,18
230345,-9.492603,40,real,-1,19
230367,-25.434895,22,synthetic,2,1
230397,-0.278507,30,real,-1,9
230429,-5.559412,32,real,-1,11
230464,-29.906787,35,synthetic,2,14
230501,-5.52605,37,real,-1,16
230536,-1.203446,35,real,-1,14
230561,-8.256425,25,real,-1,4
230594,-47.377183,33,synthetic,2,12
230623,-5.357457,29,real,-1,8
230663,-1.762214,40,real,-1,19
230699,-6.892719,36,real,-1,15
230726,-3.822895,27,real,-1,6
230753,-6.151046,27,real,-1,6
230785,-4.234034,32,real,-1,11
230813,4.317845,28,real,-1,7
230836,-6.481286,23,real,-1,2
230868,-0.0132,32,real,-1,11
230903,-2.338152,35,real,-1,14
230932,-34.301277,29,synthetic,2,8
230967,-7.934565,35,synthetic,0,14
230990,-18.051152,23,synthetic,1,2
231028,-1.625443,38,real,-1,17
231051,-4.551392,23,real,-1,2
231073,-6.616838,22,real,-1,1
231114,-8.890861,41,real,-1,20
231156,-3.238234,42,real,-1,21
231185,-0.294742,29,real,-1,8
231209,-1.170518,24,real,-1,3
231230,-11.321389,21,synthetic,0,0
231262,3.179547,32,real,-1,11
231291,-5.925648,29,synthetic,0,8
231321,-1.59752,30,real,-1,9
231354,0.447691,33,real,-1,12
231391,-5.77682,37,real,-1,16
231427,-29.662406,36,synthetic,2,15
231456,3.292547,29,real,-1,8
231485,0.504603,29,real,-1,8
231523,-1.86398,38,real,-1,17
231565,0.25413,42,real,-1,21
231592,-3.503155,27,real,-1,6
231632,-25.759668,40,synthetic,1,19
231658,-5.575363,26,real,-1,5
231698,0.827575,40,real,-1,19
231733,-4.412167,35,real,-1,14
231762,-0.582583,29,real,-1,8
231791,-2.271981,29,real,-1,8
231827,-1.235882,36,real,-1,15
231853,-6.154407,26,real,-1,5
231886,0.814184,33,real,-1,12
231916,-2.606412,30,real,-1,9
231955,-5.467122,39,real,-1,18
231985,-27.883593,30,synthetic,1,9
232021,-2.944924,36,real,-1,15
232042,-1.946745,21,real,-1,0
232073,-6.603492,31,real,-1,10
232095,-2.012343,22,real,-1,1
232133,-0.486152,38,real,-1,17
232158,-26.562912,25,synthetic,2,4
232197,-3.677218,39,real,-1,18
232235,-4.205863,38,real,-1,17
232257,1.687458,22,real,-1,1
232294,-43.568371,37,synthetic,2,16
232322,2.370613,28,real,-1,7
232350,-5.093711,28,real,-1,7
232385,0.182418,35,real,-1,14
232411,-9.196691,26,real,-1,5
232453,-2.47539,42,real,-1,21
232480,-9.297088,27,real,-1,6
232522,1.468447,42,real,-1,21
232547,-2.202458,25,real,-1,4
232568,-6.127196,21,real,-1,0
232593,-1.909589,25,real,-1,4
232625,-3.271627,32,real,-1,11
232648,3.447833,23,real,-1,2
232680,-1.199471,32,real,-1,11
232710,-2.964274,30,real,-1,9
232747,5.708237,37,real,-1,16
232773,-18.141262,26,synthetic,1,5
232815,-2.499602,42,real,-1,21
232844,-13.56947,29,synthetic,0,8
232879,1.827139,35,real,-1,14
232908,-16.063134,29,synthetic,0,8
232941,-4.449536,33,real,-1,12
232970,-10.925619,29,real,-1,8
232998,-4.130417,28,real,-1,7
233031,-1.345902,33,real,-1,12
233073,-4.112184,42,real,-1,21
233110,-8.536898,37,real,-1,16
233133,-26.663399,23,synthetic,1,2
233168,-1.843889,35,real,-1,14
233207,-2.598557,39,real,-1,18
233235,-0.308531,28,real,-1,7
233263,-34.776926,28,synthetic,2,7
233286,-5.658258,23,real,-1,2
233327,-0.335436,41,real,-1,20
233356,0.949534,29,real,-1,8
233381,9.805386,25,real,-1,4
233408,-2.180937,27,real,-1,6
233441,-1.638145,33,real,-1,12
233470,4.519211,29,real,-1,8
233499,2.245134,29,real,-1,8
233535,-2.967261,36,real,-1,15
233560,-2.95386,25,real,-1,4
233591,-34.761688,31,synthetic,2,10
233617,-7.216646,26,real,-1,5
233638,-25.718099,21,synthetic,1,0
233659,0.441434,21,real,-1,0
233696,-16.26814,37,synthetic,0,16
233733,-4.957778,37,real,-1,16
233761,-24.492341,28,synthetic,1,7
233782,-1.581373,21,real,-1,0
233814,-5.183488,32,real,-1,11
233839,-0.15401,25,real,-1,4
233881,-10.778978,42,real,-1,21
233908,-26.153937,27,synthetic,1,6
233942,0.280529,34,real,-1,13
233970,-29.481153,28,synthetic,1,7
233991,-3.977761,21,real,-1,0
234023,-3.17328,32,real,-1,11
234044,0.423299,21,real,-1,0
234071,-0.956903,27,real,-1,6
234096,-29.216511,25,synthetic,2,4
234131,0.870964,35,real,-1,14
234162,-41.264442,31,synthetic,2,10
234190,-5.171315,28,real,-1,7
234231,-18.851458,41,synthetic,1,20
234258,-18.525551,27,real,-1,6
234282,1.890755,24,real,-1,3
234316,-6.333414,34,real,-1,13
234352,3.489777,36,real,-1,15
234393,-10.657423,41,real,-1,20
234427,-9.988559,34,real,-1,13
234464,-37.290087,37,synthetic,2,16
234505,-0.843167,41,real,-1,20
234528,-4.785794,23,real,-1,2
234554,0.88738,26,real,-1,5
234592,-3.046781,38,real,-1,17
234625,-5.991456,33,real,-1,12
234654,1.215744,29,real,-1,8
234696,-11.727324,42,real,-1,21
234722,-2.03842,26,real,-1,5
234762,-4.310352,40,real,-1,19
234788,-2.041657,26,real,-1,5
234812,-26.028677,24,synthetic,1,3
234847,-2.379502,35,real,-1,14
234876,2.947343,29,real,-1,8
234905,-0.67931,29,real,-1,8
234930,-3.541444,25,real,-1,4
234965,-6.761999,35,real,-1,14
235004,-7.506139,39,real,-1,18
235035,0.961204,31,real,-1,10
235059,-3.286335,24,real,-1,3
235080,2.092341,21,real,-1,0
235103,-8.108882,23,real,-1,2
235135,-2.307429,32,real,-1,11
235170,4.017227,35,real,-1,14
235197,-1.813784,27,real,-1,6
235238,-5.78579,41,real,-1,20
235275,-38.821103,37,synthetic,2,16
235300,-4.517123,25,real,-1,4
235321,-32.614923,21,synthetic,1,0
235345,-3.523924,24,real,-1,3
235379,-9.314704,34,synthetic,0,13
235400,-1.605411,21,real,-1,0
235424,-1.358057,24,real,-1,3
235454,-3.536167,30,real,-1,9
235486,-0.617547,32,real,-1,11
235507,-3.488201,21,real,-1,0
235529,-2.322485,22,real,-1,1
235571,1.070789,42,real,-1,21
235595,-2.30657,24,real,-1,3
235630,-38.666393,35,synthetic,2,14
235656,-4.119398,26,real,-1,5
235690,-5.991947,34,real,-1,13
235725,-24.006083,35,synthetic,1,14
235756,-6.071466,31,real,-1,10
235787,2.780579,31,real,-1,10
235816,-1.575452,29,real,-1,8
235844,-3.02389,28,real,-1,7
235870,-0.041515,26,real,-1,5
235901,-3.337211,31,real,-1,10
235924,-10.01543,23,real,-1,2
235960,-5.504238,36,real,-1,15
235990,-32.975819,30,synthetic,2,9
236012,-26.69354,22,synthetic,1,1
236034,-38.921572,22,synthetic,2,1
236057,5.697718,23,real,-1,2
236092,-1.213362,35,real,-1,14
236125,4.274433,33,real,-1,12
236148,-4.123033,23,real,-1,2
236174,-8.620875,26,real,-1,5
236196,-0.794956,22,real,-1,1
236231,-4.583368,35,real,-1,14
236255,-34.344314,24,synthetic,2,3
236280,-0.96029,25,real,-1,4
236301,-8.573086,21,synthetic,0,0
236334,-5.456552,33,real,-1,12
236361,-3.08798,27,real,-1,6
236397,-28.889874,36,synthetic,1,15
236437,-29.072843,40,synthetic,1,19
236469,0.336818,32,real,-1,11
236492,-9.915826,23,real,-1,2
236525,-2.738015,33,real,-1,12
236565,-41.758928,40,synthetic,2,19
236590,1.505874,25,real,-1,4
236619,-11.21626,29,synthetic,0,8
236660,-1.168525,41,real,-1,20
236687,-17.239477,27,synthetic,0,6
236714,-2.094906,27,real,-1,6
236737,-34.838853,23,synthetic,1,2
236767,0.067454,30,real,-1,9
236793,3.313518,26,real,-1,5
236826,2.755284,33,real,-1,12
236857,-4.496047,31,real,-1,10
236882,1.379696,25,real,-1,4
236918,-5.232058,36,real,-1,15
236939,-3.724961,21,real,-1,0
236976,-28.372625,37,synthetic,1,16
237001,3.068006,25,real,-1,4
237027,-6.495833,26,real,-1,5
237053,-27.568012,26,synthetic,1,5
237076,-2.620418,23,real,-1,2
237104,2.949684,28,real,-1,7
237144,-29.167738,40,synthetic,1,19
237181,-6.239009,37,real,-1,16
237216,-3.427024,35,real,-1,14
237254,-7.166454,38,real,-1,17
237292,-0.827249,38,real,-1,17
237317,-3.412448,25,real,-1,4
237342,-2.032467,25,real,-1,4
237384,-6.810128,42,real,-1,21
237410,2.120485,26,real,-1,5
237449,2.033767,39,real,-1,18
237482,-3.875384,33,real,-1,12
237517,-23.494228,35,synthetic,2,14
237559,-22.778574,42,synthetic,0,21
237589,0.523146,30,real,-1,9
237615,-38.789145,26,synthetic,2,5
237640,-31.593852,25,synthetic,1,4
237679,-4.647445,39,real,-1,18
237702,-2.487327,23,real,-1,2
237738,-34.243619,36,synthetic,1,15
237771,-7.521087,33,real,-1,12
237813,-3.357326,42,real,-1,21
237854,-3.582107,41,real,-1,20
237894,-9.512539,40,real,-1,19
237926,-2.084006,32,real,-1,11
237958,-24.933654,32,synthetic,1,11
237995,-12.458364,37,real,-1,16
238030,-5.465624,35,real,-1,14
238064,3.23908,34,real,-1,13
238086,-1.52909,22,real,-1,1
238119,-7.137647,33,real,-1,12
238149,1.641914,30,real,-1,9
238174,-3.501944,25,real,-1,4
238210,-6.358497,36,real,-1,15
238236,-1.248063,26,real,-1,5
238269,-7.268412,33,real,-1,12
238303,-7.974732,34,real,-1,13
238344,-49.074377,41,synthetic,2,20
238367,-3.548494,23,real,-1,2
238405,-13.05737,38,synthetic,0,17
238445,-6.118533,40,synthetic,0,19
238484,-8.175762,39,real,-1,18
238518,1.834595,34,real,-1,13
238560,-7.696865,42,real,-1,21
238586,-2.990129,26,real,-1,5
238627,-13.706463,41,real,-1,20
238654,0.541336,27,real,-1,6
238685,-15.545044,31,synthetic,0,10
238725,-4.022337,40,real,-1,19
238763,-0.990016,38,real,-1,17
238803,-35.501706,40,synthetic,2,19
238842,-5.820547,39,real,-1,18
238865,-3.287037,23,real,-1,2
238894,1.111341,29,real,-1,8
238924,4.547618,30,real,-1,9
238947,-5.921591,23,real,-1,2
238974,-6.913388,27,real,-1,6
239001,-2.388369,27,real,-1,6
239032,-1.750185,31,real,-1,10
239055,-32.33686,23,synthetic,2,2
239083,-2.347706,28,real,-1,7
239106,-0.703603,23,real,-1,2
239139,-44.424597,33,synthetic,2,12
239162,-28.994221,23,synthetic,2,2
239202,0.46256,40,real,-1,19
239234,-9.729558,32,real,-1,11
239270,-5.684981,36,real,-1,15
239299,3.383192,29,real,-1,8
239337,-1.412168,38,real,-1,17
239358,-4.615455,21,real,-1,0
239400,-3.607901,42,real,-1,21
239430,0.224987,30,real,-1,9
239459,-2.151482,29,real,-1,8
239494,-8.541363,35,real,-1,14
239525,-8.932258,31,real,-1,10
239549,-10.443833,24,synthetic,0,3
239571,-1.260634,22,real,-1,1
239601,-8.098197,30,real,-1,9
239623,1.431264,22,real,-1,1
239663,-8.782209,40,real,-1,19
239700,2.309211,37,real,-1,16
239734,-13.021526,34,real,-1,13
239774,-0.234043,40,real,-1,19
239813,-4.730064,39,real,-1,18
239838,0.335277,25,real,-1,4
239868,-5.991641,30,real,-1,9
239907,-26.602323,39,synthetic,1,18
239929,-3.082873,22,real,-1,1
239958,-1.621225,29,real,-1,8
239997,1.655225,39,real,-1,18
240029,-1.293554,32,real,-1,11
240053,0.491369,24,real,-1,3
240083,-8.45206,30,real,-1,9
240111,-2.785637,28,real,-1,7
240146,-29.282796,35,synthetic,1,14
240184,-1.892697,38,real,-1,17
240216,-3.266651,32,real,-1,11
240258,-1.453878,42,real,-1,21
240281,-1.383296,23,real,-1,2
240316,-14.354983,35,synthetic,0,14
240346,-10.361337,30,real,-1,9
240386,-7.581879,40,real,-1,19
240424,-4.683984,38,real,-1,17
240466,-3.836505,42,real,-1,21
240488,-6.044976,22,real,-1,1
240516,2.92219,28,real,-1,7
240537,-4.092457,21,real,-1,0
240579,2.755836,42,real,-1,21
240601,-26.039027,22,synthetic,1,1
240626,4.117668,25,real,-1,4
240662,-8.751347,36,real,-1,15
240695,-4.741099,33,real,-1,12
240731,1.865344,36,real,-1,15
240765,0.523926,34,real,-1,13
240792,-3.277125,27,real,-1,6
240831,-7.803822,39,real,-1,18
240868,0.901042,37,real,-1,16
240898,-7.781694,30,real,-1,9
240930,-3.841995,32,real,-1,11
240964,-1.915177,34,real,-1,13
240998,-0.345597,34,real,-1,13
241028,-2.229087,30,real,-1,9
241054,4.858634,26,real,-1,5
241087,-2.04563,33,real,-1,12
241129,-7.750433,42,real,-1,21
241161,-3.14533,32,real,-1,11
241190,-6.117917,29,real,-1,8
241219,-1.038913,29,real,-1,8
241254,-0.895858,35,real,-1,14
241293,-1.507318,39,real,-1,18
241325,-5.906373,32,real,-1,11
241367,1.576865,42,real,-1,21
241391,-2.027933,24,real,-1,3
241419,-36.217119,28,synthetic,2,7
241450,-3.959304,31,real,-1,10
241486,-2.927587,36,real,-1,15
241515,0.458326,29,real,-1,8
241537,1.683403,22,real,-1,1
241559,-5.904565,22,real,-1,1
241588,-25.885539,29,synthetic,1,8
241610,-8.839058,22,real,-1,1
241640,-0.628956,30,real,-1,9
241671,-9.422785,31,real,-1,10
241711,-12.518593,40,real,-1,19
241733,-25.803907,22,synthetic,1,1
241759,-23.467456,26,synthetic,1,5
241799,-3.023488,40,real,-1,19
241841,-45.79289,42,synthetic,2,21
241867,-2.169536,26,real,-1,5
241900,-4.515615,33,real,-1,12
241921,0.448837,21,real,-1,0
241957,-3.17792,36,real,-1,15
241987,-7.740711,30,real,-1,9
242017,-13.567285,30,synthetic,1,9
242051,-7.480858,34,real,-1,13
242089,-43.738856,38,synthetic,2,17
242124,-10.451027,35,real,-1,14
242147,-2.044299,23,real,-1,2
242175,-3.738603,28,real,-1,7
242211,-5.264512,36,real,-1,15
242249,-19.07676,38,synthetic,1,17
242270,-9.444332,21,synthetic,0,0
242298,-7.077866,28,real,-1,7
242323,-1.531335,25,real,-1,4
242362,-14.541802,39,synthetic,0,18
242396,-4.451473,34,real,-1,13
242419,-6.103054,23,real,-1,2
242446,-32.217582,27,synthetic,2,6
242483,-24.788838,37,synthetic,1,16
242517,-2.117123,34,real,-1,13
242554,-45.443124,37,synthetic,2,16
242581,-1.08278,27,real,-1,6
242609,1.560437,28,real,-1,7
242636,-4.06565,27,real,-1,6
242672,-28.954337,36,synthetic,1,15
242694,-4.126239,22,real,-1,1
242717,-3.88181,23,real,-1,2
242742,-1.906831,25,real,-1,4
242778,-38.539805,36,synthetic,2,15
242810,-2.996494,32,real,-1,11
242838,-24.181611,28,synthetic,1,7
242874,0.212174,36,real,-1,15
242916,-21.352688,42,synthetic,0,21
242937,-8.628605,21,real,-1,0
242971,-0.705472,34,real,-1,13
243009,-1.290586,38,real,-1,17
243043,-9.08267,34,real,-1,13
243067,-52.740901,24,synthetic,2,3
243091,-5.692299,24,real,-1,3
243127,-17.359385,36,synthetic,1,15
243163,-22.966121,36,synthetic,1,15
243195,-7.30554,32,synthetic,0,11
243229,-8.730862,34,real,-1,13
243251,-11.585792,22,real,-1,1
243284,-45.02545,33,synthetic,2,12
243314,-45.711658,30,synthetic,2,9
243338,1.423888,24,real,-1,3
243374,-1.301617,36,real,-1,15
243411,4.072126,37,real,-1,16
243440,-15.033379,29,synthetic,0,8
243477,-5.804874,37,real,-1,16
243511,-0.065012,34,real,-1,13
243537,2.044391,26,real,-1,5
243576,-7.419524,39,real,-1,18
243610,1.591232,34,real,-1,13
243634,4.941121,24,real,-1,3
243669,-7.686029,35,real,-1,14
243696,-4.667182,27,real,-1,6
243732,2.680259,36,real,-1,15
243758,-14.195394,26,real,-1,5
243789,-5.778326,31,real,-1,10
243820,-0.460732,31,real,-1,10
243859,-3.091536,39,real,-1,18
243896,-7.304353,37,real,-1,16
243921,-5.68496,25,real,-1,4
243943,4.35816,22,real,-1,1
243984,-2.66306,41,real,-1,20
244023,5.3747,39,real,-1,18
244057,-1.524406,34,real,-1,13
244099,-11.797257,42,synthetic,0,21
244135,-35.188197,36,synthetic,1,15
244167,-3.549658,32,real,-1,11
244195,0.135901,28,real,-1,7
244221,0.48625,26,real,-1,5
244250,-4.520458,29,real,-1,8
244292,-2.029899,42,real,-1,21
244325,-19.029349,33,synthetic,1,12
244360,-6.753137,35,real,-1,14
244395,-33.198169,35,synthetic,2,14
244419,0.135442,24,real,-1,3
244442,-46.026635,23,synthetic,2,2
244476,-41.996683,34,synthetic,2,13
244498,-5.400915,22,synthetic,0,1
244522,0.642038,24,real,-1,3
244549,-1.633965,27,real,-1,6
244590,-7.669449,41,real,-1,20
244611,1.985426,21,real,-1,0
244645,-7.874451,34,real,-1,13
244672,-13.273636,27,real,-1,6
244699,0.297599,27,real,-1,6
244728,-1.946418,29,real,-1,8
244751,-0.729874,23,real,-1,2
244789,-3.636849,38,real,-1,17
244812,-4.32514,23,synthetic,0,2
244844,-23.560006,32,synthetic,1,11
244865,-16.75996,21,synthetic,0,0
244899,-3.702532,34,real,-1,13
244923,0.962546,24,real,-1,3
244947,0.981683,24,real,-1,3
244979,-1.790723,32,real,-1,11
245005,-0.549324,26,real,-1,5
245046,0.557702,41,real,-1,20
245070,-9.07069,24,real,-1,3
245100,-25.785437,30,synthetic,1,9
245142,-6.818897,42,real,-1,21
245165,1.014209,23,real,-1,2
245206,-0.88589,41,real,-1,20
245234,-9.459732,28,real,-1,7
245260,-14.597769,26,synthetic,0,5
245288,-1.420941,28,real,-1,7
245314,-2.644649,26,real,-1,5
245336,-6.923712,22,real,-1,1
245363,-3.591483,27,real,-1,6
245404,-1.042302,41,real,-1,20
245444,-3.082315,40,real,-1,19
245479,0.948351,35,real,-1,14
245514,-8.56766,35,real,-1,14
245548,-0.199508,34,real,-1,13
245590,-10.332757,42,real,-1,21
245632,-20.026626,42,synthetic,0,21
245660,-4.805752,28,real,-1,7
245686,-4.071632,26,real,-1,5
245722,-18.765548,36,synthetic,1,15
245745,-1.117013,23,real,-1,2
245786,-3.067439,41,real,-1,20
245817,-7.834706,31,real,-1,10
245848,-10.299818,31,synthetic,0,10
245882,-9.829155,34,real,-1,13
245917,-2.14049,35,real,-1,14
245940,-4.246561,23,real,-1,2
245963,-9.880114,23,real,-1,2
246000,-2.929425,37,real,-1,16
246026,-6.361565,26,real,-1,5
246053,-4.130341,27,real,-1,6
246084,-8.145725,31,real,-1,10
246124,-8.836069,40,real,-1,19
246147,-7.536916,23,real,-1,2
246174,-33.685984,27,synthetic,1,6
246203,-3.977583,29,real,-1,8
246242,-13.998841,39,synthetic,0,18
246270,-3.183259,28,real,-1,7
246299,-0.509629,29,real,-1,8
246326,-9.495764,27,real,-1,6
246356,-3.44116,30,real,-1,9
246385,-7.037152,29,real,-1,8
246412,-9.21029,27,real,-1,6
246453,-41.154604,41,synthetic,2,20
246477,-2.122502,24,real,-1,3
246515,0.833923,38,real,-1,17
246546,-4.35526,31,real,-1,10
246580,-8.601005,34,real,-1,13
246619,2.935818,39,real,-1,18
246649,-7.035278,30,real,-1,9
246677,-0.057851,28,real,-1,7
246717,-4.892443,40,real,-1,19
246759,-9.752441,42,real,-1,21
246801,-5.867177,42,real,-1,21
246826,-35.671871,25,synthetic,2,4
246868,3.573725,42,real,-1,21
246902,-10.268397,34,synthetic,0,13
246936,1.308411,34,real,-1,13
246967,0.012976,31,real,-1,10
247008,-4.538241,41,real,-1,20
247036,-19.874336,28,synthetic,1,7
247068,5.815795,32,real,-1,11
247089,-0.748527,21,real,-1,0
247119,-9.577692,30,real,-1,9
247156,-5.538552,37,real,-1,16
247191,-0.61654,35,real,-1,14
247215,-11.384984,24,real,-1,3
247244,-36.411565,29,synthetic,2,8
247277,-5.188751,33,real,-1,12
247315,-6.693091,38,real,-1,17
247350,-4.441433,35,real,-1,14
247391,-5.148642,41,real,-1,20
247415,3.820294,24,real,-1,3
247439,-7.097949,24,real,-1,3
247460,-2.612821,21,real,-1,0
247483,-4.080222,23,real,-1,2
247506,-5.645797,23,real,-1,2
247546,-34.322258,40,synthetic,1,19
247568,-3.717489,22,real,-1,1
247591,-1.975283,23,real,-1,2
247626,-8.107741,35,real,-1,14
247664,-12.812703,38,real,-1,17
247692,-13.089389,28,synthetic,0,7
247728,-1.150844,36,real,-1,15
247757,-10.173358,29,real,-1,8
247795,-1.312361,38,real,-1,17
247819,-5.103093,24,real,-1,3
247856,-3.416,37,real,-1,16
247897,-4.797336,41,real,-1,20
247937,-13.141905,40,real,-1,19
247979,-2.925672,42,real,-1,21
248017,-4.505083,38,real,-1,17
248059,-31.769066,42,synthetic,2,21
248091,-22.297421,32,synthetic,1,11
248113,-11.809371,22,synthetic,0,1
248136,-24.995427,23,synthetic,1,2
248161,0.875488,25,real,-1,4
248195,1.438332,34,real,-1,13
248219,-2.411882,24,real,-1,3
248256,-5.008396,37,real,-1,16
248284,-5.065137,28,real,-1,7
248313,0.04465,29,real,-1,8
248343,-14.388981,30,real,-1,9
248376,-32.007013,33,synthetic,2,12
248404,3.918227,28,real,-1,7
248434,6.184908,30,real,-1,9
248459,-6.831108,25,real,-1,4
248496,-9.130015,37,real,-1,16
248534,-3.336081,38,real,-1,17
248574,-6.957567,40,real,-1,19
248613,-44.172604,39,synthetic,2,18
248644,-4.235754,31,real,-1,10
248677,-6.120992,33,real,-1,12
248717,-37.250882,40,synthetic,2,19
248749,-1.092908,32,real,-1,11
248774,-0.077551,25,real,-1,4
248795,-11.584871,21,synthetic,0,0
248828,-2.662958,33,real,-1,12
248855,-13.846016,27,synthetic,0,6
248895,-2.292724,40,real,-1,19
248927,-3.396967,32,real,-1,11
248969,-7.735671,42,real,-1,21
248992,-1.204039,23,real,-1,2
249028,0.116714,36,real,-1,15
249064,-0.0773,36,real,-1,15
249092,1.326171,28,real,-1,7
249133,-2.092964,41,real,-1,20
249159,-6.509888,26,real,-1,5
249180,-0.54358,21,real,-1,0
249222,2.061629,42,real,-1,21
249244,-3.013026,22,real,-1,1
249286,-5.016308,42,real,-1,21
249316,-6.995638,30,real,-1,9
249340,-7.557804,24,real,-1,3
249370,-7.100218,30,real,-1,9
249394,0.988197,24,real,-1,3
249418,-2.115532,24,real,-1,3
249446,-1.654726,28,real,-1,7
249476,-0.061567,30,real,-1,9
249497,-4.074653,21,real,-1,0
249539,-0.124835,42,real,-1,21
249574,-14.377594,35,synthetic,0,14
249609,-35.732072,35,synthetic,2,14
249639,-46.55955,30,synthetic,2,9
249662,-31.172978,23,synthetic,2,2
249699,-3.602303,37,real,-1,16
249724,-28.047587,25,synthetic,2,4
249758,-1.925929,34,real,-1,13
249789,-8.829978,31,real,-1,10
249829,-6.863055,40,real,-1,19
249863,-10.286747,34,real,-1,13
249889,-1.438026,26,real,-1,5
249915,-3.104551,26,real,-1,5
249952,-5.0929,37,real,-1,16
249987,-2.615741,35,real,-1,14
250008,-3.723168,21,real,-1,0
250042,-2.383119,34,real,-1,13
250070,1.541257,28,real,-1,7
250097,-3.13345,27,real,-1,6
250119,-9.168581,22,synthetic,0,1
250141,-0.668725,22,real,-1,1
250171,-9.619751,30,real,-1,9
250209,-2.953579,38,real,-1,17
250237,-3.679834,28,real,-1,7
250265,0.127502,28,real,-1,7
250305,-0.64999,40,real,-1,19
250336,-11.866599,31,synthetic,1,10
250378,-4.490182,42,real,-1,21
250406,-12.135721,28,real,-1,7
250440,-0.280391,34,real,-1,13
250464,-1.906806,24,real,-1,3
250493,0.503661,29,real,-1,8
250526,-5.050631,33,real,-1,12
250561,-0.676107,35,real,-1,14
250591,3.619839,30,real,-1,9
250626,-0.816367,35,real,-1,14
250663,-5.322798,37,real,-1,16
250684,-5.494659,21,real,-1,0
250725,-0.994293,41,real,-1,20
250757,-0.817749,32,real,-1,11
250779,-39.582508,22,synthetic,2,1
250805,-1.777929,26,real,-1,5
250839,-25.256546,34,synthetic,1,13
250876,-5.380677,37,real,-1,16
250903,-0.250229,27,real,-1,6
250936,-11.820128,33,real,-1,12
250969,-12.677586,33,real,-1,12
251006,0.899252,37,real,-1,16
251030,0.574957,24,real,-1,3
251058,-1.566492,28,real,-1,7
251085,-3.006329,27,real,-1,6
251121,-4.785425,36,real,-1,15
251150,-3.21032,29,real,-1,8
251179,-1.077645,29,real,-1,8
251203,-0.149559,24,real,-1,3
251240,-0.199361,37,real,-1,16
251280,-8.428488,40,real,-1,19
251302,2.145504,22,real,-1,1
251339,-34.782,37,synthetic,2,16
251376,-22.833184,37,synthetic,1,16
251413,-10.9002,37,real,-1,16
251435,-24.382235,22,synthetic,2,1
251474,0.926426,39,real,-1,18
251512,-3.230954,38,real,-1,17
251552,-4.870036,40,real,-1,19
251575,-4.185517,23,real,-1,2
251598,-18.3615,23,synthetic,1,2
251634,1.837414,36,real,-1,15
251670,-9.916384,36,real,-1,15
251711,-2.983296,41,real,-1,20
251737,-3.125157,26,real,-1,5
251762,-20.061762,25,synthetic,0,4
251792,-4.689854,30,real,-1,9
251816,-5.995243,24,real,-1,3
251849,-14.727223,33,synthetic,0,12
251880,-3.177939,31,real,-1,10
251904,-23.287611,24,synthetic,1,3
251927,0.696924,23,real,-1,2
251956,-2.705039,29,real,-1,8
251988,-8.041964,32,real,-1,11
252025,-4.99128,37,real,-1,16
252055,-12.295911,30,synthetic,0,9
252088,1.160669,33,real,-1,12
252126,-33.709279,38,synthetic,2,17
252156,-24.240993,30,synthetic,1,9
252194,-6.474031,38,synthetic,0,17
252217,2.811865,23,real,-1,2
252250,-11.531047,33,real,-1,12
252292,-14.499676,42,real,-1,21
252332,-3.80286,40,real,-1,19
252360,-0.837273,28,real,-1,7
252391,-1.535816,31,real,-1,10
252416,-18.91018,25,synthetic,1,4
252457,0.100797,41,real,-1,20
252489,0.900942,32,real,-1,11
252516,-3.792248,27,real,-1,6
252558,-10.396731,42,real,-1,21
252583,1.028269,25,real,-1,4
252618,-2.560213,35,real,-1,14
252648,-2.612342,30,real,-1,9
252681,3.965197,33,real,-1,12
252722,-1.297363,41,real,-1,20
252743,-5.335634,21,real,-1,0
252776,-12.414853,33,synthetic,0,12
252810,-3.942087,34,real,-1,13
252832,-6.48256,22,real,-1,1
252863,-6.687134,31,real,-1,10
252904,-8.81531,41,real,-1,20
252932,-6.047997,28,real,-1,7
252964,-2.319974,32,real,-1,11
252989,2.351057,25,real,-1,4
253030,-30.674211,41,synthetic,1,20
253059,0.863085,29,real,-1,8
253083,-11.564578,24,real,-1,3
253104,-0.902618,21,real,-1,0
253130,-1.679285,26,real,-1,5
253159,-2.300532,29,real,-1,8
253180,-5.102393,21,real,-1,0
253219,-5.13152,39,real,-1,18
253260,-6.356734,41,real,-1,20
253289,-12.522978,29,real,-1,8
253328,-1.798851,39,real,-1,18
253359,-10.004544,31,real,-1,10
253384,-5.604409,25,real,-1,4
253422,-2.502777,38,real,-1,17
253458,-3.205036,36,real,-1,15
253484,0.567934,26,real,-1,5
253511,-1.655698,27,real,-1,6
253540,0.531662,29,real,-1,8
253571,-2.333084,31,real,-1,10
253594,-2.491381,23,real,-1,2
253625,-2.729403,31,real,-1,10
253655,-1.314537,30,real,-1,9
253679,2.266039,24,real,-1,3
253702,-25.12952,23,synthetic,1,2
253736,-3.945609,34,synthetic,0,13
253763,-3.475652,27,real,-1,6
253794,-3.095927,31,real,-1,10
253815,-33.624187,21,synthetic,1,0
253845,0.196277,30,real,-1,9
253866,-6.866269,21,real,-1,0
253888,-11.109383,22,synthetic,0,1
253919,-2.355781,31,real,-1,10
253957,-1.84843,38,real,-1,17
253985,-3.401864,28,real,-1,7
254014,1.841408,29,real,-1,8
254041,-39.702257,27,synthetic,2,6
254082,-7.503812,41,synthetic,0,20
254117,-11.282664,35,real,-1,14
254157,-19.697743,40,synthetic,1,19
254186,0.672654,29,real,-1,8
254214,-0.881475,28,real,-1,7
254256,-27.207727,42,synthetic,2,21
254284,-12.978728,28,synthetic,0,7
254312,-0.555123,28,real,-1,7
254351,0.998563,39,real,-1,18
254382,-6.770159,31,real,-1,10
254405,-0.393517,23,real,-1,2
254442,-2.741096,37,real,-1,16
254475,-0.543972,33,real,-1,12
254504,3.633079,29,real,-1,8
254529,-0.678227,25,real,-1,4
254563,3.389473,34,real,-1,13
254587,4.00718,24,real,-1,3
254625,-2.468483,38,real,-1,17
254655,-3.163631,30,real,-1,9
254684,-41.080783,29,synthetic,2,8
254707,-38.915898,23,synthetic,2,2
254746,-12.33965,39,synthetic,0,18
254775,-7.936882,29,real,-1,8
254810,-2.563512,35,real,-1,14
254849,-1.377424,39,real,-1,18
254875,-9.686418,26,real,-1,5
254896,-1.230173,21,real,-1,0
254927,-12.188045,31,real,-1,10
254952,-1.566329,25,real,-1,4
254990,-1.059117,38,real,-1,17
255018,-22.882449,28,synthetic,0,7
255059,-6.63298,41,real,-1,20
255098,-22.752847,39,synthetic,1,18
255135,0.520435,37,real,-1,16
255162,-6.496451,27,real,-1,6
255192,-4.923486,30,real,-1,9
255231,-22.92807,39,synthetic,1,18
255255,-0.11366,24,real,-1,3
255293,-15.417711,38,synthetic,0,17
255323,-3.550578,30,real,-1,9
255350,-6.645372,27,real,-1,6
255387,0.912696,37,real,-1,16
255410,-1.700967,23,real,-1,2
255439,-34.014872,29,synthetic,2,8
255481,-1.389772,42,real,-1,21
255506,-10.329226,25,synthetic,0,4
255532,1.049726,26,real,-1,5
255554,-2.197543,22,real,-1,1
255593,-29.6722,39,synthetic,2,18
255627,-26.247204,34,synthetic,1,13
255665,-27.209859,38,synthetic,1,17
255704,-6.642252,39,real,-1,18
255734,-4.293577,30,real,-1,9
255768,-32.280986,34,synthetic,2,13
255804,-3.963918,36,real,-1,15
255841,-3.128513,37,real,-1,16
255881,-20.831533,40,synthetic,1,19
255904,-1.132261,23,real,-1,2
255925,-2.828292,21,real,-1,0
255964,-2.480668,39,real,-1,18
255995,-4.298445,31,real,-1,10
256016,-24.661912,21,synthetic,1,0
256053,-9.984343,37,synthetic,0,16
256083,-26.405014,30,synthetic,1,9
256104,-3.913331,21,real,-1,0
256140,0.312297,36,real,-1,15
256166,-1.493,26,real,-1,5
256198,5.751217,32,real,-1,11
256237,-8.960297,39,real,-1,18
256278,-10.425033,41,real,-1,20
256318,-23.722076,40,synthetic,2,19
256357,-6.357226,39,real,-1,18
256394,-34.777701,37,synthetic,1,16
256430,-1.636539,36,real,-1,15
256464,-0.078376,34,real,-1,13
256502,-7.092726,38,real,-1,17
256528,-36.388077,26,synthetic,2,5
256550,-31.825112,22,synthetic,1,1
256587,-5.16108,37,real,-1,16
256628,-9.116903,41,real,-1,20
256667,-35.881755,39,synthetic,2,18
256708,-7.884274,41,real,-1,20
256747,-0.877415,39,real,-1,18
256779,-4.704166,32,real,-1,11
256805,-6.733361,26,real,-1,5
256835,-4.337216,30,real,-1,9
256861,-4.73992,26,real,-1,5
256890,-9.456967,29,real,-1,8
256932,-0.322074,42,real,-1,21
256960,-7.215172,28,real,-1,7
257000,-44.705552,40,synthetic,2,19
257033,-0.739703,33,real,-1,12
257069,-5.401681,36,real,-1,15
257094,-34.281237,25,synthetic,2,4
257133,-2.811246,39,real,-1,18
257171,2.160571,38,real,-1,17
257202,-6.90049,31,synthetic,0,10
257237,-4.422538,35,real,-1,14
257269,-11.589226,32,synthetic,0,11
257290,-26.575322,21,synthetic,1,0
257322,-5.980186,32,real,-1,11
257349,-0.723744,27,real,-1,6
257374,-0.729769,25,real,-1,4
257402,-9.746629,28,real,-1,7
257438,-38.056426,36,synthetic,2,15
257466,-3.111954,28,real,-1,7
257495,-39.827637,29,synthetic,2,8
257530,-4.448791,35,real,-1,14
257572,2.247331,42,real,-1,21
257605,-2.878835,33,real,-1,12
257640,-3.483975,35,real,-1,14
257661,-3.225902,21,real,-1,0
257691,-21.427559,30,synthetic,1,9
257718,-4.59853,27,real,-1,6
257756,0.053988,38,real,-1,17
257788,-1.904544,32,real,-1,11
257817,-2.201153,29,real,-1,8
257851,-3.440472,34,real,-1,13
257875,-2.069031,24,real,-1,3
257902,-4.461199,27,real,-1,6
257931,-4.095987,29,real,-1,8
257955,0.728429,24,real,-1,3
257992,-3.887424,37,real,-1,16
258020,-33.557004,28,synthetic,2,7
258055,-12.842286,35,real,-1,14
258079,-3.3874,24,real,-1,3
258112,1.239487,33,real,-1,12
258139,3.430244,27,real,-1,6
258164,-1.717986,25,real,-1,4
258185,-3.582195,21,real,-1,0
258208,-1.732617,23,real,-1,2
258239,-9.295815,31,real,-1,10
258275,-6.961844,36,real,-1,15
258301,-1.125563,26,real,-1,5
258322,-3.645069,21,real,-1,0
258357,-2.288811,35,real,-1,14
258386,0.237705,29,real,-1,8
258412,-1.10149,26,real,-1,5
258443,-14.426137,31,real,-1,10
258476,-5.694826,33,real,-1,12
258507,3.082806,31,real,-1,10
258544,-5.334012,37,real,-1,16
258565,-8.950688,21,real,-1,0
258587,-7.31016,22,real,-1,1
258610,-39.695115,23,synthetic,2,2
258645,-1.101405,35,real,-1,14
258674,-14.668446,29,synthetic,1,8
258716,-8.245773,42,real,-1,21
258739,-0.850838,23,real,-1,2
258762,0.989884,23,real,-1,2
258794,4.073997,32,real,-1,11
258819,-1.398472,25,real,-1,4
258861,2.319539,42,real,-1,21
258897,-2.699693,36,real,-1,15
258930,-5.100301,33,real,-1,12
258960,0.284895,30,real,-1,9
258986,1.819602,26,real,-1,5
259026,-1.255043,40,real,-1,19
259049,2.168728,23,real,-1,2
259082,-6.312174,33,real,-1,12
259119,-13.928474,37,synthetic,0,16
259142,-39.705187,23,synthetic,2,2
259163,-32.567556,21,synthetic,2,0
259191,-5.97807,28,real,-1,7
259218,-2.094792,27,real,-1,6
259240,0.090022,22,real,-1,1
259263,-4.478566,23,real,-1,2
259293,-7.09395,30,real,-1,9
259326,-11.304885,33,real,-1,12
259368,-0.221025,42,real,-1,21
259391,1.311728,23,real,-1,2
259432,0.487277,41,real,-1,20
259461,-0.694521,29,real,-1,8
259494,-6.052915,33,real,-1,12
259533,-12.15436,39,real,-1,18
259557,0.716253,24,real,-1,3
259595,-4.212464,38,real,-1,17
259616,-6.436599,21,synthetic,0,0
259646,-1.526929,30,real,-1,9
259671,5.143511,25,real,-1,4
259699,-2.129717,28,real,-1,7
259741,-7.710988,42,real,-1,21
259766,-7.357104,25,real,-1,4
259804,-7.563292,38,real,-1,17
259830,1.165221,26,real,-1,5
259870,-2.088755,40,real,-1,19
259902,-3.417173,32,real,-1,11
259937,-0.021533,35,real,-1,14
259961,0.127193,24,real,-1,3
259984,-6.419818,23,real,-1,2
260025,-1.674013,41,real,-1,20
260048,0.351732,23,real,-1,2
260071,-2.949101,23,real,-1,2
260095,-31.111137,24,synthetic,2,3
260119,3.574396,24,real,-1,3
260140,1.338803,21,real,-1,0
260170,-2.591957,30,real,-1,9
260200,0.534691,30,real,-1,9
260231,-5.773656,31,real,-1,10
260261,-42.153186,30,synthetic,2,9
260302,-4.212073,41,real,-1,20
260340,-4.376801,38,real,-1,17
260368,0.715241,28,real,-1,7
260407,2.632193,39,real,-1,18
260446,-9.502219,39,real,-1,18
260473,-27.96173,27,synthetic,1,6
260513,-15.453121,40,synthetic,0,19
260550,-10.7204,37,real,-1,16
260576,-0.689729,26,real,-1,5
260618,-2.142474,42,real,-1,21
260658,-13.68554,40,real,-1,19
260696,-13.133831,38,synthetic,0,17
260732,-18.496014,36,synthetic,0,15
260758,-6.387376,26,synthetic,0,5
260795,0.854626,37,real,-1,16
260817,0.898955,22,real,-1,1
260841,-10.594063,24,synthetic,0,3
260867,-6.523115,26,real,-1,5
260900,-3.986513,33,real,-1,12
260926,-1.212569,26,real,-1,5
260951,6.015249,25,real,-1,4
260991,-26.923439,40,synthetic,1,19
261025,-17.983715,34,synthetic,0,13
261048,-1.983113,23,real,-1,2
261077,-8.995734,29,real,-1,8
261112,-34.443997,35,synthetic,1,14
261145,-0.063631,33,real,-1,12
261187,-1.721223,42,real,-1,21
261229,-6.034041,42,real,-1,21
261261,-3.830425,32,real,-1,11
261301,-45.208704,40,synthetic,2,19
261322,-1.978456,21,real,-1,0
261349,-5.492552,27,real,-1,6
261374,-2.230801,25,real,-1,4
261409,-4.889059,35,real,-1,14
261441,0.770163,32,real,-1,11
261481,-7.800893,40,real,-1,19
261515,-26.710735,34,synthetic,1,13
261550,-6.701507,35,real,-1,14
261583,0.050661,33,real,-1,12
261609,-5.939686,26,real,-1,5
261630,-2.519829,21,real,-1,0
261653,-2.676907,23,real,-1,2
261685,3.975852,32,real,-1,11
261706,-14.000897,21,synthetic,0,0
261748,0.813947,42,real,-1,21
261789,1.902328,41,real,-1,20
261823,-0.517396,34,real,-1,13
261853,-2.010753,30,real,-1,9
261881,-2.572631,28,real,-1,7
261914,-2.136882,33,real,-1,12
261951,-3.166709,37,real,-1,16
261985,-11.73961,34,synthetic,0,13
262024,-1.708793,39,real,-1,18
262045,0.614535,21,real,-1,0
262066,-37.17008,21,synthetic,2,0
262092,-7.983666,26,real,-1,5
262125,-11.160353,33,real,-1,12
262158,0.40128,33,real,-1,12
262188,-7.607847,30,real,-1,9
262219,-0.900888,31,real,-1,10
262243,-12.086355,24,real,-1,3
262268,-5.5553,25,real,-1,4
262302,-7.715264,34,real,-1,13
262339,-2.328382,37,real,-1,16
262379,-8.081132,40,synthetic,0,19
262420,-2.543893,41,real,-1,20
262457,-2.750364,37,real,-1,16
262485,-10.659628,28,real,-1,7
262516,0.434138,31,real,-1,10
262552,-56.38954,36,synthetic,2,15
262582,-8.003831,30,real,-1,9
262603,3.590332,21,real,-1,0
262636,-5.918084,33,real,-1,12
262664,3.394147,28,real,-1,7
262697,2.109261,33,real,-1,12
262721,-9.372998,24,real,-1,3
262755,-0.327722,34,real,-1,13
262789,-4.320848,34,real,-1,13
262816,-13.786513,27,real,-1,6
262844,0.040687,28,real,-1,7
262880,-2.442835,36,real,-1,15
262916,-6.223159,36,real,-1,15
262947,-6.703586,31,real,-1,10
262981,-8.315061,34,real,-1,13
263014,-10.682251,33,real,-1,12
263049,-25.460455,35,synthetic,1,14
263079,-0.626204,30,real,-1,9
263100,1.314628,21,real,-1,0
263142,-0.013255,42,real,-1,21
263163,1.513492,21,real,-1,0
263203,-6.793842,40,real,-1,19
263228,-1.979491,25,real,-1,4
263257,0.085178,29,real,-1,8
263297,-9.589414,40,real,-1,19
263325,-5.002808,28,real,-1,7
263352,-0.588955,27,real,-1,6
263379,-0.986696,27,real,-1,6
263417,-5.084176,38,real,-1,17
263451,-0.887184,34,real,-1,13
263482,-17.304735,31,synthetic,0,10
263513,-14.603203,31,synthetic,1,10
263542,1.074234,29,real,-1,8
263573,-11.97639,31,synthetic,0,10
263598,-5.17291,25,real,-1,4
263639,-24.705704,41,synthetic,1,20
263669,-6.730075,30,real,-1,9
263693,0.23224,24,real,-1,3
263722,-40.245466,29,synthetic,2,8
263746,-5.529694,24,real,-1,3
263775,-0.567245,29,real,-1,8
263814,-16.684476,39,synthetic,1,18
263847,-0.760359,33,real,-1,12
263871,0.02129,24,real,-1,3
263913,-5.497383,42,real,-1,21
263953,0.215116,40,real,-1,19
263981,-3.59071,28,real,-1,7
264019,-0.621034,38,real,-1,17
264043,-5.257928,24,real,-1,3
264085,-1.767004,42,real,-1,21
264114,0.275457,29,real,-1,8
264151,-14.137027,37,synthetic,1,16
264172,0.43893,21,real,-1,0
264197,1.593386,25,real,-1,4
264239,3.867055,42,real,-1,21
264273,-6.268026,34,real,-1,13
264300,-1.944195,27,real,-1,6
264329,4.373518,29,real,-1,8
264362,-10.668588,33,real,-1,12
264401,-13.454734,39,real,-1,18
264423,-28.181332,22,synthetic,1,1
264445,-42.764912,22,synthetic,2,1
264475,-18.378807,30,synthetic,1,9
264511,-1.365284,36,real,-1,15
264537,-5.226437,26,real,-1,5
264572,-28.735999,35,synthetic,2,14
264606,-4.467224,34,real,-1,13
264636,-1.015856,30,real,-1,9
264668,-2.744898,32,real,-1,11
264690,-0.446284,22,real,-1,1
264720,-6.930487,30,real,-1,9
264746,-2.798615,26,real,-1,5
264776,-8.113945,30,real,-1,9
264810,-41.901866,34,synthetic,2,13
264835,-5.473716,25,real,-1,4
264858,-4.668551,23,real,-1,2
264895,-2.620213,37,real,-1,16
264916,-26.572663,21,synthetic,1,0
264937,-6.08799,21,real,-1,0
264970,-11.517258,33,real,-1,12
264991,0.11319,21,real,-1,0
265012,-4.861387,21,real,-1,0
265036,1.155891,24,real,-1,3
265076,-8.957062,40,real,-1,19
265112,-2.091235,36,real,-1,15
265143,2.530737,31,real,-1,10
265178,-9.180083,35,real,-1,14
265220,-11.78299,42,real,-1,21
265262,-1.265438,42,real,-1,21
265287,1.631183,25,real,-1,4
265316,-0.836143,29,real,-1,8
265352,-2.30226,36,real,-1,15
265390,-0.659932,38,real,-1,17
265427,-7.707125,37,real,-1,16
265448,-4.603809,21,real,-1,0
265486,-9.686335,38,real,-1,17
265508,-22.884495,22,synthetic,1,1
265539,-16.975201,31,synthetic,0,10
265567,-3.342299,28,real,-1,7
265602,3.543298,35,real,-1,14
265642,-30.170559,40,synthetic,1,19
265679,-1.164923,37,real,-1,16
265706,-30.629284,27,synthetic,2,6
265728,-5.692655,22,real,-1,1
265764,-3.764126,36,real,-1,15
265791,0.434708,27,real,-1,6
265818,-11.907229,27,real,-1,6
265846,-16.526434,28,synthetic,1,7
265879,-7.777829,33,real,-1,12
265913,-0.065713,34,real,-1,13
265935,-21.740689,22,synthetic,2,1
265977,-11.815865,42,synthetic,0,21
266010,-6.754595,33,real,-1,12
266032,-1.939236,22,real,-1,1
266070,-12.700978,38,real,-1,17
266104,-28.991651,34,synthetic,2,13
266132,-13.125229,28,real,-1,7
266153,-28.399903,21,synthetic,2,0
266182,-4.86378,29,real,-1,8
266221,3.839723,39,real,-1,18
266245,-11.191814,24,synthetic,0,3
266286,-5.507282,41,real,-1,20
266311,-6.698978,25,real,-1,4
266346,0.875842,35,real,-1,14
266381,-25.77592,35,synthetic,1,14
266407,-7.854676,26,real,-1,5
266444,-8.448401,37,real,-1,16
266470,-0.812647,26,real,-1,5
266494,-0.823643,24,real,-1,3
266528,-1.638121,34,real,-1,13
266560,-9.324224,32,real,-1,11
266585,-0.990125,25,real,-1,4
266618,-2.47113,33,real,-1,12
266657,-25.770327,39,synthetic,1,18
266681,-5.618528,24,real,-1,3
266721,-2.747566,40,real,-1,19
266760,-26.397002,39,synthetic,1,18
266799,-14.256662,39,synthetic,0,18
266839,-4.17624,40,real,-1,19
266879,-2.083325,40,real,-1,19
266917,-5.070002,38,real,-1,17
266946,-5.80756,29,real,-1,8
266983,-4.206648,37,real,-1,16
267009,0.939278,26,real,-1,5
267043,-31.34179,34,synthetic,1,13
267083,-7.947681,40,real,-1,19
267120,-6.155098,37,real,-1,16
267148,-9.388957,28,real,-1,7
267173,-3.739655,25,real,-1,4
267207,-23.331997,34,synthetic,1,13
267233,-3.78954,26,real,-1,5
267268,1.729418,35,real,-1,14
267305,-5.687337,37,real,-1,16
267331,-19.2165,26,synthetic,0,5
267366,-17.532757,35,synthetic,0,14
267407,-1.65052,41,real,-1,20
267443,1.28704,36,real,-1,15
267483,4.572181,40,real,-1,19
267514,-6.206403,31,real,-1,10
267544,-1.879448,30,real,-1,9
267567,-2.840592,23,real,-1,2
267605,-3.097932,38,real,-1,17
267641,-3.426167,36,real,-1,15
267672,-0.531391,31,real,-1,10
267701,-7.647673,29,real,-1,8
267739,-6.717345,38,real,-1,17
267778,-9.016236,39,real,-1,18
267802,-24.465799,24,synthetic,1,3
267830,1.543463,28,real,-1,7
267856,-28.10403,26,synthetic,2,5
267882,7.90468,26,real,-1,5
267914,-5.510822,32,real,-1,11
267954,2.027186,40,real,-1,19
267993,-1.989403,39,real,-1,18
268019,-21.742054,26,synthetic,1,5
268056,-51.203669,37,synthetic,2,16
268080,-11.277177,24,synthetic,0,3
268117,0.483294,37,real,-1,16
268146,-34.557059,29,synthetic,2,8
268184,-30.502765,38,synthetic,2,17
268217,2.156532,33,real,-1,12
268240,-5.908732,23,real,-1,2
268272,-3.423102,32,real,-1,11
268295,-21.897476,23,synthetic,1,2
268328,-4.723543,33,real,-1,12
268349,-2.744598,21,real,-1,0
268371,-11.756528,22,real,-1,1
268404,-33.529578,33,synthetic,2,12
268426,-6.422346,22,real,-1,1
268449,-17.145201,23,synthetic,0,2
268488,-0.805555,39,real,-1,18
268526,-5.695271,38,real,-1,17
268553,4.283984,27,real,-1,6
268585,-7.823978,32,real,-1,11
268623,-3.333837,38,real,-1,17
268651,5.198692,28,real,-1,7
268678,-1.247067,27,real,-1,6
268711,0.14038,33,real,-1,12
268749,-15.798714,38,real,-1,17
268783,-5.776581,34,real,-1,13
268814,2.572437,31,real,-1,10
268853,-1.522519,39,real,-1,18
268881,-1.657412,28,real,-1,7
268912,-5.738537,31,real,-1,10
268953,-7.348731,41,real,-1,20
268981,-7.370385,28,synthetic,0,7
269022,-39.281062,41,synthetic,1,20
269046,-4.097259,24,real,-1,3
269088,-5.496043,42,real,-1,21
269122,-9.101109,34,real,-1,13
269150,-0.166187,28,real,-1,7
269189,1.561853,39,real,-1,18
269224,-5.407121,35,real,-1,14
269256,-0.722268,32,real,-1,11
269297,-3.715933,41,real,-1,20
269322,-4.195901,25,real,-1,4
269357,1.438052,35,real,-1,14
269392,-5.954919,35,synthetic,0,14
269431,-34.121652,39,synthetic,2,18
269452,0.449224,21,real,-1,0
269490,-40.541497,38,synthetic,2,17
269515,0.441219,25,real,-1,4
269542,-13.178392,27,synthetic,0,6
269580,-25.764992,38,synthetic,1,17
269605,-18.593981,25,synthetic,0,4
269630,-32.817552,25,synthetic,2,4
269670,-10.992119,40,real,-1,19
269691,-2.945906,21,real,-1,0
269722,-1.8648,31,real,-1,10
269755,-4.96075,33,real,-1,12
269779,-9.196154,24,real,-1,3
269806,-0.641413,27,real,-1,6
269831,-19.43581,25,synthetic,1,4
269858,-33.238876,27,synthetic,1,6
269895,-1.671044,37,real,-1,16
269935,-24.227836,40,synthetic,1,19
269966,-7.357355,31,real,-1,10
270004,-7.362551,38,real,-1,17
270036,-4.764049,32,real,-1,11
270078,-13.866361,42,synthetic,1,21
270110,-3.685268,32,real,-1,11
270150,-9.027717,40,real,-1,19
270186,-6.616117,36,real,-1,15
270209,-2.802211,23,real,-1,2
270249,-13.213046,40,real,-1,19
270283,-19.847618,34,synthetic,0,13
270321,-9.990771,38,real,-1,17
270358,-43.644652,37,synthetic,2,16
270400,-8.330562,42,real,-1,21
270441,-29.19416,41,synthetic,1,20
270472,-33.491076,31,synthetic,2,10
270496,-1.145757,24,real,-1,3
270532,-6.294087,36,real,-1,15
270574,-33.413498,42,synthetic,2,21
270603,-5.277769,29,real,-1,8
270632,3.14045,29,real,-1,8
270653,0.093513,21,real,-1,0
270692,-1.675686,39,real,-1,18
270732,5.094167,40,real,-1,19
270759,6.274319,27,real,-1,6
270799,-6.793556,40,real,-1,19
270820,-0.784634,21,real,-1,0
270853,-43.286374,33,synthetic,2,12
270890,-0.822909,37,real,-1,16
270922,-3.489905,32,real,-1,11
270944,-10.575419,22,synthetic,0,1
270984,-0.94039,40,real,-1,19
271022,-4.00077,38,real,-1,17
271055,0.543639,33,real,-1,12
271080,-7.885894,25,real,-1,4
271104,-4.558539,24,real,-1,3
271134,-4.10738,30,real,-1,9
271167,-16.371248,33,synthetic,0,12
271197,-1.900645,30,real,-1,9
271237,-3.464167,40,real,-1,19
271273,-4.659528,36,real,-1,15
271312,-5.518547,39,real,-1,18
271338,6.314099,26,real,-1,5
271376,0.381902,38,real,-1,17
271415,-4.726296,39,real,-1,18
271455,-10.906246,40,real,-1,19
271488,-10.238507,33,real,-1,12
271530,-27.771587,42,synthetic,0,21
271570,-0.777134,40,real,-1,19
271592,-22.080742,22,synthetic,2,1
271626,-8.496686,34,real,-1,13
271648,-31.080368,22,synthetic,2,1
271672,-25.727749,24,synthetic,1,3
271701,-4.302216,29,real,-1,8
271726,-7.930228,25,synthetic,0,4
271762,-2.343978,36,real,-1,15
271799,-0.580747,37,real,-1,16
271824,-0.819557,25,real,-1,4
271863,-5.188014,39,real,-1,18
271901,-9.331072,38,real,-1,17
271937,-22.14601,36,synthetic,2,15
271968,-5.090289,31,real,-1,10
272009,-10.07573,41,real,-1,20
272033,3.073407,24,real,-1,3
272070,-7.339862,37,real,-1,16
272108,-3.339663,38,real,-1,17
272142,-6.819441,34,real,-1,13
272181,-15.341795,39,synthetic,0,18
272222,1.893908,41,real,-1,20
272254,-22.187261,32,synthetic,1,11
272296,-8.508684,42,real,-1,21
272321,1.808402,25,real,-1,4
272350,-8.196252,29,real,-1,8
272373,-24.686082,23,synthetic,1,2
272399,-0.717577,26,real,-1,5
272424,-2.306843,25,real,-1,4
272465,0.422138,41,real,-1,20
272506,-8.138764,41,real,-1,20
272540,-5.495757,34,real,-1,13
272572,-4.590784,32,real,-1,11
272600,1.018692,28,real,-1,7
272633,-2.112879,33,real,-1,12
272673,-6.629264,40,real,-1,19
272702,-35.080611,29,synthetic,2,8
272730,-5.344199,28,real,-1,7
272765,-9.272414,35,real,-1,14
272806,-10.847368,41,real,-1,20
272838,-2.992861,32,real,-1,11
272874,-26.768751,36,synthetic,2,15
272905,6.210128,31,real,-1,10
272944,0.431619,39,real,-1,18
272971,1.168667,27,real,-1,6
273009,-23.407811,38,synthetic,1,17
273048,-43.454013,39,synthetic,2,18
273072,-0.266133,24,real,-1,3
273112,-8.176618,40,real,-1,19
273134,-15.44874,22,synthetic,1,1
273158,-3.997838,24,real,-1,3
273192,-1.08511,34,real,-1,13
273228,-7.227119,36,real,-1,15
273254,-3.968128,26,real,-1,5
273295,-5.990664,41,real,-1,20
273321,-12.112897,26,synthetic,0,5
273348,1.657868,27,real,-1,6
273385,-13.128939,37,synthetic,0,16
273420,-3.504955,35,real,-1,14
273456,-2.837683,36,real,-1,15
273482,-3.591961,26,real,-1,5
273517,-8.058171,35,real,-1,14
273545,-1.100445,28,real,-1,7
273569,-0.631623,24,real,-1,3
273598,-11.848399,29,real,-1,8
273630,-6.909062,32,real,-1,11
273663,-7.03972,33,real,-1,12
273699,0.214866,36,real,-1,15
273738,-3.383797,39,real,-1,18
273777,-4.95123,39,real,-1,18
273798,0.129216,21,real,-1,0
273836,-10.554417,38,real,-1,17
273877,-11.981438,41,synthetic,0,20
273908,-5.652393,31,real,-1,10
273937,-2.882156,29,real,-1,8
273975,-8.031094,38,real,-1,17
274002,-5.937324,27,real,-1,6
274044,-0.692408,42,real,-1,21
274073,-1.272325,29,real,-1,8
274114,0.915331,41,real,-1,20
274135,0.571562,21,real,-1,0
274159,2.658162,24,real,-1,3
274185,2.326888,26,real,-1,5
274217,-3.189161,32,real,-1,11
274247,-28.725175,30,synthetic,1,9
274268,-5.556916,21,real,-1,0
274292,-2.334817,24,real,-1,3
274330,-3.52293,38,real,-1,17
274359,0.545652,29,real,-1,8
274400,-9.306664,41,real,-1,20
274427,2.17105,27,real,-1,6
274462,-2.182298,35,real,-1,14
274494,-9.665294,32,real,-1,11
274526,-6.357425,32,real,-1,11
274550,-23.375577,24,synthetic,1,3
274581,-8.119644,31,real,-1,10
274619,-5.002724,38,real,-1,17
274645,-5.72889,26,real,-1,5
274680,-8.902382,35,real,-1,14
274708,-0.631931,28,real,-1,7
274740,-4.985525,32,real,-1,11
274777,-2.986747,37,real,-1,16
274817,-10.212446,40,synthetic,0,19
274839,1.586854,22,real,-1,1
274863,-5.746763,24,real,-1,3
274890,-27.419619,27,synthetic,1,6
274922,-20.384476,32,synthetic,1,11
274946,-1.114107,24,real,-1,3
274980,-35.685328,34,synthetic,2,13
275014,-12.313481,34,real,-1,13
275035,1.908873,21,real,-1,0
275063,-0.155485,28,real,-1,7
275092,-14.702831,29,real,-1,8
275131,-4.135333,39,real,-1,18
275155,-2.049723,24,real,-1,3
275180,-0.013102,25,real,-1,4
275217,-14.538847,37,synthetic,0,16
275243,0.438413,26,real,-1,5
275282,3.628254,39,real,-1,18
275305,-2.462894,23,real,-1,2
275338,-37.891006,33,synthetic,2,12
275373,-0.475169,35,real,-1,14
275395,-3.765121,22,real,-1,1
275420,-5.275798,25,real,-1,4
275458,-11.294646,38,real,-1,17
275494,-13.899279,36,real,-1,15
275531,-34.615127,37,synthetic,2,16
275553,-11.460523,22,synthetic,0,1
275591,-9.496279,38,real,-1,17
275626,-1.205408,35,real,-1,14
275663,1.343672,37,real,-1,16
275693,10.164041,30,real,-1,9
275735,4.285481,42,real,-1,21
275764,-15.259071,29,synthetic,0,8
275788,-5.142813,24,real,-1,3
275815,-5.316895,27,real,-1,6
275840,-8.654157,25,real,-1,4
275879,-7.173179,39,real,-1,18
275908,-14.174194,29,synthetic,0,8
275934,0.341328,26,real,-1,5
275964,-34.022247,30,synthetic,2,9
276000,-2.215171,36,real,-1,15
276032,-2.337742,32,real,-1,11
276054,-0.98697,22,real,-1,1
276094,-0.340351,40,real,-1,19
276123,-30.126764,29,synthetic,2,8
276162,-3.639487,39,real,-1,18
276190,-3.836376,28,real,-1,7
276224,-1.219397,34,real,-1,13
276250,-0.599903,26,real,-1,5
276291,-26.659473,41,synthetic,1,20
276322,-2.982971,31,real,-1,10
276358,-6.816336,36,real,-1,15
276383,0.881726,25,real,-1,4
276424,-2.36182,41,real,-1,20
276464,0.963746,40,real,-1,19
276494,-12.311708,30,real,-1,9
276525,-5.635135,31,real,-1,10
276556,2.191655,31,real,-1,10
276580,-3.462149,24,real,-1,3
276622,-15.044386,42,synthetic,0,21
276658,-3.329117,36,real,-1,15
276699,-16.991478,41,real,-1,20
276722,-0.834339,23,real,-1,2
276758,1.814862,36,real,-1,15
276790,-10.413664,32,real,-1,11
276814,-29.405604,24,synthetic,1,3
276849,-7.137199,35,real,-1,14
276884,-5.749826,35,real,-1,14
276920,-3.399601,36,real,-1,15
276958,0.364616,38,real,-1,17
277000,-6.965888,42,real,-1,21
277027,-7.649767,27,real,-1,6
277068,-8.222481,41,real,-1,20
277090,-4.513017,22,real,-1,1
277113,-5.454217,23,real,-1,2
277138,0.611851,25,real,-1,4
277160,-2.001451,22,real,-1,1
277192,-39.592056,32,synthetic,2,11
277225,-6.416619,33,real,-1,12
277250,-1.163251,25,real,-1,4
277282,-0.654911,32,real,-1,11
277315,-2.143674,33,real,-1,12
277349,-18.967564,34,synthetic,1,13
277379,-39.367958,30,synthetic,2,9
277416,-38.138321,37,synthetic,2,16
277449,1.80801,33,real,-1,12
277477,-6.85156,28,real,-1,7
277500,-6.75229,23,synthetic,0,2
277526,-23.583602,26,synthetic,1,5
277560,-4.88989,34,real,-1,13
277593,3.644365,33,real,-1,12
277622,-14.543148,29,synthetic,0,8
277645,-21.757861,23,synthetic,1,2
277669,-5.606396,24,real,-1,3
277699,-8.153708,30,synthetic,0,9
277736,-7.218815,37,real,-1,16
277757,-3.046674,21,real,-1,0
277790,0.011744,33,real,-1,12
277817,2.173696,27,real,-1,6
277845,-5.081062,28,real,-1,7
277882,-0.309418,37,real,-1,16
277903,-8.023133,21,real,-1,0
277939,-25.681042,36,synthetic,1,15
277968,-15.139815,29,synthetic,1,8
277999,-4.356906,31,real,-1,10
278021,-4.094297,22,real,-1,1
278049,-10.313445,28,real,-1,7
278078,-4.087361,29,real,-1,8
278102,-12.453614,24,synthetic,0,3
278125,-1.552955,23,real,-1,2
278161,3.328545,36,real,-1,15
278183,-3.26225,22,real,-1,1
278223,-1.475008,40,real,-1,19
278245,-26.041596,22,synthetic,2,1
278273,-2.939526,28,synthetic,0,7
278295,-0.811608,22,real,-1,1
278333,-5.053668,38,real,-1,17
278355,-2.205066,22,real,-1,1
278393,-10.089498,38,synthetic,0,17
278422,-33.346923,29,synthetic,2,8
278459,-15.095399,37,synthetic,0,16
278490,-4.734556,31,real,-1,10
278516,-4.75978,26,real,-1,5
278550,-3.304257,34,real,-1,13
278577,-4.007919,27,real,-1,6
278608,1.68713,31,real,-1,10
278645,3.494136,37,real,-1,16
278687,-22.686151,42,synthetic,1,21
278710,-7.904361,23,real,-1,2
278747,-11.743347,37,synthetic,0,16
278787,-1.169158,40,real,-1,19
278819,-6.553689,32,real,-1,11
278847,-3.44642,28,real,-1,7
278868,-0.88312,21,real,-1,0
278889,2.797994,21,real,-1,0
278912,0.68405,23,real,-1,2
278952,-3.843496,40,real,-1,19
278982,-1.352137,30,real,-1,9
279011,-1.578923,29,real,-1,8
279050,-1.876179,39,real,-1,18
279089,-7.153868,39,real,-1,18
279129,2.14664,40,real,-1,19
279170,-17.20334,41,synthetic,1,20
279208,-5.35693,38,real,-1,17
279245,-7.359542,37,real,-1,16
279284,-9.086673,39,real,-1,18
279321,-1.433756,37,real,-1,16
279356,1.961448,35,real,-1,14
279385,-11.006154,29,synthetic,0,8
279409,-2.049422,24,real,-1,3
279446,0.609771,37,real,-1,16
279475,-6.197971,29,real,-1,8
279513,0.75966,38,real,-1,17
279543,-0.045296,30,real,-1,9
279577,-3.772904,34,real,-1,13
279618,-12.504469,41,real,-1,20
279658,3.779266,40,real,-1,19
279682,-0.177153,24,real,-1,3
279703,-10.937938,21,synthetic,0,0
279730,3.03984,27,real,-1,6
279759,-2.451827,29,real,-1,8
279786,3.678724,27,real,-1,6
279826,-6.899274,40,real,-1,19
279858,-10.515818,32,real,-1,11
279884,-8.870184,26,synthetic,0,5
279911,-4.212054,27,real,-1,6
279936,-3.737826,25,real,-1,4
279964,-5.162809,28,real,-1,7
279990,-19.985159,26,synthetic,0,5
280032,2.470193,42,real,-1,21
280065,-4.566344,33,real,-1,12
280098,-5.966601,33,real,-1,12
280140,-15.611049,42,real,-1,21
280164,-3.745053,24,real,-1,3
280189,-2.596157,25,real,-1,4
280219,-43.365475,30,synthetic,2,9
280246,-2.50894,27,real,-1,6
280283,-1.060486,37,real,-1,16
280311,-1.908514,28,real,-1,7
280339,-2.096565,28,real,-1,7
280372,-4.560756,33,real,-1,12
280396,-27.864136,24,synthetic,1,3
280417,-4.870639,21,real,-1,0
280439,-3.721762,22,real,-1,1
280475,-25.132714,36,synthetic,1,15
280501,-1.876385,26,real,-1,5
280537,-27.846383,36,synthetic,1,15
280558,1.12811,21,real,-1,0
280587,-45.657403,29,synthetic,2,8
280624,-3.570742,37,real,-1,16
280650,-3.615628,26,real,-1,5
280689,-12.970235,39,real,-1,18
280719,-4.670659,30,real,-1,9
280744,-1.734659,25,real,-1,4
280782,4.540681,38,real,-1,17
280817,-1.187796,35,real,-1,14
280840,-38.837293,23,synthetic,2,2
280882,-0.101214,42,real,-1,21
280907,-7.497088,25,real,-1,4
280930,-18.047491,23,synthetic,1,2
280970,3.899845,40,real,-1,19
280996,-39.513101,26,synthetic,2,5
281026,0.458441,30,real,-1,9
281062,-6.39388,36,real,-1,15
281095,-5.956976,33,real,-1,12
281119,-5.657203,24,real,-1,3
281148,-6.504428,29,real,-1,8
281186,-7.615956,38,real,-1,17
281227,-19.853407,41,synthetic,0,20
281254,-2.815227,27,real,-1,6
281285,-1.142518,31,real,-1,10
281323,-7.264499,38,real,-1,17
281349,0.6874,26,real,-1,5
281374,-2.421405,25,real,-1,4
281397,-1.904126,23,real,-1,2
281419,-5.317732,22,real,-1,1
281440,-6.653821,21,real,-1,0
281464,-1.560861,24,real,-1,3
281490,-2.307357,26,real,-1,5
281516,-21.892769,26,synthetic,1,5
281547,-11.325941,31,synthetic,0,10
281568,0.63677,21,real,-1,0
281596,-2.947093,28,real,-1,7
281634,-27.830413,38,synthetic,1,17
281671,-5.891166,37,real,-1,16
281703,-0.396149,32,real,-1,11
281732,-5.154319,29,real,-1,8
281756,-15.163438,24,synthetic,0,3
281795,-7.710939,39,real,-1,18
281820,0.83842,25,real,-1,4
281846,1.666693,26,real,-1,5
281879,5.01345,33,real,-1,12
281909,1.069506,30,real,-1,9
281937,-45.670596,28,synthetic,2,7
281964,1.127207,27,real,-1,6
282003,-2.76554,39,real,-1,18
282044,-3.100035,41,real,-1,20
282080,-3.538376,36,real,-1,15
282116,-6.729198,36,real,-1,15
282155,-5.610308,39,real,-1,18
282189,-42.181293,34,synthetic,2,13
282223,-2.273979,34,real,-1,13
282252,-13.867996,29,real,-1,8
282274,-4.212479,22,real,-1,1
282314,-0.954323,40,real,-1,19
282354,-50.166835,40,synthetic,2,19
282377,-5.628047,23,real,-1,2
282410,-4.487487,33,real,-1,12
282445,-0.686393,35,real,-1,14
282468,-3.945122,23,real,-1,2
282506,-5.566041,38,real,-1,17
282533,-4.302741,27,real,-1,6
282562,-8.819833,29,real,-1,8
282589,-0.948458,27,real,-1,6
282618,-2.808134,29,real,-1,8
282654,-11.56539,36,real,-1,15
282687,-23.461378,33,synthetic,0,12
282713,0.314446,26,real,-1,5
282753,5.719568,40,real,-1,19
282775,-2.618971,22,real,-1,1
282801,-9.807526,26,real,-1,5
282824,-0.584556,23,real,-1,2
282850,1.848172,26,real,-1,5
282880,-1.314686,30,real,-1,9
282903,-2.907108,23,real,-1,2
282937,-0.63593,34,real,-1,13
282973,-4.863939,36,real,-1,15
283002,-8.656338,29,real,-1,8
283041,-15.895406,39,synthetic,0,18
283065,-4.461682,24,real,-1,3
283101,-7.539484,36,real,-1,15
283126,-38.46496,25,synthetic,2,4
283164,-3.192215,38,real,-1,17
283199,-5.193507,35,real,-1,14
283232,-2.351726,33,real,-1,12
283261,-34.045527,29,synthetic,2,8
283301,-15.647187,40,synthetic,0,19
283341,-11.311981,40,real,-1,19
283369,-4.150534,28,real,-1,7
283391,-9.76586,22,real,-1,1
283418,-3.520107,27,real,-1,6
283444,-9.997132,26,synthetic,0,5
283468,-4.349755,24,real,-1,3
283510,1.235654,42,real,-1,21
283536,2.747657,26,real,-1,5
283559,-26.325462,23,synthetic,1,2
283589,-10.508465,30,real,-1,9
283624,-3.840392,35,real,-1,14
283649,-22.04647,25,synthetic,1,4
283687,-18.043217,38,synthetic,0,17
283717,-8.276717,30,real,-1,9
283738,-1.534786,21,real,-1,0
283761,-1.80248,23,real,-1,2
283785,-0.010785,24,real,-1,3
283811,-0.034198,26,real,-1,5
283850,-8.606227,39,real,-1,18
283876,1.026828,26,real,-1,5
283904,3.01669,28,real,-1,7
283943,-10.758296,39,real,-1,18
283969,-1.115227,26,real,-1,5
283994,-1.298453,25,real,-1,4
284033,-11.358115,39,real,-1,18
284059,-5.408721,26,real,-1,5
284082,4.038123,23,real,-1,2
284107,-7.027031,25,real,-1,4
284141,-1.172322,34,real,-1,13
284166,-1.363062,25,real,-1,4
284193,-0.859454,27,real,-1,6
284233,-7.679543,40,real,-1,19
284256,0.398344,23,real,-1,2
284288,0.828609,32,real,-1,11
284316,2.165776,28,real,-1,7
284349,-3.156559,33,real,-1,12
284382,-2.728502,33,real,-1,12
284414,-13.507131,32,synthetic,1,11
284441,-0.300867,27,real,-1,6
284464,-6.296765,23,real,-1,2
284501,-2.778895,37,real,-1,16
284542,-2.093333,41,real,-1,20
284578,-12.919108,36,real,-1,15
284616,-4.991519,38,real,-1,17
284653,-1.827447,37,real,-1,16
284674,0.206073,21,real,-1,0
284707,-13.770634,33,synthetic,0,12
284740,-25.092587,33,synthetic,1,12
284770,-7.104884,30,real,-1,9
284807,-37.042764,37,synthetic,2,16
284847,-7.215909,40,real,-1,19
284868,-9.075508,21,real,-1,0
284894,-30.454165,26,synthetic,2,5
284929,0.92731,35,real,-1,14
284961,-0.029546,32,real,-1,11
284991,-6.208107,30,real,-1,9
285014,-1.29198,23,real,-1,2
285045,-14.865416,31,synthetic,0,10
285083,-7.879039,38,real,-1,17
285117,-3.143396,34,real,-1,13
285147,-1.895518,30,real,-1,9
285184,-0.823905,37,real,-1,16
285207,-31.312372,23,synthetic,2,2
285249,1.728304,42,real,-1,21
285286,-27.755041,37,synthetic,1,16
285317,-0.860867,31,real,-1,10
285340,-3.929692,23,real,-1,2
285363,1.192726,23,real,-1,2
285387,0.252453,24,real,-1,3
285418,-3.370184,31,real,-1,10
285459,-9.99301,41,real,-1,20
285499,-6.118688,40,real,-1,19
285533,-4.615085,34,real,-1,13
285556,1.333025,23,real,-1,2
285592,-8.846184,36,real,-1,15
285619,2.213026,27,real,-1,6
285653,0.725493,34,real,-1,13
285689,-4.314785,36,real,-1,15
285721,1.510152,32,real,-1,11
285750,-37.264133,29,synthetic,2,8
285783,-31.288943,33,synthetic,2,12
285814,-36.526061,31,synthetic,2,10
285846,-23.799776,32,synthetic,1,11
285886,-6.884296,40,real,-1,19
285927,-0.170444,41,real,-1,20
285958,2.922972,31,real,-1,10
285988,-0.34594,30,real,-1,9
286023,-2.072129,35,real,-1,14
286044,-5.308395,21,real,-1,0
286084,-9.425059,40,real,-1,19
286124,-1.040066,40,real,-1,19
286165,-1.799443,41,real,-1,20
286199,-6.690801,34,real,-1,13
286223,-6.69339,24,real,-1,3
286246,-34.005992,23,synthetic,1,2
286287,-0.023475,41,real,-1,20
286322,3.793014,35,real,-1,14
286356,-1.653682,34,real,-1,13
286391,-4.04241,35,real,-1,14
286428,-2.705581,37,real,-1,16
286461,-19.631996,33,synthetic,1,12
286503,-3.570638,42,real,-1,21
286537,-2.940719,34,real,-1,13
286565,3.13878,28,real,-1,7
286606,0.210325,41,real,-1,20
286632,-9.224871,26,real,-1,5
286666,-0.086316,34,real,-1,13
286697,-1.462366,31,real,-1,10
286731,-2.136144,34,real,-1,13
286752,-6.445937,21,synthetic,0,0
286775,-9.537858,23,real,-1,2
286806,-26.817174,31,synthetic,1,10
286835,-2.270704,29,real,-1,8
286868,-1.815921,33,real,-1,12
286903,-10.198944,35,real,-1,14
286932,-3.316458,29,real,-1,8
286969,-1.60496,37,real,-1,16
286999,1.626014,30,real,-1,9
287040,1.376629,41,real,-1,20
287069,-34.642359,29,synthetic,1,8
287103,2.257062,34,real,-1,13
287126,-1.071885,23,real,-1,2
287168,-1.934146,42,real,-1,21
287202,-9.288208,34,real,-1,13
287239,-10.862202,37,real,-1,16
287260,1.349809,21,real,-1,0
287284,1.957416,24,real,-1,3
287316,-3.966735,32,real,-1,11
287352,-31.433717,36,synthetic,1,15
287376,2.973759,24,real,-1,3
287413,-8.774101,37,real,-1,16
287448,-26.904617,35,synthetic,1,14
287489,-1.932235,41,real,-1,20
287520,-10.37248,31,real,-1,10
287546,-9.010998,26,synthetic,0,5
287580,-7.790595,34,real,-1,13
287612,-9.160715,32,synthetic,0,11
287646,-9.359927,34,synthetic,0,13
287682,-3.101517,36,real,-1,15
287712,-30.860559,30,synthetic,1,9
287737,-4.396821,25,real,-1,4
287762,-2.012441,25,real,-1,4
287797,-4.165746,35,real,-1,14
287837,-39.842782,40,synthetic,2,19
287873,-9.339947,36,real,-1,15
287911,-3.358304,38,real,-1,17
287945,-1.874461,34,real,-1,13
287982,0.421093,37,real,-1,16
288009,-5.354688,27,real,-1,6
288035,-0.282838,26,real,-1,5
288069,-17.775319,34,synthetic,1,13
288110,-17.389858,41,synthetic,1,20
288139,2.623258,29,real,-1,8
288176,-1.587059,37,real,-1,16
288213,-33.590423,37,synthetic,2,16
288241,-3.754428,28,real,-1,7
288262,-0.242171,21,real,-1,0
288286,1.211449,24,real,-1,3
288327,2.933237,41,real,-1,20
288365,-0.636654,38,real,-1,17
288401,-4.858944,36,real,-1,15
288436,2.821951,35,real,-1,14
288457,-1.313131,21,real,-1,0
288497,-2.359407,40,real,-1,19
288529,-8.523162,32,real,-1,11
288571,-11.005582,42,real,-1,21
288602,-5.770905,31,real,-1,10
288624,-14.733788,22,synthetic,1,1
288650,-2.77749,26,real,-1,5
288688,-4.655009,38,real,-1,17
288730,-1.081083,42,real,-1,21
288763,-3.840077,33,real,-1,12
288788,-9.386367,25,real,-1,4
288829,0.814756,41,real,-1,20
288867,-8.423844,38,real,-1,17
288903,-3.477814,36,real,-1,15
288925,-0.910973,22,real,-1,1
288966,-49.871154,41,synthetic,2,20
289007,-13.159936,41,real,-1,20
289032,-7.207023,25,real,-1,4
289072,-1.779559,40,real,-1,19
289112,-18.413249,40,synthetic,1,19
289147,-7.865844,35,real,-1,14
289174,0.142656,27,real,-1,6
289207,-10.346649,33,synthetic,0,12
289229,-40.797083,22,synthetic,2,1
289265,-3.749178,36,real,-1,15
289300,4.037587,35,real,-1,14
289332,-5.256678,32,real,-1,11
289365,-5.860933,33,real,-1,12
289396,-7.785681,31,real,-1,10
289438,-0.120721,42,real,-1,21
289463,5.670537,25,real,-1,4
289486,-8.167527,23,synthetic,0,2
289522,-0.905661,36,real,-1,15
289545,1.190175,23,real,-1,2
289572,-3.281797,27,real,-1,6
289596,-3.36195,24,real,-1,3
289630,-2.374976,34,real,-1,13
289666,-3.19556,36,real,-1,15
289703,-7.306311,37,real,-1,16
289728,-7.361362,25,real,-1,4
289764,-8.037572,36,synthetic,0,15
289791,-1.348557,27,real,-1,6
289813,-39.349829,22,synthetic,2,1
289841,1.342052,28,real,-1,7
289879,-15.833523,38,synthetic,0,17
289909,-6.403918,30,real,-1,9
289939,-9.941778,30,real,-1,9
289975,-10.737568,36,real,-1,15
290016,0.448013,41,real,-1,20
290052,-18.587079,36,synthetic,0,15
290086,-9.676361,34,real,-1,13
290114,0.329641,28,real,-1,7
290140,-0.105147,26,real,-1,5
290180,-43.992388,40,synthetic,2,19
290213,-3.954951,33,real,-1,12
290243,4.552804,30,real,-1,9
290274,0.857958,31,real,-1,10
290303,0.602941,29,real,-1,8
290342,-6.470248,39,real,-1,18
290363,-25.402098,21,synthetic,1,0
290387,-26.161363,24,synthetic,2,3
290414,-1.543847,27,real,-1,6
290456,-2.218424,42,real,-1,21
290495,-5.602259,39,real,-1,18
290533,-4.225851,38,real,-1,17
290572,1.518375,39,real,-1,18
290599,-1.938198,27,real,-1,6
290627,2.556965,28,real,-1,7
290662,-44.122864,35,synthetic,2,14
290691,-0.620697,29,real,-1,8
290721,1.887815,30,real,-1,9
290745,-33.920349,24,synthetic,2,3
290787,-10.553974,42,real,-1,21
290828,-34.802987,41,synthetic,2,20
290864,-30.212613,36,synthetic,2,15
290892,-1.883455,28,real,-1,7
290923,-1.900214,31,real,-1,10
290962,-14.324083,39,synthetic,0,18
291004,-10.436751,42,synthetic,0,21
291041,-3.88857,37,real,-1,16
291074,-5.84642,33,synthetic,0,12
291113,-1.02557,39,real,-1,18
291139,-11.328094,26,real,-1,5
291164,-0.724713,25,real,-1,4
291205,-5.925086,41,real,-1,20
291244,-9.525783,39,real,-1,18
291281,-2.501407,37,real,-1,16
291312,-5.772432,31,real,-1,10
291352,-28.455426,40,synthetic,1,19
291375,0.240253,23,real,-1,2
291409,0.440033,34,real,-1,13
291431,-3.441248,22,real,-1,1
291461,-3.551261,30,real,-1,9
291482,4.34102,21,real,-1,0
291508,-9.944031,26,real,-1,5
291545,-2.183123,37,real,-1,16
291572,-28.989874,27,synthetic,1,6
291597,-0.892098,25,real,-1,4
291627,-2.89968,30,real,-1,9
291657,-18.56604,30,synthetic,0,9
291691,-12.214457,34,real,-1,13
291715,2.814777,24,real,-1,3
291757,-0.545479,42,real,-1,21
291787,1.539964,30,real,-1,9
291818,-26.352211,31,synthetic,1,10
291844,-2.085739,26,real,-1,5
291881,-1.767214,37,real,-1,16
291923,-3.628028,42,real,-1,21
291952,-5.234132,29,real,-1,8
291993,-5.953725,41,real,-1,20
292028,-1.633203,35,real,-1,14
292061,-2.879064,33,real,-1,12
292090,-40.397902,29,synthetic,2,8
292124,-21.890667,34,synthetic,1,13
292154,0.302232,30,real,-1,9
292180,2.822604,26,real,-1,5
292206,-32.615242,26,synthetic,2,5
292241,-5.263167,35,real,-1,14
292277,-28.84922,36,synthetic,1,15
292318,-1.201116,41,real,-1,20
292352,-4.907413,34,real,-1,13
292394,-1.978588,42,real,-1,21
292432,-23.716361,38,synthetic,1,17
292455,-14.118774,23,synthetic,1,2
292494,-4.118571,39,real,-1,18
292518,-26.525544,24,synthetic,1,3
292544,-0.127677,26,real,-1,5
292583,-0.512134,39,real,-1,18
292616,-4.254511,33,real,-1,12
292654,-8.914205,38,real,-1,17
292690,2.481278,36,real,-1,15
292727,-12.361562,37,synthetic,0,16
292752,-41.569889,25,synthetic,2,4
292782,-7.32552,30,real,-1,9
292810,0.673949,28,real,-1,7
292847,-9.679696,37,real,-1,16
292870,6.739953,23,real,-1,2
292898,0.208439,28,real,-1,7
292931,-6.569386,33,real,-1,12
292961,0.177701,30,real,-1,9
293001,-2.159217,40,real,-1,19
293032,-1.775346,31,real,-1,10
293067,-0.466263,35,real,-1,14
293093,-0.472067,26,real,-1,5
293134,-5.393563,41,real,-1,20
293169,-0.544103,35,real,-1,14
293194,-3.984208,25,real,-1,4
293233,-0.243505,39,real,-1,18
293258,-4.638351,25,real,-1,4
293280,1.851072,22,real,-1,1
293311,-0.139086,31,real,-1,10
293333,0.46825,22,real,-1,1
293363,-6.957369,30,real,-1,9
293394,1.705859,31,real,-1,10
293430,-4.046259,36,real,-1,15
293459,1.69277,29,real,-1,8
293483,-1.883482,24,real,-1,3
293525,-25.843124,42,synthetic,1,21
293566,-13.67884,41,synthetic,0,20
293602,-5.974327,36,real,-1,15
293635,-2.263437,33,real,-1,12
293673,-0.093275,38,real,-1,17
293703,-8.112484,30,real,-1,9
293741,-10.817495,38,synthetic,0,17
293763,-1.57953,22,real,-1,1
293787,-7.27047,24,real,-1,3
293809,-3.857837,22,real,-1,1
293838,-13.611007,29,synthetic,0,8
293873,0.015642,35,real,-1,14
293907,-28.932101,34,synthetic,2,13
293940,-9.682709,33,real,-1,12
293964,-26.878315,24,synthetic,1,3
294001,-19.990597,37,synthetic,0,16
294026,-6.053661,25,real,-1,4
294051,-10.678796,25,synthetic,0,4
294073,6.803381,22,real,-1,1
294115,-3.138953,42,real,-1,21
294138,-2.525533,23,real,-1,2
294176,-40.086729,38,synthetic,2,17
294197,-3.81159,21,real,-1,0
294223,2.12675,26,real,-1,5
294251,2.196889,28,real,-1,7
294288,-1.810422,37,real,-1,16
294329,-12.047676,41,real,-1,20
294354,-1.818184,25,real,-1,4
294381,-4.612788,27,real,-1,6
294403,-5.396685,22,real,-1,1
294435,-2.966846,32,real,-1,11
294457,-42.932663,22,synthetic,2,1
294483,-3.390547,26,real,-1,5
294523,7.54985,40,real,-1,19
294548,-1.582986,25,real,-1,4
294588,-11.601865,40,real,-1,19
294615,-10.494707,27,real,-1,6
294653,-4.35042,38,real,-1,17
294678,-40.972236,25,synthetic,2,4
294708,-2.145613,30,real,-1,9
294736,0.134806,28,real,-1,7
294763,-7.35211,27,real,-1,6
294798,-6.278931,35,real,-1,14
294828,-8.423953,30,real,-1,9
294861,-3.104934,33,real,-1,12
294895,1.615717,34,real,-1,13
294924,-3.040744,29,real,-1,8
294946,-1.041064,22,real,-1,1
294988,0.316769,42,real,-1,21
295017,-43.511276,29,synthetic,2,8
295039,-36.628924,22,synthetic,2,1
295075,-4.175174,36,real,-1,15
295106,-7.246394,31,real,-1,10
295141,-4.702449,35,real,-1,14
295173,-0.429058,32,real,-1,11
295199,2.447696,26,real,-1,5
295226,-8.616628,27,synthetic,0,6
295255,2.182597,29,real,-1,8
295296,-41.872516,41,synthetic,2,20
295329,-4.495885,33,real,-1,12
295368,-2.173477,39,real,-1,18
295408,-7.932448,40,real,-1,19
295434,0.250397,26,real,-1,5
295476,-3.926013,42,real,-1,21
295502,-14.695216,26,synthetic,0,5
295543,-1.402558,41,real,-1,20
295565,-3.738319,22,real,-1,1
295597,4.754092,32,real,-1,11
295638,-1.097639,41,real,-1,20
295665,4.661617,27,real,-1,6
295700,-25.127347,35,synthetic,1,14
295736,-41.579059,36,synthetic,2,15
295776,-7.572023,40,real,-1,19
295813,-3.445034,37,real,-1,16
295837,-43.886683,24,synthetic,2,3
295859,-3.948208,22,real,-1,1
295884,-1.790561,25,real,-1,4
295914,-6.06573,30,real,-1,9
295956,2.808278,42,real,-1,21
295983,1.030199,27,real,-1,6
296005,2.150116,22,real,-1,1
296045,-28.806475,40,synthetic,1,19
296067,1.173375,22,real,-1,1
296104,-2.863954,37,real,-1,16
296125,-1.41678,21,real,-1,0
296150,-10.740943,25,synthetic,0,4
296187,-5.49762,37,real,-1,16
296213,-9.209725,26,synthetic,0,5
296251,-4.047392,38,real,-1,17
296287,-11.996035,36,synthetic,0,15
296316,-4.325143,29,real,-1,8
296348,4.802379,32,real,-1,11
296383,-22.642636,35,synthetic,1,14
296419,-3.261136,36,real,-1,15
296447,-8.765791,28,synthetic,0,7
296471,-12.935015,24,real,-1,3
296502,0.741084,31,real,-1,10
296524,-2.321212,22,real,-1,1
296552,-6.954516,28,real,-1,7
296594,-4.082573,42,real,-1,21
296615,2.387573,21,real,-1,0
296646,-4.37401,31,real,-1,10
296673,0.606913,27,real,-1,6
296713,-7.328052,40,real,-1,19
296736,-26.308243,23,synthetic,1,2
296761,8.054513,25,real,-1,4
296787,-0.65214,26,real,-1,5
296828,-9.791888,41,real,-1,20
296864,-31.344294,36,synthetic,1,15
296895,-1.722422,31,real,-1,10
296937,-5.473053,42,real,-1,21
296967,-3.900672,30,real,-1,9
296999,-10.465083,32,real,-1,11
297032,-1.63431,33,real,-1,12
297071,2.720372,39,real,-1,18
297108,-11.49775,37,real,-1,16
297143,-26.690091,35,synthetic,1,14
297180,-0.287044,37,real,-1,16
297215,-10.160569,35,real,-1,14
297243,-6.533149,28,real,-1,7
297275,-3.437137,32,real,-1,11
297311,-5.772053,36,synthetic,0,15
297347,-4.72637,36,real,-1,15
297381,-0.41209,34,real,-1,13
297408,-3.249251,27,real,-1,6
297431,-41.388973,23,synthetic,2,2
297471,-21.287472,40,synthetic,0,19
297499,-7.930682,28,real,-1,7
297538,-34.821041,39,synthetic,1,18
297561,-3.072355,23,real,-1,2
297599,2.735344,38,real,-1,17
297630,0.892414,31,real,-1,10
297672,-5.414205,42,real,-1,21
297710,-8.235671,38,real,-1,17
297748,-8.258096,38,real,-1,17
297776,-0.141254,28,real,-1,7
297815,-5.560579,39,real,-1,18
297845,-20.927787,30,synthetic,2,9
297875,-40.182745,30,synthetic,2,9
297917,-7.976855,42,real,-1,21
297946,-6.310941,29,real,-1,8
297980,-22.599939,34,synthetic,1,13
298017,-7.932938,37,real,-1,16
298041,-0.766264,24,real,-1,3
298080,-7.313167,39,real,-1,18
298110,-2.069765,30,real,-1,9
298146,1.448198,36,real,-1,15
298167,-3.630211,21,real,-1,0
298207,-8.893972,40,real,-1,19
298248,-11.632552,41,real,-1,20
298276,-49.676887,28,synthetic,2,7
298301,1.74232,25,real,-1,4
298337,-3.859918,36,real,-1,15
298363,-31.773411,26,synthetic,2,5
298399,-1.757657,36,real,-1,15
298439,-0.02056,40,real,-1,19
298479,-10.215381,40,real,-1,19
298505,-1.426402,26,real,-1,5
298541,-0.615038,36,real,-1,15
298566,-28.507121,25,synthetic,2,4
298591,-2.689525,25,real,-1,4
298628,-4.664984,37,real,-1,16
298656,1.374391,28,real,-1,7
298677,-7.740194,21,synthetic,0,0
298709,0.719407,32,real,-1,11
298748,-51.441552,39,synthetic,2,18
298772,-0.488867,24,real,-1,3
298810,-15.638082,38,synthetic,0,17
298846,-13.769083,36,synthetic,0,15
298871,-2.199479,25,real,-1,4
298902,0.5506,31,real,-1,10
298926,-2.694402,24,real,-1,3
298961,-28.165842,35,synthetic,1,14
298984,-2.124508,23,real,-1,2
299026,0.23363,42,real,-1,21
299049,-0.886694,23,real,-1,2
299070,-2.777203,21,real,-1,0
299096,-4.412761,26,real,-1,5
299126,-3.750822,30,real,-1,9
299163,-1.797214,37,real,-1,16
299193,1.312788,30,real,-1,9
299221,2.426474,28,real,-1,7
299261,-4.152046,40,real,-1,19
299293,-3.485396,32,real,-1,11
299318,-1.166391,25,real,-1,4
299353,-7.496432,35,real,-1,14
299380,-5.24771,27,real,-1,6
299411,-4.812675,31,real,-1,10
299435,-5.172319,24,real,-1,3
299469,0.600931,34,real,-1,13
299498,2.285029,29,real,-1,8
299522,-2.108907,24,real,-1,3
299562,-35.616022,40,synthetic,2,19
299604,-40.329637,42,synthetic,2,21
299641,-3.919176,37,real,-1,16
299677,-4.665805,36,real,-1,15
299709,-9.872988,32,synthetic,0,11
299732,-30.254073,23,synthetic,1,2
299755,-5.755277,23,real,-1,2
299787,-1.689553,32,real,-1,11
299826,-6.747845,39,real,-1,18
299855,-6.57874,29,real,-1,8
299896,-3.715832,41,real,-1,20
299925,-2.853234,29,real,-1,8
299966,-10.344158,41,real,-1,20
300001,2.920628,35,real,-1,14
300035,-28.238045,34,synthetic,2,13
300069,-0.98519,34,real,-1,13
300098,-6.287592,29,real,-1,8
300121,-0.00619,23,real,-1,2
300145,0.155595,24,real,-1,3
300183,-4.561322,38,real,-1,17
300212,-47.247847,29,synthetic,2,8
300238,1.72621,26,real,-1,5
300279,-26.118764,41,synthetic,0,20
300319,-8.077721,40,real,-1,19
300352,-2.414853,33,real,-1,12
300378,-19.692858,26,synthetic,1,5
300412,-4.437027,34,real,-1,13
300446,-2.733697,34,real,-1,13
300477,-7.648517,31,real,-1,10
300518,1.848189,41,real,-1,20
300558,-0.774288,40,real,-1,19
300588,-36.712189,30,synthetic,2,9
300621,-4.044982,33,real,-1,12
300662,-1.281071,41,real,-1,20
300693,-5.36871,31,real,-1,10
300718,-0.541687,25,real,-1,4
300746,-2.0423,28,real,-1,7
300781,-2.2934,35,real,-1,14
300817,-25.439589,36,synthetic,1,15
300840,-3.159594,23,real,-1,2
300861,-0.243679,21,real,-1,0
300886,-1.295499,25,real,-1,4
300909,-24.681991,23,synthetic,1,2
300948,-0.132364,39,real,-1,18
300988,-1.145903,40,real,-1,19
301022,-35.009297,34,synthetic,2,13
301062,-9.048753,40,real,-1,19
301089,-10.629095,27,real,-1,6
301110,-7.584337,21,real,-1,0
301133,1.376779,23,real,-1,2
301174,2.257,41,real,-1,20
301201,-3.988004,27,real,-1,6
301237,4.556799,36,real,-1,15
301269,-19.348174,32,synthetic,0,11
301291,-31.896504,22,synthetic,1,1
301315,-0.95718,24,real,-1,3
301341,-1.80673,26,real,-1,5
301363,-38.081005,22,synthetic,2,1
301386,-2.100622,23,real,-1,2
301415,2.191267,29,real,-1,8
301442,0.520999,27,real,-1,6
301482,-49.226272,40,synthetic,2,19
301523,-41.831446,41,synthetic,1,20
301548,-2.411094,25,real,-1,4
301587,-10.174372,39,synthetic,0,18
301608,-2.250296,21,real,-1,0
301632,1.553464,24,real,-1,3
301662,0.892062,30,real,-1,9
301686,3.491208,24,real,-1,3
301727,1.188434,41,real,-1,20
301764,-10.176339,37,real,-1,16
301806,-1.619806,42,real,-1,21
301843,-4.311886,37,real,-1,16
301884,-2.268945,41,real,-1,20
301926,-8.911237,42,real,-1,21
301947,-3.194233,21,real,-1,0
301977,-5.184838,30,real,-1,9
302010,-3.038275,33,real,-1,12
302041,-1.300563,31,real,-1,10
302078,0.460818,37,real,-1,16
302111,-5.468812,33,real,-1,12
302137,-31.89616,26,synthetic,2,5
302169,-8.628082,32,real,-1,11
302201,-4.543149,32,real,-1,11
302225,-0.38529,24,real,-1,3
302249,-8.127739,24,real,-1,3
302291,-17.628607,42,real,-1,21
302333,-4.352651,42,real,-1,21
302360,-8.869287,27,real,-1,6
302401,-25.175283,41,synthetic,1,20
302431,-3.883962,30,real,-1,9
302453,-5.169778,22,real,-1,1
302486,1.700991,33,real,-1,12
302524,-5.33394,38,real,-1,17
302546,-6.801336,22,real,-1,1
302583,-2.275043,37,real,-1,16
302612,-9.104009,29,real,-1,8
302645,-39.792075,33,synthetic,2,12
302672,-15.231819,27,synthetic,0,6
302702,-1.78535,30,real,-1,9
302732,5.296081,30,real,-1,9
302759,-20.539168,27,synthetic,1,6
302792,-2.302428,33,real,-1,12
302831,-0.9352,39,real,-1,18
302862,-15.083935,31,real,-1,10
302889,-29.060041,27,synthetic,2,6
302928,-0.437047,39,real,-1,18
302967,1.908944,39,real,-1,18
302991,-6.688346,24,real,-1,3
303026,-6.152169,35,real,-1,14
303063,2.055214,37,real,-1,16
303096,3.602216,33,real,-1,12
303136,3.293076,40,real,-1,19
303165,-5.449904,29,real,-1,8
303191,-6.451609,26,real,-1,5
303229,-14.59004,38,synthetic,0,17
303269,3.375717,40,real,-1,19
303293,-17.915843,24,synthetic,0,3
303324,-4.810304,31,real,-1,10
303360,4.186305,36,real,-1,15
303382,-5.657044,22,real,-1,1
303407,-10.708238,25,real,-1,4
303445,-5.937254,38,real,-1,17
303486,-31.10108,41,synthetic,1,20
303519,-9.038393,33,real,-1,12
303549,1.81861,30,real,-1,9
303591,1.122598,42,real,-1,21
303628,-15.546856,37,real,-1,16
303663,2.459948,35,real,-1,14
303699,1.26098,36,real,-1,15
303732,-4.903176,33,real,-1,12
303758,0.172702,26,real,-1,5
303793,-6.376426,35,real,-1,14
303833,-26.957966,40,synthetic,2,19
303869,-3.749055,36,real,-1,15
303908,-12.264692,39,real,-1,18
303949,0.068895,41,real,-1,20
303988,-0.330357,39,real,-1,18
304017,-3.651331,29,real,-1,8
304038,0.578764,21,real,-1,0
304074,-1.961279,36,real,-1,15
304110,-3.305249,36,real,-1,15
304139,-13.781206,29,synthetic,0,8
304165,-1.67559,26,real,-1,5
304206,0.002861,41,real,-1,20
304246,-4.100873,40,real,-1,19
304278,-5.272947,32,real,-1,11
304299,1.530455,21,real,-1,0
304324,-2.149595,25,real,-1,4
304362,-1.348202,38,real,-1,17
304387,-7.378815,25,real,-1,4
304410,-2.054127,23,real,-1,2
304442,-0.541587,32,real,-1,11
304480,-4.74055,38,real,-1,17
304504,-5.520348,24,real,-1,3
304533,-1.93817,29,real,-1,8
304556,-1.388342,23,real,-1,2
304597,-16.085953,41,real,-1,20
304632,-39.153545,35,synthetic,2,14
304663,0.073324,31,real,-1,10
304686,-1.825806,23,real,-1,2
304707,-4.665314,21,real,-1,0
304740,-12.768676,33,real,-1,12
304773,-46.424183,33,synthetic,2,12
304795,-3.708603,22,real,-1,1
304836,-41.03052,41,synthetic,1,20
304868,-1.395204,32,real,-1,11
304899,-3.134792,31,real,-1,10
304936,-25.871472,37,synthetic,2,16
304977,-36.413316,41,synthetic,2,20
305010,-8.183641,33,real,-1,12
305033,2.203259,23,real,-1,2
305054,3.612468,21,real,-1,0
305080,0.520608,26,real,-1,5
305102,1.433313,22,real,-1,1
305134,-8.291057,32,real,-1,11
305167,-4.415616,33,real,-1,12
305197,-0.276591,30,real,-1,9
305233,-13.193392,36,synthetic,1,15
305259,-2.24877,26,real,-1,5
305296,-32.321828,37,synthetic,1,16
305338,-9.104959,42,real,-1,21
305369,-21.593242,31,synthetic,0,10
305404,-0.429026,35,real,-1,14
305445,-20.291365,41,synthetic,0,20
305487,2.611678,42,real,-1,21
305508,-3.000324,21,real,-1,0
305538,0.364112,30,real,-1,9
305576,0.583544,38,real,-1,17
305602,0.086043,26,real,-1,5
305633,-6.294323,31,real,-1,10
305665,-6.77619,32,real,-1,11
305700,-3.932916,35,real,-1,14
305738,-4.739743,38,real,-1,17
305778,0.86548,40,real,-1,19
305818,-15.656409,40,real,-1,19
305849,-0.441366,31,real,-1,10
305883,0.955602,34,real,-1,13
305922,-5.644833,39,real,-1,18
305944,-8.749966,22,real,-1,1
305974,-6.460879,30,real,-1,9
306015,-0.110344,41,real,-1,20
306053,-4.45853,38,real,-1,17
306085,-1.719611,32,real,-1,11
306107,-5.824276,22,real,-1,1
306136,-17.719819,29,synthetic,1,8
306168,2.837278,32,real,-1,11
306192,-7.587466,24,real,-1,3
306226,1.307529,34,real,-1,13
306255,-13.974375,29,synthetic,0,8
306283,-2.963949,28,real,-1,7
306304,-31.992298,21,synthetic,2,0
306328,-26.247884,24,synthetic,1,3
306350,-1.152249,22,real,-1,1
306384,-6.575669,34,real,-1,13
306426,-11.601189,42,real,-1,21
306448,-4.142613,22,real,-1,1
306487,-10.532658,39,real,-1,18
306517,-2.984174,30,real,-1,9
306541,-1.188959,24,real,-1,3
306582,-29.776397,41,synthetic,2,20
306614,-7.556887,32,real,-1,11
306646,-3.017655,32,real,-1,11
306678,-2.460033,32,real,-1,11
306705,-11.464841,27,real,-1,6
306745,-0.090224,40,real,-1,19
306775,5.683862,30,real,-1,9
306811,-3.453241,36,real,-1,15
306852,-6.885621,41,real,-1,20
306877,-3.639231,25,real,-1,4
306914,-4.265153,37,real,-1,16
306951,-4.026426,37,real,-1,16
306991,-0.721376,40,real,-1,19
307015,1.76306,24,real,-1,3
307043,-0.378275,28,real,-1,7
307083,-6.579829,40,real,-1,19
307112,-14.202337,29,synthetic,0,8
307141,-0.397942,29,real,-1,8
307178,-7.963841,37,real,-1,16
307200,-5.496863,22,real,-1,1
307238,-41.382335,38,synthetic,2,17
307278,-1.643764,40,real,-1,19
307308,-1.67373,30,real,-1,9
307348,3.098206,40,real,-1,19
307377,-2.374083,29,real,-1,8
307418,-3.278067,41,real,-1,20
307459,-1.592818,41,real,-1,20
307488,-4.728813,29,real,-1,8
307527,-7.170961,39,real,-1,18
307555,-4.668688,28,real,-1,7
307593,0.130672,38,synthetic,0,17
307627,1.154857,34,real,-1,13
307667,1.651657,40,real,-1,19
307696,3.503902,29,real,-1,8
307738,-2.2761,42,real,-1,21
307763,0.820354,25,real,-1,4
307799,-1.564017,36,real,-1,15
307829,-10.200277,30,real,-1,9
307871,-28.421525,42,synthetic,1,21
307896,-4.685744,25,real,-1,4
307934,1.492912,38,real,-1,17
307976,3.108925,42,real,-1,21
308014,-0.34499,38,real,-1,17
308055,-27.188713,41,synthetic,1,20
308090,-2.609967,35,real,-1,14
308131,-7.270245,41,real,-1,20
308167,-3.594291,36,real,-1,15
308204,0.067252,37,real,-1,16
308232,2.103873,28,real,-1,7
308254,-3.561515,22,real,-1,1
308286,-0.822359,32,real,-1,11
308307,-19.665565,21,synthetic,1,0
308336,-6.576216,29,real,-1,8
308359,-17.320054,23,synthetic,1,2
308381,0.273689,22,real,-1,1
308411,-9.217036,30,real,-1,9
308436,-5.818213,25,real,-1,4
308476,0.24463,40,real,-1,19
308500,6.320001,24,real,-1,3
308531,-1.413786,31,real,-1,10
308562,-4.195976,31,real,-1,10
308593,-8.330577,31,real,-1,10
308628,-11.08373,35,synthetic,0,14
308660,-8.998855,32,real,-1,11
308689,-6.117164,29,real,-1,8
308712,-38.261392,23,synthetic,1,2
308745,-2.222404,33,real,-1,12
308771,-5.504334,26,real,-1,5
308811,-2.552086,40,real,-1,19
308851,-5.259904,40,real,-1,19
308877,-30.448593,26,synthetic,1,5
308898,-5.775714,21,real,-1,0
308935,-3.263618,37,real,-1,16
308976,1.540509,41,real,-1,20
309003,0.495935,27,real,-1,6
309026,1.97184,23,real,-1,2
309053,-11.495248,27,synthetic,0,6
309083,-6.831917,30,real,-1,9
309113,1.707056,30,real,-1,9
309145,-2.593946,32,real,-1,11
309179,-12.368165,34,synthetic,0,13
309211,-1.756642,32,real,-1,11
309236,6.299036,25,real,-1,4
309276,-9.029027,40,real,-1,19
309306,-3.43951,30,real,-1,9
309336,-32.599741,30,synthetic,2,9
309375,-1.971418,39,real,-1,18
309408,-11.175932,33,real,-1,12
309449,-2.621961,41,real,-1,20
309483,-9.201419,34,real,-1,13
309508,-13.014472,25,real,-1,4
309535,-0.97998,27,real,-1,6
309573,-5.85648,38,real,-1,17
309595,-5.598108,22,real,-1,1
309629,-7.739283,34,real,-1,13
309654,-29.336465,25,synthetic,1,4
309676,-3.263069,22,real,-1,1
309702,-23.128163,26,synthetic,1,5
309739,0.841448,37,real,-1,16
309769,-10.79524,30,real,-1,9
309793,-17.260199,24,synthetic,1,3
309818,-8.96528,25,real,-1,4
309844,-8.224527,26,real,-1,5
309872,-8.651656,28,real,-1,7
309901,-1.374516,29,real,-1,8
309926,-3.109272,25,real,-1,4
309958,1.965432,32,real,-1,11
309986,-5.048806,28,real,-1,7
310007,-0.484847,21,real,-1,0
310046,-4.692785,39,real,-1,18
310083,-3.372421,37,real,-1,16
310117,0.474865,34,real,-1,13
310142,-2.4236,25,real,-1,4
310175,-1.939784,33,real,-1,12
310217,-9.798943,42,real,-1,21
310238,-7.700278,21,real,-1,0
310260,-7.572741,22,real,-1,1
310289,-3.230893,29,real,-1,8
310315,-35.608941,26,synthetic,2,5
310338,-7.430127,23,real,-1,2
310375,-0.700787,37,real,-1,16
310399,-3.724731,24,real,-1,3
310422,-26.791447,23,synthetic,1,2
310445,-0.387299,23,real,-1,2
310473,-3.555727,28,real,-1,7
310504,-37.071843,31,synthetic,2,10
310545,-6.3863,41,real,-1,20
310579,-4.194509,34,real,-1,13
310606,-2.792787,27,real,-1,6
310639,-5.094085,33,real,-1,12
310663,-0.079152,24,real,-1,3
310696,-26.084811,33,synthetic,2,12
310718,-4.647879,22,real,-1,1
310757,-3.979472,39,real,-1,18
310792,-1.656583,35,real,-1,14
310819,-1.410551,27,real,-1,6
310855,-9.50911,36,real,-1,15
310878,-2.033797,23,real,-1,2
310910,-0.458181,32,real,-1,11
310933,-47.034061,23,synthetic,2,2
310974,-3.032637,41,real,-1,20
311012,4.426662,38,real,-1,17
311050,-20.401663,38,synthetic,1,17
311079,-16.275455,29,synthetic,0,8
311113,-0.302378,34,real,-1,13
311152,1.735471,39,real,-1,18
311179,3.094479,27,real,-1,6
311213,-15.075042,34,real,-1,13
311251,-4.576796,38,real,-1,17
311279,-4.305206,28,real,-1,7
311302,-2.8704,23,real,-1,2
311336,-3.478619,34,real,-1,13
311372,-8.676224,36,real,-1,15
311413,-30.665269,41,synthetic,2,20
311453,-21.541067,40,synthetic,1,19
311494,-12.748793,41,real,-1,20
311523,-6.153776,29,real,-1,8
311549,-21.737739,26,synthetic,1,5
311576,0.390854,27,real,-1,6
311617,-6.004319,41,real,-1,20
311650,-2.681631,33,real,-1,12
311683,-14.842572,33,synthetic,0,12
311725,-48.33402,42,synthetic,2,21
311761,-0.487931,36,real,-1,15
311784,-3.269259,23,real,-1,2
311817,-0.356685,33,real,-1,12
311838,-18.77775,21,synthetic,1,0
311880,-18.781806,42,synthetic,0,21
311922,-1.425095,42,real,-1,21
311950,1.16221,28,real,-1,7
311982,0.826001,32,real,-1,11
312019,-5.16874,37,real,-1,16
312055,-7.472946,36,real,-1,15
312082,-25.797386,27,synthetic,1,6
312118,-1.59925,36,real,-1,15
312139,-7.729757,21,real,-1,0
312163,-3.977985,24,real,-1,3
312205,0.139828,42,real,-1,21
312231,3.508111,26,real,-1,5
312257,1.510979,26,real,-1,5
312279,3.425258,22,real,-1,1
312311,-2.660843,32,real,-1,11
312350,-14.187758,39,real,-1,18
312381,-9.069228,31,real,-1,10
312408,-5.173249,27,real,-1,6
312439,-27.556586,31,synthetic,2,10
312477,-2.152792,38,real,-1,17
312508,-2.859211,31,real,-1,10
312531,-11.475007,23,synthetic,0,2
312565,-24.225273,34,synthetic,1,13
312604,-3.042211,39,real,-1,18
312627,-0.84046,23,real,-1,2
312652,-4.819778,25,real,-1,4
312677,0.530551,25,real,-1,4
312709,-31.058223,32,synthetic,2,11
312731,-7.572979,22,real,-1,1
312767,-10.452237,36,real,-1,15
312809,-8.637612,42,real,-1,21
312844,-6.855535,35,real,-1,14
312868,-8.530312,24,real,-1,3
312902,-4.161982,34,real,-1,13
312935,-3.904208,33,real,-1,12
312968,-1.941862,33,real,-1,12
313008,0.343106,40,real,-1,19
313044,-9.389829,36,real,-1,15
313066,-1.137576,22,real,-1,1
313099,-21.257894,33,synthetic,1,12
313129,0.899016,30,real,-1,9
313167,2.374336,38,real,-1,17
313188,-22.427545,21,synthetic,1,0
313224,0.910028,36,real,-1,15
313246,-1.395382,22,real,-1,1
313267,-1.001754,21,real,-1,0
313303,-26.050774,36,synthetic,1,15
313330,-10.489389,27,real,-1,6
313351,2.652495,21,real,-1,0
313392,-0.505207,41,real,-1,20
313413,2.422957,21,real,-1,0
313443,0.040748,30,real,-1,9
313475,-3.725112,32,real,-1,11
313496,-3.160945,21,real,-1,0
313530,-1.649832,34,real,-1,13
313560,-10.728099,30,synthetic,0,9
313600,-2.201345,40,real,-1,19
313631,-10.445353,31,synthetic,0,10
313652,0.217223,21,real,-1,0
313692,0.84937,40,real,-1,19
313726,-10.483674,34,real,-1,13
313754,-7.749803,28,real,-1,7
313791,0.416843,37,real,-1,16
313821,-5.524523,30,real,-1,9
313844,0.861499,23,real,-1,2
313871,-31.387633,27,synthetic,2,6
313898,-8.83888,27,real,-1,6
313926,-4.318658,28,real,-1,7
313966,-0.247738,40,real,-1,19
313988,-39.847947,22,synthetic,2,1
314029,-1.861267,41,real,-1,20
314059,0.78528,30,real,-1,9
314080,-2.187423,21,real,-1,0
314122,-7.038365,42,real,-1,21
314163,-4.36496,41,real,-1,20
314201,1.109707,38,real,-1,17
314233,7.474825,32,real,-1,11
314266,-18.115772,33,synthetic,0,12
314288,-2.404079,22,real,-1,1
314323,-1.670327,35,real,-1,14
314348,-10.666209,25,real,-1,4
314387,3.570419,39,real,-1,18
314415,-5.102259,28,real,-1,7
314439,-35.19752,24,synthetic,2,3
314464,-16.208913,25,synthetic,0,4
314499,-3.361007,35,real,-1,14
314538,-0.638094,39,real,-1,18
314576,-8.806461,38,real,-1,17
314600,-0.62742,24,real,-1,3
314640,-5.455427,40,real,-1,19
314665,-2.610092,25,real,-1,4
314688,-16.332331,23,synthetic,0,2
314721,-9.641941,33,real,-1,12
314755,-4.651638,34,real,-1,13
314791,-0.170153,36,real,-1,15
314820,0.80318,29,real,-1,8
314848,-30.274279,28,synthetic,2,7
314880,-18.833182,32,synthetic,0,11
314915,-0.879542,35,real,-1,14
314953,-1.257823,38,real,-1,17
314986,1.259224,33,real,-1,12
315019,-3.571812,33,real,-1,12
315042,-7.16432,23,real,-1,2
315078,7.633391,36,real,-1,15
315111,-1.217452,33,real,-1,12
315134,-26.628016,23,synthetic,1,2
315173,-35.226741,39,synthetic,2,18
315213,2.642246,40,real,-1,19
315236,2.632486,23,real,-1,2
315269,-32.083346,33,synthetic,2,12
315305,-1.035796,36,real,-1,15
315330,-0.896673,25,real,-1,4
315367,5.856437,37,real,-1,16
315393,-20.408765,26,synthetic,2,5
315421,-0.997607,28,real,-1,7
315460,-4.122933,39,real,-1,18
315498,-7.847718,38,real,-1,17
315537,3.029905,39,real,-1,18
315575,-10.124671,38,synthetic,0,17
315609,0.857474,34,real,-1,13
315650,-7.302698,41,real,-1,20
315683,-2.243503,33,real,-1,12
315706,-1.08297,23,real,-1,2
315746,-29.59521,40,synthetic,1,19
315767,-3.845097,21,real,-1,0
315806,1.535371,39,real,-1,18
315841,3.002304,35,real,-1,14
315877,-1.793322,36,real,-1,15
315913,-0.119904,36,real,-1,15
315940,-4.989216,27,real,-1,6
315962,-9.300131,22,real,-1,1
315999,-4.37954,37,real,-1,16
316040,-11.766983,41,real,-1,20
316065,-7.613705,25,real,-1,4
316088,1.57505,23,real,-1,2
316127,-5.104614,39,real,-1,18
316156,-7.672816,29,real,-1,8
316194,-6.197407,38,real,-1,17
316219,-5.463511,25,real,-1,4
316253,2.362792,34,real,-1,13
316286,-8.814759,33,real,-1,12
316315,-1.010009,29,real,-1,8
316351,-3.64874,36,real,-1,15
316392,-4.372622,41,real,-1,20
316414,-4.32093,22,real,-1,1
316450,-9.496582,36,real,-1,15
316474,1.18276,24,real,-1,3
316500,-3.71119,26,real,-1,5
316532,-2.341065,32,real,-1,11
316561,-1.559963,29,real,-1,8
316590,-0.202215,29,real,-1,8
316628,-4.565323,38,real,-1,17
316665,-11.249556,37,real,-1,16
316693,-10.716181,28,synthetic,0,7
316721,-12.796145,28,synthetic,0,7
316755,-1.766308,34,real,-1,13
316789,-31.042512,34,synthetic,2,13
316818,2.031632,29,real,-1,8
316846,-6.691324,28,real,-1,7
316877,-10.796784,31,real,-1,10
316908,-9.198081,31,real,-1,10
316943,-5.235134,35,real,-1,14
316973,-40.517409,30,synthetic,2,9
317013,-7.393571,40,real,-1,19
317050,-2.112922,37,real,-1,16
317076,-1.332147,26,real,-1,5
317105,1.373661,29,real,-1,8
317127,-19.565287,22,synthetic,1,1
317156,-4.168876,29,real,-1,8
317181,4.142236,25,real,-1,4
317216,0.192901,35,real,-1,14
317258,-2.605776,42,real,-1,21
317288,-16.611597,30,synthetic,1,9
317312,2.323386,24,real,-1,3
317345,1.512891,33,real,-1,12
317375,-2.877362,30,real,-1,9
317416,-1.055601,41,real,-1,20
317453,-3.950765,37,real,-1,16
317481,-32.517583,28,synthetic,2,7
317502,-0.120827,21,real,-1,0
317530,-2.270279,28,real,-1,7
317560,-2.484495,30,real,-1,9
317594,-12.740755,34,real,-1,13
317632,-20.252213,38,synthetic,0,17
317659,2.043928,27,real,-1,6
317687,-14.888133,28,synthetic,0,7
317729,-3.443088,42,real,-1,21
317756,-1.390905,27,real,-1,6
317791,-1.617623,35,real,-1,14
317831,3.356774,40,real,-1,19
317861,0.854587,30,real,-1,9
317883,-33.040574,22,synthetic,2,1
317921,2.8749,38,real,-1,17
317963,-6.485701,42,real,-1,21
317990,-2.767424,27,real,-1,6
318026,-44.912767,36,synthetic,2,15
318064,3.384878,38,real,-1,17
318091,-2.540783,27,real,-1,6
318116,-39.482032,25,synthetic,2,4
318140,-6.948708,24,synthetic,0,3
318180,-2.966389,40,real,-1,19
318207,-17.107984,27,synthetic,1,6
318245,-11.487284,38,real,-1,17
318269,5.547046,24,real,-1,3
318305,-8.47677,36,real,-1,15
318327,-26.82907,22,synthetic,1,1
318369,-39.350141,42,synthetic,1,21
318395,-1.107174,26,real,-1,5
318428,-38.599582,33,synthetic,2,12
318458,-5.568101,30,real,-1,9
318500,-8.576111,42,real,-1,21
318532,0.920252,32,real,-1,11
318559,-2.831911,27,real,-1,6
318596,-3.889151,37,real,-1,16
318628,-0.974572,32,real,-1,11
318669,-6.592397,41,real,-1,20
318708,-4.827584,39,real,-1,18
318730,-11.593657,22,synthetic,0,1
318756,-1.727887,26,real,-1,5
318783,0.11933,27,real,-1,6
318822,-1.685571,39,real,-1,18
318855,0.92792,33,real,-1,12
318880,3.280858,25,real,-1,4
318920,-8.777927,40,real,-1,19
318941,5.598834,21,real,-1,0
318962,0.748122,21,real,-1,0
318992,2.22172,30,real,-1,9
319022,-27.029483,30,synthetic,1,9
319059,-15.180365,37,synthetic,0,16
319082,-29.853939,23,synthetic,2,2
319110,-0.326745,28,real,-1,7
319150,-4.583608,40,real,-1,19
319178,-4.996726,28,real,-1,7
319219,-7.465519,41,real,-1,20
319244,-2.675936,25,real,-1,4
319285,-32.068265,41,synthetic,2,20
319313,-5.561799,28,real,-1,7
319341,-1.636641,28,real,-1,7
319376,-6.257814,35,real,-1,14
319399,-5.947302,23,real,-1,2
319425,-4.597745,26,real,-1,5
319452,2.102049,27,real,-1,6
319493,-11.672958,41,real,-1,20
319526,-9.654389,33,real,-1,12
319563,-2.117778,37,real,-1,16
319601,-0.830104,38,real,-1,17
319627,-27.238907,26,synthetic,1,5
319664,-4.908707,37,real,-1,16
319687,-25.858861,23,synthetic,1,2
319722,-1.085996,35,real,-1,14
319745,-6.250405,23,real,-1,2
319778,-5.076904,33,real,-1,12
319804,1.659979,26,real,-1,5
319828,-2.722254,24,real,-1,3
319851,-1.837052,23,real,-1,2
319872,-0.352831,21,real,-1,0
319903,-9.932744,31,real,-1,10
319928,-3.886893,25,real,-1,4
319958,-50.44264,30,synthetic,2,9
319997,-5.880277,39,real,-1,18
320030,5.343337,33,real,-1,12
320069,3.028439,39,real,-1,18
320105,-2.369481,36,real,-1,15
320131,-2.800094,26,real,-1,5
320169,1.464048,38,real,-1,17
320190,-26.031371,21,synthetic,2,0
320232,-35.80402,42,synthetic,1,21
320269,-3.194346,37,real,-1,16
320297,-0.546421,28,real,-1,7
320335,-4.451948,38,real,-1,17
320376,-1.722157,41,real,-1,20
320404,-14.987765,28,synthetic,0,7
320427,-5.039783,23,real,-1,2
320459,-3.987795,32,real,-1,11
320498,-7.32015,39,real,-1,18
320534,-4.554542,36,real,-1,15
320572,-31.150363,38,synthetic,1,17
320607,0.741573,35,real,-1,14
320644,-7.156794,37,real,-1,16
320682,-0.322165,38,real,-1,17
320723,2.571752,41,real,-1,20
320747,0.815027,24,real,-1,3
320777,0.07381,30,real,-1,9
320809,6.185498,32,real,-1,11
320837,-2.022578,28,real,-1,7
320862,-15.99517,25,synthetic,0,4
320883,-5.343907,21,real,-1,0
320912,-2.531709,29,real,-1,8
320950,-10.336295,38,synthetic,0,17
320976,-4.080255,26,real,-1,5
321008,1.247737,32,real,-1,11
321040,1.773966,32,real,-1,11
321074,-4.55764,34,real,-1,13
321095,-2.87651,21,real,-1,0
321135,-7.126151,40,real,-1,19
321156,-4.402163,21,real,-1,0
321186,-31.351746,30,synthetic,2,9
321216,0.195598,30,real,-1,9
321241,0.815836,25,real,-1,4
321283,-26.124811,42,synthetic,1,21
321317,-29.099174,34,synthetic,1,13
321342,-22.517481,25,synthetic,1,4
321369,-12.797234,27,synthetic,0,6
321396,-4.176528,27,real,-1,6
321433,-7.769859,37,real,-1,16
321472,0.803239,39,real,-1,18
321513,-14.96472,41,synthetic,1,20
321546,-6.977051,33,real,-1,12
321568,3.213372,22,real,-1,1
321601,-14.670464,33,synthetic,0,12
321643,-10.079999,42,real,-1,21
321685,-16.59185,42,synthetic,0,21
321711,-3.182893,26,real,-1,5
321733,-5.81731,22,real,-1,1
321773,1.886,40,real,-1,19
321805,-27.947713,32,synthetic,1,11
321830,-28.208001,25,synthetic,1,4
321858,-3.815662,28,real,-1,7
321890,-25.565104,32,synthetic,2,11
321927,-3.814065,37,real,-1,16
321948,-0.99545,21,real,-1,0
321986,-0.977809,38,real,-1,17
322011,-1.411276,25,real,-1,4
322034,2.785452,23,real,-1,2
322055,-1.500803,21,real,-1,0
322082,-27.372085,27,synthetic,1,6
322115,-2.168413,33,real,-1,12
322149,0.854168,34,real,-1,13
322186,-17.735482,37,synthetic,0,16
322218,-7.980443,32,real,-1,11
322253,-4.148686,35,real,-1,14
322288,1.563494,35,real,-1,14
322320,-16.471857,32,synthetic,1,11
322362,0.137822,42,real,-1,21
322394,-5.104102,32,real,-1,11
322433,-39.755376,39,synthetic,2,18
322467,-7.469818,34,real,-1,13
322499,-12.3496,32,real,-1,11
322520,-2.130089,21,real,-1,0
322553,-3.7978,33,real,-1,12
322585,-1.052308,32,real,-1,11
322627,-9.645682,42,real,-1,21
322665,0.743522,38,real,-1,17
322700,-3.020856,35,real,-1,14
322730,-4.302358,30,real,-1,9
322761,-8.517671,31,real,-1,10
322800,-3.404642,39,real,-1,18
322831,-1.395787,31,real,-1,10
322853,-4.055126,22,real,-1,1
322889,-5.262831,36,real,-1,15
322928,-22.835109,39,synthetic,1,18
322966,0.72408,38,real,-1,17
323006,-19.667299,40,synthetic,0,19
323042,-8.005136,36,real,-1,15
323071,-2.509014,29,real,-1,8
323105,-11.265129,34,real,-1,13
323133,-0.115087,28,real,-1,7
323159,-0.564073,26,real,-1,5
323184,2.426988,25,real,-1,4
323223,-5.102619,39,real,-1,18
323258,-4.754456,35,real,-1,14
323293,-37.248545,35,synthetic,2,14
323320,-35.388634,27,synthetic,2,6
323343,-4.76591,23,real,-1,2
323373,1.206773,30,real,-1,9
323398,-3.336703,25,real,-1,4
323428,2.081393,30,real,-1,9
323465,-13.450568,37,real,-1,16
323493,-16.32416,28,synthetic,0,7
323531,-4.723059,38,real,-1,17
323563,-13.827561,32,synthetic,0,11
323593,-0.729538,30,real,-1,9
323631,-2.645623,38,real,-1,17
323653,-10.35783,22,synthetic,0,1
323682,-12.620053,29,synthetic,0,8
323709,-3.989746,27,real,-1,6
323731,-3.693032,22,real,-1,1
323763,-15.002023,32,synthetic,0,11
323800,-5.748385,37,real,-1,16
323839,-2.400938,39,real,-1,18
323872,1.476477,33,real,-1,12
323899,-7.610663,27,real,-1,6
323939,-7.723163,40,real,-1,19
323967,-3.454383,28,real,-1,7
323994,-8.202663,27,synthetic,0,6
324032,-7.006746,38,real,-1,17
324068,-9.319897,36,real,-1,15
324094,1.257015,26,real,-1,5
324133,0.372957,39,real,-1,18
324161,-0.798223,28,real,-1,7
324188,-0.613642,27,real,-1,6
324215,-9.935475,27,real,-1,6
324245,-0.712396,30,real,-1,9
324272,1.474102,27,real,-1,6
324307,-31.981708,35,synthetic,2,14
324346,-12.465805,39,real,-1,18
324388,-33.531292,42,synthetic,2,21
324410,-8.180938,22,real,-1,1
324432,-0.098652,22,real,-1,1
324457,-1.652088,25,real,-1,4
324498,-1.907438,41,real,-1,20
324537,-7.381901,39,real,-1,18
324564,4.509542,27,real,-1,6
324587,2.591774,23,real,-1,2
324615,-5.362566,28,real,-1,7
324647,2.815212,32,real,-1,11
324671,-0.855552,24,real,-1,3
324710,-2.040673,39,real,-1,18
324734,-25.527969,24,synthetic,2,3
324763,-7.64396,29,real,-1,8
324797,-7.240009,34,real,-1,13
324823,-2.675876,26,real,-1,5
324857,-2.623379,34,real,-1,13
324879,2.063725,22,real,-1,1
324916,-7.887666,37,real,-1,16
324937,-3.25409,21,real,-1,0
324976,-29.541712,39,synthetic,1,18
325001,-6.045433,25,real,-1,4
325033,-2.208547,32,real,-1,11
325056,-7.3752,23,real,-1,2
325084,4.896533,28,real,-1,7
325123,-8.075972,39,real,-1,18
325149,-0.961818,26,real,-1,5
325187,-5.309451,38,real,-1,17
325225,0.374681,38,real,-1,17
325260,2.733188,35,real,-1,14
325296,-5.259032,36,real,-1,15
325335,-7.625422,39,synthetic,0,18
325373,-7.977275,38,real,-1,17
325406,-0.437186,33,real,-1,12
325427,-2.75218,21,real,-1,0
325451,-13.835188,24,synthetic,0,3
325486,-10.336998,35,real,-1,14
325516,-1.554594,30,real,-1,9
325557,-15.885926,41,synthetic,0,20
325589,-36.053126,32,synthetic,1,11
325630,-17.706278,41,synthetic,1,20
325663,-0.852565,33,real,-1,12
325692,-0.158031,29,real,-1,8
325730,0.915052,38,real,-1,17
325756,-18.554529,26,synthetic,1,5
325798,-21.917291,42,synthetic,0,21
325822,-2.448322,24,real,-1,3
325856,1.928128,34,real,-1,13
325883,-4.13095,27,real,-1,6
325911,-3.477932,28,real,-1,7
325940,3.436473,29,real,-1,8
325970,0.201389,30,real,-1,9
326009,-8.596829,39,real,-1,18
326045,-11.956822,36,synthetic,0,15
326074,-2.718738,29,real,-1,8
326098,-7.141928,24,real,-1,3
326129,-8.779562,31,real,-1,10
326161,-0.004937,32,real,-1,11
326194,-8.277775,33,real,-1,12
326233,-9.91215,39,real,-1,18
326275,-8.380351,42,real,-1,21
326307,-6.850599,32,real,-1,11
326329,2.913864,22,real,-1,1
326368,-0.632256,39,real,-1,18
326398,-3.885777,30,real,-1,9
326420,-2.388898,22,real,-1,1
326442,-4.672221,22,real,-1,1
326472,-6.119966,30,real,-1,9
326510,-1.824309,38,real,-1,17
326537,-2.929439,27,real,-1,6
326572,-3.625384,35,real,-1,14
326602,-7.561602,30,real,-1,9
326629,-1.388236,27,real,-1,6
326670,0.975934,41,real,-1,20
326692,-4.414747,22,real,-1,1
326730,-3.92265,38,synthetic,0,17
326766,-6.14597,36,real,-1,15
326789,-2.234732,23,real,-1,2
326824,-35.003596,35,synthetic,2,14
326863,-3.271369,39,real,-1,18
326893,-5.000924,30,real,-1,9
326917,-1.219531,24,real,-1,3
326938,1.233035,21,real,-1,0
326977,1.864642,39,real,-1,18
327004,-2.338715,27,real,-1,6
327041,-13.150329,37,synthetic,0,16
327071,-9.896254,30,real,-1,9
327100,-38.885484,29,synthetic,2,8
327122,-3.499894,22,real,-1,1
327151,-26.752813,29,synthetic,1,8
327173,-33.769818,22,synthetic,2,1
327196,-23.137847,23,synthetic,1,2
327234,-3.136446,38,real,-1,17
327261,0.109328,27,real,-1,6
327287,-2.444139,26,real,-1,5
327319,-5.465591,32,real,-1,11
327344,-1.976791,25,real,-1,4
327380,-1.148636,36,real,-1,15
327405,-7.094122,25,real,-1,4
327440,-0.052123,35,real,-1,14
327464,-0.470292,24,real,-1,3
327504,-7.303232,40,real,-1,19
327531,-2.979031,27,real,-1,6
327569,-7.649817,38,real,-1,17
327597,-2.296439,28,real,-1,7
327639,0.890435,42,real,-1,21
327668,-7.51929,29,real,-1,8
327703,3.667512,35,real,-1,14
327728,8.044227,25,real,-1,4
327752,-6.990174,24,real,-1,3
327777,-40.88175,25,synthetic,2,4
327817,-3.894191,40,real,-1,19
327856,-13.917318,39,synthetic,0,18
327889,-1.758567,33,real,-1,12
327917,-4.544055,28,real,-1,7
327942,-0.867073,25,real,-1,4
327978,-4.489055,36,real,-1,15
328000,-4.803541,22,real,-1,1
328032,-21.35284,32,synthetic,1,11
328073,-8.919749,41,real,-1,20
328102,-10.306512,29,real,-1,8
328143,-0.285867,41,real,-1,20
328170,-1.317198,27,real,-1,6
328207,-4.334866,37,real,-1,16
328246,-5.228357,39,real,-1,18
328285,-7.081604,39,real,-1,18
328321,-0.639971,36,real,-1,15
328354,-3.849526,33,real,-1,12
328379,-7.400188,25,real,-1,4
328409,2.285353,30,real,-1,9
328430,-5.168326,21,real,-1,0
328471,-1.489579,41,real,-1,20
328498,-3.569301,27,real,-1,6
328525,-4.34822,27,real,-1,6
328567,2.079974,42,real,-1,21
328597,-1.553292,30,real,-1,9
328623,-12.123348,26,real,-1,5
328658,2.194784,35,real,-1,14
328680,-12.803867,22,synthetic,0,1
328712,-0.693271,32,real,-1,11
328749,-43.728578,37,synthetic,2,16
328787,-4.750483,38,real,-1,17
328821,-2.038127,34,real,-1,13
328851,-3.958304,30,real,-1,9
328886,0.063605,35,real,-1,14
328909,1.543222,23,real,-1,2
328933,-6.43228,24,real,-1,3
328956,-1.122398,23,real,-1,2
328997,-4.232147,41,real,-1,20
329031,-5.878068,34,real,-1,13
329073,2.130016,42,real,-1,21
329101,-3.913677,28,real,-1,7
329132,-2.148548,31,real,-1,10
329170,-5.837255,38,real,-1,17
329208,-15.575715,38,synthetic,0,17
329245,-3.668811,37,real,-1,16
329274,-3.44159,29,real,-1,8
329296,1.950449,22,real,-1,1
329320,1.860975,24,real,-1,3
329362,-45.813114,42,synthetic,2,21
329401,-8.386488,39,real,-1,18
329435,-24.759777,34,synthetic,1,13
329467,-3.171288,32,real,-1,11
329493,-0.215879,26,real,-1,5
329523,-9.719422,30,real,-1,9
329558,-1.367061,35,real,-1,14
329597,-6.76292,39,real,-1,18
329627,-1.920631,30,real,-1,9
329650,0.605539,23,real,-1,2
329690,-12.406365,40,real,-1,19
329721,-18.948185,31,synthetic,0,10
329762,-29.803693,41,synthetic,2,20
329791,-1.686811,29,real,-1,8
329820,1.620744,29,real,-1,8
329862,-9.294225,42,real,-1,21
329891,0.836542,29,real,-1,8
329915,-7.524343,24,real,-1,3
329944,-2.018894,29,real,-1,8
329967,-2.895659,23,real,-1,2
329994,1.573293,27,real,-1,6
330031,-0.458316,37,real,-1,16
330059,-2.441123,28,real,-1,7
330095,-3.674623,36,real,-1,15
330130,-11.243105,35,synthetic,0,14
330167,-1.196387,37,real,-1,16
330191,-43.600011,24,synthetic,2,3
330219,-2.495006,28,real,-1,7
330241,-2.064371,22,real,-1,1
330280,-4.264848,39,real,-1,18
330322,-3.302714,42,real,-1,21
330357,-1.432044,35,real,-1,14
330392,-29.506386,35,synthetic,1,14
330413,-3.115696,21,real,-1,0
330438,-2.582683,25,real,-1,4
330476,0.236111,38,real,-1,17
330498,-0.553275,22,real,-1,1
330520,0.748581,22,real,-1,1
330553,-9.166389,33,synthetic,0,12
330586,2.024486,33,real,-1,12
330608,-0.263074,22,real,-1,1
330644,-3.244051,36,real,-1,15
330681,-6.937164,37,real,-1,16
330709,-4.096544,28,real,-1,7
330750,6.029718,41,real,-1,20
330785,-7.082442,35,real,-1,14
330810,0.717376,25,real,-1,4
330834,-1.925518,24,real,-1,3
330876,0.98959,42,real,-1,21
330917,0.471652,41,real,-1,20
330940,-0.18644,23,real,-1,2
330974,-2.275587,34,real,-1,13
331006,-9.413787,32,real,-1,11
331045,-2.635859,39,real,-1,18
331081,-0.082976,36,real,-1,15
331117,-0.80854,36,real,-1,15
331155,-3.21487,38,real,-1,17
331176,2.613303,21,real,-1,0
331198,3.561087,22,real,-1,1
331222,4.014456,24,real,-1,3
331243,-25.550308,21,synthetic,1,0
331277,-8.410453,34,real,-1,13
331310,3.190755,33,real,-1,12
331338,-2.180693,28,real,-1,7
331366,-7.039229,28,real,-1,7
331391,1.340547,25,real,-1,4
331424,0.422675,33,real,-1,12
331454,1.064158,30,real,-1,9
331483,3.743091,29,real,-1,8
331508,2.133805,25,real,-1,4
331535,-1.84172,27,real,-1,6
331575,0.855857,40,real,-1,19
331597,0.224241,22,real,-1,1
331633,-15.890135,36,synthetic,1,15
331669,-11.209687,36,real,-1,15
331700,1.630637,31,real,-1,10
331736,-6.580167,36,real,-1,15
331761,-26.407476,25,synthetic,1,4
331795,1.553506,34,real,-1,13
331837,-3.113596,42,real,-1,21
331870,-14.905375,33,synthetic,0,12
331897,-6.521199,27,real,-1,6
331931,2.035265,34,real,-1,13
331960,0.653312,29,real,-1,8
331986,-1.535676,26,real,-1,5
332026,-18.334395,40,synthetic,0,19
332052,3.339091,26,real,-1,5
332086,-9.678485,34,real,-1,13
332108,-1.523506,22,real,-1,1
332149,-44.363324,41,synthetic,2,20
332186,-4.641515,37,real,-1,16
332228,-7.385278,42,real,-1,21
332256,-2.467623,28,real,-1,7
332282,2.154446,26,real,-1,5
332319,-28.818547,37,synthetic,2,16
332345,-10.354508,26,synthetic,0,5
332367,-23.817938,22,synthetic,1,1
332401,0.132072,34,real,-1,13
332428,0.28875,27,real,-1,6
332457,-32.733684,29,synthetic,2,8
332485,-1.464438,28,real,-1,7
332507,-5.04825,22,real,-1,1
332539,3.659313,32,real,-1,11
332575,-11.142774,36,synthetic,0,15
332603,1.396782,28,real,-1,7
332633,1.293452,30,real,-1,9
332675,-4.744843,42,real,-1,21
332696,-7.900954,21,real,-1,0
332717,1.159748,21,real,-1,0
332749,-3.20107,32,real,-1,11
332786,-11.493364,37,real,-1,16
332823,-9.898002,37,real,-1,16
332856,-25.255814,33,synthetic,2,12
332891,-0.223885,35,real,-1,14
332921,-36.472238,30,synthetic,2,9
332947,-5.888771,26,real,-1,5
332986,-3.230476,39,real,-1,18
333014,-1.796067,28,real,-1,7
333056,-36.477559,42,synthetic,1,21
333088,-7.472504,32,real,-1,11
333122,-3.179746,34,real,-1,13
333148,3.636971,26,real,-1,5
333186,-0.56903,38,real,-1,17
333224,-7.073301,38,real,-1,17
333265,-11.364989,41,real,-1,20
333297,-0.027385,32,real,-1,11
333319,-5.490547,22,real,-1,1
333349,-2.091179,30,real,-1,9
333378,-34.032151,29,synthetic,2,8
333412,1.42192,34,real,-1,13
333440,-1.000661,28,real,-1,7
333479,-4.48919,39,real,-1,18
333500,-36.419931,21,synthetic,2,0
333521,0.170145,21,real,-1,0
333556,-6.623479,35,real,-1,14
333596,1.43806,40,real,-1,19
333635,2.91109,39,real,-1,18
333665,-14.98235,30,synthetic,0,9
333693,-1.555767,28,real,-1,7
333729,-0.879174,36,real,-1,15
333758,-5.785311,29,real,-1,8
333785,-11.251816,27,synthetic,0,6
333814,-1.902637,29,real,-1,8
333838,-39.011462,24,synthetic,2,3
333880,-6.006654,42,real,-1,21
333911,-8.936755,31,real,-1,10
333936,-18.050879,25,synthetic,0,4
333978,2.355113,42,real,-1,21
334011,-3.136956,33,real,-1,12
334051,-9.478595,40,real,-1,19
334076,0.013422,25,real,-1,4
334114,-3.988082,38,real,-1,17
334155,-3.953057,41,real,-1,20
334178,-0.231511,23,real,-1,2
334204,-0.064008,26,real,-1,5
334235,-37.951549,31,synthetic,2,10
334265,-4.918175,30,real,-1,9
334302,0.179511,37,real,-1,16
334324,-5.022341,22,real,-1,1
334360,-4.734319,36,real,-1,15
334400,-1.545928,40,real,-1,19
334426,-35.8768,26,synthetic,1,5
334450,-1.377704,24,real,-1,3
334474,1.763461,24,real,-1,3
334503,-6.988489,29,real,-1,8
334526,-0.712483,23,real,-1,2
334548,-21.276752,22,synthetic,1,1
334573,1.108359,25,real,-1,4
334607,-54.80608,34,synthetic,2,13
334632,-8.061487,25,synthetic,0,4
334653,1.427592,21,real,-1,0
334675,2.141353,22,real,-1,1
334707,1.029304,32,real,-1,11
334735,-3.466108,28,real,-1,7
334773,-4.699843,38,real,-1,17
334806,2.752418,33,real,-1,12
334830,-27.397052,24,synthetic,1,3
334871,-5.682701,41,real,-1,20
334905,-5.243867,34,real,-1,13
334933,-40.099099,28,synthetic,2,7
334971,-8.170573,38,real,-1,17
334998,-0.824742,27,real,-1,6
335039,-0.526373,41,real,-1,20
335075,-2.079089,36,real,-1,15
335114,-23.754056,39,synthetic,1,18
335139,-10.814745,25,real,-1,4
335175,-17.573148,36,real,-1,15
335199,-1.70926,24,real,-1,3
335232,-2.000624,33,real,-1,12
335263,-15.568514,31,synthetic,1,10
335304,-6.093633,41,real,-1,20
335337,-6.929079,33,real,-1,12
335359,0.375341,22,real,-1,1
335383,-7.821992,24,real,-1,3
335418,-1.249458,35,real,-1,14
335458,-1.669781,40,real,-1,19
335493,-2.876672,35,real,-1,14
335515,-12.802896,22,synthetic,0,1
335553,-5.980045,38,real,-1,17
335583,-5.343741,30,real,-1,9
335606,-27.774586,23,synthetic,1,2
335638,-3.769175,32,real,-1,11
335680,-39.374736,42,synthetic,2,21
335720,0.03361,40,real,-1,19
335741,3.043823,21,real,-1,0
335781,0.94555,40,real,-1,19
335810,-2.595074,29,real,-1,8
335851,-13.6196,41,real,-1,20
335891,5.767952,40,real,-1,19
335924,-3.812817,33,real,-1,12
335959,-3.539452,35,real,-1,14
335987,-11.821392,28,real,-1,7
336029,-7.416233,42,real,-1,21
336053,1.813771,24,real,-1,3
336075,-10.834699,22,synthetic,0,1
336111,-5.080381,36,real,-1,15
336143,-12.768995,32,synthetic,0,11
336167,2.818432,24,real,-1,3
336198,5.295386,31,real,-1,10
336221,-0.864848,23,real,-1,2
336254,-31.139044,33,synthetic,2,12
336295,0.512774,41,real,-1,20
336317,3.329355,22,real,-1,1
336350,-7.932428,33,real,-1,12
336388,-1.845765,38,real,-1,17
336423,-4.896973,35,real,-1,14
336453,2.693142,30,real,-1,9
336479,-2.964682,26,real,-1,5
336502,-5.36499,23,real,-1,2
336525,0.77111,23,real,-1,2
336556,-14.351269,31,synthetic,0,10
336589,-2.842433,33,real,-1,12
336627,-6.858586,38,real,-1,17
336658,-2.842093,31,real,-1,10
336696,5.520793,38,real,-1,17
336719,-7.672802,23,real,-1,2
336746,2.852605,27,real,-1,6
336779,-36.62161,33,synthetic,2,12
336814,-2.909244,35,real,-1,14
336849,-10.332952,35,synthetic,0,14
336887,1.168581,38,real,-1,17
336917,-2.17331,30,real,-1,9
336940,-6.447346,23,real,-1,2
336981,0.917087,41,real,-1,20
337014,-12.254561,33,real,-1,12
337044,-7.493254,30,real,-1,9
337066,3.371331,22,real,-1,1
337094,-4.727794,28,real,-1,7
337120,-5.059621,26,real,-1,5
337144,3.331913,24,real,-1,3
337184,-8.156,40,real,-1,19
337205,4.793231,21,real,-1,0
337232,0.070558,27,real,-1,6
337269,-3.269369,37,real,-1,16
337298,-3.503138,29,real,-1,8
337320,-3.095095,22,real,-1,1
337347,-3.837066,27,real,-1,6
337373,1.653118,26,real,-1,5
337401,-8.649317,28,real,-1,7
337425,-21.117215,24,synthetic,1,3
337451,-2.191901,26,real,-1,5
337475,-5.868755,24,real,-1,3
337501,-5.687127,26,real,-1,5
337530,-0.568596,29,real,-1,8
337572,-8.858112,42,real,-1,21
337599,-6.452505,27,real,-1,6
337623,6.475238,24,real,-1,3
337659,4.354655,36,real,-1,15
337700,-14.998801,41,synthetic,0,20
337721,-7.996411,21,real,-1,0
337743,2.758213,22,real,-1,1
337780,-29.50493,37,synthetic,1,16
337804,-8.75224,24,real,-1,3
337841,-7.210286,37,real,-1,16
337863,0.530277,22,real,-1,1
337895,-5.20445,32,real,-1,11
337934,-0.782448,39,real,-1,18
337961,-10.377328,27,real,-1,6
337985,-9.53143,24,real,-1,3
338007,-10.677962,22,real,-1,1
338041,-29.954213,34,synthetic,1,13
338072,-17.085052,31,real,-1,10
338105,-3.480626,33,real,-1,12
338140,-0.41527,35,real,-1,14
338161,-1.081951,21,real,-1,0
338199,-5.333729,38,real,-1,17
338230,-3.623168,31,real,-1,10
338252,-0.827326,22,real,-1,1
338287,-5.749147,35,real,-1,14
338324,-1.585489,37,real,-1,16
338349,-16.461436,25,synthetic,0,4
338378,-13.096984,29,synthetic,0,8
338411,-3.090135,33,real,-1,12
338443,2.949359,32,real,-1,11
338476,-34.02815,33,synthetic,1,12
338508,-8.432728,32,real,-1,11
338536,-30.676577,28,synthetic,2,7
338570,-5.274329,34,real,-1,13
338605,-3.8966,35,real,-1,14
338630,-1.04967,25,real,-1,4
338664,-6.786743,34,real,-1,13
338685,-5.66625,21,real,-1,0
338711,1.809783,26,real,-1,5
338747,6.351074,36,real,-1,15
338771,-12.062918,24,real,-1,3
338793,-18.614514,22,synthetic,0,1
338818,-7.289643,25,real,-1,4
338857,-7.954259,39,real,-1,18
338883,-10.188098,26,real,-1,5
338915,-5.086353,32,real,-1,11
338954,2.02207,39,real,-1,18
338979,-26.960811,25,synthetic,1,4
339000,3.727329,21,real,-1,0
339030,-8.254609,30,real,-1,9
339066,-4.242859,36,real,-1,15
339093,-24.191312,27,synthetic,1,6
339120,-1.61367,27,real,-1,6
339159,0.866017,39,real,-1,18
339190,-3.52831,31,real,-1,10
339231,-17.826353,41,synthetic,0,20
339263,-1.635073,32,real,-1,11
339290,-1.282549,27,real,-1,6
339324,-13.460351,34,real,-1,13
339349,2.313487,25,real,-1,4
339387,0.435811,38,real,-1,17
339427,-12.956866,40,real,-1,19
339449,-29.09561,22,synthetic,1,1
339480,-0.249721,31,real,-1,10
339518,-0.435809,38,real,-1,17
339557,-4.320943,39,real,-1,18
339581,-25.78089,24,synthetic,1,3
339623,-2.978887,42,real,-1,21
339657,-8.550184,34,real,-1,13
339689,-1.368399,32,real,-1,11
339726,-5.914206,37,real,-1,16
339758,-41.341985,32,synthetic,2,11
339792,-0.865096,34,real,-1,13
339813,-3.109963,21,real,-1,0
339849,-26.264078,36,synthetic,1,15
339891,-14.859788,42,real,-1,21
339928,6.661387,37,real,-1,16
339952,-3.52908,24,real,-1,3
339973,2.620167,21,real,-1,0
340008,5.551855,35,real,-1,14
340031,-16.591538,23,synthetic,1,2
340060,-6.817306,29,synthetic,0,8
340087,-3.405486,27,real,-1,6
340117,-5.71038,30,synthetic,0,9
340140,-0.033818,23,real,-1,2
340180,-31.537017,40,synthetic,1,19
340201,-2.429963,21,real,-1,0
340243,-12.46736,42,synthetic,0,21
340272,-0.890838,29,real,-1,8
340301,-8.435176,29,real,-1,8
340335,-4.074026,34,real,-1,13
340369,-3.361295,34,real,-1,13
340408,-6.437588,39,real,-1,18
340450,-6.879721,42,real,-1,21
340472,-5.840546,22,real,-1,1
340495,-2.40475,23,real,-1,2
340526,-3.01034,31,real,-1,10
340555,2.399596,29,real,-1,8
340577,-43.271049,22,synthetic,2,1
340615,-7.392195,38,real,-1,17
340639,3.444508,24,real,-1,3
340681,6.250721,42,real,-1,21
340712,-5.668218,31,real,-1,10
340736,-0.245384,24,real,-1,3
340761,-1.331882,25,real,-1,4
340791,-5.943213,30,real,-1,9
340833,-12.459442,42,real,-1,21
340855,-0.731514,22,real,-1,1
340890,-23.57667,35,synthetic,1,14
340924,-11.267131,34,real,-1,13
340957,4.616673,33,real,-1,12
340979,-3.09512,22,real,-1,1
341004,-3.772817,25,real,-1,4
341027,-8.246374,23,real,-1,2
341069,-5.975427,42,real,-1,21
341094,-1.97896,25,real,-1,4
341124,0.857783,30,real,-1,9
341165,-6.893375,41,real,-1,20
341188,-33.723379,23,synthetic,2,2
341215,-3.076924,27,real,-1,6
341248,-14.901949,33,synthetic,0,12
341276,-0.815056,28,real,-1,7
341314,-16.885652,38,synthetic,1,17
341335,-2.959792,21,real,-1,0
341373,7.179378,38,real,-1,17
341411,-27.526875,38,synthetic,1,17
341452,-7.280077,41,real,-1,20
341474,1.837456,22,real,-1,1
341504,-0.475992,30,real,-1,9
341537,-18.470178,33,synthetic,1,12
341559,-8.36597,22,real,-1,1
341581,-9.783891,22,real,-1,1
341614,-16.059893,33,synthetic,0,12
341654,-6.96345,40,real,-1,19
341695,3.850715,41,real,-1,20
341717,-18.248706,22,synthetic,0,1
341739,3.147661,22,real,-1,1
341761,0.051688,22,real,-1,1
341782,-1.438918,21,real,-1,0
341804,0.006326,22,real,-1,1
341825,-8.04211,21,real,-1,0
341866,-1.018767,41,real,-1,20
341897,-2.754618,31,real,-1,10
341925,-15.898815,28,synthetic,1,7
341966,-22.933597,41,synthetic,1,20
341997,-0.015849,31,real,-1,10
342019,0.424688,22,real,-1,1
342057,-5.706763,38,real,-1,17
342092,2.644665,35,real,-1,14
342126,-8.499623,34,real,-1,13
342150,-21.029674,24,synthetic,1,3
342185,0.352874,35,real,-1,14
342219,-0.639553,34,real,-1,13
342244,-2.674346,25,real,-1,4
342270,-3.102399,26,real,-1,5
342299,5.962233,29,real,-1,8
342325,-6.346189,26,real,-1,5
342353,-11.722981,28,real,-1,7
342386,1.459368,33,real,-1,12
342422,-7.009152,36,real,-1,15
342446,-4.763791,24,real,-1,3
342482,-18.015503,36,synthetic,0,15
342518,-1.62119,36,real,-1,15
342548,-5.15522,30,real,-1,9
342577,4.417262,29,real,-1,8
342605,-0.284427,28,real,-1,7
342626,-8.704597,21,real,-1,0
342654,2.202925,28,real,-1,7
342686,-39.752282,32,synthetic,1,11
342713,-10.550246,27,real,-1,6
342748,-3.337009,35,real,-1,14
342785,-24.936596,37,synthetic,2,16
342825,-40.019333,40,synthetic,2,19
342853,0.517124,28,real,-1,7
342883,-17.633788,30,synthetic,0,9
342913,1.182131,30,real,-1,9
342943,-3.070915,30,real,-1,9
342973,-5.513801,30,real,-1,9
342997,-1.478915,24,real,-1,3
343034,-5.404457,37,real,-1,16
343058,-0.067942,24,real,-1,3
343090,1.518338,32,real,-1,11
343116,-6.812198,26,real,-1,5
343142,-4.039557,26,real,-1,5
343168,-22.886583,26,synthetic,1,5
343195,-1.183704,27,real,-1,6
343233,-2.589851,38,real,-1,17
343269,2.646335,36,real,-1,15
343306,-15.657364,37,real,-1,16
343339,4.565067,33,real,-1,12
343374,6.607857,35,real,-1,14
343408,4.113257,34,real,-1,13
343441,-0.42531,33,real,-1,12
343464,-1.323272,23,real,-1,2
343488,0.190056,24,real,-1,3
343514,-0.023112,26,real,-1,5
343549,-7.634466,35,real,-1,14
343578,-11.407867,29,real,-1,8
343604,-5.074568,26,real,-1,5
343642,-1.252774,38,real,-1,17
343664,-17.138238,22,synthetic,0,1
343703,-9.933618,39,real,-1,18
343730,3.035215,27,real,-1,6
343756,-0.75634,26,real,-1,5
343792,-12.177894,36,real,-1,15
343833,-1.078233,41,real,-1,20
343854,-15.000238,21,synthetic,0,0
343881,-2.291235,27,real,-1,6
343907,-5.650451,26,real,-1,5
343942,-33.546965,35,synthetic,1,14
343969,-45.998133,27,synthetic,2,6
344002,-45.265659,33,synthetic,2,12
344032,0.74995,30,real,-1,9
344057,-2.303629,25,real,-1,4
344088,-31.287868,31,synthetic,1,10
344115,-0.655203,27,real,-1,6
344147,-13.866752,32,real,-1,11
344186,-17.231647,39,synthetic,0,18
344224,-2.101337,38,real,-1,17
344258,-1.774844,34,real,-1,13
344294,-5.615928,36,real,-1,15
344326,-37.033097,32,synthetic,2,11
344367,-11.057589,41,real,-1,20
344394,0.015504,27,real,-1,6
344436,0.7051,42,real,-1,21
344477,-27.324653,41,synthetic,1,20
344498,2.829974,21,real,-1,0
344519,-10.294492,21,real,-1,0
344552,-13.03736,33,real,-1,12
344594,-4.92766,42,real,-1,21
344626,-10.990301,32,real,-1,11
344653,-4.260141,27,real,-1,6
344692,-1.168377,39,real,-1,18
344733,-3.183596,41,real,-1,20
344762,-4.069569,29,real,-1,8
344795,-3.113612,33,real,-1,12
344830,-6.416237,35,real,-1,14
344856,1.156164,26,real,-1,5
344883,-26.480513,27,synthetic,1,6
344916,-2.658928,33,real,-1,12
344953,-36.750185,37,synthetic,2,16
344994,-7.336577,41,real,-1,20
345022,-3.448773,28,real,-1,7
345050,-39.345671,28,synthetic,2,7
345079,-1.139027,29,real,-1,8
345119,-0.551544,40,real,-1,19
345154,-7.826146,35,real,-1,14
345196,-14.861359,42,synthetic,0,21
345223,-27.132756,27,synthetic,2,6
345250,-10.468078,27,synthetic,0,6
345290,3.48573,40,real,-1,19
345326,-1.819375,36,real,-1,15
345364,-4.068648,38,real,-1,17
345394,-3.487035,30,real,-1,9
345436,-3.783998,42,real,-1,21
345472,-2.942439,36,real,-1,15
345499,-29.87182,27,synthetic,1,6
345522,-2.093194,23,real,-1,2
345558,0.051711,36,real,-1,15
345591,-5.49483,33,real,-1,12
345621,-6.063324,30,real,-1,9
345651,-3.751461,30,real,-1,9
345679,1.553804,28,real,-1,7
345702,-9.447785,23,real,-1,2
345723,4.485193,21,real,-1,0
345750,-2.011527,27,real,-1,6
345777,-14.600856,27,synthetic,0,6
345817,5.008957,40,real,-1,19
345844,-23.070279,27,synthetic,0,6
345877,-5.900585,33,real,-1,12
345912,-3.085499,35,real,-1,14
345942,-37.510739,30,synthetic,2,9
345982,-0.685645,40,real,-1,19
346017,-17.867439,35,real,-1,14
346059,-2.796461,42,real,-1,21
346096,1.767804,37,real,-1,16
346136,-7.635194,40,real,-1,19
346171,-2.605514,35,real,-1,14
346207,-13.852807,36,synthetic,0,15
346248,-6.859149,41,real,-1,20
346270,-0.501026,22,real,-1,1
346294,0.941166,24,real,-1,3
346317,-2.109796,23,real,-1,2
346356,-5.580492,39,real,-1,18
346393,-4.965459,37,real,-1,16
346419,-0.268848,26,real,-1,5
346449,-18.448756,30,synthetic,0,9
346478,-39.802791,29,synthetic,2,8
346505,-8.165376,27,real,-1,6
346534,1.299305,29,real,-1,8
346562,2.412544,28,real,-1,7
346589,0.961792,27,real,-1,6
346629,4.450998,40,real,-1,19
346662,3.558022,33,real,-1,12
346697,-33.84622,35,synthetic,2,14
346724,-3.661739,27,real,-1,6
346756,-1.557887,32,real,-1,11
346794,7.795456,38,real,-1,17
346826,-2.527518,32,real,-1,11
346852,-7.148618,26,real,-1,5
346881,-1.477671,29,real,-1,8
346917,3.634438,36,real,-1,15
346953,3.305919,36,real,-1,15
346992,-9.994327,39,real,-1,18
347029,-8.898978,37,real,-1,16
347067,-20.875162,38,synthetic,0,17
347105,-3.011054,38,real,-1,17
347126,0.56816,21,real,-1,0
347164,1.839889,38,real,-1,17
347206,-0.640012,42,real,-1,21
347234,-4.374585,28,real,-1,7
347255,-5.516269,21,real,-1,0
347297,-29.535988,42,synthetic,2,21
347323,4.698786,26,real,-1,5
347364,-2.879314,41,real,-1,20
347394,-1.071286,30,real,-1,9
347436,-16.423061,42,synthetic,0,21
347467,-9.877473,31,real,-1,10
347502,-1.020313,35,real,-1,14
347537,-15.331637,35,synthetic,0,14
347568,0.580481,31,real,-1,10
347595,-10.019383,27,synthetic,0,6
347633,-9.762219,38,real,-1,17
347658,-1.198439,25,real,-1,4
347700,-11.002839,42,real,-1,21
347725,0.938922,25,real,-1,4
347760,-1.382288,35,real,-1,14
347790,-13.454602,30,real,-1,9
347827,-4.39873,37,real,-1,16
347851,-7.393854,24,real,-1,3
347891,-26.686891,40,synthetic,1,19
347921,-5.602716,30,real,-1,9
347951,-13.725343,30,real,-1,9
347986,-19.735706,35,synthetic,0,14
348007,-6.972438,21,real,-1,0
348036,2.671392,29,real,-1,8
348072,-0.558856,36,real,-1,15
348099,-4.241915,27,real,-1,6
348134,1.3681,35,real,-1,14
348174,0.789525,40,real,-1,19
348199,5.682768,25,real,-1,4
348236,-9.055375,37,real,-1,16
348257,-3.249497,21,real,-1,0
348297,4.717528,40,real,-1,19
348339,-2.481903,42,real,-1,21
348378,-2.869764,39,real,-1,18
348408,2.525331,30,real,-1,9
348449,-4.420743,41,real,-1,20
348483,-25.237954,34,synthetic,1,13
348520,-3.008304,37,real,-1,16
348543,1.001871,23,real,-1,2
348573,-4.311754,30,real,-1,9
348615,-48.783987,42,synthetic,2,21
348640,-19.572518,25,synthetic,1,4
348681,-2.844461,41,real,-1,20
348714,-34.310814,33,synthetic,2,12
348735,-3.379397,21,real,-1,0
348760,-0.955086,25,real,-1,4
348788,-5.971888,28,real,-1,7
348813,-1.110607,25,real,-1,4
348842,-26.417717,29,synthetic,1,8
348864,-9.941637,22,real,-1,1
348903,-2.990439,39,real,-1,18
348940,-6.089246,37,real,-1,16
348967,0.339255,27,real,-1,6
348994,-30.137249,27,synthetic,1,6
349033,-6.834261,39,real,-1,18
349064,1.960537,31,real,-1,10
349099,2.860293,35,real,-1,14
349121,-2.518205,22,real,-1,1
349162,-5.091307,41,real,-1,20
349201,-3.909714,39,real,-1,18
349243,-30.934996,42,synthetic,1,21
349275,1.746397,32,real,-1,11
349313,-3.566526,38,real,-1,17
349343,-31.327668,30,synthetic,2,9
349377,-3.606056,34,real,-1,13
349410,-4.847337,33,real,-1,12
349445,-8.532005,35,real,-1,14
349481,-4.972184,36,real,-1,15
349509,-1.007967,28,real,-1,7
349536,-7.192147,27,real,-1,6
349559,-13.790009,23,synthetic,0,2
349601,-6.738693,42,real,-1,21
349640,-0.422276,39,real,-1,18
349668,-5.801667,28,real,-1,7
349697,-7.273415,29,real,-1,8
349730,0.812259,33,real,-1,12
349769,-0.025993,39,real,-1,18
349808,-8.592396,39,synthetic,0,18
349847,-5.193942,39,real,-1,18
349886,-2.492166,39,real,-1,18
349913,-46.954935,27,synthetic,2,6
349947,-32.531932,34,synthetic,1,13
349976,-11.008705,29,synthetic,0,8
350016,-5.527022,40,real,-1,19
350049,-3.541649,33,real,-1,12
350083,-3.979826,34,real,-1,13
350108,-10.820174,25,real,-1,4
350149,1.272381,41,real,-1,20
350173,-2.385431,24,real,-1,3
350205,-5.983055,32,real,-1,11
350238,-4.355411,33,real,-1,12
350264,-38.882162,26,synthetic,2,5
350301,-10.548243,37,real,-1,16
350343,-0.668897,42,real,-1,21
350371,8.952638,28,real,-1,7
350396,-43.934284,25,synthetic,2,4
350428,-11.097552,32,synthetic,0,11
350453,-6.828302,25,real,-1,4
350476,-29.785647,23,synthetic,1,2
350502,-9.42792,26,real,-1,5
350530,-2.242947,28,real,-1,7
350572,-16.249005,42,synthetic,0,21
350599,-6.258615,27,real,-1,6
350637,9.563407,38,real,-1,17
350663,0.605037,26,real,-1,5
350699,-4.991028,36,real,-1,15
350733,-6.948381,34,real,-1,13
350757,-4.394137,24,real,-1,3
350783,-0.905164,26,real,-1,5
350809,-6.729139,26,real,-1,5
350832,-6.111644,23,real,-1,2
350857,-0.36474,25,real,-1,4
350882,-37.403893,25,synthetic,1,4
350903,-5.545419,21,real,-1,0
350943,-2.693976,40,real,-1,19
350971,-42.182608,28,synthetic,2,7
350997,-5.280255,26,real,-1,5
351028,-41.520278,31,synthetic,2,10
351053,-37.303498,25,synthetic,2,4
351092,-8.074113,39,real,-1,18
351124,-0.556326,32,real,-1,11
351147,-7.134475,23,real,-1,2
351181,-9.03868,34,real,-1,13
351212,-0.519482,31,real,-1,10
351239,-3.341564,27,real,-1,6
351264,3.917135,25,real,-1,4
351286,-17.779844,22,synthetic,1,1
351310,4.593627,24,real,-1,3
351340,-2.74657,30,real,-1,9
351362,-15.458532,22,synthetic,0,1
351392,2.041246,30,real,-1,9
351430,-11.840922,38,real,-1,17
351451,2.476442,21,real,-1,0
351492,-1.832386,41,real,-1,20
351528,-16.350994,36,synthetic,1,15
351563,0.381694,35,real,-1,14
351605,-7.64511,42,real,-1,21
351637,-5.783306,32,real,-1,11
351658,-43.395894,21,synthetic,2,0
351683,-6.056514,25,real,-1,4
351705,-5.223977,22,real,-1,1
351732,-48.50892,27,synthetic,2,6
351765,4.090537,33,real,-1,12
351796,-5.970676,31,real,-1,10
351834,-27.004179,38,synthetic,1,17
351870,-31.32394,36,synthetic,2,15
351907,0.560729,37,real,-1,16
351928,-23.426388,21,synthetic,1,0
351954,-7.678644,26,real,-1,5
351977,-5.353169,23,real,-1,2
352012,-30.599995,35,synthetic,2,14
352046,-0.573549,34,real,-1,13
352081,1.608268,35,real,-1,14
352110,-0.378113,29,real,-1,8
352150,-2.621115,40,real,-1,19
352176,1.888616,26,real,-1,5
352210,0.997587,34,real,-1,13
352236,2.748074,26,real,-1,5
352270,-1.772607,34,real,-1,13
352296,-3.262248,26,real,-1,5
352319,-2.7388,23,real,-1,2
352340,0.326093,21,real,-1,0
352370,-5.842417,30,real,-1,9
352403,-7.663691,33,real,-1,12
352438,-2.257449,35,real,-1,14
352465,-1.327639,27,real,-1,6
352495,1.232293,30,real,-1,9
352526,-5.807486,31,real,-1,10
352556,-3.664989,30,real,-1,9
352589,-6.780322,33,real,-1,12
352612,-2.151381,23,real,-1,2
352654,-9.121935,42,real,-1,21
352687,-4.615445,33,real,-1,12
352719,6.908982,32,real,-1,11
352746,-39.177938,27,synthetic,2,6
352783,-6.111127,37,real,-1,16
352811,-2.42706,28,real,-1,7
352835,-43.737428,24,synthetic,2,3
352859,1.255398,24,real,-1,3
352893,-9.262946,34,real,-1,13
352925,2.400038,32,real,-1,11
352966,-1.010056,41,real,-1,20
352998,-24.452779,32,synthetic,1,11
353027,1.216698,29,real,-1,8
353051,-5.680567,24,real,-1,3
353093,-4.885072,42,real,-1,21
353128,-6.901447,35,real,-1,14
353149,-2.101922,21,real,-1,0
353179,-16.389893,30,synthetic,1,9
353202,-0.410238,23,real,-1,2
353229,0.825058,27,real,-1,6
353254,-23.088419,25,synthetic,1,4
353283,-3.300087,29,real,-1,8
353307,-33.599019,24,synthetic,2,3
353334,-1.407077,27,real,-1,6
353358,-2.064957,24,real,-1,3
353387,-29.29044,29,synthetic,1,8
353422,-11.127562,35,real,-1,14
353458,-7.522089,36,real,-1,15
353487,-26.975722,29,synthetic,2,8
353529,-20.220652,42,synthetic,0,21
353557,4.714567,28,real,-1,7
353592,-10.687116,35,real,-1,14
353631,-6.375411,39,real,-1,18
353673,-8.59238,42,real,-1,21
353714,-7.545273,41,real,-1,20
353737,1.255092,23,real,-1,2
353773,-29.859341,36,synthetic,1,15
353815,-7.947001,42,synthetic,0,21
353840,-4.131364,25,real,-1,4
353872,-1.225113,32,real,-1,11
353906,-2.767874,34,real,-1,13
353942,-2.119374,36,real,-1,15
353983,-5.29801,41,real,-1,20
354010,-4.743199,27,real,-1,6
354046,-1.742091,36,real,-1,15
354074,-2.668799,28,real,-1,7
354106,-4.315386,32,real,-1,11
354144,-0.920186,38,real,-1,17
354173,1.420208,29,real,-1,8
354195,-0.036361,22,real,-1,1
354221,-3.960708,26,real,-1,5
354256,-5.419987,35,real,-1,14
354284,-5.438239,28,real,-1,7
354305,0.989603,21,real,-1,0
354341,-3.967459,36,real,-1,15
354367,-46.035261,26,synthetic,2,5
354399,-48.299884,32,synthetic,2,11
354432,-9.951286,33,real,-1,12
354459,1.603151,27,real,-1,6
354494,1.518017,35,real,-1,14
354523,-3.024014,29,real,-1,8
354550,-5.186845,27,real,-1,6
354591,-26.362244,41,synthetic,1,20
354627,3.178062,36,real,-1,15
354650,1.156454,23,real,-1,2
354690,-17.602037,40,real,-1,19
354714,-9.935358,24,synthetic,0,3
354742,-0.411589,28,real,-1,7
354775,-37.733238,33,synthetic,2,12
354799,-27.571426,24,synthetic,1,3
354840,8.009666,41,real,-1,20
354867,-3.044646,27,real,-1,6
354892,-4.340182,25,real,-1,4
354913,-1.965369,21,real,-1,0
354934,-2.64656,21,real,-1,0
354970,-7.224117,36,real,-1,15
355003,-6.204704,33,real,-1,12
355024,-0.976656,21,real,-1,0
355060,-4.929422,36,real,-1,15
355092,-1.084711,32,real,-1,11
355117,-2.620817,25,real,-1,4
355147,-31.504651,30,synthetic,2,9
355184,2.477564,37,real,-1,16
355222,0.64631,38,real,-1,17
355262,5.762424,40,real,-1,19
355287,2.096852,25,real,-1,4
355315,-30.318951,28,synthetic,1,7
355349,-4.761194,34,real,-1,13
355384,-28.995342,35,synthetic,2,14
355405,-1.124032,21,real,-1,0
355440,-6.49546,35,real,-1,14
355471,-3.503156,31,real,-1,10
355498,-4.491649,27,real,-1,6
355540,-38.387721,42,synthetic,2,21
355566,0.413968,26,real,-1,5
355591,-4.207143,25,real,-1,4
355629,-2.373643,38,real,-1,17
355660,-2.14035,31,real,-1,10
355686,-1.250567,26,real,-1,5
355725,-8.230656,39,real,-1,18
355746,-0.233299,21,real,-1,0
355787,-29.454306,41,synthetic,1,20
355829,-1.770002,42,real,-1,21
355855,-30.08029,26,synthetic,2,5
355890,-39.703142,35,synthetic,2,14
355923,-0.750681,33,real,-1,12
355950,-7.420492,27,real,-1,6
355979,-2.285971,29,real,-1,8
356011,-31.613552,32,synthetic,1,11
356035,-0.002695,24,real,-1,3
356058,-3.305065,23,real,-1,2
356094,-4.964198,36,real,-1,15
356119,-0.718891,25,real,-1,4
356140,-5.982829,21,real,-1,0
356167,-5.11741,27,real,-1,6
356201,-3.354734,34,real,-1,13
356223,0.670971,22,real,-1,1
356257,-0.518019,34,real,-1,13
356290,-23.826222,33,synthetic,1,12
356325,-0.784155,35,real,-1,14
356356,5.091802,31,real,-1,10
356382,9.184729,26,real,-1,5
356418,-5.454664,36,real,-1,15
356455,7.651897,37,real,-1,16
356476,0.183748,21,real,-1,0
356503,3.403079,27,real,-1,6
356540,-34.155221,37,synthetic,2,16
356574,-3.678978,34,real,-1,13
356601,1.577503,27,real,-1,6
356622,6.945604,21,real,-1,0
356646,-13.03894,24,real,-1,3
356688,-7.339093,42,real,-1,21
356730,-4.627407,42,real,-1,21
356751,-8.25894,21,real,-1,0
356784,0.732797,33,real,-1,12
356809,-28.370936,25,synthetic,2,4
356837,-4.99229,28,real,-1,7
356873,-7.233592,36,real,-1,15
356907,-3.800985,34,real,-1,13
356939,3.036127,32,real,-1,11
356968,-4.17379,29,real,-1,8
356999,-0.479484,31,real,-1,10
357031,3.068381,32,real,-1,11
357054,-26.726854,23,synthetic,2,2
357089,-9.35753,35,real,-1,14
357117,-1.535451,28,real,-1,7
357138,-4.348792,21,real,-1,0
357163,-9.122438,25,synthetic,0,4
357191,-5.568099,28,real,-1,7
357225,-16.151559,34,synthetic,0,13
357250,0.849476,25,real,-1,4
357274,1.241571,24,real,-1,3
357311,-4.792386,37,real,-1,16
357341,-31.779712,30,synthetic,1,9
357376,-45.159729,35,synthetic,2,14
357398,1.655688,22,real,-1,1
357424,-2.510612,26,real,-1,5
357462,-42.038159,38,synthetic,2,17
357496,0.65631,34,real,-1,13
357529,-12.454696,33,real,-1,12
357564,-32.802165,35,synthetic,2,14
357605,-8.025837,41,real,-1,20
357638,-12.059576,33,real,-1,12
357679,-4.721796,41,synthetic,0,20
357704,4.203989,25,real,-1,4
357727,-7.477518,23,real,-1,2
357765,-4.455388,38,real,-1,17
357798,-2.728631,33,real,-1,12
357834,-12.063845,36,real,-1,15
357871,-1.123455,37,real,-1,16
357900,-32.608496,29,synthetic,2,8
357928,-0.892822,28,real,-1,7
357964,-6.806927,36,real,-1,15
357987,-5.874028,23,real,-1,2
358017,-0.830056,30,real,-1,9
358049,-0.77674,32,real,-1,11
358082,-24.283926,33,synthetic,1,12
358106,-6.802681,24,real,-1,3
358132,-1.647582,26,real,-1,5
358154,-33.089521,22,synthetic,2,1
358180,-4.667872,26,real,-1,5
358219,-1.382356,39,real,-1,18
358250,3.3602,31,real,-1,10
358273,0.70749,23,real,-1,2
358305,-27.292731,32,synthetic,2,11
358336,-38.343268,31,synthetic,2,10
358366,-4.162286,30,real,-1,9
358399,8.238745,33,real,-1,12
358426,1.144407,27,real,-1,6
358450,-1.058586,24,real,-1,3
358473,-6.610581,23,real,-1,2
358513,-6.092063,40,real,-1,19
358547,-21.941137,34,synthetic,2,13
358578,-20.944686,31,synthetic,0,10
358620,-3.694774,42,real,-1,21
358646,2.396827,26,real,-1,5
358668,4.568441,22,real,-1,1
358698,-0.453111,30,real,-1,9
358727,-7.106076,29,real,-1,8
358748,-2.507944,21,real,-1,0
358776,-3.931625,28,real,-1,7
358801,-3.023117,25,real,-1,4
358822,-5.675691,21,real,-1,0
358851,-5.641995,29,real,-1,8
358885,-16.420354,34,synthetic,1,13
358911,-5.042609,26,real,-1,5
358951,-4.896028,40,real,-1,19
358977,-24.703232,26,synthetic,1,5
359007,-5.910759,30,real,-1,9
359030,-10.881369,23,real,-1,2
359056,-1.179168,26,real,-1,5
359093,-3.362392,37,real,-1,16
359133,-28.11211,40,synthetic,1,19
359171,-0.859476,38,real,-1,17
359198,-1.632054,27,real,-1,6
359240,-29.708466,42,synthetic,0,21
359262,-4.071716,22,real,-1,1
359300,-3.40981,38,real,-1,17
359330,-9.325855,30,real,-1,9
359365,-0.812647,35,real,-1,14
359397,-6.19905,32,real,-1,11
359429,-7.530371,32,real,-1,11
359466,-4.399681,37,real,-1,16
359493,-4.894969,27,real,-1,6
359522,2.278259,29,real,-1,8
359554,-1.705856,32,real,-1,11
359593,-6.400285,39,real,-1,18
359618,-0.978163,25,real,-1,4
359643,0.826553,25,real,-1,4
359668,-1.765695,25,real,-1,4
359691,-0.241649,23,real,-1,2
359722,-0.306824,31,real,-1,10
359758,-3.059248,36,real,-1,15
359792,-2.446135,34,real,-1,13
359826,-9.839072,34,real,-1,13
359865,-29.628894,39,synthetic,1,18
359895,-1.159151,30,real,-1,9
359928,0.82517,33,real,-1,12
359962,-11.465965,34,synthetic,0,13
359989,-10.242489,27,synthetic,0,6
360030,-3.387738,41,real,-1,20
360059,-1.84271,29,real,-1,8
360086,-4.673374,27,real,-1,6
360125,-13.557275,39,real,-1,18
360166,0.869229,41,real,-1,20
360190,-2.90691,24,real,-1,3
360220,-3.194973,30,real,-1,9
360261,-1.518215,41,real,-1,20
360297,-4.044751,36,real,-1,15
360333,-2.659404,36,real,-1,15
360374,-1.371448,41,real,-1,20
360408,1.4338,34,real,-1,13
360449,-11.806648,41,synthetic,0,20
360474,-0.438315,25,real,-1,4
360510,-2.065294,36,real,-1,15
360543,9.541093,33,real,-1,12
360578,-2.042861,35,real,-1,14
360619,-0.570395,41,real,-1,20
360648,-0.228474,29,real,-1,8
360677,-8.021829,29,real,-1,8
360708,-3.008362,31,real,-1,10
360746,-0.612271,38,real,-1,17
360778,2.068954,32,real,-1,11
360817,-6.711662,39,real,-1,18
360852,3.614011,35,real,-1,14
360882,-2.047738,30,real,-1,9
360917,-15.678041,35,real,-1,14
360953,-3.956206,36,real,-1,15
360993,-3.51383,40,real,-1,19
361032,-5.139808,39,real,-1,18
361070,-1.078267,38,real,-1,17
361104,0.991149,34,real,-1,13
361140,-7.812583,36,real,-1,15
361173,-4.077783,33,real,-1,12
361202,-29.281487,29,synthetic,2,8
361224,-0.70252,22,real,-1,1
361251,-2.051775,27,real,-1,6
361292,-20.104919,41,synthetic,1,20
361320,-3.082985,28,real,-1,7
361350,-5.453359,30,real,-1,9
361390,-8.052397,40,real,-1,19
361417,-0.705459,27,real,-1,6
361452,-4.95861,35,real,-1,14
361477,-14.185258,25,real,-1,4
361501,-34.7778,24,synthetic,2,3
361538,1.377289,37,real,-1,16
361561,-4.129604,23,real,-1,2
361594,-8.777934,33,synthetic,0,12
361636,-10.350779,42,real,-1,21
361674,-4.526939,38,real,-1,17
361701,-23.895822,27,synthetic,1,6
361739,-10.803335,38,real,-1,17
361771,-0.03857,32,real,-1,11
361806,0.884192,35,real,-1,14
361835,0.967389,29,real,-1,8
361864,-8.354367,29,real,-1,8
361885,-6.960099,21,real,-1,0
361915,1.536478,30,real,-1,9
361942,-8.465745,27,real,-1,6
361965,-1.946545,23,real,-1,2
362004,-4.35783,39,real,-1,18
362036,-18.786252,32,synthetic,0,11
362057,-0.696652,21,real,-1,0
362093,-10.576596,36,synthetic,0,15
362117,3.312363,24,real,-1,3
362145,-3.412047,28,real,-1,7
362170,-1.435593,25,real,-1,4
362208,-8.602738,38,real,-1,17
362243,-1.632924,35,real,-1,14
362268,-36.813005,25,synthetic,2,4
362309,-1.677039,41,real,-1,20
362339,-16.49982,30,synthetic,0,9
362361,3.63026,22,real,-1,1
362383,-8.661401,22,real,-1,1
362423,-2.313786,40,real,-1,19
362461,-6.343595,38,real,-1,17
362501,-5.737673,40,real,-1,19
362524,-14.521246,23,synthetic,1,2
362565,2.737977,41,real,-1,20
362595,0.878979,30,real,-1,9
362628,-3.546511,33,real,-1,12
362662,-14.171848,34,real,-1,13
362701,-8.891877,39,real,-1,18
362737,-1.5293,36,real,-1,15
362778,5.113979,41,real,-1,20
362818,-1.744379,40,real,-1,19
362848,-4.056352,30,real,-1,9
362869,-16.323518,21,synthetic,1,0
362891,-4.255167,22,real,-1,1
362925,0.335018,34,real,-1,13
362959,1.911934,34,real,-1,13
362989,-39.307128,30,synthetic,2,9
363028,-18.600667,39,synthetic,0,18
363053,1.461863,25,real,-1,4
363081,-8.107593,28,synthetic,0,7
363119,-45.890536,38,synthetic,2,17
363141,-10.673958,22,real,-1,1
363173,1.086334,32,real,-1,11
363198,-33.178602,25,synthetic,1,4
363236,-6.671524,38,real,-1,17
363272,-13.251684,36,real,-1,15
363303,-23.705517,31,synthetic,1,10
363335,-7.17738,32,real,-1,11
363367,1.489342,32,real,-1,11
363406,-2.459902,39,real,-1,18
363448,-8.713045,42,real,-1,21
363490,-2.28583,42,real,-1,21
363521,-3.407339,31,real,-1,10
363558,-30.677867,37,synthetic,1,16
363589,-39.475801,31,synthetic,2,10
363611,-2.982463,22,real,-1,1
363641,0.80231,30,real,-1,9
363671,-19.130309,30,synthetic,1,9
363697,-7.408637,26,real,-1,5
363719,-37.417416,22,synthetic,2,1
363749,-1.66983,30,real,-1,9
363781,-20.130155,32,synthetic,0,11
363822,1.920259,41,real,-1,20
363859,-32.946573,37,synthetic,2,16
363880,-0.574145,21,real,-1,0
363919,4.485812,39,real,-1,18
363956,-0.408185,37,real,-1,16
363989,-2.362093,33,real,-1,12
364012,-1.275033,23,real,-1,2
364038,-2.150398,26,real,-1,5
364059,-2.091257,21,real,-1,0
364099,-4.98399,40,real,-1,19
364122,0.089316,23,real,-1,2
364144,-1.243204,22,real,-1,1
364167,-20.45165,23,synthetic,1,2
364205,-9.062485,38,real,-1,17
364234,-1.824704,29,real,-1,8
364275,-8.354116,41,real,-1,20
364305,-12.953188,30,synthetic,0,9
364339,-0.864167,34,real,-1,13
364363,-0.654145,24,real,-1,3
364403,-8.235319,40,real,-1,19
364443,0.498097,40,real,-1,19
364480,-34.042232,37,synthetic,2,16
364501,-0.185952,21,real,-1,0
364536,-0.246936,35,real,-1,14
364575,-4.677219,39,real,-1,18
364597,-5.834651,22,real,-1,1
364632,4.103001,35,real,-1,14
364670,-6.639952,38,real,-1,17
364711,-9.264787,41,real,-1,20
364741,2.74616,30,real,-1,9
364781,-10.643461,40,real,-1,19
364814,-2.498486,33,synthetic,0,12
364837,7.745153,23,real,-1,2
364860,-2.751531,23,real,-1,2
364881,-1.93003,21,real,-1,0
364917,6.718464,36,real,-1,15
364958,-4.412743,41,real,-1,20
364982,1.546802,24,real,-1,3
365015,-11.666677,33,real,-1,12
365045,1.069004,30,real,-1,9
365071,-19.93562,26,synthetic,1,5
365111,-0.881477,40,real,-1,19
365148,-3.44238,37,real,-1,16
365169,-3.39158,21,real,-1,0
365192,-3.844306,23,real,-1,2
365230,-0.002005,38,real,-1,17
365271,-10.185463,41,real,-1,20
365312,-1.85053,41,real,-1,20
365347,-36.953153,35,synthetic,1,14
365374,1.135694,27,real,-1,6
365409,1.416231,35,real,-1,14
365433,-0.506057,24,real,-1,3
365455,-4.145648,22,real,-1,1
365495,-2.86251,40,real,-1,19
365529,-5.424429,34,real,-1,13
365566,-12.724133,37,real,-1,16
365589,2.475347,23,real,-1,2
365610,-28.82082,21,synthetic,2,0
365651,-3.122341,41,real,-1,20
365685,-13.623966,34,synthetic,0,13
365715,-2.077224,30,real,-1,9
365742,-2.843353,27,real,-1,6
365763,-17.748452,21,synthetic,1,0
365793,-4.399302,30,real,-1,9
365820,-10.644441,27,real,-1,6
365853,-1.610534,33,real,-1,12
365883,-2.562087,30,real,-1,9
365908,-7.057659,25,real,-1,4
365950,-7.190759,42,real,-1,21
365990,-2.482021,40,real,-1,19
366014,-3.618666,24,real,-1,3
366056,-6.410258,42,real,-1,21
366091,-4.488918,35,real,-1,14
366112,-6.669534,21,synthetic,0,0
366147,-0.011214,35,real,-1,14
366171,-33.408859,24,synthetic,2,3
366213,1.542252,42,real,-1,21
366249,-15.680871,36,synthetic,0,15
366278,0.754253,29,real,-1,8
366305,-7.449063,27,real,-1,6
366339,-4.685439,34,real,-1,13
366373,1.396057,34,real,-1,13
366406,-1.490401,33,real,-1,12
366434,-0.502336,28,real,-1,7
366474,-10.058944,40,real,-1,19
366497,-26.058364,23,synthetic,2,2
366532,-2.403163,35,real,-1,14
366561,-1.791649,29,real,-1,8
366585,-5.991443,24,real,-1,3
366617,-4.945519,32,real,-1,11
366641,-1.75762,24,real,-1,3
366682,-8.267913,41,real,-1,20
366720,-12.043715,38,real,-1,17
366755,6.770821,35,real,-1,14
366790,-8.927665,35,real,-1,14
366818,-0.557571,28,real,-1,7
366856,-43.602204,38,synthetic,2,17
366881,-1.537229,25,real,-1,4
366915,-9.737362,34,real,-1,13
366957,-8.03004,42,real,-1,21
366984,3.337331,27,real,-1,6
367024,-1.449275,40,real,-1,19
367054,-14.243591,30,synthetic,0,9
367094,-14.157134,40,synthetic,0,19
367115,-7.277414,21,real,-1,0
367143,7.595098,28,real,-1,7
367175,-5.392006,32,real,-1,11
367200,-0.30505,25,real,-1,4
367231,-0.258004,31,real,-1,10
367270,-1.169331,39,real,-1,18
367293,-8.905535,23,synthetic,0,2
367318,5.926186,25,real,-1,4
367339,0.85215,21,real,-1,0
367376,-29.861164,37,synthetic,1,16
367403,-19.813296,27,synthetic,1,6
367438,-0.327865,35,real,-1,14
367465,2.143613,27,real,-1,6
367487,2.026301,22,real,-1,1
367519,-12.220505,32,synthetic,0,11
367544,-0.032384,25,real,-1,4
367569,-1.423856,25,real,-1,4
367606,-3.32886,37,real,-1,16
367648,-0.564357,42,real,-1,21
367670,0.213168,22,real,-1,1
367694,-16.054627,24,synthetic,0,3
367721,-8.639932,27,real,-1,6
367747,-2.729912,26,real,-1,5
367788,-45.075814,41,synthetic,2,20
367820,-34.539714,32,synthetic,2,11
367848,-10.942431,28,synthetic,0,7
367870,-24.721851,22,synthetic,1,1
367912,-14.023243,42,synthetic,0,21
367948,-2.334923,36,real,-1,15
367985,-4.098755,37,real,-1,16
368019,-2.856858,34,real,-1,13
368043,-4.900102,24,real,-1,3
368083,-3.705438,40,real,-1,19
368125,-5.407268,42,real,-1,21
368166,-11.085814,41,real,-1,20
368194,-3.617481,28,real,-1,7
368221,-5.958108,27,real,-1,6
368257,6.108134,36,real,-1,15
368283,-0.266503,26,real,-1,5
368317,-8.923363,34,synthetic,0,13
368358,-4.795782,41,real,-1,20
368397,-3.363996,39,real,-1,18
368426,-4.436615,29,real,-1,8
368462,-7.482225,36,real,-1,15
368496,-2.727184,34,real,-1,13
368532,0.113803,36,real,-1,15
368555,-4.660594,23,real,-1,2
368584,2.66352,29,real,-1,8
368621,-1.159976,37,real,-1,16
368656,-30.895382,35,synthetic,2,14
368696,-0.295298,40,real,-1,19
368723,-17.630912,27,synthetic,1,6
368758,-18.172883,35,synthetic,0,14
368787,-0.14212,29,real,-1,8
368826,-9.54818,39,real,-1,18
368854,-0.982104,28,real,-1,7
368891,-9.447108,37,real,-1,16
368927,-4.764556,36,real,-1,15
368960,-4.286854,33,real,-1,12
369000,-0.349435,40,real,-1,19
369032,-2.646051,32,real,-1,11
369058,-2.106085,26,real,-1,5
369084,-9.945771,26,real,-1,5
369123,-2.250089,39,real,-1,18
369147,1.879004,24,real,-1,3
369176,-18.825098,29,synthetic,1,8
369200,-34.342092,24,synthetic,2,3
369235,-2.430567,35,real,-1,14
369267,-4.388351,32,real,-1,11
369289,-3.708224,22,real,-1,1
369316,3.825018,27,real,-1,6
369349,-5.242032,33,real,-1,12
369387,-13.888423,38,real,-1,17
369421,-41.407753,34,synthetic,2,13
369445,-27.404461,24,synthetic,1,3
369470,-9.37902,25,real,-1,4
369500,-2.996584,30,real,-1,9
369542,-7.945793,42,real,-1,21
369583,-41.993929,41,synthetic,2,20
369604,-23.457732,21,synthetic,1,0
369629,-2.038165,25,real,-1,4
369651,-8.323854,22,real,-1,1
369682,0.322506,31,real,-1,10
369706,-0.696907,24,real,-1,3
369747,-9.56102,41,real,-1,20
369773,0.298347,26,real,-1,5
369810,-29.801574,37,synthetic,1,16
369841,-8.169968,31,real,-1,10
369882,-3.607236,41,real,-1,20
369914,-5.098233,32,real,-1,11
369949,2.060911,35,real,-1,14
369976,-26.831742,27,synthetic,1,6
370004,-8.181084,28,real,-1,7
370041,-11.254324,37,real,-1,16
370082,-18.39434,41,synthetic,1,20
370116,-34.600116,34,synthetic,2,13
370152,-11.267931,36,real,-1,15
370191,-44.834484,39,synthetic,2,18
370230,-20.495985,39,synthetic,0,18
370256,-0.314403,26,real,-1,5
370277,-13.053802,21,synthetic,0,0
370301,-14.661187,24,synthetic,0,3
370332,-1.661205,31,real,-1,10
370371,-5.30802,39,real,-1,18
370408,-7.069555,37,real,-1,16
370449,-13.046412,41,real,-1,20
370489,-27.636112,40,synthetic,1,19
370522,-4.352012,33,real,-1,12
370554,-25.386198,32,synthetic,1,11
370593,-6.678279,39,real,-1,18
370629,6.450034,36,real,-1,15
370669,-16.16543,40,synthetic,0,19
370706,-7.237807,37,real,-1,16
370732,-33.913742,26,synthetic,2,5
370753,-35.861671,21,synthetic,2,0
370791,-44.592017,38,synthetic,2,17
370816,-1.3366,25,real,-1,4
370851,0.385284,35,real,-1,14
370893,1.235108,42,real,-1,21
370914,-8.261325,21,real,-1,0
370948,-6.679331,34,real,-1,13
370982,-5.507487,34,real,-1,13
371015,-4.399977,33,real,-1,12
371055,-3.495068,40,real,-1,19
371089,-26.049134,34,synthetic,1,13
371114,-2.5061,25,real,-1,4
371148,-2.210561,34,real,-1,13
371189,1.061743,41,real,-1,20
371212,-5.56256,23,real,-1,2
371254,-7.847514,42,real,-1,21
371293,2.376403,39,real,-1,18
371325,7.737327,32,real,-1,11
371366,-14.901709,41,real,-1,20
371388,-12.292908,22,synthetic,0,1
371418,-1.733685,30,real,-1,9
371440,-1.41958,22,real,-1,1
371482,-6.729013,42,real,-1,21
371506,-1.806575,24,real,-1,3
371541,-13.914684,35,real,-1,14
371569,-1.622681,28,real,-1,7
371598,-11.00254,29,real,-1,8
371630,-8.476666,32,real,-1,11
371653,-7.650492,23,real,-1,2
371691,-3.773633,38,real,-1,17
371718,-16.97398,27,synthetic,1,6
371752,-44.688033,34,synthetic,2,13
371778,-26.685563,26,synthetic,1,5
371817,-3.301285,39,real,-1,18
371858,3.446946,41,real,-1,20
371899,-21.00793,41,synthetic,0,20
371928,-2.951601,29,real,-1,8
371964,0.407939,36,real,-1,15
371990,-22.571997,26,synthetic,1,5
372022,-2.284495,32,real,-1,11
372057,0.410021,35,real,-1,14
372098,-7.197637,41,real,-1,20
372126,1.440941,28,real,-1,7
372158,0.813637,32,real,-1,11
372198,0.140079,40,real,-1,19
372229,-14.887957,31,synthetic,1,10
372271,0.153289,42,real,-1,21
372296,-21.698338,25,synthetic,1,4
372322,-21.280175,26,synthetic,1,5
372357,-3.587077,35,real,-1,14
372392,-24.466469,35,synthetic,1,14
372432,-3.624598,40,real,-1,19
372455,-0.416919,23,real,-1,2
372494,-9.949408,39,real,-1,18
372530,-15.924691,36,synthetic,1,15
372561,6.253446,31,real,-1,10
372595,0.64136,34,real,-1,13
372621,-6.807225,26,real,-1,5
372650,-28.294771,29,synthetic,2,8
372674,4.401344,24,real,-1,3
372714,-6.466775,40,real,-1,19
372753,0.638976,39,real,-1,18
372774,-2.245582,21,real,-1,0
372810,1.201273,36,real,-1,15
372842,-10.524791,32,synthetic,0,11
372863,3.552435,21,real,-1,0
372890,-18.927678,27,synthetic,1,6
372912,-4.0863,22,real,-1,1
372945,-39.440559,33,synthetic,2,12
372973,-1.068057,28,real,-1,7
373005,-2.434286,32,real,-1,11
373028,-4.321001,23,real,-1,2
373052,-23.053187,24,synthetic,1,3
373074,4.284818,22,real,-1,1
373109,-5.014874,35,real,-1,14
373134,0.986698,25,real,-1,4
373163,-8.477604,29,real,-1,8
373185,0.330373,22,real,-1,1
373222,3.969758,37,real,-1,16
373262,-4.750668,40,real,-1,19
373289,-14.817537,27,synthetic,0,6
373315,2.309693,26,real,-1,5
373349,2.068503,34,real,-1,13
373382,-2.775809,33,real,-1,12
373424,-1.954644,42,real,-1,21
373451,-4.88201,27,real,-1,6
373483,-0.528498,32,real,-1,11
373504,0.411674,21,real,-1,0
373530,-1.954907,26,real,-1,5
373554,1.037317,24,real,-1,3
373578,1.427302,24,real,-1,3
373601,-0.453117,23,real,-1,2
373640,-3.679864,39,real,-1,18
373676,-13.051586,36,real,-1,15
373709,-40.648781,33,synthetic,2,12
373730,1.935661,21,real,-1,0
373763,-4.052717,33,real,-1,12
373788,0.872813,25,real,-1,4
373822,-1.334331,34,real,-1,13
373861,-3.177723,39,real,-1,18
373901,-6.459755,40,synthetic,0,19
373928,-2.950378,27,real,-1,6
373961,-8.678485,33,real,-1,12
373988,-8.146271,27,real,-1,6
374029,-36.555666,41,synthetic,2,20
374071,-12.123799,42,synthetic,0,21
374113,-5.663816,42,real,-1,21
374154,-11.543465,41,real,-1,20
374175,1.005832,21,real,-1,0
374199,0.323954,24,real,-1,3
374222,-6.036022,23,real,-1,2
374256,-3.995836,34,real,-1,13
374298,-4.527864,42,real,-1,21
374321,-6.73583,23,real,-1,2
374358,0.4792,37,real,-1,16
374391,-6.853718,33,real,-1,12
374418,-33.672089,27,synthetic,2,6
374451,-5.915774,33,real,-1,12
374480,1.001382,29,real,-1,8
374519,-38.468818,39,synthetic,2,18
374545,6.146928,26,real,-1,5
374586,-7.994949,41,real,-1,20
374607,-20.663153,21,synthetic,1,0
374639,7.044794,32,real,-1,11
374672,-2.022768,33,real,-1,12
374706,-19.221371,34,synthetic,0,13
374748,-1.357296,42,real,-1,21
374776,1.140712,28,real,-1,7
374812,-7.321266,36,real,-1,15
374851,0.291295,39,real,-1,18
374880,-6.586078,29,real,-1,8
374904,-2.634837,24,real,-1,3
374937,-15.8746,33,synthetic,0,12
374959,-29.6591,22,synthetic,2,1
374983,-1.43102,24,real,-1,3
375006,-1.940469,23,real,-1,2
375031,-2.900045,25,real,-1,4
375054,-49.807295,23,synthetic,2,2
375088,-2.378056,34,real,-1,13
375128,-13.236179,40,synthetic,0,19
375157,-7.04795,29,real,-1,8
375181,-1.092203,24,real,-1,3
375215,-2.984569,34,real,-1,13
375252,-4.932167,37,real,-1,16
375285,-8.873791,33,synthetic,0,12
375307,-42.914626,22,synthetic,2,1
375348,-8.166566,41,real,-1,20
375377,-2.408164,29,real,-1,8
375419,-2.683629,42,real,-1,21
375451,-14.054005,32,synthetic,0,11
375477,4.302443,26,real,-1,5
375512,-2.426672,35,real,-1,14
375543,0.280189,31,real,-1,10
375572,-8.442815,29,real,-1,8
375603,-35.501682,31,synthetic,2,10
375628,1.061874,25,real,-1,4
375657,-30.597285,29,synthetic,2,8
375691,-2.376228,34,real,-1,13
375729,-43.043582,38,synthetic,2,17
375768,-9.09921,39,real,-1,18
375808,-13.702418,40,synthetic,0,19
375829,0.57555,21,real,-1,0
375857,-2.981334,28,real,-1,7
375889,-1.706523,32,real,-1,11
375913,1.101736,24,real,-1,3
375951,-8.19018,38,real,-1,17
375982,-12.132332,31,real,-1,10
376009,2.160868,27,real,-1,6
376036,-5.608182,27,real,-1,6
376077,-40.39483,41,synthetic,2,20
376098,-2.123058,21,real,-1,0
376129,-7.267174,31,real,-1,10
376156,-5.074725,27,real,-1,6
376184,-30.821269,28,synthetic,1,7
376207,0.666433,23,real,-1,2
376240,0.44768,33,real,-1,12
376277,-8.965892,37,real,-1,16
376316,-3.601726,39,real,-1,18
376341,-9.056499,25,real,-1,4
376367,-9.907678,26,real,-1,5
376389,-6.869937,22,real,-1,1
376414,-19.100607,25,synthetic,0,4
376450,-0.338337,36,real,-1,15
376474,1.565755,24,real,-1,3
376513,-1.722678,39,real,-1,18
376546,-0.088032,33,real,-1,12
376585,-1.735525,39,real,-1,18
376623,-7.30279,38,real,-1,17
376665,-7.15926,42,real,-1,21
376689,-3.095668,24,real,-1,3
376711,-3.562052,22,real,-1,1
376744,-20.026531,33,synthetic,1,12
376777,-0.433725,33,real,-1,12
376814,-3.38559,37,real,-1,16
376850,-0.270118,36,real,-1,15
376880,-7.599758,30,real,-1,9
376911,-10.664756,31,synthetic,0,10
376947,2.190799,36,real,-1,15
376979,-8.118407,32,real,-1,11
377006,-6.03636,27,synthetic,0,6
377030,-16.724677,24,synthetic,0,3
377055,-5.707434,25,real,-1,4
377078,-4.381854,23,real,-1,2
377119,-5.169376,41,real,-1,20
377157,-3.856173,38,real,-1,17
377191,-0.386526,34,real,-1,13
377226,-8.870662,35,real,-1,14
377266,-1.707111,40,real,-1,19
377296,-6.293338,30,real,-1,9
377335,-11.268748,39,real,-1,18
377362,4.931658,27,real,-1,6
377396,-4.679831,34,real,-1,13
377434,-1.409497,38,real,-1,17
377470,-7.287255,36,real,-1,15
377495,-21.734773,25,synthetic,2,4
377533,-2.649793,38,real,-1,17
377556,-21.464022,23,synthetic,1,2
377577,-6.139983,21,real,-1,0
377601,-2.583224,24,real,-1,3
377643,0.602226,42,real,-1,21
377673,-1.405604,30,real,-1,9
377713,-7.544781,40,real,-1,19
377741,-0.948046,28,real,-1,7
377763,1.951405,22,real,-1,1
377800,-1.048829,37,real,-1,16
377828,-6.70456,28,real,-1,7
377863,-24.059396,35,synthetic,1,14
377901,0.16429,38,real,-1,17
377939,2.731888,38,real,-1,17
377968,-0.521459,29,real,-1,8
378001,-1.263384,33,real,-1,12
378031,7.072985,30,real,-1,9
378066,-29.749493,35,synthetic,2,14
378099,1.498739,33,real,-1,12
378141,-9.263353,42,real,-1,21
378182,-6.029435,41,real,-1,20
378216,-5.616016,34,real,-1,13
378238,4.923474,22,real,-1,1
378262,-4.762184,24,real,-1,3
378286,-7.871873,24,real,-1,3
378319,0.471492,33,real,-1,12
378359,-0.848281,40,real,-1,19
378399,-29.976078,40,synthetic,2,19
378421,-2.818801,22,real,-1,1
378459,-51.427607,38,synthetic,2,17
378483,-0.22943,24,real,-1,3
378514,-3.899106,31,real,-1,10
378549,-3.401457,35,real,-1,14
378587,-41.992178,38,synthetic,2,17
378628,0.357195,41,real,-1,20
378654,-2.842766,26,real,-1,5
378678,-2.120613,24,real,-1,3
378699,-34.788284,21,synthetic,2,0
378739,0.34117,40,real,-1,19
378772,2.586881,33,real,-1,12
378794,-6.359754,22,real,-1,1
378835,2.470991,41,real,-1,20
378871,2.734306,36,real,-1,15
378895,-15.474082,24,synthetic,0,3
378924,-1.334594,29,real,-1,8
378960,-5.628887,36,real,-1,15
378996,-1.93852,36,real,-1,15
379024,-1.035853,28,real,-1,7
379057,-1.76123,33,real,-1,12
379082,-19.537565,25,synthetic,0,4
379118,-16.359937,36,synthetic,0,15
379150,-13.860296,32,real,-1,11
379175,-1.135845,25,real,-1,4
379197,-27.689348,22,synthetic,2,1
379236,-3.737861,39,real,-1,18
379261,-2.206715,25,real,-1,4
379294,-1.237981,33,real,-1,12
379327,2.170909,33,real,-1,12
379351,0.490833,24,real,-1,3
379381,-1.214468,30,real,-1,9
379405,-0.360594,24,real,-1,3
379432,-1.62603,27,real,-1,6
379456,-5.103822,24,real,-1,3
379482,-3.815789,26,real,-1,5
379510,1.843738,28,real,-1,7
379546,4.456147,36,real,-1,15
379585,5.837415,39,real,-1,18
379607,-21.564125,22,synthetic,1,1
379636,-14.814119,29,synthetic,0,8
379678,-3.183476,42,real,-1,21
379717,-20.671127,39,synthetic,1,18
379755,-5.466114,38,real,-1,17
379796,-27.367709,41,synthetic,2,20
379831,-10.889732,35,synthetic,0,14
379854,-3.703435,23,real,-1,2
379882,-2.279225,28,real,-1,7
379915,-1.622181,33,real,-1,12
379948,-44.774684,33,synthetic,2,12
379988,-3.419223,40,real,-1,19
380012,1.977753,24,real,-1,3
380054,1.20454,42,real,-1,21
380077,-43.96843,23,synthetic,2,2
380103,-4.68242,26,real,-1,5
380145,-19.430213,42,synthetic,1,21
380183,-8.269097,38,synthetic,0,17
380224,-4.51966,41,real,-1,20
380261,-23.826876,37,synthetic,0,16
380303,-4.183944,42,real,-1,21
380341,-6.82732,38,real,-1,17
380363,-0.861941,22,real,-1,1
380387,-0.793528,24,real,-1,3
380411,1.67271,24,real,-1,3
380453,-5.949972,42,real,-1,21
380486,-12.806045,33,real,-1,12
380518,-3.245394,32,real,-1,11
380555,-8.997033,37,real,-1,16
380580,-8.246857,25,synthetic,0,4
380604,-6.103933,24,real,-1,3
380634,-6.832136,30,real,-1,9
380660,-10.085471,26,real,-1,5
380684,-12.903744,24,synthetic,0,3
380713,-3.444512,29,real,-1,8
380738,-3.120756,25,real,-1,4
380780,-4.889872,42,real,-1,21
380810,-4.438855,30,synthetic,0,9
380850,-31.253173,40,synthetic,0,19
380889,-1.297995,39,real,-1,18
380928,1.879967,39,real,-1,18
380949,-1.824655,21,real,-1,0
380973,-9.655512,24,real,-1,3
380995,-19.214164,22,synthetic,0,1
381027,1.472706,32,real,-1,11
381057,-9.433852,30,real,-1,9
381090,-6.090874,33,real,-1,12
381132,-25.726064,42,synthetic,1,21
381160,-1.808241,28,real,-1,7
381188,-4.304422,28,real,-1,7
381213,-4.119312,25,real,-1,4
381245,1.813092,32,real,-1,11
381277,-48.158466,32,synthetic,2,11
381311,-3.930105,34,real,-1,13
381348,-7.538463,37,real,-1,16
381381,-3.324907,33,real,-1,12
381405,-5.755786,24,real,-1,3
381433,1.202213,28,real,-1,7
381461,2.128198,28,real,-1,7
381497,-2.392455,36,real,-1,15
381531,-6.176219,34,real,-1,13
381573,5.560732,42,real,-1,21
381599,9.272429,26,real,-1,5
381638,-3.485963,39,real,-1,18
381663,-6.388187,25,real,-1,4
381687,-13.81723,24,synthetic,0,3
381727,0.170688,40,real,-1,19
381762,-39.108565,35,synthetic,2,14
381794,3.731676,32,real,-1,11
381823,-8.151834,29,real,-1,8
381860,-2.319466,37,real,-1,16
381883,-0.022698,23,real,-1,2
381904,1.046552,21,real,-1,0
381945,-1.671176,41,real,-1,20
381969,-0.724041,24,real,-1,3
381998,-1.684682,29,real,-1,8
382020,-1.582527,22,real,-1,1
382054,2.722967,34,real,-1,13
382092,-0.437955,38,real,-1,17
382130,-0.750697,38,real,-1,17
382166,-32.048019,36,synthetic,2,15
382197,0.950075,31,real,-1,10
382238,-3.68065,41,real,-1,20
382259,0.462191,21,real,-1,0
382290,-7.866685,31,real,-1,10
382327,-21.455039,37,synthetic,1,16
382352,-46.268367,25,synthetic,2,4
382390,-6.875099,38,real,-1,17
382423,-6.585772,33,real,-1,12
382456,-8.107858,33,real,-1,12
382493,-12.226131,37,synthetic,0,16
382521,-2.260297,28,real,-1,7
382546,-11.345335,25,synthetic,0,4
382581,-4.582737,35,real,-1,14
382603,-0.907053,22,real,-1,1
382642,-33.825798,39,synthetic,2,18
382679,-2.193409,37,real,-1,16
382714,-24.058193,35,synthetic,1,14
382736,2.937383,22,real,-1,1
382774,-6.453162,38,real,-1,17
382802,-21.850151,28,synthetic,1,7
382838,-5.774201,36,real,-1,15
382861,3.704555,23,real,-1,2
382893,-4.200741,32,real,-1,11
382927,-6.852948,34,real,-1,13
382954,1.783092,27,real,-1,6
382986,2.444951,32,real,-1,11
383020,2.419958,34,real,-1,13
383057,1.115532,37,real,-1,16
383089,0.193364,32,real,-1,11
383127,-1.765466,38,real,-1,17
383162,-9.467696,35,real,-1,14
383190,-0.888082,28,real,-1,7
383227,-12.059421,37,real,-1,16
383256,-46.94064,29,synthetic,2,8
383286,2.945331,30,real,-1,9
383312,0.729529,26,real,-1,5
383344,-3.596911,32,real,-1,11
383368,-4.932727,24,real,-1,3
383399,-2.4829,31,real,-1,10
383422,0.207535,23,real,-1,2
383447,-0.982964,25,real,-1,4
383471,3.502979,24,real,-1,3
383498,-11.863901,27,synthetic,0,6
383523,0.05262,25,real,-1,4
383558,-2.848675,35,real,-1,14
383589,-4.157596,31,real,-1,10
383624,-12.285247,35,real,-1,14
383658,-2.828045,34,real,-1,13
383698,-8.20051,40,real,-1,19
383730,-1.004375,32,real,-1,11
383758,2.427687,28,real,-1,7
383783,-1.279925,25,real,-1,4
383819,-1.818974,36,real,-1,15
383853,-5.206142,34,real,-1,13
383895,3.182264,42,real,-1,21
383937,5.048839,42,real,-1,21
383977,-7.801412,40,synthetic,0,19
384018,-3.225469,41,real,-1,20
384051,-0.45588,33,real,-1,12
384076,-14.050111,25,synthetic,0,4
384118,-10.439547,42,real,-1,21
384153,-1.657368,35,real,-1,14
384175,-8.410717,22,real,-1,1
384201,-0.487771,26,real,-1,5
384226,-19.95918,25,synthetic,1,4
384249,3.372608,23,real,-1,2
384279,-12.289032,30,real,-1,9
384306,-36.690792,27,synthetic,2,6
384341,-7.632935,35,real,-1,14
384383,-5.059082,42,real,-1,21
384407,0.81465,24,real,-1,3
384443,-9.710573,36,real,-1,15
384464,-36.844685,21,synthetic,2,0
384494,-2.642729,30,real,-1,9
384517,1.1113,23,real,-1,2
384549,-2.010934,32,real,-1,11
384590,-3.167498,41,real,-1,20
384632,-4.127227,42,real,-1,21
384664,-4.386989,32,real,-1,11
384689,-5.683541,25,real,-1,4
384723,-6.538141,34,real,-1,13
384745,-1.802043,22,real,-1,1
384777,-7.973182,32,real,-1,11
384807,-9.375373,30,real,-1,9
384832,-10.565877,25,real,-1,4
384866,-11.354698,34,synthetic,1,13
384887,-3.88405,21,real,-1,0
384927,-8.143871,40,real,-1,19
384951,-0.055887,24,real,-1,3
384986,-0.980216,35,real,-1,14
385027,-7.851668,41,real,-1,20
385049,-2.827303,22,real,-1,1
385072,-1.572635,23,real,-1,2
385100,-3.076213,28,real,-1,7
385126,-2.713296,26,real,-1,5
385162,-4.284865,36,real,-1,15
385194,-1.520468,32,real,-1,11
385236,-1.086203,42,real,-1,21
385268,-0.409391,32,real,-1,11
385292,-2.437735,24,real,-1,3
385324,-0.871445,32,real,-1,11
385363,-8.020612,39,real,-1,18
385398,-35.129301,35,synthetic,2,14
385440,-12.49865,42,real,-1,21
385479,-18.839328,39,synthetic,1,18
385515,-1.778671,36,real,-1,15
385539,-4.797386,24,real,-1,3
385571,-41.365071,32,synthetic,2,11
385605,-3.307176,34,real,-1,13
385639,-5.536072,34,real,-1,13
385677,-1.545823,38,real,-1,17
385715,-4.10881,38,real,-1,17
385749,-9.309152,34,synthetic,0,13
385777,-48.607822,28,synthetic,2,7
385803,-3.332535,26,real,-1,5
385831,-17.966486,28,synthetic,1,7
385855,-14.071468,24,synthetic,0,3
385891,-0.345368,36,real,-1,15
385915,-6.038407,24,real,-1,3
385955,-25.798767,40,synthetic,0,19
385987,-3.835649,32,real,-1,11
386028,-32.467861,41,synthetic,1,20
386064,-8.597388,36,real,-1,15
386092,-12.42726,28,synthetic,0,7
386113,-6.671837,21,real,-1,0
386136,-1.738334,23,real,-1,2
386174,-5.518206,38,real,-1,17
386211,-1.70264,37,real,-1,16
386233,0.166721,22,real,-1,1
386261,-0.730547,28,real,-1,7
386290,-0.298576,29,real,-1,8
386327,-2.055158,37,real,-1,16
386363,-40.71491,36,synthetic,2,15
386401,-2.416243,38,real,-1,17
386424,-2.040237,23,real,-1,2
386450,-3.032844,26,real,-1,5
386487,-2.017258,37,real,-1,16
386515,0.460396,28,real,-1,7
386554,-4.180174,39,real,-1,18
386592,-3.352687,38,real,-1,17
386614,0.935961,22,real,-1,1
386637,-3.039332,23,real,-1,2
386661,-1.720874,24,real,-1,3
386697,-50.285856,36,synthetic,2,15
386735,1.634588,38,real,-1,17
386769,-22.283449,34,synthetic,1,13
386790,-9.234959,21,real,-1,0
386830,-12.112495,40,real,-1,19
386855,-7.794319,25,real,-1,4
386894,-20.277834,39,synthetic,1,18
386933,-7.326365,39,real,-1,18
386967,-3.19812,34,real,-1,13
386991,-5.689811,24,real,-1,3
387021,-1.034573,30,real,-1,9
387056,-33.309405,35,synthetic,2,14
387090,2.720881,34,real,-1,13
387114,-1.801298,24,real,-1,3
387146,-2.908222,32,real,-1,11
387185,-3.909069,39,real,-1,18
387219,-0.171969,34,real,-1,13
387253,-3.473495,34,real,-1,13
387294,-9.966013,41,real,-1,20
387322,-0.279939,28,real,-1,7
387354,-17.53034,32,synthetic,1,11
387385,-4.014961,31,real,-1,10
387424,-42.312273,39,synthetic,2,18
387459,-6.229291,35,synthetic,0,14
387487,-26.114251,28,synthetic,1,7
387524,2.31137,37,real,-1,16
387561,1.276627,37,real,-1,16
387600,-8.567036,39,real,-1,18
387639,2.135209,39,real,-1,18
387667,-21.514694,28,synthetic,1,7
387695,2.13269,28,real,-1,7
387736,2.670038,41,real,-1,20
387765,-2.22925,29,real,-1,8
387800,-19.95917,35,synthetic,1,14
387829,-2.77341,29,real,-1,8
387858,-2.452976,29,real,-1,8
387888,-0.846441,30,real,-1,9
387915,-28.372436,27,synthetic,1,6
387956,-20.890318,41,real,-1,20
387985,-15.578501,29,synthetic,0,8
388014,-4.506235,29,real,-1,8
388041,-37.816512,27,synthetic,2,6
388069,-2.199141,28,real,-1,7
388097,-3.45801,28,real,-1,7
388123,-0.15596,26,real,-1,5
388159,0.33703,36,real,-1,15
388198,-26.191532,39,synthetic,1,18
388226,-3.635398,28,real,-1,7
388249,-0.691501,23,real,-1,2
388291,-1.821571,42,real,-1,21
388325,-20.575784,34,synthetic,0,13
388359,-39.503196,34,synthetic,2,13
388394,-36.841612,35,synthetic,2,14
388416,-26.021543,22,synthetic,2,1
388452,-28.162326,36,synthetic,1,15
388486,-3.985036,34,real,-1,13
388516,-18.915387,30,synthetic,0,9
388540,4.757328,24,real,-1,3
388580,4.400531,40,real,-1,19
388606,-1.344578,26,real,-1,5
388646,-4.649015,40,real,-1,19
388674,-4.249477,28,real,-1,7
388708,-23.89741,34,synthetic,1,13
388734,-6.744088,26,real,-1,5
388774,5.514937,40,real,-1,19
388803,-4.360316,29,real,-1,8
388838,-5.929811,35,real,-1,14
388870,-16.092272,32,synthetic,0,11
388912,0.961009,42,real,-1,21
388954,-11.782457,42,real,-1,21
388980,1.334702,26,real,-1,5
389016,2.108284,36,real,-1,15
389056,-27.799723,40,synthetic,1,19
389077,-1.197429,21,real,-1,0
389116,-0.572144,39,real,-1,18
389157,-9.226458,41,real,-1,20
389193,-3.75131,36,real,-1,15
389219,3.09274,26,real,-1,5
389254,-3.521782,35,real,-1,14
389290,-4.237539,36,real,-1,15
389321,-4.288376,31,synthetic,0,10
389346,-27.92495,25,synthetic,1,4
389369,-0.665132,23,real,-1,2
389400,2.185778,31,real,-1,10
389428,-0.500839,28,real,-1,7
389452,0.593788,24,real,-1,3
389483,-5.528035,31,real,-1,10
389523,-9.098864,40,real,-1,19
389553,-47.920644,30,synthetic,2,9
389579,-1.18217,26,real,-1,5
389611,-11.885581,32,real,-1,11
389651,-6.300865,40,real,-1,19
389676,-8.95022,25,real,-1,4
389711,-5.347507,35,real,-1,14
389753,-3.267417,42,real,-1,21
389780,3.361291,27,real,-1,6
389821,-7.690755,41,real,-1,20
389858,-2.462238,37,real,-1,16
389891,-2.021586,33,real,-1,12
389921,-5.392387,30,real,-1,9
389949,-28.321238,28,synthetic,1,7
389979,-4.91527,30,real,-1,9
390009,-7.669018,30,real,-1,9
390045,-2.973083,36,real,-1,15
390073,-1.436011,28,real,-1,7
390115,3.974708,42,real,-1,21
390143,-0.06575,28,real,-1,7
390171,-9.660172,28,real,-1,7
390208,0.040341,37,real,-1,16
390246,-15.452443,38,real,-1,17
390269,-2.709461,23,real,-1,2
390301,-4.195524,32,real,-1,11
390341,-10.615963,40,real,-1,19
390370,-0.911895,29,real,-1,8
390401,-2.457625,31,real,-1,10
390443,-6.508248,42,real,-1,21
390471,-2.693567,28,real,-1,7
390492,3.269907,21,real,-1,0
390524,-9.552098,32,real,-1,11
390548,-4.157782,24,real,-1,3
390571,-27.737571,23,synthetic,1,2
390598,1.768271,27,real,-1,6
390632,-1.564761,34,real,-1,13
390673,-0.741814,41,real,-1,20
390707,1.978795,34,real,-1,13
390728,3.387882,21,real,-1,0
390763,-0.08013,35,real,-1,14
390795,-1.460798,32,real,-1,11
390830,-6.629111,35,real,-1,14
390851,-0.407414,21,real,-1,0
390883,-27.414815,32,synthetic,1,11
390907,0.512577,24,real,-1,3
390928,-0.128932,21,real,-1,0
390953,-5.059638,25,real,-1,4
390986,-6.248235,33,real,-1,12
391008,-1.847497,22,real,-1,1
391048,-4.219056,40,real,-1,19
391072,-2.458753,24,real,-1,3
391100,2.547622,28,real,-1,7
391130,-6.007076,30,real,-1,9
391163,-3.775789,33,real,-1,12
391203,-1.996632,40,real,-1,19
391235,-7.847535,32,real,-1,11
391256,-36.378599,21,synthetic,2,0
391298,-14.917961,42,real,-1,21
391330,2.891415,32,real,-1,11
391354,0.477751,24,real,-1,3
391378,-2.091925,24,real,-1,3
391406,-0.606517,28,real,-1,7
391433,1.31071,27,real,-1,6
391470,-0.166447,37,real,-1,16
391493,5.28391,23,real,-1,2
391525,-1.78387,32,real,-1,11
391546,-9.383704,21,real,-1,0
391584,-1.899926,38,real,-1,17
391607,-8.712539,23,real,-1,2
391644,-2.031208,37,real,-1,16
391667,4.299304,23,real,-1,2
391702,5.033414,35,real,-1,14
391740,-9.202273,38,real,-1,17
391777,-5.024445,37,real,-1,16
391798,0.105728,21,real,-1,0
391840,-7.989401,42,real,-1,21
391861,-8.112529,21,real,-1,0
391883,-3.402915,22,real,-1,1
391912,-3.64391,29,real,-1,8
391943,-1.954672,31,real,-1,10
391985,-2.562176,42,real,-1,21
392025,-15.876099,40,synthetic,0,19
392067,0.204464,42,real,-1,21
392097,3.475565,30,real,-1,9
392127,-24.175336,30,synthetic,1,9
392161,-3.831219,34,real,-1,13
392191,-4.064513,30,real,-1,9
392214,-18.864046,23,synthetic,1,2
392237,0.985174,23,real,-1,2
392279,-6.438181,42,real,-1,21
392308,-0.820542,29,real,-1,8
392350,-5.745363,42,real,-1,21
392379,5.845876,29,real,-1,8
392417,-30.426128,38,synthetic,1,17
392441,-24.430661,24,synthetic,2,3
392470,-6.971621,29,real,-1,8
392497,2.593991,27,real,-1,6
392527,-5.093041,30,real,-1,9
392549,1.132598,22,real,-1,1
392575,-1.995237,26,real,-1,5
392612,-6.648015,37,real,-1,16
392645,-6.549759,33,real,-1,12
392680,-3.171312,35,real,-1,14
392722,-33.189701,42,synthetic,2,21
392755,-10.480315,33,real,-1,12
392796,-10.152863,41,real,-1,20
392819,-4.375103,23,real,-1,2
392859,-24.946942,40,synthetic,1,19
392890,4.137074,31,real,-1,10
392928,-6.434775,38,real,-1,17
392952,-2.80814,24,real,-1,3
392982,-12.787023,30,real,-1,9
393019,0.140997,37,real,-1,16
393042,-7.442084,23,synthetic,0,2
393071,-10.922828,29,real,-1,8
393098,3.476902,27,real,-1,6
393130,-7.218183,32,real,-1,11
393155,-6.702978,25,real,-1,4
393192,-11.868819,37,real,-1,16
393229,-3.166553,37,synthetic,0,16
393256,-1.42047,27,real,-1,6
393285,-3.569826,29,real,-1,8
393308,-3.972241,23,real,-1,2
393341,-13.372215,33,synthetic,0,12
393373,2.750178,32,real,-1,11
393403,-23.479469,30,synthetic,1,9
393440,1.673804,37,real,-1,16
393476,-4.977022,36,real,-1,15
393506,-36.26195,30,synthetic,2,9
393536,-0.570181,30,real,-1,9
393569,0.648623,33,real,-1,12
393604,-10.932691,35,real,-1,14
393625,4.27687,21,real,-1,0
393651,3.630915,26,real,-1,5
393674,-31.002831,23,synthetic,1,2
393714,-17.239733,40,synthetic,1,19
393735,-7.822304,21,synthetic,0,0
393759,-1.097072,24,real,-1,3
393796,-7.456369,37,real,-1,16
393822,-10.798082,26,real,-1,5
393843,-49.92857,21,synthetic,2,0
393873,-3.597034,30,real,-1,9
393914,-9.813334,41,real,-1,20
393947,-0.090164,33,real,-1,12
393970,0.115041,23,real,-1,2
394008,5.398119,38,real,-1,17
394029,-30.691407,21,synthetic,1,0
394055,-4.044947,26,real,-1,5
394091,-10.507067,36,real,-1,15
394123,-25.002775,32,synthetic,1,11
394162,-3.428063,39,real,-1,18
394201,-2.98971,39,real,-1,18
394237,-7.956613,36,real,-1,15
394267,-5.539139,30,real,-1,9
394293,-1.913076,26,real,-1,5
394331,-1.145812,38,real,-1,17
394358,-0.939127,27,real,-1,6
394386,-3.820446,28,real,-1,7
394424,-11.110258,38,real,-1,17
394459,-5.541513,35,real,-1,14
394485,-14.049666,26,synthetic,0,5
394524,-1.312103,39,real,-1,18
394551,-0.635955,27,real,-1,6
394573,-4.539116,22,real,-1,1
394612,-10.898488,39,real,-1,18
394633,-17.049229,21,synthetic,0,0
394657,-0.410728,24,real,-1,3
394684,-2.534425,27,real,-1,6
394711,-0.609303,27,real,-1,6
394744,-8.380644,33,real,-1,12
394779,-9.171323,35,real,-1,14
394802,-13.345577,23,synthetic,0,2
394839,-1.85674,37,real,-1,16
394874,0.167727,35,real,-1,14
394904,-4.218349,30,real,-1,9
394945,-47.051597,41,synthetic,2,20
394984,-36.784908,39,synthetic,2,18
395016,1.571987,32,real,-1,11
395041,-4.755819,25,real,-1,4
395079,-16.340252,38,synthetic,0,17
395112,-13.780393,33,synthetic,0,12
395143,-1.030722,31,real,-1,10
395172,-3.55284,29,real,-1,8
395210,-8.913729,38,real,-1,17
395239,-2.22509,29,real,-1,8
395266,-28.107381,27,synthetic,1,6
395292,-0.596937,26,real,-1,5
395320,4.275486,28,real,-1,7
395362,-10.866117,42,real,-1,21
395391,-18.805094,29,synthetic,0,8
395421,-17.177171,30,synthetic,0,9
395449,-2.320147,28,real,-1,7
395481,-37.413591,32,synthetic,2,11
395505,-5.936127,24,real,-1,3
395529,-26.643108,24,synthetic,1,3
395567,-6.54562,38,real,-1,17
395595,-11.459007,28,synthetic,0,7
395619,-4.293147,24,real,-1,3
395642,-19.621958,23,synthetic,1,2
395663,-2.634651,21,real,-1,0
395699,4.419697,36,real,-1,15
395720,6.822711,21,real,-1,0
395760,-8.930387,40,real,-1,19
395793,-38.150954,33,synthetic,2,12
395834,-7.352038,41,real,-1,20
395864,2.018982,30,real,-1,9
395889,-4.848632,25,real,-1,4
395923,-5.218754,34,real,-1,13
395961,-2.364051,38,real,-1,17
395995,-8.586646,34,real,-1,13
396034,-32.162926,39,synthetic,2,18
396064,0.061626,30,real,-1,9
396086,-1.187612,22,real,-1,1
396113,-9.456191,27,real,-1,6
396150,-5.522748,37,real,-1,16
396181,-18.755352,31,synthetic,1,10
396210,-25.060655,29,synthetic,2,8
396245,-32.328134,35,synthetic,1,14
396273,-13.778229,28,synthetic,0,7
396313,-28.219041,40,synthetic,1,19
396354,-14.094132,41,synthetic,0,20
396387,-53.873483,33,synthetic,2,12
396426,-7.478024,39,real,-1,18
396462,6.5558,36,real,-1,15
396504,-1.001319,42,real,-1,21
396544,-6.16591,40,real,-1,19
396569,-13.928205,25,synthetic,0,4
396603,-7.538845,34,real,-1,13
396636,-2.77171,33,real,-1,12
396657,-0.560473,21,real,-1,0
396694,0.470387,37,real,-1,16
396735,2.410908,41,real,-1,20
396776,-6.502988,41,real,-1,20
396818,-7.311371,42,real,-1,21
396843,-16.692746,25,synthetic,0,4
396884,-10.302648,41,real,-1,20
396924,-7.44638,40,real,-1,19
396957,-9.855784,33,synthetic,0,12
396985,-3.526208,28,real,-1,7
397010,-45.561591,25,synthetic,2,4
397046,-2.410897,36,real,-1,15
397082,-6.908677,36,real,-1,15
397112,-6.410368,30,real,-1,9
397153,-10.202695,41,synthetic,0,20
397183,1.732435,30,real,-1,9
397210,2.87027,27,real,-1,6
397249,-6.458084,39,real,-1,18
397281,-2.032465,32,real,-1,11
397323,3.597765,42,real,-1,21
397348,-1.557418,25,real,-1,4
397377,-1.232714,29,real,-1,8
397416,1.89208,39,real,-1,18
397447,-3.428749,31,real,-1,10
397487,-8.933182,40,real,-1,19
397526,0.253946,39,real,-1,18
397548,1.358764,22,real,-1,1
397574,-2.985296,26,real,-1,5
397604,-10.666782,30,real,-1,9
397630,-1.423457,26,real,-1,5
397665,-4.337867,35,real,-1,14
397701,-1.929091,36,real,-1,15
397733,-2.956712,32,real,-1,11
397765,-30.199634,32,synthetic,1,11
397796,-0.232132,31,real,-1,10
397822,-26.38844,26,synthetic,1,5
397857,-4.294946,35,real,-1,14
397890,-6.938959,33,real,-1,12
397931,-5.565672,41,real,-1,20
397967,-7.337612,36,synthetic,0,15
397995,3.225224,28,real,-1,7
398030,-22.663401,35,synthetic,0,14
398060,-1.509776,30,real,-1,9
398098,-3.147941,38,real,-1,17
398140,-2.481157,42,real,-1,21
398170,-0.382427,30,real,-1,9
398212,-36.168175,42,synthetic,2,21
398237,-7.619148,25,real,-1,4
398258,-1.828842,21,real,-1,0
398299,-6.156741,41,real,-1,20
398332,-9.31486,33,real,-1,12
398369,-7.02251,37,real,-1,16
398410,3.823219,41,real,-1,20
398442,-24.9042,32,synthetic,1,11
398469,0.541669,27,real,-1,6
398492,-15.995401,23,synthetic,0,2
398522,-7.058854,30,real,-1,9
398550,-18.259909,28,synthetic,1,7
398592,2.961952,42,real,-1,21
398626,-18.710314,34,synthetic,0,13
398659,-1.05967,33,real,-1,12
398695,-16.769082,36,synthetic,0,15
398733,-8.305813,38,real,-1,17
398760,-2.690866,27,real,-1,6
398788,-3.228936,28,real,-1,7
398818,-3.920516,30,real,-1,9
398851,-23.505226,33,synthetic,1,12
398883,-9.386627,32,real,-1,11
398919,-10.363299,36,real,-1,15
398953,-8.7684,34,real,-1,13
398990,-0.648637,37,real,-1,16
399031,-6.822152,41,real,-1,20
399067,-5.563334,36,real,-1,15
399090,1.97039,23,real,-1,2
399124,-2.760704,34,real,-1,13
399147,0.666184,23,real,-1,2
399173,-18.013468,26,synthetic,1,5
399214,-24.934502,41,synthetic,1,20
399254,0.522709,40,real,-1,19
399291,-2.534393,37,real,-1,16
399330,0.984311,39,real,-1,18
399364,-27.749,34,synthetic,1,13
399395,2.534282,31,real,-1,10
399423,-1.36583,28,real,-1,7
399450,-1.355266,27,real,-1,6
399474,0.254779,24,real,-1,3
399497,-9.707682,23,real,-1,2
399534,-2.107609,37,real,-1,16
399572,1.014688,38,real,-1,17
399607,-14.239307,35,synthetic,0,14
399646,-1.208418,39,real,-1,18
399668,-15.163228,22,synthetic,0,1
399702,-0.120664,34,real,-1,13
399737,-4.871597,35,real,-1,14
399763,-6.31252,26,real,-1,5
399786,2.240306,23,real,-1,2
399827,-28.717465,41,synthetic,1,20
399848,5.745252,21,real,-1,0
399869,-3.605076,21,real,-1,0
399901,-18.968219,32,synthetic,0,11
399939,-5.541567,38,real,-1,17
399964,-8.606961,25,real,-1,4
399985,2.859027,21,real,-1,0
400011,1.34534,26,real,-1,5
400052,-4.82048,41,real,-1,20
400087,-30.183973,35,synthetic,2,14
400127,-9.104452,40,real,-1,19
400159,-5.691239,32,real,-1,11
400184,0.611129,25,real,-1,4
400226,-0.692794,42,real,-1,21
400250,-1.547885,24,real,-1,3
400291,-8.727025,41,synthetic,0,20
400323,-9.043416,32,real,-1,11
400353,-0.770447,30,real,-1,9
400388,-0.581552,35,real,-1,14
400422,-5.701045,34,real,-1,13
400461,-34.740168,39,synthetic,2,18
400503,-2.153851,42,real,-1,21
400543,-7.164624,40,real,-1,19
400568,-25.855754,25,synthetic,1,4
400595,-3.779242,27,real,-1,6
400634,-7.122158,39,real,-1,18
400675,-0.017004,41,real,-1,20
400716,-9.92586,41,synthetic,0,20
400757,-4.990152,41,real,-1,20
400780,2.978889,23,real,-1,2
400818,-8.265906,38,real,-1,17
400856,-3.196102,38,real,-1,17
400884,-2.009506,28,real,-1,7
400912,-4.594722,28,real,-1,7
400942,3.21802,30,real,-1,9
400967,-1.058777,25,real,-1,4
400998,-0.89514,31,real,-1,10
401038,5.825116,40,real,-1,19
401065,-5.62552,27,real,-1,6
401103,-21.821067,38,synthetic,1,17
401135,-11.262552,32,real,-1,11
401171,-24.14601,36,synthetic,1,15
401198,-4.635905,27,real,-1,6
401231,-17.297954,33,synthetic,1,12
401263,-22.952151,32,synthetic,1,11
401304,-0.938959,41,real,-1,20
401345,3.811229,41,real,-1,20
401372,-0.533946,27,real,-1,6
401403,-2.40014,31,real,-1,10
401430,-4.573258,27,real,-1,6
401458,-3.572214,28,real,-1,7
401500,-13.276665,42,real,-1,21
401541,-7.258218,41,real,-1,20
401568,-0.810312,27,real,-1,6
401594,-32.473794,26,synthetic,2,5
401615,-1.637214,21,real,-1,0
401637,0.582515,22,real,-1,1
401671,-20.033905,34,synthetic,1,13
401695,-0.668172,24,real,-1,3
401729,1.171055,34,real,-1,13
401764,-8.715666,35,real,-1,14
401800,-0.344055,36,real,-1,15
401833,-3.601074,33,real,-1,12
401863,-2.42788,30,real,-1,9
401899,-0.23268,36,real,-1,15
401925,0.443046,26,real,-1,5
401946,3.02266,21,real,-1,0
401978,-2.06676,32,real,-1,11
402003,2.079514,25,real,-1,4
402037,-4.444879,34,real,-1,13
402073,-1.511438,36,real,-1,15
402103,-3.717509,30,real,-1,9
402134,-10.434118,31,real,-1,10
402163,-7.047303,29,real,-1,8
402193,-2.785653,30,real,-1,9
402219,-41.868728,26,synthetic,2,5
402258,-8.799957,39,real,-1,18
402298,-26.235199,40,synthetic,2,19
402326,-1.944917,28,real,-1,7
402363,5.508823,37,real,-1,16
402388,-37.831321,25,synthetic,2,4
402415,-1.296175,27,real,-1,6
402438,1.33621,23,real,-1,2
402464,-7.387676,26,real,-1,5
402487,3.243574,23,real,-1,2
402523,-9.258324,36,real,-1,15
402548,-27.170825,25,synthetic,1,4
402569,0.554867,21,real,-1,0
402596,-4.76476,27,real,-1,6
402622,0.477887,26,real,-1,5
402648,-0.557822,26,real,-1,5
402680,-11.155068,32,real,-1,11
402717,4.348332,37,real,-1,16
402757,-3.066877,40,real,-1,19
402799,-12.30111,42,real,-1,21
402837,-7.936807,38,real,-1,17
402862,1.123863,25,real,-1,4
402897,-30.760724,35,synthetic,2,14
402933,0.826413,36,real,-1,15
402961,2.114354,28,real,-1,7
402997,-19.582156,36,synthetic,0,15
403033,-4.092735,36,real,-1,15
403075,1.786595,42,real,-1,21
403114,-39.073783,39,synthetic,2,18
403135,-2.232622,21,real,-1,0
403156,0.159206,21,real,-1,0
403178,-10.297018,22,real,-1,1
403216,-19.275082,38,synthetic,0,17
403244,3.302373,28,real,-1,7
403275,-10.383438,31,real,-1,10
403306,-6.600358,31,real,-1,10
403344,-11.057818,38,real,-1,17
403376,0.708848,32,real,-1,11
403412,-9.820645,36,real,-1,15
403435,-4.915711,23,real,-1,2
403477,-9.617092,42,real,-1,21
403498,-0.148599,21,real,-1,0
403535,4.489395,37,real,-1,16
403567,-4.397633,32,real,-1,11
403607,-11.152627,40,real,-1,19
403634,-10.426157,27,synthetic,0,6
403671,-4.390158,37,real,-1,16
403704,-0.579911,33,real,-1,12
403739,0.388463,35,real,-1,14
403775,-1.920622,36,real,-1,15
403799,0.880182,24,real,-1,3
403834,-11.164758,35,synthetic,0,14
403857,-0.964653,23,real,-1,2
403883,2.685164,26,real,-1,5
403916,-6.715662,33,real,-1,12
403958,-1.813901,42,real,-1,21
403993,-0.679459,35,real,-1,14
404015,-5.343873,22,real,-1,1
404037,-4.003111,22,real,-1,1
404059,-38.502744,22,synthetic,2,1
404086,4.60699,27,real,-1,6
404126,-0.700283,40,real,-1,19
404162,-2.512219,36,real,-1,15
404192,-27.911515,30,synthetic,2,9
404217,-7.802443,25,real,-1,4
404248,-2.938593,31,real,-1,10
404271,-4.314555,23,real,-1,2
404313,-9.558616,42,real,-1,21
404353,-5.759234,40,real,-1,19
404384,0.271874,31,real,-1,10
404425,-2.730131,41,real,-1,20
404455,-2.058845,30,real,-1,9
404491,-2.68557,36,real,-1,15
404514,-8.383236,23,real,-1,2
404541,-4.660319,27,real,-1,6
404567,-22.972688,26,synthetic,1,5
404597,-2.452484,30,real,-1,9
404631,-43.073909,34,synthetic,2,13
404663,-5.032286,32,real,-1,11
404702,-13.481774,39,synthetic,0,18
404744,-6.623734,42,synthetic,0,21
404766,-2.022175,22,real,-1,1
404793,-25.245804,27,synthetic,1,6
404822,-3.000656,29,real,-1,8
404856,0.006621,34,real,-1,13
404880,-25.433974,24,synthetic,1,3
404911,-1.757833,31,real,-1,10
404941,-2.136962,30,real,-1,9
404981,-2.88996,40,real,-1,19
405008,2.621271,27,real,-1,6
405045,-5.261937,37,real,-1,16
405081,-2.053209,36,real,-1,15
405123,-21.430477,42,synthetic,1,21
405165,-47.212775,42,synthetic,2,21
405204,-7.050956,39,real,-1,18
405240,-4.560873,36,real,-1,15
405271,-6.241238,31,real,-1,10
405310,1.318301,39,real,-1,18
405343,-7.637141,33,real,-1,12
405374,-23.099305,31,synthetic,1,10
405398,-1.873188,24,real,-1,3
405427,0.824082,29,real,-1,8
405462,-13.37671,35,real,-1,14
405497,-3.834642,35,real,-1,14
405519,-7.859863,22,real,-1,1
405559,-13.78707,40,real,-1,19
405593,-2.219142,34,real,-1,13
405619,1.390351,26,real,-1,5
405659,1.818332,40,real,-1,19
405695,1.775488,36,real,-1,15
405723,-0.80341,28,real,-1,7
405749,-8.002719,26,real,-1,5
405789,-4.213492,40,real,-1,19
405819,-14.435143,30,synthetic,0,9
405856,-7.800866,37,real,-1,16
405889,-7.321797,33,real,-1,12
405921,-8.497757,32,real,-1,11
405957,0.761369,36,real,-1,15
405993,-10.457396,36,real,-1,15
406016,-0.609456,23,real,-1,2
406051,-12.410877,35,real,-1,14
406079,-14.054502,28,synthetic,0,7
406102,0.419168,23,real,-1,2
406124,-12.036726,22,synthetic,1,1
406147,-3.279714,23,real,-1,2
406187,-4.777564,40,real,-1,19
406228,0.737527,41,real,-1,20
406260,4.180771,32,real,-1,11
406301,-0.561171,41,real,-1,20
406339,-7.567079,38,real,-1,17
406375,3.881188,36,real,-1,15
406409,-6.375748,34,real,-1,13
406447,-25.558869,38,synthetic,2,17
406468,-3.715572,21,real,-1,0
406494,-9.959821,26,real,-1,5
406530,-4.239885,36,real,-1,15
406563,-3.563333,33,real,-1,12
406587,6.084417,24,real,-1,3
406626,-8.403584,39,real,-1,18
406661,1.441923,35,real,-1,14
406690,-1.700828,29,real,-1,8
406723,0.367251,33,real,-1,12
406751,1.231477,28,real,-1,7
406777,-19.349367,26,synthetic,1,5
406809,-2.389565,32,real,-1,11
406833,-3.533129,24,real,-1,3
406872,3.523436,39,real,-1,18
406902,0.493735,30,real,-1,9
406938,-0.513565,36,real,-1,15
406962,-3.526406,24,real,-1,3
406984,4.111701,22,real,-1,1
407007,-0.109539,23,real,-1,2
407043,-5.781126,36,real,-1,15
407070,-2.435127,27,real,-1,6
407101,-3.64873,31,real,-1,10
407125,-8.602034,24,synthetic,0,3
407154,3.605046,29,real,-1,8
407178,-3.107164,24,real,-1,3
407220,-9.164313,42,real,-1,21
407259,-7.211664,39,real,-1,18
407288,-6.502912,29,real,-1,8
407326,-29.64728,38,synthetic,1,17
407350,3.211371,24,real,-1,3
407384,-50.922089,34,synthetic,2,13
407409,-2.794876,25,real,-1,4
407441,-12.674237,32,synthetic,0,11
407481,-25.844563,40,synthetic,1,19
407517,-16.545836,36,synthetic,1,15
407551,1.014673,34,real,-1,13
407588,-39.236833,37,synthetic,2,16
407626,-13.686545,38,synthetic,0,17
407653,-3.638972,27,real,-1,6
407684,-1.939282,31,real,-1,10
407722,-0.978993,38,real,-1,17
407745,0.751174,23,real,-1,2
407768,3.430271,23,real,-1,2
407791,-1.637543,23,real,-1,2
407813,0.266973,22,real,-1,1
407854,-5.142293,41,real,-1,20
407891,-3.304623,37,real,-1,16
407920,-6.216988,29,real,-1,8
407943,-0.875677,23,real,-1,2
407984,-6.40369,41,real,-1,20
408025,-2.031522,41,real,-1,20
408058,-14.199146,33,real,-1,12
408099,-1.885342,41,real,-1,20
408121,-26.093369,22,synthetic,1,1
408148,-28.87748,27,synthetic,1,6
408173,-26.38332,25,synthetic,1,4
408206,-4.740138,33,real,-1,12
408247,-2.689237,41,real,-1,20
408284,0.01267,37,real,-1,16
408315,-6.858458,31,real,-1,10
408346,-2.489889,31,real,-1,10
408370,-3.397645,24,real,-1,3
408400,-6.015853,30,real,-1,9
408424,-3.992056,24,real,-1,3
408447,1.1298,23,real,-1,2
408473,-3.207549,26,real,-1,5
408514,-4.140113,41,real,-1,20
408556,-23.153726,42,synthetic,1,21
408578,-7.460571,22,real,-1,1
408603,-5.618403,25,real,-1,4
408631,-4.109176,28,real,-1,7
408657,-19.170749,26,synthetic,0,5
408688,-34.095135,31,synthetic,2,10
408721,3.570644,33,real,-1,12
408753,-1.213782,32,real,-1,11
408787,-22.462085,34,synthetic,2,13
408811,-6.265207,24,real,-1,3
408852,-13.825676,41,synthetic,0,20
408888,-7.570698,36,real,-1,15
408921,-5.022571,33,real,-1,12
408960,-8.333356,39,real,-1,18
408983,0.835839,23,real,-1,2
409025,-10.057113,42,real,-1,21
409057,-4.769027,32,real,-1,11
409098,-28.923953,41,synthetic,1,20
409125,-1.679863,27,real,-1,6
409162,-2.517179,37,real,-1,16
409196,-5.251618,34,real,-1,13
409225,-0.911068,29,real,-1,8
409266,-4.003432,41,real,-1,20
409287,-17.542345,21,synthetic,0,0
409318,1.268477,31,real,-1,10
409349,-2.419352,31,real,-1,10
409373,-6.98029,24,real,-1,3
409404,-3.320355,31,real,-1,10
409446,-4.082938,42,real,-1,21
409486,4.434717,40,real,-1,19
409519,-4.182287,33,real,-1,12
409553,-0.222456,34,real,-1,13
409583,-39.147056,30,synthetic,2,9
409607,-31.483053,24,synthetic,2,3
409638,-4.620816,31,real,-1,10
409674,-13.715225,36,synthetic,0,15
409716,-1.765904,42,real,-1,21
409742,-1.791186,26,real,-1,5
409778,-4.39578,36,real,-1,15
409813,-11.036892,35,synthetic,0,14
409853,-49.732788,40,synthetic,2,19
409888,-3.284037,35,real,-1,14
409923,-3.401299,35,real,-1,14
409950,-1.434802,27,real,-1,6
409987,-1.497399,37,real,-1,16
410018,-2.231818,31,real,-1,10
410046,-0.257711,28,real,-1,7
410078,-2.588943,32,real,-1,11
410101,-21.68664,23,synthetic,1,2
410134,-28.355093,33,synthetic,1,12
410165,3.074697,31,real,-1,10
410198,-14.984931,33,synthetic,0,12
410239,-19.32429,41,synthetic,1,20
410271,-7.895361,32,real,-1,11
410309,-4.506992,38,real,-1,17
410349,-47.926131,40,synthetic,2,19
410377,-7.430298,28,real,-1,7
410407,-4.611429,30,real,-1,9
410446,-31.177445,39,synthetic,1,18
410483,-12.807421,37,real,-1,16
410509,-17.666449,26,real,-1,5
410533,-21.404061,24,synthetic,2,3
410570,-6.172246,37,real,-1,16
410607,-6.314419,37,real,-1,16
410631,-1.535372,24,real,-1,3
410670,-0.780889,39,real,-1,18
410693,0.399672,23,real,-1,2
410732,0.022591,39,real,-1,18
410774,-4.070921,42,real,-1,21
410810,-2.178351,36,real,-1,15
410839,-6.59028,29,real,-1,8
410879,-7.553496,40,real,-1,19
410900,-1.525187,21,real,-1,0
410925,-2.888041,25,real,-1,4
410964,3.476869,39,real,-1,18
411002,-4.97883,38,real,-1,17
411036,4.681257,34,real,-1,13
411074,-9.299137,38,real,-1,17
411100,-2.290758,26,real,-1,5
411121,-10.311251,21,synthetic,0,0
411160,-10.129311,39,real,-1,18
411187,-29.095388,27,synthetic,1,6
411226,-3.322059,39,real,-1,18
411262,-4.125954,36,real,-1,15
411287,-5.60129,25,real,-1,4
411317,1.425107,30,real,-1,9
411354,-1.991296,37,real,-1,16
411377,-4.255472,23,real,-1,2
411419,-12.295486,42,real,-1,21
411446,-37.497827,27,synthetic,2,6
411479,-1.178143,33,real,-1,12
411510,-10.285063,31,synthetic,0,10
411538,-28.647312,28,synthetic,1,7
411576,-14.00009,38,real,-1,17
411597,2.259208,21,real,-1,0
411627,-5.811993,30,real,-1,9
411669,-7.106002,42,real,-1,21
411690,0.50421,21,real,-1,0
411722,1.659817,32,real,-1,11
411763,-1.929559,41,real,-1,20
411790,-3.232566,27,real,-1,6
411814,5.641946,24,real,-1,3
411852,-14.765481,38,synthetic,0,17
411882,-4.337252,30,real,-1,9
411923,-3.133156,41,real,-1,20
411964,-4.486152,41,real,-1,20
411991,-9.6775,27,real,-1,6
412020,-4.485067,29,real,-1,8
412048,1.287913,28,real,-1,7
412087,-5.471073,39,real,-1,18
412122,-1.03601,35,real,-1,14
412150,-28.6832,28,synthetic,1,7
412190,-6.914538,40,real,-1,19
412224,-1.405362,34,real,-1,13
412265,0.204218,41,real,-1,20
412295,-2.175272,30,real,-1,9
412323,-6.18835,28,real,-1,7
412345,-4.842217,22,real,-1,1
412382,-0.793712,37,real,-1,16
412424,-7.189354,42,real,-1,21
412454,4.744287,30,real,-1,9
412481,3.209165,27,real,-1,6
412514,-7.133875,33,real,-1,12
412550,-4.239676,36,real,-1,15
412591,-0.572032,41,real,-1,20
412625,-2.850106,34,real,-1,13
412664,-4.931602,39,real,-1,18
412701,0.256916,37,real,-1,16
412729,-10.755823,28,real,-1,7
412752,2.293777,23,real,-1,2
412792,-39.680475,40,synthetic,2,19
412819,-1.815671,27,real,-1,6
412857,-8.651039,38,real,-1,17
412882,-2.535604,25,real,-1,4
412908,-2.455271,26,real,-1,5
412944,-17.416534,36,synthetic,0,15
412973,-7.718994,29,real,-1,8
412994,2.08884,21,real,-1,0
413025,-29.724792,31,synthetic,2,10
413057,-3.115158,32,real,-1,11
413082,8.082879,25,real,-1,4
413109,-2.285833,27,real,-1,6
413138,-2.311539,29,real,-1,8
413173,-3.666905,35,real,-1,14
413212,-1.40509,39,real,-1,18
413240,-10.212131,28,real,-1,7
413272,-19.714246,32,synthetic,1,11
413307,-9.235277,35,real,-1,14
413330,0.194446,23,real,-1,2
413356,-19.678324,26,synthetic,1,5
413382,-6.699018,26,real,-1,5
413405,-13.909304,23,synthetic,0,2
413440,-24.006546,35,synthetic,1,14
413469,-34.464361,29,synthetic,1,8
413501,0.129723,32,real,-1,11
413525,-7.86773,24,real,-1,3
413552,1.17296,27,real,-1,6
413577,-21.275634,25,synthetic,1,4
413604,-5.162109,27,real,-1,6
413641,-3.318623,37,real,-1,16
413666,0.643931,25,real,-1,4
413688,-8.754971,22,synthetic,0,1
413717,2.91243,29,real,-1,8
413745,-8.904324,28,real,-1,7
413776,-4.367798,31,real,-1,10
413817,-2.891198,41,real,-1,20
413855,-3.447168,38,real,-1,17
413883,6.297739,28,real,-1,7
413914,-3.182765,31,real,-1,10
413943,-2.460958,29,real,-1,8
413977,2.696621,34,real,-1,13
414000,5.605149,23,real,-1,2
414022,-0.605376,22,real,-1,1
414058,-15.768085,36,synthetic,0,15
414093,6.002688,35,real,-1,14
414133,-6.918893,40,synthetic,0,19
414156,-4.449208,23,real,-1,2
414190,-6.384214,34,real,-1,13
414214,-4.961008,24,real,-1,3
414241,4.90015,27,real,-1,6
414272,-42.004267,31,synthetic,2,10
414311,-0.995197,39,real,-1,18
414349,-5.279949,38,real,-1,17
414373,-1.62543,24,real,-1,3
414414,-1.977296,41,real,-1,20
414450,-7.356034,36,real,-1,15
414490,-8.692415,40,real,-1,19
414525,-8.694719,35,real,-1,14
414561,-8.143897,36,synthetic,0,15
414595,-24.398081,34,synthetic,1,13
414624,-0.664123,29,real,-1,8
414645,-1.720031,21,real,-1,0
414667,3.279196,22,real,-1,1
414693,-34.237922,26,synthetic,2,5
414728,0.231047,35,real,-1,14
414769,-32.590159,41,synthetic,1,20
414811,-47.026889,42,synthetic,2,21
414842,-8.463683,31,real,-1,10
414879,-1.544708,37,real,-1,16
414920,-4.678814,41,real,-1,20
414941,-24.613457,21,synthetic,1,0
414970,3.25022,29,real,-1,8
414991,-1.89159,21,real,-1,0
415033,-13.903468,42,synthetic,0,21
415065,-0.603546,32,real,-1,11
415105,-5.469476,40,real,-1,19
415133,-5.223788,28,real,-1,7
415171,-5.315262,38,real,-1,17
415206,-33.058855,35,synthetic,2,14
415238,-6.843233,32,real,-1,11
415268,0.318038,30,real,-1,9
415294,-3.584832,26,real,-1,5
415333,-9.212384,39,real,-1,18
415357,-3.39314,24,real,-1,3
415393,1.55577,36,real,-1,15
415417,-6.853853,24,real,-1,3
415451,-4.484236,34,real,-1,13
415486,-14.654671,35,synthetic,0,14
415515,1.06024,29,real,-1,8
415555,-0.990701,40,real,-1,19
415586,-3.067444,31,real,-1,10
415622,-4.567836,36,real,-1,15
415656,-31.967113,34,synthetic,1,13
415687,-35.88142,31,synthetic,2,10
415709,-42.113047,22,synthetic,2,1
415736,-0.047022,27,real,-1,6
415764,-7.614411,28,synthetic,0,7
415797,-0.337249,33,real,-1,12
415828,-8.074757,31,real,-1,10
415863,-4.394055,35,real,-1,14
415884,-8.494313,21,real,-1,0
415912,-3.551228,28,real,-1,7
415946,-0.960928,34,real,-1,13
415975,-3.160205,29,real,-1,8
416008,1.256855,33,real,-1,12
416045,-4.098161,37,real,-1,16
416076,-37.413064,31,synthetic,2,10
416108,-2.261823,32,real,-1,11
416135,-1.576368,27,real,-1,6
416159,3.851499,24,real,-1,3
416185,4.34703,26,real,-1,5
416220,2.271472,35,real,-1,14
416242,2.250383,22,real,-1,1
416264,-3.285557,22,real,-1,1
416289,-36.106579,25,synthetic,2,4
416320,-8.325247,31,real,-1,10
416360,-5.126782,40,real,-1,19
416392,-0.916627,32,real,-1,11
416418,2.671275,26,real,-1,5
416442,-10.623361,24,synthetic,0,3
416465,-6.398041,23,real,-1,2
416488,-2.821956,23,real,-1,2
416528,-3.902494,40,real,-1,19
416556,-27.102977,28,synthetic,1,7
416578,-6.633909,22,real,-1,1
416620,-1.967735,42,real,-1,21
416652,0.465523,32,real,-1,11
416679,-3.263886,27,real,-1,6
416703,-2.437734,24,real,-1,3
416724,-8.30689,21,real,-1,0
416756,-2.178731,32,real,-1,11
416777,-1.592405,21,real,-1,0
416800,-7.609192,23,real,-1,2
416839,3.294164,39,real,-1,18
416877,-0.414383,38,real,-1,17
416912,-9.913183,35,real,-1,14
416947,-6.390679,35,real,-1,14
416978,-14.423964,31,synthetic,0,10
417003,-2.294014,25,real,-1,4
417041,-2.583615,38,real,-1,17
417064,-5.463584,23,real,-1,2
417093,-0.487207,29,real,-1,8
417132,-8.537446,39,real,-1,18
417159,-17.729425,27,synthetic,0,6
417189,-1.491714,30,real,-1,9
417228,-9.251019,39,real,-1,18
417267,0.915149,39,real,-1,18
417308,-5.434058,41,real,-1,20
417339,-18.598368,31,synthetic,1,10
417372,2.881805,33,real,-1,12
417393,-0.638348,21,real,-1,0
417428,-0.404965,35,real,-1,14
417467,-9.395928,39,real,-1,18
417496,4.197982,29,real,-1,8
417521,-3.254875,25,real,-1,4
417557,-2.159531,36,real,-1,15
417580,-4.79751,23,real,-1,2
417614,-8.10795,34,real,-1,13
417635,-4.288288,21,real,-1,0
417660,-3.494375,25,real,-1,4
417698,-7.149669,38,real,-1,17
417728,-1.161801,30,real,-1,9
417754,-7.483019,26,synthetic,0,5
417788,-7.464239,34,real,-1,13
417823,-7.739299,35,real,-1,14
417853,-7.503908,30,real,-1,9
417882,-1.746152,29,real,-1,8
417911,-0.992087,29,real,-1,8
417942,-4.633772,31,real,-1,10
417982,-3.975439,40,real,-1,19
418011,-0.029296,29,real,-1,8
418035,-11.320045,24,synthetic,0,3
418076,-6.281302,41,real,-1,20
418104,-5.468419,28,real,-1,7
418136,-22.163021,32,synthetic,1,11
418157,-9.42562,21,synthetic,0,0
418192,-1.821624,35,real,-1,14
418217,-31.986748,25,synthetic,2,4
418258,-30.948919,41,synthetic,2,20
418294,-3.363942,36,real,-1,15
418329,-36.486578,35,synthetic,2,14
418354,-5.514164,25,real,-1,4
418390,-6.075081,36,real,-1,15
418422,-3.218931,32,real,-1,11
418455,0.647056,33,real,-1,12
418480,-28.328405,25,synthetic,1,4
418518,-1.104719,38,real,-1,17
418539,1.23616,21,real,-1,0
418575,-3.241062,36,real,-1,15
418609,-2.54913,34,real,-1,13
418641,-4.400424,32,real,-1,11
418671,1.981252,30,real,-1,9
418702,-5.760546,31,real,-1,10
418739,-3.373782,37,real,-1,16
418769,-4.687607,30,real,-1,9
418806,-6.441666,37,real,-1,16
418828,-32.561293,22,synthetic,1,1
418861,-1.362776,33,real,-1,12
418903,-1.355474,42,real,-1,21
418930,1.494705,27,real,-1,6
418955,-3.981729,25,real,-1,4
418979,-3.685423,24,real,-1,3
419021,5.961368,42,real,-1,21
419055,-5.412506,34,real,-1,13
419076,-2.072956,21,real,-1,0
419099,-10.710649,23,real,-1,2
419128,-32.248723,29,synthetic,2,8
419150,0.262622,22,real,-1,1
419177,4.459912,27,real,-1,6
419211,-17.696318,34,synthetic,1,13
419234,-3.902442,23,real,-1,2
419258,0.180908,24,real,-1,3
419295,-9.887485,37,real,-1,16
419324,-6.678348,29,real,-1,8
419361,-3.402096,37,real,-1,16
419386,-2.687258,25,real,-1,4
419424,1.442229,38,real,-1,17
419459,-3.009201,35,real,-1,14
419501,-3.168174,42,real,-1,21
419536,-7.698419,35,real,-1,14
419573,-11.154832,37,real,-1,16
419600,0.301789,27,real,-1,6
419621,-0.446955,21,real,-1,0
419659,-3.925999,38,real,-1,17
419682,-0.424836,23,real,-1,2
419709,-30.226196,27,synthetic,2,6
419743,-0.904531,34,real,-1,13
419766,-1.797514,23,real,-1,2
419792,-4.415328,26,real,-1,5
419834,-7.233449,42,real,-1,21
419876,0.690468,42,real,-1,21
419897,-4.015246,21,real,-1,0
419919,-24.146928,22,synthetic,1,1
419946,-1.332075,27,real,-1,6
419971,-4.694622,25,real,-1,4
420002,-0.565516,31,real,-1,10
420042,1.902296,40,real,-1,19
420069,-3.067194,27,real,-1,6
420091,-2.54518,22,real,-1,1
420133,-24.873067,42,synthetic,1,21
420169,-11.024406,36,synthetic,0,15
420211,-0.79833,42,real,-1,21
420240,-3.728906,29,real,-1,8
420278,-23.063057,38,synthetic,1,17
420302,-15.883423,24,synthetic,0,3
420340,-7.081468,38,real,-1,17
420366,-24.013552,26,synthetic,1,5
420394,0.434308,28,real,-1,7
420429,-5.522108,35,real,-1,14
420471,-40.85171,42,synthetic,2,21
420508,-5.316606,37,real,-1,16
420531,-9.85833,23,real,-1,2
420552,-2.569622,21,real,-1,0
420584,3.749236,32,real,-1,11
420614,1.914759,30,real,-1,9
420645,-2.819797,31,real,-1,10
420670,-0.732674,25,real,-1,4
420691,-6.108674,21,real,-1,0
420733,-7.144407,42,real,-1,21
420755,6.388567,22,real,-1,1
420781,-6.650765,26,real,-1,5
420806,0.912647,25,real,-1,4
420845,-31.129207,39,synthetic,1,18
420886,-5.997598,41,real,-1,20
420914,-28.44975,28,synthetic,2,7
420947,1.661486,33,real,-1,12
420978,1.880908,31,real,-1,10
421006,-11.475515,28,synthetic,0,7
421033,1.621173,27,real,-1,6
421063,0.221066,30,real,-1,9
421097,-1.121485,34,real,-1,13
421126,-8.99811,29,real,-1,8
421166,-2.548786,40,real,-1,19
421198,-14.03894,32,synthetic,0,11
421223,-15.678866,25,synthetic,0,4
421262,-8.284815,39,real,-1,18
421289,-7.378117,27,real,-1,6
421313,2.747374,24,real,-1,3
421353,2.791744,40,real,-1,19
421389,-46.58089,36,synthetic,2,15
421415,-6.476291,26,real,-1,5
421438,-2.448941,23,real,-1,2
421461,-3.511567,23,real,-1,2
421502,-3.364775,41,real,-1,20
421531,-10.09422,29,real,-1,8
421569,-10.992019,38,real,-1,17
421605,-1.070319,36,real,-1,15
421633,-4.849837,28,real,-1,7
421675,-6.274992,42,real,-1,21
421703,-2.326631,28,real,-1,7
421735,3.195782,32,real,-1,11
421773,-30.010673,38,synthetic,2,17
421803,-4.914791,30,real,-1,9
421840,-0.822639,37,real,-1,16
421863,-2.371021,23,real,-1,2
421901,-2.926201,38,real,-1,17
421942,-19.339685,41,synthetic,0,20
421979,0.087889,37,real,-1,16
422008,4.693515,29,real,-1,8
422049,-4.665346,41,real,-1,20
422081,-0.358118,32,real,-1,11
422116,-3.651561,35,real,-1,14
422157,-6.010973,41,real,-1,20
422181,-34.50221,24,synthetic,2,3
422210,-12.438171,29,synthetic,0,8
422238,-4.318477,28,real,-1,7
422268,-29.816061,30,synthetic,2,9
422298,-4.909382,30,real,-1,9
422328,-22.212966,30,synthetic,1,9
422356,-2.456962,28,real,-1,7
422380,-5.893975,24,real,-1,3
422405,-4.465916,25,real,-1,4
422444,-4.711437,39,real,-1,18
422480,1.761643,36,real,-1,15
422519,-31.018975,39,synthetic,2,18
422555,-3.318132,36,real,-1,15
422580,-25.521155,25,synthetic,1,4
422612,-4.894624,32,real,-1,11
422640,-0.898931,28,real,-1,7
422669,-1.514798,29,real,-1,8
422691,-4.31767,22,real,-1,1
422714,-5.570626,23,real,-1,2
422756,-0.457767,42,real,-1,21
422795,-2.487715,39,real,-1,18
422823,-1.761681,28,real,-1,7
422853,-0.42049,30,real,-1,9
422889,4.874531,36,real,-1,15
422910,2.807065,21,real,-1,0
422936,-21.321527,26,synthetic,1,5
422963,-9.733561,27,real,-1,6
423004,-6.618145,41,real,-1,20
423045,-10.585158,41,real,-1,20
423078,-3.624645,33,real,-1,12
423106,-19.67994,28,synthetic,1,7
423128,3.526902,22,real,-1,1
423164,-2.43501,36,real,-1,15
423195,-5.042994,31,real,-1,10
423217,-0.678137,22,real,-1,1
423250,-2.494072,33,real,-1,12
423292,-1.825692,42,real,-1,21
423331,-2.620327,39,real,-1,18
423356,-4.089167,25,real,-1,4
423392,-3.260812,36,real,-1,15
423417,-36.618989,25,synthetic,2,4
423439,-0.130736,22,real,-1,1
423469,-7.334628,30,real,-1,9
423511,1.624805,42,real,-1,21
423552,-3.599393,41,real,-1,20
423582,-2.635693,30,real,-1,9
423611,-3.10585,29,real,-1,8
423651,-37.849566,40,synthetic,2,19
423685,-21.793046,34,synthetic,1,13
423713,-3.201401,28,real,-1,7
423754,-4.013386,41,real,-1,20
423779,-2.165516,25,real,-1,4
423811,-4.434658,32,real,-1,11
423833,-41.483721,22,synthetic,2,1
423856,-3.623578,23,real,-1,2
423882,-0.830789,26,real,-1,5
423909,1.200071,27,real,-1,6
423940,-7.717835,31,real,-1,10
423966,-6.009589,26,real,-1,5
423996,-1.50801,30,real,-1,9
424026,-1.715088,30,real,-1,9
424055,-4.754405,29,real,-1,8
424094,-3.861779,39,real,-1,18
424128,-2.34346,34,real,-1,13
424155,-4.072141,27,real,-1,6
424192,-32.059874,37,synthetic,2,16
424213,-6.683244,21,real,-1,0
424248,-2.879475,35,real,-1,14
424270,-46.796784,22,synthetic,2,1
424305,-1.965123,35,real,-1,14
424332,0.482143,27,real,-1,6
424357,-7.157735,25,real,-1,4
424395,-15.117979,38,real,-1,17
424417,4.566803,22,real,-1,1
424447,0.096048,30,real,-1,9
424489,-5.28561,42,real,-1,21
424512,-0.338019,23,real,-1,2
424548,-3.4308,36,real,-1,15
424581,-1.591396,33,real,-1,12
424604,1.059055,23,real,-1,2
424642,6.279474,38,real,-1,17
424678,-34.365921,36,synthetic,2,15
424714,-17.174526,36,synthetic,1,15
424750,-30.098425,36,synthetic,1,15
424780,2.510141,30,real,-1,9
424807,6.50575,27,real,-1,6
424829,-1.820146,22,real,-1,1
424870,-0.165659,41,real,-1,20
424895,-42.51075,25,synthetic,2,4
424934,-4.17496,39,real,-1,18
424960,-10.574378,26,synthetic,0,5
424982,2.101826,22,real,-1,1
425024,-0.601775,42,real,-1,21
425064,-1.065377,40,real,-1,19
425100,0.287698,36,real,-1,15
425133,-12.692218,33,real,-1,12
425167,3.734447,34,real,-1,13
425208,-3.859899,41,real,-1,20
425250,-2.282243,42,real,-1,21
425282,-24.689434,32,synthetic,1,11
425311,0.847869,29,real,-1,8
425344,2.075207,33,real,-1,12
425381,0.127468,37,real,-1,16
425413,-3.071994,32,real,-1,11
425442,-10.614709,29,synthetic,0,8
425481,-33.114801,39,synthetic,2,18
425521,-5.918609,40,real,-1,19
425542,-19.028425,21,synthetic,1,0
425566,-2.554768,24,real,-1,3
425589,-0.323664,23,real,-1,2
425630,6.122661,41,real,-1,20
425665,-6.308268,35,real,-1,14
425688,0.339846,23,real,-1,2
425722,-2.187154,34,real,-1,13
425752,-2.672157,30,real,-1,9
425773,-10.700147,21,synthetic,0,0
425798,-3.422593,25,real,-1,4
425838,1.929036,40,real,-1,19
425869,-25.294113,31,synthetic,1,10
425909,-1.583886,40,real,-1,19
425934,-11.328854,25,synthetic,0,4
425976,-5.163626,42,real,-1,21
426008,-9.549183,32,real,-1,11
426043,-12.776254,35,real,-1,14
426064,-24.09942,21,synthetic,1,0
426095,4.270948,31,real,-1,10
426133,-6.752302,38,real,-1,17
426171,3.15095,38,real,-1,17
426195,3.12012,24,real,-1,3
426216,-5.887124,21,real,-1,0
426256,-5.349335,40,real,-1,19
426293,2.733348,37,real,-1,16
426315,-0.853424,22,real,-1,1
426349,-7.070298,34,real,-1,13
426371,-2.379823,22,real,-1,1
426396,-9.960104,25,real,-1,4
426434,-8.2752,38,synthetic,0,17
426468,-10.183848,34,real,-1,13
426491,2.920148,23,real,-1,2
426533,-7.611705,42,real,-1,21
426568,-2.656231,35,real,-1,14
426595,-2.307574,27,real,-1,6
426616,-0.263405,21,real,-1,0
426642,-0.148411,26,real,-1,5
426679,-13.641401,37,real,-1,16
426709,1.263097,30,real,-1,9
426742,-2.795492,33,real,-1,12
426775,0.425976,33,real,-1,12
426799,-1.791303,24,real,-1,3
426820,-2.81764,21,real,-1,0
426844,-2.621516,24,real,-1,3
426882,-22.325279,38,synthetic,1,17
426918,-5.9286,36,real,-1,15
426950,-3.189765,32,real,-1,11
426982,-1.336319,32,real,-1,11
427022,-4.8145,40,real,-1,19
427046,-3.80536,24,real,-1,3
427080,-9.797074,34,real,-1,13
427104,-6.376399,24,synthetic,0,3
427143,-4.164172,39,real,-1,18
427175,-4.055091,32,real,-1,11
427212,-23.616933,37,synthetic,1,16
427238,-5.644959,26,real,-1,5
427278,0.022621,40,real,-1,19
427315,-1.901034,37,real,-1,16
427340,-4.413732,25,real,-1,4
427379,-4.032973,39,real,-1,18
427409,-1.256241,30,real,-1,9
427433,-2.345686,24,real,-1,3
427470,-1.587567,37,real,-1,16
427500,-14.096948,30,real,-1,9
427526,-0.896442,26,real,-1,5
427556,1.209467,30,real,-1,9
427583,-2.232017,27,real,-1,6
427625,-6.511452,42,real,-1,21
427658,-1.332822,33,real,-1,12
427688,-3.185497,30,real,-1,9
427726,-6.846586,38,real,-1,17
427763,-4.400357,37,real,-1,16
427795,-13.431781,32,real,-1,11
427822,-35.421615,27,synthetic,1,6
427861,-7.949724,39,real,-1,18
427890,-1.411295,29,real,-1,8
427926,-36.440494,36,synthetic,2,15
427955,5.929594,29,real,-1,8
427994,-36.001339,39,synthetic,2,18
428022,-0.201124,28,real,-1,7
428051,-29.442995,29,synthetic,1,8
428091,-12.756031,40,synthetic,0,19
428113,-1.204333,22,real,-1,1
428144,1.332339,31,real,-1,10
428185,5.024611,41,real,-1,20
428223,-0.675716,38,real,-1,17
428251,-8.197712,28,real,-1,7
428280,-2.804,29,real,-1,8
428303,-2.197211,23,real,-1,2
428345,-10.806087,42,real,-1,21
428369,-2.083864,24,real,-1,3
428410,-27.76055,41,synthetic,1,20
428451,-3.647005,41,real,-1,20
428481,-0.485052,30,real,-1,9
428523,-4.75028,42,real,-1,21
428547,-3.596147,24,real,-1,3
428576,-7.725188,29,real,-1,8
428614,1.447614,38,real,-1,17
428651,-5.078632,37,real,-1,16
428677,-8.929128,26,synthetic,0,5
428699,-18.275798,22,synthetic,0,1
428735,-1.173183,36,real,-1,15
428768,-3.537047,33,real,-1,12
428804,0.694778,36,real,-1,15
428827,-7.433467,23,synthetic,0,2
428856,-3.746201,29,real,-1,8
428898,-4.511162,42,real,-1,21
428928,-23.715676,30,synthetic,1,9
428967,-8.040141,39,synthetic,0,18
429002,-25.214178,35,synthetic,1,14
429029,-18.676925,27,synthetic,1,6
429051,-8.192255,22,synthetic,0,1
429079,0.590336,28,real,-1,7
429121,-5.246136,42,real,-1,21
429142,-3.589545,21,real,-1,0
429174,1.730775,32,real,-1,11
429208,4.059308,34,real,-1,13
429246,-12.455082,38,real,-1,17
429268,-2.575721,22,real,-1,1
429303,-5.833264,35,real,-1,14
429329,0.224704,26,real,-1,5
429360,-5.840629,31,real,-1,10
429398,-2.401046,38,real,-1,17
429437,-10.477976,39,synthetic,0,18
429469,-24.188856,32,synthetic,2,11
429504,1.612395,35,real,-1,14
429526,-32.063443,22,synthetic,2,1
429558,-5.815122,32,real,-1,11
429588,-37.382942,30,synthetic,2,9
429610,-5.235081,22,real,-1,1
429639,-2.565672,29,real,-1,8
429662,-5.129407,23,real,-1,2
429683,-2.369095,21,real,-1,0
429724,-4.885812,41,real,-1,20
429761,6.206774,37,real,-1,16
429786,-2.579763,25,real,-1,4
429826,-5.616712,40,real,-1,19
429864,-4.305829,38,real,-1,17
429904,-3.611866,40,real,-1,19
429930,-2.172682,26,real,-1,5
429961,2.820631,31,real,-1,10
429997,-11.735997,36,real,-1,15
430024,1.39887,27,real,-1,6
430061,-3.919169,37,real,-1,16
430093,-0.49057,32,real,-1,11
430121,-25.723251,28,synthetic,1,7
430160,-6.368193,39,real,-1,18
430189,-1.284323,29,real,-1,8
430220,-10.017201,31,real,-1,10
430253,-3.38569,33,real,-1,12
430291,-4.691863,38,real,-1,17
430316,-15.105409,25,synthetic,0,4
430342,-7.600606,26,real,-1,5
430368,-1.54508,26,real,-1,5
430394,-21.336032,26,synthetic,0,5
430418,-11.292762,24,synthetic,0,3
430440,-0.758014,22,real,-1,1
430473,-41.939373,33,synthetic,2,12
430513,-9.263464,40,real,-1,19
430540,-27.017633,27,synthetic,1,6
430570,-3.208861,30,real,-1,9
430594,1.116413,24,real,-1,3
430625,-29.176932,31,synthetic,1,10
430663,-2.070276,38,real,-1,17
430701,-7.157972,38,real,-1,17
430729,1.222128,28,real,-1,7
430754,-6.442554,25,real,-1,4
430775,-3.033906,21,real,-1,0
430809,-7.873267,34,real,-1,13
430832,-47.433852,23,synthetic,2,2
430866,-19.854116,34,synthetic,0,13
430889,-6.174433,23,real,-1,2
430914,-10.229355,25,synthetic,0,4
430937,-29.057243,23,synthetic,2,2
430977,-7.119807,40,real,-1,19
431010,-10.340306,33,real,-1,12
431035,-2.897618,25,real,-1,4
431060,7.679316,25,real,-1,4
431093,-38.880438,33,synthetic,2,12
431118,-5.059498,25,real,-1,4
431149,-6.221687,31,real,-1,10
431189,-0.508944,40,real,-1,19
431217,1.70872,28,real,-1,7
431256,0.093592,39,real,-1,18
431294,0.093919,38,real,-1,17
431325,-9.630419,31,real,-1,10
431363,3.037988,38,real,-1,17
431391,-39.946235,28,synthetic,2,7
431428,-9.637737,37,synthetic,0,16
431468,-12.933406,40,synthetic,0,19
431505,-0.022004,37,real,-1,16
431529,-4.221168,24,real,-1,3
431550,-10.327333,21,real,-1,0
431576,-0.905107,26,real,-1,5
431605,-4.877121,29,real,-1,8
431634,3.898348,29,real,-1,8
431660,-29.805331,26,synthetic,1,5
431701,-0.586003,41,real,-1,20
431722,-3.619046,21,real,-1,0
431763,-11.558973,41,real,-1,20
431797,-12.243751,34,real,-1,13
431830,-44.673819,33,synthetic,2,12
431868,-6.735399,38,real,-1,17
431910,5.760641,42,real,-1,21
431943,-4.741844,33,real,-1,12
431981,-0.763507,38,real,-1,17
432009,-1.766213,28,real,-1,7
432048,0.925052,39,real,-1,18
432071,-2.649739,23,real,-1,2
432100,-8.143351,29,real,-1,8
432132,-1.21633,32,real,-1,11
432161,-0.915768,29,real,-1,8
432191,1.959496,30,real,-1,9
432225,-15.709691,34,synthetic,0,13
432252,-1.642608,27,real,-1,6
432292,-1.396494,40,real,-1,19
432329,0.411524,37,real,-1,16
432357,-3.255582,28,real,-1,7
432394,-6.914609,37,real,-1,16
432436,-15.784919,42,synthetic,1,21
432460,3.657127,24,real,-1,3
432486,-1.7514,26,real,-1,5
432521,2.459915,35,real,-1,14
432548,-2.003535,27,real,-1,6
432575,-5.509704,27,real,-1,6
432609,-3.27414,34,real,-1,13
432645,0.421628,36,real,-1,15
432675,-9.86762,30,real,-1,9
432707,6.243303,32,real,-1,11
432730,-0.672915,23,real,-1,2
432757,-9.831409,27,synthetic,0,6
432799,3.013457,42,real,-1,21
432839,-6.357703,40,real,-1,19
432868,-34.878402,29,synthetic,2,8
432891,-3.959112,23,real,-1,2
432923,-4.731979,32,real,-1,11
432955,-15.55149,32,synthetic,0,11
432986,-2.685776,31,real,-1,10
433012,-10.581661,26,real,-1,5
433038,1.077879,26,real,-1,5
433065,-10.881599,27,synthetic,0,6
433099,-1.535824,34,real,-1,13
433127,-8.183677,28,real,-1,7
433159,-7.293448,32,real,-1,11
433188,-0.694873,29,real,-1,8
433229,-9.329149,41,real,-1,20
433263,-5.011783,34,real,-1,13
433298,2.980237,35,real,-1,14
433340,-5.00039,42,real,-1,21
433362,-0.343228,22,real,-1,1
433392,-13.774325,30,synthetic,0,9
433427,-8.350609,35,real,-1,14
433465,0.912848,38,real,-1,17
433503,-6.13465,38,real,-1,17
433540,2.944087,37,real,-1,16
433577,-11.28956,37,real,-1,16
433604,1.321663,27,real,-1,6
433625,-28.150646,21,synthetic,1,0
433661,-2.939645,36,real,-1,15
433690,-2.725539,29,real,-1,8
433719,-7.240095,29,real,-1,8
433742,-23.425516,23,synthetic,1,2
433770,-0.266427,28,real,-1,7
433797,-17.759434,27,synthetic,0,6
433837,-38.012761,40,synthetic,2,19
433868,-0.601163,31,real,-1,10
433889,-2.152826,21,real,-1,0
433915,3.796326,26,real,-1,5
433939,-0.758166,24,real,-1,3
433973,-5.652841,34,real,-1,13
434007,-9.665084,34,real,-1,13
434043,-15.852387,36,synthetic,0,15
434074,-2.980271,31,real,-1,10
434104,-28.629965,30,synthetic,1,9
434130,-9.773365,26,real,-1,5
434171,-3.968158,41,real,-1,20
434207,0.758925,36,real,-1,15
434234,-30.022204,27,synthetic,1,6
434274,-1.677455,40,real,-1,19
434297,1.533401,23,real,-1,2
434327,-3.639034,30,real,-1,9
434363,-2.063028,36,real,-1,15
434387,-40.129043,24,synthetic,2,3
434412,-2.728117,25,real,-1,4
434440,-5.838473,28,real,-1,7
434473,-9.139273,33,real,-1,12
434498,-8.794437,25,real,-1,4
434536,-1.014822,38,real,-1,17
434574,-2.578875,38,real,-1,17
434612,-2.77392,38,real,-1,17
434646,-1.854991,34,real,-1,13
434677,-0.465839,31,real,-1,10
434699,-9.16268,22,synthetic,0,1
434724,1.054768,25,real,-1,4
434752,-2.913245,28,real,-1,7
434773,-10.297637,21,synthetic,0,0
434814,-9.304435,41,real,-1,20
434836,-11.003568,22,synthetic,0,1
434861,-1.920688,25,real,-1,4
434901,2.397225,40,real,-1,19
434934,-5.615949,33,real,-1,12
434963,-4.151682,29,real,-1,8
434989,-0.475244,26,real,-1,5
435021,-6.771893,32,real,-1,11
435059,-8.212764,38,real,-1,17
435092,-3.704751,33,real,-1,12
435120,-7.484918,28,real,-1,7
435156,0.592503,36,real,-1,15
435183,-6.216019,27,real,-1,6
435222,-12.053244,39,synthetic,0,18
435262,2.223858,40,real,-1,19
435303,-2.694092,41,real,-1,20
435337,0.436684,34,real,-1,13
435370,-13.262933,33,real,-1,12
435397,-0.50313,27,real,-1,6
435434,5.14316,37,real,-1,16
435474,-2.46841,40,real,-1,19
435514,-9.623323,40,real,-1,19
435553,-5.6876,39,real,-1,18
435575,-1.81229,22,real,-1,1
435609,-2.50587,34,real,-1,13
435651,-17.372879,42,synthetic,0,21
435682,-8.211799,31,real,-1,10
435718,-37.9371,36,synthetic,1,15
435747,-5.74228,29,real,-1,8
435781,-23.270004,34,synthetic,1,13
435807,-33.363155,26,synthetic,2,5
435833,0.054098,26,real,-1,5
435875,4.096064,42,real,-1,21
435915,-9.506613,40,real,-1,19
435941,-5.223149,26,real,-1,5
435983,-2.121251,42,real,-1,21
436004,0.604385,21,real,-1,0
436027,0.683284,23,real,-1,2
436056,-27.730017,29,synthetic,1,8
436082,-2.135501,26,real,-1,5
436115,3.031924,33,real,-1,12
436142,-6.606611,27,real,-1,6
436181,-5.271379,39,real,-1,18
436220,-2.293546,39,real,-1,18
436256,7.990822,36,real,-1,15
436292,-8.887161,36,real,-1,15
436329,3.611313,37,real,-1,16
436350,-2.015323,21,real,-1,0
436392,-19.657432,42,synthetic,0,21
436418,-1.319629,26,real,-1,5
436458,0.710278,40,real,-1,19
436494,-3.672017,36,real,-1,15
436533,-9.219355,39,real,-1,18
436567,0.553769,34,real,-1,13
436606,-30.30505,39,synthetic,2,18
436645,-4.114033,39,real,-1,18
436670,0.969493,25,real,-1,4
436694,-3.776869,24,real,-1,3
436734,-5.488933,40,real,-1,19
436765,-3.163487,31,real,-1,10
436787,-7.255265,22,real,-1,1
436809,-3.43865,22,real,-1,1
436849,-7.316816,40,real,-1,19
436875,-5.118097,26,real,-1,5
436897,-0.026832,22,real,-1,1
436933,-10.591762,36,real,-1,15
436956,-28.450941,23,synthetic,1,2
436984,5.443983,28,real,-1,7
437015,-2.948017,31,real,-1,10
437055,-10.305476,40,real,-1,19
437078,-0.496636,23,real,-1,2
437119,-7.849317,41,real,-1,20
437147,-13.419063,28,synthetic,1,7
437180,-23.691338,33,synthetic,1,12
437220,-0.855635,40,real,-1,19
437253,1.323352,33,real,-1,12
437277,0.64489,24,real,-1,3
437311,-43.791085,34,synthetic,2,13
437335,-3.580797,24,real,-1,3
437377,-7.254997,42,real,-1,21
437410,-0.128141,33,real,-1,12
437444,2.171818,34,real,-1,13
437472,7.583198,28,real,-1,7
437499,2.707644,27,real,-1,6
437533,3.220666,34,real,-1,13
437555,1.629403,22,real,-1,1
437597,-1.198433,42,real,-1,21
437638,-3.258643,41,real,-1,20
437669,-4.852255,31,real,-1,10
437702,0.150456,33,real,-1,12
437738,4.780185,36,real,-1,15
437777,-3.301821,39,real,-1,18
437809,-17.272719,32,synthetic,0,11
437830,-1.599848,21,real,-1,0
437868,-3.158685,38,real,-1,17
437895,-2.836625,27,real,-1,6
437921,-24.687589,26,synthetic,1,5
437963,-4.477964,42,real,-1,21
437994,-7.814037,31,real,-1,10
438019,-9.637556,25,real,-1,4
438041,-1.132479,22,real,-1,1
438078,-3.009421,37,real,-1,16
438110,-6.133521,32,real,-1,11
438137,-9.192771,27,real,-1,6
438161,-6.588683,24,real,-1,3
438203,-4.776096,42,real,-1,21
438237,-33.244869,34,synthetic,2,13
438258,0.146288,21,real,-1,0
438283,-7.268882,25,real,-1,4
438323,-7.407226,40,real,-1,19
438346,-2.505048,23,real,-1,2
438371,-3.516115,25,real,-1,4
438403,-11.270757,32,real,-1,11
438425,-10.889908,22,real,-1,1
438459,-1.08874,34,real,-1,13
438483,-12.209868,24,synthetic,0,3
438515,-7.787592,32,real,-1,11
438542,-1.957789,27,real,-1,6
438574,1.246525,32,real,-1,11
438597,-8.132077,23,real,-1,2
438635,6.416323,38,real,-1,17
438664,-2.60451,29,real,-1,8
438690,2.187264,26,real,-1,5
438713,-9.694615,23,real,-1,2
438751,-1.249221,38,real,-1,17
438790,-0.69505,39,real,-1,18
438830,6.97902,40,real,-1,19
438854,-4.918139,24,real,-1,3
438883,2.367988,29,real,-1,8
438914,-8.296191,31,real,-1,10
438953,-4.423422,39,real,-1,18
438994,-1.414399,41,real,-1,20
439032,-17.334378,38,synthetic,0,17
439063,-48.330543,31,synthetic,2,10
439101,-28.4968,38,synthetic,1,17
439143,-10.011306,42,real,-1,21
439170,-0.150801,27,real,-1,6
439210,-10.480807,40,real,-1,19
439232,-6.817094,22,synthetic,0,1
439272,-7.278612,40,real,-1,19
439302,-5.613274,30,real,-1,9
439324,-26.675222,22,synthetic,1,1
439364,-3.728001,40,real,-1,19
439394,-42.406929,30,synthetic,2,9
439420,-1.62899,26,real,-1,5
439457,-3.410707,37,real,-1,16
439491,3.012222,34,real,-1,13
439519,-1.297465,28,real,-1,7
439549,-4.005176,30,real,-1,9
439572,-14.040904,23,synthetic,0,2
439603,-3.382372,31,real,-1,10
439632,-7.209252,29,real,-1,8
439658,-6.387045,26,real,-1,5
439683,-2.652772,25,real,-1,4
439713,2.079935,30,real,-1,9
439734,-0.377226,21,real,-1,0
439761,-8.722999,27,real,-1,6
439799,4.699391,38,real,-1,17
439822,1.815158,23,real,-1,2
439846,-3.402244,24,real,-1,3
439886,-7.219927,40,real,-1,19
439922,-4.849472,36,real,-1,15
439948,-0.19747,26,real,-1,5
439976,-4.375658,28,real,-1,7
440007,-41.87357,31,synthetic,2,10
440045,-3.173621,38,real,-1,17
440085,-9.605287,40,real,-1,19
440119,-3.396102,34,real,-1,13
440157,-11.308201,38,real,-1,17
440179,3.119885,22,real,-1,1
440219,-43.094701,40,synthetic,2,19
440260,-1.141255,41,real,-1,20
440301,-8.156262,41,real,-1,20
440332,-1.851095,31,real,-1,10
440357,0.213447,25,real,-1,4
440378,-1.024693,21,real,-1,0
440418,-7.12279,40,real,-1,19
440447,5.811755,29,real,-1,8
440475,-5.811603,28,real,-1,7
440517,0.103173,42,real,-1,21
440550,4.020693,33,real,-1,12
440589,-0.53699,39,real,-1,18
440620,-0.90025,31,real,-1,10
440654,-4.272298,34,real,-1,13
440687,0.796679,33,real,-1,12
440729,-8.44393,42,real,-1,21
440765,-3.503143,36,real,-1,15
440790,-2.146392,25,real,-1,4
440832,-6.113105,42,real,-1,21
440868,-8.168347,36,real,-1,15
440904,1.901676,36,real,-1,15
440941,-1.381439,37,real,-1,16
440970,-3.285045,29,real,-1,8
441010,-4.9926,40,real,-1,19
441037,-2.31674,27,real,-1,6
441059,-7.429926,22,real,-1,1
441082,-30.348159,23,synthetic,1,2
441117,0.630899,35,real,-1,14
441155,-39.887608,38,synthetic,2,17
441195,-12.596238,40,real,-1,19
441219,-37.561404,24,synthetic,2,3
441245,-0.722958,26,real,-1,5
441281,-6.464784,36,real,-1,15
441302,-1.417626,21,real,-1,0
441329,-2.744209,27,real,-1,6
441354,-5.870765,25,real,-1,4
441384,-6.556338,30,real,-1,9
441420,-24.943514,36,synthetic,1,15
441445,-4.044584,25,real,-1,4
441471,-26.38056,26,synthetic,1,5
441510,-5.289161,39,real,-1,18
441538,-20.5394,28,synthetic,0,7
441578,-7.390568,40,real,-1,19
441615,-9.292297,37,real,-1,16
441645,1.203697,30,real,-1,9
441671,-0.569627,26,real,-1,5
441693,-4.43819,22,real,-1,1
441726,-4.680303,33,real,-1,12
441751,-51.71228,25,synthetic,2,4
441786,-6.13742,35,real,-1,14
441828,-4.69366,42,real,-1,21
441869,-18.095549,41,synthetic,0,20
441895,-2.434245,26,real,-1,5
441919,0.646325,24,real,-1,3
441954,-0.240339,35,real,-1,14
441977,-11.222157,23,synthetic,0,2
442014,-4.074142,37,real,-1,16
442045,-1.394635,31,real,-1,10
442066,-3.592539,21,real,-1,0
442091,0.044318,25,real,-1,4
442132,-15.245684,41,real,-1,20
442159,0.992152,27,real,-1,6
442190,7.441294,31,real,-1,10
442224,-5.51454,34,real,-1,13
442265,-4.615569,41,real,-1,20
442307,-1.387693,42,real,-1,21
442335,2.702212,28,real,-1,7
442377,-43.397478,42,synthetic,2,21
442411,1.70248,34,real,-1,13
442450,-2.385693,39,real,-1,18
442481,1.61669,31,real,-1,10
442502,-6.837118,21,real,-1,0
442535,5.111824,33,real,-1,12
442560,-12.073172,25,real,-1,4
442581,-0.518952,21,real,-1,0
442617,-49.838082,36,synthetic,2,15
442656,-0.021822,39,real,-1,18
442686,-10.758602,30,real,-1,9
442717,-8.418211,31,real,-1,10
442751,-7.776465,34,real,-1,13
442790,-7.304397,39,real,-1,18
442830,-26.964988,40,synthetic,2,19
442854,-4.618826,24,real,-1,3
442886,-4.946704,32,real,-1,11
442927,-2.136598,41,real,-1,20
442955,-15.588944,28,real,-1,7
442982,-10.821368,27,synthetic,0,6
443023,-7.133069,41,real,-1,20
443056,-13.329014,33,real,-1,12
443086,0.571515,30,real,-1,9
443114,-34.849029,28,synthetic,2,7
443154,2.551583,40,real,-1,19
443196,-4.432121,42,real,-1,21
443228,4.164732,32,real,-1,11
443264,-3.768531,36,real,-1,15
443296,-32.925657,32,synthetic,2,11
443332,-39.735179,36,synthetic,2,15
443374,-14.868451,42,synthetic,0,21
443412,-11.052003,38,real,-1,17
443435,5.340352,23,real,-1,2
443469,-11.316994,34,synthetic,0,13
443497,0.387973,28,real,-1,7
443536,-5.233651,39,real,-1,18
443563,-5.021983,27,real,-1,6
443587,-0.033334,24,real,-1,3
443629,-5.836418,42,real,-1,21
443661,-35.356359,32,synthetic,2,11
443695,5.081754,34,real,-1,13
443717,-1.27148,22,real,-1,1
443751,-1.155804,34,real,-1,13
443779,-36.503613,28,synthetic,2,7
443802,-1.134215,23,real,-1,2
443844,-6.421195,42,real,-1,21
443886,-11.281321,42,real,-1,21
443923,-1.832426,37,real,-1,16
443944,-21.662098,21,synthetic,1,0
443966,-6.094373,22,real,-1,1
443995,-27.909953,29,synthetic,1,8
444025,1.878973,30,real,-1,9
444060,-15.654376,35,synthetic,1,14
444091,-5.01966,31,real,-1,10
444130,0.960851,39,real,-1,18
444156,-7.171416,26,real,-1,5
444193,-21.62449,37,synthetic,1,16
444231,5.05741,38,real,-1,17
444252,-13.933172,21,synthetic,0,0
444284,-3.588289,32,real,-1,11
444305,1.977437,21,real,-1,0
444344,-5.150352,39,real,-1,18
444385,-7.937862,41,real,-1,20
444415,2.065486,30,real,-1,9
444437,-3.862639,22,real,-1,1
444468,-2.505844,31,real,-1,10
444496,-0.61274,28,real,-1,7
444524,5.05699,28,real,-1,7
444545,-0.243941,21,real,-1,0
444576,-1.404301,31,real,-1,10
444597,-0.160374,21,real,-1,0
444618,-0.151106,21,real,-1,0
444660,-5.12108,42,real,-1,21
444689,2.893824,29,real,-1,8
444731,0.590109,42,real,-1,21
444755,-3.32031,24,real,-1,3
444781,-2.053298,26,real,-1,5
444804,-3.092105,23,real,-1,2
444833,-22.143349,29,synthetic,1,8
444867,-4.146338,34,real,-1,13
444898,-4.689675,31,real,-1,10
444923,-8.67176,25,real,-1,4
444959,-23.944059,36,synthetic,1,15
444993,-3.462784,34,real,-1,13
445022,-38.759145,29,synthetic,2,8
445046,-0.544515,24,real,-1,3
445069,-1.840519,23,real,-1,2
445107,-7.775482,38,real,-1,17
445128,-40.138158,21,synthetic,2,0
445153,-2.714208,25,real,-1,4
445179,3.510481,26,real,-1,5
445218,-8.453441,39,real,-1,18
445244,-2.899089,26,real,-1,5
445272,-28.824287,28,synthetic,1,7
445309,3.869432,37,real,-1,16
445346,-1.58073,37,real,-1,16
445387,-5.218903,41,real,-1,20
445429,-35.625323,42,synthetic,1,21
445458,1.668388,29,real,-1,8
445486,-2.016449,28,real,-1,7
445526,-13.847611,40,synthetic,0,19
445556,-6.285387,30,real,-1,9
445594,1.296074,38,real,-1,17
445629,3.678183,35,real,-1,14
445665,-2.910226,36,real,-1,15
445695,-17.021708,30,synthetic,0,9
445736,-1.055106,41,real,-1,20
445771,-10.985489,35,synthetic,0,14
445797,0.89165,26,real,-1,5
445818,-7.399045,21,real,-1,0
445860,-9.591096,42,real,-1,21
445890,-5.981168,30,real,-1,9
445925,-9.465298,35,real,-1,14
445962,-34.568453,37,synthetic,2,16
445992,0.922783,30,real,-1,9
446032,-20.757158,40,synthetic,0,19
446073,-3.899587,41,real,-1,20
446108,-0.832351,35,real,-1,14
446129,0.801108,21,real,-1,0
446153,-12.597096,24,real,-1,3
446189,0.209866,36,real,-1,15
446231,-5.167825,42,real,-1,21
446255,-10.625043,24,real,-1,3
446284,-5.264047,29,real,-1,8
446306,-5.895234,22,real,-1,1
446339,-2.221566,33,real,-1,12
446361,3.975547,22,real,-1,1
446386,-17.881355,25,synthetic,0,4
446426,-3.336373,40,real,-1,19
446448,-4.647028,22,real,-1,1
446472,-3.486369,24,real,-1,3
446507,1.436532,35,real,-1,14
446532,-7.478996,25,synthetic,0,4
446559,-36.101531,27,synthetic,2,6
446585,-3.533277,26,real,-1,5
446623,-1.74543,38,real,-1,17
446647,-1.24529,24,real,-1,3
446680,-12.041763,33,synthetic,0,12
446702,-2.013405,22,real,-1,1
446728,-36.317873,26,synthetic,2,5
446765,-12.471438,37,real,-1,16
446786,0.320388,21,real,-1,0
446825,-1.232312,39,real,-1,18
446848,-22.723294,23,synthetic,1,2
446878,-1.736004,30,real,-1,9
446909,0.942365,31,real,-1,10
446935,-0.950462,26,real,-1,5
446970,-0.07512,35,real,-1,14
446995,0.175687,25,real,-1,4
447022,0.025956,27,real,-1,6
447060,-4.043391,38,real,-1,17
447098,-3.281654,38,real,-1,17
447132,-0.182974,34,real,-1,13
447160,-3.256304,28,real,-1,7
447198,-0.774174,38,real,-1,17
447220,-8.16129,22,real,-1,1
447248,-8.999539,28,real,-1,7
447274,-1.024002,26,real,-1,5
447316,-1.419758,42,real,-1,21
447350,-6.428905,34,synthetic,0,13
447384,0.207144,34,real,-1,13
447407,-4.43771,23,real,-1,2
447448,-49.705604,41,synthetic,2,20
447482,-2.18158,34,real,-1,13
447523,-3.118818,41,real,-1,20
447564,-27.050817,41,synthetic,1,20
447604,-4.311388,40,synthetic,0,19
447626,-16.273976,22,synthetic,0,1
447652,-6.174983,26,synthetic,0,5
447686,0.57454,34,real,-1,13
447708,6.496728,22,real,-1,1
447730,-2.412822,22,real,-1,1
447767,-5.902151,37,real,-1,16
447805,0.089802,38,real,-1,17
447830,-19.95908,25,synthetic,1,4
447866,-19.432858,36,synthetic,1,15
447898,-0.662061,32,real,-1,11
447931,1.612594,33,real,-1,12
447960,-7.666689,29,real,-1,8
447991,-7.509629,31,real,-1,10
448022,-32.06033,31,synthetic,2,10
448049,-5.604736,27,real,-1,6
448077,-0.651427,28,real,-1,7
448103,-3.275296,26,real,-1,5
448136,-1.458848,33,real,-1,12
448164,-6.092428,28,real,-1,7
448185,-3.622492,21,real,-1,0
448208,-3.005954,23,real,-1,2
448236,-0.431834,28,real,-1,7
448264,-0.682711,28,real,-1,7
448288,-1.02777,24,real,-1,3
448327,-2.089181,39,real,-1,18
448360,-4.760363,33,real,-1,12
448402,-24.852776,42,synthetic,2,21
448441,-3.809587,39,real,-1,18
448466,-3.03748,25,real,-1,4
448496,-0.642448,30,real,-1,9
448534,-18.524804,38,synthetic,1,17
448558,-1.358775,24,real,-1,3
448593,-1.578289,35,real,-1,14
448630,1.878745,37,real,-1,16
448669,-11.288538,39,real,-1,18
448693,-36.130667,24,synthetic,2,3
448734,-30.579255,41,synthetic,2,20
448756,-0.253786,22,real,-1,1
448792,-7.150183,36,real,-1,15
448827,-13.15926,35,real,-1,14
448857,-0.412806,30,real,-1,9
448892,0.997401,35,real,-1,14
448920,-23.847088,28,synthetic,1,7
448946,-4.761756,26,real,-1,5
448974,-0.427332,28,real,-1,7
449008,-2.491365,34,real,-1,13
449036,-7.674144,28,real,-1,7
449068,-0.534167,32,real,-1,11
449096,-0.456374,28,real,-1,7
449121,-3.844063,25,real,-1,4
449143,-5.470338,22,real,-1,1
449167,-14.810511,24,synthetic,0,3
449200,-6.785164,33,real,-1,12
449233,-5.844527,33,real,-1,12
449265,-3.104495,32,real,-1,11
449288,-7.380405,23,real,-1,2
449324,-30.088446,36,synthetic,1,15
449351,-27.259008,27,synthetic,1,6
449387,5.992165,36,real,-1,15
449409,-1.021665,22,real,-1,1
449443,-0.58053,34,real,-1,13
449467,-12.202345,24,real,-1,3
449503,2.50774,36,real,-1,15
449545,0.815168,42,real,-1,21
449566,-10.772011,21,synthetic,0,0
449591,-4.23491,25,real,-1,4
449613,-3.577446,22,real,-1,1
449634,0.072919,21,real,-1,0
449675,-3.989127,41,real,-1,20
449700,-1.081069,25,real,-1,4
449722,7.969582,22,real,-1,1
449757,-27.028017,35,synthetic,1,14
449792,-31.512358,35,synthetic,1,14
449832,1.080259,40,real,-1,19
449864,-8.823772,32,real,-1,11
449896,-0.367762,32,real,-1,11
449935,-2.734221,39,real,-1,18
449959,4.015118,24,real,-1,3
449987,0.240657,28,real,-1,7
450016,-1.583594,29,real,-1,8
450049,-0.182683,33,real,-1,12
450086,-5.323972,37,real,-1,16
450125,-5.046965,39,real,-1,18
450148,-5.049761,23,real,-1,2
450171,-3.150118,23,real,-1,2
450200,-32.113245,29,synthetic,2,8
450238,2.146459,38,real,-1,17
450269,-35.301607,31,synthetic,2,10
450291,-7.894535,22,real,-1,1
450313,-1.705312,22,real,-1,1
450340,-25.026491,27,synthetic,2,6
450378,-24.16345,38,synthetic,1,17
450407,-6.881578,29,real,-1,8
450439,1.581821,32,real,-1,11
450481,-4.562253,42,real,-1,21
450508,-4.061645,27,real,-1,6
450546,4.066363,38,real,-1,17
450567,2.777108,21,real,-1,0
450593,-0.64964,26,real,-1,5
450621,-28.50607,28,synthetic,2,7
450659,-3.424162,38,real,-1,17
450700,-4.983902,41,real,-1,20
450738,-2.327003,38,real,-1,17
450777,-20.879593,39,synthetic,0,18
450802,-0.670199,25,real,-1,4
450844,-1.618256,42,real,-1,21
450876,-0.493088,32,real,-1,11
450910,-23.064419,34,synthetic,1,13
450946,-6.247685,36,real,-1,15
450982,-2.574645,36,real,-1,15
451014,-34.058011,32,synthetic,2,11
451049,1.860271,35,real,-1,14
451091,-2.65544,42,real,-1,21
451113,-3.460562,22,real,-1,1
451145,-9.279757,32,synthetic,0,11
451183,-16.041677,38,synthetic,0,17
451224,4.053079,41,real,-1,20
451253,0.253649,29,real,-1,8
451284,3.374851,31,real,-1,10
451320,-5.701265,36,real,-1,15
451354,-3.074525,34,synthetic,0,13
451380,-36.800122,26,synthetic,2,5
451414,0.152073,34,real,-1,13
451455,-4.627791,41,real,-1,20
451490,-2.25321,35,real,-1,14
451518,0.184095,28,real,-1,7
451557,-6.374058,39,synthetic,0,18
451579,-0.614818,22,real,-1,1
451613,-24.00718,34,synthetic,1,13
451636,-25.888912,23,synthetic,1,2
451666,-0.203066,30,real,-1,9
451688,-6.747193,22,real,-1,1
451719,-6.012691,31,real,-1,10
451750,-9.045869,31,real,-1,10
451777,-2.504616,27,real,-1,6
451806,-4.941364,29,real,-1,8
451841,1.656853,35,real,-1,14
451882,-5.003646,41,real,-1,20
451903,-19.913958,21,synthetic,1,0
451930,-3.456774,27,real,-1,6
451956,-16.87301,26,synthetic,1,5
451980,-4.634272,24,real,-1,3
452013,-34.710316,33,synthetic,1,12
452044,-4.92663,31,real,-1,10
452082,-0.453834,38,real,-1,17
452116,-14.195109,34,synthetic,0,13
452149,-0.83937,33,real,-1,12
452191,-0.759622,42,real,-1,21
452218,-16.186493,27,synthetic,0,6
452244,2.735676,26,real,-1,5
452285,-1.495001,41,real,-1,20
452309,-9.762811,24,real,-1,3
452337,-3.154775,28,real,-1,7
452378,-2.416495,41,real,-1,20
452418,-38.712259,40,synthetic,2,19
452459,-0.791384,41,real,-1,20
452490,-0.728224,31,real,-1,10
452515,1.950342,25,real,-1,4
452540,-9.024835,25,real,-1,4
452578,-8.470454,38,real,-1,17
452620,-0.440537,42,real,-1,21
452649,-45.271232,29,synthetic,2,8
452674,-0.353385,25,real,-1,4
452702,-0.79962,28,real,-1,7
452724,-0.578238,22,real,-1,1
452760,-23.352285,36,synthetic,1,15
452799,7.026525,39,real,-1,18
452835,-3.93775,36,real,-1,15
452877,1.571506,42,real,-1,21
452913,-6.653383,36,synthetic,1,15
452944,-1.359446,31,real,-1,10
452985,0.693146,41,real,-1,20
453009,4.863886,24,real,-1,3
453051,-18.460642,42,synthetic,0,21
453080,-2.787129,29,real,-1,8
453117,-3.875146,37,real,-1,16
453157,-3.500308,40,real,-1,19
453181,0.904819,24,real,-1,3
453208,-15.359255,27,synthetic,0,6
453245,-22.06426,37,synthetic,1,16
453285,-12.605434,40,real,-1,19
453322,-8.98454,37,real,-1,16
453350,2.710617,28,real,-1,7
453386,-3.763668,36,real,-1,15
453423,2.566678,37,real,-1,16
453463,-5.503138,40,real,-1,19
453491,3.587264,28,real,-1,7
453514,-0.944725,23,real,-1,2
453553,-7.300342,39,real,-1,18
453578,-9.535459,25,real,-1,4
453600,-1.410463,22,real,-1,1
453625,-3.530008,25,real,-1,4
453653,-4.55796,28,real,-1,7
453695,-3.686153,42,real,-1,21
453729,-3.240598,34,real,-1,13
453760,-1.342972,31,real,-1,10
453802,-5.321085,42,real,-1,21
453835,0.000256,33,real,-1,12
453870,-6.82504,35,real,-1,14
453909,0.808384,39,real,-1,18
453939,-1.935243,30,real,-1,9
453977,-46.091243,38,synthetic,2,17
454018,-5.505943,41,real,-1,20
454053,-1.420175,35,real,-1,14
454093,-8.610883,40,synthetic,0,19
454125,-26.57392,32,synthetic,1,11
454163,1.514092,38,real,-1,17
454199,-12.854102,36,synthetic,0,15
454232,-6.915765,33,real,-1,12
454274,-49.102899,42,synthetic,2,21
454311,-1.517775,37,real,-1,16
454343,-4.720477,32,real,-1,11
454364,-0.412227,21,real,-1,0
454395,-31.695756,31,synthetic,1,10
454437,5.818944,42,real,-1,21
454461,-18.338708,24,synthetic,0,3
454495,-1.968904,34,real,-1,13
454520,-7.740244,25,real,-1,4
454553,-11.327888,33,real,-1,12
454586,-2.989509,33,real,-1,12
454616,1.156401,30,real,-1,9
454655,1.741327,39,real,-1,18
454679,-20.355956,24,synthetic,0,3
454704,1.091724,25,real,-1,4
454736,-1.238147,32,real,-1,11
454762,0.720397,26,real,-1,5
454795,-3.504639,33,real,-1,12
454837,-22.260822,42,synthetic,0,21
454860,-4.401999,23,real,-1,2
454889,-34.28925,29,synthetic,2,8
454910,-37.23697,21,synthetic,2,0
454948,-0.90755,38,real,-1,17
454977,-29.332768,29,synthetic,2,8
455018,-5.697149,41,real,-1,20
455047,-4.841033,29,real,-1,8
455084,-7.199397,37,real,-1,16
455120,1.148487,36,real,-1,15
455145,1.387256,25,real,-1,4
455179,-5.297714,34,real,-1,13
455212,3.501157,33,real,-1,12
455245,-9.757009,33,synthetic,0,12
455266,-1.089623,21,real,-1,0
455298,-0.95141,32,real,-1,11
455338,3.111707,40,real,-1,19
455363,-3.291729,25,real,-1,4
455384,-4.798144,21,real,-1,0
455407,-19.655196,23,synthetic,1,2
455434,-0.620983,27,real,-1,6
455464,-3.111283,30,real,-1,9
455503,-15.29892,39,synthetic,0,18
455524,-47.671368,21,synthetic,2,0
455546,-3.955709,22,real,-1,1
455578,-22.442371,32,synthetic,1,11
455603,-1.92986,25,real,-1,4
455625,-37.804769,22,synthetic,2,1
455653,-1.031319,28,real,-1,7
455683,-2.297389,30,real,-1,9
455718,-0.558584,35,real,-1,14
455742,-14.309673,24,synthetic,0,3
455779,-4.06004,37,real,-1,16
455803,-33.8217,24,synthetic,1,3
455836,-5.105996,33,real,-1,12
455858,-41.678581,22,synthetic,2,1
455888,-0.679708,30,real,-1,9
455913,-2.27877,25,real,-1,4
455951,-23.934702,38,synthetic,2,17
455992,-4.816106,41,real,-1,20
456015,-2.913342,23,real,-1,2
456050,-5.296657,35,real,-1,14
456072,-2.405796,22,real,-1,1
456096,3.870703,24,real,-1,3
456122,-20.38594,26,synthetic,1,5
456161,-5.323809,39,real,-1,18
456190,-37.80904,29,synthetic,2,8
456228,-6.281106,38,real,-1,17
456263,-2.46639,35,real,-1,14
456294,-25.592072,31,synthetic,1,10
456319,-6.663648,25,real,-1,4
456344,-9.40747,25,real,-1,4
456383,-5.387565,39,real,-1,18
456405,-6.721696,22,real,-1,1
456444,-3.818482,39,real,-1,18
456479,-4.552506,35,real,-1,14
456512,-9.748329,33,real,-1,12
456554,-6.001868,42,real,-1,21
456580,-3.606304,26,real,-1,5
456608,-3.979858,28,real,-1,7
456635,-6.032934,27,real,-1,6
456664,-9.879218,29,synthetic,0,8
456694,-0.158207,30,real,-1,9
456733,-6.262906,39,real,-1,18
456765,-8.469057,32,real,-1,11
456801,-4.503458,36,real,-1,15
456823,0.853997,22,real,-1,1
456844,-1.120762,21,real,-1,0
456877,-3.827913,33,real,-1,12
456913,-6.149855,36,real,-1,15
456952,-0.992887,39,real,-1,18
456988,0.482244,36,real,-1,15
457019,-14.252336,31,real,-1,10
457052,1.208358,33,real,-1,12
457078,-1.420107,26,real,-1,5
457106,-7.759015,28,real,-1,7
457131,0.083614,25,real,-1,4
457173,-3.823129,42,real,-1,21
457211,-2.670984,38,real,-1,17
457250,0.231142,39,real,-1,18
457280,-2.333873,30,real,-1,9
457316,-39.969851,36,synthetic,2,15
457344,-3.325298,28,real,-1,7
457378,-4.616523,34,real,-1,13
457419,-0.509113,41,real,-1,20
457458,-37.869005,39,synthetic,2,18
457479,1.63418,21,real,-1,0
457506,5.372908,27,real,-1,6
457535,3.147958,29,real,-1,8
457573,-2.579786,38,real,-1,17
457601,-10.237127,28,real,-1,7
457642,0.797911,41,real,-1,20
457674,0.414958,32,real,-1,11
457695,0.674596,21,real,-1,0
457718,-6.05564,23,real,-1,2
457758,-2.698967,40,real,-1,19
457783,-2.965463,25,real,-1,4
457813,3.832909,30,real,-1,9
457845,-3.353294,32,real,-1,11
457869,-0.815189,24,real,-1,3
457910,-4.206355,41,real,-1,20
457951,-6.742968,41,real,-1,20
457975,-3.567969,24,real,-1,3
457997,-1.930536,22,real,-1,1
458029,-8.803078,32,real,-1,11
458068,-2.88957,39,real,-1,18
458094,-6.607318,26,real,-1,5
458130,2.474907,36,real,-1,15
458160,-4.605605,30,real,-1,9
458192,-8.004508,32,real,-1,11
458213,-5.633767,21,real,-1,0
458239,0.423034,26,real,-1,5
458270,-3.114991,31,real,-1,10
458306,-10.746169,36,real,-1,15
458329,-4.541921,23,real,-1,2
458361,0.302919,32,real,-1,11
458383,2.708301,22,real,-1,1
458417,-11.953179,34,real,-1,13
458444,-5.587495,27,real,-1,6
458471,-0.713098,27,real,-1,6
458513,-31.199846,42,synthetic,1,21
458551,-39.875366,38,synthetic,2,17
458583,-0.378294,32,real,-1,11
458608,0.845071,25,real,-1,4
458639,-4.471997,31,real,-1,10
458665,-13.499319,26,synthetic,0,5
458690,0.285275,25,real,-1,4
458718,-1.412319,28,real,-1,7
458751,1.721094,33,real,-1,12
458792,-16.367846,41,synthetic,0,20
458830,1.285948,38,real,-1,17
458863,-4.490572,33,real,-1,12
458905,-35.470132,42,synthetic,2,21
458932,-2.135613,27,real,-1,6
458970,-1.796553,38,real,-1,17
458991,-4.54611,21,real,-1,0
459021,-3.699363,30,real,-1,9
459049,-31.393532,28,synthetic,2,7
459072,-4.250277,23,real,-1,2
459103,-2.779851,31,real,-1,10
459128,-2.561127,25,real,-1,4
459149,-0.118955,21,real,-1,0
459185,-3.054192,36,real,-1,15
459217,-3.566419,32,real,-1,11
459242,-3.773712,25,real,-1,4
459271,4.169407,29,real,-1,8
459304,-4.707272,33,real,-1,12
459345,-14.189689,41,synthetic,0,20
459378,-25.953738,33,synthetic,1,12
459408,0.658101,30,real,-1,9
459444,-5.618632,36,real,-1,15
459479,-40.559607,35,synthetic,2,14
459521,-6.314794,42,real,-1,21
459554,2.944898,33,real,-1,12
459593,-7.605631,39,real,-1,18
459618,-1.912867,25,real,-1,4
459643,-22.571653,25,synthetic,1,4
459684,-4.09125,41,real,-1,20
459716,-0.511157,32,real,-1,11
459745,-0.327063,29,real,-1,8
459775,0.906924,30,real,-1,9
459796,-0.060809,21,real,-1,0
459831,4.674887,35,real,-1,14
459854,-6.624783,23,real,-1,2
459880,-8.007452,26,real,-1,5
459910,-38.961897,30,synthetic,2,9
459942,1.919847,32,real,-1,11
459971,-2.469806,29,real,-1,8
460009,-8.092459,38,real,-1,17
460041,-4.34053,32,real,-1,11
460064,-3.203876,23,real,-1,2
460102,-41.054003,38,synthetic,2,17
460123,1.469593,21,real,-1,0
460151,-15.715171,28,synthetic,0,7
460183,1.263513,32,real,-1,11
460204,-4.121626,21,real,-1,0
460225,-1.01495,21,real,-1,0
460266,-8.689728,41,real,-1,20
460300,1.843649,34,real,-1,13
460327,-12.375065,27,real,-1,6
460368,-1.08608,41,real,-1,20
460410,-0.256107,42,real,-1,21
460449,-18.746027,39,synthetic,1,18
460470,0.023374,21,real,-1,0
460496,-1.507486,26,real,-1,5
460533,-6.315015,37,real,-1,16
460557,-2.587605,24,real,-1,3
460580,-8.858604,23,real,-1,2
460606,-31.837123,26,synthetic,1,5
460627,-3.542055,21,real,-1,0
460649,-2.928771,22,real,-1,1
460677,-1.329673,28,real,-1,7
460699,-4.363223,22,real,-1,1
460734,-3.867365,35,real,-1,14
460767,-3.795214,33,real,-1,12
460802,-0.567767,35,real,-1,14
460828,-4.856986,26,real,-1,5
460860,-1.158867,32,real,-1,11
460894,-29.109665,34,synthetic,1,13
460928,3.833582,34,real,-1,13
460952,-1.150497,24,real,-1,3
460986,-1.731761,34,real,-1,13
461025,2.692746,39,real,-1,18
461048,-2.843539,23,real,-1,2
461071,-12.888695,23,synthetic,1,2
461105,-8.933032,34,real,-1,13
461140,-2.422446,35,real,-1,14
461177,6.999945,37,real,-1,16
461201,-3.009115,24,real,-1,3
461229,-27.010151,28,synthetic,1,7
461257,-6.966314,28,real,-1,7
461298,-3.655803,41,real,-1,20
461320,2.367372,22,real,-1,1
461344,-8.191173,24,real,-1,3
461377,-39.933365,33,synthetic,2,12
461408,-4.631017,31,real,-1,10
461433,1.280262,25,real,-1,4
461460,-5.570828,27,real,-1,6
461487,-4.715711,27,real,-1,6
461529,-0.086696,42,real,-1,21
461564,-3.626571,35,real,-1,14
461598,-16.202361,34,synthetic,1,13
461631,-8.850847,33,real,-1,12
461653,0.53961,22,real,-1,1
461687,-0.994679,34,real,-1,13
461722,-0.085247,35,real,-1,14
461746,3.03855,24,real,-1,3
461787,-6.318125,41,real,-1,20
461824,-1.600301,37,real,-1,16
461861,-8.028614,37,real,-1,16
461898,-0.8774,37,real,-1,16
461933,-7.040658,35,synthetic,0,14
461962,-2.710081,29,real,-1,8
462003,1.098152,41,real,-1,20
462041,-1.583998,38,real,-1,17
462081,-19.867959,40,synthetic,1,19
462121,1.119535,40,real,-1,19
462154,-34.124257,33,synthetic,2,12
462195,-3.331,41,real,-1,20
462228,-4.58551,33,real,-1,12
462253,-5.09376,25,real,-1,4
462281,-19.96248,28,synthetic,1,7
462309,-1.921251,28,real,-1,7
462330,-6.26945,21,real,-1,0
462356,0.043876,26,real,-1,5
462390,-11.361937,34,real,-1,13
462421,2.731799,31,real,-1,10
462442,-7.892547,21,real,-1,0
462468,-4.65029,26,real,-1,5
462492,-0.886582,24,real,-1,3
462531,2.332042,39,real,-1,18
462561,-5.867033,30,real,-1,9
462603,-9.888065,42,real,-1,21
462626,4.154153,23,real,-1,2
462661,6.450955,35,real,-1,14
462701,-4.148558,40,real,-1,19
462724,-15.858128,23,synthetic,1,2
462756,-20.551981,32,synthetic,1,11
462786,-5.24827,30,real,-1,9
462813,-39.674548,27,synthetic,2,6
462840,-0.390061,27,real,-1,6
462882,-10.542353,42,real,-1,21
462920,-19.833203,38,synthetic,0,17
462961,-7.363639,41,real,-1,20
462992,-3.391815,31,real,-1,10
463016,-3.226043,24,real,-1,3
463037,-5.213931,21,real,-1,0
463060,-39.328652,23,synthetic,2,2
463083,-1.653011,23,real,-1,2
463110,-6.473848,27,real,-1,6
463139,-6.494592,29,real,-1,8
463166,-0.014635,27,real,-1,6
463191,0.564341,25,real,-1,4
463228,-5.785896,37,real,-1,16
463267,-8.805424,39,real,-1,18
463300,4.511253,33,real,-1,12
463338,-39.673133,38,synthetic,2,17
463374,-1.48157,36,real,-1,15
463410,-3.553546,36,real,-1,15
463442,-5.478938,32,real,-1,11
463484,-12.504734,42,real,-1,21
463518,-2.131007,34,real,-1,13
463546,-32.202049,28,synthetic,2,7
463569,2.533296,23,real,-1,2
463605,0.204912,36,real,-1,15
463632,-30.203699,27,synthetic,1,6
463672,-2.398772,40,real,-1,19
463712,4.390337,40,real,-1,19
463733,-7.51784,21,real,-1,0
463760,-3.581034,27,real,-1,6
463801,-8.40663,41,real,-1,20
463834,-42.458054,33,synthetic,2,12
463863,-3.42901,29,real,-1,8
463895,-9.525733,32,real,-1,11
463923,0.249222,28,real,-1,7
463945,-1.638414,22,real,-1,1
463971,-2.953913,26,real,-1,5
464006,-13.576748,35,real,-1,14
464041,-3.566726,35,real,-1,14
464069,-44.522334,28,synthetic,2,7
464111,-2.336565,42,real,-1,21
464135,-32.830596,24,synthetic,1,3
464168,-1.199699,33,real,-1,12
464207,-4.107092,39,real,-1,18
464249,-4.203697,42,real,-1,21
464272,0.506009,23,real,-1,2
464297,-4.397701,25,real,-1,4
464318,-24.909231,21,synthetic,2,0
464350,-4.355198,32,real,-1,11
464385,4.238843,35,real,-1,14
464414,-24.564664,29,synthetic,2,8
464447,-40.604761,33,synthetic,2,12
464474,-19.183794,27,synthetic,1,6
464515,-27.471233,41,synthetic,1,20
464556,-6.029815,41,real,-1,20
464578,-27.187678,22,synthetic,1,1
464608,-34.756282,30,synthetic,2,9
464634,-7.139317,26,real,-1,5
464672,-3.192304,38,real,-1,17
464702,3.982894,30,real,-1,9
464740,-6.778322,38,real,-1,17
464770,-5.063021,30,real,-1,9
464804,-5.98236,34,real,-1,13
464842,0.885353,38,real,-1,17
464874,1.455342,32,real,-1,11
464899,-4.389131,25,real,-1,4
464928,-2.445211,29,real,-1,8
464957,-7.257168,29,real,-1,8
464992,-0.221436,35,real,-1,14
465019,-2.166812,27,real,-1,6
465040,-14.086067,21,synthetic,0,0
465068,-5.76799,28,real,-1,7
465105,-11.857422,37,synthetic,0,16
465145,-4.011115,40,real,-1,19
465167,6.978859,22,real,-1,1
465192,-14.981,25,synthetic,0,4
465234,5.221053,42,real,-1,21
465263,-23.433807,29,synthetic,1,8
465288,-2.027791,25,real,-1,4
465323,2.902202,35,real,-1,14
465350,-6.95295,27,real,-1,6
465374,1.797774,24,real,-1,3
465399,-27.015397,25,synthetic,1,4
465437,-4.680208,38,real,-1,17
465464,-14.594922,27,synthetic,0,6
465504,-7.054303,40,real,-1,19
465543,-2.62015,39,real,-1,18
465566,0.159205,23,real,-1,2
465605,-0.128769,39,real,-1,18
465642,-1.310759,37,real,-1,16
465678,-2.968143,36,real,-1,15
465716,-0.223339,38,real,-1,17
465753,5.32018,37,real,-1,16
465789,-1.887386,36,real,-1,15
465825,-2.493828,36,real,-1,15
465852,-7.635624,27,real,-1,6
465879,-1.955671,27,real,-1,6
465916,-8.056181,37,real,-1,16
465958,-13.535201,42,real,-1,21
465986,1.966033,28,real,-1,7
466010,-2.147121,24,real,-1,3
466032,-5.099657,22,real,-1,1
466055,-18.347662,23,synthetic,1,2
466094,-18.566421,39,synthetic,0,18
466117,-29.787647,23,synthetic,1,2
466138,-4.184896,21,real,-1,0
466164,-5.745681,26,real,-1,5
466202,-30.571769,38,synthetic,2,17
466232,3.473919,30,real,-1,9
466273,-8.812062,41,real,-1,20
466305,-6.797142,32,real,-1,11
466341,-28.553049,36,synthetic,1,15
466370,-1.433403,29,real,-1,8
466398,-4.184509,28,real,-1,7
466431,2.079737,33,real,-1,12
466469,-12.548888,38,real,-1,17
466491,-13.229236,22,synthetic,1,1
466528,-9.901535,37,synthetic,0,16
466567,-5.505235,39,real,-1,18
466593,1.721191,26,real,-1,5
466629,-4.787511,36,real,-1,15
466663,-50.871429,34,synthetic,2,13
466690,-3.496458,27,real,-1,6
466729,2.91282,39,real,-1,18
466752,-14.567066,23,synthetic,0,2
466792,-8.086857,40,real,-1,19
466827,-9.156685,35,real,-1,14
466863,4.771171,36,real,-1,15
466891,-2.230664,28,real,-1,7
466914,0.187062,23,real,-1,2
466948,-11.289967,34,synthetic,0,13
466978,-5.868994,30,real,-1,9
467007,-6.152896,29,real,-1,8
467040,-8.194852,33,real,-1,12
467065,-2.165316,25,real,-1,4
467089,-16.742468,24,synthetic,0,3
467120,0.623655,31,real,-1,10
467147,-4.713192,27,real,-1,6
467188,3.289653,41,real,-1,20
467216,-18.831113,28,synthetic,1,7
467244,-8.911796,28,real,-1,7
467275,0.669222,31,real,-1,10
467307,-10.198456,32,real,-1,11
467334,-9.621356,27,real,-1,6
467358,-5.158733,24,real,-1,3
467398,-21.605586,40,synthetic,0,19
467434,-8.102256,36,real,-1,15
467475,1.531287,41,real,-1,20
467515,-3.518622,40,real,-1,19
467549,-20.430774,34,synthetic,0,13
467590,-3.088897,41,real,-1,20
467611,1.6483,21,real,-1,0
467647,-21.35324,36,synthetic,1,15
467676,1.882995,29,real,-1,8
467703,0.218382,27,real,-1,6
467742,-3.916835,39,real,-1,18
467784,-1.717775,42,real,-1,21
467817,-9.62039,33,real,-1,12
467848,-6.895801,31,real,-1,10
467881,-17.894752,33,synthetic,0,12
467906,-8.204054,25,real,-1,4
467943,-23.355631,37,synthetic,1,16
467984,-9.169611,41,real,-1,20
468012,-11.041358,28,synthetic,0,7
468037,-1.955249,25,real,-1,4
468077,-7.002623,40,real,-1,19
468103,-1.630569,26,real,-1,5
468133,-1.558216,30,real,-1,9
468164,-12.573063,31,real,-1,10
468189,-11.526135,25,synthetic,0,4
468217,0.45874,28,real,-1,7
468243,-0.861431,26,real,-1,5
468267,-23.285849,24,synthetic,1,3
468289,-3.964884,22,real,-1,1
468325,-1.858812,36,real,-1,15
468346,4.053597,21,real,-1,0
468378,0.652318,32,real,-1,11
468411,0.376842,33,real,-1,12
468432,3.412003,21,real,-1,0
468464,1.647214,32,real,-1,11
468487,-3.94593,23,real,-1,2
468523,-26.348526,36,synthetic,0,15
468560,-14.430323,37,synthetic,0,16
468601,-3.989131,41,real,-1,20
468631,-5.769667,30,real,-1,9
468668,-5.627139,37,real,-1,16
468710,-17.387747,42,synthetic,0,21
468751,-8.311565,41,real,-1,20
468786,1.474309,35,real,-1,14
468816,-6.306638,30,real,-1,9
468858,-3.477017,42,real,-1,21
468897,-3.362587,39,real,-1,18
468931,-27.180122,34,synthetic,1,13
468971,-2.800726,40,real,-1,19
468996,-2.976507,25,real,-1,4
469030,-14.394049,34,synthetic,0,13
469065,-4.705424,35,real,-1,14
469107,-36.941565,42,synthetic,2,21
469128,-5.016531,21,real,-1,0
469160,-2.663889,32,real,-1,11
469186,-2.338635,26,real,-1,5
469220,-24.695271,34,synthetic,2,13
469259,4.504545,39,real,-1,18
469286,3.990612,27,real,-1,6
469315,-2.80592,29,real,-1,8
469342,3.789056,27,real,-1,6
469377,-11.372807,35,synthetic,0,14
469402,-2.997579,25,real,-1,4
469438,-23.976479,36,synthetic,2,15
469463,-33.102352,25,synthetic,2,4
469501,-29.684288,38,synthetic,1,17
469532,-2.269116,31,real,-1,10
469570,-8.728403,38,synthetic,0,17
469612,-0.934927,42,real,-1,21
469651,-9.086398,39,synthetic,1,18
469683,-39.70871,32,synthetic,2,11
469722,-6.58341,39,real,-1,18
469764,-10.851121,42,real,-1,21
469790,-5.53467,26,real,-1,5
469820,-30.348692,30,synthetic,2,9
469852,1.60131,32,real,-1,11
469886,-3.87695,34,real,-1,13
469913,2.053114,27,real,-1,6
469948,-5.196978,35,real,-1,14
469975,-5.099255,27,real,-1,6
469998,-2.091623,23,real,-1,2
470021,0.132145,23,real,-1,2
470053,0.503258,32,real,-1,11
470095,-26.285767,42,synthetic,1,21
470135,-1.834432,40,real,-1,19
470177,-7.065781,42,real,-1,21
470210,1.000248,33,real,-1,12
470248,1.508296,38,real,-1,17
470272,-1.107875,24,real,-1,3
470314,-1.312919,42,real,-1,21
470347,-7.119568,33,real,-1,12
470374,-0.64303,27,real,-1,6
470413,-8.939925,39,real,-1,18
470442,2.748042,29,real,-1,8
470483,-3.977706,41,real,-1,20
470518,-49.128677,35,synthetic,2,14
470551,1.365068,33,real,-1,12
470583,1.115864,32,real,-1,11
470613,-6.293554,30,synthetic,0,9
470636,-2.53697,23,real,-1,2
470663,4.287897,27,real,-1,6
470691,-8.745374,28,real,-1,7
470720,-4.310393,29,real,-1,8
470750,-10.506635,30,real,-1,9
470789,-1.949889,39,real,-1,18
470818,-6.729092,29,real,-1,8
470851,-1.803502,33,real,-1,12
470882,-4.769048,31,real,-1,10
470909,5.800113,27,real,-1,6
470946,-5.396724,37,real,-1,16
470974,-1.649398,28,real,-1,7
471014,-3.996735,40,real,-1,19
471036,3.264804,22,real,-1,1
471072,-4.700043,36,real,-1,15
471106,-0.784268,34,real,-1,13
471134,-1.659203,28,real,-1,7
471168,-2.665965,34,real,-1,13
471195,1.517394,27,real,-1,6
471235,-16.639879,40,synthetic,0,19
471268,-10.377109,33,real,-1,12
471302,-1.875634,34,real,-1,13
471338,-2.222538,36,real,-1,15
471370,-8.532497,32,real,-1,11
471400,-32.883606,30,synthetic,2,9
471421,2.50395,21,real,-1,0
471447,-24.041129,26,synthetic,1,5
471469,3.470192,22,real,-1,1
471492,-9.343205,23,real,-1,2
471516,-2.179819,24,real,-1,3
471544,-1.3986,28,real,-1,7
471574,0.78124,30,real,-1,9
471612,-10.042924,38,real,-1,17
471635,-3.821699,23,real,-1,2
471661,-4.260239,26,real,-1,5
471703,3.119448,42,real,-1,21
471742,-8.215586,39,real,-1,18
471784,-2.457185,42,real,-1,21
471819,-1.451143,35,real,-1,14
471849,2.940389,30,real,-1,9
471889,-2.684979,40,real,-1,19
471917,-4.59215,28,real,-1,7
471941,-5.218399,24,real,-1,3
471962,-2.191354,21,real,-1,0
471995,-9.088839,33,real,-1,12
472020,-45.266146,25,synthetic,2,4
472055,-18.166174,35,synthetic,2,14
472086,-2.55889,31,synthetic,0,10
472107,-3.053224,21,real,-1,0
472134,-1.845224,27,real,-1,6
472165,-3.554957,31,real,-1,10
472195,-9.515908,30,real,-1,9
472236,0.961127,41,real,-1,20
472268,-6.319271,32,real,-1,11
472305,-0.692658,37,real,-1,16
472345,-11.111381,40,real,-1,19
472383,-11.251689,38,synthetic,0,17
472421,-0.727197,38,real,-1,17
472462,-2.101504,41,real,-1,20
472501,-9.054158,39,real,-1,18
472531,-2.215538,30,real,-1,9
472561,-3.556178,30,real,-1,9
472596,-15.089437,35,real,-1,14
472634,-13.646567,38,synthetic,0,17
472668,-4.57519,34,real,-1,13
472699,1.603069,31,real,-1,10
472740,1.917173,41,real,-1,20
472779,-5.360687,39,real,-1,18
472802,-4.457414,23,real,-1,2
472831,-4.342589,29,real,-1,8
472856,-8.575779,25,real,-1,4
472890,-4.053474,34,real,-1,13
472911,2.157204,21,real,-1,0
472950,-4.601064,39,real,-1,18
472986,-4.023392,36,real,-1,15
473018,-0.213569,32,real,-1,11
473039,-35.855508,21,synthetic,2,0
473079,-0.227667,40,real,-1,19
473101,-13.491741,22,real,-1,1
473127,-33.658778,26,synthetic,1,5
473155,1.777917,28,real,-1,7
473182,2.291879,27,real,-1,6
473209,-0.403631,27,real,-1,6
473241,-4.775091,32,real,-1,11
473270,-4.048175,29,real,-1,8
473306,-17.203984,36,synthetic,0,15
473332,0.37899,26,real,-1,5
473369,-5.835195,37,real,-1,16
473403,-0.93916,34,real,-1,13
473433,0.321488,30,real,-1,9
473469,-3.498403,36,real,-1,15
473504,-7.246777,35,real,-1,14
473536,1.335502,32,real,-1,11
473561,3.596141,25,real,-1,4
473595,3.878173,34,real,-1,13
473622,5.16271,27,real,-1,6
473650,-1.09357,28,real,-1,7
473676,-1.509661,26,real,-1,5
473698,-7.20326,22,real,-1,1
473735,-6.524535,37,real,-1,16
473761,1.020923,26,real,-1,5
473799,-6.136135,38,real,-1,17
473828,4.859727,29,real,-1,8
473862,-1.520245,34,real,-1,13
473889,2.689536,27,real,-1,6
473915,-3.067829,26,real,-1,5
473948,-7.414767,33,real,-1,12
473980,-35.566401,32,synthetic,2,11
474010,-10.470253,30,synthetic,0,9
474043,1.43625,33,real,-1,12
474070,-3.321602,27,real,-1,6
474096,-5.22526,26,synthetic,0,5
474131,-7.745308,35,real,-1,14
474166,-7.259594,35,real,-1,14
474191,-6.264619,25,real,-1,4
474232,-5.343831,41,real,-1,20
474263,2.570927,31,real,-1,10
474291,-7.601083,28,real,-1,7
474326,-11.175447,35,synthetic,0,14
474356,-6.486785,30,real,-1,9
474378,-4.035217,22,real,-1,1
474403,2.265133,25,real,-1,4
474440,-2.373971,37,real,-1,16
474469,-0.102581,29,real,-1,8
474504,-2.764616,35,real,-1,14
474545,-5.159395,41,real,-1,20
474567,-8.073729,22,real,-1,1
474589,-1.766438,22,real,-1,1
474610,1.005034,21,real,-1,0
474644,-9.271146,34,real,-1,13
474673,-5.720095,29,real,-1,8
474695,-2.104301,22,real,-1,1
474736,6.136201,41,real,-1,20
474763,1.254802,27,real,-1,6
474799,0.684814,36,real,-1,15
474824,-9.668559,25,synthetic,0,4
474860,-4.884039,36,real,-1,15
474889,-8.517014,29,real,-1,8
474922,0.892694,33,real,-1,12
474943,-2.973384,21,real,-1,0
474980,-1.98424,37,real,-1,16
475021,-11.082874,41,real,-1,20
475061,0.680884,40,real,-1,19
475101,-8.460577,40,real,-1,19
475128,0.489779,27,real,-1,6
475162,-3.204327,34,real,-1,13
475188,-2.861262,26,real,-1,5
475219,-6.913527,31,real,-1,10
475257,-13.050989,38,real,-1,17
475299,0.499995,42,real,-1,21
475333,1.306761,34,real,-1,13
475373,-24.124873,40,synthetic,0,19
475394,-12.916564,21,synthetic,0,0
475430,1.846343,36,real,-1,15
475461,-4.675813,31,real,-1,10
475489,-2.979551,28,real,-1,7
475519,3.765213,30,real,-1,9
475557,-3.510463,38,real,-1,17
475595,-8.736607,38,real,-1,17
475630,1.834699,35,real,-1,14
475655,-5.046045,25,synthetic,0,4
475691,-21.420755,36,synthetic,1,15
475730,-0.837984,39,real,-1,18
475752,2.771837,22,real,-1,1
475791,-18.18884,39,synthetic,0,18
475832,-2.505874,41,real,-1,20
475866,-3.51729,34,real,-1,13
475899,-6.659188,33,real,-1,12
475921,-2.196806,22,real,-1,1
475949,-12.572732,28,synthetic,0,7
475987,-18.754499,38,synthetic,1,17
476011,-27.37202,24,synthetic,2,3
476036,-11.948852,25,synthetic,0,4
476064,-5.913189,28,real,-1,7
476103,1.506786,39,real,-1,18
476134,-1.234282,31,real,-1,10
476175,-7.929819,41,real,-1,20
476204,2.976061,29,real,-1,8
476227,-6.73107,23,real,-1,2
476251,-1.638242,24,real,-1,3
476276,-2.090988,25,real,-1,4
476305,-7.252285,29,real,-1,8
476336,-29.858612,31,synthetic,1,10
476357,-9.122412,21,real,-1,0
476382,-4.8029,25,real,-1,4
476420,-4.220098,38,real,-1,17
476455,1.276072,35,real,-1,14
476492,-9.004632,37,real,-1,16
476525,2.742509,33,real,-1,12
476556,1.463294,31,real,-1,10
476584,-3.950007,28,real,-1,7
476607,-1.394549,23,real,-1,2
476630,-24.749009,23,synthetic,1,2
476658,-6.085774,28,real,-1,7
476693,-29.424958,35,synthetic,1,14
476727,-1.924802,34,real,-1,13
476750,-1.983102,23,real,-1,2
476791,2.538895,41,real,-1,20
476833,-1.542273,42,real,-1,21
476858,-4.991469,25,real,-1,4
476880,0.011226,22,real,-1,1
476915,-1.146968,35,real,-1,14
476951,-4.515317,36,real,-1,15
476974,3.3766,23,real,-1,2
476997,-3.202251,23,real,-1,2
477035,-6.280159,38,real,-1,17
477072,1.124323,37,real,-1,16
477093,1.335924,21,real,-1,0
477119,-4.249969,26,real,-1,5
477155,-8.448526,36,synthetic,0,15
477195,-8.653543,40,real,-1,19
477216,-2.948827,21,real,-1,0
477255,-3.721357,39,real,-1,18
477279,-12.335457,24,synthetic,0,3
477315,1.634885,36,real,-1,15
477350,1.128384,35,real,-1,14
477384,-32.253648,34,synthetic,2,13
477420,-19.668432,36,synthetic,2,15
477450,1.723535,30,real,-1,9
477472,-36.29247,22,synthetic,2,1
477498,-33.896726,26,synthetic,1,5
477523,0.294091,25,real,-1,4
477546,-5.069945,23,real,-1,2
477584,-9.564798,38,real,-1,17
477618,0.624817,34,real,-1,13
477655,-0.708549,37,real,-1,16
477683,0.123298,28,real,-1,7
477720,-6.591343,37,real,-1,16
477757,-2.428906,37,real,-1,16
477798,1.08174,41,real,-1,20
477836,0.681415,38,real,-1,17
477869,3.226481,33,real,-1,12
477901,-3.477266,32,real,-1,11
477930,-21.387501,29,synthetic,2,8
477961,1.153799,31,real,-1,10
477990,-3.369734,29,real,-1,8
478020,-8.668541,30,real,-1,9
478052,-6.821295,32,real,-1,11
478086,0.857452,34,real,-1,13
478123,-2.903044,37,real,-1,16
478144,-0.052838,21,real,-1,0
478178,-8.715528,34,real,-1,13
478205,-6.645272,27,real,-1,6
478230,-8.346414,25,synthetic,0,4
478260,0.634795,30,real,-1,9
478289,-6.807441,29,real,-1,8
478322,1.524743,33,real,-1,12
478357,-39.754986,35,synthetic,2,14
478378,-2.517828,21,real,-1,0
478411,5.476118,33,real,-1,12
478452,-1.879212,41,real,-1,20
478473,-20.376755,21,synthetic,1,0
478508,-0.431358,35,real,-1,14
478539,-12.500332,31,synthetic,0,10
478573,-2.797924,34,real,-1,13
478607,1.62612,34,real,-1,13
478643,-2.362793,36,real,-1,15
478667,-8.89914,24,real,-1,3
478696,1.992528,29,real,-1,8
478736,2.437395,40,real,-1,19
478776,-10.22921,40,real,-1,19
478804,-9.648501,28,real,-1,7
478843,-0.466377,39,real,-1,18
478872,0.378635,29,real,-1,8
478897,-8.500268,25,synthetic,0,4
478934,-17.007385,37,synthetic,0,16
478964,-0.065773,30,real,-1,9
479003,-23.436023,39,synthetic,2,18
479036,-7.904092,33,real,-1,12
479057,-21.591731,21,synthetic,2,0
479078,1.293166,21,real,-1,0
479111,-23.583639,33,synthetic,1,12
479139,-4.012573,28,real,-1,7
479177,-3.384127,38,real,-1,17
479215,-44.668821,38,synthetic,2,17
479257,-24.647711,42,synthetic,1,21
479288,-12.519897,31,real,-1,10
479320,-1.536355,32,real,-1,11
479348,-14.254438,28,synthetic,1,7
479389,-3.41531,41,real,-1,20
479428,-6.299893,39,real,-1,18
479450,-1.085746,22,real,-1,1
479473,-3.679511,23,real,-1,2
479499,2.106671,26,real,-1,5
479521,-16.386816,22,synthetic,0,1
479559,-3.701104,38,real,-1,17
479584,2.961848,25,real,-1,4
479609,-1.522932,25,real,-1,4
479637,-4.413917,28,real,-1,7
479673,-8.607618,36,real,-1,15
479715,-37.822374,42,synthetic,2,21
479748,-5.336042,33,real,-1,12
479787,-2.442652,39,real,-1,18
479816,-32.362305,29,synthetic,1,8
479850,-6.640653,34,real,-1,13
479890,-18.793802,40,synthetic,0,19
479920,-7.085851,30,real,-1,9
479960,0.685594,40,real,-1,19
479990,-1.520167,30,real,-1,9
480021,1.59478,31,real,-1,10
480063,-34.601098,42,synthetic,1,21
480100,-2.244705,37,real,-1,16
480138,-3.565166,38,real,-1,17
480170,-5.20798,32,real,-1,11
480208,-2.930646,38,real,-1,17
480250,-1.653985,42,real,-1,21
480281,0.625665,31,real,-1,10
480315,2.364366,34,real,-1,13
480336,-7.251873,21,synthetic,0,0
480361,2.598957,25,real,-1,4
480383,-8.402519,22,real,-1,1
480425,-2.788981,42,real,-1,21
480451,-4.228628,26,real,-1,5
480489,1.531651,38,real,-1,17
480511,-3.045366,22,real,-1,1
480549,-15.680965,38,synthetic,0,17
480587,-1.340028,38,real,-1,17
480615,-7.878163,28,real,-1,7
480654,-23.763974,39,synthetic,1,18
480688,2.438443,34,real,-1,13
480716,1.53207,28,real,-1,7
480748,-8.384404,32,real,-1,11
480780,2.556335,32,real,-1,11
480820,-4.232384,40,real,-1,19
480847,1.757749,27,real,-1,6
480881,0.868696,34,real,-1,13
480907,3.188079,26,real,-1,5
480943,-8.685211,36,real,-1,15
480965,-13.157193,22,real,-1,1
481003,-7.576884,38,real,-1,17
481037,-2.134021,34,real,-1,13
481068,-26.688847,31,synthetic,1,10
481110,-11.854979,42,real,-1,21
481150,2.271817,40,real,-1,19
481174,-10.65677,24,real,-1,3
481211,-2.950037,37,real,-1,16
481232,-3.210852,21,real,-1,0
481258,4.800565,26,real,-1,5
481293,4.900064,35,real,-1,14
481334,-7.134059,41,real,-1,20
481374,-23.609247,40,synthetic,1,19
481400,-3.33604,26,real,-1,5
481441,-7.226687,41,real,-1,20
481476,-5.012704,35,real,-1,14
481510,-7.171153,34,real,-1,13
481551,-3.891716,41,real,-1,20
481573,-0.158441,22,real,-1,1
481595,-20.285451,22,synthetic,1,1
481618,-2.639752,23,real,-1,2
481653,-5.67116,35,real,-1,14
481686,-0.184688,33,real,-1,12
481726,-0.261659,40,real,-1,19
481755,-8.190019,29,real,-1,8
481791,-3.029331,36,real,-1,15
481821,-4.309425,30,real,-1,9
481848,3.120885,27,real,-1,6
481889,-7.475742,41,real,-1,20
481926,-9.197955,37,real,-1,16
481960,-12.849137,34,real,-1,13
481998,2.315225,38,real,-1,17
482020,0.881381,22,real,-1,1
482045,-2.55303,25,real,-1,4
482085,-32.287644,40,synthetic,2,19
482116,0.013883,31,real,-1,10
482158,-9.795776,42,real,-1,21
482190,-44.506783,32,synthetic,2,11
482219,-3.933383,29,real,-1,8
482258,-32.471767,39,synthetic,2,18
482299,2.582667,41,real,-1,20
482339,-0.981267,40,real,-1,19
482377,2.434111,38,real,-1,17
482414,-9.774292,37,real,-1,16
482452,-2.894923,38,real,-1,17
482493,-9.741015,41,real,-1,20
482523,-30.677435,30,synthetic,1,9
482563,-3.658018,40,real,-1,19
482599,-4.514696,36,real,-1,15
482627,1.521581,28,real,-1,7
482664,-1.971764,37,real,-1,16
482690,-2.222032,26,real,-1,5
482730,-11.064147,40,real,-1,19
482765,4.057861,35,real,-1,14
482802,-8.157621,37,real,-1,16
482839,2.721658,37,real,-1,16
482868,-31.475111,29,synthetic,2,8
482909,-0.898383,41,real,-1,20
482932,3.696352,23,real,-1,2
482954,-2.410779,22,real,-1,1
482985,-2.2463,31,real,-1,10
483026,-10.816116,41,real,-1,20
483048,-6.723083,22,synthetic,0,1
483070,-26.116639,22,synthetic,1,1
483103,-2.828199,33,real,-1,12
483145,0.229989,42,real,-1,21
483166,0.777695,21,real,-1,0
483191,0.610012,25,real,-1,4
483232,-12.904081,41,real,-1,20
483265,0.660021,33,real,-1,12
483286,-23.978975,21,synthetic,1,0
483312,-1.174243,26,real,-1,5
483338,0.396557,26,real,-1,5
483363,-5.919645,25,real,-1,4
483399,-1.501268,36,real,-1,15
483437,-2.216461,38,real,-1,17
483471,-0.332153,34,real,-1,13
483512,-6.659293,41,real,-1,20
483534,-0.331506,22,real,-1,1
483555,-12.757426,21,synthetic,1,0
483588,-6.051835,33,real,-1,12
483622,-5.384189,34,real,-1,13
483653,-12.55166,31,real,-1,10
483680,-6.533551,27,real,-1,6
483719,-8.113159,39,real,-1,18
483740,-20.997276,21,synthetic,1,0
483762,1.241126,22,real,-1,1
483788,-1.349182,26,real,-1,5
483825,-9.776113,37,real,-1,16
483847,-17.680144,22,real,-1,1
483878,6.066062,31,real,-1,10
483912,0.163234,34,real,-1,13
483934,-5.22262,22,real,-1,1
483959,-8.638179,25,real,-1,4
483990,-24.468198,31,synthetic,1,10
484014,-2.332631,24,real,-1,3
484037,-3.287107,23,real,-1,2
484062,1.986855,25,real,-1,4
484091,-15.749863,29,synthetic,0,8
484118,-4.229932,27,real,-1,6
484144,-32.992611,26,synthetic,2,5
484169,1.102397,25,real,-1,4
484202,0.037361,33,real,-1,12
484237,-19.152906,35,synthetic,1,14
484277,7.026751,40,real,-1,19
484298,-33.286204,21,synthetic,2,0
484330,-1.533786,32,real,-1,11
484370,-0.622275,40,real,-1,19
484404,-1.043962,34,real,-1,13
484427,-32.139561,23,synthetic,2,2
484454,-36.301559,27,synthetic,2,6
484481,-41.058364,27,synthetic,2,6
484523,-42.422625,42,synthetic,2,21
484565,-2.481095,42,real,-1,21
484606,-2.369255,41,real,-1,20
484638,-3.791277,32,real,-1,11
484677,-4.019886,39,real,-1,18
484700,-4.543283,23,real,-1,2
484734,0.539511,34,real,-1,13
484771,-7.580605,37,real,-1,16
484792,-2.42746,21,real,-1,0
484822,-10.072462,30,real,-1,9
484856,-11.848435,34,real,-1,13
484882,-5.742161,26,real,-1,5
484904,-2.828916,22,real,-1,1
484928,-9.689723,24,synthetic,0,3
484965,0.837571,37,real,-1,16
485001,-4.355984,36,real,-1,15
485024,-40.199213,23,synthetic,2,2
485057,-24.812792,33,synthetic,1,12
485093,-8.011771,36,real,-1,15
485115,-9.417317,22,real,-1,1
485141,-1.912169,26,real,-1,5
485180,-2.461164,39,real,-1,18
485216,0.195594,36,real,-1,15
485246,-14.848306,30,real,-1,9
485288,0.722801,42,real,-1,21
485329,-3.76346,41,real,-1,20
485367,-6.39197,38,real,-1,17
485389,0.278507,22,real,-1,1
485410,-29.037567,21,synthetic,1,0
485436,-3.209007,26,real,-1,5
485468,-6.649116,32,real,-1,11
485491,-0.180566,23,real,-1,2
485516,-1.440481,25,real,-1,4
485541,-10.652578,25,synthetic,1,4
485576,-0.268631,35,real,-1,14
485609,-9.368522,33,real,-1,12
485632,-3.198271,23,real,-1,2
485664,2.387677,32,real,-1,11
485689,-10.631732,25,real,-1,4
485730,-7.929155,41,real,-1,20
485753,2.043295,23,real,-1,2
485785,-10.818156,32,real,-1,11
485827,-7.410828,42,real,-1,21
485851,-19.049357,24,synthetic,1,3
485890,-9.398422,39,real,-1,18
485912,-4.67192,22,real,-1,1
485946,-0.273172,34,real,-1,13
485972,-2.631249,26,real,-1,5
486011,2.070985,39,real,-1,18
486040,-2.173074,29,real,-1,8
486062,-12.758929,22,real,-1,1
486096,-11.200684,34,real,-1,13
486137,-6.511472,41,real,-1,20
486179,-1.101277,42,real,-1,21
486206,0.405234,27,real,-1,6
486242,-23.375235,36,synthetic,1,15
486277,-35.213535,35,synthetic,2,14
486309,-5.575038,32,real,-1,11
486338,-2.231762,29,real,-1,8
486367,2.872904,29,real,-1,8
486409,-1.327936,42,real,-1,21
486451,-36.047447,42,synthetic,2,21
486491,-15.208642,40,synthetic,0,19
486522,2.164725,31,real,-1,10
486564,-2.796918,42,real,-1,21
486597,-1.528517,33,real,-1,12
486629,2.930558,32,real,-1,11
486655,0.828425,26,real,-1,5
486681,0.321781,26,real,-1,5
486715,-5.28482,34,real,-1,13
486746,-0.168918,31,real,-1,10
486776,-3.725641,30,real,-1,9
486808,-3.01409,32,real,-1,11
486848,-42.284878,40,synthetic,2,19
486869,2.849442,21,real,-1,0
486911,-6.82376,42,real,-1,21
486942,0.313475,31,real,-1,10
486984,-1.837242,42,real,-1,21
487008,-34.963186,24,synthetic,2,3
487050,-5.497823,42,real,-1,21
487090,-0.761085,40,real,-1,19
487132,-7.070088,42,real,-1,21
487165,1.515719,33,real,-1,12
487207,-6.156058,42,real,-1,21
487232,-2.379241,25,real,-1,4
487271,-2.855272,39,real,-1,18
487294,2.028892,23,real,-1,2
487327,-9.809346,33,synthetic,0,12
487348,-17.86873,21,synthetic,1,0
487372,-12.179093,24,synthetic,0,3
487412,-5.740888,40,real,-1,19
487452,-1.093456,40,real,-1,19
487494,-6.252499,42,real,-1,21
487525,0.855085,31,real,-1,10
487559,-1.766601,34,real,-1,13
487596,2.92423,37,real,-1,16
487626,-1.860709,30,real,-1,9
487656,-16.178021,30,synthetic,0,9
487698,-11.608777,42,real,-1,21
487733,-35.069149,35,synthetic,2,14
487765,-39.637172,32,synthetic,2,11
487807,-9.503064,42,real,-1,21
487832,3.231209,25,real,-1,4
487874,4.131305,42,real,-1,21
487904,-27.000375,30,synthetic,1,9
487944,3.784259,40,real,-1,19
487965,1.694614,21,real,-1,0
488007,-39.112837,42,synthetic,2,21
488032,2.041238,25,real,-1,4
488070,-37.177342,38,synthetic,2,17
488092,-9.14672,22,real,-1,1
488123,-13.744435,31,real,-1,10
488161,4.446238,38,real,-1,17
488194,-16.722927,33,synthetic,1,12
488223,-0.542136,29,real,-1,8
488256,-25.409351,33,synthetic,1,12
488289,0.122088,33,real,-1,12
488317,-4.969536,28,real,-1,7
488350,-11.389293,33,real,-1,12
488390,-13.37365,40,real,-1,19
488414,3.150277,24,real,-1,3
488442,0.462393,28,real,-1,7
488472,-1.337281,30,real,-1,9
488493,2.417867,21,real,-1,0
488525,0.376136,32,real,-1,11
488567,-0.600155,42,real,-1,21
488597,-0.918907,30,real,-1,9
488621,2.565305,24,real,-1,3
488654,1.403283,33,real,-1,12
488696,-4.728011,42,real,-1,21
488729,-4.321305,33,real,-1,12
488755,-3.904531,26,real,-1,5
488780,-0.749166,25,real,-1,4
488804,-28.21132,24,synthetic,1,3
488831,-5.015651,27,real,-1,6
488857,1.044885,26,real,-1,5
488880,-35.399944,23,synthetic,2,2
488902,-2.575802,22,real,-1,1
488936,1.70184,34,real,-1,13
488966,-7.078627,30,real,-1,9
488987,2.472506,21,real,-1,0
489011,-8.004223,24,real,-1,3
489038,-0.506532,27,real,-1,6
489080,-4.545443,42,real,-1,21
489102,-7.153825,22,real,-1,1
489134,2.163303,32,real,-1,11
489168,-1.079862,34,real,-1,13
489201,-4.905755,33,real,-1,12
489239,-36.94132,38,synthetic,2,17
489271,-8.793957,32,real,-1,11
489298,-4.984047,27,real,-1,6
489339,-4.159896,41,real,-1,20
489364,2.079596,25,real,-1,4
489401,-9.693287,37,real,-1,16
489440,-3.62987,39,real,-1,18
489481,-1.041878,41,real,-1,20
489512,-1.474036,31,real,-1,10
489536,-4.093683,24,real,-1,3
489558,1.802172,22,real,-1,1
489595,3.392551,37,real,-1,16
489617,-4.900259,22,real,-1,1
489656,2.517924,39,real,-1,18
489683,-4.637832,27,real,-1,6
489723,-18.926867,40,synthetic,0,19
489747,1.028179,24,real,-1,3
489786,-2.909301,39,real,-1,18
489807,-10.2789,21,real,-1,0
489837,1.343755,30,real,-1,9
489870,-6.754084,33,real,-1,12
489897,0.259437,27,real,-1,6
489919,-0.417044,22,real,-1,1
489959,-1.282655,40,real,-1,19
489996,-2.857542,37,real,-1,16
490024,-1.948857,28,real,-1,7
490050,5.097468,26,real,-1,5
490079,-1.529516,29,real,-1,8
490119,2.767132,40,real,-1,19
490141,-2.750234,22,real,-1,1
490182,-32.612757,41,synthetic,2,20
490210,-26.711617,28,synthetic,1,7
490232,-1.575632,22,real,-1,1
490256,-7.382168,24,real,-1,3
490280,2.378117,24,real,-1,3
490321,-4.402516,41,real,-1,20
490363,-9.595839,42,real,-1,21
490400,-2.977367,37,real,-1,16
490427,1.779072,27,real,-1,6
490461,-36.474686,34,synthetic,2,13
490501,-3.073467,40,real,-1,19
490528,-4.933994,27,real,-1,6
490556,0.464428,28,real,-1,7
490593,0.408787,37,real,-1,16
490615,-3.367345,22,real,-1,1
490646,-9.699303,31,real,-1,10
490679,-5.133909,33,real,-1,12
490715,-6.236115,36,real,-1,15
490754,-2.004266,39,real,-1,18
490775,-39.682715,21,synthetic,2,0
490800,-0.586665,25,real,-1,4
490830,-3.080748,30,real,-1,9
490858,2.299281,28,real,-1,7
490894,-43.484066,36,synthetic,2,15
490936,2.088497,42,real,-1,21
490968,-1.095367,32,real,-1,11
490992,-6.833918,24,real,-1,3
491023,-5.655657,31,real,-1,10
491065,-9.72263,42,real,-1,21
491091,-25.297854,26,synthetic,1,5
491126,-7.496686,35,real,-1,14
491159,-7.061161,33,real,-1,12
491197,-6.94995,38,real,-1,17
491222,-14.491763,25,synthetic,0,4
491259,-8.84929,37,real,-1,16
491298,-8.429803,39,real,-1,18
491327,-6.944965,29,real,-1,8
491351,-6.873515,24,real,-1,3
491393,-9.896521,42,real,-1,21
491417,-6.410452,24,real,-1,3
491453,4.772339,36,real,-1,15
491490,-8.694193,37,real,-1,16
491530,-5.595485,40,real,-1,19
491568,-0.807135,38,real,-1,17
491597,-7.341197,29,real,-1,8
491623,0.483112,26,real,-1,5
491644,-7.186966,21,real,-1,0
491680,2.082045,36,real,-1,15
491720,-6.016731,40,real,-1,19
491756,5.807337,36,real,-1,15
491791,4.458659,35,real,-1,14
491813,3.302531,22,real,-1,1
491841,-0.281093,28,real,-1,7
491876,-38.346491,35,synthetic,2,14
491902,-21.455165,26,synthetic,1,5
491935,-13.639912,33,real,-1,12
491959,1.717474,24,real,-1,3
491998,1.941922,39,real,-1,18
492030,-1.570333,32,real,-1,11
492066,-2.52003,36,real,-1,15
492097,6.676337,31,real,-1,10
492126,-30.575556,29,synthetic,2,8
492166,0.99033,40,real,-1,19
492190,4.277084,24,real,-1,3
492211,-14.113694,21,synthetic,0,0
492252,-12.680557,41,real,-1,20
492285,-2.310994,33,real,-1,12
492316,2.162128,31,real,-1,10
492338,0.672238,22,real,-1,1
492373,1.187794,35,real,-1,14
492404,-21.96931,31,synthetic,1,10
492438,-3.121297,34,real,-1,13
492461,-0.887632,23,real,-1,2
492503,-12.525962,42,synthetic,0,21
492545,0.065591,42,real,-1,21
492587,-7.154871,42,real,-1,21
492625,-4.3941,38,real,-1,17
492661,-7.299548,36,real,-1,15
492701,-23.246415,40,synthetic,1,19
492735,-21.014873,34,synthetic,1,13
492770,-6.155719,35,real,-1,14
492806,-3.109277,36,real,-1,15
492828,-3.219055,22,real,-1,1
492854,2.214369,26,real,-1,5
492875,-4.951942,21,real,-1,0
492898,-13.674362,23,synthetic,0,2
492936,-10.769402,38,real,-1,17
492966,-1.452088,30,real,-1,9
492989,-2.703172,23,real,-1,2
493024,-2.524544,35,real,-1,14
493049,-0.091887,25,real,-1,4
493081,0.936106,32,real,-1,11
493119,-4.842843,38,real,-1,17
493150,-3.45269,31,real,-1,10
493182,-29.091681,32,synthetic,2,11
493212,0.168087,30,real,-1,9
493251,-29.381765,39,synthetic,2,18
493293,1.931768,42,real,-1,21
493325,-18.684951,32,synthetic,2,11
493366,-8.205613,41,real,-1,20
493404,-13.262238,38,real,-1,17
493425,-4.317758,21,real,-1,0
493466,-0.170684,41,real,-1,20
493505,-3.592831,39,real,-1,18
493527,-3.234215,22,real,-1,1
493568,3.302666,41,real,-1,20
493600,-19.180905,32,synthetic,0,11
493621,-11.499775,21,synthetic,0,0
493645,-5.925616,24,real,-1,3
493667,-3.693978,22,real,-1,1
493707,-9.230279,40,real,-1,19
493728,-1.680206,21,real,-1,0
493759,-2.343364,31,real,-1,10
493783,-2.169088,24,real,-1,3
493821,-15.076885,38,synthetic,0,17
493852,-0.521655,31,real,-1,10
493882,-3.194169,30,real,-1,9
493915,-5.238965,33,real,-1,12
493953,-0.949595,38,real,-1,17
493993,-3.117434,40,real,-1,19
494014,-2.835503,21,real,-1,0
494049,-0.003883,35,real,-1,14
494082,-4.353768,33,real,-1,12
494120,-6.588669,38,real,-1,17
494144,-2.337251,24,real,-1,3
494175,-3.933013,31,real,-1,10
494197,0.646161,22,real,-1,1
494219,-1.221673,22,real,-1,1
494258,5.972501,39,real,-1,18
494280,1.777414,22,real,-1,1
494304,-1.638277,24,real,-1,3
494341,-4.489232,37,real,-1,16
494373,-3.600367,32,real,-1,11
494402,-3.128934,29,real,-1,8
494438,-19.897082,36,synthetic,2,15
494465,0.286268,27,real,-1,6
494492,3.030042,27,real,-1,6
494525,-4.648925,33,real,-1,12
494548,0.123945,23,real,-1,2
494576,-22.291587,28,synthetic,2,7
494598,-7.285665,22,real,-1,1
494632,1.455226,34,real,-1,13
494670,1.077706,38,real,-1,17
494705,-5.319564,35,real,-1,14
494739,-6.31293,34,real,-1,13
494781,-3.553563,42,real,-1,21
494819,-2.442179,38,real,-1,17
494857,-21.76917,38,synthetic,1,17
494899,-4.138116,42,real,-1,21
494933,-0.631749,34,real,-1,13
494975,-3.852936,42,real,-1,21
495005,-23.35175,30,synthetic,1,9
495028,-5.661829,23,real,-1,2
495051,-1.886926,23,real,-1,2
495073,-11.52713,22,real,-1,1
495109,-1.887534,36,real,-1,15
495131,-38.190192,22,synthetic,2,1
495152,-8.176368,21,real,-1,0
495178,3.201254,26,real,-1,5
495215,-7.217285,37,real,-1,16
495247,-3.072851,32,real,-1,11
495269,-1.253893,22,real,-1,1
495298,-4.921257,29,real,-1,8
495332,-4.180812,34,real,-1,13
495373,-14.577158,41,real,-1,20
495414,-7.401419,41,real,-1,20
495454,-8.020938,40,real,-1,19
495488,3.088241,34,real,-1,13
495519,1.179609,31,real,-1,10
495548,-14.397141,29,real,-1,8
495583,-6.426481,35,real,-1,14
495617,-42.471385,34,synthetic,2,13
495650,-3.318857,33,real,-1,12
495682,5.656237,32,real,-1,11
495709,-30.80458,27,synthetic,2,6
495737,0.633809,28,real,-1,7
495763,-11.128343,26,synthetic,0,5
495800,-6.077608,37,real,-1,16
495842,-29.442792,42,synthetic,1,21
495870,-2.733681,28,real,-1,7
495911,2.188445,41,real,-1,20
495941,-2.700786,30,real,-1,9
495980,-43.581972,39,synthetic,2,18
496006,-1.062792,26,real,-1,5
496035,-8.330392,29,real,-1,8
496056,2.363826,21,real,-1,0
496084,3.712341,28,real,-1,7
496111,-11.044712,27,real,-1,6
496144,-9.390704,33,synthetic,0,12
496185,-0.547035,41,real,-1,20
496222,-6.562656,37,real,-1,16
496252,-0.78364,30,real,-1,9
496274,-1.387631,22,real,-1,1
496311,-8.579242,37,real,-1,16
496338,-2.783411,27,real,-1,6
496380,2.017693,42,real,-1,21
496415,0.302294,35,real,-1,14
496448,-1.741014,33,real,-1,12
496474,-7.673348,26,real,-1,5
496508,-29.776323,34,synthetic,1,13
496533,-3.034103,25,real,-1,4
496560,-17.972079,27,synthetic,1,6
496601,-8.043581,41,real,-1,20
496637,-5.33761,36,real,-1,15
496679,-2.961172,42,real,-1,21
496702,-4.622806,23,real,-1,2
496729,-1.518467,27,real,-1,6
496766,-6.183339,37,real,-1,16
496799,-1.665986,33,real,-1,12
496826,4.889355,27,real,-1,6
496850,-0.012991,24,real,-1,3
496873,-16.344417,23,synthetic,0,2
496914,0.032481,41,real,-1,20
496935,3.059601,21,real,-1,0
496957,6.474741,22,real,-1,1
496999,-31.044195,42,synthetic,1,21
497028,-6.237519,29,real,-1,8
497055,-1.41891,27,real,-1,6
497078,-3.489503,23,real,-1,2
497108,-8.741341,30,real,-1,9
497136,-1.916251,28,real,-1,7
497169,-1.89791,33,real,-1,12
497210,-2.311704,41,real,-1,20
497246,-9.008233,36,real,-1,15
497272,-1.937351,26,real,-1,5
497307,-10.228453,35,real,-1,14
497337,-6.698838,30,real,-1,9
497366,-10.25493,29,synthetic,0,8
497395,-8.921084,29,real,-1,8
497432,-8.052077,37,real,-1,16
497467,-0.350332,35,real,-1,14
497488,2.920477,21,real,-1,0
497525,-3.129423,37,real,-1,16
497567,-26.152127,42,synthetic,2,21
497597,-6.409253,30,real,-1,9
497635,-8.944007,38,real,-1,17
497672,-5.715249,37,real,-1,16
497711,-2.326098,39,real,-1,18
497735,-4.952114,24,real,-1,3
497774,-4.793664,39,real,-1,18
497803,-2.942218,29,real,-1,8
497824,-3.956714,21,real,-1,0
497863,-13.223279,39,real,-1,18
497899,-2.804812,36,real,-1,15
497932,-5.791638,33,real,-1,12
497972,0.481351,40,real,-1,19
498007,-7.231795,35,real,-1,14
498038,-0.693497,31,real,-1,10
498080,0.437795,42,real,-1,21
498105,0.043407,25,real,-1,4
498126,0.344306,21,real,-1,0
498164,-4.853947,38,real,-1,17
498204,-10.408396,40,real,-1,19
498246,-11.123333,42,synthetic,0,21
498278,-4.538836,32,real,-1,11
498303,-3.278521,25,real,-1,4
498325,-6.346707,22,real,-1,1
498347,0.886357,22,real,-1,1
498382,-0.314017,35,real,-1,14
498410,-27.537141,28,synthetic,2,7
498438,-3.941095,28,real,-1,7
498476,-14.549721,38,synthetic,0,17
498503,-0.146514,27,real,-1,6
498544,-0.016471,41,real,-1,20
498574,-18.99335,30,synthetic,1,9
498608,-37.873933,34,synthetic,2,13
498635,-5.091367,27,real,-1,6
498675,-9.303452,40,real,-1,19
498701,1.129606,26,real,-1,5
498724,-27.349127,23,synthetic,1,2
498760,-7.905907,36,real,-1,15
498800,-28.366906,40,synthetic,2,19
498826,-2.548571,26,real,-1,5
498861,-0.973931,35,real,-1,14
498884,-0.107333,23,real,-1,2
498911,-8.80234,27,real,-1,6
498942,-22.901595,31,synthetic,1,10
498965,0.955659,23,real,-1,2
498991,-1.187122,26,real,-1,5
499026,1.043576,35,real,-1,14
499060,-6.33839,34,real,-1,13
499100,-27.948539,40,synthetic,2,19
499122,0.220774,22,real,-1,1
499159,-4.834538,37,real,-1,16
499197,5.148513,38,real,-1,17
499227,-12.911527,30,synthetic,0,9
499249,-0.783862,22,real,-1,1
499276,-6.158322,27,real,-1,6
499297,0.048742,21,real,-1,0
499329,-0.281236,32,real,-1,11
499368,-2.957376,39,real,-1,18
499390,2.569524,22,real,-1,1
499422,-0.066475,32,real,-1,11
499452,-26.571841,30,synthetic,1,9
499480,-2.753759,28,real,-1,7
499516,-13.189268,36,synthetic,0,15
499548,-6.330867,32,real,-1,11
499586,-2.255522,38,real,-1,17
499622,-29.872228,36,synthetic,2,15
499650,-20.938697,28,synthetic,1,7
499689,-31.18917,39,synthetic,2,18
499713,-10.577197,24,real,-1,3
499737,-40.825581,24,synthetic,2,3
499767,0.782306,30,real,-1,9
499806,-5.044328,39,real,-1,18
499836,-1.010098,30,real,-1,9
499864,-8.700527,28,real,-1,7
499886,-3.063529,22,real,-1,1
499910,-1.220456,24,real,-1,3
499938,-3.632572,28,real,-1,7
499960,-5.208235,22,real,-1,1
499988,-1.822591,28,real,-1,7
500009,0.324429,21,real,-1,0
500049,-4.531255,40,real,-1,19
500084,-5.530807,35,real,-1,14
500114,-7.928093,30,real,-1,9
500150,-5.529983,36,real,-1,15
500177,5.156347,27,real,-1,6
500210,-35.347259,33,synthetic,2,12
500244,-1.798997,34,real,-1,13
500283,-1.792981,39,real,-1,18
500307,-11.70992,24,synthetic,0,3
500330,-5.713992,23,real,-1,2
500360,-6.680398,30,real,-1,9
500393,-0.871306,33,real,-1,12
500426,-13.282661,33,synthetic,0,12
500463,-13.605828,37,real,-1,16
500492,-0.931713,29,real,-1,8
500534,-30.528891,42,synthetic,2,21
500557,-31.558711,23,synthetic,2,2
500581,-7.217352,24,real,-1,3
500613,-7.132523,32,real,-1,11
500648,-0.459716,35,real,-1,14
500690,-3.019327,42,real,-1,21
500711,-37.73922,21,synthetic,2,0
500744,-32.332771,33,synthetic,2,12
500782,-4.056166,38,real,-1,17
500824,-8.214751,42,real,-1,21
500848,-2.405631,24,real,-1,3
500869,-40.375489,21,synthetic,2,0
500897,-7.749762,28,real,-1,7
500923,-1.643571,26,real,-1,5
500952,-12.350422,29,synthetic,0,8
500979,-32.442222,27,synthetic,2,6
501015,-5.037109,36,real,-1,15
501056,-3.115852,41,real,-1,20
501081,-9.32712,25,real,-1,4
501107,-41.756756,26,synthetic,2,5
501145,-4.25871,38,real,-1,17
501182,-6.088887,37,real,-1,16
501212,-1.836783,30,real,-1,9
501248,-7.44451,36,real,-1,15
501279,0.765085,31,real,-1,10
501309,-0.198367,30,real,-1,9
501335,-5.825773,26,real,-1,5
501357,-7.557842,22,real,-1,1
501380,-4.630553,23,real,-1,2
501416,-3.257472,36,real,-1,15
501456,0.333553,40,real,-1,19
501497,-24.781557,41,synthetic,1,20
501518,-6.208459,21,real,-1,0
501552,-3.395072,34,real,-1,13
501578,1.330915,26,real,-1,5
501617,-7.626746,39,synthetic,0,18
501656,-1.415437,39,real,-1,18
501683,-5.071,27,real,-1,6
501720,-2.016786,37,real,-1,16
501752,-8.583967,32,real,-1,11
501779,-2.845562,27,real,-1,6
501804,3.886288,25,real,-1,4
501838,-1.363553,34,real,-1,13
501870,-4.636328,32,real,-1,11
501906,-7.878297,36,real,-1,15
501941,-2.795972,35,real,-1,14
501982,0.573721,41,real,-1,20
502005,-3.028663,23,real,-1,2
502046,-3.976895,41,real,-1,20
502084,-28.746875,38,synthetic,2,17
502109,-5.64589,25,real,-1,4
502136,-3.567515,27,real,-1,6
502175,-10.316469,39,synthetic,0,18
502212,-14.776046,37,synthetic,0,16
502239,4.962649,27,real,-1,6
502281,2.366734,42,real,-1,21
502322,-1.054309,41,real,-1,20
502363,0.16419,41,real,-1,20
502398,1.115387,35,real,-1,14
502422,-6.454547,24,real,-1,3
502448,1.295525,26,real,-1,5
502483,-19.010569,35,synthetic,1,14
502504,-3.139652,21,real,-1,0
502538,-3.055437,34,real,-1,13
502564,-3.877879,26,real,-1,5
502596,8.327921,32,real,-1,11
502624,-3.518534,28,real,-1,7
502646,-0.717915,22,real,-1,1
502678,-5.025887,32,real,-1,11
502711,4.87446,33,real,-1,12
502738,-25.276461,27,synthetic,1,6
502768,-14.094694,30,synthetic,0,9
502798,-1.427254,30,real,-1,9
502826,1.291634,28,real,-1,7
502863,-7.265192,37,real,-1,16
502901,-7.021316,38,real,-1,17
502942,-8.241585,41,real,-1,20
502983,-7.607152,41,real,-1,20
503005,1.311033,22,real,-1,1
503030,-3.939987,25,real,-1,4
503051,-3.292976,21,real,-1,0
503090,-14.524161,39,synthetic,1,18
503129,-15.911011,39,synthetic,0,18
503154,-30.373606,25,synthetic,2,4
503186,-5.412631,32,real,-1,11
503209,-2.05486,23,real,-1,2
503237,-8.187127,28,real,-1,7
503259,-18.44691,22,synthetic,1,1
503283,1.238758,24,real,-1,3
503307,-1.086939,24,real,-1,3
503333,-23.403865,26,synthetic,1,5
503373,0.166744,40,real,-1,19
503405,-24.945021,32,synthetic,1,11
503431,-2.142611,26,real,-1,5
503462,-3.604301,31,real,-1,10
503498,-4.68433,36,real,-1,15
503521,-16.979803,23,synthetic,1,2
503554,-0.859396,33,real,-1,12
503585,-3.00035,31,real,-1,10
503623,-9.285503,38,real,-1,17
503652,-0.601983,29,real,-1,8
503682,-8.078782,30,real,-1,9
503722,-7.8949,40,real,-1,19
503764,-16.971834,42,synthetic,0,21
503804,3.414787,40,real,-1,19
503844,-3.014467,40,real,-1,19
503881,-4.457725,37,real,-1,16
503916,-3.107085,35,real,-1,14
503951,-7.703008,35,real,-1,14
503982,-1.411263,31,real,-1,10
504012,-3.351429,30,real,-1,9
504033,2.240965,21,real,-1,0
504073,0.765903,40,real,-1,19
504113,-7.511114,40,real,-1,19
504148,-6.723252,35,real,-1,14
504181,-8.824997,33,real,-1,12
504220,0.811774,39,real,-1,18
504247,-6.17545,27,real,-1,6
504284,6.709968,37,real,-1,16
504312,-6.488568,28,real,-1,7
504341,-40.646422,29,synthetic,2,8
504362,-17.456321,21,synthetic,1,0
504390,-7.658443,28,real,-1,7
504431,-1.178057,41,real,-1,20
504454,-32.281543,23,synthetic,1,2
504486,1.423363,32,real,-1,11
504509,-2.498139,23,real,-1,2
504532,1.024991,23,real,-1,2
504562,-20.988065,30,synthetic,0,9
504598,-0.855389,36,real,-1,15
504633,-18.580514,35,synthetic,1,14
504655,-7.764252,22,real,-1,1
504677,-37.577792,22,synthetic,2,1
504716,1.748297,39,real,-1,18
504743,-4.040902,27,real,-1,6
504774,-3.924862,31,real,-1,10
504796,5.40092,22,real,-1,1
504817,-13.032715,21,synthetic,0,0
504839,5.715898,22,real,-1,1
504877,-1.874688,38,real,-1,17
504917,-15.432716,40,synthetic,0,19
504956,-32.798239,39,synthetic,1,18
504992,-11.641567,36,real,-1,15
505029,-1.949773,37,real,-1,16
505068,-5.257418,39,real,-1,18
505090,3.76322,22,real,-1,1
505132,-27.787843,42,synthetic,1,21
505170,-2.241744,38,real,-1,17
505209,-6.1396,39,real,-1,18
505247,-7.126556,38,real,-1,17
505287,2.369299,40,real,-1,19
505315,-9.095109,28,real,-1,7
505348,-6.155441,33,real,-1,12
505389,-11.935798,41,real,-1,20
505422,1.242941,33,real,-1,12
505461,-7.661069,39,real,-1,18
505483,-4.932587,22,real,-1,1
505504,-41.434835,21,synthetic,2,0
505536,-10.101071,32,real,-1,11
505568,-0.737,32,real,-1,11
505595,0.961402,27,real,-1,6
505632,5.59333,37,real,-1,16
505658,-28.563385,26,synthetic,1,5
505689,-2.405348,31,real,-1,10
505726,-5.983361,37,real,-1,16
505752,3.17894,26,real,-1,5
505780,-3.005332,28,real,-1,7
505808,-6.509672,28,real,-1,7
505838,-1.702622,30,real,-1,9
505873,-7.73161,35,real,-1,14
505895,-2.322663,22,real,-1,1
505927,4.643187,32,real,-1,11
505966,-2.775966,39,real,-1,18
505996,-6.631254,30,real,-1,9
506017,0.708978,21,real,-1,0
506048,-2.890409,31,real,-1,10
506077,-10.052058,29,real,-1,8
506109,-7.248321,32,real,-1,11
506136,-5.452969,27,real,-1,6
506176,-26.77376,40,synthetic,2,19
506215,-26.678358,39,synthetic,2,18
506236,-0.716422,21,real,-1,0
506276,-0.352655,40,real,-1,19
506317,-17.739398,41,synthetic,1,20
506339,-3.314294,22,real,-1,1
506370,-36.167125,31,synthetic,2,10
506409,-15.13508,39,real,-1,18
506436,-2.505597,27,real,-1,6
506462,-4.069236,26,real,-1,5
506484,-0.743241,22,real,-1,1
506507,4.886865,23,real,-1,2
506537,-3.450745,30,real,-1,9
506560,-2.377638,23,real,-1,2
506583,-2.064313,23,real,-1,2
506607,-27.091681,24,synthetic,1,3
506641,-10.063711,34,real,-1,13
506681,-6.411907,40,real,-1,19
506722,-1.815036,41,real,-1,20
506760,-5.81433,38,real,-1,17
506798,-11.128249,38,real,-1,17
506835,-3.320233,37,real,-1,16
506865,-25.995716,30,synthetic,1,9
506904,-23.550161,39,synthetic,1,18
506930,-2.539941,26,real,-1,5
506964,-11.392502,34,synthetic,0,13
506987,-4.045877,23,real,-1,2
507019,-2.710376,32,real,-1,11
507055,-8.635252,36,real,-1,15
507092,-4.517428,37,real,-1,16
507134,-0.197753,42,real,-1,21
507159,-6.304963,25,real,-1,4
507198,-27.33356,39,synthetic,1,18
507231,-3.580616,33,real,-1,12
507255,-5.822864,24,real,-1,3
507285,-0.497549,30,real,-1,9
507327,3.665562,42,real,-1,21
507359,-3.087912,32,real,-1,11
507401,-19.480632,42,synthetic,1,21
507435,-1.750806,34,real,-1,13
507474,-0.404883,39,real,-1,18
507510,-8.958983,36,real,-1,15
507531,-28.6573,21,synthetic,1,0
507570,4.939244,39,real,-1,18
507603,-2.340839,33,real,-1,12
507624,0.843049,21,real,-1,0
507658,-7.025085,34,real,-1,13
507694,0.736217,36,real,-1,15
507718,-19.603749,24,synthetic,1,3
507739,-2.713613,21,real,-1,0
507769,-4.839673,30,real,-1,9
507793,-1.34678,24,real,-1,3
507830,-7.254861,37,real,-1,16
507856,-25.338813,26,synthetic,1,5
507892,-12.676035,36,real,-1,15
507922,-29.76953,30,synthetic,2,9
507961,1.080245,39,real,-1,18
507999,1.222943,38,real,-1,17
508041,-8.005832,42,real,-1,21
508069,-0.897363,28,real,-1,7
508094,-12.052518,25,synthetic,0,4
508116,-38.224921,22,synthetic,2,1
508151,1.041969,35,real,-1,14
508183,-31.122468,32,synthetic,1,11
508215,-3.205804,32,real,-1,11
508243,2.581035,28,real,-1,7
508266,-10.785631,23,real,-1,2
508306,-6.518916,40,real,-1,19
508338,-3.146914,32,real,-1,11
508370,1.291285,32,real,-1,11
508404,-1.958816,34,real,-1,13
508438,-42.203742,34,synthetic,2,13
508469,-12.690272,31,synthetic,0,10
508508,-34.186345,39,synthetic,2,18
508549,3.724377,41,real,-1,20
508591,0.42491,42,real,-1,21
508617,-3.313167,26,real,-1,5
508642,-2.38712,25,real,-1,4
508667,-1.685266,25,real,-1,4
508698,2.089048,31,real,-1,10
508737,-3.446148,39,real,-1,18
508777,-4.182739,40,real,-1,19
508815,-9.346139,38,real,-1,17
508851,-7.968645,36,real,-1,15
508875,-5.136695,24,real,-1,3
508917,-9.113605,42,real,-1,21
508951,-8.338845,34,real,-1,13
508977,-13.380827,26,synthetic,1,5
509000,-5.151364,23,real,-1,2
509021,-1.125842,21,real,-1,0
509061,-1.464095,40,real,-1,19
509097,-20.470681,36,synthetic,1,15
509120,-6.010979,23,real,-1,2
509143,2.643244,23,real,-1,2
509177,-10.483831,34,real,-1,13
509218,-2.653567,41,real,-1,20
509243,2.75699,25,real,-1,4
509285,-6.197213,42,real,-1,21
509318,-10.148054,33,synthetic,0,12
509358,-8.189571,40,real,-1,19
509384,-3.125608,26,real,-1,5
509412,1.328442,28,real,-1,7
509437,-3.111955,25,real,-1,4
509467,-6.341596,30,real,-1,9
509488,-26.498406,21,synthetic,1,0
509530,-9.161502,42,real,-1,21
509565,-6.139814,35,real,-1,14
509601,-3.296123,36,real,-1,15
509629,-3.828492,28,real,-1,7
509664,-5.590593,35,real,-1,14
509685,-2.727626,21,real,-1,0
509712,-1.702698,27,real,-1,6
509737,-6.502162,25,real,-1,4
509772,-5.994854,35,real,-1,14
509793,1.002331,21,real,-1,0
509835,-20.398394,42,synthetic,1,21
509856,-2.359475,21,real,-1,0
509877,-0.653274,21,real,-1,0
509913,0.69144,36,real,-1,15
509946,0.104882,33,real,-1,12
509967,-8.054515,21,real,-1,0
509998,-28.391606,31,synthetic,2,10
510028,-3.992173,30,real,-1,9
510066,-10.04278,38,real,-1,17
510092,-15.112129,26,real,-1,5
510122,-5.762823,30,real,-1,9
510162,-36.088241,40,synthetic,2,19
510197,1.069258,35,real,-1,14
510228,-40.706029,31,synthetic,2,10
510249,-19.205241,21,synthetic,1,0
510270,0.618582,21,real,-1,0
510298,-32.971083,28,synthetic,2,7
510331,1.324317,33,real,-1,12
510355,-37.801239,24,synthetic,2,3
510389,-8.159592,34,real,-1,13
510426,-31.084705,37,synthetic,1,16
510461,-1.059565,35,real,-1,14
510494,-18.070303,33,synthetic,1,12
510517,-0.601626,23,real,-1,2
510559,-2.641856,42,real,-1,21
510595,-5.309215,36,real,-1,15
510624,-2.001812,29,real,-1,8
510653,-2.126052,29,real,-1,8
510692,0.835721,39,real,-1,18
510719,-2.959546,27,real,-1,6
510742,-12.521307,23,synthetic,0,2
510778,-34.536329,36,synthetic,2,15
510804,-1.645883,26,real,-1,5
510846,-8.464874,42,real,-1,21
510884,-11.525791,38,real,-1,17
510915,-2.730963,31,real,-1,10
510951,1.448792,36,real,-1,15
510973,-11.10684,22,real,-1,1
511007,-2.361592,34,real,-1,13
511037,-12.442836,30,synthetic,0,9
511070,-2.095893,33,real,-1,12
511100,-1.924087,30,real,-1,9
511141,-3.661297,41,real,-1,20
511169,-1.683113,28,real,-1,7
511203,-14.067123,34,real,-1,13
511242,-8.10387,39,real,-1,18
511276,-39.848429,34,synthetic,2,13
511299,5.610458,23,real,-1,2
511331,-7.473359,32,real,-1,11
511362,-9.959819,31,real,-1,10
511393,-2.67373,31,real,-1,10
511430,-1.658685,37,real,-1,16
511462,-2.228046,32,real,-1,11
511491,-35.537642,29,synthetic,2,8
511528,-2.041986,37,real,-1,16
511557,0.892317,29,real,-1,8
511592,-0.66524,35,real,-1,14
511616,-18.323912,24,synthetic,0,3
511637,-36.378676,21,synthetic,2,0
511668,-1.748506,31,real,-1,10
511693,-20.289928,25,synthetic,1,4
511735,-2.152831,42,real,-1,21
511762,-2.409298,27,real,-1,6
511802,2.600057,40,real,-1,19
511832,3.192426,30,real,-1,9
511854,-39.601425,22,synthetic,2,1
511888,-1.427181,34,real,-1,13
511913,-3.841138,25,real,-1,4
511953,1.557044,40,real,-1,19
511984,6.10093,31,real,-1,10
512021,-16.152324,37,synthetic,0,16
512056,2.467518,35,real,-1,14
512090,-24.151045,34,synthetic,2,13
512128,-3.351505,38,real,-1,17
512162,-9.793371,34,real,-1,13
512204,3.641663,42,real,-1,21
512245,-4.830951,41,real,-1,20
512287,-12.57383,42,synthetic,1,21
512317,-4.817942,30,real,-1,9
512345,-2.533437,28,real,-1,7
512370,-0.924459,25,real,-1,4
512395,-7.707063,25,real,-1,4
512423,-0.294832,28,real,-1,7
512454,-11.534136,31,synthetic,0,10
512481,-1.756394,27,real,-1,6
512509,3.779308,28,real,-1,7
512535,3.706341,26,real,-1,5
512560,-1.370432,25,real,-1,4
512588,-34.378512,28,synthetic,2,7
512629,-3.228403,41,real,-1,20
512658,5.130916,29,real,-1,8
512697,2.066126,39,real,-1,18
512720,-38.167677,23,synthetic,2,2
512748,-10.817132,28,real,-1,7
512782,-0.887282,34,real,-1,13
512805,1.645713,23,real,-1,2
512827,-1.830975,22,real,-1,1
512862,-8.328955,35,real,-1,14
512891,-3.037731,29,real,-1,8
512926,-5.406636,35,real,-1,14
512952,-10.443766,26,real,-1,5
512993,0.023086,41,real,-1,20
513017,-5.664134,24,real,-1,3
513053,2.004725,36,real,-1,15
513083,-2.980183,30,real,-1,9
513117,-36.326848,34,synthetic,2,13
513159,-1.399852,42,real,-1,21
513195,-5.941325,36,real,-1,15
513217,-4.043657,22,real,-1,1
513246,-4.119925,29,real,-1,8
513270,-4.88869,24,synthetic,0,3
513303,-2.159367,33,real,-1,12
513333,-5.606873,30,real,-1,9
513369,-10.799093,36,real,-1,15
513402,3.341695,33,real,-1,12
513440,-4.865804,38,real,-1,17
513472,-0.019992,32,real,-1,11
513505,-6.428979,33,real,-1,12
513538,2.963084,33,real,-1,12
513575,-11.482492,37,synthetic,0,16
513609,-5.349553,34,real,-1,13
513647,-31.007728,38,synthetic,1,17
513685,0.271624,38,real,-1,17
513717,0.106285,32,real,-1,11
513739,-33.743843,22,synthetic,2,1
513781,-1.187651,42,real,-1,21
513812,-17.017527,31,synthetic,1,10
513852,-6.888353,40,real,-1,19
513890,-2.233683,38,real,-1,17
513931,-4.661644,41,real,-1,20
513965,-28.849945,34,synthetic,2,13
513989,-6.040544,24,real,-1,3
514021,-1.809952,32,real,-1,11
514049,-1.685306,28,real,-1,7
514071,1.190742,22,real,-1,1
514111,-2.367256,40,real,-1,19
514143,0.837302,32,real,-1,11
514182,-7.298968,39,real,-1,18
514209,-19.435816,27,synthetic,1,6
514248,0.789269,39,real,-1,18
514270,-18.399035,22,synthetic,1,1
514292,3.584522,22,real,-1,1
514320,-1.650629,28,real,-1,7
514359,-20.897798,39,synthetic,1,18
514396,5.073024,37,real,-1,16
514420,5.002356,24,real,-1,3
514443,-10.769885,23,real,-1,2
514479,-11.376618,36,synthetic,0,15
514510,7.476502,31,real,-1,10
514551,-1.293216,41,real,-1,20
514583,-10.237281,32,real,-1,11
514606,-0.519428,23,real,-1,2
514630,-6.115018,24,real,-1,3
514661,-4.280136,31,real,-1,10
514688,-2.173377,27,real,-1,6
514717,-8.466507,29,real,-1,8
514739,1.679483,22,real,-1,1
514779,-6.441418,40,real,-1,19
514820,-1.328344,41,real,-1,20
514844,-11.116101,24,synthetic,0,3
514881,-8.118616,37,real,-1,16
514921,-26.266392,40,synthetic,1,19
514944,-0.751173,23,real,-1,2
514979,-3.334427,35,real,-1,14
515001,6.044465,22,real,-1,1
515033,-0.338067,32,real,-1,11
515058,0.371123,25,real,-1,4
515079,-3.770106,21,real,-1,0
515119,-13.544234,40,real,-1,19
515153,-4.164632,34,real,-1,13
515182,-4.031984,29,real,-1,8
515203,3.409298,21,real,-1,0
515225,-6.636072,22,real,-1,1
515254,6.240423,29,real,-1,8
515288,-3.001783,34,real,-1,13
515316,-2.641856,28,real,-1,7
515351,0.493761,35,real,-1,14
515388,-1.928564,37,real,-1,16
515415,-13.315694,27,synthetic,0,6
515454,-1.762134,39,real,-1,18
515484,-3.609658,30,real,-1,9
515515,2.059494,31,real,-1,10
515536,-0.761174,21,real,-1,0
515572,-2.511191,36,real,-1,15
515606,-1.659945,34,real,-1,13
515630,-2.949945,24,real,-1,3
515668,-4.493517,38,real,-1,17
515703,-1.892007,35,real,-1,14
515744,-1.33483,41,real,-1,20
515781,-15.433908,37,synthetic,0,16
515806,-2.705502,25,real,-1,4
515834,-7.791708,28,real,-1,7
515874,-7.426025,40,real,-1,19
515896,-22.707622,22,synthetic,1,1
515931,-14.284768,35,synthetic,0,14
515953,-3.20828,22,real,-1,1
515981,-7.4308,28,real,-1,7
516017,0.410061,36,real,-1,15
516040,-0.98458,23,real,-1,2
516065,1.672982,25,real,-1,4
516105,0.328965,40,real,-1,19
516137,-2.17318,32,real,-1,11
516163,-4.626,26,real,-1,5
516194,-0.34096,31,real,-1,10
516225,-3.98141,31,real,-1,10
516267,-9.01055,42,real,-1,21
516289,-6.458039,22,real,-1,1
516328,-0.651236,39,real,-1,18
516368,-3.76434,40,real,-1,19
516396,-10.744369,28,real,-1,7
516423,-21.433518,27,synthetic,1,6
516460,0.944276,37,real,-1,16
516499,-4.555987,39,synthetic,0,18
516534,-0.017752,35,real,-1,14
516560,0.407415,26,real,-1,5
516596,-1.165801,36,real,-1,15
516628,-3.854676,32,real,-1,11
516664,0.201534,36,real,-1,15
516688,-6.28712,24,real,-1,3
516711,1.636314,23,real,-1,2
516747,-7.976426,36,real,-1,15
516770,-26.233536,23,synthetic,1,2
516796,2.966759,26,real,-1,5
516831,-5.545104,35,real,-1,14
516872,-0.33414,41,real,-1,20
516897,-2.511317,25,real,-1,4
516921,-23.24574,24,synthetic,1,3
516960,2.210918,39,real,-1,18
516981,-5.052669,21,real,-1,0
517016,-3.99001,35,real,-1,14
517048,-3.047317,32,real,-1,11
517071,-1.666876,23,real,-1,2
517092,-10.950821,21,real,-1,0
517121,-9.561554,29,real,-1,8
517157,-7.211594,36,real,-1,15
517186,-7.620582,29,real,-1,8
517223,-5.909588,37,real,-1,16
517256,0.448469,33,real,-1,12
517281,-3.166431,25,real,-1,4
517322,-1.937293,41,real,-1,20
517353,-1.056448,31,real,-1,10
517374,-1.288331,21,real,-1,0
517416,-23.042236,42,synthetic,1,21
517445,0.605147,29,real,-1,8
517466,-8.124488,21,real,-1,0
517489,-6.042182,23,real,-1,2
517517,-44.887453,28,synthetic,2,7
517552,-13.158461,35,real,-1,14
517578,-3.608,26,real,-1,5
517611,-2.396726,33,real,-1,12
517638,-5.256308,27,real,-1,6
517662,-21.533178,24,synthetic,1,3
517687,-0.685626,25,real,-1,4
517710,-6.641941,23,real,-1,2
517733,-17.258335,23,synthetic,0,2
517759,-2.701829,26,real,-1,5
517796,-0.824865,37,real,-1,16
517820,-21.230602,24,synthetic,1,3
517857,-0.710607,37,real,-1,16
517883,-0.867187,26,real,-1,5
517917,-1.609604,34,real,-1,13
517959,2.188272,42,real,-1,21
517984,-9.807458,25,synthetic,0,4
518020,3.846006,36,real,-1,15
518041,-2.350826,21,real,-1,0
518078,-9.323033,37,real,-1,16
518110,-5.30724,32,synthetic,0,11
518147,-4.866004,37,real,-1,16
518175,-3.084053,28,real,-1,7
518213,-5.740368,38,real,-1,17
518255,-5.718715,42,real,-1,21
518278,-0.380265,23,real,-1,2
518320,-7.608076,42,real,-1,21
518361,-15.131708,41,real,-1,20
518392,-13.803058,31,real,-1,10
518414,-0.836658,22,real,-1,1
518435,0.277309,21,real,-1,0
518461,-33.817804,26,synthetic,2,5
518495,-26.894866,34,synthetic,2,13
518525,-0.664703,30,real,-1,9
518565,0.528645,40,real,-1,19
518599,-42.328782,34,synthetic,2,13
518628,-46.129023,29,synthetic,2,8
518665,-3.5761,37,real,-1,16
518707,-3.856149,42,real,-1,21
518745,-1.5652,38,real,-1,17
518775,-4.470904,30,real,-1,9
518806,-14.04684,31,real,-1,10
518845,-14.121184,39,real,-1,18
518867,-2.991042,22,real,-1,1
518891,-6.007408,24,real,-1,3
518914,-7.884949,23,real,-1,2
518952,-2.974566,38,real,-1,17
518989,-19.776134,37,synthetic,1,16
519015,-14.711937,26,real,-1,5
519044,-27.009253,29,synthetic,1,8
519077,-2.64798,33,real,-1,12
519119,-18.115039,42,synthetic,0,21
519140,4.534347,21,real,-1,0
519171,-1.633592,31,real,-1,10
519212,7.944714,41,real,-1,20
519243,10.907234,31,real,-1,10
519268,-3.758653,25,real,-1,4
519297,1.421783,29,real,-1,8
519326,-2.654286,29,real,-1,8
519361,4.178591,35,real,-1,14
519394,-8.577459,33,real,-1,12
519423,-0.271037,29,real,-1,8
519465,-8.403825,42,real,-1,21
519495,0.735439,30,real,-1,9
519530,-5.569377,35,real,-1,14
519563,-10.781228,33,synthetic,0,12
519587,1.988404,24,real,-1,3
519611,-2.193069,24,real,-1,3
519632,-25.722099,21,synthetic,1,0
519671,0.293468,39,real,-1,18
519706,-30.179849,35,synthetic,1,14
519739,-2.666501,33,real,-1,12
519776,-10.073916,37,real,-1,16
519806,-5.240045,30,real,-1,9
519831,-4.521742,25,real,-1,4
519854,-14.153143,23,synthetic,0,2
519885,-1.297757,31,real,-1,10
519926,-1.46238,41,real,-1,20
519950,-7.902606,24,real,-1,3
519980,1.091223,30,real,-1,9
520016,-3.284388,36,real,-1,15
520057,-9.703122,41,real,-1,20
520093,-17.36526,36,synthetic,1,15
520123,9.749142,30,real,-1,9
520163,-17.438962,40,synthetic,0,19
520185,-5.37942,22,real,-1,1
520224,-6.775247,39,real,-1,18
520257,-0.752926,33,real,-1,12
520279,-19.499424,22,synthetic,0,1
520311,-5.356164,32,real,-1,11
520339,-34.041596,28,synthetic,2,7
520372,-2.743771,33,real,-1,12
520406,-14.290584,34,real,-1,13
520428,-3.38126,22,real,-1,1
520453,5.563252,25,real,-1,4
520489,2.298643,36,real,-1,15
520531,-1.845424,42,real,-1,21
520564,3.584897,33,real,-1,12
520593,-2.932851,29,real,-1,8
520629,-1.764299,36,real,-1,15
520655,-29.56532,26,synthetic,2,5
520683,-3.163306,28,real,-1,7
520713,-2.701985,30,real,-1,9
520743,0.071441,30,real,-1,9
520775,-8.693994,32,real,-1,11
520807,5.506414,32,real,-1,11
520838,-5.388593,31,real,-1,10
520879,-8.78577,41,real,-1,20
520912,-13.343334,33,synthetic,1,12
520942,-8.108196,30,real,-1,9
520979,-8.83893,37,real,-1,16
521019,-8.451311,40,real,-1,19
521043,-1.276029,24,real,-1,3
521077,3.79516,34,real,-1,13
521115,0.55277,38,real,-1,17
521138,-21.553388,23,synthetic,1,2
521166,-7.620668,28,real,-1,7
521192,0.287644,26,real,-1,5
521220,1.673079,28,real,-1,7
521256,-3.062829,36,real,-1,15
521290,-7.069383,34,real,-1,13
521314,6.488276,24,real,-1,3
521346,-4.009954,32,real,-1,11
521383,-8.310723,37,real,-1,16
521410,-26.594871,27,synthetic,2,6
521451,-3.20957,41,real,-1,20
521474,-2.228989,23,real,-1,2
521510,-9.085109,36,real,-1,15
521547,-42.315161,37,synthetic,2,16
521581,-18.312866,34,synthetic,1,13
521603,-11.949833,22,real,-1,1
521624,-3.207475,21,real,-1,0
521658,2.944134,34,real,-1,13
521700,-6.373643,42,real,-1,21
521724,-32.1649,24,synthetic,2,3
521750,0.767862,26,real,-1,5
521771,-0.715073,21,real,-1,0
521804,4.23387,33,real,-1,12
521841,-10.33342,37,real,-1,16
521867,-5.377599,26,real,-1,5
521905,0.593055,38,real,-1,17
521947,-25.59822,42,synthetic,1,21
521968,-7.11336,21,real,-1,0
522003,-2.071421,35,real,-1,14
522028,-3.56413,25,real,-1,4
522066,-8.321014,38,real,-1,17
522107,-4.20327,41,real,-1,20
522135,1.061611,28,real,-1,7
522168,3.639744,33,real,-1,12
522204,-5.43931,36,real,-1,15
522226,-14.040773,22,synthetic,0,1
522248,-4.799734,22,real,-1,1
522288,-0.123021,40,real,-1,19
522322,-3.067611,34,real,-1,13
522351,-18.714718,29,synthetic,0,8
522390,-5.331988,39,real,-1,18
522426,-2.060809,36,real,-1,15
522468,-7.183401,42,real,-1,21
522508,4.138449,40,real,-1,19
522530,-2.459027,22,real,-1,1
522558,-6.141034,28,real,-1,7
522586,2.547813,28,real,-1,7
522609,-0.901208,23,real,-1,2
522630,0.035528,21,real,-1,0
522662,-0.052132,32,real,-1,11
522696,-6.19781,34,real,-1,13
522720,-7.409494,24,real,-1,3
522753,-2.792629,33,real,-1,12
522791,-5.88582,38,real,-1,17
522816,-2.966815,25,real,-1,4
522847,-1.934201,31,real,-1,10
522881,3.335862,34,real,-1,13
522911,-19.174894,30,synthetic,1,9
522936,-1.240236,25,real,-1,4
522975,-31.677284,39,synthetic,1,18
523006,0.226877,31,real,-1,10
523037,1.953931,31,real,-1,10
523068,-1.857661,31,real,-1,10
523096,-17.116553,28,synthetic,1,7
523122,-8.976093,26,real,-1,5
523152,0.018026,30,real,-1,9
523177,-29.92817,25,synthetic,2,4
523198,-22.985348,21,synthetic,1,0
523237,-2.73069,39,real,-1,18
523269,-42.98947,32,synthetic,2,11
523295,-0.874318,26,real,-1,5
523318,-6.586488,23,real,-1,2
523359,-19.084376,41,synthetic,1,20
523397,-4.451638,38,real,-1,17
523429,-0.720646,32,real,-1,11
523457,-1.005808,28,real,-1,7
523499,-0.594764,42,real,-1,21
523533,-2.863831,34,real,-1,13
523555,0.252152,22,real,-1,1
523585,-27.110585,30,synthetic,1,9
523608,1.663013,23,real,-1,2
523637,-1.1424,29,real,-1,8
523660,-0.220199,23,real,-1,2
523689,-42.548698,29,synthetic,2,8
523712,-6.537691,23,synthetic,0,2
523733,-25.581641,21,synthetic,1,0
523768,-12.968605,35,synthetic,0,14
523807,-7.697404,39,real,-1,18
523838,-0.19014,31,real,-1,10
523860,2.567016,22,real,-1,1
523896,-9.955374,36,real,-1,15
523923,-9.853042,27,real,-1,6
523944,1.595211,21,real,-1,0
523972,-25.572831,28,synthetic,1,7
524003,-3.472907,31,real,-1,10
524036,1.79564,33,real,-1,12
524059,-5.454411,23,real,-1,2
524092,-0.00915,33,real,-1,12
524113,-2.620802,21,real,-1,0
524135,-3.18586,22,real,-1,1
524167,-21.286237,32,synthetic,1,11
524192,-2.797975,25,real,-1,4
524225,-4.576665,33,real,-1,12
524263,0.228025,38,real,-1,17
524284,-9.868811,21,synthetic,0,0
524320,5.941249,36,real,-1,15
524362,1.417286,42,real,-1,21
524400,-0.62044,38,real,-1,17
524426,-3.341386,26,real,-1,5
524462,-7.80487,36,real,-1,15
524490,2.710919,28,real,-1,7
524524,-26.051412,34,synthetic,2,13
524561,-8.929072,37,real,-1,16
524600,-0.720595,39,real,-1,18
524624,0.829275,24,real,-1,3
524647,1.199371,23,real,-1,2
524671,-1.820894,24,real,-1,3
524709,1.293245,38,real,-1,17
524734,-21.779717,25,synthetic,1,4
524775,-7.175789,41,real,-1,20
524801,-3.108389,26,real,-1,5
524831,-40.688347,30,synthetic,2,9
524865,-2.78195,34,real,-1,13
524905,-7.666567,40,real,-1,19
524941,-13.57905,36,synthetic,0,15
524977,-11.451963,36,real,-1,15
525010,1.303548,33,real,-1,12
525043,-6.745503,33,real,-1,12
525064,-0.459651,21,real,-1,0
525090,1.650256,26,real,-1,5
525118,-4.058002,28,real,-1,7
525142,-6.041282,24,real,-1,3
525173,-22.641568,31,synthetic,1,10
525214,-15.619108,41,synthetic,0,20
525255,-6.306188,41,real,-1,20
525279,0.084027,24,real,-1,3
525319,3.873088,40,real,-1,19
525346,-4.091186,27,real,-1,6
525381,-0.644648,35,real,-1,14
525407,-5.451385,26,real,-1,5
525438,-3.038787,31,real,-1,10
525476,3.480915,38,real,-1,17
525514,1.567256,38,real,-1,17
525551,2.066512,37,real,-1,16
525590,-5.681301,39,real,-1,18
525631,-22.658705,41,synthetic,1,20
525653,-36.085359,22,synthetic,2,1
525687,-7.194641,34,real,-1,13
525722,-6.929991,35,real,-1,14
525748,-19.286597,26,synthetic,1,5
525784,-5.11545,36,real,-1,15
525813,-3.96798,29,real,-1,8
525846,-38.531436,33,synthetic,2,12
525868,6.940502,22,real,-1,1
525894,-22.719427,26,synthetic,1,5
525936,-6.555809,42,real,-1,21
525962,-7.754193,26,real,-1,5
526000,1.179921,38,real,-1,17
526031,3.083466,31,real,-1,10
526067,-1.36176,36,real,-1,15
526100,-15.885778,33,synthetic,0,12
526138,-9.21973,38,real,-1,17
526175,-0.391137,37,real,-1,16
526212,-3.245175,37,real,-1,16
526237,2.065842,25,real,-1,4
526270,0.320857,33,real,-1,12
526310,-6.038842,40,real,-1,19
526333,-5.63167,23,real,-1,2
526364,-1.027032,31,real,-1,10
526388,-3.752642,24,real,-1,3
526428,1.534929,40,real,-1,19
526456,-3.454637,28,real,-1,7
526477,-1.155128,21,real,-1,0
526512,-9.730155,35,real,-1,14
526552,1.638139,40,real,-1,19
526575,-4.66948,23,real,-1,2
526609,-0.895394,34,real,-1,13
526644,2.685723,35,real,-1,14
526682,0.538681,38,real,-1,17
526718,-10.442133,36,real,-1,15
526760,-25.370177,42,synthetic,1,21
526799,-40.337571,39,synthetic,2,18
526841,-10.406318,42,real,-1,21
526876,-3.152693,35,real,-1,14
526904,-5.647345,28,real,-1,7
526942,-23.684131,38,synthetic,1,17
526963,-15.670982,21,synthetic,1,0
527001,-26.731978,38,synthetic,1,17
527036,-1.381316,35,real,-1,14
527071,-40.951692,35,synthetic,2,14
527111,-19.403089,40,synthetic,1,19
527149,-3.946347,38,real,-1,17
527182,-11.72575,33,synthetic,0,12
527208,2.469503,26,real,-1,5
527238,-6.515714,30,real,-1,9
527264,-5.855187,26,real,-1,5
527289,-33.879404,25,synthetic,2,4
527324,-4.284952,35,real,-1,14
527352,-5.690706,28,real,-1,7
527380,-16.909779,28,synthetic,0,7
527407,-5.346035,27,real,-1,6
527440,-2.637167,33,real,-1,12
527480,-1.600999,40,real,-1,19
527522,-1.330106,42,real,-1,21
527564,-10.268383,42,real,-1,21
527586,-23.903728,22,synthetic,1,1
527611,-26.04123,25,synthetic,1,4
527652,-6.411772,41,real,-1,20
527679,-1.400263,27,real,-1,6
527718,-2.79322,39,real,-1,18
527759,-18.87646,41,synthetic,0,20
527786,-6.125904,27,real,-1,6
527815,4.46495,29,real,-1,8
527853,-35.550187,38,synthetic,2,17
527884,-7.935956,31,synthetic,0,10
527913,-38.198911,29,synthetic,2,8
527937,-2.740494,24,real,-1,3
527966,-5.100718,29,real,-1,8
528001,-0.402046,35,real,-1,14
528039,-3.924362,38,real,-1,17
528065,-1.676886,26,real,-1,5
528088,-3.839987,23,real,-1,2
528110,-32.571761,22,synthetic,2,1
528134,-2.126625,24,real,-1,3
528169,-2.276008,35,real,-1,14
528194,-0.181669,25,real,-1,4
528231,1.552796,37,real,-1,16
528253,-1.861152,22,real,-1,1
528291,-4.288548,38,real,-1,17
528316,2.781495,25,real,-1,4
528343,0.509407,27,real,-1,6
528374,-0.916627,31,real,-1,10
528402,-1.546597,28,real,-1,7
528439,-2.475788,37,real,-1,16
528462,-0.687127,23,real,-1,2
528499,-40.176729,37,synthetic,2,16
528525,-3.113903,26,real,-1,5
528563,0.496945,38,real,-1,17
528592,-6.835538,29,real,-1,8
528615,0.123508,23,real,-1,2
528636,-21.659846,21,synthetic,1,0
528672,-22.924607,36,synthetic,1,15
528694,-28.476215,22,synthetic,2,1
528726,-0.230369,32,real,-1,11
528762,-5.06017,36,real,-1,15
528794,2.098773,32,real,-1,11
528827,-0.05857,33,real,-1,12
528848,-1.497328,21,real,-1,0
528874,-14.824494,26,synthetic,1,5
528901,-39.16711,27,synthetic,2,6
528941,-9.441689,40,real,-1,19
528981,3.222643,40,real,-1,19
529011,-22.742694,30,synthetic,1,9
529035,1.826505,24,real,-1,3
529074,-2.997885,39,real,-1,18
529104,1.555808,30,real,-1,9
529133,-28.31964,29,synthetic,2,8
529161,-8.35578,28,real,-1,7
529196,-3.669337,35,real,-1,14
529226,-3.597714,30,real,-1,9
529263,-2.620488,37,real,-1,16
529294,2.153156,31,real,-1,10
529320,-5.063525,26,real,-1,5
529351,-7.332764,31,real,-1,10
529376,1.248966,25,real,-1,4
529408,-1.052302,32,real,-1,11
529439,0.009306,31,real,-1,10
529474,0.473434,35,real,-1,14
529508,-8.219236,34,real,-1,13
529550,-4.335675,42,real,-1,21
529592,-9.751626,42,real,-1,21
529630,-8.691805,38,real,-1,17
529657,1.432385,27,real,-1,6
529686,-30.604146,29,synthetic,2,8
529721,-6.601445,35,real,-1,14
529757,0.762576,36,real,-1,15
529781,-0.513088,24,real,-1,3
529818,-0.629708,37,real,-1,16
529855,-3.440082,37,real,-1,16
529878,-3.27869,23,real,-1,2
529912,-31.086837,34,synthetic,2,13
529939,-13.179458,27,synthetic,0,6
529973,-1.17677,34,real,-1,13
530006,-21.63126,33,synthetic,2,12
530037,6.275868,31,real,-1,10
530060,-2.56526,23,real,-1,2
530090,-21.963698,30,synthetic,1,9
530115,1.88678,25,real,-1,4
530138,4.043252,23,real,-1,2
530177,-3.276007,39,real,-1,18
530201,-6.523403,24,synthetic,0,3
530237,-5.859507,36,real,-1,15
530277,1.588081,40,real,-1,19
530306,-8.500274,29,real,-1,8
530332,-6.610362,26,real,-1,5
530355,-9.530357,23,real,-1,2
530390,-3.285529,35,real,-1,14
530416,-1.17742,26,real,-1,5
530440,-0.606912,24,real,-1,3
530470,-3.923354,30,real,-1,9
530507,-1.578405,37,real,-1,16
530547,-8.562242,40,real,-1,19
530574,-2.721193,27,real,-1,6
530614,-2.214984,40,real,-1,19
530656,-6.185956,42,real,-1,21
530681,0.630312,25,real,-1,4
530719,-4.102366,38,real,-1,17
530752,-1.294558,33,real,-1,12
530779,0.333617,27,real,-1,6
530814,2.42068,35,real,-1,14
530852,-1.519691,38,real,-1,17
530884,-14.416121,32,synthetic,0,11
530923,-27.682423,39,synthetic,1,18
530963,-3.648613,40,real,-1,19
530989,-1.179961,26,real,-1,5
531027,-13.905162,38,synthetic,0,17
531058,-30.985007,31,synthetic,2,10
531082,-0.648662,24,real,-1,3
531107,-1.846906,25,real,-1,4
531146,-5.388145,39,real,-1,18
531177,-3.889871,31,real,-1,10
531214,-3.460623,37,real,-1,16
531253,-2.915068,39,real,-1,18
531295,2.594082,42,real,-1,21
531316,-2.949163,21,real,-1,0
531338,-0.642265,22,real,-1,1
531377,-3.231038,39,real,-1,18
531407,-2.165873,30,real,-1,9
531447,-12.324268,40,real,-1,19
531473,-7.929142,26,real,-1,5
531515,-2.61631,42,real,-1,21
531549,3.261429,34,real,-1,13
531583,-0.089748,34,real,-1,13
531607,-33.358164,24,synthetic,1,3
531639,-1.169232,32,real,-1,11
531676,0.867041,37,real,-1,16
531713,-2.244084,37,real,-1,16
531735,-11.277366,22,real,-1,1
531767,-15.911778,32,real,-1,11
531807,-1.908947,40,synthetic,0,19
531842,-1.737344,35,real,-1,14
531870,-1.764852,28,real,-1,7
531895,-11.219051,25,real,-1,4
531918,-8.045561,23,real,-1,2
531940,-0.806762,22,real,-1,1
531968,-3.342277,28,real,-1,7
532007,-8.779521,39,real,-1,18
532042,-8.672184,35,real,-1,14
532073,-20.954587,31,synthetic,1,10
532111,-1.736125,38,real,-1,17
532142,-21.232181,31,synthetic,1,10
532182,-10.813197,40,real,-1,19
532211,-4.751681,29,real,-1,8
532249,-5.70916,38,real,-1,17
532280,-1.887561,31,real,-1,10
532315,-11.305805,35,synthetic,0,14
532351,-6.005267,36,real,-1,15
532386,-1.834018,35,real,-1,14
532413,0.186302,27,real,-1,6
532435,2.950414,22,real,-1,1
532470,-4.768979,35,real,-1,14
