Date,Open,High,Low,Close,Volume
2010-01-04,6.389118719062898,6.421149562639879,6.357686597783846,6.4064812660217285,493729600
2010-01-05,6.424143184410481,6.45377913699936,6.383729831431048,6.417557239532471,601904800
2010-01-06,6.417557601330513,6.443002899203525,6.308891902803678,6.3154778480529785,552160000
2010-01-07,6.33882590707757,6.3463099342219484,6.258000012642371,6.3038010597229,477131200
2010-01-08,6.295419764544936,6.346310353123808,6.258300586182776,6.3457112312316895,447610800
2010-01-11,6.3702581923515655,6.376245414227439,6.240039313999597,6.289732456207275,462229600
2010-01-12,6.262190302803162,6.279553644446102,6.179269684967472,6.2181854248046875,594459600
2010-01-13,6.222678113777372,6.314279824605141,6.109821362385258,6.3058977127075195,605892000
2010-01-14,6.289732355137283,6.300209593570668,6.257102396119142,6.269375801086426,432894000
2010-01-15,6.314280703478351,6.334337902596525,6.162807543089351,6.1646037101745605,594067600
2010-01-19,6.236447518431264,6.441804450302262,6.203818355438351,6.437314033508301,730007600
2010-01-20,6.433422746845151,6.4525814600330165,6.271472367685669,6.338228702545166,612152800
2010-01-21,6.348704277523269,6.385524488867508,6.202918239041667,6.228662490844727,608154400
2010-01-22,6.190048756994141,6.211601961770394,5.9020701073893,5.919731616973877,881767600
2010-01-25,6.062223298689935,6.127781384990366,5.992773118182527,6.078987121582031,1065699600
2010-01-26,6.165201571374649,6.397500619425717,6.064319265600282,6.164902210235596,1867110000
2010-01-27,6.192143837798432,6.3038027550547255,5.973016260251572,6.222977638244629,1722568400
2010-01-28,6.13466579860717,6.151728578231044,5.948167870712455,5.965829372406006,1173502400
2010-01-29,6.019414471458897,6.052942109520461,5.695213650273014,5.749396800994873,1245952400
2010-02-01,5.758678520461148,5.867344219308913,5.7266476769253405,5.829326152801514,749876400
2010-02-02,5.864650186181864,5.876923593210651,5.788913416672095,5.863152980804443,698342400
2010-02-03,5.842497214550557,5.99307266377811,5.8200455297371745,5.9640350341796875,615328000
2010-02-04,5.889193820657068,5.938288224960163,5.73472754252044,5.749096870422363,757652000
2010-02-05,5.766461370223868,5.8673436697596895,5.713175890129751,5.851178169250488,850306800
2010-02-08,5.858062172548806,5.923620640173878,5.807470957239656,5.811063289642334,478270800
2010-02-09,5.879916045005989,5.9122462445061315,5.829923940252894,5.873031139373779,632886800
2010-02-10,5.864048650039952,5.885303683307058,5.815254399826562,5.840998649597168,370361600
2010-02-11,5.833815339753855,5.97960099091897,5.809268130428122,5.947270393371582,550345600
2010-02-12,5.930508411733879,6.036180909268444,5.852377142603015,5.998462200164795,655468800
2010-02-16,6.04516125547711,6.09754826186112,6.032588485855666,6.0888671875,543737600
2010-02-17,6.112513913382138,6.116106246288784,6.012828673627731,6.063420295715332,436396800
2010-02-18,6.035879179580559,6.1035339889261016,6.014625340808831,6.074795722961426,422825200
2010-02-19,6.042766165166882,6.082879359435265,6.020314079358105,6.037077903747559,415469600
2010-02-22,6.057135606542945,6.061924985567922,5.96283883667206,5.999659061431885,390563600
2010-02-23,5.9870856845064955,6.026899916598866,5.858662953428885,5.899075508117676,575094800
2010-02-24,5.934098595460305,6.030191500466852,5.922423513737406,6.006842136383057,460566400
2010-02-25,5.908655360409758,6.072701275851085,5.893987063557348,6.046957015991211,665126000
2010-02-26,6.05833236858046,6.141852132461759,6.046957044365873,6.125387668609619,507460800
2010-03-01,6.159215090440178,6.2714731330194855,6.150234654868027,6.256206512451172,550093600
2010-03-02,6.284343002717877,6.31128509910266,6.218784527681802,6.252013206481934,566546400
2010-03-03,6.2547088854012545,6.282548673448106,6.224773569269848,6.266383171081543,372052800
2010-03-04,6.264885966364551,6.313979587659363,6.2454270953345326,6.307693004608154,366041200
2010-03-05,6.43431987305921,6.576812547524191,6.425039679720335,6.554360866546631,899620400
2010-03-08,6.586092593151582,6.588487082165762,6.5334062409001685,6.558252811431885,429889600
2010-03-09,6.535201670261281,6.735469418635538,6.522628905710673,6.676197528839111,920259200
2010-03-10,6.700446194673718,6.749839575444052,6.681586845698715,6.730680465698242,596218000
2010-03-11,6.702842266911844,6.750438690185547,6.685179959496295,6.750438690185547,405700400
2010-03-12,6.806418197016759,6.8171951984243275,6.757923289407135,6.7833685874938965,416323600
2010-03-15,6.7468464716655845,6.750438005650822,6.593277418514697,6.700746059417725,493502800
2010-03-16,6.710923711475747,6.73487180028922,6.660931606452395,6.719006061553955,446908000
2010-03-17,6.732475835350057,6.778875599730518,6.68368158221582,6.7091264724731445,450956800
2010-03-18,6.708527968744501,6.73547046772292,6.663924763604394,6.7249932289123535,342109600
2010-03-19,6.729184777308604,6.742655628103686,6.622614216391505,6.653148651123047,559445600
2010-03-22,6.599862992106159,6.765406070739366,6.590283437631667,6.7279863357543945,456419600
2010-03-23,6.754630164821655,6.8486279707109095,6.708529345360598,6.836054801940918,602431200
2010-03-24,6.814500389297734,6.8911352342484715,6.810608295211313,6.866288661956787,597780400
2010-03-25,6.912690771614467,6.914187977342199,6.772891884635451,6.7848663330078125,542284400
2010-03-26,6.853717504682825,6.943523454881764,6.8417430582447345,6.9120917320251465,640875200
2010-03-29,6.974952208902573,7.000995416792281,6.933641190371567,6.956690788269043,540744400
2010-03-30,7.0827219942921325,7.109065773468093,7.012373328490468,7.060270309448242,527310000
2010-03-31,7.049494420566178,7.083022068913415,7.018660622800209,7.034825325012207,430659600
2010-04-01,7.106969044991726,7.146483110578397,6.967469972979133,7.063861846923828,603145200
2010-04-05,7.034224565261855,7.139896207390629,7.027937584170719,7.1392974853515625,684507600
2010-04-06,7.130618432727981,7.1916864992653124,7.094695899583298,7.170732021331787,447017200
2010-04-07,7.171030635285083,7.2419780145050945,7.144387897981236,7.202463150024414,628502000
2010-04-08,7.197675538424352,7.230604468839809,7.125830453997482,7.18300724029541,572989200
2010-04-09,7.227311927792419,7.241082542124563,7.198274292903615,7.238088130950928,334182800
2010-04-12,7.250359969107818,7.276403986543577,7.238685285253755,7.253054618835449,333026400
2010-04-13,7.240181251604838,7.268320392358471,7.2177287720443575,7.257243633270264,306210800
2010-04-14,7.342561627274827,7.358427366828353,7.30634013108433,7.354835033416748,404076400
2010-04-15,7.357528850063878,7.454819214443515,7.349446499605883,7.451526641845703,376784800
2010-04-16,7.441048507131875,7.517983113975675,7.320708537395267,7.40602445602417,750545600
2010-04-19,7.394947422667323,7.420691675240101,7.237486697816568,7.396144866943359,566924400
2010-04-20,7.440151902232358,7.461406144613426,7.273112374104096,7.321907043457031,738326400
2010-04-21,7.74728973046291,7.7906967010440935,7.6553878483821745,7.759862899780273,982391200
2010-04-22,7.730521973957927,7.985272195310842,7.669453127985331,7.9768900871276855,793424800
2010-04-23,8.02239725600359,8.14782681213968,7.992761693623469,8.107414245605469,796955600
2010-04-26,8.138844697898165,8.156206845242549,8.028382431911705,8.067598342895508,479068800
2010-04-27,8.000839619589202,8.017902800376289,7.7987760993727235,7.844277381896973,709343600
2010-04-28,7.88049956122388,7.902950441432632,7.675741394620159,7.831106185913086,758402400
2010-04-29,7.8736133383763045,8.082562546004146,7.8433790726860355,8.041851043701172,558840800
2010-04-30,8.061909655463941,8.099628359023445,7.813147347439925,7.815841197967529,542463600
2010-05-03,7.898163289644792,8.01910278641804,7.869424621559317,7.973300933837891,454342000
2010-05-04,7.869722341861257,7.881695983213913,7.6859186737027105,7.7436933517456055,723819600
2010-05-05,7.574561838614753,7.727531783522216,7.445838946924325,7.663170337677002,883103200
2010-05-06,7.598511784789909,7.730826243077675,5.964635459633544,7.371601581573486,1285860800
2010-05-07,7.295562389648453,7.381177262507192,6.741756368722413,7.060568332672119,1676018400
2010-05-10,7.491340329343618,7.623056020554804,7.439851017684238,7.603298187255859,984306400
2010-05-11,7.538939411470479,7.779919969242854,7.498826611454637,7.679038047790527,848906800
2010-05-12,7.760460776495262,7.8769102741679555,7.744296871908162,7.84577751159668,654379600
2010-05-13,7.879605935376282,7.932891436950301,7.6754463650416085,7.7341203689575195,599712400
2010-05-14,7.6383239289160985,7.677838800763313,7.468889517359461,7.598210334777832,759362800
2010-05-17,7.624555437482614,7.668860095339512,7.415306356973816,7.6101861000061035,762834800
2010-05-18,7.692803118054822,7.739801596009986,7.491636522872941,7.554501533508301,782678400
2010-05-19,7.468885785549607,7.571264848079412,7.329686519560544,7.4341607093811035,1025726800
2010-05-20,7.240782095347743,7.299755849273897,7.071048699478305,7.1174492835998535,1282915200
2010-05-21,6.969564145452375,7.319210660190616,6.925559269818605,7.253951549530029,1223891200
2010-05-24,7.402434783470813,7.510801147025657,7.371900738392637,7.386868000030518,754238800
2010-05-25,7.165045027776035,7.386866449379877,7.099486932762753,7.340766429901123,1048006400
2010-05-26,7.486250122362028,7.547617938957818,7.296758173640526,7.307535171508789,850654000
2010-05-27,7.501818460789592,7.600306279482457,7.457214849049744,7.584140777587891,666282400
2010-05-28,7.764949658482248,7.76524861986826,7.584138771456381,7.6898112297058105,815614800
2010-06-01,7.77393046568259,7.961026754713923,7.7520775052945705,7.808056831359863,876472800
2010-06-02,7.919118896458592,7.926902286839783,7.793090642284936,7.901457786560059,688548000
2010-06-03,7.938276274426648,7.949353036034465,7.79548461104153,7.876610279083252,650106800
2010-06-04,7.729624304273975,7.840085729539849,7.622456250107375,7.6622700691223145,758304400
2010-06-07,7.73202150204369,7.757765759641751,7.500320785574665,7.511996269226074,886942000
2010-06-08,7.580848319299815,7.597612543740285,7.353638401755719,7.46380090713501,1000770400
2010-06-09,7.527861822405448,7.54073475024704,7.259041931531618,7.280295372009277,854630000
2010-06-10,7.329390822141629,7.513193779381113,7.250361074121785,7.499125003814697,776356000
2010-06-11,7.4308716015936955,7.5994083237399614,7.405127343304467,7.588931083679199,545759200
2010-06-14,7.662273747916827,7.757767167129364,7.603899516517599,7.6119818687438965,602960400
2010-06-15,7.652693510062946,7.778721758615542,7.648502453890771,7.773931980133057,585074000
2010-06-16,7.816142492554247,8.015213309794166,7.8020729147234835,8.000246047973633,783678000
2010-06-17,8.100526573203085,8.169378832444076,8.06759764888547,8.138545036315918,872855200
2010-06-18,8.149917002744306,8.232240083032208,8.125070438118154,8.204399108886719,784621600
2010-06-21,8.312770034985954,8.352284911742423,8.04454881016908,8.087656021118164,776490400
2010-06-22,8.147225070556493,8.261278846630049,8.127468038229596,8.197815895080566,717262000
2010-06-23,8.219669187617598,8.222064076404168,8.019699970749368,8.111601829528809,768457200
2010-06-24,8.11250025152677,8.178358899789703,8.025687923198342,8.052630424499512,714277200
2010-06-25,8.084363185798404,8.090649370750613,7.957136685672071,7.983779430389404,549942400
2010-06-28,7.9906623144330275,8.075081344486314,7.918518288408775,8.0316743850708,584948000
2010-06-29,7.906545192034307,7.914628342717832,7.612579738724707,7.6685590744018555,1133344800
2010-06-30,7.684724360999601,7.72244306918156,7.484157971974913,7.529659271240234,739452000
2010-07-01,7.612579146944294,7.627547203192609,7.280895014103134,7.438354969024658,1022896000
2010-07-02,7.498523462457573,7.511696149395914,7.2802944300578725,7.392253875732422,693842800
2010-07-06,7.51379240993351,7.5676758139623255,7.368904822201506,7.442845821380615,615235600
2010-07-07,7.49852217122419,7.746388307669452,7.476371053747943,7.743393898010254,654556000
2010-07-08,7.857450899652026,7.870024066817434,7.630241003159648,7.726034164428711,738144400
2010-07-09,7.690114249627012,7.7802199799461444,7.638325956745536,7.771838665008545,433322400
2010-07-12,7.739208346904528,7.838593871096543,7.629345579984756,7.702088356018066,562878400
2010-07-13,7.673047115173357,7.675441204130858,7.376985041898988,7.53773832321167,1190924000
2010-07-14,7.465296099374771,7.657480310776153,7.453919579353041,7.565578460693359,812047600
2010-07-15,7.430871751869572,7.69250699467405,7.403031565387867,7.527263641357422,824866000
2010-07-16,7.579052589859118,7.63263703988805,7.4362609098524315,7.480864524841309,1039858400
2010-07-19,7.4802643991699735,7.4802643991699735,7.172528370457297,7.351541519165039,1024478000
2010-07-20,7.271316421746642,7.570670392125938,7.184803043571437,7.540435314178467,1074950800
2010-07-21,7.935583326268,7.937379493271171,7.603600185152063,7.61078405380249,1185671200
2010-07-22,7.7137588135557715,7.783208977856974,7.6428114443359885,7.753872394561768,645318800
2010-07-23,7.696098590071955,7.794586397783539,7.671850739614817,7.78141450881958,533388800
2010-07-26,7.78320995994867,7.786203570801626,7.714658269821097,7.761656761169434,420551600
2010-07-27,7.809255373743691,7.926901503574405,7.792192188505937,7.905348300933838,584771600
2010-07-28,7.893072995830915,7.962523164636599,7.790693909024019,7.811947345733643,519985200
2010-07-29,7.804463440455451,7.862537886646706,7.666461590646662,7.726631164550781,643806800
2010-07-30,7.660179016968912,7.7742320360086445,7.630541858755308,7.70089054107666,448210000
2010-08-02,7.79638285617917,7.860743499437781,7.771836043371799,7.838591575622559,428055600
2010-08-03,7.813445828530874,7.880800081201853,7.765848610146815,7.840986251831055,417653600
2010-08-04,7.868224012114524,7.911330393799836,7.792487683828418,7.872415065765381,420375200
2010-08-05,7.83500079132087,7.878407763205184,7.799676971064382,7.834103107452393,289097200
2010-08-06,7.7766261957605956,7.827816556013114,7.712264743425429,7.785906791687012,444897600
2010-08-09,7.82751674726638,7.847574347209682,7.770340756865272,7.835599899291992,303128000
2010-08-10,7.7787196396190605,7.796681304035455,7.709867392051561,7.765547752380371,451920000
2010-08-11,7.645507276949035,7.654188348082373,7.47816804010519,7.4895429611206055,620054400
2010-08-12,7.384771683964344,7.576657798646334,7.367708496848373,7.537442684173584,534920400
2010-08-13,7.533252394108071,7.540137302080539,7.4566175250356785,7.4569172859191895,354869200
2010-08-16,7.411410411243358,7.484153937536114,7.382671754320684,7.413206577301025,318430000
2010-08-17,7.486251936907911,7.6224584507680895,7.4599081579557405,7.542829990386963,422640400
2010-08-18,7.554504064432832,7.623654480192091,7.5311538986110635,7.5757575035095215,339696000
2010-08-19,7.56887364033372,7.588032753390337,7.444342602914484,7.480265140533447,426706000
2010-08-20,7.465596053332699,7.601203038939716,7.453920570369694,7.473079681396484,384230000
2010-08-23,7.537441306033909,7.543727489812872,7.341663931594405,7.358127593994141,414041600
2010-08-24,7.264428801554791,7.27430651725543,7.144088056400761,7.182405471801758,602565600
2010-08-25,7.1258281620257975,7.3039444095853145,7.100682630372963,7.27101469039917,596867600
2010-08-26,7.347651523929203,7.3566323588727975,7.192885398864746,7.192885398864746,466505200
2010-08-27,7.236888080142869,7.262632330243642,7.051587193348164,7.232995986938477,548391200
2010-08-30,7.20725272850398,7.356631126950009,7.20485783958673,7.259340763092041,383289200
2010-08-31,7.239884423904774,7.321010106358905,7.1949818446787,7.277304172515869,420786800
2010-09-01,7.40811916203417,7.527561441309118,7.372496390731358,7.493734836578369,697037600
2010-09-02,7.521576642647968,7.548818111419678,7.441050480462329,7.548818111419678,415427600
2010-09-03,7.63623020319669,7.74669168841753,7.618568292047635,7.746392726898193,520788800
2010-09-07,7.682628420911842,7.769141791782067,7.6709537361578075,7.717653274536133,342557600
2010-09-08,7.7766234294086365,7.914626081551902,7.756266877144225,7.870621204376221,526551200
2010-09-09,7.9340873953443944,7.978391252018474,7.870624422822228,7.875114440917969,438575200
2010-09-10,7.878704678391109,7.917920583525034,7.825120239557308,7.885290622711182,387542400
2010-09-13,7.957435307339578,8.031076546634608,7.955639939920782,7.993956565856934,388780000
2010-09-14,7.96910880100948,8.057717284210678,7.9484532857958206,8.024489402770996,408150400
2010-09-15,8.027785292761282,8.093942914352368,8.017905974161858,8.089152336120605,429368800
2010-09-16,8.089746488615795,8.282230403324602,8.067593776047426,8.279236793518066,652103200
2010-09-17,8.312766013093206,8.320849160796946,8.192725834031654,8.243316650390625,634477200
2010-09-20,8.264572192263758,8.495075454032085,8.257687286318008,8.47861099243164,658677600
2010-09-21,8.497468513875017,8.601942722478631,8.465437281230384,8.494773864746094,668074400
2010-09-22,8.463041638898172,8.620801300945164,8.454060808205073,8.613916397094727,585289600
2010-09-23,8.571412308561708,8.763897148228038,8.561533789435318,8.648944854736328,786116800
2010-09-24,8.74413869336359,8.786946135551032,8.6977389176463,8.750723838806152,649488000
2010-09-27,8.80041785078826,8.822868738511197,8.711509585599345,8.715999603271484,482834800
2010-09-28,8.734254321773156,8.734254321773156,8.232238391617955,8.587271690368652,1035042400
2010-09-29,8.598351821802503,8.67558538678183,8.561531605591636,8.602542877197266,469644000
2010-09-30,8.651338807015373,8.681274119243076,8.41933913804802,8.49417781829834,673391600
2010-10-01,8.56602656541555,8.578898700446267,8.422336352127244,8.457361221313477,448142800
2010-10-04,8.429818883860891,8.468734241774117,8.31516554078729,8.34121036529541,435302000
2010-10-05,8.441791916999971,8.664809982054757,8.436402616852659,8.649543762207031,501967200
2010-10-06,8.668998826679205,8.740843886760851,8.539378277517681,8.657024383544922,670868800
2010-10-07,8.69145325779583,8.695644314218853,8.588775173199746,8.657925605773926,408399600
2010-10-08,8.732460609009618,8.81598034029933,8.681271869859716,8.803108215332031,658403200
2010-10-11,8.823166562180004,8.898004430103073,8.818975507283497,8.84172534942627,427753200
2010-10-12,8.843225930305568,8.965662653831272,8.755814064961745,8.93692398071289,558544000
2010-10-13,8.986616532854919,9.03930249797239,8.974642086527204,8.984820365905762,630092400
2010-10-14,9.031219501485166,9.054568870794652,8.992602314516963,9.049779891967773,435296400
2010-10-15,9.203347134785202,9.429659342703918,9.127610770710172,9.421875953674316,922194000
2010-10-18,9.533535973416749,9.549400914084606,9.408405420574258,9.519466400146484,1093010800
2010-10-19,9.082409601612387,9.392839525170098,8.981227929386032,9.264716148376465,1232784000
2010-10-20,9.250044942180967,9.407205901876667,9.186283034674217,9.295845985412598,721624400
2010-10-21,9.350628753482908,9.421875093990398,9.184187984693311,9.265612602233887,551460000
2010-10-22,9.252142705615423,9.281180337086463,9.169222465969293,9.204246520996094,372778000
2010-10-25,9.252743714504712,9.327880576434572,9.233284837212503,9.245259284973145,392462000
2010-10-26,9.186283401052147,9.272198030471198,9.149761350200102,9.221607208251953,392929600
2010-10-27,9.209635493543512,9.276989756416507,9.148267654533035,9.2150239944458,399002800
2010-10-28,9.218618187542031,9.220115393461118,9.007574503223779,9.137494087219238,551051200
2010-10-29,9.107257238507689,9.15665063575467,9.00667347751357,9.009966850280762,430511200
2010-11-01,9.047085481348676,9.148267150182251,9.046486759059206,9.105758666992188,423889200
2010-11-02,9.190178314307959,9.285671736291132,9.190178314307959,9.260825157165527,433930000
2010-11-03,9.320990866147005,9.366193983472005,9.23597472893679,9.363799095153809,508348400
2010-11-04,9.443129605423552,9.584724606957133,9.430556439312273,9.527547836303711,642488000
2010-11-05,9.519168523900642,9.56646599254671,9.482048536212538,9.493423461914062,361253200
2010-11-08,9.495521173695684,9.572455014516304,9.482349279042072,9.538029670715332,281758400
2010-11-09,9.610770215673401,9.6182546446646,9.414693843604594,9.461991310119629,383544000
2010-11-10,9.478754910977727,9.542517642830322,9.38625430540752,9.520365715026855,384227200
2010-11-11,9.429657415515516,9.531438575607574,9.407205736045912,9.47905158996582,361284000
2010-11-12,9.459598787393437,9.474566050395874,9.089298117153986,9.221013069152832,795846800
2010-11-15,9.233882305809429,9.296147821595364,9.168323417940432,9.191373825073242,403606000
2010-11-16,9.151860217332288,9.208138518327965,8.960273066159926,9.028226852416992,657650000
2010-11-17,9.016549454478186,9.100069197025205,8.913571641497894,8.99559497833252,479449600
2010-11-18,9.13629288954352,9.270104526183777,9.121026669896,9.23298454284668,494491200
2010-11-19,9.21921264155716,9.232084768445564,9.137489064300567,9.182092666625977,384843200
2010-11-22,9.180597349227176,9.380566596984863,9.1563502955608,9.380566596984863,393075200
2010-11-23,9.293454616448146,9.332371569066746,9.177005917534315,9.241965293884277,519447600
2010-11-24,9.339851266857792,9.441632433152941,9.332368439061165,9.423670768737793,413725200
2010-11-26,9.391939240402847,9.510483826776504,9.367991154015423,9.429657936096191,237585600
2010-11-29,9.444625595869015,9.503897491919908,9.321292026411674,9.485637664794922,445785200
2010-11-30,9.385954573222916,9.410502187796375,9.306027143688068,9.314409255981445,501858000
2010-12-01,9.437741654930306,9.51198161280299,9.429659304497992,9.471569061279297,461750800
2010-12-02,9.505395909208424,9.549400795231273,9.426366171487537,9.523956298828125,462837200
2010-12-03,9.489828678757949,9.53892229771503,9.469771885849713,9.502700805664062,342092800
2010-12-06,9.538627688892712,9.649089980675376,9.532041742052195,9.583830833435059,448481600
2010-12-07,9.693093271999897,9.6987799351928,9.523060124062699,9.52575397491455,391454000
2010-12-08,9.568258520980013,9.609869310313599,9.492821928910091,9.609569549560547,321935600
2010-12-09,9.64310048482081,9.654175648309295,9.55000036636705,9.572153091430664,294151200
2010-12-10,9.568857441401525,9.61076719299457,9.537424927866235,9.596098899841309,262511200
2010-12-13,9.710156397511788,9.730811918452702,9.609273682154708,9.629329681396484,439815600
2010-12-14,9.63112657962013,9.65537443441069,9.549402180258928,9.588019371032715,351008000
2010-12-15,9.579335840346374,9.669142575980848,9.555088789112704,9.590113639831543,417312000
2010-12-16,9.611963801350596,9.65746588192531,9.58232825622425,9.616753578186035,322030800
2010-12-17,9.628133069465024,9.632922848176598,9.58622330510103,9.597599029541016,386929200
2010-12-20,9.627233830835726,9.676628020241774,9.526351922407267,9.64549446105957,385610400
2010-12-21,9.66914034013612,9.710750326390787,9.64070223987493,9.705062866210938,256354000
2010-12-22,9.709854706059167,9.750567017509324,9.685606855918211,9.733802795410156,265921600
2010-12-23,9.729013023953847,9.733503040540489,9.674231144531431,9.687103271484375,223157200
2010-12-27,9.664650801543994,9.742183317703365,9.624836180232498,9.71943187713623,249816000
2010-12-28,9.756256953977546,9.778708643160824,9.730812452307987,9.743085861206055,175924000
2010-12-29,9.765536036756247,9.772421743185527,9.732008385866616,9.737696647644043,163139200
2010-12-30,9.743383074716276,9.74428075842865,9.670640318251564,9.6889009475708,157494400
2010-12-31,9.6676433464524,9.68350908120746,9.618548937370802,9.65596866607666,193508000
2011-01-03,9.748172850607139,9.886474495719739,9.724224759482507,9.865818977355957,445138400
2011-01-04,9.951731269237438,9.953527435599021,9.823308172151304,9.917305946350098,309080800
2011-01-05,9.86522005591037,10.008610437675213,9.863722850604093,9.998432159423828,255519600
2011-01-06,10.01998340643413,10.035849142019517,9.965501295375425,9.990347862243652,300428800
2011-01-07,9.99813454862787,10.068782184956975,9.935569264085636,10.061897277832031,311931200
2011-01-10,10.143019374671693,10.274735053926054,10.093327033548913,10.251385688781738,448560000
2011-01-11,10.324131036519203,10.326525126242705,10.16218025922997,10.227140426635742,444108000
2011-01-12,10.275339550545015,10.310662576766505,10.237919796681373,10.310362815856934,302590400
2011-01-13,10.332515604146423,10.37682026682719,10.293300482057237,10.348081588745117,296780400
2011-01-14,10.354367472494438,10.431900024414062,10.310961297803608,10.431900024414062,308840000
2011-01-18,9.864317133256922,10.320532890783705,9.758944462753725,10.197498321533203,1880998000
2011-01-19,10.428001965297083,10.43548639065205,10.084644060034655,10.143317222595215,1135612800
2011-01-20,10.071175236601936,10.127154565289079,9.882282772142613,9.958917617797852,764789200
2011-01-21,9.99154183379319,10.02477050096833,9.777802902619497,9.780497550964355,754401200
2011-01-24,9.784993450665095,10.101710319519043,9.780502634210213,10.101710319519043,574683200
2011-01-25,10.068181858807115,10.22115178072548,10.015495105620477,10.219953536987305,546868000
2011-01-26,10.266651220050877,10.345680935922566,10.22294610691507,10.293293952941895,506875600
2011-01-27,10.291200680957001,10.318442142956181,10.26276257385049,10.274137496948242,285026000
2011-01-28,10.302875519441953,10.30976042502942,9.984362504757556,10.061295509338379,592057200
2011-01-31,10.052314488907461,10.179241184180286,10.007411927245085,10.157687187194824,377246800
2011-02-01,10.216960119611782,10.347178590663031,10.207380565170931,10.328619003295898,426633200
2011-02-02,10.311257511398864,10.335204800289247,10.284315012832524,10.307365417480469,258955200
2011-02-03,10.291800026390426,10.304971916352097,10.134639027386651,10.281023025512695,393797600
2011-02-04,10.287014398753605,10.378617344449264,10.283123102103259,10.37263011932373,321840400
2011-02-07,10.414237799766555,10.574691400340583,10.406754169718909,10.53368091583252,485021600
2011-02-08,10.587563923419632,10.642644781377804,10.541762862286648,10.633065223693848,381040800
2011-02-09,10.632764753050356,10.746819347131062,10.623185996088237,10.721673011779785,482745200
2011-02-10,10.698619880888682,10.776751113028508,10.417525063402467,10.613303184509277,928550000
2011-02-11,10.619589891858723,10.710892207889108,10.583367607049707,10.682454109191895,367572800
2011-02-14,10.680662438440853,10.761187791325506,10.67826754920212,10.75220775604248,310416400
2011-02-15,10.752504650018748,10.77585481560663,10.703411028788894,10.773758888244629,284174800
2011-02-16,10.800704029992021,10.923439720908602,10.791723993573601,10.870454788208008,481157600
2011-02-17,10.694431738370596,10.784836397945154,10.6725779770695,10.725863456726074,530583200
2011-02-18,10.738134876730323,10.761784001003575,10.463028055312918,10.494161605834961,816057200
2011-02-22,10.242405028605061,10.339695383946662,10.10979166355029,10.136433601379395,872555600
2011-02-23,10.141223283811344,10.316943031382458,10.136432707456546,10.256474494934082,671854400
2011-02-24,10.298386506950921,10.332213115351875,10.129251066859675,10.264259338378906,499900800
2011-02-25,10.335508170385072,10.430403672291428,10.321738354560157,10.422321319580078,380018800
2011-02-28,10.514516264971293,10.628570020233232,10.51092393259244,10.57348918914795,403074000
2011-03-01,10.641145682295823,10.648629310161445,10.407948579795322,10.456743240356445,456136800
2011-03-02,10.476203577523428,10.60762033189126,10.429504034896677,10.540863990783691,602590800
2011-03-03,10.692633747786946,10.770465227126081,10.654615291956443,10.763580322265625,500788400
2011-03-04,10.778848553622764,10.78543449784056,10.70939837695927,10.776753425598145,453266800
2011-03-07,10.818663910387345,10.826747060932918,10.516616110911437,10.63785457611084,546123200
2011-03-08,10.62438361169814,10.698923342111762,10.544755141203517,10.649828910827637,356316800
2011-03-09,10.617794756937842,10.619890684182046,10.49535967216068,10.551338195800781,453306000
2011-03-10,10.45105755407088,10.470516430166413,10.324730335414293,10.377716064453125,507539200
2011-03-11,10.337597624132131,10.546846591375504,10.327719909007303,10.536967277526855,471080400
2011-03-14,10.572592441470018,10.671379999376983,10.51661391778418,10.583968162536621,435957200
2011-03-15,10.240907154581269,10.4127363979066,10.181036544198864,10.340592384338379,721081200
2011-03-16,10.23791559108257,10.267850902259003,9.766731602913381,9.878989219665527,1162011200
2011-03-17,10.083146680783058,10.16636744611471,9.89844532683386,10.01758861541748,659422400
2011-03-18,10.092130902013489,10.124162144961604,9.878691600721732,9.898748397827148,753214000
2011-03-21,10.058003509750739,10.170260322079447,10.036149750361888,10.157089233398438,409402000
2011-03-22,10.254678521158185,10.256474687564227,10.152298634737843,10.21396541595459,325922800
2011-03-23,10.156490999933789,10.18463014456322,10.056805749943509,10.153797149658203,372996400
2011-03-24,10.233429698494069,10.357661809530068,10.143922690315694,10.326828002929688,404712000
2011-03-25,10.419623185659974,10.539065466649872,10.388190669878599,10.523499488830566,448910000
2011-03-28,10.571693807544458,10.60671865115672,10.490568161010742,10.490568161010742,309355200
2011-03-29,10.407350126147229,10.506136894226074,10.359453947336817,10.506136894226074,352900800
2011-03-30,10.496559365021662,10.503744832401079,10.40076618954639,10.436388969421387,329406000
2011-03-31,10.36843598001964,10.47141382348414,10.359455944362896,10.4327974319458,274019200
2011-04-01,10.510627369394507,10.524995902826412,10.276830746883828,10.314549446105957,418661600
2011-04-04,10.307067899292708,10.315748972587487,10.130149064397024,10.213668823242188,460084800
2011-04-05,10.087940335016107,10.24540029619294,10.058303982148175,10.144817352294922,482731200
2011-04-06,10.21456568830404,10.294792062251826,10.092428761801205,10.119370460510254,402539200
2011-04-07,10.121170013166267,10.190919171991455,10.059203445914406,10.120572090148926,373447200
2011-04-08,10.175648129488032,10.182533033911193,9.99693398031925,10.03016185760498,377535200
2011-04-11,10.000229840478942,10.048425789865446,9.879291924459965,9.902641296386719,398946800
2011-04-12,9.893357256599904,9.990348643313748,9.884676185362082,9.95053482055664,425639200
2011-04-13,10.028967092369285,10.062494739339959,9.95412840910067,10.062195777893066,346220000
2011-04-14,10.022381030603244,10.058303566178514,9.940358480582582,9.95113468170166,301800800
2011-04-15,9.977479098777998,9.98765737847668,9.782899136006169,9.802656173706055,453605600
2011-04-18,9.761940478544862,9.945444399313397,9.58412401784728,9.93406867980957,609898800
2011-04-19,9.971491407744745,10.117575642163864,9.929880610415662,10.113984107971191,419378400
2011-04-20,10.28311774920135,10.35017303697653,10.222948166417416,10.250188827514648,700666400
2011-04-21,10.62707411262209,10.630966206188566,10.43309293665649,10.49835205078125,753810400
2011-04-25,10.487574624361887,10.589654738237488,10.48637638086766,10.56750202178955,266546000
2011-04-26,10.585765270823522,10.626776543485109,10.457940875759315,10.489972114562988,338800000
2011-04-27,10.544455001655924,10.547748373756358,10.390587378144202,10.481889724731445,356213200
2011-04-28,10.3633427079266,10.469912039433257,10.343285918169526,10.380106925964355,360959200
2011-04-29,10.381004957761384,10.59564163220235,10.377711586569633,10.48128890991211,1006345200
2011-05-02,10.469619676604626,10.491472646352968,10.342693714627869,10.366043090820312,442713600
2011-05-03,10.41722627660893,10.474103275786378,10.346278908795988,10.42351245880127,313348000
2011-05-04,10.425314073886756,10.532184023184113,10.384003027918444,10.464529991149902,389250400
2011-05-05,10.429499498563677,10.505835363799878,10.359151653417161,10.380106925964355,335969200
2011-05-06,10.46812008220825,10.477399877677913,10.363944805699262,10.377415657043457,280134400
2011-05-09,10.413335452742686,10.453449837205008,10.373521628401475,10.405552864074707,204747200
2011-05-10,10.444171368868535,10.468120259986867,10.37741583328165,10.460935592651367,282091600
2011-05-11,10.448063086501671,10.477399677701289,10.33490697813558,10.394477844238281,336000000
2011-05-12,10.361248617134187,10.391183924406553,10.245997404358883,10.37471866607666,322000000
2011-05-13,10.347482275054437,10.365143386208599,10.188525080406079,10.193015098571777,326116000
2011-05-16,10.154097899817232,10.214567250456067,9.956522747861456,9.97747802734375,449775200
2011-05-17,9.938562916033604,10.062495231628418,9.900544450602293,10.062495231628418,452334400
2011-05-18,10.072374833930686,10.209479054559743,10.058305258394197,10.174155235290527,334776400
2011-05-19,10.24030749650536,10.250186010424013,10.138227387714329,10.193907737731934,261170000
2011-05-20,10.164871667936026,10.206482456122746,10.028964942420359,10.034952163696289,337968400
2011-05-23,9.877794996419187,10.057706668374507,9.861330531267328,10.010408401489258,383600000
2011-05-24,10.043334717555748,10.055309160637067,9.9188029075961,9.94424819946289,321927200
2011-05-25,9.981369610106217,10.134939079256435,9.964007463111226,10.081653594970703,294224000
2011-05-26,10.057403711993906,10.08494413014027,10.011302908135399,10.028366088867188,222560800
2011-05-27,10.022383140395494,10.107100358051191,10.007714841889328,10.10051441192627,203599200
2011-05-31,10.210974506105838,10.412439346313477,10.207980095509495,10.412439346313477,417754400
2011-06-01,10.443573667677914,10.54116220360825,10.317246461795436,10.342989921569824,554682800
2011-06-02,10.3726216420027,10.416926272359921,10.30676381817102,10.360647201538086,338783200
2011-06-03,10.273240435352067,10.337601081077514,10.238215582180532,10.281023025512695,313250000
2011-06-06,10.348676259031976,10.389088807095547,10.112485555128666,10.119370460510254,461941200
2011-06-07,10.123262089524832,10.124758495223489,9.93556629204387,9.939757347106934,529785200
2011-06-08,9.931975656763374,10.022380311785497,9.898149051166614,9.945745468139648,333723600
2011-06-09,9.975980978780393,9.988554145659913,9.90114229845988,9.923295021057129,275088800
2011-06-10,9.895155017170154,9.928383701186954,9.744280212963485,9.755955696105957,433955200
2011-06-13,9.794870695050957,9.82809937788989,9.731108778350285,9.776909828186035,329473200
2011-06-14,9.878688232140478,9.975978573031385,9.858032719786348,9.951730728149414,334569200
2011-06-15,9.871204689061837,9.887669146939155,9.72541865717615,9.78139877319336,399196000
2011-06-16,9.785890828999035,9.83917550766146,9.529344353875793,9.733802795410156,510591200
2011-06-17,9.848457135821082,9.856240525470106,9.560178352883298,9.587120056152344,615020000
2011-06-20,9.500305655215712,9.510483931771589,9.294948753819266,9.439237594604492,640645600
2011-06-21,9.479951303952458,9.752961450641678,9.435646657634363,9.737994194030762,493382400
2011-06-22,9.733801005080904,9.845760440497818,9.650580230833832,9.657465934753418,390583200
2011-06-23,9.547605768600643,9.929282852570728,9.523059752316154,9.915513038635254,559759200
2011-06-24,9.919701456371115,9.972986129712728,9.73170669555631,9.769425392150879,439807200
2011-06-27,9.806545265445793,9.995437707868469,9.796366988864069,9.939757347106934,339813600
2011-06-28,9.987953091696044,10.079256219717456,9.981666908901783,10.036149024963379,294299600
2011-06-29,10.059499638696778,10.069378154776198,9.934967825984625,9.999629020690918,352545200
2011-06-30,10.019385987533855,10.062194222535677,9.963706425062066,10.048422813415527,322954800
2011-07-01,10.056808050702296,10.28282054180606,10.004421044159288,10.275636672973633,435313200
2011-07-05,10.267850936591529,10.472310175761798,10.252883680634316,10.460335731506348,355054000
2011-07-06,10.445967085636253,10.6001352678005,10.378911792118386,10.530085563659668,444626000
2011-07-07,10.617198622223968,10.716883081036803,10.597141026774453,10.6929349899292,399663600
2011-07-08,10.577387240545857,10.776757818136343,10.543260860506031,10.768075942993164,489633200
2011-07-11,10.667192892668199,10.769871782949451,10.561819351982217,10.597143173217773,442674400
2011-07-12,10.583073898767879,10.707306798381268,10.436091146675661,10.58966064453125,451609200
2011-07-13,10.726761562816264,10.776754471823704,10.66838734153459,10.717482566833496,391638800
2011-07-14,10.806983927162419,10.8249455869441,10.667185938989793,10.709993362426758,430533600
2011-07-15,10.811775569727871,10.92642805336239,10.751904958842713,10.924033164978027,484467200
2011-07-18,10.939305000503207,11.215309613560878,10.93481498248442,11.189865112304688,572653200
2011-07-19,11.315593319780538,11.335051396299276,11.175495488590544,11.281167984008789,819145600
2011-07-20,11.858019387093515,11.862509403336034,11.555072387683225,11.582014083862305,941340400
2011-07-21,11.583514500625583,11.676613018819625,11.49221134993677,11.593692779541016,526534400
2011-07-22,11.62452856573421,11.825994267846468,11.607465376083297,11.77360725402832,516728800
2011-07-25,11.685291102051904,11.974168537422859,11.663438943133476,11.929265975952148,589806000
2011-07-26,11.97416804735221,12.10887812433701,11.96458929293137,12.076248168945312,476582400
2011-07-27,11.991830247470523,12.053198066371179,11.73917510571453,11.752346992492676,659324400
2011-07-28,11.723312168691532,11.884064690534888,11.618837138234781,11.72929859161377,594034000
2011-07-29,11.604168983141179,11.82898398677391,11.49520393433927,11.68918514251709,632584400
2011-08-01,11.907710772562355,11.959199272311444,11.745760048331386,11.876877784729004,612836000
2011-08-02,11.903827051017585,11.911310682037946,11.62542750381844,11.642190933227539,639539600
2011-08-03,11.704151026226112,11.781085625440019,11.442516634194229,11.751749038696289,732508000
2011-08-04,11.657153758239946,11.714329728710474,11.296132272991041,11.296730995178223,871407600
2011-08-05,11.388633315029308,11.48023621466397,10.853687409170323,11.184473037719727,1204590800
2011-08-08,10.82734094902504,11.009348459410766,10.567800929867149,10.57348918914795,1143833600
2011-08-09,10.815669288314966,11.214110539284826,10.627075782577531,11.196148872375488,1082583600
2011-08-10,11.11053244193644,11.215306427079774,10.851591889389592,10.887214660644531,878656800
2011-08-11,11.091674380754199,11.239256619932423,10.918048922334668,11.186869621276855,741969200
2011-08-12,11.317683053056232,11.364681535660191,11.202731615138388,11.285353660583496,528976000
2011-08-15,11.364387708646442,11.524243373225353,11.318286888622366,11.477543830871582,460544000
2011-08-16,11.420963189730976,11.476343793673525,11.257515228097269,11.389829635620117,498750000
2011-08-17,11.44461401615107,11.510770830055138,11.315592161858033,11.38863468170166,442061200
2011-08-18,11.101256937142235,11.155440916582029,10.817767865909408,10.957865715026855,851435200
2011-08-19,10.84171505826687,10.986303702493048,10.65701361684966,10.65791130065918,775888400
2011-08-22,10.911757533991214,10.922834290188476,10.629765879198375,10.670178413391113,535315200
2011-08-23,10.785736366535083,11.185075389672294,10.686949574726611,11.183877944946289,656835200
2011-08-24,11.179982739861652,11.344328385657805,11.094068103076284,11.2611083984375,626267600
2011-08-25,10.928828898812665,11.239259680268082,10.926434009122902,11.187471389770508,871346000
2011-08-26,11.111133049116667,11.489217782867733,11.10005708640584,11.482632637023926,641477200
2011-08-29,11.620333330966844,11.719719620339854,11.61494563037187,11.673917770385742,405269200
2011-08-30,11.622426744634945,11.729895368409936,11.56135868618702,11.674514770507812,417922400
2011-08-31,11.691879326808555,11.737081654757445,11.431141798778834,11.520050048828125,522586400
2011-09-01,11.549687920903104,11.59518921627401,11.397016934216325,11.406296730041504,343725200
2011-09-02,11.218000450469368,11.315590570203055,11.130889168263543,11.197345733642578,438939200
2011-09-06,10.997376554745598,11.385339748166412,10.970733816471446,11.36767864227295,509698000
2011-09-07,11.541904370033953,11.543101814598694,11.435333402496212,11.493109703063965,350576800
2011-09-08,11.447308282975,11.633207961582967,11.444614432283098,11.499396324157715,416158400
2011-09-09,11.493108505724607,11.55507425708905,11.226382952569535,11.30002498626709,564813200
2011-09-12,11.16591774798963,11.401807978365053,11.132988016035107,11.373669624328613,467832400
2011-09-13,11.43952457070278,11.561361758593014,11.382946513506893,11.513765335083008,440560400
2011-09-14,11.585609259450633,11.74097409139822,11.547890555799803,11.653861999511719,534724400
2011-09-15,11.717625722176768,11.784382061940617,11.671824663652854,11.763426780700684,417818800
2011-09-16,11.840657591760765,11.989136695861816,11.825390575823894,11.989136695861816,698513200
2011-09-19,11.884363710529353,12.37021600991048,11.830481107790979,12.322319030761719,823860800
2011-09-20,12.430685848691772,12.658495270261554,12.309148428357181,12.376802444458008,775754000
2011-09-21,12.562105520155864,12.620479754618852,12.333399160825762,12.337590217590332,605976000
2011-09-22,12.005001959213217,12.268134334661582,11.875381418530578,12.028650283813477,968480800
2011-09-23,11.982551165556663,12.175934427015463,11.969679038758475,12.10289192199707,546277200
2011-09-26,11.969977624056472,12.093311987430779,11.713730941743693,12.069064140319824,812876400
2011-09-27,12.235505948569044,12.251071926260249,11.916095251819309,11.952017784118652,632497600
2011-09-28,11.979862020237798,12.086133254382183,11.869699489934739,11.884668350219727,429637600
2011-09-29,12.031646532146704,12.04032760449662,11.561360228978243,11.691879272460938,651086800
2011-09-30,11.588601561887362,11.641588077120756,11.410785064578157,11.414976119995117,547640800
2011-10-03,11.386537564168279,11.454490533051029,11.17100237599136,11.2138090133667,669099200
2011-10-04,11.212911255826468,11.429344126163029,10.604324953341074,11.150944709777832,1233677200
2011-10-05,11.012045898463853,11.3700729899542,10.785733697427482,11.323075294494629,786469600
2011-10-06,11.175791511454053,11.518552369674998,11.129990463177878,11.296730995178223,812582400
2011-10-07,11.249135733372949,11.30780891917908,11.030906654111146,11.070121765136719,535458000
2011-10-10,11.34822356975173,11.639195442199707,11.321879785934485,11.639195442199707,442514800
2011-10-11,11.751749852126723,12.069365188291393,11.719719413102526,11.982851028442383,605687600
2011-10-12,12.19389745895221,12.251073437159507,11.97836223857464,12.039730072021484,622286000
2011-10-13,12.123248823593784,12.226527214050293,12.059486901525426,12.226527214050293,426185200
2011-10-14,12.47798535349291,12.63275146484375,12.431285015924274,12.63275146484375,573367200
2011-10-17,12.624970207547593,12.773450159753626,12.451343915480578,12.572583198547363,686044800
2011-10-18,12.625564253469763,12.716868188978882,12.452837297054163,12.639933586120605,881602400
2011-10-19,12.014583961747125,12.226227077582466,11.90831276262817,11.932860374450684,1104059600
2011-10-20,11.97416829218617,11.984645529669356,11.800842633875387,11.833770751953125,549270400
2011-10-21,11.917297679632131,11.948430447395324,11.697271577689637,11.760734558105469,621244400
2011-10-24,11.859818684081192,12.168751387547363,11.836469314477423,12.146899223327637,502138000
2011-10-25,12.124743873832582,12.170245957988437,11.895738646079483,11.9074125289917,430427200
2011-10-26,12.026855521362664,12.050505447447538,11.769111614885652,11.992131233215332,456304800
2011-10-27,12.200482402309454,12.243590404905035,12.030749038581241,12.114567756652832,494664800
2011-10-28,12.063976473793394,12.164260449898869,12.049308178695266,12.122350692749023,322842800
2011-10-31,12.046615209990177,12.253469361136235,12.005603133511476,12.117262840270996,385501200
2011-11-01,11.896637208588224,11.959201679642721,11.771207706338226,11.869694709777832,531790000
2011-11-02,11.976864136744954,11.987341375273795,11.82778471115924,11.896636962890625,327350800
2011-11-03,11.946328525856085,12.07594907234144,11.835268365845668,12.066070556640625,441386400
2011-11-04,12.034938194378102,12.07714690787935,11.949023562285218,11.981353759765625,302229200
2011-11-07,11.971475686669448,11.974169536824968,11.858319591620418,11.966086387634277,270275600
2011-11-08,12.040331231314694,12.213657765909879,12.020873153340991,12.16067123413086,400442000
2011-11-09,11.883465123759908,12.000812274107219,11.801442582379826,11.832874298095703,558684000
2011-11-10,11.885265940287642,11.890654442068795,11.439826851423085,11.531728744506836,744752400
2011-11-11,11.573336204357922,11.635901484436264,11.383246274332116,11.513765335083008,653786000
2011-11-14,11.48083137322023,11.532620432364077,11.32157530011766,11.353306770324707,432905200
2011-11-15,11.399409728940439,11.659847482658606,11.358997180784705,11.639791488647461,430810800
2011-11-16,11.652362933164877,11.70894097572378,11.504780725060252,11.5182523727417,349210400
2011-11-17,11.494604829481636,11.512566497202341,11.240752987259604,11.297929763793945,479900400
2011-11-18,11.343128970302237,11.375159403203638,11.22218950571982,11.22398567199707,371938000
2011-11-21,11.088079832402526,11.126398049351188,10.953670309141305,11.046470642089844,447980400
2011-11-22,11.106644675504677,11.31349886132692,11.104249785984388,11.270990371704102,409021200
2011-11-23,11.21111592740258,11.250930555322087,10.98270859649517,10.986001968383789,428271200
2011-11-25,11.028812566889101,11.110536174860513,10.876141554622698,10.883625984191895,254760800
2011-11-28,11.146455337320766,11.277273342307401,11.085985992895527,11.25931167602539,346413200
2011-11-29,11.250931443376153,11.340438423859629,11.082095760945062,11.17190170288086,375855200
2011-11-30,11.414077852189974,11.44371340065001,11.324570086551947,11.44131851196289,405938400
2011-12-01,11.451499082402053,11.64488158644555,11.39791463633887,11.6128511428833,387181200
2011-12-02,11.669729537250673,11.783484387992678,11.632310588653034,11.665838241577148,379055600
2011-12-05,11.779291476460111,11.866703328859517,11.686491923011141,11.764922142028809,357210000
2011-12-06,11.749955192142853,11.813418954846199,11.656257952521315,11.703255653381348,283598000
2011-12-07,11.672718046254994,11.70295311265038,11.57782259172713,11.64757251739502,304746400
2011-12-08,11.718223486148954,11.839461948496918,11.681702226908412,11.694574356079102,376356400
2011-12-09,11.76013348892741,11.79575626581494,11.705650560395403,11.783183097839355,296993200
2011-12-12,11.725104861326663,11.791561414798972,11.658349346489393,11.729894638061523,301067200
2011-12-13,11.764624978743317,11.836470862518958,11.58800587950737,11.639195442199707,338928800
2011-12-14,11.57602898226516,11.596385538179135,11.306011650185626,11.381149291992188,406887600
2011-12-15,11.475151524389979,11.487424935230061,11.324875383261867,11.343734741210938,256200000
2011-12-16,11.386240239542408,11.49969531892224,11.36259110810304,11.405997276306152,421478400
2011-12-19,11.449402308045588,11.520648651789914,11.389829848267672,11.441618919372559,235530400
2011-12-20,11.607763220596938,11.857425654835643,11.592795960582,11.852934837341309,337215200
2011-12-21,11.87508376203595,11.893345189538103,11.734985959152079,11.867899894714355,262948000
2011-12-22,11.884364575349629,11.94812809795123,11.857423671701026,11.930765151977539,202358800
2011-12-23,11.96489035476294,12.081638788900365,11.95890313259762,12.07385540008545,269399200
2011-12-27,12.0669710569895,12.246283972711069,12.06457536864955,12.169649124145508,265076000
2011-12-28,12.180425440095801,12.221136951706562,12.014283623725973,12.053199768066406,228662000
2011-12-29,12.075948136179628,12.143303173154754,11.989435590794374,12.127436637878418,215978000
2011-12-30,12.079241653968735,12.162163471983902,12.07864373118592,12.123846054077148,179662000
2012-01-03,12.255568360498776,12.348367939025527,12.243593911903432,12.310349464416504,302220800
2012-01-04,12.273523266900039,12.41362185838989,12.251970067865784,12.376501083374023,260022000
2012-01-05,12.421701864305744,12.52946863850499,12.353448348291304,12.51390266418457,271269600
2012-01-06,12.565991075634162,12.655198267966506,12.54952661802319,12.644721031188965,318292800
2012-01-09,12.737524308130897,12.804878559715897,12.613291445442995,12.624667167663574,394024400
2012-01-10,12.749798760079983,12.75249341015068,12.617783288758169,12.66987133026123,258196400
2012-01-11,12.653107947501477,12.658197487145998,12.552226029524803,12.649216651916504,215084800
2012-01-12,12.641135163034043,12.659694757746642,12.535462659690653,12.614492416381836,212587200
2012-01-13,12.563899350655406,12.58635023581817,12.532765793889785,12.567191123962402,226021600
2012-01-17,12.698607307671816,12.752192546635523,12.661487329425261,12.71357536315918,242897200
2012-01-18,12.781227255205213,12.856364882883367,12.761470224601117,12.845588684082031,276791200
2012-01-19,12.876723300972687,12.913243756872244,12.767758257394686,12.804878234863281,261738400
2012-01-20,12.797096812271251,12.797395773739611,12.56539607875784,12.581860542297363,413974400
2012-01-23,12.652810421975417,12.825838002918122,12.641734456949838,12.79470443725586,306062400
2012-01-24,12.725551157307526,12.725551157307526,12.559409320905145,12.585153579711914,547638000
2012-01-25,13.603855696230426,13.604154657684965,13.283247513913505,13.37095832824707,958314000
2012-01-26,13.421847184827277,13.43471851295015,13.265584689064516,13.310188293457031,323985200
2012-01-27,13.301508162516898,13.425441274757496,13.284445776804981,13.389518737792969,299709200
2012-01-30,13.342522485668033,13.587694116224714,13.332943726489264,13.561051368713379,379341200
2012-01-31,13.638275215825825,13.71760388455585,13.562837840519599,13.664917945861816,391683600
2012-02-01,13.722700700084896,13.74006284738802,13.637085809442462,13.656243324279785,270046000
2012-02-02,13.647560678942533,13.685578341495107,13.59008494360075,13.624211311340332,186796400
2012-02-03,13.689470892808217,13.770295993731649,13.637382859475155,13.760716438293457,286599600
2012-02-06,13.721801649979923,13.919375204248595,13.716413948875513,13.889140129089355,249412800
2012-02-07,13.92745523476688,14.062165318169022,13.907397643397642,14.034624099731445,316223600
2012-02-08,14.084620646217152,14.272913622826055,14.060671753058035,14.269621849060059,407890000
2012-02-09,14.391751701873984,14.870419202803085,14.385764481207133,14.763250350952148,884214800
2012-02-10,14.697098162511875,14.89646707760525,14.62495253056914,14.77073860168457,631302000
2012-02-13,14.953643864643618,15.082366751290214,14.880601348310098,15.045546531677246,517216000
2012-02-14,15.107207313459549,15.253890218409852,15.027579679161349,15.250897407531738,460398400
2012-02-15,15.394596118936299,15.75471843972927,14.874617319931476,14.897968292236328,1506120000
2012-02-16,14.71326159778748,15.1140969197732,14.567475539218405,15.033869743347168,944552000
2012-02-17,15.060813073947246,15.200312964175525,14.976694593776587,15.031177520751953,535805200
2012-02-21,15.17367248490434,15.41225814819336,15.091050398404683,15.41225814819336,605595200
2012-02-22,15.35927163294688,15.431415678587257,15.239229798728175,15.358074188232422,483302400
2012-02-23,15.419142694539195,15.501465821881675,15.252103149084,15.458357810974121,568027600
2012-02-24,15.556538723625591,15.653229539750651,15.525705736195235,15.638561248779297,415072000
2012-02-27,15.605635947450063,15.820872184036151,15.45506170911816,15.738849639892578,547582000
2012-02-28,15.804710170608264,16.027729034423828,15.741546166174585,16.027729034423828,600387200
2012-02-29,16.21183035057744,16.392940235962026,16.036408726308263,16.23817253112793,952011200
2012-03-01,16.409699950901224,16.410898993925436,16.12830693525526,16.298938751220703,683270000
2012-03-02,16.29205891002435,16.368692167846692,16.240568791638978,16.32019805908203,431712400
2012-03-05,16.32738183962583,16.389047835789654,15.746034501737133,15.960373878479004,809124400
2012-03-06,15.675991106419298,15.976242823292607,15.453271149605456,15.873564720153809,810238800
2012-03-07,16.069334044751297,16.098670629361443,15.665205405464004,15.886428833007812,798520800
2012-03-08,16.006167569364134,16.254631615749325,15.929233787078443,16.22469711303711,516457200
2012-03-09,16.291159935486817,16.396832421045183,16.25823100896793,16.31989860534668,418919200
2012-03-12,16.43395437525569,16.52436065673828,16.37468165803758,16.52436065673828,407282400
2012-03-13,16.690197895357496,17.008710120183746,16.636611857422626,17.006315231323242,690855200
2012-03-14,17.304180753566225,17.80320353784222,17.22485042666415,17.649335861206055,1418844000
2012-03-15,17.94958611155771,17.961560559871447,17.319146595724575,17.528993606567383,1159718000
2012-03-16,17.5038420428629,17.637952626515556,17.30267616738391,17.529287338256836,825487600
2012-03-19,17.912464707477213,18.01424430811991,17.633466491135554,17.99418830871582,901236000
2012-03-20,17.946575689123478,18.167797409432577,17.706194870311883,18.139659881591797,816662000
2012-03-21,18.04327933258889,18.250133475244112,18.0034663010282,18.036094665527344,644042000
2012-03-22,17.89479556951026,18.095963006602855,17.82744132867174,17.941495895385742,623870800
2012-03-23,17.97591923401833,18.015134329938743,17.793611963722267,17.843006134033203,430488800
2012-03-26,17.954973575554813,18.175300224152867,17.819368146057553,18.170209884643555,595742000
2012-03-27,18.14625408293248,18.448601562885585,18.142661750169577,18.394718170166016,607129600
2012-03-28,18.511464059105638,18.603366701967886,18.269885688139546,18.48871421813965,655460400
2012-03-29,18.3438262388598,18.456982314478505,18.17768525729223,18.25641441345215,608238400
2012-03-30,18.223788166010863,18.277372604302908,17.89958768601775,17.947784423828125,731038000
2012-04-02,18.0160378431794,18.523143579595924,17.97263088135337,18.518953323364258,598351600
2012-04-03,18.778494308616818,18.92547943598739,18.63510471253826,18.838964462280273,834559600
2012-04-04,18.690188991464687,18.73539133489814,18.470162899741812,18.68899154663086,572980800
2012-04-05,18.768916353099236,18.99882092291765,18.66174745818454,18.969484329223633,641298000
2012-04-09,18.743467008517314,19.15388186888807,18.718621237172464,19.045814514160156,597536800
2012-04-10,19.15657769644112,19.27841487447811,18.739577648429442,18.812620162963867,889725200
2012-04-11,19.044918210317498,19.064974204849364,18.65994703237582,18.745563507080078,696614800
2012-04-12,18.709637710478855,18.899129663504507,18.5749276321516,18.642881393432617,614336800
2012-04-13,18.68299593576236,18.700658638813817,18.066326511683254,18.117815017700195,859644800
2012-04-16,18.26240446512742,18.26898960970027,17.310159626176798,17.366437911987305,1050786800
2012-04-17,17.33081466909016,18.260607001415426,17.120368226489774,18.25162696838379,1025528000
2012-04-18,18.371961095779206,18.56744021322342,18.04237146042471,18.210908889770508,954531200
2012-04-19,17.967840817702044,18.102849880129657,17.497854268154168,17.58526611328125,834719200
2012-04-20,17.703212641577455,17.800204045753016,17.075766122447586,17.152400970458984,1030985200
2012-04-23,17.081461588376317,17.262870506841082,16.662664397426433,17.114089965820312,966529200
2012-04-24,16.841965921378545,16.99403813353362,16.61415736386942,16.772216796875,1076149200
2012-04-25,18.429437440169295,18.500085033225876,18.140859848300586,18.260601043701172,905777600
2012-04-26,18.388430316947446,18.401004280930465,18.025014780168767,18.191755294799805,536068400
2012-04-27,18.11303552402185,18.14626342013321,17.97622944597906,18.051067352294922,406722400
2012-04-30,17.895395757693915,17.913357422161344,17.452350959841585,17.481687545776367,506144800
2012-05-01,17.509230613547075,17.86426409236147,17.399367885387203,17.42630958557129,610999200
2012-05-02,17.36972994907407,17.584067695133683,17.32841891767075,17.54155921936035,427389200
2012-05-03,17.67686906259775,17.703810761908667,17.371527139200456,17.417028427124023,390549600
2012-05-04,17.275134180473515,17.31345079968043,16.91860273100822,16.920997619628906,529992400
2012-05-07,16.808738162587083,17.146110465940755,16.80065501470125,17.047622680664062,460118400
2012-05-08,17.050615995269993,17.108091718811384,16.725817645560873,17.00870704650879,497252000
2012-05-09,16.874612921247103,17.182349988928596,16.789296936350187,17.038658142089844,480704000
2012-05-10,17.20029837238393,17.239214521393293,17.01649622714901,17.078760147094727,333200000
2012-05-11,16.91351496538083,17.19700392694799,16.89405689389938,16.964704513549805,399546000
2012-05-14,16.840775339063626,16.98865575751601,16.691996437436607,16.710556030273438,352626400
2012-05-15,16.807243849930742,16.860228763022313,16.516869196020036,16.559377670288086,476336000
2012-05-16,16.585730801576297,16.670747798070845,16.196270207626778,16.347145080566406,560896000
2012-05-17,16.32408729646616,16.38964618175333,15.869368553161621,15.869368553161621,717220000
2012-05-18,15.98432229314057,16.267211793021584,15.63168364181416,15.877153396606445,732292400
2012-05-21,16.000481865970485,16.80993491251905,15.98700942047588,16.80215072631836,631106000
2012-05-22,17.04971776181095,17.179339101452403,16.541715236122478,16.673131942749023,694870400
2012-05-23,16.689001397538778,17.147015168981714,16.56117858160585,17.079959869384766,584897600
2012-05-24,17.23891408627894,17.25777423625093,16.80065900519714,16.923095703125,496230000
2012-05-25,16.90124591643039,16.93896462473597,16.718040076635628,16.832393646240234,328507200
2012-05-29,17.09013690612122,17.182936463126815,16.92279842230191,17.131147384643555,380508800
2012-05-30,17.039243668966186,17.362246700896357,16.960213937542374,17.33769989013672,529429600
2012-05-31,17.38470174095958,17.407453189926894,17.106902568244585,17.294597625732422,491674400
2012-06-01,17.038050901283427,17.142525955122036,16.77940923561126,16.79347801208496,520987600
2012-06-04,16.80874824339998,16.98836018172296,16.419588244337774,16.89226722717285,556995600
2012-06-05,16.80185968159108,16.957524294264626,16.713849894723946,16.84855842590332,388214400
2012-06-06,16.99643511424042,17.178441854330316,16.928481348264565,17.106897354125977,401455600
2012-06-07,17.281419854725783,17.282316738889104,17.078158085519465,17.11467933654785,379766800
2012-06-08,17.11108725731838,17.3799079055272,17.03325497700771,17.37212371826172,347516400
2012-06-11,17.59364722785185,17.616996593675488,17.08205071216127,17.098217010498047,591264800
2012-06-12,17.19670013758407,17.261358918461344,16.964400789403612,17.247589111328125,435380400
2012-06-13,17.19850676165958,17.317050602067557,17.074573620168444,17.127859115600586,293580000
2012-06-14,17.10030673857245,17.167961527829192,16.981165052770184,17.10898780822754,345573200
2012-06-15,17.093126774596698,17.201493092504325,17.049719815661422,17.186824798583984,335255200
2012-06-18,17.091930901965164,17.598736043673227,17.07426819777158,17.535572052001953,440412000
2012-06-19,17.46432785014974,17.661901390805923,17.455347816019643,17.584369659423828,361404400
2012-06-20,17.608319367241883,17.639452927622205,17.38649794538662,17.534379959106445,358943200
2012-06-21,17.525397407317246,17.60861740665866,17.285913290028553,17.29279899597168,326351200
2012-06-22,17.33380343138808,17.428099351727145,17.225437143904735,17.425405502319336,284471600
2012-06-25,17.281726061841482,17.356565561050935,17.074273950055662,17.08624839782715,304382400
2012-06-26,17.10300632514119,17.197602837810965,16.98326507778711,17.12396240234375,276536400
2012-06-27,17.212869936447596,17.264957973240488,17.120669906679236,17.19790267944336,202997200
2012-06-28,17.113183696254325,17.182932829993046,16.931774877274165,17.034751892089844,282836400
2012-06-29,17.302676787834507,17.482290267944336,17.190419162128023,17.482290267944336,421500800
2012-07-02,17.50414270233392,17.765777127153832,17.470315295429238,17.73733901977539,400092000
2012-07-03,17.807992664757197,17.961262412672472,17.781650475997417,17.943599700927734,241712800
2012-07-05,17.97801872652658,18.390529551732797,17.950778063991212,18.258813858032227,484383200
2012-07-06,18.17350181360699,18.2139143738748,18.008558199873672,18.137279510498047,418930400
2012-07-09,18.119922238235134,18.377366527497365,18.08429944726109,18.37706756591797,379405600
2012-07-10,18.49919397006461,18.556071780117446,18.120211607682887,18.2070255279541,511957600
2012-07-11,18.144465930923296,18.190566757745522,17.87804164918274,18.093875885009766,469322000
2012-07-12,17.968444974725035,18.065135840134438,17.742132714050033,17.92833137512207,428041600
2012-07-13,18.04956829633742,18.1764926265568,17.961257956970766,18.110036849975586,311427200
2012-07-16,18.11452355232441,18.30910265824126,18.11152914217083,18.168107986450195,301260400
2012-07-17,18.284258684677333,18.30551372306731,18.055551593897576,18.169008255004883,293624800
2012-07-18,18.15853536479548,18.210922374605857,18.067830122223413,18.148656845092773,252700000
2012-07-19,18.298932242684764,18.420769451152342,18.140872729341773,18.389936447143555,436861600
2012-07-20,18.351322373974345,18.39353190992256,18.07202512641152,18.08998680114746,397471200
2012-07-23,17.793619000288672,18.137877126961964,17.59335158770452,18.075910568237305,487975600
2012-07-24,18.182179835813315,18.25103209631162,17.916652508871998,17.988798141479492,565132400
2012-07-25,17.19671078304836,17.3865001858261,17.063198087684125,17.211977005004883,877312800
2012-07-26,17.355348066581794,17.37450716264759,17.07395683673029,17.209264755249023,406632800
2012-07-27,17.213171489332783,17.53707305352212,17.110792375968728,17.51701545715332,403936400
2012-07-30,17.68944438576257,17.944493687597287,17.59664322974093,17.81247901916504,379142400
2012-07-31,18.05794770082735,18.31150218040299,18.042681482303358,18.283361434936523,462327600
2012-08-01,18.437526433686394,18.452194726781286,18.051058877142182,18.16511344909668,384501600
2012-08-02,18.046272930785047,18.281264610765557,17.968739601279616,18.1944522857666,332158400
2012-08-03,18.369283043127208,18.499502380065557,18.307316467724146,18.431249618530273,344920800
2012-08-06,18.478837590146895,18.705749310941076,18.418070083595307,18.63629913330078,302103200
2012-08-07,18.642888481538925,18.709644823966208,18.501294244069882,18.587209701538086,290446800
2012-08-08,18.541696692209673,18.676107786966238,18.473145019491987,18.555767059326172,244706000
2012-08-09,18.575011741539118,18.691660937893776,18.573508910952377,18.661596298217773,221642400
2012-08-10,18.600867292680956,18.69256082696969,18.60056704769484,18.690757751464844,194938800
2012-08-13,18.74157216551232,18.94029426574707,18.737362312101403,18.94029426574707,278832400
2012-08-14,18.996512750238285,19.199144445990264,18.94660624173571,18.991100311279297,340169200
2012-08-15,18.979369350706314,19.060541455056953,18.87264270855908,18.965238571166992,257342400
2012-08-16,18.976667623031613,19.14352196070898,18.955321327100854,19.130895614624023,254534000
2012-08-17,19.240934385812203,19.487157826818933,19.205158659632826,19.484752655029297,442761200
2012-08-20,19.541871543174082,19.997039794921875,19.53856403109746,19.997039794921875,613384800
2012-08-21,20.16749931627861,20.289559340958704,19.55148811571907,19.7237548828125,812719600
2012-08-22,19.674453129449855,20.11278518416496,19.484749649175946,20.108877182006836,565322800
2012-08-23,20.025897824745247,20.139839996419056,19.87678042694865,19.921276092529297,420128800
2012-08-24,19.82748121972658,20.127218924402246,19.708428429642822,19.93901824951172,437340400
2012-08-27,20.44318616756627,20.46964305082365,20.249274457307518,20.31361198425293,427008400
2012-08-28,20.29257170737027,20.3262441138243,20.162995881599755,20.287160873413086,267416800
2012-08-29,20.300687575834132,20.373441609985804,20.221018271779975,20.247173309326172,202806800
2012-08-30,20.162093073914598,20.18945069715493,19.92789390060918,19.958559036254883,302699600
2012-08-31,20.060174250511626,20.100760316005974,19.75953423074919,19.999746322631836,338321200
2012-09-04,20.015382081306974,20.297381249066603,19.977501428337465,20.29227066040039,367892000
2012-09-05,20.310304269674557,20.333753885897174,20.130821982850765,20.149763107299805,336375200
2012-09-06,20.238152344260282,20.392080100883877,20.16690114935379,20.331350326538086,391196400
2012-09-07,20.38486734799682,20.518052537054146,20.31632316039153,20.456722259521484,329666400
2012-09-10,20.457017700570095,20.542398071334805,19.905343971828888,19.924585342407227,487998000
2012-09-11,19.995845772637836,20.145863987796655,19.73699430766551,19.859956741333008,503983200
2012-09-12,20.04814040475479,20.139835526079256,19.72194757436781,20.13652801513672,712233200
2012-09-13,20.364422013352137,20.608842352459412,20.286255544044973,20.5330810546875,598360000
2012-09-14,20.742930026145036,20.953978226802,20.680695805965915,20.78261375427246,600474000
2012-09-17,21.02522640441118,21.038755092105077,20.88272401329031,21.03815460205078,398031200
2012-09-18,21.0411599985384,21.11481636456527,20.937138745442315,21.102190017700195,373503200
2012-09-19,21.052581386835964,21.164718867901644,21.031837189141616,21.107898712158203,326874800
2012-09-20,21.019512831061363,21.04657181089196,20.85295873305226,21.00568389892578,336568400
2012-09-21,21.117228014874,21.197197578868753,21.025532835486764,21.0474796295166,571589200
2012-09-24,20.649734734296793,20.898063148763953,20.5336875819841,20.767885208129883,639766400
2012-09-25,20.69181158849115,20.827702135432215,20.233035686850005,20.249271392822266,518789600
2012-09-26,20.104966968656353,20.2237194846093,19.87828520694378,19.997940063476562,576503200
2012-09-27,19.971184952544455,20.508727915056884,19.852732669626985,20.483173370361328,594090000
2012-09-28,20.40591453058879,20.476865499584235,20.045146755562055,20.0556697845459,535110800
2012-10-01,20.1777221014366,20.34578063532438,19.736984899448807,19.823869705200195,543594800
2012-10-02,19.896627131892195,20.033118217386463,19.56111370792567,19.881595611572266,627992400
2012-10-03,19.988321448137647,20.198769129140793,19.921278499468464,20.18644142150879,424281200
2012-10-04,20.18042441581055,20.270616719614974,20.009061607523037,20.046640396118164,370725600
2012-10-05,19.998541039729865,20.022591146267143,19.58005088227508,19.619434356689453,594006000
2012-10-08,19.447768152881196,19.468212106585966,19.12397882751261,19.185911178588867,637994000
2012-10-09,19.200344551677464,19.255661886405093,18.746378901713033,19.116165161132812,838597200
2012-10-10,19.233110526743307,19.390646016611203,19.15073582809096,19.268285751342773,510356000
2012-10-11,19.43634931813222,19.45739376713123,18.88317108154297,18.88317108154297,546081200
2012-10-12,18.927059956011764,19.102032134882748,18.79898861233536,18.931570053100586,460014800
2012-10-15,19.01093742546258,19.094514703242975,18.755393644883764,19.083391189575195,432502000
2012-10-16,19.101735612151963,19.550590709214582,18.970355125715006,19.53525733947754,549771600
2012-10-17,19.507601030100066,19.625451232042217,19.36118901286706,19.379528045654297,389037600
2012-10-18,19.228603878365245,19.30286073058508,18.94028999706481,19.0196590423584,476624400
2012-10-19,18.971858003752203,18.99350293992456,18.32758678885644,18.33420181274414,744086000
2012-10-22,18.411770659943308,19.1020389370882,18.361864145976636,19.061452865600586,546730800
2012-10-23,18.970346848130248,19.057533474323684,18.39011472898801,18.440019607543945,707145600
2012-10-24,18.682939910378984,18.836565781690634,18.35824827086612,18.544343948364258,558527200
2012-10-25,18.639648950083814,18.699778227621042,18.20522495480349,18.325180053710938,656325600
2012-10-26,18.32187698381564,18.459270409311216,17.767799605881905,18.15863037109375,1018432800
2012-10-31,17.884449928976295,18.097302838519692,17.668591357166434,17.89767837524414,510003200
2012-11-01,17.98486752301233,18.12857257146579,17.86310927307189,17.93436050415039,361298000
2012-11-02,17.914813689390364,17.946681414221683,17.27926226889183,17.340892791748047,599373600
2012-11-05,17.54291846619434,17.670689581854283,17.364938997101934,17.57598876953125,529135600
2012-11-06,17.74464677338832,17.759978535699624,17.439798546897613,17.52277374267578,374917200
2012-11-07,17.33069407008727,17.351834633336075,16.784352366559183,16.852306365966797,793648800
2012-11-08,16.931740901946792,16.98006405044177,16.166441586262675,16.24073600769043,1056146000
2012-11-09,16.32136972472884,16.758079579472167,16.119020626360843,16.52190589904785,929913600
2012-11-12,16.736031697870008,16.74660278649156,16.26791182882476,16.394153594970703,515802000
2012-11-13,16.275763955214583,16.625192118916956,16.198750176968986,16.39626693725586,532949200
2012-11-14,16.474787920141143,16.533680515853774,16.193312183948606,16.214452743530273,477170400
2012-11-15,16.234091212467618,16.293587068615956,15.783790792073942,15.874393463134766,789910800
2012-11-16,15.861710003693037,16.006676218011815,15.274295057973305,15.936609268188477,1266893600
2012-11-19,16.330129658231346,17.13922129710882,16.305063238572682,17.085765838623047,823317600
2012-11-20,17.272404397106357,17.2736124752417,16.749016238648583,16.940189361572266,642754000
2012-11-21,17.04107173290822,17.13529864947092,16.810030301273397,16.96405792236328,373002000
2012-11-23,17.12925605309475,17.275128720642005,16.99123670286602,17.260026931762695,272826400
2012-11-26,17.392908696496317,17.818745787730045,17.32676762322719,17.80455207824707,630579600
2012-11-27,17.80515243447188,17.83142853490732,17.51975085422817,17.66109275817871,533330000
2012-11-28,17.434289367348732,17.691906896159075,17.282981146277628,17.605531692504883,520864400
2012-11-29,17.825397715877784,17.947107207461002,17.675297568828054,17.799423217773438,514698800
2012-11-30,17.721800798676828,17.77042554759836,17.59767357449189,17.676197052001953,391319600
2012-12-03,17.92897489055766,17.957363912914108,17.68283346985841,17.703672409057617,364280000
2012-12-04,17.57110045908521,17.57110045908521,17.27905511139241,17.391403198242188,557068400
2012-12-05,17.181804509000962,17.1920723692957,16.271537564596493,16.27214241027832,1044638000
2012-12-06,15.974661802973396,16.710665533717997,15.663285596906174,16.527345657348633,1177212400
2012-12-07,16.713375376612863,16.767737268841827,16.006665938873052,16.104820251464844,787040800
2012-12-10,15.85566683463276,16.263686059027517,15.752378545981616,16.001237869262695,630484400
2012-12-11,16.30173967525988,16.59741082815732,16.229256581005988,16.350666046142578,592345600
2012-12-12,16.543348686728027,16.550295540967323,16.1960350073558,16.278484344482422,487144000
2012-12-13,16.041401827366048,16.237408895675454,15.8798241829528,15.997307777404785,625259600
2012-12-14,15.546097809295611,15.64817798156486,15.26915278094441,15.396299362182617,1009579200
2012-12-17,15.370330834289023,15.704658856008352,15.137781397324366,15.669322967529297,757607200
2012-12-18,15.855660880525843,16.154652928093157,15.71220444029597,16.124452590942383,625685200
2012-12-19,16.051074967438524,16.118424156362735,15.87077282084685,15.895236015319824,449369200
2012-12-20,16.00667063849425,16.012711029728848,15.670832950458323,15.756906509399414,481689600
2012-12-21,15.47724300043634,15.694692259604492,15.409893843684408,15.68442440032959,596268400
2012-12-24,15.715231203961812,15.83301482012648,15.665699987682444,15.709794044494629,175753200
2012-12-26,15.674455840892831,15.688349547431287,15.436470873857472,15.49324893951416,302436400
2012-12-27,15.509566326423027,15.591412467579222,15.241379244706856,15.555473327636719,455120400
2012-12-28,15.4114038253597,15.537947196073516,15.345865985268254,15.39026165008545,354278400
2012-12-31,15.41864703737273,16.16975376584321,15.372440072610967,16.072202682495117,659492400
2013-01-02,16.726070238476407,16.76170775295505,16.357917536291332,16.581405639648438,560518000
2013-01-03,16.54667369375897,16.60073400189522,16.3388890114887,16.37211036682129,352965200
2013-01-04,16.21716601182009,16.267300430907024,15.880723623820808,15.916059494018555,594333600
2013-01-07,15.765067698899891,15.985536443810734,15.559699133153833,15.822450637817383,484156400
2013-01-08,15.982808808805805,16.063748428901764,15.742407717648765,15.865023612976074,458707200
2013-01-09,15.780157807321356,15.855963497093482,15.583547535482532,15.617072105407715,407604400
2013-01-10,15.962882964717418,15.968016895567153,15.56936063275084,15.810669898986816,601146000
2013-01-11,15.734858021526898,15.865327234219523,15.675058960325527,15.713717460632324,350506800
2013-01-14,15.181572056990145,15.327143077091414,15.055633519539565,15.153486251831055,734207600
2013-01-15,15.049295056967694,15.070134009942118,14.598691409025149,14.675403594970703,876772400
2013-01-16,14.938751553643447,15.385730764389542,14.874121795937166,15.284555435180664,690804800
2013-01-17,15.41200265713546,15.4252915137379,15.16193698911922,15.18156623840332,453678400
2013-01-18,15.055936625710695,15.167681463462337,14.99191008049066,15.100635528564453,472922800
2013-01-22,15.238351748066254,15.338619024169095,14.998855459810697,15.244693756103516,461546400
2013-01-23,15.366709986743826,15.553354100511191,15.244697272436976,15.523756980895996,861509600
2013-01-24,13.892584205404505,14.065637811502683,13.598121136421598,13.605672836303711,1460852400
2013-01-25,13.641612507098234,13.778725382157667,13.137552648966906,13.284934997558594,1208026400
2013-01-28,13.223023099090465,13.687517987578442,13.16352644320879,13.585437774658203,785517600
2013-01-29,13.847280792163161,13.898623314258836,13.654596332590543,13.840333938598633,571158000
2013-01-30,13.801977457925041,13.971105181987994,13.726474988956426,13.796843528747559,417155200
2013-01-31,13.801375828258571,13.870837914226883,13.740973523483868,13.756375312805176,319334400
2013-02-01,13.865704808316412,13.87687913052377,13.540739776409712,13.699899673461914,539484400
2013-02-04,13.708657663521045,13.769966433150449,13.348960784705218,13.358625411987305,477117200
2013-02-05,13.410872045858305,13.884730666836354,13.35560367465845,13.827347755432129,573347600
2013-02-06,13.78597757938884,14.088895678492849,13.668493931704585,13.812555313110352,593706400
2013-02-07,14.072273614240029,14.277318837315722,13.794928008130938,14.223248481750488,704580800
2013-02-08,14.398826900344082,14.544941270108161,14.224156430690064,14.428596496582031,633158400
2013-02-11,14.474774424974294,14.731159686533111,14.376049648930227,14.578968048095703,517490400
2013-02-12,14.566209368280576,14.653392941996245,14.208669110668954,14.213529586791992,609053200
2013-02-13,14.192572331117987,14.387898297169963,14.071367020029777,14.18649673461914,475207600
2013-02-14,14.110858223427106,14.327144601588124,14.095670042655097,14.173739433288574,355275200
2013-02-15,14.242389425739095,14.282184985105763,13.971120959302047,13.978411674499512,391745200
2013-02-19,14.006963670744224,14.056478552569908,13.786728627577805,13.973243713378906,435783600
2013-02-20,13.903375750914595,13.903375750914595,13.633320849915926,13.634840965270996,476302400
2013-02-21,13.548265250396412,13.64456220783057,13.451665729974234,13.550087928771973,447182400
2013-02-22,13.64699274371502,13.71837814258727,13.566492330444248,13.694380760192871,330654800
2013-02-25,13.786730200158834,13.825309015535854,13.444073908248226,13.451061248779297,372579200
2013-02-26,13.482043137821147,13.716556226125318,13.294919688146507,13.638486862182617,501499600
2013-02-27,13.622083243555615,13.743896900919289,13.38574907664115,13.504827499389648,587350400
2013-02-28,13.489028873868406,13.605069474126749,13.408529281616211,13.408529281616211,322515200
2013-03-01,13.305245688393745,13.310714534082495,13.061620861487075,13.076505661010742,552448400
2013-03-04,12.995400573468263,13.007551763996103,12.72808087114312,12.759977340698242,582755600
2013-03-05,12.803415995686816,13.219887890880955,12.781240479652759,13.0968599319458,638433600
2013-03-06,13.199232223481244,13.221711925770906,12.89302871401205,12.93039321899414,460250000
2013-03-07,12.895158030377562,13.123292212644165,12.790660206315556,13.079852104187012,468473600
2013-03-08,13.056156874896544,13.227180435385119,13.020007485445054,13.114480972290039,391482000
2013-03-11,13.054637492471132,13.335931898376868,12.91459784909501,13.301301002502441,474236000
2013-03-12,13.232344401679025,13.331981734138003,12.988414515532254,13.014538764953613,465911600
2013-03-13,13.015146457865924,13.19892793914766,12.921280540424826,13.012107849121094,405549200
2013-03-14,13.148200435220488,13.203183365198425,13.075902461303672,13.138176918029785,303875600
2013-03-15,13.30312214721306,13.494499336014373,13.282465123985771,13.477184295654297,643960800
2013-03-18,13.410049169159713,13.896388755517682,13.402455081482943,13.843533515930176,606197200
2013-03-19,13.958359807107122,14.00301583818712,13.624210176883079,13.806171417236328,526775200
2013-03-20,13.895177624773645,13.901556594615377,13.657322516844957,13.732961654663086,308660800
2013-03-21,13.67646064374634,13.91218725831892,13.672815286470152,13.752706527709961,383255600
2013-03-22,13.808905137409912,14.03734103341476,13.764250728302947,14.031570434570312,395105200
2013-03-25,14.116019478980157,14.275805211246576,14.02762240125067,14.082301139831543,501135600
2013-03-26,14.138805720498578,14.150956915226129,13.989654266604482,14.008184432983398,294294000
2013-03-27,13.866014765700664,13.876342467128044,13.691952600833156,13.732961654663086,331237200
2013-03-28,13.664309309561244,13.725063641205498,13.415215576426675,13.446807861328125,442839600
2013-04-01,13.423723998881025,13.478403560139245,12.993582280943539,13.029123306274414,389732000
2013-04-02,12.989329040474864,13.309504879411344,12.952875459767348,13.055854797363281,529519200
2013-04-03,13.103852033713132,13.283382290997357,13.071652177875993,13.122686386108398,363216000
2013-04-04,13.176452135077124,13.214119209301565,12.917940788582813,12.992972373962402,358447600
2013-04-05,12.89515782136783,12.908828318556825,12.74873919589464,12.855668067932129,383695200
2013-04-08,12.905788353878464,12.98628796810488,12.83409875889946,12.947101593017578,300829200
2013-04-09,12.95165406603676,13.016660482585042,12.841991631971434,12.970487594604492,306614000
2013-04-10,13.004517095791154,13.276698150986418,12.941028326746531,13.23508071899414,375928000
2013-04-11,13.175233716041806,13.30494483171424,13.098682840486868,13.193764686584473,328364400
2013-04-12,13.188295746375648,13.188295746375648,13.034587248009267,13.05615520477295,238613200
2013-04-15,12.971100675105545,12.998136671933546,12.744789994906766,12.75390338897705,317520000
2013-04-16,12.806147214163088,12.95924812280612,12.775770056187572,12.948009490966797,305771200
2013-04-17,12.76666208123752,12.776687220885641,12.093501411668326,12.235970497131348,945056000
2013-04-18,12.302498379547291,12.326799955006834,11.839244274105006,11.909416198730469,666299200
2013-04-19,11.785473294357546,12.138761438916147,11.698289722518933,11.863239288330078,609274400
2013-04-22,11.927333259994743,12.21774098676552,11.885717467320559,12.11050796508789,429920400
2013-04-23,12.272118667978575,12.405475156714802,12.114763981414695,12.337126731872559,664238400
2013-04-24,11.954675892266668,12.614165965499806,11.923082795697969,12.3167724609375,969651200
2013-04-25,12.492046030255295,12.574368296844533,12.363550062787528,12.405470848083496,384837600
2013-04-26,12.448915724695649,12.721095955097661,12.401526883767735,12.6734037399292,764097600
2013-04-29,12.772127074621134,13.172196485342983,12.758457391548575,13.065876007080078,640326400
2013-04-30,13.217156549706235,13.525486152182042,13.125113298105951,13.450453758239746,691538400
2013-05-01,13.501485212829918,13.51576245496718,13.195586722013068,13.34443473815918,506909200
2013-05-02,13.420076522785829,13.626945293243987,13.385143062661642,13.53368854522705,421828400
2013-05-03,13.709570106385726,13.767895820657468,13.643955300151843,13.669169425964355,361300800
2013-05-06,13.84322988338726,14.040379297544488,13.800702339278592,13.995118141174316,496641600
2013-05-07,14.124524735711745,14.148218746640426,13.78217264052272,13.932844161987305,483753200
2013-05-08,13.944385579029928,14.136674504108134,13.846267562133104,14.09019660949707,472598000
2013-05-09,14.060232401292291,14.157776723634194,13.930885863462848,13.967273712158203,398487600
2013-05-10,14.003970050186593,14.057176792091724,13.77493822390843,13.851078033447266,334852000
2013-05-13,13.806428728622105,14.001824342701992,13.806123346425423,13.905196189880371,316948800
2013-05-14,13.877984674789976,13.919265167656167,13.520217137162815,13.57250690460205,447118000
2013-05-15,13.428790265326446,13.485054091316199,12.915073592378535,13.113526344299316,741613600
2013-05-16,12.94198093693742,13.388730658245398,12.809271123849419,13.288739204406738,603204000
2013-05-17,13.42542685645633,13.457228257558018,13.179576966628915,13.248377799987793,427904400
2013-05-20,13.20709642427402,13.63183008573286,13.151749562437454,13.54407024383545,451578400
2013-05-21,13.397906251164333,13.622045415362464,13.277121842581355,13.444079399108887,456022000
2013-05-22,13.578319879354495,13.70980737784885,13.400047647383369,13.495758056640625,443038400
2013-05-23,13.33063287689514,13.64283806038874,13.32574022852688,13.519912719726562,353021200
2013-05-24,13.480468964441405,13.62755055341965,13.4654856348586,13.611955642700195,276166800
2013-05-28,13.757203329122321,13.794201946629485,13.480468988275728,13.498509407043457,386145200
2013-05-29,13.454472358185038,13.68381030315265,13.436124930653262,13.6058349609375,330576400
2013-05-30,13.627242659095362,13.897861970946153,13.592383355173721,13.808572769165039,353519600
2013-05-31,13.836700134709123,13.97736210765654,13.744966266476192,13.751999855041504,384302800
2013-06-03,13.782581535841935,13.832424169483765,13.530310462207195,13.782276153564453,372352400
2013-06-04,13.858719861907602,13.895720105346918,13.680448485520193,13.739158630371094,292728800
2013-06-05,13.62724395222403,13.782276907931392,13.567922216781009,13.610732078552246,290589600
2013-06-06,13.62173857907572,13.668523303122297,13.27253397589797,13.407383918762207,416934000
2013-06-07,13.347449858026373,13.553547754537684,13.23339204357559,13.509820938110352,404535600
2013-06-10,13.59911076754076,13.732125974028893,13.356625000636605,13.420533180236816,450153200
2013-06-11,13.32421081184585,13.538870029238803,13.250210326650832,13.381085395812988,286112400
2013-06-12,13.439186570933593,13.49269868806322,13.194559049886633,13.215658187866211,265227200
2013-06-13,13.225137137649138,13.367019848380352,13.110467740357782,13.330937385559082,285832400
2013-06-14,13.313815130380853,13.341030079326503,13.10282374701584,13.15022087097168,271866000
2013-06-17,13.192724950209644,13.322988454214011,13.159700388398253,13.209848403930664,259414400
2013-06-18,13.19639767588917,13.298529291794635,13.155117167624724,13.202818870544434,195025600
2013-06-19,13.191501256600644,13.199451810325522,12.934643745422363,12.934643745422363,310940000
2013-06-20,12.821500627919418,13.02576293589525,12.695212028016629,12.746277809143066,357310800
2013-06-21,12.796737525602907,12.842911498835663,12.479028843062588,12.64415168762207,481118400
2013-06-24,12.457624335283922,12.496153135158856,12.17171624228582,12.309013366699219,480746000
2013-06-25,12.40563942204588,12.469547606414926,12.195565802664639,12.311763763427734,314162800
2013-06-26,12.350598450825494,12.37781340295541,12.098632739958376,12.172327041625977,367724000
2013-06-27,12.208409912064887,12.273846645793595,12.033807167407058,12.041145324707031,337246000
2013-06-28,11.967147398893719,12.239599883326393,11.891006764194081,12.125237464904785,578516400
2013-07-01,12.313596395664591,12.606537163512984,12.268645600262552,12.513272285461426,391053600
2013-07-02,12.53590428733649,12.892753328365231,12.52092095685678,12.796736717224121,469865200
2013-07-03,12.869206302440576,12.934033082422417,12.764934582887706,12.867371559143066,240928800
2013-07-05,12.854832794304015,12.943509586315459,12.70071765433046,12.76401424407959,274024800
2013-07-08,12.846272087441278,12.873486219125887,12.556999969108714,12.691544532775879,298138400
2013-07-09,12.647207621760062,12.949932906129403,12.548745517945155,12.91476821899414,352584400
2013-07-10,12.83067650203429,12.989684309209713,12.789396005877643,12.865229606628418,281405600
2013-07-11,12.933113738640719,13.09517944420313,12.878684660456486,13.065823554992676,326292400
2013-07-12,13.076832416996766,13.142269955654317,12.947180501769848,13.041973114013672,279563200
2013-07-15,12.996107435882548,13.193337034386097,12.989685426028398,13.070411682128906,241917200
2013-07-16,13.042278763078997,13.17040213658178,12.97042003025351,13.154808044433594,216538000
2013-07-17,13.139518702380338,13.216576283533202,13.094262520086886,13.158170700073242,198990400
2013-07-18,13.25204535588677,13.297606917022161,13.167344242582631,13.202508926391602,218878800
2013-07-19,13.243487342942235,13.270396097971862,12.975926704249822,12.994274139404297,268721600
2013-07-22,13.132182055144014,13.141049573894437,13.01017446888933,13.035860061645508,207796400
2013-07-23,13.026379900258368,13.055734977663448,12.803463888133622,12.812026023864746,369395600
2013-07-24,13.421756750132921,13.5948301131417,13.309534479795785,13.470070838928223,591936800
2013-07-25,13.475882498682658,13.497287021910555,13.326353768799569,13.408609390258789,229493600
2013-07-26,13.3107576967222,13.48627738477342,13.281402621288258,13.484748840332031,200152400
2013-07-29,13.478940095758196,13.759955514338333,13.460593477518675,13.692683219909668,248057600
2013-07-30,13.759038069819193,13.978897010921376,13.736715765236813,13.86178207397461,309422400
2013-07-31,13.912845343000908,13.984703259989951,13.742829073744687,13.837621688842773,322957600
2013-08-01,13.936086834469135,13.968192802176278,13.859945392742507,13.964523315429688,206250800
2013-08-02,14.00519354228886,14.153192913462226,13.963913039739726,14.143712997436523,274783600
2013-08-05,14.209453207609823,14.39231184203356,14.13178487101803,14.355006217956543,318855600
2013-08-06,14.31128544287256,14.429623557224506,14.13240160113048,14.226583480834961,334857600
2013-08-07,14.182240286664337,14.280091626545227,14.120166031749992,14.21832275390625,298858000
2013-08-08,14.277733776411482,14.285121208867483,14.095821128908492,14.190010070800781,255777200
2013-08-09,14.117053162297365,14.17307367767486,13.96346071961136,13.988083839416504,266865200
2013-08-12,14.06226909960089,14.425167193911642,14.055189067293716,14.385461807250977,364434000
2013-08-13,14.495653372042547,15.225761269757214,14.40669681287446,15.069089889526367,881941200
2013-08-14,15.324872622371068,15.520941974561104,15.186977223688919,15.343955993652344,756372400
2013-08-15,15.279937405066871,15.464003467079774,15.054009230444496,15.325798988342285,490294000
2013-08-16,15.394746577420408,15.480624236597945,15.35504118750857,15.461848258972168,362306000
2013-08-19,15.523718538088731,15.813053081095072,15.513253830196733,15.628372192382812,510518400
2013-08-20,15.689011673270196,15.715482487913068,15.415374168017642,15.42306900024414,358688400
2013-08-21,15.500625987930908,15.610202896641987,15.427060740647896,15.462766647338867,335879600
2013-08-22,15.543413174646604,15.562189149147972,15.33472237698664,15.481236457824707,244207600
2013-08-23,15.490779153375533,15.493241630187185,15.370121077290571,15.421524047851562,222731600
2013-08-26,15.413208741896218,15.70408339662101,15.40551391483535,15.481541633605957,330965600
2013-08-27,15.328569948168207,15.467390877946796,14.968441671538478,15.038928031921387,424188800
2013-08-28,14.959205662214615,15.260852515441965,14.959205662214615,15.110028266906738,307608000
2013-08-29,15.133111593548676,15.282395533417096,15.117105496223386,15.134650230407715,239657600
2013-08-30,15.143883506425347,15.173124181753403,14.974592357973586,14.99675464630127,272297200
2013-09-03,15.177748598855754,15.40860011986744,15.000762542336362,15.03862190246582,331928800
2013-09-04,15.376580903268481,15.45907221241925,15.275621022552032,15.349801063537598,345032800
2013-09-05,15.397822152299272,15.41105837529123,15.194363717163322,15.244535446166992,236367600
2013-09-06,15.342114087787913,15.371045729182997,15.080789036886815,15.335341453552246,359525600
2013-09-09,15.54402857201087,15.633907334177684,15.497243155191248,15.580041885375977,340687200
2013-09-10,15.580963061291515,15.619438844955408,15.06693342992781,15.225143432617188,743195600
2013-09-11,14.374692731786732,14.580304695758386,14.306976236392998,14.396240234375,898696400
2013-09-12,14.420548302552753,14.632931145606562,14.343904133036085,14.549517631530762,404051200
2013-09-13,14.446404238465123,14.523046772503895,14.303585518496382,14.30974006652832,298835600
2013-09-16,14.189698108628656,14.208472438612137,13.76554553932757,13.85480785369873,543706800
2013-09-17,13.788322007482078,14.149990447325209,13.774163589052483,14.014864921569824,399380800
2013-09-18,14.256798362059566,14.354371947800994,14.179231988813026,14.302968978881836,456862000
2013-09-19,14.488264893009097,14.646167500148264,14.443632917344276,14.53751277923584,404541200
2013-09-20,14.712966560184908,14.729894860673523,14.34360314221155,14.387003898620605,699302800
2013-09-23,15.270078214300872,15.295010369959805,14.854544478441674,15.102018356323242,762106800
2013-09-24,15.232527658698977,15.250687185860897,15.01521991060719,15.054617881774902,364344400
2013-09-25,15.057701608200459,15.07124358634322,14.818538898806157,14.821616172790527,316957200
2013-09-26,14.959202865589885,15.03799882615393,14.894563679181507,14.965973854064941,237221600
2013-09-27,14.890869296057584,14.91826393501659,14.79668203962589,14.859166145324707,228040400
2013-09-30,14.68987868071619,14.825619027456948,14.602462390568082,14.67448902130127,260156400
2013-10-01,14.726812402315085,15.055853866967079,14.724657324229103,15.019533157348633,353883600
2013-10-02,14.947815430285276,15.13772860253228,14.889948871907029,15.068780899047852,289184000
2013-10-03,15.098022286037075,15.154659252573424,14.797300936288812,14.879483222961426,322753200
2013-10-04,14.893331459324639,14.916108543599188,14.731427749214602,14.86778450012207,258868400
2013-10-07,14.976442948290483,15.16389366434205,14.939198395238881,15.013071060180664,312292400
2013-10-08,15.080478655571357,15.102026151124754,14.791145828873672,14.803458213806152,290917200
2013-10-09,14.917343849368377,15.01430100518567,14.721581858049506,14.977365493774414,301725200
2013-10-10,15.122955296320871,15.155580646508499,14.99121443801801,15.071243286132812,278602800
2013-10-11,14.98967361667984,15.200517808815148,14.93334570381558,15.168814659118652,267738800
2013-10-14,15.077091754933587,15.31563801334311,15.06231689519762,15.26823616027832,261898000
2013-10-15,15.313484481822352,15.451688941422667,15.252233246373018,15.34949779510498,320073600
2013-10-16,15.414445517209186,15.46800357115693,15.366428858548815,15.424295425415039,251101200
2013-10-17,15.389511239388828,15.537256554546575,15.380277773632567,15.528637886047363,253593200
2013-10-18,15.574500733268488,15.675151589835437,15.565882064974371,15.663763046264648,290542000
2013-10-21,15.752408968288064,16.13808570525426,15.744714140478983,16.047592163085938,398106800
2013-10-22,16.203033314579265,16.26582482307769,15.637291653188585,16.00172996520996,534063600
2013-10-23,15.974954042713343,16.18026019977143,15.974954042713343,16.158405303955078,313723200
2013-10-24,16.15963586871888,16.389565144014423,16.081147289024898,16.37232780456543,384764800
2013-10-25,16.354165206296294,16.41295560821939,16.16302078326711,16.189184188842773,337792000
2013-10-28,16.28398324651183,16.34431391818442,16.104534799808295,16.309839248657227,550440800
2013-10-29,16.50653179412419,16.598256611653127,15.837676574850331,15.903545379638672,635807200
2013-10-30,15.993727613014308,16.237198816803943,15.914006167813168,16.15655517578125,354163600
2013-10-31,16.159633962592263,16.23627649736927,16.044823037823246,16.088838577270508,275696400
2013-11-01,16.12946595784867,16.153474279281436,15.877683515610219,16.00665283203125,274890000
2013-11-04,16.039584688695328,16.215648424499932,15.96909837220622,16.21349334716797,244627600
2013-11-05,16.146716121467968,16.279379257663226,16.09808299897764,16.173494338989258,265213200
2013-11-06,16.227666562409606,16.249649055523584,16.04345508889917,16.127666473388672,223375600
2013-11-07,16.086179019426794,16.19794333172131,15.86326712815363,15.866671562194824,262620400
2013-11-08,15.931379228902731,16.134167099003996,15.869768727005292,16.116519927978516,279316800
2013-11-11,16.098880663855066,16.15089296888618,15.926124149674887,16.069778442382812,227452400
2013-11-12,16.027045874416498,16.220546371689064,16.006303462379442,16.0994930267334,204276800
2013-11-13,16.037251858579523,16.16883257251205,16.005052778118074,16.118677139282227,197220800
2013-11-14,16.18617379811848,16.386484745211366,16.15707160097299,16.351810455322266,282419200
2013-11-15,16.302907440336742,16.380615879434867,16.23820166443849,16.253681182861328,317920400
2013-11-18,16.253675026114998,16.321786865505025,16.043456565658417,16.0567684173584,244944000
2013-11-19,16.069147492150467,16.20382350680962,16.036330010210737,16.085247039794922,208938800
2013-11-20,16.075342471483093,16.1121860869361,15.923639302349082,15.944381713867188,193916800
2013-11-21,16.024881193686014,16.136647183704458,15.903209439329432,16.134479522705078,262026800
2013-11-22,16.084325698494613,16.166060250123323,16.053675861674243,16.092994689941406,223725600
2013-11-25,16.130758268508856,16.280913793383952,16.13013988184707,16.214969635009766,229311600
2013-11-26,16.226741008061744,16.598880973988155,16.223027379575182,16.514049530029297,401382800
2013-11-27,16.604135380116404,16.904137215127616,16.5140410795563,16.90289878845215,363448400
2013-11-29,17.011879880991454,17.285874775121627,16.96017680372819,17.215906143188477,318127600
2013-12-02,17.27565939064418,17.47163506603664,17.053367558041092,17.06606101989746,472544800
2013-12-03,17.284942536261738,17.535099738513725,17.26574775149725,17.533241271972656,450968000
2013-12-04,17.507867288164054,17.62211015475574,17.362974581962412,17.492387771606445,377809600
2013-12-05,17.72922315420501,17.80631315998733,17.536033522993357,17.582162857055664,447580000
2013-12-06,17.51683513654715,17.546557378101078,17.324265566853136,17.33819580078125,344352400
2013-12-09,17.365446597325136,17.634178667977338,17.365446597325136,17.53665542602539,320493600
2013-12-10,17.44841278373132,17.58154116695333,17.37472722560264,17.509403228759766,278269600
2013-12-11,17.55429740586849,17.67720919407989,17.32798111757028,17.379682540893555,359718800
2013-12-12,17.40383662652478,17.502907482116903,17.33851084072436,17.354299545288086,262290000
2013-12-13,17.425813661279562,17.42674289471001,17.141602160225062,17.165130615234375,332822000
2013-12-16,17.1834022549298,17.419316826607528,17.183093061519997,17.260181427001953,282592800
2013-12-17,17.207859156250873,17.320243515048347,17.132625954696604,17.182472229003906,229902400
2013-12-18,17.018690264751232,17.072870195104695,16.68122641510276,17.051816940307617,565863200
2013-12-19,17.01250481864248,17.027984332417002,16.833865409572525,16.85646629333496,320308800
2013-12-20,16.886496573538622,17.07782943523155,16.867610972800133,16.997642517089844,436413600
2013-12-23,17.58525599610393,17.669467359678862,17.423027055998332,17.64996337890625,501306400
2013-12-24,17.643774848840053,17.705385350703477,17.524269126034444,17.575044631958008,167554800
2013-12-26,17.588350189167258,17.631695117740602,17.442219165428476,17.45831871032715,204008000
2013-12-27,17.45584952881079,17.474115088085554,17.322102711599257,17.340368270874023,225884400
2013-12-30,17.258940794889348,17.340364463667903,17.099805430860673,17.167917251586914,253629600
2013-12-31,17.157086339041832,17.377210555249437,17.15182178379621,17.36916160583496,223084400
2014-01-02,17.203837871037436,17.24563355072436,17.090524257606614,17.124889373779297,234684800
2014-01-03,17.116532451461424,17.142537772176272,16.73169900916625,16.748727798461914,392467600
2014-01-06,16.639439007238302,16.92891355046758,16.520242439950195,16.840059280395508,412610800
2014-01-07,16.852126200872366,16.902900044900544,16.65398287838947,16.71961784362793,317209200
2014-01-08,16.681541119555913,16.890521156166308,16.67782749151098,16.82550621032715,258529600
2014-01-09,16.928907015439027,16.93076548249289,16.574415998997605,16.610639572143555,279148800
2014-01-10,16.71311334605719,16.743144779083767,16.44314294900201,16.499799728393555,304976000
2014-01-13,16.40600032435919,16.795785809238367,16.405071090525162,16.5861873626709,378492800
2014-01-14,16.663274446701536,16.926743607408312,16.645936467592104,16.916217803955078,332561600
2014-01-15,17.136960342727036,17.343772683948888,17.07937431602353,17.25584602355957,391638800
2014-01-16,17.17968327223023,17.240055339287128,17.079990740498282,17.15955924987793,229278000
2014-01-17,17.073800208857744,17.092065764215693,16.71528308802679,16.73912239074707,426739600
2014-01-21,16.74902832901031,17.030144576199053,16.73138116189225,16.99918556213379,328526800
2014-01-22,17.0561592325946,17.2536825933607,16.96018360018405,17.074735641479492,379985200
2014-01-23,17.026117371874033,17.229214357813422,16.867292893286194,17.21930694580078,403239200
2014-01-24,17.15181638076073,17.20197183569629,16.865437231761298,16.90630531311035,429354800
2014-01-27,17.030154713122297,17.176595037348882,16.896407856768477,17.043466567993164,554878800
2014-01-28,15.751193472376938,15.944383135209348,15.54407026490961,15.681224822998047,1065523200
2014-01-29,15.602268223391711,15.708151202780293,15.437251622171507,15.503195762634277,502810000
2014-01-30,15.558623919108369,15.68122655932181,15.37781850697108,15.473174095153809,678501600
2014-01-31,15.330755323550145,15.527351058134506,15.280290664588073,15.498558044433594,464797200
2014-02-03,15.560785085374215,15.719300395036441,15.45830817015313,15.527347564697266,401464000
2014-02-04,15.661091477243927,15.772857398939239,15.565425099597778,15.752113342285156,376681200
2014-02-05,15.68307417540708,15.953044534789194,15.67347595680927,15.869762420654297,328344800
2014-02-06,15.885967964191908,15.99310855868281,15.815889868365039,15.962273597717285,257765200
2014-02-07,16.238528571849777,16.28680362092123,16.11394790736459,16.18558120727539,370280400
2014-02-10,16.153809152195393,16.568976468208167,16.133253630373247,16.475540161132812,345559200
2014-02-11,16.52600822849627,16.748384943187194,16.49143573767887,16.692636489868164,282256800
2014-02-12,16.723462249729767,16.804751229107012,16.607913502632748,16.691381454467773,308100800
2014-02-13,16.652135660484284,16.969507106486642,16.637809334702755,16.9564266204834,307398000
2014-02-14,16.895380165826747,17.004701356891218,16.85613870852663,16.942720413208008,272924400
2014-02-18,17.005329278464203,17.166972468044204,16.993181920844293,17.00501823425293,260251600
2014-02-19,16.966393388669974,17.033044991870042,16.642483330294446,16.736541748046875,313768000
2014-02-20,16.600132698461465,16.72502612929872,16.475863019542864,16.54282569885254,305858000
2014-02-21,16.593901087791025,16.649340150275346,16.33882152018765,16.359066009521484,278784800
2014-02-24,16.29365906618676,16.50451209765396,16.270922900154137,16.430696487426758,288909600
2014-02-25,16.487684389753092,16.49360087925548,16.226686863523362,16.259700775146484,231952000
2014-02-26,16.307982092011887,16.351273779293553,16.058508067911795,16.113012313842773,276217200
2014-02-27,16.106474568572846,16.469005704441187,16.072525843231386,16.43443489074707,301882000
2014-02-28,16.478341951082605,16.59264648091025,16.261570862014963,16.389890670776367,371968800
2014-03-03,16.30206375136797,16.527244727500715,16.283065109707238,16.43723487854004,238781200
2014-03-04,16.53814849525307,16.58922627214053,16.43754816231278,16.545621871948242,259140000
2014-03-05,16.535652989911686,16.65493756866371,16.479901246728904,16.580501556396484,200062800
2014-03-06,16.59390118348334,16.64529168106489,16.44783014786007,16.530364990234375,185488800
2014-03-07,16.54095257001425,16.56867209656537,16.383980043180657,16.520708084106445,220729600
2014-03-10,16.455931474984734,16.610723416714432,16.45530772305698,16.535663604736328,178584000
2014-03-11,16.6767444774935,16.77921107558366,16.587667748640644,16.69667625427246,279224400
2014-03-12,16.64746744857473,16.735918759120853,16.5692922385336,16.712871551513672,199326400
2014-03-13,16.738725167276844,16.80786679844534,16.480841254258095,16.52724838256836,257742800
2014-03-14,16.469311993437934,16.53471774514997,16.288981273437425,16.341617584228516,237199200
2014-03-17,16.43536814529216,16.506066650269716,16.37774846453441,16.405467987060547,199544800
2014-03-18,16.379303150690472,16.56835475996189,16.35750178657426,16.550601959228516,209647200
2014-03-19,16.57739157499691,16.70134849683447,16.475856446516705,16.546245574951172,224756000
2014-03-20,16.50357899409172,16.590164058411897,16.424470634489992,16.466516494750977,208398400
2014-03-21,16.567117167959086,16.623802073551165,16.392704504862508,16.596393585205078,374046400
2014-03-24,16.769242335678165,16.83402433849115,16.664593461387998,16.793224334716797,355700800
2014-03-25,16.865177319141846,16.99754410317428,16.80568803137849,16.973873138427734,282293200
2014-03-26,17.02151957456896,17.098759977053295,16.78294708004244,16.811599731445312,299768000
2014-03-27,16.81908147906583,16.865177568992,16.666470204547505,16.739349365234375,222031600
2014-03-28,16.766123937148468,16.785433617933787,16.639362677525035,16.720651626586914,200564000
2014-03-31,16.7944723067561,16.843682150814942,16.691691347348154,16.716920852661133,168669200
2014-04-01,16.748690470568096,16.87669929637563,16.717857174865266,16.86984634399414,200760000
2014-04-02,16.892578521338873,16.926838285142,16.8265506734033,16.897872924804688,180420800
2014-04-03,16.86175111705986,16.8963219370514,16.74495650258016,16.780773162841797,162344000
2014-04-04,16.812536411536488,16.818452903610297,16.525065089598908,16.563684463500977,275251200
2014-04-07,16.445342287935105,16.53504114885371,16.25442261958533,16.303630828857422,289850400
2014-04-08,16.35719284760666,16.386158209900078,16.155059063181337,16.302688598632812,243888400
2014-04-09,16.277767743821464,16.522258361244226,16.258458061550385,16.516963958740234,206169600
2014-04-10,16.528180558333748,16.576768319860474,16.294280328500825,16.303936004638672,239652000
2014-04-11,16.16440651828406,16.283694476186042,16.106477440953306,16.183406829833984,271717600
2014-04-14,16.25472650231593,16.262823631074596,16.108655497112846,16.247875213623047,205674000
2014-04-15,16.203959335301164,16.246627277244855,15.925519909701203,16.13201332092285,266490000
2014-04-16,16.134816558847124,16.229498741000025,16.013038602626253,16.164716720581055,214765600
2014-04-17,16.195548215215076,16.437236172361,16.170631416538892,16.34940528869629,284334400
2014-04-21,16.361861628457035,16.573649400532386,16.31888098781972,16.543439865112305,182548800
2014-04-22,16.4543642866566,16.563996531249135,16.397992112034977,16.559947967529297,202563200
2014-04-23,16.47771734235789,16.542188280925803,16.334136437091622,16.343481063842773,394940000
2014-04-24,17.69706338560128,17.752813475995207,17.464096304401483,17.683359146118164,759911600
2014-04-25,17.58244812319373,17.81479145737233,17.56469698268219,17.813236236572266,390275200
2014-04-28,17.840012981239596,18.55479713110532,17.832225237359914,18.503095626831055,669485600
2014-04-29,18.492203409669308,18.561968788931416,18.360458735600798,18.448287963867188,337377600
2014-04-30,18.457942014036078,18.669418769108386,18.369489041869684,18.378520965576172,456640800
2014-05-01,18.438004402320647,18.52521151481441,18.262346001015718,18.421810150146484,244048000
2014-05-02,18.448596571009368,18.506527288623698,18.366683853665993,18.456069946289062,191514400
2014-05-05,18.380077206284586,18.718315221623673,18.375715935384708,18.71706771850586,287067200
2014-05-06,18.743231832892977,18.824520805801605,18.51306915283203,18.51306915283203,374564400
2014-05-07,18.539232623918572,18.602768802948543,18.305019685203682,18.448287963867188,282864400
2014-05-08,18.423541903508145,18.616469484142968,18.36560207661476,18.4153995513916,230297200
2014-05-09,18.307352674091867,18.360908557800055,18.175497717078844,18.338672637939453,291597600
2014-05-12,18.399736021022125,18.59297466433355,18.3969159712288,18.566980361938477,213208800
2014-05-13,18.540984140387508,18.62053429838709,18.500270717429817,18.596105575561523,159737200
2014-05-14,18.55445880843133,18.710115240639418,18.53284845496287,18.599557876586914,166404000
2014-05-15,18.625556661239933,18.685062083112683,18.41696988532181,18.44139862060547,230846000
2014-05-16,18.435443898566966,18.71418566720861,18.33428336254547,18.713560104370117,276256400
2014-05-19,18.724208489309643,19.021115003966536,18.707922110967054,18.935300827026367,317755200
2014-05-20,18.93279431246647,18.991986940095412,18.81440738458072,18.939058303833008,234836000
2014-05-21,18.9114982479598,19.00138360412944,18.856064010735913,18.98917007446289,196859600
2014-05-22,18.99824868214197,19.100036439012086,18.919951308272168,19.01923179626465,200760000
2014-05-23,19.01860313643736,19.252871329776454,18.994174413292154,19.234079360961914,232209600
2014-05-27,19.288890283255103,19.60145587446084,19.2810607134854,19.594253540039062,348866000
2014-05-28,19.606469085031833,19.7257960225323,19.536314058615293,19.54351806640625,315481600
2014-05-29,19.663778658416078,19.946278730317733,19.661273062619202,19.899612426757812,376474000
2014-05-30,19.981052009026282,20.17491797520499,19.69667344292699,19.825082778930664,564020800
2014-06-02,19.85515460663576,19.88240172566332,19.496235282546785,19.6888484954834,369350800
2014-06-03,19.682898871013162,20.00486149333437,19.67632209503652,19.96727752685547,292709200
2014-06-04,19.96413889982196,20.29142537683936,19.922483770709768,20.195274353027344,335482000
2014-06-05,20.238496542060307,20.337778732854176,20.126060803270367,20.274513244628906,303805600
2014-06-06,20.354372850594956,20.396967989233673,20.18431009531526,20.218759536743164,349938400
2014-06-09,20.32305693141372,20.58175395590837,20.114784626134412,20.54229164123535,301660000
2014-06-10,20.768103798715035,20.838258835579396,20.513790744689228,20.662870407104492,251108000
2014-06-11,20.63656423758697,20.77468318599352,20.491870187623235,20.57737159729004,182724000
2014-06-12,20.616826372621798,20.634365545785226,20.147664362579604,20.233165740966797,218996000
2014-06-13,20.213435218959287,20.2660527422656,19.924045531285508,20.01173973083496,218100000
2014-06-16,20.06217101936027,20.33402162176274,20.04901579790505,20.213441848754883,142244000
2014-06-17,20.237551102576663,20.32305248689827,20.125742629311624,20.1871280670166,118904000
2014-06-18,20.22878908568801,20.233174717238324,20.02709352271096,20.20905876159668,134056000
2014-06-19,20.23317366607839,20.23536648173962,20.024899666596184,20.13890266418457,142112000
2014-06-20,20.136701526858687,20.2901667797871,19.928429286075044,19.930622100830078,403592000
2014-06-23,20.020520048136344,20.08629115120567,19.86267073887286,19.913095474243164,174776000
2014-06-24,19.89554774160454,20.112589612268046,19.77277685276505,19.79250717163086,156144000
2014-06-25,19.777167323470085,19.884591886581305,19.65439639420012,19.8100528717041,147476000
2014-06-26,19.812245938374673,19.961325642644372,19.687282191606577,19.92844009399414,130516000
2014-06-27,19.910890107060514,20.169587051363543,19.89992770591635,20.165203094482422,256116000
2014-06-30,20.191516539013698,20.548870188256476,20.189323723568865,20.37348175048828,197929200
2014-07-01,20.502824783325195,20.623404516058972,20.417323399251327,20.502824783325195,152892000
2014-07-02,20.57956383095509,20.62121729049425,20.40855934382884,20.494062423706055,113860000
2014-07-03,20.53571845379487,20.629989462386213,20.432677854563824,20.614643096923828,91567200
2014-07-07,20.638755223142383,21.044339097352292,20.62998563413003,21.039955139160156,225872000
2014-07-08,21.105723457826308,21.221919251768117,20.590522256511154,20.904027938842773,260888000
2014-07-09,20.92375651522577,21.035564987691902,20.77467687930987,20.91279411315918,145744000
2014-07-10,20.555443273043757,20.94787353583703,20.502825747579276,20.836063385009766,158744000
2014-07-11,20.90622296981689,21.022417103445164,20.796605610148234,20.875530242919922,136072000
2014-07-14,21.01583970025496,21.24165118679092,20.96980061128795,21.145187377929688,171240000
2014-07-15,21.22191755363286,21.23287828398413,20.83387123591054,20.897449493408203,181911600
2014-07-16,21.259188697005193,21.287688605283165,20.770294589928657,20.779064178466797,213585200
2014-07-17,20.833867913623322,20.888676574523153,20.2945508910843,20.408552169799805,229192000
2014-07-18,20.524750090900618,20.770291847030737,20.393207952827748,20.702329635620117,199952000
2014-07-21,20.825107043872407,20.82729985956197,20.546679665916816,20.594911575317383,156316000
2014-07-22,20.75713579392872,20.803174867639637,20.634364930699608,20.765905380249023,220788000
2014-07-23,20.9193668898903,21.45868385053164,20.864558235280885,21.30741310119629,371672000
2014-07-24,21.274537404766736,21.335922858674817,21.138611276378715,21.2723445892334,182916000
2014-07-25,21.232876797732864,21.449918645978777,21.18683771917329,21.412649154663086,173876000
2014-07-28,21.445537206371373,21.75685006325239,21.38634457631065,21.7086181640625,221272000
2014-07-29,21.776585684073943,21.800701637687794,21.539811779117002,21.56831169128418,172572000
2014-07-30,21.58145964312484,21.638459448260498,21.412648024687094,21.517881393432617,132040000
2014-07-31,21.300840910142107,21.36441749124647,20.899641070708935,20.958833694458008,227372000
2014-08-01,20.80537353399281,21.182457488684776,20.785641541065516,21.075031280517578,194044000
2014-08-04,21.12765237414677,21.17369146856596,20.864569684086426,20.956647872924805,159832000
2014-08-05,20.906226866543822,20.97638192290289,20.686992106343176,20.85361099243164,223732000
2014-08-06,20.77249194096989,20.932534039637794,20.763722350516876,20.818531036376953,154232000
2014-08-07,20.915471811387054,21.14020278122991,20.73260148751666,20.816326141357422,186844000
2014-08-08,20.767854385312347,20.891235962751708,20.55193494384555,20.87360954284668,167460000
2014-08-11,20.990381014064365,21.168845568681103,20.89564111105356,21.149015426635742,146340000
2014-08-12,21.16003023912534,21.34510258128571,21.065290345605813,21.144607543945312,135180000
2014-08-13,21.184269542723914,21.424423217773438,21.160033634844865,21.424423217773438,127664000
2014-08-14,21.444255547400097,21.497133133187443,21.327483441685146,21.48171043395996,112464000
2014-08-15,21.56984077143419,21.633735291086893,21.340702326077366,21.587467193603516,195804000
2014-08-18,21.699827288219296,21.89371452940123,21.587462652659166,21.84744644165039,190288000
2014-08-19,21.90252507285289,22.18233728784633,21.8826949342602,22.149288177490234,277596000
2014-08-20,22.129466083528744,22.272676134674878,22.02150551325653,22.15810775756836,210796000
2014-08-21,22.158110836720144,22.2396317862432,22.056761421094567,22.160314559936523,133912000
2014-08-22,22.09641431398527,22.356398114920268,22.074382130370005,22.323348999023438,176736000
2014-08-25,22.426890276182508,22.510613202118307,22.31452401380914,22.371809005737305,161080000
2014-08-26,22.345377336299595,22.363003752536894,22.22199578453365,22.228605270385742,132608000
2014-08-27,22.25725464893699,22.59875943785019,22.18675064050339,22.501815795898438,209476000
2014-08-28,22.382834314393143,22.645021817492648,22.376224827919664,22.528249740600586,273840000
2014-08-29,22.662643522805272,22.671456729919825,22.517228126836226,22.58332633972168,178380000
2014-09-02,22.706716607952778,22.85653782461028,22.63180684009804,22.75959587097168,214256000
2014-09-03,22.71552095100826,22.73755312819143,21.719652086181515,21.798969268798828,501684000
2014-09-04,21.779143552577743,22.05234630317765,21.5455994013349,21.61830711364746,342872000
2014-09-05,21.768134787836683,21.89812587499085,21.660174207953016,21.80558967590332,233828000
2014-09-08,21.878294595189523,21.880496637064347,21.60288807551668,21.671188354492188,185426800
2014-09-09,21.82981978554693,22.71112052765914,21.18206320219117,21.589664459228516,759385200
2014-09-10,21.5940738701242,22.27708167125042,21.53899256872776,22.252845764160156,403478400
2014-09-11,22.12285659610476,22.349791308359396,21.948799467057984,22.34758758544922,249412400
2014-09-12,22.29911466922595,22.51503411819511,22.27047299659603,22.39826202392578,250504400
2014-09-15,22.651636905834216,22.704516172594822,22.34979240924612,22.391653060913086,245266000
2014-09-16,21.988450282747337,22.3101247947725,21.78795359267176,22.221994400024414,267632400
2014-09-17,22.31232854949144,22.429102298045407,22.162507371198004,22.380630493164062,243706000
2014-09-18,22.45775007512665,22.550286265472426,22.37622913737553,22.426904678344727,149197600
2014-09-19,22.537060959496376,22.55027993127608,22.142678718908574,22.244028091430664,283609600
2014-09-22,22.429103623609535,22.504013376709633,22.160306639525277,22.266061782836914,211153600
2014-09-23,22.16471410785101,22.680275934220766,22.15149513415747,22.614177703857422,253608800
2014-09-24,22.50841922099652,22.660442438815103,22.296905587518562,22.4180850982666,240687200
2014-09-25,22.14488506019313,22.18894942530188,21.530177585523646,21.5632266998291,400368000
2014-09-26,21.708641240111536,22.197763442993164,21.679999569842444,22.197763442993164,249482000
2014-09-29,21.73507672882645,22.129458955302646,21.730669284425865,22.056751251220703,199065200
2014-09-30,22.21098241681769,22.371820549123427,22.14929163103944,22.197763442993164,221056400
2014-10-01,22.16250812641377,22.184541988254374,21.746093688030673,21.851850509643555,205965200
2014-10-02,21.87167876330852,22.080988682200253,21.600679747062905,22.01048469543457,191031200
2014-10-03,21.909134814554015,22.078784450973085,21.82100441289124,21.948793411254883,173878400
2014-10-06,22.02149943775014,22.175728060896894,21.904727369949697,21.948793411254883,148204800
2014-10-07,21.90693369942461,22.058958618361885,21.752706738870703,21.757112503051758,168376800
2014-10-08,21.75931855873317,22.277082474335383,21.660171204076587,22.208782196044922,229618800
2014-10-09,22.371817954489153,22.556890290359625,22.166915479233904,22.257247924804688,309506000
2014-10-10,22.184542351611675,22.479777278497668,22.098615668058425,22.193355560302734,265326400
2014-10-13,22.325553053742084,22.424698721959412,21.990657806396484,21.990657806396484,214333600
2014-10-14,22.118445680019022,22.147087349565375,21.717453901631067,21.757112503051758,254754400
2014-10-15,21.58526229746954,21.845246127018896,20.970554725544844,21.490522384643555,403734400
2014-10-16,21.052074929822986,21.53018024213229,21.02122953425129,21.208505630493164,288618000
2014-10-17,21.48170063284841,21.81218833489223,21.329675752005087,21.519155502319336,272718800
2014-10-20,21.662368396259737,22.023701503038378,21.640336217738597,21.979637145996094,310069200
2014-10-21,22.697902865549104,22.697902865549104,22.312333740048803,22.576725006103516,378495600
2014-10-22,22.658244597562508,22.93805856557183,22.60536701594226,22.691293716430664,273052400
2014-10-23,22.931439656694284,23.145155299163044,22.832292340824104,23.096683502197266,284298800
2014-10-24,23.17380397802403,23.242104250278015,23.03059226569821,23.1826171875,188215600
2014-10-27,23.10109168395454,23.23989760451717,23.068042575204036,23.158376693725586,136750800
2014-10-28,23.222274523368462,23.51750946044922,23.21125759188729,23.51750946044922,192243600
2014-10-29,23.497682643648638,23.656317054760354,23.43378813467598,23.64970588684082,210751600
2014-10-30,23.565983255950854,23.65190994971445,23.332439081203425,23.570390701293945,162619200
2014-10-31,23.797320146746642,23.803929632357416,23.621059352704226,23.795116424560547,178557200
2014-11-03,23.843589089364244,24.30186582569185,23.797321007467836,24.103572845458984,209130400
2014-11-04,24.094760448893982,24.123402115523817,23.733427308720508,23.92731285095215,166297600
2014-11-05,24.037475729966836,24.081541772570542,23.823760045944894,23.98459815979004,149743600
2014-11-06,24.031066329646368,24.073110172522814,23.854042910416698,24.053194046020508,139874000
2014-11-07,24.0642622328041,24.19039209146036,24.02000679364768,24.121795654296875,134766000
2014-11-10,24.123999009779826,24.192597111764186,24.04655117357446,24.08195686340332,108782000
2014-11-11,24.0531907728564,24.28553598375864,23.986807632767412,24.274471282958984,109769200
2014-11-12,24.203665030333397,24.657290815868482,24.201453440447906,24.617460250854492,187769600
2014-11-13,24.739168825135433,25.104280421301244,24.694911697435142,24.964874267578125,238091600
2014-11-14,25.037895126071955,25.268027105770045,24.608610309304684,25.26581382751465,176254400
2014-11-17,25.285722691150582,25.951777487268515,25.071082018335698,25.223764419555664,186986800
2014-11-18,25.212708622768805,25.599949619297092,25.201643919001864,25.551267623901367,176896000
2014-11-19,25.54462784826567,25.611011001924584,25.181727872572964,25.37424087524414,167476800
2014-11-20,25.42735111537857,25.85884755169119,25.414073133174263,25.73714256286621,173582000
2014-11-21,26.00267682589368,26.015953118107912,25.675180882637996,25.772544860839844,228717200
2014-11-24,25.856632058590368,26.28149031152891,25.80573847724948,26.250511169433594,189803200
2014-11-25,26.34788101927259,26.498351895057933,25.98940583889772,26.022598266601562,275361600
2014-11-26,26.097821607596842,26.354506098869024,26.073480618566357,26.332378387451172,163073200
2014-11-28,26.392138668050144,26.42090622897311,26.122177731165852,26.316904067993164,99257600
2014-12-01,26.290346034310573,26.387710032948878,24.62189020364303,25.462757110595703,335256000
2014-12-02,25.115334902008232,25.613215990374037,24.949374539219633,25.365381240844727,237395600
2014-12-03,25.613222718629732,25.74599070608979,25.471603306907465,25.653053283691406,172253600
2014-12-04,25.617649050520285,25.93408031097091,25.511435329777456,25.55569076538086,168178000
2014-12-05,25.66632714593421,25.68624327069771,25.367598780372898,25.4472599029541,153275600
2014-12-08,25.24810922534383,25.369814197392564,24.699334432664987,24.871932983398438,230659600
2014-12-09,24.382909676535846,25.292373070966736,24.197033096007257,25.25254249572754,240832000
2014-12-10,25.316709602251393,25.414071900351615,24.681633789235363,24.772357940673828,178261200
2014-12-11,24.840956430622807,25.181728699621257,24.637377029967293,24.699337005615234,165606800
2014-12-12,24.44264650820266,24.75465285777591,24.247920254610754,24.281112670898438,224112400
2014-12-15,24.495759380289943,24.694912238714423,23.533189200847943,23.94919776916504,268872400
2014-12-16,23.537616180585218,24.376269791286713,23.513275181438555,23.621702194213867,243162800
2014-12-17,23.703579099804852,24.30546092942983,23.637194242773553,24.210311889648438,213647200
2014-12-18,24.75465327408101,24.9272518157959,24.486904037800677,24.9272518157959,236024800
2014-12-19,24.840954709101993,25.057808700012927,24.70818671838803,24.734739303588867,353719200
2014-12-22,24.81882979897185,25.113131677064374,24.77678595000001,24.99142837524414,180670000
2014-12-23,25.05559817156092,25.07772588957793,24.885211197532936,24.90291404724121,104113600
2014-12-24,24.91176867517881,24.940534543475888,24.7856388092041,24.7856388092041,57918400
2014-12-26,24.805544398053687,25.3410428176798,24.785629962856586,25.223764419555664,134884000
2014-12-29,25.17951376540903,25.39636775708735,25.15959763820133,25.20606803894043,110395600
2014-12-30,25.14631806562441,25.20827634087962,24.80775914138245,24.898483276367188,119526000
2014-12-31,24.96487479774826,25.03347123684447,24.38733235282958,24.424949645996094,165613600
2015-01-02,24.648447308825244,24.65951201475294,23.75447343110175,24.192609786987305,212818400
2015-01-05,23.96247328303275,24.042134423807454,23.32518584507189,23.51106071472168,257142000
2015-01-06,23.575231527032173,23.772171094232995,23.152584838795235,23.513273239135742,263188400
2015-01-07,23.72127445249682,23.94255500406204,23.610634176714214,23.842979431152344,160423600
2015-01-08,24.170479219019555,24.816618126764887,24.053199089993452,24.759084701538086,237458000
2015-01-09,24.931683117483658,25.060026262015647,24.387333080738237,24.7856388092041,214798000
2015-01-12,24.916191524620462,24.9228296715174,24.075326382352763,24.174901962280273,198603200
2015-01-13,24.65729280767819,24.960447781897706,24.09966654067397,24.389543533325195,268367600
2015-01-14,24.12843426037142,24.449290420951467,24.00894254649171,24.296607971191406,195826400
2015-01-15,24.340866056986478,24.35414235278172,23.601789661609924,23.63719367980957,240056000
2015-01-16,23.68366137504563,23.805366375341244,23.278717488502334,23.453529357910156,314053200
2015-01-20,23.86289871883009,24.112946873374245,23.566383529841232,24.057626724243164,199599600
2015-01-21,24.108511847532693,24.575413877251222,23.958041027221938,24.241281509399414,194303600
2015-01-22,24.398392763814055,24.88742255363768,24.278901069867082,24.871932983398438,215185600
2015-01-23,24.84981141593961,25.17066760238957,24.679424412910738,25.000282287597656,185859200
2015-01-26,25.16845584914426,25.305650433694787,24.960453225890493,25.026836395263672,222460000
2015-01-27,24.876358386921034,24.889636367580913,24.12621747674591,24.150558471679688,382274800
2015-01-28,26.02923235653945,26.137661049350434,25.51586151123047,25.51586151123047,585908400
2015-01-29,25.73935461660109,26.374430430207553,25.571180918654623,26.310258865356445,337745600
2015-01-30,26.199621290376125,26.55366988452238,25.856635712406298,25.925233840942383,334982000
2015-02-02,26.122169732854424,26.370002869616926,25.68624677706615,26.250511169433594,250956400
2015-02-03,26.221747609729693,26.352302335998324,26.02480803700248,26.254940032958984,207662800
2015-02-04,26.221749575393172,26.666524028239085,26.17970572360188,26.45630645751953,280598800
2015-02-05,26.66290308386443,26.70955688169325,26.4918453731228,26.645132064819336,168984800
2015-02-06,26.662904175232608,26.714000306189355,26.314122700569396,26.420757293701172,174826400
2015-02-09,26.336338575791345,26.622915539684453,26.309679504659737,26.59625816345215,155559200
2015-02-10,26.696227782593457,27.13609315192371,26.694007464418103,27.10721206665039,248034000
2015-02-11,27.27383739069104,27.751468681803974,27.213856575016383,27.742582321166992,294247200
2015-02-12,28.004716451194586,28.3201762363106,27.895861528916974,28.093578338623047,297898000
2015-02-13,28.27574380069617,28.27574380069617,27.913633609185215,28.231313705444336,217088800
2015-02-17,28.32239504441379,28.631190468113697,28.195767412422946,28.39792823791504,252609600
2015-02-18,28.353499200434882,28.6089765023717,28.313511434089126,28.59564781188965,179566800
2015-02-19,28.542324133989784,28.66450942275058,28.509002414236182,28.535659790039062,149449600
2015-02-20,28.57343012705251,28.7689266204834,28.446804181843213,28.7689266204834,195793600
2015-02-23,28.884445467268826,29.546463012695312,28.80446994307108,29.546463012695312,283896400
2015-02-24,29.53312947475006,29.67975181000597,29.139916262854044,29.362070083618164,276912400
2015-02-25,29.226559813734614,29.235447865976322,28.469014375568225,28.61119270324707,298846800
2015-02-26,28.611194771331103,29.073275217137283,28.126900972912463,28.97330665588379,365150000
2015-02-27,28.879995319973084,29.00662461886376,28.489005834430007,28.537879943847656,248059200
2015-03-02,28.713386617938777,28.942204824251785,28.502341127333437,28.677841186523438,192386800
2015-03-03,28.648965199633246,28.773370827213807,28.455689023399984,28.737825393676758,151265200
2015-03-04,28.680073108082258,28.782262015417828,28.506793317556824,28.5556640625,126665200
2015-03-05,28.564543404185695,28.602309153184912,27.93806959383036,28.082469940185547,226068400
2015-03-06,28.524559382890047,28.740048936913926,28.049151867734945,28.124683380126953,291368400
2015-03-09,28.426808359176277,28.78447791228204,27.78256181176065,28.24464225769043,354114000
2015-03-10,28.082474047098263,28.262418155621695,27.502652258634235,27.660381317138672,275426400
2015-03-11,27.713700388416324,27.718142720878983,27.127214199155254,27.15609359741211,275756000
2015-03-12,27.171639795275006,27.747019210467062,27.02057509311064,27.647048950195312,193450800
2015-03-13,27.635947103719044,27.858101016618875,27.231627050037343,27.45600128173828,207309200
2015-03-16,27.520422623715213,27.758127212524414,27.296048420518424,27.758127212524414,143497200
2015-03-17,27.969172096263538,28.284630179522154,27.91363362970817,28.222427368164062,204092400
2015-03-18,28.213545040566977,28.693398273706446,28.073588695017833,28.540111541748047,261083600
2015-03-19,28.602311639224784,28.713388577629537,28.302404244511855,28.32461929321289,183238000
2015-03-20,28.491232760007673,28.52455448333958,27.80477814097911,27.96917152404785,274780400
2015-03-23,28.240199836860707,28.402371208638087,28.106906162375846,28.26019287109375,150838800
2015-03-24,28.264641425158008,28.444583846778304,28.11579702412687,28.144678115844727,131369200
2015-03-25,28.111346845968825,28.173549649385247,27.409339904785156,27.409339904785156,206620800
2015-03-26,27.27161032228796,27.74257545518956,27.236064888537122,27.60039710998535,190291600
2015-03-27,27.673707595254548,27.702586988271232,27.304933051374206,27.380464553833008,158184800
2015-03-30,27.558192337921597,28.08025367085547,27.547083964814586,28.073589324951172,188398800
2015-03-31,28.01137548801493,28.10023735860415,27.627050312947922,27.642601013183594,168362400
2015-04-01,27.72925256132099,27.795899416085437,27.347147543124656,27.602624893188477,162485600
2015-04-02,27.77589576687005,27.893637036917603,27.589287345262466,27.840320587158203,128880400
2015-04-06,27.65149344720416,28.32684143925686,27.620392039897094,28.291296005249023,148776000
2015-04-07,28.35572058970243,28.462353501011048,27.986946036985735,27.993610382080078,140049200
2015-04-08,27.958065325202924,28.08025063657794,27.762570521902486,27.90252685546875,149316800
2015-04-09,27.958071770524725,28.120244885290955,27.69370974617701,28.115800857543945,129936000
2015-04-10,27.98028052660932,28.26019489016697,27.826995501839317,28.23575782775879,160752000
2015-04-13,28.51789280584231,28.56232629417243,28.126903193051565,28.180219650268555,145460400
2015-04-14,28.213540012397917,28.2779648347118,27.971393120331427,28.058032989501953,102098400
2015-04-15,28.08246747948214,28.242416819151526,27.99360560528852,28.164663314819336,115881600
2015-04-16,28.05358515850458,28.23575122986243,28.015819414480205,28.02914810180664,113476000
2015-04-17,27.891421221225347,28.022491201146448,27.649272602783466,27.71369743347168,207828000
2015-04-20,27.89586396353667,28.4623553673972,27.80700206835276,28.34683609008789,188217200
2015-04-21,28.457911847812642,28.48012520073409,28.140230053864958,28.19354820251465,129740400
2015-04-22,28.211320800092256,28.6289694851199,28.062478106986084,28.57343101501465,150618000
2015-04-23,28.5023348552706,28.97329985358974,28.46678943167719,28.806684494018555,183083600
2015-04-24,28.988847769970338,29.01994916336111,28.708931839655715,28.94219398498535,178103600
2015-04-27,29.393174637367302,29.57534241704705,29.135475364073407,29.468706130981445,387816800
2015-04-28,29.8708139130615,29.888583241459457,28.784481513019248,29.004411697387695,475696000
2015-04-29,28.915548055956197,29.233226457714377,28.502341728977694,28.57787322998047,253544400
2015-04-30,28.577873518344195,28.577873518344195,27.675929354283394,27.80255699157715,332781600
2015-05-01,28.01360551944855,28.90888713039242,27.835883422298416,28.646743774414062,234050400
2015-05-04,28.768923633197197,29.00662988028145,28.493451638312393,28.59119987487793,203953200
2015-05-05,28.46902006448425,28.535666910420105,27.942516422209852,27.94696044921875,197085600
2015-05-06,28.115797108344967,28.15800689181304,27.40490530461807,27.771459579467773,288564000
2015-05-07,27.833925955952314,28.12616438173899,27.666614542723032,27.9432373046875,175763600
2015-05-08,28.25999863689516,28.469696044921875,28.132842096320815,28.469696044921875,222201600
2015-05-11,28.41839452963739,28.456318032718876,28.02577002755684,28.179697036743164,168143200
2015-05-12,28.019074515376378,28.30461895496568,27.84507097887534,28.079307556152344,192640000
2015-05-13,28.14176788947116,28.3737731531699,28.079305261163608,28.110536575317383,138776800
2015-05-14,28.422858655086724,28.766403198242188,28.367088193902088,28.766403198242188,180814000
2015-05-15,28.79317492809337,28.88686889308668,28.601324408166477,28.72624969482422,152832000
2015-05-18,28.63924649445973,29.161257160981794,28.634783904740452,29.04302406311035,203531600
2015-05-19,29.154562149952394,29.196948238276978,28.920325569814313,29.016252517700195,178532800
2015-05-20,29.000636555253806,29.21925578540813,28.853401737330955,29.014020919799805,145819600
2015-05-21,29.016244767937987,29.364251752243845,28.962703922676564,29.310710906982422,158921600
2015-05-22,29.35757238765829,29.663193428374157,29.312953295150677,29.5672664642334,182384000
2015-05-26,29.580655133384035,29.649809963330227,28.804327832413943,28.915868759155273,282790400
2015-05-27,29.07647685424266,29.504793440770733,29.011784639197113,29.45571517944336,183332800
2015-05-28,29.41558446655832,29.43566102401812,29.246043419186314,29.397737503051758,122933200
2015-05-29,29.275020189503188,29.32409845200021,28.97832102221036,29.063093185424805,203538000
2015-06-01,29.063093713249128,29.310714622542058,29.011785857509594,29.12109375,128451200
2015-06-02,28.969410651865722,29.147876821742443,28.848947944475402,28.99172019958496,134670400
2015-06-03,29.147872787179708,29.210335427396807,28.978328417483077,29.027406692504883,123934000
2015-06-04,28.906944563206427,29.130026398016824,28.7574801423585,28.857866287231445,153800400
2015-06-05,28.889093320398054,28.931479407354722,28.634780202616195,28.699472427368164,142507200
2015-06-08,28.75524321274129,28.824401431399306,28.293465647897676,28.509855270385742,210699200
2015-06-09,28.264469678333445,28.572323720209546,28.02354257414362,28.42508888244629,224301600
2015-06-10,28.536625784357813,28.853401557823254,28.521010125158224,28.75078582763672,156349200
2015-06-11,28.817707926451256,29.04078974685961,28.661551332957096,28.68609046936035,141563600
2015-06-12,28.59685475435289,28.6280860683027,28.35592601647239,28.36931037902832,147544800
2015-06-15,28.130618196003486,28.384931343996573,28.043616419162653,28.31354522705078,175955600
2015-06-16,28.33808770422971,28.52101475683673,28.1908545652921,28.46524429321289,125976400
2015-06-17,28.49200938252072,28.527701587513736,28.273388457264044,28.3983154296875,131672400
2015-06-18,28.38270051112941,28.62362758155856,28.380469216390665,28.52770233154297,141628800
2015-06-19,28.489781777374187,28.51432091610068,28.197545109605183,28.24216079711914,218867600
2015-06-22,28.440699738911512,28.567856303688377,28.349237081009143,28.467470169067383,136157200
2015-06-23,28.4384672789935,28.46746729892082,28.304616843688365,28.33807945251465,121075600
2015-06-24,28.378239833926724,28.956022667693063,28.358163285862766,28.57901382446289,221123600
2015-06-25,28.74632739649364,28.822174408726447,28.442935943603516,28.442935943603516,127752400
2015-06-26,28.480858206595123,28.552244327572282,28.22208415629518,28.275623321533203,176267200
2015-06-29,27.987840655952414,28.213153736274986,27.769221458869445,27.78037452697754,196645600
2015-06-30,28.012380988668923,28.135076656967197,27.85399311812508,27.981149673461914,177482800
2015-07-01,28.30908603036946,28.31800950826813,28.106080737628375,28.24216079711914,120955200
2015-07-02,28.20423537998648,28.262237131404994,28.057000557611623,28.206466674804688,108844000
2015-07-06,27.87184261198854,28.1596183586215,27.851764363536425,28.108308792114258,112241600
2015-07-07,28.08376591446313,28.141767655400127,27.61083191524409,28.03915023803711,187787200
2015-07-08,27.769226757780043,27.804918965307255,27.336447465899855,27.3431396484375,243046400
2015-07-09,27.628677848889076,27.67552481800445,26.595809830060187,26.785429000854492,314380000
2015-07-10,27.202600837011023,27.62868627770291,27.039750340613136,27.501529693603516,245418000
2015-07-13,27.8919185362896,28.05476900706943,27.733530654834784,28.032461166381836,165762000
2015-07-14,28.117232240357136,28.19084964797463,27.89415042477383,28.02130699157715,127072400
2015-07-15,28.045841538798527,28.364848550968272,28.014610225885033,28.291231155395508,134596800
2015-07-16,28.49647684376193,28.68163690142076,28.409475052920737,28.668249130249023,144889600
2015-07-17,28.795406056016574,28.915868759155273,28.623632075726423,28.915868759155273,184658800
2015-07-20,29.217031913332566,29.663195640003035,29.156798857123505,29.46242332458496,235600800
2015-07-21,29.63641707363706,29.652031028831786,29.072020418957113,29.167943954467773,307025600
2015-07-22,27.213761327469022,27.996779296704116,27.213761327469022,27.934316635131836,461802400
2015-07-23,28.152924920056645,28.351467603111896,27.898611782166114,27.920921325683594,203998000
2015-07-24,27.956614392080805,28.050308350612383,27.639838607343037,27.7736873626709,168649200
2015-07-27,27.4591386426935,27.575142134749033,27.242750720858233,27.387752532958984,177822000
2015-07-28,27.523826599121094,27.642061360135738,27.338670034091773,27.523826599121094,134472400
2015-07-29,27.472524426119968,27.550602716905665,27.276211349882686,27.436830520629883,148046800
2015-07-30,27.287362457709875,27.343132901067033,27.15128243976011,27.29851722717285,134513200
2015-07-31,27.349829319066504,27.358752795623563,26.972822220910746,27.059823989868164,171540000
2015-08-03,27.10444190149192,27.343139387606957,26.216575483749125,26.421812057495117,279904000
2015-08-04,26.194263793519244,26.2567264234046,25.264013122771626,25.5740966796875,496554400
2015-08-05,25.197085716943594,26.198724108599727,25.007466549255483,25.743637084960938,397250400
2015-08-06,25.987907127771592,26.10667542051298,25.573337945863234,25.79966926574707,211612000
2015-08-07,25.676405770660484,26.05063818414329,25.658478039435753,25.88705062866211,154681600
2015-08-10,26.11339430736292,26.888751051054925,26.11339430736292,26.8282470703125,219806400
2015-08-11,26.400227308211978,26.48314180457779,25.396298032277432,25.432151794433594,388331200
2015-08-12,25.217027981725828,25.864652581979026,24.567161986716236,25.824316024780273,404870000
2015-08-13,26.00359102685805,26.08426414446528,25.667453606722372,25.804149627685547,194143200
2015-08-14,25.618152362784787,26.0640941805923,25.548684511933267,25.98566246032715,171718000
2015-08-17,26.003583047125638,26.36437057079755,25.88257340784908,26.254566192626953,163538800
2015-08-18,26.09098594284168,26.317318945242764,25.996867877967947,26.106672286987305,138242800
2015-08-19,26.017040452072212,26.1111585355766,25.698830716595314,25.772781372070312,193146000
2015-08-20,25.56436850107426,25.62487247693871,25.01534309042622,25.24391746520996,274006400
2015-08-21,24.746435653712144,25.07585058188817,23.67527807072019,23.699928283691406,513102000
2015-08-24,21.259570294192415,24.381166289894818,20.61642679920939,23.108325958251953,648825200
2015-08-25,24.898820765395907,24.898820765395907,23.19348335039418,23.247264862060547,414406400
2015-08-26,23.99797069717231,24.625427915268247,23.54082529818865,24.580610275268555,387098400
2015-08-27,25.14980034129892,25.376131620216796,24.654556414147635,25.30442237854004,338464400
2015-08-28,25.136349754773125,25.391813995177866,24.99517268813353,25.387332916259766,212657600
2015-08-31,25.104974741807993,25.66520358710294,25.098252269213695,25.26856231689453,224917200
2015-09-01,24.683691397569483,25.071368928809964,24.058475595083692,24.139148712158203,307383600
2015-09-02,24.701618210100655,25.174449920654297,24.455116078463785,25.174449920654297,247555200
2015-09-03,25.208057526080186,25.27304427956988,24.659033922356738,24.73298454284668,212935600
2015-09-04,24.41925808397372,24.75091264237606,24.316176169352293,24.48648452758789,199985200
2015-09-08,25.042237668314055,25.22375132713337,24.7217865944172,25.167728424072266,219374400
2015-09-09,25.49266383831433,25.550926430069907,24.598537020098803,24.683692932128906,340043200
2015-09-10,24.710582689709778,25.38509895839421,24.62766988281413,25.225994110107422,251571200
2015-09-11,25.051204503862607,25.593505859375,25.044482028248712,25.593505859375,199662000
2015-09-14,26.124601280039276,26.194069134635672,25.739163422891462,25.840003967285156,233453600
2015-09-15,25.978941322573725,26.113395951330677,25.640562500950097,26.057373046875,173364800
2015-09-16,26.050637077525813,26.115623818192937,25.869123508213058,26.08649253845215,148694000
2015-09-17,25.918433543611794,26.104428259816004,25.483695321581934,25.528512954711914,256450400
2015-09-18,25.145316081669108,25.61366837467434,25.069125764829042,25.423189163208008,297141200
2015-09-21,25.472495120874473,25.853451916923284,25.470255435551035,25.817596435546875,200888000
2015-09-22,25.40749879431258,25.5867727144517,25.21477992855201,25.4119815826416,201384800
2015-09-23,25.463530757262415,25.707791517778,25.38958182030212,25.618154525756836,143026800
2015-09-24,25.37837420753811,25.882580317621645,25.181174211080297,25.77053451538086,200878000
2015-09-25,26.093218810103945,26.14924169369851,25.550915997549666,25.70553970336914,224607600
2015-09-28,25.512823755502804,25.674169952197932,25.196855545043945,25.196855545043945,208436000
2015-09-29,25.28425261036825,25.43663494850679,24.17051721819608,24.43942642211914,293461600
2015-09-30,24.688171227461435,24.99517733576546,24.365480485186172,24.717304229736328,265892000
2015-10-01,24.441666803205894,24.56491784720905,24.04726517207875,24.555953979492188,255716400
2015-10-02,24.204131643026145,24.876406372152566,24.101049723055393,24.735227584838867,232079200
2015-10-05,24.62318446599663,24.957082181965,24.441670816553575,24.824867248535156,208258800
2015-10-06,24.791255476857412,25.03999731355526,24.598536545547667,24.94363784790039,192787200
2015-10-07,25.03999498001517,25.046717454485915,24.517862849816233,24.824867248535156,187062400
2015-10-08,24.69264670069219,24.69264670069219,24.24894471071407,24.538022994995117,247918400
2015-10-09,24.65007587545633,25.161004447325563,24.535788681322458,25.125150680541992,211064400
2015-10-12,25.26184773453085,25.26632881443241,24.972769354906614,25.008623123168945,121868800
2015-10-13,24.833835516694535,25.19910427500095,24.802462823818328,25.051204681396484,132197200
2015-10-14,24.93915334634247,24.990693454806067,24.55147414198158,24.697134017944336,177849600
2015-10-15,24.858477859251334,25.12066458509717,24.7598770216274,25.066883087158203,150694000
2015-10-16,25.048958329565178,25.098258754238888,24.768843834540192,24.88313102722168,156930400
2015-10-19,24.829346920645275,25.04223323067941,24.67472318849822,25.037752151489258,119036800
2015-10-20,24.950358977705847,25.584538642829024,24.833832093042265,25.494901657104492,195871200
2015-10-21,25.546442026964304,25.900507160118128,25.479213864072698,25.492660522460938,167180800
2015-10-22,25.62039304175565,25.882579803466797,25.568851221488128,25.882579803466797,166616400
2015-10-23,26.151488709038865,26.71844188608165,26.068575912273154,26.68482780456543,237467600
2015-10-26,26.460739709780412,26.47194326531328,25.752609348259377,25.833282470703125,265335200
2015-10-27,25.8601705077346,26.115634790275454,25.54420053688064,25.669692993164062,279537600
2015-10-28,26.203032001821295,26.734129732523552,26.008071685812876,26.727405548095703,342205600
2015-10-29,26.599671870270544,27.045615379108888,26.50331241520856,27.0097599029541,204909200
2015-10-30,27.112839993554005,27.16438180961009,26.76773875254371,26.77894401550293,197461200
2015-11-02,27.070266110369857,27.195756859950347,26.803596557828087,27.155420303344727,128813200
2015-11-03,27.06802472448119,27.67307136407972,27.04785559133018,27.466907501220703,182076000
2015-11-04,27.592397154535842,27.747020900378182,27.254020081010584,27.339174270629883,179544400
2015-11-05,27.422439708246415,27.61148327358103,27.046605283344793,27.21314239501953,158210800
2015-11-06,27.255905022265036,27.41343990989622,27.145630600923205,27.244651794433594,132169200
2015-11-09,27.22214620581893,27.413439053970233,27.017350858292687,27.134376525878906,135485600
2015-11-10,26.30843822890864,26.57174724647798,26.11939466862718,26.2791805267334,236511600
2015-11-11,26.18916708098192,26.425469434694342,25.928107280307252,26.130653381347656,180872000
2015-11-12,26.16440866008837,26.290436569106728,26.027127523335597,26.04288101196289,130102400
2015-11-13,25.925850995157077,26.00912040774217,25.26645209463557,25.28220558166504,183249600
2015-11-16,25.066159438063565,25.70980491355159,24.980640745523743,25.69630241394043,152426800
2015-11-17,25.862836752257206,25.892094454265113,25.502755826401113,25.58602523803711,110467600
2015-11-18,26.051884134608777,26.44122110260724,25.99337043900729,26.396211624145508,186698800
2015-11-19,26.47497528260345,26.949832595551136,26.27693120190066,26.73153305053711,173183200
2015-11-20,26.82605388031609,26.988090726247066,26.747286446044445,26.848560333251953,137148400
2015-11-23,26.84181524403015,26.945340150311385,26.40746701672632,26.499738693237305,129930000
2015-11-24,26.405206390495255,26.85980817551081,26.357945936384805,26.7540340423584,171212800
2015-11-25,26.82830221180506,26.832804188746852,26.537986511099877,26.562742233276367,85553200
2015-11-27,26.621258320164657,26.648265033252525,26.46597272466164,26.513233184814453,52185600
2015-11-30,26.55374344506798,26.873316886396125,26.49973173375955,26.623510360717773,156721200
2015-12-01,26.72477784117907,26.738280337384804,26.299432040687964,26.407455444335938,139409600
2015-12-02,26.40746624208892,26.58075636025735,26.123903403816158,26.168912887573242,133546400
2015-12-03,26.22967370928731,26.283685425226995,25.7053048875768,25.925853729248047,166278000
2015-12-04,25.946108370159006,26.837309381309492,25.90559915524301,26.787797927856445,231108000
2015-12-07,26.77654561210243,26.97458970295678,26.513234864567096,26.619009017944336,128336800
2015-12-08,26.447969985021057,26.691025267759507,26.29943734579293,26.607757568359375,137238000
2015-12-09,26.474985865188913,26.48623909619344,25.898856151398284,26.020383834838867,185445600
2015-12-10,26.114903321856897,26.31744944950611,25.99562663474177,26.1441593170166,116850800
2015-12-11,25.92360313918105,25.968612614008652,25.39698335529081,25.471250534057617,187544800
2015-12-14,25.24620285815701,25.358728276188195,24.708331497328068,25.313718795776367,257274800
2015-12-15,25.192188508475535,25.385732344645458,24.834356823649205,24.865863800048828,213292400
2015-12-16,24.99639455045869,25.203440893124053,24.48552994368631,25.057157516479492,224954000
2015-12-17,25.210190144944047,25.261952585008626,24.526037216186523,24.526037216186523,179091200
2015-12-18,24.51028622435749,24.647565648243024,23.812627291848816,23.862138748168945,385813200
2015-12-21,24.143448006828553,24.163703470375193,23.758611369454755,24.154701232910156,190362400
2015-12-22,24.170458468498886,24.24247466238895,23.956659158792924,24.132200241088867,131157600
2015-12-23,24.14120477647999,24.496785544116474,24.125451285103782,24.442773818969727,130629600
2015-12-24,24.53054017780593,24.53054017780593,24.294236122320022,24.312240600585938,54281600
2015-12-28,24.213212969373373,24.235719421321342,23.89589225752135,24.03992462158203,106816800
2015-12-29,24.071436621428216,24.62731244741854,24.048931881781158,24.472026824951172,123724800
2015-12-30,24.43601696563428,24.46302196351547,24.12094549334309,24.15245246887207,100855200
2015-12-31,24.082687408895573,24.087187669568237,23.58982559067075,23.6888484954834,163649200
2016-01-04,23.092460172838408,23.713600792941097,22.955179062652647,23.70909881591797,270597600
2016-01-05,23.79912394460722,23.821628682951236,23.047455038507994,23.11496925354004,223164000
2016-01-06,22.63110975251536,23.0384529014461,22.475825855355314,22.662616729736328,273829600
2016-01-07,22.208016070870872,22.534339089007176,21.70165170114115,21.706151962280273,324377600
2016-01-08,22.178754475236307,22.304782359296947,21.77591338354117,21.8209228515625,283192000
2016-01-11,22.273280189837518,22.29353393971297,21.9064462500791,22.174257278442383,198957600
2016-01-12,22.628861278962535,22.66036825729513,22.244022854897278,22.49608039855957,196616800
2016-01-13,22.577100767646975,22.77289562148932,21.89744796924307,21.917701721191406,249758400
2016-01-14,22.04597785408347,22.613106875133813,21.546364765015802,22.397056579589844,252680400
2016-01-15,21.64988505686676,21.989712226534987,21.460843219648147,21.859182357788086,319335600
2016-01-19,22.147251166520476,22.201262880477753,21.492352481407988,21.7534122467041,212350800
2016-01-20,21.402330758209725,22.097738623752576,21.024245345147918,21.78266716003418,289337600
2016-01-21,21.843435023850198,22.02797665278087,21.36632831915232,21.67239761352539,208646000
2016-01-22,22.196761635137154,22.833655864278438,22.13824965850337,22.82465362548828,263202000
2016-01-25,22.847157496142078,22.84940848500449,22.32729067401783,22.379053115844727,207178000
2016-01-26,22.489326099710837,22.703123668984357,22.07073148203734,22.50282859802246,300308000
2016-01-27,21.613876033272483,21.746655162652843,21.006237927545712,21.024242401123047,533478800
2016-01-28,21.107515542267087,21.271801671005875,20.79244406686214,21.175029754638672,222715200
2016-01-29,21.33256602661787,21.906444549560547,21.233543122909527,21.906444549560547,257666000
2016-02-01,21.71065858275749,21.76467031298408,21.46985421078659,21.701656341552734,163774000
2016-02-02,21.474352578867418,21.613884729731595,21.217794736666875,21.262805938720703,149428800
2016-02-03,21.37981947514041,21.793911996603786,21.172773214408718,21.683637619018555,183857200
2016-02-04,21.69043691265648,22.023057072641603,21.53883506702146,21.857877731323242,185886800
2016-02-05,21.839769736993652,21.930278870059077,21.199421375297714,21.274089813232422,185672400
2016-02-08,21.07271348257014,21.654232529241604,21.052349828551243,21.498106002807617,216085600
2016-02-09,21.33518445254245,21.7085335517024,21.253726404495982,21.493574142456055,177324800
2016-02-10,21.704016760279092,21.80131382041896,21.292201657753825,21.33066749572754,169374400
2016-02-11,21.22205032873997,21.432483350272403,20.950522902652605,21.201684951782227,200298800
2016-02-12,21.31255889975809,21.382702662950162,21.0455578874008,21.267303466796875,161405600
2016-02-16,21.500361176798915,21.914439283638654,21.407590569602025,21.86692237854004,196231600
2016-02-17,21.87371349855906,22.222172580506005,21.75605281989877,22.20180892944336,179452800
2016-02-18,22.364719440249203,22.376033728646146,21.742471557414063,21.78093910217285,156084000
2016-02-19,21.722113844324287,21.89408106229437,21.67686013100935,21.731164932250977,141496800
2016-02-22,21.792259139953092,21.92576053829812,21.70401318440241,21.921234130859375,137123200
2016-02-23,21.812620317469428,21.83524717134706,21.394017478619176,21.425695419311523,127770400
2016-02-24,21.265047712907315,21.808099244046268,21.115707333421003,21.74474334716797,145022800
2016-02-25,21.73342061543645,21.894073486328125,21.55240237217709,21.894073486328125,110330800
2016-02-26,21.993637838519774,22.179180810555707,21.853350302540388,21.928020477294922,115964400
2016-02-29,21.916710233035392,22.226703553560853,21.869193311142062,21.878244400024414,140865200
2016-03-01,22.095462837185025,22.801430426399506,22.04341951361982,22.74712562561035,201628400
2016-03-02,22.742596911721996,22.828579641583378,22.545739670083616,22.79690170288086,132678400
2016-03-03,22.75843822137135,23.01412496042539,22.72902175646678,22.96660804748535,147822800
2016-03-04,23.163468887608364,23.475723675015796,22.937196852186524,23.30828285217285,184220400
2016-03-07,23.167987971438176,23.267548195392372,22.84441896990525,23.05032730102539,143315600
2016-03-08,22.803692009453894,23.02543933025596,22.717709270454677,22.860260009765625,126247600
2016-03-09,22.923617187232708,22.98471159775455,22.688294085500996,22.880626678466797,108806800
2016-03-10,22.9462437774568,23.134048220780034,22.661140581184426,22.891937255859375,134054400
2016-03-11,23.134048193599433,23.143099280521703,22.966607401333224,23.138574600219727,109632800
2016-03-14,23.059380528585958,23.285652530351765,23.029964063512647,23.197404861450195,100304400
2016-03-15,23.52323347933923,23.799285555257,23.498343424866768,23.663522720336914,160270800
2016-03-16,23.670310680989743,24.054972335581546,23.66578427489726,23.97804069519043,153214000
2016-03-17,23.876219495697473,24.091178920822344,23.749507734406702,23.939577102661133,137682800
2016-03-18,24.061760114816295,24.097964458127866,23.80154873411635,23.966726303100586,176820800
2016-03-21,23.96898886725636,24.35817691589159,23.790233811135852,23.96446418762207,142010800
2016-03-22,23.815125057334843,24.27672008745704,23.806073971295017,24.14774513244629,129777600
2016-03-23,24.093446392792263,24.22694606118785,23.962208201735915,24.014249801635742,102814000
2016-03-24,23.864910166034907,24.04140206498335,23.733671980446086,23.91016387939453,104532000
2016-03-28,23.98483542731281,24.02782766587806,23.772139164497705,23.801555633544922,77645600
2016-03-29,23.733666444707314,24.38985549328066,23.73140324167166,24.364965438842773,124760400
2016-03-30,24.58444909398996,24.984949708411346,24.5731348053271,24.790355682373047,182404400
2016-03-31,24.826565820789366,24.867294852638533,24.636496430053757,24.661386489868164,103553600
2016-04-01,24.613862589529603,24.88991464636379,24.482624443441548,24.887651443481445,103496000
2016-04-04,24.984951550434623,25.385453920701245,24.951010408261794,25.143342971801758,149424800
2016-04-05,24.77904898109196,25.0551011171077,24.75868360194534,24.8469295501709,106314800
2016-04-06,24.941965792461293,25.111669809286663,24.70890415924688,25.10714340209961,105616400
2016-04-07,24.87860916442339,24.98495729540314,24.46453265892157,24.559566497802734,127207600
2016-04-08,24.643287520219747,24.83787987705086,24.4758449757207,24.586719512939453,94326800
2016-04-11,24.656856459075357,25.02794234592997,24.625178521879334,24.668169021606445,117630000
2016-04-12,24.740580383866106,25.003056740270104,24.58671707657627,24.98948097229004,108929200
2016-04-13,25.070941795129475,25.41939920467928,25.070941795129475,25.351518630981445,133029200
2016-04-14,25.256485526945426,25.430714236790166,25.190866428705064,25.365095138549805,101895600
2016-04-15,25.367355144707314,25.410347378970744,24.828828383114317,24.855979919433594,187756000
2016-04-18,24.63875619218712,24.65233195880117,24.19752651404814,24.319713592529297,243286000
2016-04-19,24.410215278751284,24.43736853192785,24.0368679739011,24.190732955932617,129539600
2016-04-20,24.12964007821244,24.457733707955903,23.99840193578788,24.24051284790039,122444000
2016-04-21,24.195261577040657,24.195261577040657,23.876217273926873,23.97804069519043,126210000
2016-04-22,23.76082416306627,24.0934442927117,23.672578217607494,23.912425994873047,134732400
2016-04-25,23.758564463518095,23.905641636413133,23.647691646057574,23.77666664123535,112126400
2016-04-26,23.51192981304323,23.826447828034933,23.51192981304323,23.611488342285156,224064800
2016-04-27,21.722122662600984,22.33531987643902,21.64971565611175,22.13393783569336,458408400
2016-04-28,22.086406541695986,22.147499212389253,21.326132604634854,21.45737075805664,328970800
2016-04-29,21.267307141980485,21.43248647977647,20.93242551178816,21.210739135742188,274126000
2016-05-02,21.262778613252216,21.287668669598332,20.907531667415565,21.188108444213867,192640400
2016-05-03,21.31482038221623,21.66327944767617,21.19715970912294,21.53656768798828,227325200
2016-05-04,21.541098376416777,21.699489846523782,21.22884357024044,21.312564849853516,164102000
2016-05-05,21.39906938404257,21.415004791770283,21.098571883441945,21.226055145263672,143562000
2016-05-06,21.255648170316455,21.273858822090435,20.90961973417624,21.107675552368164,174799600
2016-05-09,21.171419580435106,21.346709064369357,21.078082380864863,21.123613357543945,131745600
2016-05-10,21.24653545827619,21.301170870495728,20.968802696181843,21.26702308654785,134747200
2016-05-11,21.280686351593356,21.30117398285851,21.04848277628276,21.059865951538086,114876400
2016-05-12,21.10767369418935,21.121332116024682,20.36781240640932,20.565866470336914,305258800
2016-05-13,20.488466903791494,20.86864137283403,20.488466903791494,20.606843948364258,177571200
2016-05-16,21.032552364137977,21.487851693136445,20.864092098720693,21.371749877929688,245039200
2016-05-17,21.52427643879756,21.558422498954688,21.173695747608512,21.28296661376953,187667600
2016-05-18,21.435489923385195,21.674520991995124,21.3740235508649,21.526548385620117,168249600
2016-05-19,21.544767482809316,21.544767482809316,21.30118237312697,21.44460105895996,121768400
2016-05-20,21.544764457138047,21.724607903415812,21.517445871698555,21.676801681518555,128104000
2016-05-23,21.82477958920696,22.125277154368302,21.779248602467632,21.95226287841797,152074400
2016-05-24,22.132097745705188,22.330151816165124,22.045589773017973,22.28689956665039,140560800
2016-05-25,22.46219284314023,22.70577792404892,22.334709581903283,22.6784610748291,152675200
2016-05-26,22.692116161484822,22.93114897797213,22.455360327707282,22.858301162719727,225324800
2016-05-27,22.63748235528845,22.871961223146894,22.594228364850043,22.844642639160156,145364800
2016-05-31,22.673901966435686,22.856022358466806,22.49633553946117,22.733091354370117,169228800
2016-06-01,22.54186425664834,22.660243029826294,22.38478720234156,22.41438102722168,116693200
2016-06-02,22.21860160279867,22.273237022921467,21.997781203065305,22.245920181274414,160766400
2016-06-03,22.26185477016167,22.37112560641008,22.1844530023928,22.29144859313965,114019600
2016-06-06,22.307389304787257,23.19522331053951,22.207224637192535,22.45308494567871,93170000
2016-06-07,22.59422496409878,22.73536835487594,22.528206365356013,22.54414176940918,89638000
2016-06-08,22.541869405927436,22.664800435311093,22.464469352331687,22.523658752441406,83392400
2016-06-09,22.423491921761386,22.76268943507791,22.41438572677468,22.68528938293457,106405600
2016-06-10,22.430319675347505,22.61699231836452,22.418938234975986,22.498615264892578,126851600
2016-06-13,22.466744617100094,22.564634036521227,22.10478076879256,22.15941619873047,152082000
2016-06-14,22.15486053124813,22.418934919147425,22.02510031976761,22.186731338500977,127727600
2016-06-15,22.268689624812268,22.40300382708042,22.088846185371665,22.113887786865234,117780800
2016-06-16,21.956802232030938,22.25274739337501,21.870296013202434,22.207218170166016,125307200
2016-06-17,21.9955018759891,22.002331085133633,21.69500451583105,21.701833724975586,244032800
2016-06-20,21.854373548479586,21.984133821950504,21.63355303785743,21.64948844909668,137647600
2016-06-21,21.613051473062455,21.934036474623703,21.5538620965199,21.833871841430664,142185600
2016-06-22,21.911272809333813,22.056968406470375,21.706387833101612,21.75191879272461,116876400
2016-06-23,21.840709372594816,21.920386407821066,21.68363054827085,21.877132415771484,128960800
2016-06-24,21.150933826111988,21.549320789159662,21.09174441957555,21.262481689453125,301245600
2016-06-27,21.171410895859513,21.182794069567162,20.829936526571455,20.95286750793457,181958400
2016-06-28,21.1486556288244,21.321669872013963,20.97564138563484,21.30573272705078,161779600
2016-06-29,21.392238143336794,21.52427535874932,21.314836358263275,21.490127563476562,146124000
2016-06-30,21.499232979627187,21.802005686783623,21.467362168347563,21.7633056640625,143345600
2016-07-01,21.738260716462143,21.961358097890752,21.7018376821071,21.829320907592773,104106000
2016-07-05,21.715497529265225,21.71777451182094,21.503783309132288,21.62443733215332,110820800
2016-07-06,21.535655532195683,21.776965330917307,21.483297087776542,21.74736976623535,123796400
2016-07-07,21.786066807754406,21.96818718902703,21.767856159090083,21.8407039642334,100558400
2016-07-08,21.965914634819505,22.056974843812966,21.86574996807282,22.00916862487793,115648400
2016-07-11,22.025102967911465,22.229987994048525,22.020550739254617,22.077463150024414,95179600
2016-07-12,22.12071705579834,22.24137109776262,22.109335614890412,22.177629470825195,96670000
2016-07-13,22.175350667633943,22.234538319250756,22.045588714831684,22.052419662475586,103568800
2016-07-14,22.17080347940538,22.535042641120146,22.154868070356276,22.489513397216797,155676000
2016-07-15,22.519106840493237,22.605614833966396,22.423494387861187,22.48723602294922,120548000
2016-07-18,22.469017852041166,22.794556893367258,22.446253236340294,22.72626304626465,145975600
2016-07-19,22.6648018679587,22.764968284194516,22.614718659840797,22.735374450683594,95119600
2016-07-20,22.764963661535447,22.869682285959044,22.705774269703365,22.755857467651367,105104000
2016-07-21,22.726266435747576,22.992616126512747,22.566910628416856,22.63520622253418,130808000
2016-07-22,22.59650460290621,22.6056107972683,22.380236394671762,22.459915161132812,113254800
2016-07-25,22.366578214856425,22.50089067529316,22.063803762131876,22.15941619873047,161531600
2016-07-26,22.041037135170935,22.302834557369803,21.949976935689307,22.00688934326172,224959200
2016-07-27,23.737030470996775,23.75524286154649,23.391003734698042,23.436532974243164,369379200
2016-07-28,23.40921617314791,23.77800752997383,23.40693919011725,23.752965927124023,159479200
2016-07-29,23.71881546265295,23.800769468251264,23.602713665250537,23.72336769104004,110934800
2016-08-01,23.76889907881645,24.165008954984405,23.76889907881645,24.142244338989258,152671600
2016-08-02,24.1422456907347,24.146797919457065,23.675563220974293,23.784835815429688,135266400
2016-08-03,23.859959975674617,24.0944388443081,23.850853780982273,24.083057403564453,120810400
2016-08-04,24.16545245152314,24.26158283232779,24.096786895955468,24.231828689575195,109634800
2016-08-05,24.32337678608829,24.639236198825742,24.30277817025099,24.600326538085938,162213600
2016-08-08,24.609479581688284,24.804031372070312,24.527083374554618,24.804031372070312,112148800
2016-08-09,24.771998155762603,24.934504812564096,24.721643636087038,24.904748916625977,105260800
2016-08-10,24.881853608815113,24.925341907703924,24.66441560684608,24.71934700012207,96034000
2016-08-11,24.83837298164651,24.932215814288767,24.685021848840822,24.703332901000977,109938000
2016-08-12,24.668992245234094,24.820055758008316,24.668992245234094,24.76054573059082,74641600
2016-08-15,24.75139199583661,25.07182834461946,24.73765958322399,25.058095932006836,103472800
2016-08-16,25.0924322894583,25.22976342968378,24.99630188829086,25.03521156311035,135177600
2016-08-17,24.97112008237138,25.032919433468297,24.797168616999258,24.998586654663086,101424000
2016-08-18,25.000877886414337,25.085563434881703,24.95281094466424,24.96654510498047,87938800
2016-08-19,24.895588314079816,25.10616187580563,24.801747248014788,25.030630111694336,101472400
2016-08-22,24.916183465376673,24.971114852217134,24.685011332493662,24.836074829101562,103280800
2016-08-23,24.854394145028447,25.021479436236717,24.840661729342674,24.913904190063477,85030800
2016-08-24,24.849808484112213,24.891007462865762,24.64610290756338,24.726211547851562,94700400
2016-08-25,24.579732636625383,24.691884760216265,24.417225999435953,24.62093162536621,100344800
2016-08-26,24.584313218873458,24.70790844864497,24.332540630944195,24.47673797607422,111065200
2016-08-29,24.403488657559762,24.59117251365014,24.327956902413796,24.449264526367188,99881200
2016-08-30,24.215809358174603,24.37602667538625,24.147143795805157,24.261585235595703,99455600
2016-08-31,24.18376233972216,24.392044821479804,24.179183704910436,24.284469604492188,118649600
2016-09-01,24.29362338368296,24.444686889348482,24.174605080686185,24.428665161132812,106806000
2016-09-02,24.65068667289205,24.719352238716972,24.449270357370363,24.657554626464844,107210000
2016-09-06,24.696465800132074,24.788019311384804,24.60720160687611,24.65068817138672,107521600
2016-09-07,24.68044822445638,24.893309431827788,24.506496698395008,24.801755905151367,169457200
2016-09-08,24.547678493457717,24.552255380776526,24.087623610368215,24.151710510253906,212008000
2016-09-09,23.95030225080275,24.197496157875143,23.60468864440918,23.60468864440918,186228000
2016-09-12,23.494826106333228,24.197496422009813,23.46735953427949,24.13340950012207,181171200
2016-09-13,24.60719754154775,24.900167332164877,24.54539818951082,24.707904815673828,248704800
2016-09-14,24.886438576490644,25.870634002352464,24.856682681789376,25.58224105834961,443554800
2016-09-15,26.06060819161827,26.48861986063888,25.975920886534766,26.451997756958008,359934400
2016-09-16,26.348996463017336,26.58016690302219,26.101802545821595,26.303218841552734,319547600
2016-09-19,26.365020681676523,26.591614254034297,25.9209873158799,25.996519088745117,188092000
2016-09-20,25.875206237689383,26.12011081115645,25.75160929226149,25.994224548339844,138057200
2016-09-21,26.058316452331603,26.090359916955993,25.735592488260867,25.989652633666992,144012800
2016-09-22,26.172756842947617,26.307798649490568,26.092648184610844,26.234556198120117,124296000
2016-09-23,26.188773702492046,26.273460980543124,25.531881080100096,25.79738426208496,209924800
2016-09-26,25.552485602666827,25.953030658642643,25.53188698083939,25.836299896240234,119477600
2016-09-27,25.86375883664581,25.90495781437669,25.71269533622015,25.884357452392578,98429600
2016-09-28,26.021693266226208,26.23913128768944,25.96218323287002,26.081201553344727,118564400
2016-09-29,25.900388611113527,26.04687352067809,25.589107741729357,25.676082611083984,143548000
2016-09-30,25.74016610618626,25.9484503460104,25.58910432733329,25.875207901000977,145516400
2016-10-03,25.797388833340097,25.875209919491997,25.698969126471315,25.7539005279541,86807200
2016-10-04,25.87750003906482,26.16360366322302,25.779080322504882,25.863767623901367,118947200
2016-10-05,25.955316552380403,26.01482658464982,25.79280993208567,25.875207901000977,85812400
2016-10-06,26.02397653289697,26.17046140136061,25.893513392351625,26.06746482849121,115117200
2016-10-07,26.163597358993286,26.220818070037353,25.980492131394783,26.10637664794922,97433600
2016-10-10,26.326106405350398,26.722074530767596,26.257442593485038,26.561857223510742,144944000
2016-10-11,26.939512293910834,27.166107585717516,26.596187999190285,26.619077682495117,256164000
2016-10-12,26.85940220197684,27.003599515625737,26.722072840694022,26.857112884521484,150347200
2016-10-13,26.73123283788793,26.880007065108106,26.486328216305616,26.774721145629883,140769600
2016-10-14,26.98071123999576,27.047087479760652,26.809049092884454,26.923490524291992,142608800
2016-10-17,26.854823566750788,26.97155255581884,26.728937308456867,26.90517807006836,94499600
2016-10-18,27.049376049096928,27.05624225539342,26.882290795519253,26.886869430541992,98214000
2016-10-19,26.836516840135722,26.953247594229147,26.046871627343243,26.8067626953125,80138400
2016-10-20,26.747250098769054,26.866268412905413,26.625942467176934,26.793025970458984,96503200
2016-10-21,26.735818891023573,26.758708584778166,26.614511197573474,26.687753677368164,92770800
2016-10-24,26.80218568949886,26.948670597321588,26.779297750071155,26.928071975708008,94154800
2016-10-25,26.996737415972706,27.090580243373637,26.850252499349068,27.06540298461914,192516000
2016-10-26,26.16359988222903,26.48174692661736,25.93471701597914,26.45656967163086,264536800
2016-10-27,26.410799097834698,26.518374345961796,26.11553993156182,26.202516555786133,138248000
2016-10-28,26.062893418679984,26.369595630794517,25.96676128472614,26.028560638427734,151446800
2016-10-31,26.012533436387134,26.145285894116228,25.909535117292197,25.987356185913086,105677600
2016-11-01,25.96904597446424,26.03999909376666,25.29841920516862,25.518146514892578,175303200
2016-11-02,25.497553859616954,25.714991902906835,25.45864418807882,25.541040420532227,113326800
2016-11-03,25.531840025263218,25.642266892785667,25.20285698396342,25.26727294921875,107730400
2016-11-04,24.96819331187081,25.36389333452078,24.87156937755949,25.03951072692871,123348000
2016-11-07,25.32478577413851,25.423710787131366,25.182149178250135,25.400705337524414,130240000
2016-11-08,25.377697966609183,25.70208059611489,25.237362443161036,25.550241470336914,97016800
2016-11-09,25.278771128467262,25.610055193362072,24.857766343733797,25.50882911682129,236705600
2016-11-10,25.557141052136153,25.557141052136153,24.34703729863719,24.797950744628906,228538000
2016-11-11,24.643820647118066,25.046422262378318,24.512687619784305,24.9451961517334,136575600
2016-11-14,24.779547311280258,24.80255276055703,23.944437391630697,24.31943130493164,204702000
2016-11-15,24.517280389531447,24.77264490369558,24.422957524546458,24.641511917114258,129058000
2016-11-16,24.547186171059305,25.359292328299528,24.524180723718356,25.3040771484375,235362000
2016-11-17,25.262671929270162,25.386903477159905,25.037216040850755,25.294879913330078,110528000
2016-11-18,25.241960120242243,25.430607580733323,25.228157204051158,25.320178985595703,113715600
2016-11-21,25.333988410366057,25.764195760935156,25.308681889132192,25.704381942749023,117058400
2016-11-22,25.75499489378593,25.863122445096884,25.628464034646015,25.720487594604492,103862000
2016-11-23,25.619264290377405,25.653773348516676,25.38230478246663,25.589357376098633,109705600
2016-11-25,25.566346294075945,25.736590487051203,25.524935781622954,25.718185424804688,45903600
2016-11-28,25.635364040606053,25.874624580847378,25.626161509611773,25.667572021484375,108776000
2016-11-29,25.48582390871544,25.773396396862534,25.322482946072274,25.642263412475586,114115200
2016-11-30,25.674475126343566,25.812509589697417,25.368497533186847,25.42601203918457,144649200
2016-12-01,25.39149899840638,25.522631972222214,25.083220403258522,25.18904685974121,148347600
2016-12-02,25.115433567203517,25.327086523891644,25.041815071172717,25.283376693725586,106112000
2016-12-05,25.306382665702465,25.313284125596923,24.903781123293562,25.10163116455078,137298000
2016-12-06,25.191354501023707,25.38920454893661,25.12003707277725,25.294879913330078,104782000
2016-12-07,25.136146283532955,25.580158447633718,25.113140826600016,25.54334831237793,119994800
2016-12-08,25.504230050636142,25.86542104085599,25.44441447910836,25.794103622436523,108273200
2016-12-09,25.837815764958435,26.387654294479216,25.837815764958435,26.215110778808594,137610400
2016-12-12,26.06327548149486,26.4566745180519,25.879228347983513,26.065576553344727,105497600
2016-12-13,26.189801766875863,26.668322826103353,26.169097389460877,26.500381469726562,174935200
2016-12-14,26.46587241883168,26.732738784998737,26.452069500555023,26.500381469726562,136127200
2016-12-15,26.544096697845198,26.854676463900258,26.50958939513117,26.645322799682617,186098000
2016-12-16,26.794857652865684,26.80175911257715,26.606210148204177,26.679828643798828,177404400
2016-12-19,26.640709847242245,27.004200054301567,26.629206248293624,26.83395767211914,111117600
2016-12-20,26.856971003832687,27.031815579034852,26.84316808520206,26.905282974243164,85700000
2016-12-21,26.87077395485473,27.00880839792081,26.866171812137395,26.930587768554688,95132800
2016-12-22,26.767247589780606,26.804057711784225,26.6039066225968,26.75344467163086,104343600
2016-12-23,26.592402427489088,26.80635643005371,26.592402427489088,26.80635643005371,56998000
2016-12-27,26.806356469060564,27.10083217333965,26.799455010129595,26.976600646972656,73187600
2016-12-28,27.036416999651617,27.151446006509776,26.732740491754218,26.861574172973633,83623600
2016-12-29,26.790253763022857,26.942092887589716,26.778751915988057,26.854671478271484,60158000
2016-12-30,26.836271398983712,26.962802271076885,26.55560030221894,26.645322799682617,122345200
2017-01-03,26.640717233261352,26.762647693029223,26.401456701458834,26.721237182617188,115127600
2017-01-04,26.65221099223599,26.80405006940367,26.629205550144658,26.691320419311523,84472400
2017-01-05,26.668327718739967,26.88458283916623,26.643021193787806,26.827068328857422,88774400
2017-01-06,26.86617203276788,27.183653185150572,26.79485461689209,27.12613868713379,127007600
2017-01-09,27.13534082970417,27.47582744741152,27.133041513413918,27.374601364135742,134247600
2017-01-10,27.32399340180204,27.464328950538576,27.215867594352545,27.40221405029297,97848400
2017-01-11,27.31709081191246,27.590860437507263,27.284882827160544,27.549449920654297,110354400
2017-01-12,27.35389587030523,27.44591941905576,27.195155292590645,27.434415817260742,108344800
2017-01-13,27.402202848152676,27.519532895322232,27.33318476035814,27.386098861694336,104447600
2017-01-17,27.225059408102727,27.662169903440613,27.19745357495073,27.606956481933594,137759200
2017-01-18,27.60696110572876,27.721990110335962,27.540244072432184,27.604660034179688,94852000
2017-01-19,27.468927386690293,27.62766622376003,27.46202592706161,27.55634880065918,102389200
2017-01-20,27.710481866659634,27.710481866659634,27.544841602138572,27.606956481933594,130391600
2017-01-23,27.60695924284487,27.793305656069048,27.554045132006674,27.625364303588867,88200800
2017-01-24,27.503429865121916,27.629960690207362,27.4919262650219,27.600053787231445,92844000
2017-01-25,27.7035842916051,28.090081806735956,27.671376311611134,28.03946876525879,129510400
2017-01-26,27.991153703122777,28.16829932872382,27.97504971490478,28.05327033996582,105350400
2017-01-27,28.099289822565975,28.147601801987605,27.975058266108807,28.055578231811523,82251600
2017-01-30,27.820914672830703,27.98195457458496,27.75879978364072,27.98195457458496,121510000
2017-01-31,27.871526791718377,27.92674021974775,27.74959633368536,27.917537689208984,196804000
2017-02-01,29.224266479391765,30.020268677283774,29.21966609183543,29.619966506958008,447940000
2017-02-02,29.442826060933836,29.767206955205634,29.396813403985195,29.56935691833496,134841600
2017-02-03,29.51874097170494,29.721193131971837,29.484233676389646,29.695886611938477,98029200
2017-02-06,29.707388111636728,30.02256642123465,29.65447224868922,29.974252700805664,107383600
2017-02-07,30.031768532103786,30.38835911942221,30.01106415545851,30.2595272064209,152735200
2017-02-08,30.218120681177513,30.41827002431868,30.188212016880424,30.37685775756836,92016400
2017-02-09,30.418455068062762,30.60330017260065,30.295995935502173,30.59636878967285,113399600
2017-02-10,30.605594353577345,30.716499938538128,30.510860810394707,30.52703285217285,80262000
2017-02-13,30.74885315818081,30.91983542397936,30.672604452850063,30.797372817993164,92141600
2017-02-14,30.83896689762997,31.213275546287704,30.78813442366091,31.19710350036621,132904800
2017-02-15,31.312646063628996,31.485937709196733,31.104693973571177,31.310333251953125,142492400
2017-02-16,31.34728183283115,31.40042358110873,31.15550545138359,31.273345947265625,90338400
2017-02-17,31.215578221309165,31.384247634371643,31.215578221309165,31.35883140563965,88792800
2017-02-21,31.476685021429972,31.596834850449913,31.418921155158582,31.585281372070312,98028800
2017-02-22,31.522882726157093,31.682311497020557,31.448946840403494,31.680002212524414,83347600
2017-02-23,31.742403822545377,31.76550725578936,31.492863474372662,31.546005249023438,83152800
2017-02-24,31.402746774646385,31.576038360595703,31.257180714248527,31.576038360595703,87106400
2017-02-27,31.68694138899264,31.756258722811197,31.48823357904668,31.638418197631836,81029600
2017-02-28,31.673080673342007,31.756260774172254,31.58527847645834,31.652286529541016,93931600
2017-03-01,31.86023616336788,32.38242021612314,31.793231633504373,32.29924011230469,145658400
2017-03-02,32.34775608734624,32.41245131747088,32.06124612134738,32.107460021972656,104844000
2017-03-03,32.065880545692764,32.30848951475482,32.02197943859438,32.29693603515625,84432400
2017-03-06,32.20219047429682,32.29461475112016,32.02428035196002,32.19525909423828,87000000
2017-03-07,32.13057510847794,32.34314573112953,32.06818914049128,32.23686218261719,69785200
2017-03-08,32.10514955744675,32.301548072577894,32.07511475059646,32.116703033447266,74828800
2017-03-09,32.0566404915996,32.068190445792496,31.66615614282426,32.04277420043945,88623600
2017-03-10,32.17446408630022,32.19988032103794,32.03352015286843,32.1490478515625,78451200
2017-03-13,32.082050798304046,32.21605985740259,32.07511941682055,32.16291809082031,69686800
2017-03-14,32.18602176003566,32.26688904429549,32.07973471209646,32.11439514160156,61236400
2017-03-15,32.21144302950852,32.521056504609845,32.12364082513216,32.45405197143555,102767200
2017-03-16,32.51412590106739,32.58344324693821,32.407838833981906,32.50719451904297,76928000
2017-03-17,32.57882375766877,32.57882375766877,32.32235202535992,32.345458984375,175540000
2017-03-20,32.44017506789506,32.69433740496831,32.40089607500655,32.685096740722656,86168000
2017-03-21,32.83528396089231,32.994712755487875,32.28537096518604,32.310787200927734,158119600
2017-03-22,32.313102362646134,32.717449353469824,32.2923046950709,32.67585754394531,103440800
2017-03-23,32.638891257984966,32.71283069351587,32.488706627299024,32.560333251953125,81385200
2017-03-24,32.694336123870464,32.74979068404772,32.428623848308206,32.495628356933594,89582400
2017-03-27,32.206827702191504,32.629659712562045,32.02891397063479,32.55110168457031,94300400
2017-03-28,32.55802651752383,33.281227727729544,32.49101845812078,33.22577667236328,133499200
2017-03-29,33.198051967140444,33.38520988039427,33.084837030521676,33.29971694946289,116760000
2017-03-30,33.3158902799325,33.38751691474966,33.15646143437077,33.25581359863281,84829200
2017-03-31,33.20729843555194,33.33437967215824,33.04324747090975,33.19343566894531,78646800
2017-04-03,33.20498386217642,33.299713927446234,33.052486402532196,33.20267105102539,79942800
2017-04-04,33.0986925024719,33.477623291318075,33.080207643793266,33.44989776611328,79565600
2017-04-05,33.322814079164985,33.609324078860624,33.22808050761731,33.27660369873047,110871600
2017-04-06,33.33899824394224,33.39214355010408,33.14491246019479,33.19343566894531,84596000
2017-04-07,33.209599248029676,33.31357349667773,33.10331571407883,33.11948776245117,66688800
2017-04-10,33.179571152254006,33.244266410090745,33.01782948203501,33.08021545410156,75733600
2017-04-11,33.02706638137571,33.121799961435954,32.36162556132028,32.72438430786133,121517600
2017-04-12,32.71745766901742,32.84453536364532,32.581132255129475,32.763668060302734,81400000
2017-04-13,32.78908183353735,32.897678183969354,32.59037399291992,32.59037399291992,71291600
2017-04-17,32.689724731172724,32.78214902839294,32.54878076283502,32.77059555053711,66328400
2017-04-18,32.673553715856414,32.81911625943817,32.60423637215595,32.625030517578125,58790000
2017-04-19,32.7821598998791,32.80988543542651,32.45174865688612,32.50489044189453,69313600
2017-04-20,32.62965681789803,33.02245044863824,32.615794052497215,32.91154479980469,93278400
2017-04-21,32.91154769071936,32.96699875719339,32.77522578480094,32.87226867675781,69283600
2017-04-24,33.15647224847564,33.260446543432366,33.08253277833788,33.188819885253906,68537200
2017-04-25,33.251194061188805,33.47993672371542,33.24194986789126,33.394447326660156,75486000
2017-04-26,33.38056808760705,33.41060641255878,33.128718591761775,33.19803237915039,80164800
2017-04-27,33.25349566926757,33.30895023936952,33.11255172184781,33.22345733642578,56985200
2017-04-28,33.2927851286902,33.34130833347928,33.10332145782186,33.19112014770508,83441600
2017-05-01,33.52615710631896,34.011371579238464,33.49380947479099,33.86811828613281,134411600
2017-05-02,34.08992012058126,34.217001325364414,33.928182007960174,34.08298873901367,181408800
2017-05-03,33.639355989291474,34.07836337966752,33.33436468419537,33.979007720947266,182788000
2017-05-04,33.85425428224311,33.99750757011488,33.69020331901312,33.856563568115234,93487600
2017-05-05,33.90968981713678,34.42263309599607,33.90968981713678,34.41801452636719,109310800
2017-05-08,34.434179507149146,35.51320759924264,34.434179507149146,35.35377883911133,195009600
2017-05-09,35.552486414023285,35.78585457942204,35.45544358781165,35.58021545410156,156521600
2017-05-10,35.49703768428148,35.56866428500854,35.145832534083304,35.41154479980469,103222800
2017-05-11,35.36979404638002,35.74565127496851,35.33731290713693,35.71780776977539,109020400
2017-05-12,35.891814100515845,36.29087011398681,35.88485410936519,36.21662902832031,130108000
2017-05-15,36.19574734555601,36.34423306457839,35.973020537111836,36.12382507324219,104038800
2017-05-16,36.17951350464899,36.2073534744759,35.89646201081115,36.07046890258789,80194000
2017-05-17,35.63660707330941,35.86165623339559,34.7340916159149,34.859375,203070800
2017-05-18,35.09603308197353,35.57629029064586,35.063551935204295,35.390682220458984,134272800
2017-05-19,35.5855513624464,35.72475467671366,35.411544564479314,35.51130676269531,107843200
2017-05-22,35.72940393022555,35.86396964257635,35.476514842959574,35.72708511352539,91865600
2017-05-23,35.93821421541674,35.93821421541674,35.5693205340456,35.683006286621094,79675600
2017-05-24,35.69227942289396,35.768842851420054,35.420829198216694,35.57627487182617,76712000
2017-05-25,35.66677193714624,35.810620042871896,35.50436621150047,35.69925308227539,76942400
2017-05-26,35.72941853991041,35.78510202508662,35.56933161768597,35.63893508911133,87710400
2017-05-30,35.59483738289763,35.829165310531,35.573957412551486,35.65283966064453,80507600
2017-05-31,35.722455549669306,35.76885667999995,35.35356178429862,35.44172286987305,97804800
2017-06-01,35.53685049387354,35.573972817349585,35.31644245102639,35.53916931152344,65616400
2017-06-02,35.631966612345444,36.06582260131836,35.47187972823621,36.06582260131836,111082800
2017-06-05,35.80829370526987,35.83381485504756,35.60412804722725,35.71316909790039,101326800
2017-06-06,35.706203171247324,36.149341452740536,35.6783632089096,35.83380889892578,106499600
2017-06-07,35.96604778821009,36.188774517651595,35.840760905243904,36.04724884033203,84278400
2017-06-08,36.019423740514945,36.08670484231927,35.82221452940671,35.959102630615234,85003200
2017-06-09,36.00549447499846,36.00549447499846,33.87797135357596,34.56471633911133,259530800
2017-06-12,33.813010334042374,33.89421140172117,33.06361832949146,33.738765716552734,289229200
2017-06-13,34.14245882629742,34.20973990529512,33.67611828569184,34.01021194458008,136661600
2017-06-14,34.22134826314073,34.22134826314073,33.37219395829046,33.67844772338867,126124800
2017-06-15,33.25155501532048,33.52068295447054,32.994024702203426,33.476600646972656,128661600
2017-06-16,33.35828244614716,33.525329353127965,32.991707485838134,33.00794982910156,201444400
2017-06-19,33.330430553899184,34.04501905813801,33.330430553899184,33.952213287353516,130165600
2017-06-20,34.075183409476445,34.075183409476445,33.627407440302356,33.643646240234375,99600400
2017-06-21,33.76195387363033,33.88955954376924,33.55082481396204,33.84315490722656,85063200
2017-06-22,33.81998725488303,34.03575414464225,33.66917912767865,33.787506103515625,76425200
2017-06-23,33.671480603015574,34.14245877583678,33.66683942993293,33.938289642333984,141757600
2017-06-26,34.14478754190472,34.40231785027864,33.72949270452707,33.83157730102539,102769600
2017-06-27,33.643639619696934,33.91045221913847,33.32114709981254,33.3466682434082,99047600
2017-06-28,33.52299764915459,33.89885127529129,33.21442510738161,33.83388900756836,88329600
2017-06-29,33.57402886690792,33.67147223636405,33.010245073411205,33.33505630493164,125997600
2017-06-30,33.51372174056437,33.63204867536002,33.35827603149477,33.41395950317383,92096400
2017-07-03,33.61349737760043,33.7109408264867,33.20052124367206,33.2933235168457,57111200
2017-07-05,33.337392618356084,33.592600538490956,33.11234347794667,33.43019485473633,86278400
2017-07-06,33.181965912925875,33.29332936834299,33.04044012034522,33.114681243896484,96515200
2017-07-07,33.15409752635443,33.58331575868507,33.15409752635443,33.45106887817383,76806800
2017-07-10,33.434842539856305,33.86173857462647,33.26315447492133,33.655250549316406,84362400
2017-07-11,33.57869701085788,33.838549772373426,33.49749589928063,33.764305114746094,79127200
2017-07-12,33.84315849407883,33.9150807320952,33.599551827294874,33.8129997253418,99538000
2017-07-13,33.75733101049074,34.45103963699194,33.74341102804902,34.283992767333984,100797600
2017-07-14,34.3303882628221,34.64592079378021,34.1819025741464,34.578636169433594,80528400
2017-07-17,34.527595320058545,35.01017112373985,34.46959304613573,34.69927978515625,95174000
2017-07-18,34.61576186081721,34.83153219493407,34.49279730380701,34.81993103027344,71475200
2017-07-19,34.9127189661285,35.13080802777169,34.789754459487455,35.03800582885742,83692000
2017-07-20,35.14937659867638,35.20506005389073,34.845445261842336,34.880245208740234,68974800
2017-07-21,34.799055204945354,34.90345861897583,34.54152489557479,34.864017486572266,105010400
2017-07-24,34.93593382901929,35.36747093524196,34.7781657860091,35.2862663269043,85972800
2017-07-25,35.21898362396672,35.69228065092934,35.21898362396672,35.43707275390625,75415600
2017-07-26,35.57860864023195,35.71317084727418,35.51132399653175,35.604129791259766,63124000
2017-07-27,35.671407062358746,35.72709053321311,34.17494874241261,34.931297302246094,129905200
2017-07-28,34.775843360935134,34.85472560416631,34.61343770128921,34.685359954833984,68854800
2017-07-31,34.77817178991268,34.877937569955606,34.36751812420108,34.50672149658203,79383600
2017-08-01,34.59256504206811,34.85241415241093,34.43247816509669,34.81297302246094,141474400
2017-08-02,36.954419546336645,37.06346413718461,36.23055208383855,36.45792007446289,279747200
2017-08-03,36.437042487073036,36.474164805577196,35.96606413411134,36.09366989135742,108389200
2017-08-04,36.209671567836246,36.51824063755716,36.12150695352806,36.283912658691406,82239600
2017-08-07,36.4393590208106,36.870896210885,36.348875587739144,36.845375061035156,87481200
2017-08-08,36.796657312557436,37.54604597165815,36.72009385844312,37.14002990722656,144823600
2017-08-09,36.949772539516886,37.41611315363051,36.91497258630468,37.36738967895508,104526000
2017-08-10,37.2439491201272,37.267242568364914,36.01646187697015,36.17717742919922,163217200
2017-08-11,36.47531138153877,36.93416454339408,36.35186393739302,36.68027877807617,105028400
2017-08-14,37.10884856633273,37.31614740550101,36.97608234424056,37.232295989990234,88490800
2017-08-15,37.42097743810432,37.779673147687454,37.2998578831191,37.639923095703125,117862000
2017-08-16,37.71911011424637,37.85187282362059,37.302180829366435,37.48851776123047,110686400
2017-08-17,37.388359923307966,37.43261533993221,36.76413179853818,36.76879119873047,111762400
2017-08-18,36.76878412566628,37.15077312408931,36.503255231080516,36.684932708740234,109712400
2017-08-21,36.68495026650225,36.7757890488084,36.1282708458913,36.61740493774414,105474000
2017-08-22,36.85496114915579,37.26723088597431,36.806049898902806,37.21598815917969,86418400
2017-08-23,37.05061855764048,37.37670542162071,37.006363150225965,37.2625732421875,77596400
2017-08-24,37.367394724546074,37.43960298887121,36.929507062848636,37.09720993041992,79275600
2017-08-25,37.185719579056176,37.39767787713826,37.0972122934809,37.23463439941406,101920400
2017-08-28,37.29984246277203,37.733074197574055,37.250927654646475,37.60962677001953,103864000
2017-08-29,37.29052877524253,37.99394528318715,37.26723533152812,37.94503402709961,118067600
2017-08-30,38.15233307291767,38.17329503991752,37.87515744009567,38.04751968383789,109078400
2017-08-31,38.11506596467956,38.32003690260881,38.07779787522322,38.198917388916016,107140400
2017-09-01,38.385253828589875,38.417862517958746,38.11273759156137,38.21056365966797,66364400
2017-09-05,38.14069302608012,38.257153157457466,37.397676819239685,37.75171661376953,117874000
2017-09-06,37.898453140961124,37.963670522676125,37.38835725576962,37.71211624145508,86606800
2017-09-07,37.75404660624655,37.788986780023535,37.35109552473771,37.56072235107422,87714000
2017-09-08,37.4675619410747,37.53510726849886,36.924857181677595,36.948150634765625,114446000
2017-09-11,37.38370265901643,37.74472978180447,37.24162115472234,37.61662292480469,126323200
2017-09-12,37.87515106079712,38.18959472915535,36.98073841197719,37.4675407409668,286856000
2017-09-13,37.23696509847619,37.25793062538174,36.78044332681693,37.18572235107422,179629600
2017-09-14,37.03200555680863,37.127500193612306,36.822375121638295,36.86663055419922,95042800
2017-09-15,36.91086238345394,37.493162851983115,36.80138961104405,37.239280700683594,196458400
2017-09-18,37.29286040134051,37.383699154318606,36.80139854443826,36.957454681396484,113077600
2017-09-19,37.153105416508424,37.213666952238235,36.903882613105765,36.97142791748047,83242400
2017-09-20,36.77810091676466,36.86195233721681,35.830117479786594,36.35186004638672,211805600
2017-09-21,36.28897691957961,36.28897691957961,35.57856942162137,35.727638244628906,150046800
2017-09-22,35.29673804565591,35.46677241081668,35.068477163952586,35.37826156616211,186581600
2017-09-25,34.935712069931256,35.36428450753414,34.7423878221462,35.06614685058594,177549200
2017-09-26,35.352631428347586,35.851080567151044,35.33166946109935,35.669403076171875,146640000
2017-09-27,35.82314005216649,36.03742628493576,35.76257850428549,35.92329406738281,102016800
2017-09-28,35.844104074679976,35.93494284761561,35.56692835482772,35.702022552490234,88022000
2017-09-29,35.68572358636191,35.90000985304327,35.40388843698195,35.89767837524414,105199200
2017-10-02,35.93027191496218,35.974527325485546,35.571576339386255,35.82545852661133,74795200
2017-10-03,35.87205640355522,36.12361077003381,35.84876650452396,35.981529235839844,64921200
2017-10-04,35.78354017706002,35.837110840962715,35.51102390318841,35.748600006103516,80655200
2017-10-05,35.911634993358895,36.20511672212214,35.881357783911426,36.1934700012207,85135200
2017-10-06,36.09565175944262,36.216771285701384,36.000153603083184,36.172515869140625,69630400
2017-10-09,36.29130674360093,36.505592965768344,36.21677410523374,36.29829406738281,65051600
2017-10-10,36.34952776101765,36.80139354150929,36.12592634750615,36.312259674072266,62468000
2017-10-11,36.32857084016647,36.56381900777948,36.277328102020135,36.46366500854492,67622400
2017-10-12,36.417071886230794,36.6546479129913,36.27265895658116,36.335548400878906,64500400
2017-10-13,36.50558912676728,36.63369597276531,36.43105649623809,36.5661506652832,65576800
2017-10-16,36.77809617067088,37.26722998586739,36.71986612381796,37.239280700683594,96486000
2017-10-17,37.21600485452017,37.46988712584488,37.08789798006404,37.3767204284668,75989200
2017-10-18,37.3650624314904,37.43261128768263,37.17406969325437,37.211334228515625,65496800
2017-10-19,36.51025169959222,36.587115813870575,36.10730063450979,36.330902099609375,170336800
2017-10-20,36.47764263581559,36.74317159423828,36.326245886061336,36.39379119873047,95896400
2017-10-23,36.542851608738154,36.729188487574625,36.21909265896591,36.37514877319336,87937200
2017-10-24,36.40309041212193,36.66629133145303,36.38212845060341,36.591758728027344,71028800
2017-10-25,36.54752092763744,36.696589760350115,36.16553182168114,36.431060791015625,84828400
2017-10-26,36.62204346152888,36.761797008544235,36.51723007830754,36.663970947265625,68002000
2017-10-27,37.10186722302062,38.10575654450994,36.96444512048361,37.9776496887207,177816800
2017-10-30,38.17329011177043,39.146898362121874,38.13369410563347,38.832454681396484,178803200
2017-10-31,39.107304337739436,39.514914731300486,38.883702912128214,39.372833251953125,144187200
2017-11-01,39.56615630845578,39.58246242968022,38.57391745889112,38.87205505371094,134551200
2017-11-02,38.80451499973989,39.2470620522876,38.497058564350645,39.15622329711914,165573600
2017-11-03,40.52812951129416,40.588687505807215,39.8573179544908,40.178749084472656,237594400
2017-11-06,40.14846587104661,40.75871939626235,39.99706911692099,40.58635711669922,140105200
2017-11-07,40.50715864248612,40.81927090225437,40.43495393878697,40.7167854309082,97446000
2017-11-08,40.68185130490328,41.04986572265625,40.60498719669403,41.04986572265625,97638000
2017-11-09,40.786676667729814,41.01726905998735,40.327823360986685,40.966026306152344,117930400
2017-11-10,40.93328296542886,40.99639849993857,40.736927487906414,40.83042907714844,100582000
2017-11-13,40.55693131387321,40.7906888430598,40.53355413421182,40.66679763793945,67928400
2017-11-14,40.449408180641015,40.55226208172439,40.01461895951602,40.05202102661133,99130000
2017-11-15,39.73177916566144,39.81359575159804,39.36010544137141,39.52373504638672,116632400
2017-11-16,40.01461955559179,40.175912851342744,39.808915317218215,39.99592208862305,94550000
2017-11-17,39.981897418561154,40.06371400342983,39.654638212802126,39.77385330200195,87598000
2017-11-20,39.80657224212664,39.869687780332924,39.635930226680074,39.734107971191406,65049600
2017-11-21,39.92111417337202,40.60368579254124,39.92111417337202,40.472782135009766,100525200
2017-11-22,40.524210357777335,40.907572609846746,40.451746085565624,40.898223876953125,102355600
2017-11-24,40.93094427679182,41.0244458605575,40.82575053648445,40.90055465698242,56106800
2017-11-27,40.91926357421964,40.92627601601087,40.51953655783263,40.694854736328125,82867200
2017-11-28,40.7439455280813,40.877185489404816,40.173576481492574,40.456424713134766,105715200
2017-11-29,40.35356790075893,40.421356022358474,39.07491378830195,39.61722946166992,166665600
2017-11-30,39.839295289727644,40.23902224712282,39.37412007422577,40.171234130859375,166108800
2017-12-01,39.727099097349935,40.12916241108595,39.38815132748786,39.98423385620117,159037200
2017-12-04,40.31849649404904,40.35122240453448,39.652289694840306,39.6920280456543,130169600
2017-12-05,39.51904895308636,40.09409406815887,39.36476812137704,39.65462875366211,109400800
2017-12-06,39.154382186949924,39.7855267386817,38.91127595054929,39.507354736328125,114240000
2017-12-07,39.51204229074438,39.84164132481947,39.48399252337033,39.579833984375,102693200
2017-12-08,39.85332162553846,39.97253667893352,39.46294698774947,39.59151077270508,93420800
2017-12-11,39.55177980714525,40.41434580408775,39.455938348183324,40.362918853759766,141095200
2017-12-12,40.24134814052383,40.29745121893498,40.08005847794683,40.13615798950195,77636800
2017-12-13,40.3231800504292,40.566286349142075,40.206301267674334,40.26941680908203,95273600
2017-12-14,40.29980704541993,40.47045265407189,40.124488853110634,40.25773239135742,81906000
2017-12-15,40.58732093406165,40.7135484304054,40.31382505293616,40.66679763793945,160677200
2017-12-18,40.879528279802386,41.421844031172604,40.87485212930518,41.2395133972168,117684400
2017-12-19,40.91458368227419,40.99873654293022,40.69485101462472,40.80004119873047,109745600
2017-12-20,40.87718185169475,41.005749218272555,40.498495760008446,40.75563049316406,93902400
2017-12-21,40.713552805108094,41.146005707313414,40.69719163107256,40.909908294677734,83799600
2017-12-22,40.83276787373455,41.00574974798811,40.79069322605128,40.909908294677734,65397600
2017-12-26,39.92578013088755,40.08239722165717,39.66396931580225,39.87201690673828,132742000
2017-12-27,39.76216479201962,39.921118230359454,39.67099948077001,39.87904357910156,85992800
2017-12-28,39.97254423626185,40.171239596342964,39.85098930185255,39.99124526977539,65920800
2017-12-29,39.860341373505804,39.87670254845045,39.556455822653554,39.55879211425781,103999600
2018-01-02,39.776189634537445,40.27643070005527,39.565805677893536,40.2670783996582,102223600
2018-01-03,40.33019115208112,40.80238241744237,40.19695119893329,40.26006317138672,118071600
2018-01-04,40.3325285848356,40.54992497445396,40.22500210267125,40.44707107543945,89738400
2018-01-05,40.54291247080879,40.99406285723671,40.45174716352319,40.90757369995117,94640000
2018-01-08,40.75563049316406,41.05016372371372,40.657449182790344,40.75563049316406,82271200
2018-01-09,40.802380620103136,40.921595685232134,40.53589715868877,40.750953674316406,86336000
2018-01-10,40.477456442146824,40.74393989480724,40.440054379738385,40.741600036621094,95839600
2018-01-11,40.81173298285246,41.02211693438228,40.78835936614299,40.973026275634766,74670800
2018-01-12,41.18339417073276,41.45922987236905,41.05950298248666,41.396114349365234,101672400
2018-01-16,41.58546481936825,41.93376483703263,41.17405283422285,41.18574142456055,118263600
2018-01-17,41.176394373281866,41.90104426428869,40.923939337469655,41.86598205566406,137547200
2018-01-18,41.9290910063812,42.099736587663685,41.66728368925117,41.903377532958984,124773600
2018-01-19,41.75143183103793,41.97817691644085,41.47092351341417,41.71636962890625,129700400
2018-01-22,41.44522336108701,41.55742601082084,41.281593753796436,41.37509536743164,108434400
2018-01-23,41.44520916986427,41.94545012192714,41.33300655854965,41.384429931640625,130756400
2018-01-24,41.43351997804808,41.44520856729474,40.48680131877495,40.72523498535156,204420400
2018-01-25,40.79302318853761,40.89587706717088,39.86266926547092,39.99824905395508,166116000
2018-01-26,40.20630887024904,40.20630887024904,39.752818536712894,40.091766357421875,156572000
2018-01-29,39.7761868421077,39.7761868421077,39.05387684544463,39.26192092895508,202561600
2018-01-30,38.693887061115404,39.124000098125286,38.499867866116375,39.03049850463867,184192800
2018-01-31,39.007123526143936,39.374124613366014,38.92063436894064,39.13802719116211,129915600
2018-02-01,39.07724875688061,39.41619648711814,38.98140730643512,39.21984100341797,188923200
2018-02-02,38.803748014931365,38.990754742832486,37.42458008451683,37.51808166503906,346375200
2018-02-05,37.19083407744985,38.30819507475602,36.46618412011472,36.580726623535156,290954000
2018-02-06,36.192689296369814,38.27079419819336,35.998670062167655,38.109500885009766,272975200
2018-02-07,38.12351440723926,38.19597867026354,37.183811712279685,37.29367446899414,206434400
2018-02-08,37.46899249081761,37.63496190465887,36.2394291809823,36.267478942871094,217562000
2018-02-09,36.865999961496776,37.058460813619604,35.26292594672998,36.711090087890625,282690400
2018-02-12,37.20162151236903,38.46671121107945,36.96925678270433,38.189754486083984,243278000
2018-02-13,38.011387447072025,38.66857795561748,37.94097353876356,38.57234573364258,130196800
2018-02-14,38.267211068093054,39.323408669280425,38.22966009746978,39.28350830078125,162579600
2018-02-15,39.85151185604618,40.626057565112156,39.6660920548011,40.60258865356445,204588800
2018-02-16,40.454721563931344,41.03211125006785,40.31624316123592,40.47114944458008,160704400
2018-02-20,40.38195574267661,40.90066411551989,40.23408693219044,40.33501434326172,135722000
2018-02-21,40.565021002863894,40.86779600830932,40.13784612263408,40.15193176269531,149886400
2018-02-22,40.32330543385562,40.82793208710863,40.30218232700912,40.48760223388672,123967600
2018-02-23,40.76219058627438,41.226916584183606,40.73167706139258,41.19171142578125,135249600
2018-02-26,41.3912125284881,42.10473112126682,41.358353190295645,42.00615310668945,152648800
2018-02-27,42.036667914040706,42.36056609144427,41.816039387401,41.87002182006836,155712400
2018-02-28,42.074210499816104,42.393416980421165,41.790212749375506,41.806640625,151128400
2018-03-01,41.905241724703394,42.196284246743396,40.525145411276526,41.07436752319336,195208000
2018-03-02,40.55799620973738,41.37948338697755,40.47584605945342,41.358360290527344,153816000
2018-03-05,41.12365304716473,41.71747068327421,40.96170213160757,41.50153732299805,113605600
2018-03-06,41.75737398689694,41.83717475100933,41.33958930254335,41.466331481933594,95154000
2018-03-07,41.0602787275082,41.27386626316505,40.903023033099316,41.08140182495117,126814000
2018-03-08,41.18701077288144,41.571935973323356,41.09078215882034,41.52968978881836,95096400
2018-03-09,41.76908949477612,42.247897423089064,41.635302767198326,42.243202209472656,128740800
2018-03-12,42.31597330142616,42.80886700334209,42.29719960470139,42.651611328125,128828400
2018-03-13,42.855812120337546,43.069399648429766,42.069533676140765,42.24087142944336,126774000
2018-03-14,42.32301285856895,42.3699542575725,41.73388701966704,41.88175582885742,117473600
2018-03-15,41.89584799922378,42.30424579003283,41.79492414608478,41.931053161621094,90975200
2018-03-16,41.93103781677873,42.04135206045374,41.68928623972042,41.783172607421875,157618800
2018-03-19,41.618891880252036,41.65409704324905,40.75985008912387,41.144775390625,133787200
2018-03-20,41.13068771362305,41.49683568443578,41.06027381583607,41.13068771362305,78597600
2018-03-21,41.08374718435731,41.09548343216158,40.196541287634304,40.198890686035156,148219600
2018-03-22,39.90081719691221,40.52984012541462,39.57222366432153,39.63090133666992,165963200
2018-03-23,39.522912207842715,39.882019088604274,38.71316146850586,38.71316146850586,164115200
2018-03-26,39.4478137655839,40.62840784209897,39.06523432694473,40.55095291137695,150164800
2018-03-27,40.76453853670361,41.10956343270425,39.17789604359712,39.51118469238281,163690400
2018-03-28,39.2553474561917,39.905496814461294,38.77184419806612,39.07461929321289,166674000
2018-03-29,39.38677506898127,40.311535167834855,39.173187618454456,39.37973403930664,153594000
2018-04-02,39.11218373669499,39.65201896404017,38.60286204080597,39.1215705871582,150347200
2018-04-03,39.34688194941007,39.60741083952156,38.6990820303163,39.52291488647461,121112000
2018-04-04,38.69908884100521,40.372573155198666,38.673270529102645,40.278690338134766,138422000
2018-04-05,40.50635441106232,40.893625455435775,40.388999115021946,40.55799102783203,107732800
2018-04-06,40.128472267405044,40.482883990273784,39.47832289128992,39.520572662353516,140021200
2018-04-09,39.872632439602654,40.6260513573316,39.86559140907428,39.912532806396484,116070800
2018-04-10,40.60494614197922,40.83965681332014,40.259921168596016,40.66362380981445,113634400
2018-04-11,40.42420468274402,40.820866160421915,40.29980835418697,40.47349548339844,89726400
2018-04-12,40.70117124541933,41.07436028792793,40.61432587688714,40.87250900268555,91557200
2018-04-13,41.02272639139374,41.27151910294791,40.80444720984534,41.010990142822266,100497200
2018-04-16,41.08139562250636,41.35366077533175,41.03445421925359,41.26681900024414,86313600
2018-04-17,41.42407245506441,41.99911267229984,41.40529517848783,41.834815979003906,106421600
2018-04-18,41.733887619020656,41.9709475967017,41.515608498889755,41.740928649902344,83018000
2018-04-19,40.78331119064587,41.16589060178529,40.5251316881967,40.55799102783203,139235200
2018-04-20,40.041636942336396,40.187156394272286,38.82817977203165,38.89624786376953,261964400
2018-04-23,39.156765922577186,39.17788901493464,38.51365765341196,38.78357696533203,146062000
2018-04-24,38.88451443668804,39.03942433112402,37.840052720688725,38.24375534057617,134768000
2018-04-25,38.16864110139597,38.825831574734394,38.11935387520056,38.41039276123047,113528400
2018-04-26,38.52070551465223,38.89858975322706,38.34467255099439,38.5441780090332,111852000
2018-04-27,38.49252900316644,38.56998391202602,37.70155562030748,38.09821701049805,142623200
2018-04-30,38.05364233495592,39.25770564498742,37.98557423460327,38.78828430175781,169709600
2018-05-01,39.05819542045914,39.71303647925035,38.79062545495093,39.68956756591797,214277600
2018-05-02,41.12832952549235,41.71980112653362,40.79269515111264,41.44284439086914,266157600
2018-05-03,41.28090316830111,41.66113320985868,40.94291931740563,41.51795959472656,136272800
2018-05-04,41.8371649912268,43.245428609444815,41.81838771321594,43.1468505859375,224805200
2018-05-07,43.463710341007975,44.04814106669595,43.36278649476054,43.45901870727539,169805600
2018-05-08,43.419107466689546,43.70780045059003,43.10928781068014,43.66790008544922,113611200
2018-05-09,43.78526492315641,43.98476679241279,43.473099382720285,43.975379943847656,92844800
2018-05-10,44.06456535393887,44.68185174084153,44.04343867998312,44.60439682006836,111957200
2018-05-11,44.64682115330001,44.7811202353957,44.16616310265883,44.43476486206055,104848800
2018-05-14,44.53372248173257,44.656243653269094,44.26276586287573,44.331092834472656,83115200
2018-05-15,44.008296792998124,44.076627354090526,43.612464172969005,43.92818832397461,94780800
2018-05-16,43.841012012369504,44.404133352868826,43.82451718880194,44.338157653808594,76732400
2018-05-17,44.29574794788918,44.510159080061804,43.90933837555642,44.057777404785156,69176000
2018-05-18,44.10489541890773,44.25097597581326,43.85514339766552,43.897552490234375,73190800
2018-05-21,44.295752863411764,44.59498581760541,44.03893260593715,44.20857620239258,73603200
2018-05-22,44.385290823685054,44.50309868458647,44.008304230716284,44.09783935546875,60962800
2018-05-23,43.90697568932282,44.4135478742075,43.767959730195656,44.38056182861328,80233600
2018-05-24,44.47717701426208,44.49366824387088,43.874001393175,44.331092834472656,92936000
2018-05-25,44.34994806456397,44.684521971347976,44.213290509081354,44.43241500854492,69844000
2018-05-29,44.20150825776424,44.47246488387322,44.02950620237712,44.27219009399414,90056400
2018-05-30,44.229779925474894,44.295752034505206,44.00830059006872,44.17794418334961,74762000
2018-05-31,44.11196979829037,44.349940351070494,43.8575044214986,44.029502868652344,109931200
2018-06-01,44.293393009412675,44.82823801484715,44.23684395189632,44.82352828979492,93770000
2018-06-04,45.15339070780669,45.57278634857579,45.08506373956886,45.198158264160156,105064800
2018-06-05,45.49031809732934,45.69530257509716,45.323029393544196,45.5468635559082,86264000
2018-06-06,45.622279075810226,45.72830544485563,45.21937455918444,45.704742431640625,83734400
2018-06-07,45.74242747573462,45.756563841147845,45.3183185372882,45.582210540771484,85388800
2018-06-08,45.04265402342088,45.23821549056052,44.71279347355301,45.16753005981445,106627200
2018-06-11,45.0850695440865,45.23115014029129,44.816467766594464,45.056793212890625,73234000
2018-06-12,45.0944785484845,45.38192992552389,45.037929498912845,45.304176330566406,67644400
2018-06-13,45.33716689476205,45.445551685104874,44.87064887374254,44.931907653808594,86553600
2018-06-14,45.13217896352785,45.13689228323737,44.81880971422139,44.955467224121094,86440400
2018-06-15,44.774043181267466,44.80467436726028,44.35700246014303,44.49365997314453,246876800
2018-06-18,44.26748598323643,44.583210209144134,44.10726541196885,44.470115661621094,73939600
2018-06-19,43.62189455131984,43.90227783524535,43.22370340659945,43.75148391723633,134314000
2018-06-20,43.90698848873122,44.10725968278852,43.76090430547783,43.94232940673828,82514800
2018-06-21,44.11902747211338,44.378206107630064,43.57475593273762,43.6972770690918,102847600
2018-06-22,43.852798889338096,43.85986707368123,43.51822498132365,43.57006072998047,108801600
2018-06-25,43.21191397426476,43.570050812040066,42.58282054445238,42.9221076965332,126652400
2018-06-26,43.11531391910178,43.94939183167297,43.009283988552895,43.45459747314453,98276800
2018-06-27,43.64309815806819,44.12611109590688,43.36036001732693,43.3909912109375,101141200
2018-06-28,43.37684649918818,43.87399570915046,43.306161078797324,43.70670700073242,69460800
2018-06-29,43.89283951007356,44.104895760187524,43.096461027816034,43.61481475830078,90950800
2018-07-02,43.31087386848866,44.130815387435966,43.21662544405176,44.1025390625,70925200
2018-07-03,44.24626212598361,44.28396149351073,43.24489559550557,43.33443069458008,55819200
2018-07-05,43.65016518948845,43.92112541341989,43.419262800087296,43.68315124511719,66416800
2018-07-06,43.68786030860455,44.39706223311594,43.636024569780716,44.28868103027344,69940800
2018-07-09,44.649160186138324,44.927184893259316,44.602037780973134,44.90362548828125,79026400
2018-07-10,44.93426330823316,45.06856236255624,44.809383703042094,44.84944152832031,63756400
2018-07-11,44.41355187208477,44.71513962901053,44.20385407867217,44.26747131347656,75326000
2018-07-12,44.65624668107368,45.09920538074771,44.604410935570954,45.00967025756836,72164400
2018-07-13,45.02144504787517,45.20051167231687,44.97903235551187,45.08034896850586,50055600
2018-07-16,45.125125274151614,45.39136860228985,44.865946535032236,44.98139953613281,60172400
2018-07-17,44.708073766542675,45.207577840766284,44.57848442788754,45.108619689941406,62138000
2018-07-18,45.18637592497211,45.19108924534587,44.75048546825586,44.86122512817383,65573600
2018-07-19,44.693942903525354,45.36780395227822,44.693942903525354,45.20994186401367,81147200
2018-07-20,45.18637448948724,45.33952324227363,44.80703310367688,45.106266021728516,82704800
2018-07-23,44.927192096118354,45.228783446987535,44.66330370871866,45.14631652832031,63957600
2018-07-24,45.34424942729987,45.629346060775305,45.25000456734041,45.473838806152344,74791600
2018-07-25,45.48795168352464,45.90970566277552,45.33951269029891,45.90263748168945,66839600
2018-07-26,45.85317123292575,46.17125386401282,45.617555534405035,45.75892639160156,76304000
2018-07-27,45.94271183728596,45.98983426357745,44.79055107768745,44.99789047241211,96096000
2018-07-30,45.21465005836353,45.2853354853208,44.547860810814726,44.74577713012695,84118000
2018-07-31,44.83765890299014,45.271190836033,44.61146629715371,44.83530044555664,157492000
2018-08-01,46.91816576330624,47.53783274522755,46.48934336972282,47.4765739440918,271742800
2018-08-02,47.259803022542634,49.097606414885774,47.205612411911986,48.86434555053711,249616000
2018-08-03,48.7795065572694,49.182410890959616,48.414301589521656,49.005699157714844,133789600
2018-08-06,49.008059489642534,49.302579077921635,48.78893864166359,49.260169982910156,101701600
2018-08-07,49.31908266786328,49.361491770413686,48.71590342386616,48.798370361328125,102349600
2018-08-08,48.548610329531655,48.9632926213491,48.18811863605624,48.83134841918945,90102000
2018-08-09,49.36855326479255,49.42745718493813,48.819568297610594,49.21540451049805,93970400
2018-08-10,49.02860717781089,49.44001750555235,48.8654616408131,49.06880187988281,98444800
2018-08-13,49.489685715714145,49.87745053972807,49.10901386469039,49.385650634765625,103563600
2018-08-14,49.69065012134938,49.78522547543453,49.241408169898676,49.59370803833008,82992000
2018-08-15,49.46840376274341,49.82779667275431,49.257970492029095,49.70957565307617,115230400
2018-08-16,50.06658953343815,50.553659437598704,50.00038606730865,50.43780517578125,114001600
2018-08-17,50.46617583676359,51.53252784763982,50.399972372237514,51.445045471191406,141708000
2018-08-20,51.56802414675511,51.823378443308094,50.861060959430695,50.943817138671875,121150800
2018-08-21,51.26062646675485,51.35283870270329,50.60568111471057,50.844486236572266,104639200
2018-08-22,50.62224357048316,51.156601296459534,50.56076632942316,50.84686279296875,76072400
2018-08-23,50.75227175897287,51.319734700207334,50.74045254571631,50.95088577270508,75532800
2018-08-24,51.2133452207593,51.284274943614335,50.861045296696645,51.109310150146484,73905600
2018-08-27,51.343386840644364,51.719332421045124,51.149506246562076,51.53017807006836,82100400
2018-08-28,51.783162574157686,52.14491855568263,51.761883659437096,51.94630813598633,91107200
2018-08-29,52.052704797907644,52.84242381895519,51.877740027109745,52.72183609008789,109019200
2018-08-30,52.78567649739625,53.97024961852312,52.58469935427872,53.20654296875,195175200
2018-08-31,53.55647159158061,54.11447480869955,53.43588748059386,53.8212890625,173360400
2018-09-04,54.005719306205876,54.18777705269031,53.584852825321335,53.993896484375,109560400
2018-09-05,54.142868814226496,54.30364768385519,53.223109341809504,53.64160919189453,133332000
2018-09-06,53.49027852572328,53.755096048130156,52.324621069428616,52.75021743774414,137160000
2018-09-07,52.4546669488255,53.28694031504542,52.185123173027854,52.324623107910156,150479200
2018-09-10,52.24186387354506,52.45466385736109,51.18260462853595,51.62238693237305,158066000
2018-09-11,51.54673075075559,53.03395328666953,51.20389049497037,52.927555084228516,142996000
2018-09-12,53.185262513230725,53.19944845556792,51.97940690511045,52.270233154296875,197114800
2018-09-13,52.84952340827975,53.99153884293053,52.6249042019705,53.532840728759766,166825600
2018-09-14,53.37677978449687,53.63450069033738,52.61307315923123,52.925174713134766,127997200
2018-09-17,52.52559609238329,52.71475044000342,51.371761426756805,51.5159912109375,148780400
2018-09-18,51.494699140442705,52.454656645298286,51.33628344092451,51.60110092163086,126286800
2018-09-19,51.66258981841782,51.92740376962097,50.90597595225203,51.63185119628906,108495200
2018-09-20,52.07398836223533,52.55632846390417,51.81626383542605,52.02433395385742,106435200
2018-09-21,52.20166425202721,52.3388010443892,51.376480376679865,51.463966369628906,384986800
2018-09-24,51.26535388953533,52.315153292233006,51.22042933428429,52.20402526855469,110773600
2018-09-25,51.95813414435409,52.68401288099076,51.94631132173357,52.53505325317383,98217600
2018-09-26,52.25368342754412,52.903898945307674,51.96049404071963,52.116546630859375,95938800
2018-09-27,52.92046027142845,53.53993727515141,52.85425317959996,53.18763732910156,120724800
2018-09-28,53.14980496952614,53.398069834890045,52.967747195035955,53.374427795410156,91717600
2018-10-01,53.89695599056796,54.244526037328285,53.51865093552065,53.73381042480469,94403200
2018-10-02,53.73144877171672,54.381664323409666,53.584855874564354,54.21142578125,99152800
2018-10-03,54.39348748822865,55.20211876466658,54.329647132562286,54.87110137939453,114619200
2018-10-04,54.566093361412044,54.93730909364432,53.60850238383533,53.90642166137695,128168000
2018-10-05,53.899327312763546,54.00572550581806,52.15438395852076,53.03158187866211,134322000
2018-10-08,52.53978519538805,53.15216918862936,52.06453440498348,52.908634185791016,118655600
2018-10-09,52.877902345519175,53.73618818092864,52.549248025242136,53.64160919189453,107564000
2018-10-10,53.30821307731672,53.5186463057796,51.08329306782395,51.15658950805664,167962400
2018-10-11,50.721539244147124,51.89901940310349,50.20136756167063,50.704986572265625,212497600
2018-10-12,52.116541014929965,52.69818987558369,51.270078290079205,52.51612854003906,161351600
2018-10-15,52.29151237472821,52.449928078120834,51.37175316034392,51.39303207397461,123164000
2018-10-16,51.76424921811775,52.72420684082225,51.25117047250022,52.52559280395508,116736000
2018-10-17,52.56106913997548,52.64145857217466,51.86119907516877,52.29861831665039,91541600
2018-10-18,51.5112625057011,51.95577469132143,50.36215405754023,51.076210021972656,130325200
2018-10-19,51.558542953192145,52.31515664645652,51.40958333577089,51.854095458984375,132314800
2018-10-22,51.967588678689886,52.81168840057024,51.766615131446095,52.170928955078125,115168400
2018-10-23,51.03128633927155,52.78568585733632,50.7641056774064,52.66273498535156,155071200
2018-10-24,52.63198967990546,53.01738767953561,50.726264164214655,50.85630798339844,163702000
2018-10-25,51.475796278943854,52.34353810184047,51.24881034120332,51.9699592590332,119423200
2018-10-26,51.04783511210514,52.0621734864531,50.284128331310725,51.14241409301758,189033600
2018-10-29,51.82572833174674,51.94394934491909,48.728336343503514,50.182456970214844,183742000
2018-10-30,49.92473763551753,50.87759881261275,49.480229032865715,50.43309020996094,146640000
2018-10-31,51.27953421575745,52.12363014967308,51.21805699622307,51.74768829345703,153435600
2018-11-01,51.792624022013314,52.57524651312335,51.26299261047082,52.542144775390625,233292800
2018-11-02,49.54642446027015,50.51583454720711,48.57228091507329,49.05698776245117,365314800
2018-11-05,48.305108099645274,48.32638701675462,46.85571728176754,47.66434860229492,264654800
2018-11-06,47.74236376500268,48.40440202496884,47.68798312025159,48.17978286743164,127531600
2018-11-07,48.699960659016895,49.66700760551551,48.264908230328544,49.64099884033203,133697600
2018-11-08,49.82132566766374,49.85454290419516,49.0549542402841,49.46780014038086,101450400
2018-11-09,48.77022964453493,48.87937043055105,47.98724786748592,48.513980865478516,137463200
2018-11-12,47.21612935039931,47.41780773297329,45.97996678297015,46.07012939453125,204542000
2018-11-13,45.46747474101187,46.784303647550004,45.42476479992899,45.609832763671875,187531600
2018-11-14,46.00606949744506,46.14368479083384,44.11505123237931,44.321475982666016,243204000
2018-11-15,44.69872824786671,45.54814450930108,44.34519912826086,45.41527557373047,185915200
2018-11-16,45.19936284522291,46.259946609491415,44.95260676177665,45.91828155517578,147713200
2018-11-19,45.08073505230195,45.24682124683419,43.892028552427426,44.09844970703125,167701200
2018-11-20,42.32131328103685,43.056842423109295,41.642729521839435,41.991512298583984,271300800
2018-11-21,42.643990470348854,42.77211665846975,41.88948326183944,41.944053649902344,124496800
2018-11-23,41.50749825732366,41.901362428757146,40.83366070501607,40.87873840332031,94496000
2018-11-26,41.34139390950067,41.50985141346875,40.39706885921027,41.43155288696289,179994000
2018-11-27,40.693658680506765,41.467151357006,40.544182944086934,41.341400146484375,165549600
2018-11-28,41.93219192550799,43.01412876378861,41.50511064186913,42.931087493896484,184250000
2018-11-29,43.33919219005899,43.37240942608668,42.16234624717858,42.60129165649414,167080000
2018-11-30,42.776860200784085,42.78635290696132,42.003371186044795,42.37113571166992,158126000
2018-12-03,43.76627212076378,43.8801592662894,42.99515437591232,43.851688385009766,163210000
2018-12-04,42.93347443571726,43.275139586577524,41.82306631582947,41.9227180480957,165377200
2018-12-06,40.75298356449691,41.46953100520734,40.4350466147937,41.45529556274414,172393600
2018-12-07,41.16344662894883,41.40071359145735,39.93203051426459,39.97711181640625,169126400
2018-12-10,39.149052745025465,40.356740836565265,38.75281731229737,40.240482330322266,248104000
2018-12-11,40.72925271093741,40.76009495801711,39.623587659446784,40.01033401489258,189126800
2018-12-12,40.4302855596333,40.79093232599874,40.102859640812596,40.12184143066406,142510800
2018-12-13,40.4516388148951,40.94515444685699,40.228607329061695,40.5607795715332,127594400
2018-12-14,40.09812024955147,40.117102042698306,39.21548678046134,39.262939453125,162814800
2018-12-17,39.25582050641888,39.94389690996211,38.610454041222965,38.89754867553711,177151600
2018-12-18,39.239220208007154,39.74934284350836,39.00432455915935,39.40293502807617,135366000
2018-12-19,39.38631585646059,39.73035222871584,37.746800273297104,38.17388153076172,196189200
2018-12-20,38.05762791222595,38.4633561025011,36.84756830306149,37.21058654785156,259092000
2018-12-21,37.21768815070716,37.52613586195941,35.502249381923065,35.763240814208984,382978400
2018-12-24,35.15111176377815,35.95782190038735,34.7809757476291,34.837921142578125,148676800
2018-12-26,35.186695107435334,37.30548757627083,34.81181283127579,37.29125213623047,234330000
2018-12-27,36.975695536789914,37.196355771925646,35.60666728965384,37.04924774169922,212468400
2018-12-28,37.3695521467641,37.61156549819046,36.669615227461684,37.06822204589844,169165600
2018-12-31,37.61393391895783,37.81086594612177,37.12753588756801,37.42649459838867,140014000
2019-01-02,36.7502740090152,37.68985262858801,36.59367696901874,37.46919250488281,148158800
2019-01-03,34.16170203892372,34.574547927015324,33.69191438723821,33.736995697021484,365248800
2019-01-04,34.29220295413125,35.24601741169735,34.11899903898665,35.177207946777344,234428400
2019-01-07,35.28160408429917,35.31244995449789,34.61725572428317,35.098907470703125,219111200
2019-01-08,35.485649452234306,36.02187515169098,35.23889338251769,35.76799774169922,164101200
2019-01-09,35.89611269551247,36.66485886166989,35.50225233829682,36.37539291381836,180396400
2019-01-10,36.18320950118543,36.53199220371461,35.79409185202172,36.49165725708008,143122800
2019-01-11,36.27338262516767,36.467939696000656,35.948324350827995,36.133392333984375,108092800
2019-01-14,35.7917243040485,35.89137599820077,35.40497797975705,35.59004592895508,129756800
2019-01-15,35.65411028555859,36.3943821085161,35.601911260051914,36.318458557128906,114843600
2019-01-16,36.320829274052095,36.98517753374155,36.30184748144305,36.76214599609375,122278800
2019-01-17,36.58657410659207,37.40751959655014,36.36354252641356,36.980438232421875,119284800
2019-01-18,37.369553633249645,37.45971625451414,37.00890676859886,37.208213806152344,135004000
2019-01-22,37.110928234724035,37.186851783715795,36.211684376745275,36.37302780151367,121576000
2019-01-23,36.574696724321946,36.80959229423162,35.99339345539255,36.52012634277344,92522400
2019-01-24,36.56521442488471,36.65300204893597,36.00289284093378,36.23066711425781,101766000
2019-01-25,36.89026785958372,37.519027508765205,36.615040923074886,37.431236267089844,134142000
2019-01-28,36.96382275590851,37.09194895785594,36.4584465294026,37.08483123779297,104768400
2019-01-29,37.07297331497307,37.519036488429236,36.565222017267494,36.700462341308594,166348800
2019-01-30,38.73383999592237,39.42191288765638,38.017292600660475,39.2083740234375,244439200
2019-01-31,39.41242029951825,40.09812176355808,39.044655736776996,39.490718841552734,162958400
2019-02-01,39.61410648111566,40.09338329388807,39.36971809982081,39.509708404541016,130672400
2019-02-04,39.72086513717964,40.72924978051158,39.690019271912284,40.6319694519043,125982000
2019-02-05,41.013969357855885,41.54070233089087,40.89296450420444,41.3271598815918,144406400
2019-02-06,41.43867685735861,41.656965666225744,41.01159918712273,41.341400146484375,112958400
2019-02-07,40.904826038437854,41.27021921626802,40.41605663729461,40.55841827392578,126966800
2019-02-08,40.26771540968325,40.665650250891964,40.131891443963546,40.6060791015625,95280000
2019-02-11,40.75857057003458,40.79669696838124,40.32965767846831,40.3725471496582,83973600
2019-02-12,40.53221193539128,40.7466666211287,40.436895913781186,40.720455169677734,89134000
2019-02-13,40.83958779954494,41.0993170795554,40.489309229429196,40.55126190185547,89960800
2019-02-14,40.439287190333225,40.80862546752188,40.36065282411193,40.69901657104492,87342800
2019-02-15,40.80623228578758,40.91345961424227,40.44880543364929,40.608455657958984,98507200
2019-02-19,40.4392766336708,40.851507928428646,40.38685373654159,40.72998046875,75891200
2019-02-20,40.79194536512053,41.29949277774976,40.74428916750655,40.992103576660156,104457600
2019-02-21,40.93728769197398,41.07310799901791,40.579860855843705,40.760955810546875,68998800
2019-02-22,40.884871894446135,41.223235588397145,40.837215701877646,41.216087341308594,75652800
2019-02-25,41.499645058988676,41.90710967168657,41.44960369528727,41.51632308959961,87493600
2019-02-26,41.39242582162674,41.7712975211783,41.26375008174526,41.5401611328125,68280800
2019-02-27,41.27328116060738,41.6998090360794,41.15890192366394,41.66883087158203,111341600
2019-02-28,41.537772157173244,41.67835919496109,41.20417154412631,41.258975982666016,112861600
2019-03-01,41.528236712468996,41.735543135571554,41.197021288508566,41.69265365600586,103544800
2019-03-04,41.86422115680062,42.35508684168328,41.45437136174755,41.902347564697266,109744800
2019-03-05,41.9237931397582,41.938089634020294,41.59019251792692,41.82609558105469,78949600
2019-03-06,41.62116756354591,41.81656266632499,41.447220836488704,41.585426330566406,83241600
2019-03-07,41.4305480580372,41.566372044364236,40.98972366767753,41.10409927368164,99185600
2019-03-08,40.584633632595896,41.2399162634684,40.38923852105088,41.20178985595703,95997600
2019-03-11,41.81656454463562,42.68153514499979,41.783204847044914,42.629112243652344,128044000
2019-03-12,42.891219115734174,43.527438429638856,42.74109868533032,43.10805892944336,129870400
2019-03-13,43.42736286383217,43.67756238941142,43.11044394955633,43.29869079589844,124130000
2019-03-14,43.82052960680952,43.86818942807558,43.50122916555662,43.78002166748047,94318000
2019-03-15,44.04691043760487,44.63785523657547,43.78241438212483,44.34952926635742,156171600
2019-03-18,44.273273139252964,44.89042929325558,44.270887966592596,44.80226516723633,104879200
2019-03-19,44.880899504425805,45.033401481377794,44.30186611779311,44.44721984863281,126585600
2019-03-20,44.375737368520994,45.152547444755115,44.018310490038075,44.835628509521484,124140800
2019-03-21,45.278837530094265,46.782412668747526,45.228796167797555,46.4869384765625,204136800
2019-03-22,46.54651613890854,47.106486442351226,45.45993886884796,45.52427673339844,169630800
2019-03-25,45.633888431682614,45.745882499269285,44.46391365530103,44.97384262084961,175381200
2019-03-26,45.66962661852125,45.96033411700319,43.98257123970182,44.509178161621094,199202000
2019-03-27,44.97621952108113,45.21688566494624,44.45199411345279,44.90950012207031,119393600
2019-03-28,45.02387105568849,45.169224796190974,44.685507385455566,44.96906661987305,83121600
2019-03-29,45.23356445269698,45.2931356005877,44.926175293457625,45.26215744018555,94256000
2019-04-01,45.664869594343756,45.67439938040992,44.88806295425262,45.569557189941406,111448000
2019-04-02,45.533803597504026,46.33682517645646,45.52427381326158,46.23197937011719,91062800
2019-04-03,46.0485052362601,46.822930291979866,46.02467531863321,46.54890441894531,93087200
2019-04-04,46.41545121424215,46.79194128270273,46.02228311605566,46.62990951538086,76457200
2019-04-05,46.81101273950768,46.965899923630765,46.68710371939616,46.94207000732422,74106400
2019-04-08,46.80387378078836,47.71173777885313,46.784810571146664,47.680763244628906,103526800
2019-04-09,47.733164400421316,48.33602404124384,47.47343146891006,47.53776931762695,143072800
2019-04-10,47.34238803810109,47.833257424849805,47.223245724372106,47.80466079711914,86781200
2019-04-11,47.85945826640106,47.89519949822014,47.28519156894748,47.406715393066406,83603200
2019-04-12,47.46628769869107,47.69027578606465,46.75381913013985,47.38765335083008,111042800
2019-04-15,47.31855473245824,47.62117718246721,47.18273076972158,47.47343826293945,70146400
2019-04-16,47.52823272555011,47.983353402781084,47.31377447253138,47.47819137573242,102785600
2019-04-17,47.547307445984586,48.462323072559556,47.32570451341118,48.40275192260742,115627200
2019-04-18,48.40036639173176,48.64579923684503,48.25739781446443,48.576698303222656,96783200
2019-04-22,48.33126033721687,48.834040931260986,48.214499587608906,48.73634338378906,77758000
2019-04-23,48.71251655805477,49.50362313511346,48.58622601734535,49.43928527832031,93292000
2019-04-24,49.41068566398058,49.67756320312822,49.336818033390344,49.36302947998047,70162400
2019-04-25,49.28440380449955,49.50600673522847,48.8769355424073,48.915061950683594,74172800
2019-04-26,48.82450618641079,48.848336097417246,48.16207538289125,48.68153762817383,74596400
2019-04-29,48.70537168868094,49.079480262865886,48.576699602106366,48.75541305541992,88818800
2019-04-30,48.38607033097731,48.46708622241454,47.44484688744978,47.81657028198242,186139600
2019-05-01,50.011167604108095,51.30505109696013,49.85628044929439,50.16366958618164,259309200
2019-05-02,50.00164001010491,50.671219159962654,49.59417537681596,49.837223052978516,127985200
2019-05-03,50.251831720650216,50.47820133000278,50.09456303527242,50.456756591796875,83569600
2019-05-06,48.679161066436805,49.7633567622048,48.490917825549325,49.677574157714844,129772400
2019-05-07,49.05802986425357,49.42498651293276,47.85469202351123,48.338409423828125,155054800
2019-05-08,48.10965396395561,48.92935347903369,48.07391273228292,48.347938537597656,105358000
2019-05-09,47.752234575494825,48.05723858660724,46.86105245762417,47.828487396240234,139634400
2019-05-10,47.223299584031466,47.56536064029775,46.11101077401089,47.165889739990234,164834800
2019-05-13,44.900658286424814,45.324043662968705,43.73813514502486,44.424644470214844,229722400
2019-05-14,44.589690316645736,45.37666407819567,44.35048807727735,45.12789535522461,146118800
2019-05-15,44.556206125860285,45.86703349261073,44.49640556068087,45.668495178222656,106178800
2019-05-16,45.42688825122322,46.039245266520595,45.17094015892705,45.467552185058594,132125600
2019-05-17,44.7140629787205,45.66369595129546,44.67339904500029,45.20921325683594,131516400
2019-05-20,43.89839489959819,44.09693319133087,43.123378349333606,43.795536041259766,154449200
2019-05-21,44.30502784653766,44.97000961156489,44.18064169158754,44.635128021240234,113459200
2019-05-22,44.17108348949689,44.42224655428425,43.66636665166303,43.72138214111328,118994400
2019-05-23,43.00855911757338,43.185566421251686,42.53254539430105,42.97507095336914,146118800
2019-05-24,43.104241988346736,43.56829490792796,42.726302019305706,42.81002426147461,94858800
2019-05-28,42.79806098088244,43.19752825231062,42.55646805143749,42.63301086425781,111792800
2019-05-29,42.200055575560086,42.90091998412499,42.09959108029265,42.429691314697266,113924800
2019-05-30,42.56602753223366,42.87220603302129,42.25984903144603,42.649749755859375,84873600
2019-05-31,42.15461188376971,42.575610183606656,41.858003426997364,41.877140045166016,108174400
2019-06-03,42.00390878409617,42.55885600339575,40.728960589625665,41.45374298095703,161584400
2019-06-04,41.96564243887218,43.01574014822659,41.74557681150609,42.97029113769531,123872000
2019-06-05,44.0801918196271,44.250027028807736,43.329096875378795,43.663978576660156,119093600
2019-06-06,43.793138271764924,44.364831371467275,43.57067833258456,44.305030822753906,90105200
2019-06-07,44.61360655057878,45.90769148933359,44.43659923654732,45.48430252075195,122737600
2019-06-10,45.88136507524146,46.732924168780954,45.83591608149606,46.0655517578125,104883600
2019-06-11,46.61094460560243,46.8836349896468,46.309551123217446,46.59898376464844,107731600
2019-06-12,46.393277552125554,46.87646713884036,46.259324870645045,46.450687408447266,73012800
2019-06-13,46.57266682669041,47.07259854029726,46.30954660107747,46.441104888916016,86698400
2019-06-14,45.819196214236236,46.30716724615414,45.52019337239175,46.10384750366211,75046000
2019-06-17,46.14210618535647,46.63486581817367,45.96748958898146,46.3789176940918,58676400
2019-06-18,46.89560067509566,47.90981585388891,46.69467166608227,47.46968460083008,106204000
2019-06-19,47.76389951339883,47.811742879326864,47.1969913965281,47.3309440612793,84496800
2019-06-20,47.92893676074379,47.98634659447345,47.36920456913727,47.711265563964844,86056000
2019-06-21,47.553407198246234,48.04377253215675,47.39792354850374,47.548622131347656,191202400
2019-06-24,47.49121950708015,47.87872968624275,47.40271583063661,47.500789642333984,72881600
2019-06-25,47.46490339125709,47.66344170794164,46.71380842991327,46.78078842163086,84281200
2019-06-26,47.30702611814578,48.07725759186515,47.20656161939147,47.792606353759766,104270000
2019-06-27,47.90980612080103,48.215988288918595,47.737583898017675,47.77824783325195,83598800
2019-06-28,47.524699340515674,47.720846929488616,47.13480217086817,47.3429069519043,124442400
2019-07-01,48.59870323723714,48.91445184578584,47.99591276178485,48.21119689941406,109012000
2019-07-02,48.177720388644275,48.5891485023053,48.165759547562075,48.493465423583984,67740800
2019-07-03,48.625032628500364,48.902508111863035,48.483904178318824,48.89533233642578,45448000
2019-07-05,48.641772747995475,49.05559156534589,48.534128829376186,48.85226821899414,69062000
2019-07-08,48.03420208422318,48.17533053234699,47.46011815799339,47.84523391723633,101354400
2019-07-09,47.649091215132835,48.201647872072776,47.555802476298,48.13706588745117,82312000
2019-07-10,48.28297482406582,48.73267256467266,48.21360412874839,48.61307144165039,71588400
2019-07-11,48.63220718977892,48.8905460488803,48.24948579291271,48.25905227661133,80767200
2019-07-12,48.426486993480296,48.797251151333036,48.36668644059876,48.62981033325195,70380800
2019-07-15,48.81878761572397,49.244567339973045,48.797260288640274,49.08669662475586,67789600
2019-07-16,48.9383707334678,49.3019590512431,48.67764124602152,48.91684341430664,67467200
2019-07-17,48.8092217046724,49.05799044819137,48.62264423454898,48.641780853271484,56430000
2019-07-18,48.797247972159944,49.246949268510306,48.725486583390186,49.1943244934082,74162400
2019-07-19,49.22542643455206,49.39526162771868,48.40496451880691,48.45998001098633,83717200
2019-07-22,48.71353210630533,49.56987651762095,48.7039656231899,49.56748580932617,89111600
2019-07-23,49.864084602708935,49.97172484628289,49.58421485950715,49.954978942871094,73420800
2019-07-24,49.67511970294401,50.02913793173765,49.55551860470898,49.91432189941406,59966400
2019-07-25,49.96694883497979,50.05067106733842,49.45027119228103,49.5196418762207,55638400
2019-07-26,49.62968053839526,50.167885587126946,49.54835265146059,49.69187545776367,70475600
2019-07-29,49.864098572785444,50.385557683272346,49.85931350619357,50.155921936035156,86693600
2019-07-30,49.9358620581026,50.27074740921103,49.58901951404553,49.94064712524414,135742800
2019-07-31,51.76814519291497,52.95219547888276,50.54343096661381,50.95964050292969,277125600
2019-08-01,51.165354806371035,52.15326117014312,49.452669637980264,49.85691833496094,216071600
2019-08-02,49.163234154260714,49.37851470178692,48.23034691506533,48.802040100097656,163448400
2019-08-05,47.35965283602837,47.517523540558116,46.065567840975476,46.24736022949219,209572000
2019-08-06,46.957790753154114,47.3787890279519,46.4148006509655,47.122840881347656,143299200
2019-08-07,46.742503985009016,47.73519168066867,46.362173353172416,47.61080551147461,133457600
2019-08-08,47.888289320978814,48.68483324483393,47.69453608408315,48.660911560058594,108038000
2019-08-09,48.33435586806552,48.68491595492223,47.851730305039446,48.25992202758789,98478800
2019-08-12,47.93096696496544,48.514438725738295,47.818114477569125,48.1374626159668,89927600
2019-08-13,48.267120536421295,50.93715403198438,48.137458527792965,50.176002502441406,188874000
2019-08-14,48.780964420477915,49.56852841372435,48.644099355992225,48.682518005371094,146189600
2019-08-15,48.8530052642296,49.2563901473788,47.94298215754146,48.44001388549805,108909600
2019-08-16,49.04988469774485,49.74140568988817,48.944235250189195,49.58293151855469,110481600
2019-08-19,50.57219353284465,51.07882804853604,50.43052887765902,50.50736618041992,97654400
2019-08-20,50.634620585098965,51.2276951856261,50.50015898015101,50.509761810302734,107537200
2019-08-21,51.14126462439481,51.29973516626406,50.80751034118719,51.05722427368164,86141600
2019-08-22,51.18927233994728,51.48941113488219,50.603400826025755,51.01399230957031,89014800
2019-08-23,50.28645358396467,50.91554700309597,48.2623192659155,48.65610122680664,187272000
2019-08-26,49.429264742992345,49.74861290398016,49.23717515529538,49.580535888671875,104174400
2019-08-27,49.909486415436,50.075163637483826,48.869805058122104,49.02107620239258,103493200
2019-08-28,49.00667191279658,49.395650682194926,48.819385567248915,49.35002899169922,63755200
2019-08-29,50.0631602076527,50.260053051987526,49.621356699521705,50.18561553955078,83962000
2019-08-30,50.461734349049834,50.53136493485516,49.75100409655746,50.12077713012695,84573600
2019-09-03,49.56612247903739,49.69818428979416,49.03547910827453,49.39084243774414,80092000
2019-09-04,50.03673886776175,50.29845901885149,49.779821963278366,50.22882843017578,76752400
2019-09-05,50.903549829089826,51.376568957870155,50.785894078911504,51.21089172363281,95654800
2019-09-06,51.39577500112992,51.4846149241543,51.02600190350711,51.206085205078125,77449200
2019-09-09,51.585461226459756,51.96964040269282,50.680245133535024,51.42458724975586,109237600
2019-09-10,51.350144279794115,52.05126803759896,50.83390703828068,52.03205871582031,127111600
2019-09-11,52.3610251708255,53.71525152055803,52.27938461882768,53.68643569946289,177158400
2019-09-12,53.976971102844466,54.365949877044244,53.51115502500784,53.56637954711914,128906800
2019-09-13,52.82442313058036,53.014109219748526,52.108893334040154,52.52428436279297,159053200
2019-09-16,52.27938208778277,52.855650852329696,52.238563645662204,52.80042266845703,84632400
2019-09-17,52.81483190453855,53.02132756869173,52.61313582378596,52.99251174926758,73274800
2019-09-18,53.07895615977941,53.50875705605579,52.68997737232846,53.48954772949219,101360000
2019-09-19,53.307052941713785,53.72724727960935,52.91327096589523,53.05493927001953,88242400
2019-09-20,53.15578062057358,53.439109875358426,52.21694562055294,52.27937316894531,221652400
2019-09-23,52.57232199753262,52.78602071935204,52.26017685029636,52.51709747314453,76662000
2019-09-24,53.071745622463716,53.42230937106519,52.14972006049818,52.267372131347656,124763200
2019-09-25,52.4762724285388,53.18459931647141,52.13771495764018,53.071746826171875,87613600
2019-09-26,52.824439404828816,53.05014441394907,52.54350987128694,52.79802703857422,75334000
2019-09-27,52.95409870061891,53.05494858356497,52.17133785844145,52.54111099243164,101408000
2019-09-30,53.04053289901251,53.92414352515708,53.01412053525755,53.77767562866211,103909600
2019-10-01,54.04179631783716,54.798144667313224,53.832897210879736,53.92654037475586,139223200
2019-10-02,53.559175493563515,53.68403427770665,52.32740451351937,52.57472229003906,138449200
2019-10-03,52.447459000713295,53.05494337549281,51.65509540469614,53.02132797241211,114426000
2019-10-04,54.178663133484626,54.62287009035569,53.75846874977578,54.50761413574219,138478800
2019-10-07,54.329921450465996,55.20872499803021,54.22667180682277,54.51960754394531,122306000
2019-10-08,54.22187366190399,54.75972001542837,53.86410691411583,53.88091278076172,111820000
2019-10-09,54.512413024902344,54.694896109411246,54.17865880193493,54.512413024902344,74770400
2019-10-10,54.72850967565127,55.331190753868945,54.577242206069194,55.24715042114258,113013600
2019-10-11,55.93387975980706,57.06000139993357,55.78020880305277,56.716644287109375,166795600
2019-10-14,56.40209028471779,57.17765169810714,56.34686576310509,56.6349983215332,96427600
2019-10-15,56.75985808213798,57.062396724114954,56.39729167013194,56.5029411315918,87360000
2019-10-16,56.03472639321673,56.48373664287502,55.993907945757734,56.274837493896484,73903200
2019-10-17,56.447706408334824,56.70222353757521,56.07073396138555,56.49332809448242,67585200
2019-10-18,56.327652182971896,57.04558556492881,56.255618132854494,56.76465606689453,97433600
2019-10-21,57.03117389835004,57.8643594805564,56.98315242424609,57.74910354614258,87247200
2019-10-22,57.90519037069038,58.15490428802028,57.53541724657344,57.61705780029297,82293600
2019-10-23,58.130884866797174,58.40461130875165,57.91958597693626,58.390201568603516,75828800
2019-10-24,58.70954952666312,58.77918378053314,58.06125044639696,58.48624801635742,69275200
2019-10-25,58.38541307794069,59.24260775751769,58.318182266358356,59.20659255981445,73477200
2019-10-28,59.408273742307344,59.84767739008357,59.24019674518622,59.79965591430664,96572800
2019-10-29,59.78045498091568,59.96774132739238,58.24374555756727,58.416622161865234,142839600
2019-10-30,58.76957895706002,58.89924097507983,57.917187665272955,58.4094123840332,124522000
2019-10-31,59.36505627876599,59.828468838504534,56.968745403896456,59.73002243041992,139162000
2019-11-01,59.91730831812791,61.45161774300314,59.82606861277858,61.425209045410156,151125200
2019-11-04,61.78778354242281,61.9126459988458,61.319571313663445,61.82860565185547,103272000
2019-11-05,61.72053310920405,61.994263181934244,61.54525675896028,61.73974609375,79897600
2019-11-06,61.65332561896753,61.82620590718416,61.317171538437805,61.766178131103516,75864400
2019-11-07,62.31284075856176,62.70058392258384,62.161115492188166,62.4790153503418,94940400
2019-11-08,62.30081516113781,62.72227105623637,61.85768527338709,62.6500244140625,69986400
2019-11-11,62.20688303941407,63.211155396483534,62.202069046791834,63.14613342285156,81821200
2019-11-12,62.98957591733283,63.28821244931404,62.83785800505247,63.08831787109375,87388800
2019-11-13,62.88842489722353,63.767459717972656,62.87397557356448,63.69280242919922,102734400
2019-11-14,63.519417983025704,63.79155922463415,63.12204679068359,63.252098083496094,89182800
2019-11-15,63.502559746650064,64.00830825530088,63.341206473883005,64.00349426269531,100206400
2019-11-18,64.01312410296957,64.40568132510607,63.635023558282754,64.32621002197266,86703200
2019-11-19,64.51888524762629,64.5429699152776,63.9144019823477,64.13114929199219,76167200
2019-11-20,63.95051616700854,64.08056012443966,62.71263645285633,63.384559631347656,106234400
2019-11-21,63.504983523819924,63.58205151905622,62.900492919948576,63.10038757324219,121395200
2019-11-22,63.240052360746795,63.38214231017823,62.81859650494602,63.044979095458984,65325200
2019-11-25,63.26895253287637,64.16725825293672,63.22319387946589,64.15039825439453,84020400
2019-11-26,64.28768597078938,64.3406692976059,63.21839144748047,63.64948272705078,105207600
2019-11-27,63.96011982491394,64.53812214763184,63.89509787093036,64.50440216064453,65235600
2019-11-29,64.20580352668654,64.54296680875088,64.0372182108502,64.36234283447266,46617600
2019-12-02,64.36714012426806,64.6031580352692,63.44716783971832,63.61815643310547,94487200
2019-12-03,62.20930423351439,62.50311952452636,61.72282631052434,62.483856201171875,114430400
2019-12-04,62.87398990266559,63.41345104116114,62.780061927870314,63.035343170166016,67181600
2019-12-05,63.52905636870785,64.03480488761794,63.2737751129012,63.960140228271484,74424400
2019-12-06,64.41774268897909,65.26546863947017,64.37438734550834,65.19562530517578,106075600
2019-12-09,65.02461117015103,65.21727374488681,63.79877771559981,64.28285217285156,128042400
2019-12-10,64.68746799612504,65.04149128263923,64.0275834068731,64.6585693359375,90420400
2019-12-11,64.73803916107421,65.28954641231785,64.66338184077233,65.21006774902344,78756800
2019-12-12,64.48998371818132,65.64116022447391,64.3792030714425,65.3762435913086,137310400
2019-12-13,65.37625243087754,66.30104642565348,65.24861176531338,66.26492309570312,133587600
2019-12-16,66.71043995432287,67.62319496321233,66.70562596191743,67.39921569824219,128186000
2019-12-17,67.32939453528536,67.85922045100963,67.14394921761478,67.53169250488281,114158400
2019-12-18,67.38476487826064,67.89051335467951,67.22100094482415,67.37031555175781,116028400
2019-12-19,67.31252181714845,67.71711767990757,67.18006720064264,67.43775177001953,98369200
2019-12-20,67.97000364021376,68.07114894305518,67.08614715319112,67.29808044433594,275978000
2019-12-23,67.56056855635842,68.45646346454889,67.52203457271943,68.39625549316406,98572000
2019-12-24,68.562448734815,68.61061806486987,68.13617882730028,68.46129608154297,48478800
2019-12-26,68.59376902155901,69.8364629694818,68.56487035875298,69.8196029663086,93121200
2019-12-27,70.11099073385043,70.79736320865955,69.38849493923185,69.7930908203125,146266000
2019-12-30,69.71122313309827,70.4891130772608,68.69009788596185,70.20733642578125,144114400
2019-12-31,69.82441117567208,70.72753106158736,69.72566918619233,70.72030639648438,100805600
2020-01-02,71.34405442839761,72.39408555090253,71.0911838210517,72.33387756347656,135480400
2020-01-03,71.56319785492231,72.3892495107853,71.40665858931894,71.63063049316406,146322800
2020-01-06,70.75402846338375,72.23995764322866,70.5035611498287,72.20142364501953,118387200
2020-01-07,72.21104883104543,72.46633010238772,71.64268897397623,71.86184692382812,108872000
2020-01-08,71.5656436323299,73.31890043628177,71.5656436323299,73.01786041259766,132079200
2020-01-09,73.99320238999518,74.76145686133366,73.74274246581768,74.56879425048828,170108400
2020-01-10,74.80241031619431,75.3009342510977,74.23645372460896,74.73738098144531,140644800
2020-01-13,75.05285582286368,76.36057125816924,74.9348431957367,76.33407592773438,121532000
2020-01-14,76.2715017557603,76.4810244319536,75.18053302658049,75.30335235595703,161954400
2020-01-15,75.10343270524221,75.98246770801262,74.54951490172726,74.98060607910156,121923600
2020-01-16,75.52245923822032,76.03061826538988,75.16121146188733,75.91983032226562,108829200
2020-01-17,76.16791647174253,76.76277166888072,75.86206254796348,76.76036834716797,137816400
2020-01-21,76.3894803308505,76.83019952815127,76.10288974668396,76.24016571044922,110843200
2020-01-22,76.72424743670398,77.0638214037391,76.41839347401398,76.51232147216797,101832400
2020-01-23,76.56527863051073,76.96023911310208,76.01858552983758,76.88076782226562,104472000
2020-01-24,77.12642473209515,77.86818383448923,76.46895092458591,76.65921020507812,146537600
2020-01-27,74.67235687385795,75.08417746726008,73.42484908589569,74.40503692626953,161940000
2020-01-28,75.28406170066347,76.68088393464757,75.18531972883665,76.50989532470703,162234000
2020-01-29,78.1379531691587,78.9567805812822,77.39859709116999,78.11145782470703,216229200
2020-01-30,77.19627805111793,78.05122856412287,76.76518678742532,77.99824523925781,126743200
2020-01-31,77.29019066933044,77.71164655303768,74.24607885109228,74.5398941040039,199588400
2020-02-03,73.28515870612867,75.4984048922783,72.78423148900761,74.33518981933594,173788400
2020-02-04,75.9367288800473,76.97953543976107,75.53213292898627,76.78927612304688,136616400
2020-02-05,77.91394467954083,78.21258127557842,76.81334832632962,77.4154281616211,118826800
2020-02-06,77.68516086755363,78.3233640404218,77.12883967256218,78.32095336914062,105425600
2020-02-07,77.82123085871221,78.06987612347613,76.76629893571341,77.25634765625,117684000
2020-02-10,75.84415588740227,77.62329864501953,75.7644959675757,77.62329864501953,109348800
2020-02-11,78.11816550122239,78.19058359645562,76.93769897957516,77.15496063232422,94323200
2020-02-12,77.60396869052254,78.99203855171046,77.60396869052254,78.98721313476562,113730400
2020-02-13,78.26060628866534,78.7506551305069,78.05782821966719,78.42475891113281,94747600
2020-02-14,78.39335362136931,78.69269890753361,77.93710493391231,78.44405364990234,80113600
2020-02-18,76.12901616267288,77.18878123005356,75.94796350927948,77.00772857666016,152531200
2020-02-19,77.24912913343354,78.35234502696264,77.24912913343354,78.12300872802734,93984000
2020-02-20,77.88401513292217,78.37164756799683,76.81700838375629,77.32154083251953,100566000
2020-02-21,76.91598466630131,77.35775721221363,74.95578935685651,75.57136535644531,129554000
2020-02-24,71.75961758398634,73.43012593023869,69.82114748147725,71.98170471191406,222195200
2020-02-25,72.65037140517215,73.03178561562022,69.07277049917455,69.54350280761719,230673600
2020-02-26,69.16934783382864,71.90927916190874,69.16210602316792,70.64673614501953,198054800
2020-02-27,67.85852928583456,69.04140503149553,65.89350114490772,66.0286865234375,320605600
2020-02-28,62.10348270400579,67.20916656577968,61.88862999768775,65.99007415771484,426510000
2020-03-02,68.14336733709636,72.76865844299596,67.04256816593558,72.1337661743164,341397200
2020-03-03,73.3069988099028,73.38665871766685,68.99311238709194,69.84285736083984,319475600
2020-03-04,71.5616724101691,73.24183913660247,70.76262721041282,73.08251190185547,219178400
2020-03-05,71.33958803602016,72.31244423319401,70.34742279267013,70.71194458007812,187572800
2020-03-06,68.07576147444787,70.20494131418688,67.88988350128237,69.7728271484375,226176800
2020-03-09,63.67018706247143,67.13191312620091,63.48913439783881,64.25438690185547,286744800
2020-03-10,66.90257561810807,69.14762542571471,65.0268655374001,68.882080078125,285290000
2020-03-11,66.96293286366341,67.8875051992336,65.62796418784407,66.48977661132812,255598800
2020-03-12,61.784814276675704,65.17894700154001,59.86806983845157,59.92359161376953,418474000
2020-03-13,63.94537376560975,67.57366791219874,61.06301183278901,67.1029281616211,370732000
2020-03-16,58.40756965352153,62.54280864814437,57.93683361708763,58.4703369140625,322423600
2020-03-17,59.74977632698614,62.1879493594709,57.550590391518064,61.04128646850586,324056000
2020-03-18,57.88132191691277,60.350878847985236,57.24160039100893,59.54700469970703,300233600
2020-03-19,59.72081110917334,61.036459434063396,58.566902685612334,59.09074783325195,271857200
2020-03-20,59.67012006159394,60.79264863512061,55.04000233501268,55.3393440246582,401693200
2020-03-23,55.05931255400759,55.16070158535809,51.32479999006741,54.16370391845703,336752800
2020-03-24,57.05813231967632,59.79323446043245,56.56084169108887,59.59769821166992,287531200
2020-03-25,60.53192552123785,62.34245170831376,58.97487373705756,59.269386291503906,303602000
2020-03-26,59.510809848161664,62.44627449640192,59.47218439243485,62.38833999633789,252087200
2020-03-27,61.01473181958192,61.767909526223264,59.638732669554486,59.805301666259766,204216800
2020-03-30,60.529513617295876,61.683422027854625,60.206030134757754,61.51202392578125,167976400
2020-03-31,61.702735358357586,63.366001623216455,60.83368129501873,61.38649368286133,197002000
2020-04-01,59.50596949204973,60.04188561745125,57.726826674200176,58.156524658203125,176218400
2020-04-02,58.01891951220774,59.18006982201146,57.188490836952404,59.12696075439453,165934000
2020-04-03,58.61278008138311,59.31284887197434,57.68820408379941,58.27722930908203,129880000
2020-04-06,60.56812804276326,63.515662294825994,60.20119742720632,63.361167907714844,201820400
2020-04-07,65.37205652922795,65.5893255452028,62.52349853876049,62.62730026245117,202887200
2020-04-08,63.42635444288139,64.54405384793799,63.06184016051964,64.23023223876953,168895200
2020-04-09,64.86511208653789,65.19583364514321,63.899498254908295,64.69371032714844,161834800
2020-04-13,64.77098217772529,66.07215077341053,64.17229875609489,65.96351623535156,131022800
2020-04-14,67.59297682109842,69.58455560243435,67.12223707141726,69.29486846923828,194994800
2020-04-15,68.17234288135833,69.1210568119712,67.74506136385055,68.66239166259766,131154400
2020-04-16,69.37454631683273,69.57249897577765,68.16028687860133,69.20797729492188,157125200
2020-04-17,68.72516946310567,69.27074378183441,66.83497575491855,68.26891326904297,215250000
2020-04-20,67.09811161151838,67.99854202997274,66.83256626499734,66.85187530517578,130015200
2020-04-21,66.69498771411664,66.92914950571688,64.07575712569414,64.78548431396484,180991600
2020-04-22,66.05041238241853,67.0860355273564,65.71003990834832,66.6515121459961,116862400
2020-04-23,66.59602005303059,68.01547461502946,66.35461641642,66.39324188232422,124814400
2020-04-24,66.91704870248016,68.31960235496462,66.86876505886688,68.30994415283203,126161200
2020-04-27,68.02750920842628,68.68895986495261,67.58091858862758,68.35823822021484,117087600
2020-04-28,68.81929803212363,69.0003506347447,67.15844834573424,67.25017547607422,112004800
2020-04-29,68.73483476728254,69.92736888191205,68.53205667132409,69.45904541015625,137280800
2020-04-30,69.9973432879905,71.10055883816591,69.6086872641838,70.92433166503906,183064000
2020-05-01,69.10174923798432,72.17964374552773,69.0051893150792,69.78250885009766,240616800
2020-05-04,69.8066465413913,70.8977876030395,69.11864515995262,70.76984405517578,133568000
2020-05-05,71.22849975051801,72.66243680032687,71.0836562103967,71.8320083618164,147751200
2020-05-06,72.5321011645588,73.20320267035598,72.14827044329485,72.5731430053711,142333600
2020-05-07,73.1983559121912,73.6690955962119,72.8966015934725,73.32388305664062,115215200
2020-05-08,73.98230402182824,75.12239040799929,73.65552559886389,75.06913757324219,133838400
2020-05-11,74.57775917368724,76.74416477518758,74.36958632362644,76.25037384033203,145946400
2020-05-12,76.93298457993056,77.38321450858611,75.25795402582209,75.37898254394531,162301200
2020-05-13,75.55807493186354,76.47789576756719,73.39408522317618,74.46881866455078,200622400
2020-05-14,73.70875405354802,74.98681427799113,72.98742178260825,74.92630004882812,158929200
2020-05-15,72.70178701263482,74.52931354274327,72.66789550292117,74.48332214355469,166348400
2020-05-18,75.80498172029709,76.611028150083,75.11511790410643,76.2382583618164,135178400
2020-05-19,76.25521336264156,77.0999898949941,75.76626090152799,75.7977294921875,101729600
2020-05-20,76.65459330065981,77.3420341535439,76.61586330214624,77.27184295654297,111504800
2020-05-21,77.1338698714014,77.67365953830173,76.45852890117943,76.69574737548828,102688800
2020-05-22,76.43432078527125,77.27184315466477,76.33266100253039,77.18954467773438,81803200
2020-05-26,78.30544078691085,78.4845606060167,76.61104175906425,76.66671752929688,125522000
2020-05-27,76.52389490649263,77.1459757123096,75.7856167074525,77.00074005126953,112945200
2020-05-28,76.67639044487011,78.29091382648822,76.4004493161322,77.03463745117188,133560800
2020-05-29,77.27667344915052,77.73658013010277,76.6037554918858,76.95957946777344,153532400
2020-06-01,76.91359380175058,78.02705721931588,76.78288098389504,77.9060287475586,80791200
2020-06-02,77.6397816394303,78.29091555107586,77.1992361328535,78.26670837402344,87642800
2020-06-03,78.58622664893751,78.9589964979716,78.0149682866651,78.69757080078125,104491200
2020-06-04,78.52088097581583,78.81860638544032,77.64705128445249,78.01982116699219,87560400
2020-06-05,78.26913445919533,80.3024118345787,78.24008880036028,80.24189758300781,137250400
2020-06-08,79.93933051935436,80.75022301034842,79.23010522661079,80.7163314819336,95654400
2020-06-09,80.39681304328083,83.6573136410901,80.36534445233356,83.26518249511719,147712400
2020-06-10,84.2116096226659,85.87453965160508,83.77348714351568,85.4073715209961,166651600
2020-06-11,84.55290729433239,84.9765069301838,81.20526313670851,81.30692291259766,201662400
2020-06-12,83.44189962926336,84.18743203095863,80.90030081571983,82.00891876220703,200146000
2020-06-15,80.66546973617807,83.67423552165188,80.50328834719761,83.02310180664062,138808800
2020-06-16,85.07334504214955,85.49452921505798,83.44188334314991,85.22341918945312,165428800
2020-06-17,85.96653487900272,86.02704912393895,84.98378413219785,85.10481262207031,114406400
2020-06-18,85.06124238777585,85.55504068464955,84.53113702208627,85.13870239257812,96820400
2020-06-19,85.84308414219812,86.30782937031772,83.54595856056092,84.65216064453125,264476000
2020-06-22,85.04430780115948,87.0098095125726,84.99831637895207,86.86699676513672,135445200
2020-06-23,88.1087417587427,90.13718045697547,87.68998051908838,88.72114562988281,212155600
2020-06-24,88.35080675031271,89.26820486684538,86.78227469992099,87.15504455566406,192623200
2020-06-25,87.3099530977363,88.35079512662277,86.55231359048508,88.31206512451172,137522400
2020-06-26,88.20796811592135,88.42824081207692,85.45093609470156,85.59859466552734,205256800
2020-06-29,85.50661981464565,87.66577111516035,85.02976731524565,87.57136535644531,130646000
2020-06-30,87.15988924218063,88.58803158175118,87.14052793069565,88.30239868164062,140223200
2020-07-01,88.37984827441205,88.9220535759505,88.08696138066959,88.13536834716797,110737200
2020-07-02,89.04066652590694,89.67485466688348,88.02160865174983,88.13536834716797,114041600
2020-07-06,89.56107543992535,90.96016437699369,89.5296068531223,90.49299621582031,118655600
2020-07-07,90.87059916943323,91.64759989931855,90.10085985246303,90.21220397949219,112424400
2020-07-08,91.18768446442877,92.3447162626197,91.10054013078307,92.31324768066406,117092000
2020-07-09,93.20402645939578,93.25727928434208,91.66454778966232,92.71023559570312,125642800
2020-07-10,92.30600122922262,92.93051232943125,91.69602034280251,92.8724136352539,90257200
2020-07-13,94.1747142853188,96.77925047959143,92.23099648987042,92.44400787353516,191649200
2020-07-14,91.82673375082925,94.16500509879575,90.89482027358295,93.97378540039062,170989200
2020-07-15,95.84488685944433,96.09420527190387,93.42431687945134,94.62007904052734,153198000
2020-07-16,93.49451766571708,94.31024858615012,92.85790656415841,93.4557876586914,110577600
2020-07-17,93.90601706451432,94.06092970486094,92.79496892260524,93.26698303222656,92186800
2020-07-20,93.35411815070974,95.37044953138843,93.01039399095433,95.23247528076172,90318000
2020-07-21,96.02157397759412,96.09661104261261,93.6687800817764,93.91809844970703,103433200
2020-07-22,93.62039460784149,94.86214835066377,93.53325762300905,94.18196868896484,89001600
2020-07-23,93.91568143989768,93.99314144318696,89.08664931990235,89.8951187133789,197004400
2020-07-24,88.09664593771886,90.01615612762265,86.31267968652797,89.67243194580078,185438800
2020-07-27,90.73264205708286,91.88967418415685,90.50995376100627,91.79769134521484,121214000
2020-07-28,91.36925259131361,91.54595685387366,90.28483461346657,90.28968048095703,103625600
2020-07-29,90.77134821611126,92.20432848355908,90.73504115422307,92.0203628540039,90329200
2020-07-30,91.19494135621903,93.23790227908668,90.78828751800603,93.13381958007812,158130000
2020-07-31,99.61614157613516,103.03398529349649,97.6215868383854,102.8839111328125,374336800
2020-08-03,104.7622549635953,108.09053834247213,104.4645296144692,105.47632598876953,308151200
2020-08-04,105.6651349105181,107.26997389606046,104.94380243901392,106.18071746826172,173071600
2020-08-05,105.90234853375506,106.8850992523654,105.43759589570149,106.56558227539062,121776800
2020-08-06,106.89719478834881,110.77736760867772,106.30899814130089,110.2835693359375,202428800
2020-08-07,109.80586023116359,110.26174899503663,106.98081367668276,107.77619171142578,198045600
2020-08-10,109.21901552378732,110.35873735584337,106.69708588297902,109.34268951416016,212403600
2020-08-11,108.60792541884311,109.10503383828805,105.83137353380982,106.0908432006836,187902400
2020-08-12,107.17965145918507,109.87375687982836,106.98565970661953,109.61671447753906,165598000
2020-08-13,110.99408465160128,112.55817011651827,110.50667052619417,111.55667114257812,210082000
2020-08-14,111.3820725095563,111.54696624880587,109.65066604650143,111.45724487304688,165565200
2020-08-17,112.57755783182,112.60180865121056,110.54061480830164,111.16624450683594,119561600
2020-08-18,110.91890034610189,112.5169308684593,110.58425829007268,112.09256744384766,105633600
2020-08-19,112.49996719549999,113.64453639963617,112.13865437861999,112.23322296142578,145538000
2020-08-20,112.27444791147464,114.83760501028006,112.25747159683876,114.7236328125,126907200
2020-08-21,115.68148161330981,121.1181872782855,115.66935990258521,120.63562774658203,338054800
2020-08-24,124.83319799639226,124.91807958440302,120.21612802925294,122.07847595214844,345937600
2020-08-25,120.95328347307442,121.42129395286675,119.35767277780953,121.07695007324219,211495600
2020-08-26,122.391288286882,123.17939196014703,121.32673854222942,122.72350311279297,163022400
2020-08-27,123.32487721481381,123.65709200762272,120.11425938434616,121.25640869140625,155552400
2020-08-28,122.22881796842402,122.64590698975564,120.83690796249397,121.06000518798828,187630000
2020-08-31,123.74921418176383,127.06652159543276,122.21665435896587,125.16536712646484,225702700
2020-09-01,128.77368605712132,130.75244043183687,126.61064913629612,130.1510467529297,151948100
2020-09-02,133.45864396806553,133.83693302305636,123.18662864355862,127.45450592041016,200119000
2020-09-03,123.09935930505591,124.97140134269283,116.8818246649217,117.25041198730469,257599600
2020-09-04,116.46472703859587,119.98572845730746,107.56036930998823,117.3280029296875,332607200
2020-09-08,110.52849400857393,115.41716207276087,109.29663073421304,109.43242645263672,231366600
2020-09-09,113.7391214492864,115.56266939432574,111.799173992742,113.79731750488281,176940500
2020-09-10,116.74602745349068,116.88182317054356,109.12203408038299,110.08230590820312,182274400
2020-09-11,111.12988655734183,111.77007275174712,106.6971070425851,108.63705444335938,180860300
2020-09-14,111.27538137934282,112.44904864015743,109.41303369608222,111.89616394042969,140150100
2020-09-15,114.77699796976391,115.26198485471991,110.19872059172918,112.07077026367188,184642000
2020-09-16,111.7700619173575,112.51693833812011,108.67584374495958,108.76313781738281,154679000
2020-09-17,106.42551466292394,108.83104527474275,105.4458391619844,107.02689361572266,178011000
2020-09-18,107.08508422800398,107.55066740012516,102.90449308489,103.63197326660156,287104900
2020-09-21,101.40106341982381,106.88141694986336,100.00429875934016,106.77471923828125,195713800
2020-09-22,109.29662320835186,109.47121874863322,105.88231946545223,108.45274353027344,183055400
2020-09-23,108.26846907252015,108.74375412227577,103.56409061974239,103.9035873413086,150718700
2020-09-24,102.01210567459113,106.93957256285897,101.84721196462759,104.97052764892578,167743300
2020-09-25,105.17424100477153,109.0638373334494,104.43705897382922,108.90863800048828,149981400
2020-09-28,111.55665745924858,111.85734688464554,109.39361323699265,111.5081558227539,137672400
2020-09-29,111.11047045765872,111.84764500982021,110.15989314523581,110.66427612304688,99382200
2020-09-30,110.37329816208843,113.73910777869786,110.2084044241761,112.3326416015625,142675200
2020-10-01,114.1077098390407,114.18530951408272,112.35205974301084,113.28323364257812,116120400
2020-10-02,109.50032515653433,111.90586307346008,108.85044458473479,109.62641906738281,144712000
2020-10-05,110.4897020352033,113.14742776439395,110.14051092914185,113.0019302368164,106243800
2020-10-06,112.22594105943094,112.63333559022071,108.87953514429641,109.76221466064453,161498200
2020-10-07,111.1783781507114,112.08045390652613,110.70308575226879,111.62456512451172,96849000
2020-10-08,112.7594330889432,112.90493061170089,111.1492733309645,111.51786804199219,83477200
2020-10-09,111.81855175000258,113.48690747123634,111.46936067345082,113.45780944824219,100506900
2020-10-12,116.45503667336371,121.42130453731181,115.6984583933761,120.66472625732422,240226800
2020-10-13,121.50861023337559,121.62500974923826,116.05736241261016,117.46382141113281,262330500
2020-10-14,117.36680433445795,119.33584953717633,116.02824344500344,117.55110168457031,150712000
2020-10-15,115.15526489684527,117.56079523723751,114.60238025084043,117.08551025390625,112559200
2020-10-16,117.63840102761567,117.90029805270329,115.24256497002679,115.44625854492188,115393800
2020-10-19,116.35803418573154,116.80422116143153,112.18715207359088,112.49754333496094,120639300
2020-10-20,112.71092747344602,115.40746025257594,112.15804282671203,113.98159790039062,124423700
2020-10-21,113.16681779596242,115.14556482205545,112.95342242055368,113.3608169555664,89946000
2020-10-22,113.92341222842757,114.49570058030427,111.14928675399084,112.27445983886719,101988000
2020-10-23,112.89523260157101,113.05043193781697,110.84858760677534,111.58576965332031,82572600
2020-10-26,110.58667805207448,113.0504115687335,109.49060328818192,111.59545135498047,111850700
2020-10-27,112.02226653167769,113.7585204355671,111.10079442752371,113.09893798828125,92276800
2020-10-28,111.59547326085323,111.96406058991157,107.76407283902445,107.86106872558594,143937800
2020-10-29,108.99594153712782,113.41901900582575,108.83104039265947,111.85736083984375,146129200
2020-10-30,107.72527053869118,108.6273463236584,104.48556211975591,105.5913314819336,190272600
2020-11-02,105.83383850866505,107.35669702970988,104.09758457442842,105.50404357910156,122866900
2020-11-03,106.36731546450528,108.14236164402186,105.46523966166725,107.12389373779297,107624400
2020-11-04,110.71279021468385,112.11924902667879,108.97653651830575,111.49846649169922,138235500
2020-11-05,114.40837468946069,116.02823610576812,113.36080890325555,115.45594787597656,126387100
2020-11-06,114.96529408792372,115.82034093796346,112.83738439067113,115.3248062133789,114457900
2020-11-09,117.08345719402648,118.53120907039039,112.75963124213385,113.02197265625,154515300
2020-11-10,112.27382528066764,114.25597883957684,110.8940807658282,112.68191528320312,138023400
2020-11-11,113.86733537997074,116.2381494579348,113.1385999950758,116.10211944580078,112295000
2020-11-12,116.22843412444456,117.11262917137141,115.2082016572188,115.8300552368164,103162300
2020-11-13,116.05352836084144,116.27700303551688,114.52804275815001,115.87863159179688,81581900
2020-11-16,115.54827474511946,117.55958400464418,114.80010971790968,116.88915252685547,91183000
2020-11-17,116.16042621738232,117.2486663416219,115.58715051215194,116.00495910644531,74271000
2020-11-18,115.24707460935673,116.42276682795455,114.65436922624248,114.68351745605469,76322100
2020-11-19,114.25596702688232,115.68428930116418,113.4980835539356,115.27619934082031,74113000
2020-11-20,115.27619022842907,115.40250165957605,113.96446836639701,114.01304626464844,73604300
2020-11-23,113.85758770837712,114.28511473034199,110.52483843743296,110.62200164794922,127959300
2020-11-24,110.68032441615657,112.56531474410036,109.39774313111327,111.90459442138672,113874200
2020-11-25,112.27380223804838,113.439775552587,111.90457167175171,112.74018859863281,76499200
2020-11-27,113.26491022315516,114.15882383972767,112.92483519653295,113.28433990478516,46691300
2020-11-30,113.65356330256418,117.54015173092947,113.49809620715159,115.67459106445312,169410200
2020-12-01,117.57900876605405,119.96925956195165,116.60736173944143,119.24052429199219,127728200
2020-12-02,118.56035832864589,119.87208764992158,117.46239993689542,119.5903091430664,89004200
2020-12-03,120.0178419599632,120.27047227200518,118.74498667961886,119.45429229736328,78967600
2020-12-04,119.12394191020984,119.37657225081612,118.07456118438024,118.78386688232422,78260400
2020-12-07,118.84214367939516,121.03806800243322,118.78384723085345,120.24131774902344,86712000
2020-12-08,120.84375871454999,121.43646406909802,119.60004413555974,120.85346984863281,82225500
2020-12-09,120.99921619827668,122.37895334699282,117.56930300737729,118.32718658447266,115089200
2020-12-10,117.08347755039478,120.35793100204793,116.74340254220034,119.74578857421875,81312200
2020-12-11,118.95874547462877,119.2793907717679,117.13205173775964,118.93931579589844,86939800
2020-12-14,119.12393693642923,119.85267228564851,118.09399334838469,118.32718658447266,79184500
2020-12-15,120.81460252887871,124.27367140820184,120.61055751786674,124.25423431396484,157243700
2020-12-16,123.79756533721344,124.73033828648967,122.97165933994127,124.18621826171875,98208600
2020-12-17,125.24530607028412,125.90603381216341,124.40968896582861,125.05097961425781,94359800
2020-12-18,125.3036238225863,125.43965383144652,122.54414204339464,123.06883239746094,192541500
2020-12-21,121.47530568083864,124.67202522679207,119.94982017477122,124.59429168701172,121251600
2020-12-22,127.87847449783371,130.59908932336018,125.97403967211778,128.1408233642578,168904800
2020-12-23,128.4128759447762,128.6752099698852,127.07199828959047,127.24690246582031,88223700
2020-12-24,127.59672197110412,129.67604646021374,127.38295839338778,128.22828674316406,54930100
2020-12-28,130.19102370668213,133.446033182036,129.72462233987497,132.81446838378906,124486200
2020-12-29,134.13589678161503,134.8549062093824,130.53107920371312,131.04605102539062,121047300
2020-12-30,131.73594502265215,132.13432398091498,129.6177461619134,129.92868041992188,96452100
2020-12-31,130.27842990655225,130.9197204767935,127.98534242224186,128.92784118652344,99116600
2021-01-04,129.73430670995643,129.82175137838865,123.1659711614339,125.74083709716797,143301900
2021-01-05,125.2355842462787,128.0047841932833,124.78862009202955,127.29547119140625,97664900
2021-01-06,124.0987683518539,127.33435496235823,122.7967573877346,123.0105209350586,155088000
2021-01-07,124.72062409151188,127.89791430422592,124.23480053472447,127.20803833007812,109578200
2021-01-08,128.67523086681507,128.8695721666665,126.53761000388556,128.30601501464844,105158200
2021-01-11,125.52707332046941,126.47928319135579,124.85663454489163,125.3230209350586,100384500
2021-01-12,124.85666571536174,126.01292826031991,123.26316489383075,125.14816284179688,91951100
2021-01-13,125.1093109035219,127.72304471938705,124.84697678661405,127.17892456054688,88636800
2021-01-14,127.09147885265334,127.28580536125487,125.10930991689591,125.25506591796875,90221800
2021-01-15,125.1287025525268,126.52787663913662,123.39917203606663,123.53520202636719,111598500
2021-01-19,124.15704213022262,125.0606814745407,123.34086227649722,124.20562744140625,90757300
2021-01-20,125.01209934367105,128.7335089174472,124.90521758681017,128.2865447998047,104319500
2021-01-21,130.00638521290585,135.7099489572785,129.80233279797613,132.9893341064453,120150900
2021-01-22,132.4160646907934,135.88485193048166,131.19179469063414,135.12696838378906,114459400
2021-01-25,139.01355380816258,140.97627022018892,132.6686847833474,138.8677978515625,157611700
2021-01-26,139.52854031294,140.20869037046396,137.3617564370404,139.10101318359375,98390600
2021-01-27,139.36334793740457,140.20869106595407,136.42898412808006,138.03219604492188,140843800
2021-01-28,135.564189064389,137.96415826033868,132.8241374993332,133.2030792236328,142621100
2021-01-29,131.97883669271752,132.86303917443942,126.51818434944722,128.21856689453125,177523800
2021-02-01,129.957834854719,131.54162480143253,127.21778217337383,130.33677673339844,106239800
2021-02-02,131.8816374338767,132.44519444855226,130.7933975854858,131.16262817382812,83305400
2021-02-03,131.9108002272906,131.92052618668296,129.82176496768204,130.1424102783203,89880900
2021-02-04,132.43549143917588,133.5042942626405,130.7739685158837,133.4945831298828,84183100
2021-02-05,133.65516390896917,133.7232731231055,132.20524094162676,133.08102416992188,75693800
2021-02-08,132.37065786118401,133.27564766652046,131.29051736028654,133.22698974609375,71297200
2021-02-09,132.94478730279516,134.17090160726997,132.19551172596402,132.3511962890625,76774200
2021-02-10,132.80856880476307,133.30485887781032,130.78452077617774,131.74789428710938,73046600
2021-02-11,132.24411789704274,132.72094164331565,130.17142759822354,131.49484252929688,64280000
2021-02-12,130.7358433658653,131.88409294253404,130.09359452723146,131.7283935546875,60145100
2021-02-16,131.84520181246612,132.35120265140839,129.21782237561078,129.60707092285156,80576300
2021-02-17,127.71921025501678,128.66311722533757,125.98709567713723,127.32023620605469,97918500
2021-02-18,125.72438263501022,126.50286477250336,123.982542030246,126.22067260742188,96856700
2021-02-19,126.73641474669597,127.1937724488316,125.33514985915805,126.37635803222656,87668800
2021-02-22,124.56640502266376,126.23041094448011,122.22124015432108,122.61048126220703,103916400
2021-02-23,120.43073670834654,123.30137584564321,115.20519230196524,122.4742431640625,158273000
2021-02-24,121.57897673919867,122.18229329480948,118.94187965887112,121.97794342041016,111039900
2021-02-25,121.32599812486836,123.05811336412599,117.29736837706596,117.73526000976562,148199500
2021-02-26,119.29221728289741,121.49142336780443,117.93961010314024,117.99800109863281,164560400
2021-03-01,120.42100448300808,124.48855870917815,119.48683030882653,124.35232543945312,116307900
2021-03-02,124.95563918354922,125.2572974809927,121.64710128326877,121.75414276123047,102260900
2021-03-03,121.45248872789318,122.32827934815643,118.56238339310273,118.7764663696289,112966300
2021-03-04,118.47479946720621,120.2750310748952,115.42900236715201,116.89837646484375,178155000
2021-03-05,117.72552798386944,118.65970219404976,114.40725661331615,118.1536865234375,153766600
2021-03-08,117.67685938357114,117.74497601487798,113.08383103215061,113.22979736328125,154376600
2021-03-09,115.82797605727136,118.77646492277744,115.5944343694315,117.83255767822266,129525800
2021-03-10,118.41642461584055,118.88350799775948,116.23667741969722,116.75242614746094,111943300
2021-03-11,119.24356797692991,119.89554261056912,117.99800228157227,118.67916870117188,103026500
2021-03-12,117.16112022904915,117.91040318694742,115.95447955662657,117.774169921875,88105100
2021-03-15,118.14395874848536,120.6642817142442,117.18058534747087,120.65454864501953,92403800
2021-03-16,122.31854732264155,123.79766203262986,121.36491441345117,122.19204711914062,115227900
2021-03-17,120.71292450730932,122.47423118424491,119.04891881379946,121.40382385253906,111932600
2021-03-18,119.57437836077997,119.86631097163686,117.08324779831206,117.28759765625,121229700
2021-03-19,116.67457827406234,118.16341864155612,116.46049529392347,116.76215362548828,185549500
2021-03-22,117.09299086284075,120.53776181396455,117.02487423771213,120.07067108154297,111912300
2021-03-23,120.0123099463268,120.89782623844285,118.8543196786337,119.24356079101562,95467100
2021-03-24,119.51601473844956,119.59386443754735,116.83999258124882,116.85945129394531,88530500
2021-03-25,116.32425121223295,118.3872236915313,115.7987768800299,117.34600067138672,98844700
2021-03-26,117.11248257706046,118.21208938078492,115.72095047944185,117.94934844970703,94071200
2021-03-29,118.3775042989523,119.28248673827066,117.48225492917581,118.12449645996094,80819200
2021-03-30,116.878940997672,117.1611406456859,115.66256704459003,116.67459106445312,85671900
2021-03-31,118.37750988637804,120.19720049628938,117.8909603245139,118.86405944824219,118323800
2021-04-01,120.33341860340158,120.83942678607517,119.19488720011346,119.69116973876953,75089100
2021-04-05,120.53776349572522,122.76616086910339,119.75928140554619,122.51315307617188,88651200
2021-04-06,123.09701892635115,123.71006860087718,122.26988629191437,122.8148193359375,80171300
2021-04-07,122.44504366920103,124.4788169278638,121.77360301243874,124.45935821533203,83466700
2021-04-08,125.48112948683244,126.88239460577601,125.06270398931379,126.85320281982422,88844600
2021-04-09,126.3082511367721,129.4610823431084,125.987126690143,129.4221649169922,106686700
2021-04-12,128.95506856033387,129.27619297458608,127.1159122592972,127.70950317382812,91420000
2021-04-13,128.87723269707828,131.0375136441806,128.38094270892825,130.81369018554688,91266500
2021-04-14,131.3099933958929,131.36837696548068,128.1182295730411,128.478271484375,87222800
2021-04-15,130.22013564136392,131.36838551347583,130.04497007288896,130.8818359375,89347100
2021-04-16,130.68721289515452,131.04725481288563,129.69464764958488,130.5509796142578,84922400
2021-04-19,129.91845343765638,131.82573417670255,129.75302837507442,131.21267700195312,94264200
2021-04-20,131.38781245275527,131.8840875267871,128.2641585737153,129.52919006347656,94812300
2021-04-21,128.79937448295544,130.15198139662152,127.76789199677557,129.90870666503906,68847100
2021-04-22,129.46105526749852,130.54119550814494,127.8749143516064,128.39065551757812,84566500
2021-04-23,128.6047976585629,131.48516306112936,128.6047976585629,130.70669555664062,78657500
2021-04-26,131.20292770440926,131.42673629598994,129.96708793224363,131.09588623046875,66905100
2021-04-27,131.37812758921328,131.76737620766062,130.50234418226077,130.77481079101562,66015800
2021-04-28,130.69693041123548,131.3878372667235,129.50002274292763,129.986572265625,107760100
2021-04-29,132.79882309453924,133.38268843991688,128.886960916459,129.88925170898438,151101000
2021-04-30,128.23499849351802,129.96711370748065,127.54410644604702,127.92361450195312,109839500
2021-05-03,128.48799878924353,130.46340362512916,128.28365629304724,128.97454833984375,75135100
2021-05-04,127.66087574180307,127.9528084470389,123.29165535400072,124.41072082519531,137564700
2021-05-05,125.72439172337612,126.94076551104096,124.5274840738415,124.65399169921875,84000900
2021-05-06,124.44966128347697,126.25962646488308,123.71010378187411,126.2499008178711,78128300
2021-05-07,127.54628780481441,127.94592476658238,126.21086763240989,126.92244720458984,78973300
2021-05-10,126.1426633359984,126.26937098545628,123.60830211734293,123.64729309082031,88071200
2021-05-11,120.38183991469329,123.08189896287028,119.67026787217047,122.73099517822266,126142800
2021-05-12,120.28437887697672,121.49306907963458,119.1634127705143,119.67028045654297,112172300
2021-05-13,121.43459801116457,122.96495825371117,121.12267768901388,121.81475067138672,105861300
2021-05-14,123.06240993034115,124.66100222479204,122.6725077382582,124.23210906982422,81918000
2021-05-17,123.61802565600583,123.72524895126948,122.00968366381709,123.0819091796875,74244600
2021-05-18,123.36459396598383,123.78373756646234,121.62953683178752,121.69776916503906,63342900
2021-05-19,120.05043995950335,121.76599784022277,119.75801143334377,121.54180908203125,92612000
2021-05-20,122.06819413421118,124.49532449020155,121.94147161685788,124.09567260742188,76857100
2021-05-21,124.59279439116175,124.76825004025154,122.04869119774337,122.26313781738281,79295400
2021-05-24,122.82846960103217,124.70974076836363,122.76023727627985,123.89094543457031,63092900
2021-05-25,124.59279202902988,125.08017543327662,123.1306641265909,123.6960220336914,72009500
2021-05-26,123.75451640869117,124.17366007761332,123.22814942189817,123.64729309082031,56575900
2021-05-27,123.24762087836753,124.41732007226534,121.92195782567474,122.11690521240234,94625600
2021-05-28,122.39959761550023,122.62379382802953,121.4053539348129,121.46383666992188,71311100
2021-06-01,121.9219706400981,122.18515038351808,120.8107540580726,121.14216613769531,67637100
2021-06-02,121.14216813753484,122.07792909380578,120.91797935921073,121.90247344970703,59278900
2021-06-03,121.5320538514475,121.69775987143738,120.02118559755706,120.42083740234375,76229200
2021-06-04,120.93747667465416,122.97471215998662,120.72303005127523,122.7115249633789,75169300
2021-06-07,122.98444744531308,123.1306617200527,121.67828344764422,122.72126770019531,71057600
2021-06-08,123.40357440763638,125.21662075817993,123.02342180669262,123.5400390625,74403800
2021-06-09,123.99817082964145,124.52453767386459,123.32558973367314,123.9201889038086,56877900
2021-06-10,123.81298472926724,124.95345011953233,122.76025831506651,122.92596435546875,71186400
2021-06-11,123.33534735483208,124.22237508614661,122.91620377217826,124.1346435546875,53522400
2021-06-14,124.59276457227712,127.24408300420586,123.8617007821636,127.18560028076172,96906500
2021-06-15,126.65928038857137,127.30262029411195,126.1231638006209,126.36685180664062,62746300
2021-06-16,127.07842981173894,127.585305081469,125.21666455636404,126.86398315429688,91815000
2021-06-17,126.52277798345058,129.203345250585,126.37655629930642,128.4625244140625,96721700
2021-06-18,127.40982566701065,128.18961527761795,126.95169109033546,127.1661376953125,108953300
2021-06-21,127.01018237446559,129.06690958900398,125.9477063159808,128.95968627929688,79663300
2021-06-22,128.7939773736595,130.69474066397615,128.29684436989922,130.59725952148438,74783600
2021-06-23,130.39256533356104,130.92868185123652,129.8661909803765,130.32432556152344,60214200
2021-06-24,131.0554073186903,131.240612583958,129.57378007008424,130.0416717529297,68711000
2021-06-25,130.09039090512184,130.50952706925113,129.45679326652197,129.7492218017578,70783700
2021-06-28,130.04165459260284,131.83519451956099,129.98317185834844,131.37705993652344,62111300
2021-06-29,131.3965550234282,133.0438880631515,130.9579196567259,132.88792419433594,64556100
2021-06-30,132.73196707347742,133.9406648079474,132.43953852296474,133.5020294189453,63261400
2021-07-01,133.15107166913734,133.86263615737064,132.3322690387213,133.8041534423828,52485800
2021-07-02,134.41829838230024,136.4652835854969,134.27209152787285,136.42630004882812,78852600
2021-07-06,136.53348691022637,139.53570925876045,136.53348691022637,138.4342498779297,108181800
2021-07-07,139.91586805219615,141.231788943126,139.05809657469072,140.9198760986328,104911600
2021-07-08,138.00536723887996,140.42274763655988,137.11833949517367,139.6234588623047,105575500
2021-07-09,139.1458282969305,141.97260274724476,139.04834716131978,141.4462432861328,99890800
2021-07-12,142.5184555206525,142.62567880479006,140.364247675173,140.85162353515625,76299700
2021-07-13,140.39350901995923,143.7369156295679,140.00361422588887,141.96286010742188,100827100
2021-07-14,144.3607540301203,145.79364043052715,143.95134516697595,145.3842315673828,127050800
2021-07-15,145.47199168239987,146.21279783696795,143.3762659892824,144.73117065429688,106820300
2021-07-16,144.7116829108476,145.97884856339024,142.1968210625346,142.69393920898438,93251400
2021-07-19,140.1205738932986,140.43250161447835,138.09308832622733,138.8533935546875,121434600
2021-07-20,139.83793618290784,143.38603306380864,139.35056015600642,142.4600067138672,96350000
2021-07-21,141.85565012536404,142.4405072449087,140.97837931958148,141.7289276123047,74993500
2021-07-22,142.2553100922622,144.4582442706814,142.12858757198936,143.09359741210938,77338200
2021-07-23,143.82464898024415,144.9651069434816,143.2105505102186,144.80914306640625,71447400
2021-07-26,144.52644902049065,146.04705940106285,143.97083337261068,145.228271484375,72434100
2021-07-27,145.35500444699645,145.4427434254304,141.87514775749966,143.06434631347656,104818600
2021-07-28,141.15382825419624,143.25929604709813,138.94113715127986,141.3195343017578,118931200
2021-07-29,141.03684881635502,142.8498878684949,140.92962551695572,141.96286010742188,56699500
2021-07-30,140.73466343435456,142.63542638578699,140.4714762953773,142.1772918701172,70440600
2021-08-02,142.6646588267022,143.23975875771586,141.58268384916155,141.8458709716797,62880000
2021-08-03,142.1286117502495,144.30230492815897,141.51451312265684,143.6394805908203,64786600
2021-08-04,143.5517196242508,144.058579914417,142.58670986762564,143.2397918701172,56368300
2021-08-05,143.26903344221475,144.107320690727,142.47948676454712,143.34701538085938,46397700
2021-08-06,142.86869219057516,143.61060825982952,142.16581806356817,142.66368103027344,54126800
2021-08-09,142.72220631473397,143.2103123656707,142.05838923545102,142.6148223876953,48908700
2021-08-10,142.9565505100319,144.196344465899,141.84366893661831,142.13653564453125,69023100
2021-08-11,142.57578725696132,143.22984760890972,142.06815276895088,142.3903045654297,48493500
2021-08-12,142.71249604702388,145.50446416374155,142.37081574173467,145.3482666015625,72282600
2021-08-13,145.42635605950554,145.88517705910473,144.7430103885552,145.5532684326172,59375000
2021-08-16,145.0065628373872,147.59353426907154,142.9858112009547,147.5251922607422,103296000
2021-08-17,146.65639729187643,148.07190241442922,145.54351565601462,146.6173553466797,92229700
2021-08-18,146.23663716721276,147.13475089008148,142.67345256358962,142.8784637451172,86326000
2021-08-19,141.5800847276963,144.4794367790495,141.06269334170713,143.21035766601562,86960300
2021-08-20,143.9327425154178,144.9675251601663,143.28843882859866,144.66490173339844,60549600
2021-08-23,144.7820517027598,146.61733569322215,144.37204430196212,146.1487579345703,60131800
2021-08-24,145.89492826143862,147.27139120779157,145.60206158624175,146.06088256835938,48606400
2021-08-25,146.24634576040117,146.7442235104866,144.28416462153382,144.83084106445312,58991300
2021-08-26,144.82110951404735,145.57278230599707,144.00107981111,144.03036499023438,48597200
2021-08-27,143.97177197062845,145.21156564308194,143.33723999505236,145.0651397705078,55802400
2021-08-30,145.45564049048158,149.83883931473636,145.07491826892314,149.47763061523438,90956700
2021-08-31,149.0285807911714,149.16524992421503,147.6911597437249,148.21832275390625,86453100
2021-09-01,149.19453621732464,151.29338682527435,148.71618680019012,148.88214111328125,80313700
2021-09-02,150.20979354918074,151.0395800272227,148.77476016459727,149.99502563476562,71115500
2021-09-03,150.10238418360416,150.9516989362315,149.44832378980732,150.62954711914062,57808700
2021-09-07,151.28363626481305,153.51915609845358,150.71743128739138,152.9627227783203,82278300
2021-09-08,153.2457694062931,153.30433974824393,150.31713314223805,151.42025756835938,74420200
2021-09-09,151.79126431107525,152.39651120399355,150.28788894400816,150.40504455566406,57305700
2021-09-10,151.31293648668662,151.78151431271888,145.1627947987088,145.42637634277344,140893200
2021-09-13,147.04688016056696,147.818081410703,145.21159606216116,145.99256896972656,102404300
2021-09-14,146.77353720711707,147.4764113119793,143.41536423851278,144.59657287597656,109296300
2021-09-15,145.02613374476746,145.88520555365383,142.88822588135704,145.48495483398438,83281300
2021-09-16,144.90894501042473,145.4263362978241,143.71796490468603,145.2506103515625,68034100
2021-09-17,145.27992686740734,145.27992686740734,142.29270460935308,142.5855712890625,129868800
2021-09-20,140.37935348466607,141.39460787991925,137.909537174392,139.53981018066406,123478900
2021-09-21,140.50627954269768,141.1603551264203,139.38364095370108,140.01817321777344,75834000
2021-09-22,141.01386330488788,142.94675948187773,140.28170408222925,142.3805694580078,76404300
2021-09-23,143.16149332082315,143.58127225444073,142.1755244980319,143.33721923828125,64838200
2021-09-24,142.19510285111807,143.96204492535793,142.09747565204063,143.4251251220703,53477900
2021-09-27,142.00959923062172,142.48794860245857,140.39885495340664,141.91197204589844,74150700
2021-09-28,139.8424227657557,141.30674132874793,138.31953384357482,138.5343017578125,108972300
2021-09-29,139.08095132289213,141.01384728022984,138.65141557774692,139.43238830566406,74602000
2021-09-30,140.2426707272125,140.9455448156453,137.9192805517919,138.13404846191406,89056700
2021-10-01,138.5245544569587,139.52029542569983,135.80092800506898,139.2567138671875,94639600
2021-10-04,138.38784096480848,138.8271483868743,134.98086980059804,135.83016967773438,98322000
2021-10-05,136.17191241375247,138.85649729002284,136.04499999839257,137.7533721923828,80861100
2021-10-06,136.15233067899587,138.76857249312508,135.07849119061893,138.6221466064453,83221100
2021-10-07,139.65692980871162,140.7893396562003,139.32502120039112,139.88145446777344,61732700
2021-10-08,140.60384171370225,140.7502675851044,139.16880859069704,139.50071716308594,58773200
2021-10-11,138.88576984450557,141.36534327777014,138.4367054973454,139.4129180908203,64452200
2021-10-12,139.82290063970592,139.84242905892054,137.68499305819657,138.14381408691406,73035900
2021-10-13,137.8802573777795,138.03644005527403,135.88877555756454,137.55810546875,78762700
2021-10-14,138.72954178771872,140.45744186952987,138.1438084019397,140.3402862548828,69907100
2021-10-15,140.35006796929892,141.45317790755652,140.09624319922384,141.3946075439453,67940300
2021-10-18,140.03763996851194,143.34699879821167,139.75454497889402,143.06390380859375,85589200
2021-10-19,143.51297237963328,145.62159463310732,143.06392303976392,145.22134399414062,76378900
2021-10-20,145.1627504339508,146.1877762179813,144.5965455732881,145.7094268798828,58418800
2021-10-21,145.27016433537898,146.0804224119474,144.35252229936606,145.92422485351562,61421000
2021-10-22,146.12919675335147,146.60753116579318,145.10417103326708,145.15298461914062,58883400
2021-10-25,145.14325947301697,145.8168484447923,144.1084766625064,145.10421752929688,50720600
2021-10-26,145.77777738990952,147.25185252804923,145.4653823192533,145.7680206298828,60893400
2021-10-27,145.80708231384622,146.16827612937263,144.9577823061733,145.30921936035156,56094900
2021-10-28,146.25615073002083,149.5264533730465,146.15852353048365,148.94073486328125,100077900
2021-10-29,143.7179733088264,146.37327190681347,142.92724374395107,146.23660278320312,124953200
2021-11-01,145.44591116098886,146.13901372017423,144.2842158593394,145.4166259765625,74588300
2021-11-02,145.12370582377017,147.96448683414823,145.11393416867705,146.45135498046875,69122000
2021-11-03,146.8125891838913,148.35500663634056,146.25615583539988,147.8864288330078,54511500
2021-11-04,147.97425010568048,148.80402155525002,147.05660823548425,147.36900329589844,60394600
2021-11-05,148.49330137784227,148.79636649786093,146.70422366033108,147.89694213867188,65463900
2021-11-08,148.02403856122066,148.18046407919945,146.80199217243356,147.0757293701172,55020900
2021-11-09,146.8410949734435,148.0435844748696,146.70422637098488,147.4374542236328,56787900
2021-11-10,146.66510417552323,146.7726448402154,144.54363371528353,144.612060546875,65187100
2021-11-11,145.62883774477925,146.0883134852804,144.37744845730748,144.56320190429688,41000000
2021-11-12,145.11066161989166,147.03660782102534,144.18190939663026,146.6357879638672,63804000
2021-11-15,147.00730510695527,148.48354686753203,146.08832372641191,146.6455841064453,59222800
2021-11-16,146.5868762388628,148.10221638704422,146.00028814358132,147.6231689453125,59256200
2021-11-17,147.62318884522813,151.53373689410836,147.61341784542643,150.05751037597656,88807000
2021-11-18,150.2726099643279,155.12168178008048,149.627365877677,154.33956909179688,137827700
2021-11-19,154.12446895909494,157.41911583313842,153.02952027938457,156.95962524414062,117305600
2021-11-22,158.064388202726,161.99449424357113,157.3996020130381,157.41915893554688,117467900
2021-11-23,157.51687668201387,158.18167763297342,155.5029467463392,157.80039978027344,96041900
2021-11-24,157.1551520319611,158.5140669022848,156.0699743356913,158.31854248046875,69463600
2021-11-26,156.0015407986573,156.8618512011978,152.86331951425362,153.30325317382812,76959800
2021-11-29,155.80598568259293,157.5852919747901,155.23895449884512,156.6565399169922,88748200
2021-11-30,156.41217318635103,161.8185054389282,156.34373142534065,161.60342407226562,174048100
2021-12-01,163.73466976035556,166.49161375206606,160.8506430799377,161.0852813720703,152052500
2021-12-02,155.19009727061072,160.52798674829987,154.27111613625055,160.0978240966797,136739200
2021-12-03,160.35202051883033,161.27100166043388,156.14817855062066,158.22076416015625,118023100
2021-12-06,160.61600581977925,164.12573463510114,160.60623481829575,161.62298583984375,107497000
2021-12-07,165.2988995417756,167.74299254141582,164.57544264356054,167.3519287109375,120405400
2021-12-08,168.2806469361057,172.02499811029608,166.88261839066362,171.1646728515625,116998900
2021-12-09,170.9985205283445,172.7973693361273,170.03065436230736,170.65634155273438,108923700
2021-12-10,171.29180928871014,175.61296364291238,170.78343380069845,175.43698120117188,115402700
2021-12-13,177.06962931153166,178.05705234389498,171.60464142456377,171.80995178222656,153237000
2021-12-14,171.3309277742781,173.76524989300478,168.35891710300444,170.43150329589844,139380400
2021-12-15,171.19404218690133,175.4858686850592,168.45665517933287,175.29034423828125,131063300
2021-12-16,175.27077720416733,177.08918279763162,166.93153397693786,168.4077606201172,150185800
2021-12-17,166.12987292514003,169.59071677301714,165.89524955752734,167.3128204345703,195432700
2021-12-20,164.51677542044033,166.76534380811088,163.71512072913166,165.9539031982422,107499100
2021-12-21,167.72343104614094,169.3267554134747,165.33799395674112,169.1214599609375,91185900
2021-12-22,169.17031112645324,171.9272548095711,168.300214735498,171.71217346191406,92135300
2021-12-23,171.9174985527305,172.8951357013555,171.35046721642092,172.33787536621094,68356600
2021-12-27,173.12975263201184,176.3852860059842,173.1102106304085,176.29730224609375,74919600
2021-12-28,176.13111784462515,177.27495155456995,174.5375644683696,175.2805633544922,79144300
2021-12-29,175.31969120341034,176.59062262185972,174.15630048000423,175.3685760498047,62348900
2021-12-30,175.4565079119385,176.53191454419968,174.10736412193012,174.21490478515625,59773000
2021-12-31,174.10740540326523,175.22191121478994,173.2959647369927,173.5990447998047,64062300
2022-01-03,173.8532266687499,178.79029755777358,173.73591497728762,177.9397430419922,104487900
2022-01-04,178.54586564233023,178.84893075193062,175.1143499260673,175.68138122558594,99310400
2022-01-05,175.59339039534856,176.14086475419518,170.73453308424857,171.00827026367188,94537600
2022-01-06,168.83789205056922,171.37975399378487,167.80159930862231,168.15354919433594,96904000
2022-01-07,169.02364770562122,170.24569386432273,167.20524242477114,168.3197479248047,86709100
2022-01-10,165.2988731483881,168.64239004792708,164.40921985835627,168.33932495117188,106765600
2022-01-11,168.4664003367464,171.26242759251966,166.99994496438987,171.1646728515625,76138300
2022-01-12,172.18144710369126,173.21774007794218,170.91053076473975,171.60464477539062,74805200
2022-01-13,171.8490383580425,172.6702498945838,167.94826118313497,168.33932495117188,84505800
2022-01-14,167.50832321300913,169.89375992557677,167.26391395832079,169.19964599609375,80440800
2022-01-18,167.67452813175186,168.6814931182034,165.6214992398613,166.00277709960938,90956700
2022-01-19,166.19831524532339,167.25416515581253,162.22911080921511,162.5126190185547,94815000
2022-01-20,163.24581922868165,165.8854360990158,160.50843269303434,160.8310546875,91420500
2022-01-21,160.74305996791702,162.61035005803072,158.67047447923693,158.77801513671875,122848900
2022-01-24,156.44149634340394,158.67050778679211,151.24045969712583,158.00570678710938,162294600
2022-01-25,155.42476587834435,159.12023349113454,153.5086052215586,156.20687866210938,115798400
2022-01-26,159.84362956793808,160.7137257927372,154.29065926080548,156.11883544921875,108275300
2022-01-27,158.8171416631375,160.1760566161972,154.74039680395836,155.6593780517578,121954600
2022-01-28,162.00421173203972,166.54044619647436,159.15928486994983,166.52088928222656,179935700
2022-01-31,166.3547206203823,171.0864802658057,165.71924760028926,170.87139892578125,115541600
2022-02-01,170.1186272242385,170.93006781127377,168.45664712970438,170.70521545410156,86213900
2022-02-02,170.84209391826516,171.94682868403083,169.45385093947993,171.90771484375,84914300
2022-02-03,170.57811566132818,172.29876649074853,168.27089152715305,169.033447265625,89418100
2022-02-04,168.05457472378333,170.4234840013588,167.07569202403184,168.7495880126953,82465400
2022-02-07,169.20964451994723,170.27662295458384,167.3399751947351,168.0349884033203,77251200
2022-02-08,168.10354920331756,171.64711530996314,167.80988135828758,171.13809204101562,74829200
2022-02-09,172.3322952525055,172.91961588647231,171.20657123174874,172.55743408203125,71285000
2022-02-10,170.4626223841964,171.7743215374217,167.92731993059743,168.4852752685547,90865900
2022-02-11,168.69082956541044,169.4249914689082,164.4914151129285,165.07875061035156,98670700
2022-02-14,163.83556797241158,165.99890498473425,163.04267549502603,165.31369018554688,86185500
2022-02-15,167.3595849608588,169.29776862360237,166.65478818594016,169.14114379882812,62527400
2022-02-16,168.2209893560315,169.67951494494773,166.45899759893967,168.9062042236328,61177400
2022-02-17,167.41828169802858,168.27970312361404,164.91234475439344,165.31369018554688,69589300
2022-02-18,166.23383213199764,166.93861378532614,162.68048390268257,163.7670440673828,82772700
2022-02-22,161.4960419882263,163.16993775264925,158.72580252665216,160.84999084472656,91162800
2022-02-23,162.04423283731927,162.6413518716535,156.37650867254357,156.68975830078125,90009200
2022-02-24,149.357894860665,159.41102239990326,148.79014121364656,159.3033447265625,141147500
2022-02-25,160.38013909716133,161.6331077669388,157.47285626304333,161.3688201904297,91974200
2022-02-28,159.6166064975814,161.9267702066246,158.99990563300975,161.6331024169922,95056600
2022-03-01,161.22195543903135,163.08184127413253,158.54961021930214,159.75363159179688,83474400
2022-03-02,160.91852050375005,163.82580321014547,159.50892707803538,163.04269409179688,79724800
2022-03-03,164.91235266773373,165.3430634011942,162.05401727070716,162.7196502685547,76678400
2022-03-04,161.01639051416453,162.05400359179123,158.67686189722227,159.72425842285156,83737200
2022-03-07,159.91028134097652,161.5352302369313,155.68150083148916,155.93601989746094,96418800
2022-03-08,155.46614292973925,159.44040392728598,152.50991327214726,154.1152801513672,131148300
2022-03-09,158.06995256595388,159.959203685233,156.04367342146804,159.5089111328125,91454900
2022-03-10,156.81698565051138,157.00297572975708,152.68609998585092,155.17247009277344,105342000
2022-03-11,155.57381332247203,155.91642822664025,151.23737032666907,151.46250915527344,96970100
2022-03-14,148.25179027503273,150.86540543880508,146.93030751756515,147.43931579589844,108732100
2022-03-15,147.713390079557,152.28478532825997,147.20438184151632,151.81491088867188,92964300
2022-03-16,153.73352378158447,156.6212246232631,151.19822129277074,156.21987915039062,102300200
2022-03-17,155.2605702418383,157.60009906528276,154.30126947324382,157.22811889648438,75615400
2022-03-18,157.1204422875064,161.0066074424884,156.3862803303168,160.5171661376953,123511700
2022-03-21,160.0571133745572,162.8371517415441,159.5676719986422,161.88763427734375,95811400
2022-03-22,162.01484532225444,165.8422796739602,161.42752475473955,165.2549591064453,81532000
2022-03-23,164.44252537221885,168.99432437394225,164.1096938716203,166.6156463623047,98062700
2022-03-24,167.4476727675763,170.46263328488442,166.61563143205333,170.3941192626953,90131400
2022-03-25,170.20812239603873,171.57855215101324,169.1019802060181,171.03038024902344,80546200
2022-03-28,168.53422465828777,172.0190445148475,168.36781639958284,171.8917999267578,90371900
2022-03-29,172.95877935054617,175.22977935165113,172.6161644453855,175.18084716796875,100589400
2022-03-30,174.77951856347462,175.81713189197046,172.9685794955082,174.0159912109375,92633200
2022-03-31,174.08448573079536,174.27047582290578,170.7171270473916,170.92269897460938,103049300
2022-04-01,170.35498808251654,171.18704451330527,168.30912642802448,170.6290740966797,78751300
2022-04-04,170.88355800105404,174.72077634534207,170.75629847192283,174.6718292236328,76468400
2022-04-05,173.7516656886956,174.53477477488693,170.73670541562527,171.36318969726562,73401800
2022-04-06,168.72023795719042,169.96342328033663,166.53733352192953,168.20143127441406,89058800
2022-04-07,167.5455818608837,169.69912101079552,166.2632477962957,168.5048828125,77594700
2022-04-08,168.15249864853052,168.15249864853052,165.62697904501124,166.49818420410156,76575500
2022-04-11,165.14731642594322,165.46055114101816,162.0050962053992,162.24981689453125,72246700
2022-04-12,164.47185939466212,166.28278325109693,163.1209966207163,164.1194610595703,79265200
2022-04-13,163.85518867958416,167.42810486793778,163.24828613297083,166.80162048339844,70618900
2022-04-14,167.0169298477089,167.653212444084,161.55476362429968,161.7994842529297,75329400
2022-04-18,160.45845861462905,163.08187215208477,160.1158586140106,161.5841827392578,69023900
2022-04-19,161.5352440651779,164.27611889634176,160.44868355818875,163.86497497558594,67723800
2022-04-20,165.19623667762264,165.31371275678185,162.59242008519655,163.69854736328125,67929800
2022-04-21,165.34307817395856,167.90774603308134,162.4064301142371,162.90565490722656,87227800
2022-04-22,162.94480808191494,164.32502122927878,158.08954369720692,158.3734130859375,84882400
2022-04-25,157.71755627231695,159.72426854560663,155.113739965227,159.44039916992188,96046400
2022-04-26,158.8236916294158,158.91178747297153,153.41047239469103,153.48878479003906,95623200
2022-04-27,152.6176360956144,156.4156915800931,152.0988293549953,153.26370239257812,88063200
2022-04-28,155.88709214046477,161.04580888521681,155.57384246237302,160.18438720703125,130216800
2022-04-29,158.42235165998022,162.69028026576657,153.9292842451666,154.32083129882812,131747600
2022-05-02,153.4007100151784,154.88860092145774,150.0333512355366,154.6243133544922,123055300
2022-05-03,154.81028218380573,157.31623426694395,153.0189401124905,156.11219787597656,88966500
2022-05-04,156.29818841895514,162.964376768375,155.8968429541357,162.51409912109375,108256500
2022-05-05,160.38996521087574,160.615104090122,151.67789865233715,153.45947265625,130525300
2022-05-06,152.93986371222095,156.3023722983105,151.14587460582203,154.18487548828125,116124600
2022-05-09,151.8811126841976,152.76341048572758,148.50882129057032,149.06759643554688,131577900
2022-05-10,152.4594939260044,153.65548649022554,149.92045170349726,151.4693603515625,115366700
2022-05-11,150.4792343504193,152.39085681137783,142.94056542836282,143.6169891357422,142689800
2022-05-12,139.96043637411066,143.32293029647687,136.0685607235715,139.7545623779297,182602000
2022-05-13,141.74458368466105,145.18551933414366,140.29371306035543,144.21499633789062,113990900
2022-05-16,142.68573136301794,144.61696502202452,141.3426813570236,142.67591857910156,86643800
2022-05-17,145.9305890667493,146.82268479374127,143.79348144376362,146.30311584472656,78336300
2022-05-18,143.960147405131,144.46010573899827,137.1469043666091,138.04881286621094,109742900
2022-05-19,137.12729010884627,138.87226008655338,133.91183880440775,134.64707946777344,136095600
2022-05-20,136.3528207232791,137.93113785871375,130.00034593006458,134.88233947753906,137426100
2022-05-23,135.07840236616943,140.4407585737006,134.941158046499,140.29371643066406,117726300
2022-05-24,138.03895014447806,139.17612570344144,134.62743842609407,137.59780883789062,104132700
2022-05-25,135.70578755446192,138.99966571047085,135.61756228135172,137.75466918945312,92482700
2022-05-26,134.68629593603174,141.49952360823445,134.44121569632296,140.95054626464844,90601500
2022-05-27,142.5288422380691,146.73441193920726,142.4013957458045,146.69520568847656,90978500
2022-05-31,146.13648011664895,147.69518714557083,143.95035319539198,145.91099548339844,103718400
2022-06-01,146.95009283292427,148.75389460714223,144.7737792988703,145.7835235595703,74286600
2022-06-02,144.92086964479174,148.29317661370146,143.9699569834941,148.23435974121094,72348100
2022-06-03,144.0091352358549,145.05808578629097,141.6171647882395,142.51905822753906,88570300
2022-06-06,144.13658414441952,145.64628674294468,142.04849579123675,143.26409912109375,71598400
2022-06-07,141.50932395629872,146.06781003090646,141.26424373812605,145.7835235595703,67808200
2022-06-08,145.6560576230458,146.92066479832334,144.5581031788664,145.0482635498047,53950200
2022-06-09,144.18560463111925,145.0384790561678,139.72514139394366,139.83297729492188,69473000
2022-06-10,137.51941663931075,137.9899664897166,134.36278209908923,134.43141174316406,91437900
2022-06-13,130.25522177759234,132.53937106937602,128.85337019356888,129.2847137451172,122207100
2022-06-14,130.5101288143863,131.25516732822615,128.89259032192393,130.14739990234375,84784300
2022-06-15,131.6472513597461,134.63723228518424,129.55917858108418,132.7648162841797,91533000
2022-06-16,129.48080971072673,129.78470685138856,126.5006252583711,127.50055694580078,108123900
2022-06-17,127.51033981148552,130.4611001773296,127.25544681769559,128.97100830078125,134520300
2022-06-21,130.79441426737327,134.36278178825876,130.69639115129178,133.19619750976562,81000500
2022-06-22,132.13743964836019,135.04899374439105,131.27476747959807,132.68643188476562,73409200
2022-06-23,134.12750324123766,135.8626603415122,132.9609190593017,135.54896545410156,72433800
2022-06-24,137.14689423988725,139.1173489130396,137.01946268880786,138.8722686767578,89116800
2022-06-27,139.89179587794544,140.6662578013618,138.19584483125837,138.8722686767578,70207900
2022-06-28,139.3330131628478,140.59762053174873,134.61767206581916,134.7353057861328,67083400
2022-06-29,134.75490940956817,137.90173093297278,133.98044756827542,136.4900665283203,66242400
2022-06-30,134.54906419941244,135.6470189893978,131.13755113159218,134.0294952392578,98964500
2022-07-01,133.36285690870372,136.3038197907336,132.9903451154339,136.19598388671875,71051600
2022-07-05,135.05883599741875,138.82326526029516,134.23535494237336,138.7742462158203,73353800
2022-07-06,138.56835645511603,141.28383440664965,138.30366564043456,140.10745239257812,74064300
2022-07-07,140.4701612232241,143.66601661315485,140.46036340026106,143.46995544433594,66253700
2022-07-08,142.40142264422443,144.64636610420064,142.1465445700594,144.14639282226562,64547800
2022-07-11,142.8033331399919,143.7542455393016,140.95052737444695,142.01907348632812,63141600
2022-07-12,142.89155544175705,145.5286208059207,142.19553604555907,142.98959350585938,77588800
2022-07-13,140.1760748610569,143.5679764107693,139.32318560371215,142.6268768310547,71185600
2022-07-14,141.244640047542,146.01879814456234,140.4309718883509,145.54824829101562,78140700
2022-07-15,146.83247339444262,147.89122183493336,145.28356446993823,147.2147979736328,76259900
2022-07-18,147.77360356027648,148.58727184385728,143.813098058474,144.1758270263672,81420900
2022-07-19,145.0090524915063,148.25391198084102,144.01893385798232,148.0284423828125,82982400
2022-07-20,148.14610577429508,150.69494637561027,147.41086501912858,150.0283203125,64823400
2022-07-21,151.45953764152074,152.5084878978263,148.94991921700273,152.29281616210938,65086600
2022-07-22,152.3320525114364,153.2045374479934,150.3910214648786,151.05763244628906,66675400
2022-07-25,150.97921649648936,151.9889458272938,149.28326552705713,149.94007873535156,53623900
2022-07-26,149.26368451408044,150.07735281781265,147.83242409239264,148.61668395996094,55138700
2022-07-27,149.5773707705413,154.2338952339947,149.1656377708993,153.7045135498047,78620700
2022-07-28,153.89075014754778,154.53776544520662,151.37133354934207,154.25347900390625,81378700
2022-07-29,158.06698413815568,160.40995103683753,156.36121998956833,159.31198120117188,101786900
2022-08-01,157.84148924790597,160.37071938994356,157.72385550686172,158.33164978027344,67829400
2022-08-02,156.94937000342367,159.2139087149108,156.48861801917639,156.8611297607422,59907000
2022-08-03,157.67479700322565,163.3116417148104,157.58657171952117,162.86070251464844,82507500
2022-08-04,162.74307352499065,163.89986001020398,161.19416464799912,162.54701232910156,55474100
2022-08-05,160.22041274781424,162.81205403488926,160.01425282506756,162.3212127685547,56697000
2022-08-08,163.32251461167718,164.7361398246356,161.19226535966965,161.84999084472656,60276900
2022-08-09,161.01557009848563,162.78260161908204,160.2596703687026,161.89907836914062,63135500
2022-08-10,164.60851631297595,166.23811287684435,163.8428051524665,166.13995361328125,70170500
2022-08-11,166.9449356294848,167.85790820975464,165.10919401506573,165.40370178222656,57149200
2022-08-12,166.70933581222894,169.01628078921996,166.29701596444957,168.94757080078125,68039400
2022-08-15,168.3781703061028,170.2139116101504,168.2112860947607,170.017578125,54091700
2022-08-16,169.61511402434292,170.52808660786044,168.51563433427114,169.86053466796875,56377100
2022-08-17,169.6052979143018,172.92337473871223,169.40896440067246,171.35269165039062,79542000
2022-08-18,170.56737014082248,171.69629926083016,169.9489052427666,170.9600372314453,62290100
2022-08-19,169.86053968443733,170.55754092380556,168.1720444080825,168.37820434570312,70346300
2022-08-22,166.58169604206546,166.74858025975374,164.0784028181707,164.5005340576172,69026800
2022-08-23,164.0195474098714,165.61969500518398,163.597416059393,164.1667938232422,54147100
2022-08-24,164.2551282502834,165.03065085876125,163.20472075222654,164.46127319335938,53841500
2022-08-25,165.688378388784,167.02346724627097,165.2662620854037,166.9154815673828,51218200
2022-08-26,167.44561591056575,167.91681938586046,160.56401098389765,160.62290954589844,78961000
2022-08-29,158.1981828757406,159.91612783706887,156.89255788690747,158.42398071289062,73314000
2022-08-30,159.1602105704912,159.58232691391927,154.83098655063566,155.9991912841797,77906200
2022-08-31,157.37356030730842,157.63861884578063,154.26162776653078,154.3401641845703,87991100
2022-09-01,153.77076113952282,155.5181549609377,151.83684522830168,155.06658935546875,74229900
2022-09-02,156.82381061062185,157.4226376540656,152.13136852434044,152.9559783935547,76957800
2022-09-06,153.60386838160778,154.21250676362826,150.8747921160952,151.69940185546875,73714800
2022-09-07,151.98409298992328,153.80019664109167,150.7962505650505,153.10321044921875,87449600
2022-09-08,151.80738719524012,153.49588236025656,149.88328282837716,151.6306915283203,84923800
2022-09-09,152.62219009337275,154.92915012061422,151.91537744584716,154.4873809814453,68028800
2022-09-12,156.66672837890903,161.25118449428555,156.38204700518378,160.43638610839844,104956000
2022-09-13,156.97105902298662,157.59933535695706,150.56067213786505,151.02206420898438,122656600
2022-09-14,151.9546696901294,154.2223694761001,150.79629120920487,152.46514892578125,87965400
2022-09-15,151.81721471946022,152.3964188629796,148.60712326254628,149.5789794921875,90481100
2022-09-16,148.44021232229758,148.5776472684102,145.65222273370736,147.93954467773438,162278800
2022-09-19,146.57501740526791,151.7288507316376,146.36887246061372,151.6503143310547,81474200
2022-09-20,150.59011171978128,155.18439428665013,150.27598106267698,154.0260009765625,107689800
2022-09-21,154.45792171393398,155.83228620825895,150.78643873263653,150.90423583984375,101696800
2022-09-22,149.58879338602387,151.6405063427645,148.14571882351763,149.94219970703125,86652500
2022-09-23,148.4206031759059,148.69547312127722,145.83877299693037,147.6745147705078,96029900
2022-09-26,146.91863241520423,150.95334879982894,146.89899456754617,148.00830078125,93339400
2022-09-27,149.9421927062511,151.88591989139582,147.20329010150107,148.98013305664062,84442700
2022-09-28,144.93560783080054,147.8806554147203,142.18689375661808,147.09530639648438,146691400
2022-09-29,143.4238179924611,144.03245634378814,138.103085707034,139.8701171875,128138200
2022-09-30,138.69211755301987,140.4787870882612,135.47219979960417,135.6685333251953,124925300
2022-10-03,135.67838796700266,140.44936703001858,135.16790871082608,139.84071350097656,114311700
2022-10-04,142.3734205948832,143.54162523892447,141.61752082886468,143.423828125,87830100
2022-10-05,141.43100052371705,144.6803670999918,140.39040452379436,143.7183074951172,79471000
2022-10-06,143.13912691743977,144.8374334955695,142.5599378213271,142.76608276367188,68402200
2022-10-07,139.9290453992253,140.47880029356153,136.8956494527264,137.52392578125,85925600
2022-10-10,137.8478546142578,139.2909290851068,136.0317509799681,137.8478546142578,74899000
2022-10-11,137.33738075448184,138.76083241469453,135.68816128454225,136.43423461914062,77033700
2022-10-12,136.58152223774053,137.78898779453903,135.62928879673916,135.8059844970703,70433700
2022-10-13,132.5173428390662,140.9598044199806,131.90868942611982,140.3708038330078,113224000
2022-10-14,141.66663200393148,141.8727919675868,135.65873850521228,135.8452606201172,88598000
2022-10-17,138.4859408048433,140.28240638195203,137.70059190346555,139.8013916015625,85250900
2022-10-18,142.825015544548,144.0128431743189,138.03439937209953,141.11688232421875,99136600
2022-10-19,139.09458913180654,142.2948685353432,138.9080670690917,141.22483825683594,61758300
2022-10-20,140.40025572638473,143.21768011702426,140.0370229627389,140.7634735107422,64522000
2022-10-21,140.25297565616944,145.14176534962488,140.03700430524796,144.5723876953125,86548600
2022-10-24,144.4938810962025,147.47818995640918,143.32567626964715,146.7124786376953,75981900
2022-10-25,147.34075911907576,149.6968066869272,146.62413491177585,149.54954528808594,74732300
2022-10-26,148.19479776463467,149.20592954793565,145.32827166402765,146.61428833007812,88194300
2022-10-27,145.35775035197634,146.31979510961392,141.48991849585923,142.14764404296875,109180200
2022-10-28,145.4853576495381,154.61500878306214,145.11232844918345,152.8872528076172,164762400
2022-10-31,150.35450854811523,151.4147275390832,149.13721674827332,150.5312042236328,97943200
2022-11-01,152.23931825640548,152.60253597457515,146.3983105936967,147.8904571533203,80379300
2022-11-02,146.22163806624556,149.3826576212183,142.34399432027527,142.37344360351562,93604600
2022-11-03,139.4578493069626,140.18429993575015,136.20848179558848,136.3361053466797,97918500
2022-11-04,139.71869406725023,140.2890164015465,132.13737261509453,136.07061767578125,140814800
2022-11-07,134.82178704829124,136.8277351131925,133.40581664759068,136.60157775878906,83374600
2022-11-08,138.06670690734794,139.06967336647747,135.19544046730184,137.17189025878906,89908500
2022-11-09,136.18861111865357,136.23777968306217,132.34386044564616,132.6191864013672,74917800
2022-11-10,138.88289747560535,144.41893005371094,137.17193036207183,144.41893005371094,118854000
2022-11-11,143.3864383750097,147.5064994693465,141.9606252113591,147.20167541503906,93979700
2022-11-14,146.4838305708861,147.77196548965426,144.9695233350431,145.8053436279297,73374100
2022-11-15,149.67962155098414,151.02675299903876,146.0806992107757,147.53599548339844,89868300
2022-11-16,146.6411761367448,147.36881668355312,144.83187247009243,146.3068389892578,64218300
2022-11-17,143.98620818910433,148.95193124541828,143.71088233685353,148.20462036132812,80389400
2022-11-18,149.7680875657841,150.15157823399846,147.4671435564981,148.76510620117188,74829600
2022-11-21,147.6540145740021,147.8605015253363,145.25473282614936,145.53988647460938,58724100
2022-11-22,145.65786938764137,147.9096450709946,144.47788413446048,147.67364501953125,51804100
2022-11-23,146.95582360996656,149.29610855403772,146.8476588015229,148.54879760742188,58301400
2022-11-25,145.83490389805146,146.39539856946286,144.66476099104776,145.63824462890625,35195900
2022-11-28,142.717800718595,144.192767660707,140.98717824134044,141.8131561279297,69246000
2022-11-29,141.88192051073784,142.39324637035057,138.00768824052855,138.81399536132812,83763800
2022-11-30,139.04016787618127,146.23801151936658,138.20436253781247,145.5595245361328,111380900
2022-12-01,145.7365320270306,146.64117635966434,144.1632284025417,145.83485412597656,71250400
2022-12-02,143.52411441944975,145.53006273642814,143.21927533321448,145.34323120117188,65447400
2022-12-05,145.30386574755366,148.40128929094377,143.3372438141924,144.18289184570312,68826400
2022-12-06,144.61558740538712,144.84174478338647,139.55152565219004,140.52500915527344,64727200
2022-12-07,139.81699890501977,140.97729872796708,137.6635453309665,138.58786010742188,69721100
2022-12-08,139.9841640195035,141.12480845757423,138.7451974772698,140.26931762695312,62128300
2022-12-09,139.9644643389149,143.14056922258405,138.54849429856367,139.7874755859375,76097000
2022-12-12,140.31847817047847,142.0884409898644,138.7058487137347,142.07861328125,70462700
2022-12-13,147.00500937638787,147.4671667934874,141.83279839446703,143.04226684570312,93886200
2022-12-14,142.92424628798724,144.21238117508022,138.80417118832523,140.81996154785156,82291200
2022-12-15,138.75501875197617,139.43350575702271,133.7597969655739,134.22195434570312,98931900
2022-12-16,134.4088086870883,135.35277902524194,131.4982009688156,132.2651824951172,160156900
2022-12-19,132.8551821275431,132.94367653807714,129.12843913282236,130.16090393066406,79592600
2022-12-20,129.19726991624464,131.02622951755586,127.72230297983688,130.0920867919922,77432800
2022-12-21,130.76070405901197,134.52678732015247,130.5345467103143,133.18948364257812,85928000
2022-12-22,132.10786913644063,132.31435609146064,128.12545567267372,130.0232391357422,77852100
2022-12-23,128.73506338957282,130.21002976434445,127.47642661676507,129.6593780517578,63814900
2022-12-27,129.1874232542848,129.2169213883547,126.57181200307966,127.85994720458984,69007800
2022-12-28,127.50594763388183,128.84325132058044,123.76936998157427,123.93653106689453,85438400
2022-12-29,125.8540011982905,128.30244404039559,125.59834568207035,127.44696807861328,75703700
2022-12-30,126.26699731697423,127.78128999342299,125.30334902080124,127.7616195678711,77034200
2023-01-03,128.10576142344397,128.71540946850325,122.09773035328112,122.98271179199219,112117500
2023-01-04,124.77233620258212,126.51280092971427,122.9925456360047,124.25118255615234,89113600
2023-01-05,125.00834271164995,125.63766124201173,122.67790010774006,122.93355560302734,80962700
2023-01-06,123.907033324828,128.115596113896,122.80572219640975,127.45677947998047,87754700
2023-01-09,128.2925949020793,131.18353181246084,127.72227268810083,127.9779281616211,70790800
2023-01-10,128.08610610497774,129.06941726347972,125.98182082594903,128.5482635498047,63896200
2023-01-11,129.05959971999454,131.2818777117784,128.2827904454057,131.26222229003906,69458900
2023-01-12,131.6457054280313,132.019353473187,129.2464237509339,131.1835479736328,71379600
2023-01-13,129.82659632055703,132.66836552146214,129.46277592243695,132.5110321044922,57809700
2023-01-17,132.5798193932039,134.99875596810472,131.8915047175872,133.67129516601562,63646600
2023-01-18,134.53662257229425,136.29674271738915,132.7764874230637,132.9534912109375,69672800
2023-01-19,131.84235433638028,133.9761376268957,131.53753029546903,133.0124969482422,58280400
2023-01-20,133.02231973826562,135.71659745917918,131.98001240951498,135.569091796875,80223600
2023-01-23,135.81489982286553,140.92812862349226,135.5985702195713,138.7550048828125,81760300
2023-01-24,137.96838472187488,140.77082749424633,137.95855701188813,140.15133666992188,66435100
2023-01-25,138.53872531246566,140.05301807827476,136.49343605439017,139.49253845214844,65799300
2023-01-26,140.78064047196506,141.8426182007582,139.53183124401355,141.55746459960938,54105100
2023-01-27,140.77080718806803,144.77287517943125,140.69214050710963,143.49456787109375,70555800
2023-01-30,142.54079133466578,143.12094131391822,140.46600420175812,140.61349487304688,64015300
2023-01-31,140.31848180314623,141.93111130163894,139.9054929686203,141.88194274902344,65874500
2023-02-01,141.56728874190614,144.16322923439725,138.96152054070433,143.00291442871094,77663600
2023-02-02,146.41500811186492,148.65695608667727,145.69719525256042,148.302978515625,118339000
2023-02-03,145.55951636317744,154.7534795979514,145.36285717719954,151.92153930664062,154357300
2023-02-06,150.02379246889225,150.5449461888697,148.2636570715711,149.1977996826172,69858300
2023-02-07,148.12597415973434,152.63936822302708,148.12597415973434,152.0690460205078,83322600
2023-02-08,151.31190929849808,152.0002240332312,148.64712974900903,149.38461303710938,64120100
2023-02-09,151.21355015828513,151.75437415824857,147.90962490884843,148.35211181640625,56007100
2023-02-10,147.19009004770194,149.04152741969745,146.95372962642622,148.71653747558594,57450700
2023-02-13,148.6574172040706,151.9171435900277,148.62787403653363,151.5133819580078,62199000
2023-02-14,149.8096612758476,151.43461079325414,148.56880303013764,150.87326049804688,61707600
2023-02-15,150.78463194852628,153.13833305811258,150.5581292969133,152.97091674804688,65573800
2023-02-16,151.17855953849067,153.95573796607766,151.02100096105386,151.3755340576172,68167900
2023-02-17,150.03617955770974,150.67630162569367,148.55896091432058,150.23313903808594,59144100
2023-02-21,147.91882364629484,149.00212332766463,146.15601601247863,146.22494506835938,58867200
2023-02-22,146.60900607426132,147.67260518894304,144.92498541296462,146.64840698242188,51011300
2023-02-23,147.81051980369892,148.05672295415894,145.0038129046831,147.13099670410156,48394200
2023-02-24,144.87577631301392,144.9545631210652,143.5068874555982,144.4818572998047,55469600
2023-02-27,145.46664446890208,146.90446214048941,145.21058363066865,145.67344665527344,44998500
2023-02-28,144.8166705381309,146.8158385647427,144.6000106018143,145.17120361328125,50547000
2023-03-01,144.60000744430354,144.9939263960711,142.80764165155819,143.10308837890625,55479000
2023-03-02,142.1872231725768,144.481837933212,141.71450238763347,143.69398498535156,52238100
2023-03-03,145.79162671403117,148.81500811176437,145.09241829817535,148.73622131347656,70732300
2023-03-06,151.4542972077173,153.92618602775224,151.1293223291666,151.4936981201172,87558000
2023-03-07,151.3656586110283,151.69064849711955,148.83469862838186,149.2975616455078,56182000
2023-03-08,150.48917721139935,151.1391569879468,149.5240652876753,150.5482635498047,47204800
2023-03-09,151.22781194000862,152.19292402611515,147.94838436334126,148.30291748046875,53833600
2023-03-10,147.92866457828165,148.64757336129242,145.3681465462101,146.24462890625,68572400
2023-03-13,145.56510332314932,150.81415467329558,145.4567733693173,148.18470764160156,84457100
2023-03-14,148.98242012042218,151.07021762009597,147.82034869008896,150.27252197265625,73695900
2023-03-15,148.89380784086057,150.92251923505987,147.64309172837056,150.66647338867188,77167900
2023-03-16,149.84907174243986,154.08376844517147,149.33696504123728,153.4830322265625,76161100
2023-03-17,153.70954970993674,154.35952962100535,151.9368840556802,152.6459503173828,98944600
2023-03-20,152.71487589238697,155.42311016638172,151.80883520237765,155.0094757080078,73641400
2023-03-21,154.93067719913012,156.97907354545168,154.1625097854557,156.86090087890625,73938300
2023-03-22,156.88062840402722,159.67749219321786,155.41325242402124,155.43295288085938,75701800
2023-03-23,156.41777837205046,159.09646969740976,155.28523492873595,156.51625061035156,67622100
2023-03-24,156.44730394409444,157.90482213956633,155.45264879499626,157.81619262695312,59196500
2023-03-27,157.51092158923748,158.3283178086609,155.4723523985585,155.87612915039062,52390300
2023-03-28,155.57083875533723,156.08294548571627,153.61105638332387,155.2556915283203,45992200
2023-03-29,156.94954647836764,158.60403911493316,156.92986104995282,158.3282928466797,51305700
2023-03-30,159.07673846378026,160.0024644815908,158.82069266127598,159.89413452148438,49501700
2023-03-31,159.9729235769942,162.4940408365555,159.45097422374334,162.3955535888672,68749800
2023-04-03,161.77514833228696,163.76445869825218,161.7259047034759,163.6462860107422,56976200
2023-04-04,164.0697406002056,164.3060859426903,162.6023648150906,163.11447143554688,46278300
2023-04-05,162.2380152446489,162.54330471265868,159.34266411557562,161.27288818359375,51511700
2023-04-06,159.96308282888376,162.45467221127325,159.53962067833683,162.1592254638672,45390100
2023-04-10,158.96844706639095,159.56918334960938,157.64880179736934,159.56918334960938,47716900
2023-04-11,159.88431146406083,159.89415417908276,158.07224508795338,158.35784912109375,47644200
2023-04-12,158.77145737665472,159.59869619161648,157.35332510698044,157.66847229003906,50133100
2023-04-13,159.1752417539843,163.28190788405584,158.96842452673738,163.04554748535156,68445600
2023-04-14,162.09028798128088,163.79402444901268,161.3319931654023,162.7008819580078,49386500
2023-04-17,162.5826774005875,162.8781241294329,161.53877864877254,162.72055053710938,41516200
2023-04-18,163.5773508935462,164.8674527745674,163.13417327770642,163.9417266845703,49923000
2023-04-19,163.2819130529251,165.60607111909823,163.02585218946155,165.08412170410156,47720200
2023-04-20,163.5674650569094,165.32042968183282,163.0455157599964,164.11895751953125,52456400
2023-04-21,162.54327607753027,163.92200731179602,161.99178358382397,162.51373291015625,58337300
2023-04-24,162.49405610505224,163.0849495926161,161.40091367199096,162.8190460205078,41949600
2023-04-25,162.6811465088041,163.7841314779638,161.24331393654106,161.28271484375,48714100
2023-04-26,160.58352244501583,162.7698073781101,160.32747660698578,161.27288818359375,45498800
2023-04-27,162.68119712191097,166.00001080225775,162.68119712191097,165.852294921875,64902300
2023-04-28,165.93106728858945,167.27041291997128,165.33033104891717,167.1029815673828,55275900
2023-05-01,166.70902333840385,167.86125191507637,166.07874407354768,167.01431274414062,52472900
2023-05-02,167.50673256610264,167.76279339985444,164.99545801480568,165.9802703857422,48425700
2023-05-03,166.9256982160475,168.32412999077732,164.62124085601573,164.90682983398438,65136000
2023-05-04,162.38573893481126,164.50307988258416,161.81454585901537,163.27206420898438,81235400
2023-05-05,168.38322333782398,171.65280778469676,168.1665634032941,170.93389892578125,113453200
2023-05-08,169.86044681233003,171.20965008439242,169.49607101524845,170.86495971679688,55962800
2023-05-09,170.42178299192224,170.90433143409618,168.99380806621033,169.16122436523438,45326900
2023-05-10,170.39223444016065,171.38688948895523,169.28923440637098,170.9240264892578,53724500
2023-05-11,171.20964753246403,171.93839911576495,169.5551548305296,171.1111602783203,49514700
2023-05-12,171.21964497087455,171.65356424240227,168.63587209674515,170.18417358398438,45533100
2023-05-15,170.76601261404946,170.815324358024,169.09937498339835,169.6910858154297,37266700
2023-05-16,169.61219003463674,170.74628490689332,169.42481443623242,169.6910858154297,42110300
2023-05-17,169.33601301720591,170.53913194242813,168.0638396131293,170.30245971679688,57951600
2023-05-18,170.60822168470452,172.8172584115987,170.1940301198803,172.6298828125,65496700
2023-05-19,173.95137889764786,173.95137889764786,172.5214283935553,172.73838806152344,55809500
2023-05-22,171.57465110395842,172.2945693897219,171.05197977463047,171.79161071777344,43570900
2023-05-23,170.73639628329747,170.98293990870613,168.91196743614205,169.18809509277344,50747300
2023-05-24,168.7246024757336,170.03621645106807,168.16249079935005,169.4642333984375,45143500
2023-05-25,170.02637505144457,171.49576564962197,169.31632809947834,170.59835815429688,56058300
2023-05-26,170.92379413047703,173.33991896491864,170.71669083708804,173.00460815429688,54835000
2023-05-30,174.51345913931758,176.51539231960112,174.12885165758402,174.8487548828125,55964400
2023-05-31,174.87833424607143,176.87041104464083,174.3162075312564,174.7994384765625,99625300
2023-06-01,175.24321733975688,177.62975798334406,174.4838587106697,177.6001739501953,68901800
2023-06-02,178.52719900186148,179.26683000310032,176.7816656255451,178.44830322265625,61996900
2023-06-05,180.10507993454968,182.3929972823034,175.57852688511534,177.0972442626953,121946500
2023-06-06,177.4818328127375,177.62975297431,174.97694105936182,176.7323455810547,64848400
2023-06-07,175.97298038220674,178.7046879636189,174.86846975629078,175.36155700683594,61944600
2023-06-08,175.44044804834044,178.3398036598064,175.00654388250445,178.07354736328125,50214900
2023-06-09,178.99068805786467,179.71059129506313,178.13272098000036,178.45816040039062,48900000
2023-06-12,178.76388932505995,181.34766218390052,178.468033910057,181.24903869628906,54274900
2023-06-13,180.2727216495119,181.60404834381112,179.91769818813273,180.77566528320312,54929100
2023-06-14,180.8348467124019,181.84074910193183,179.50351991974284,181.40682983398438,57462900
2023-06-15,181.4166932611595,183.94129793003785,181.23917400121888,183.43833923339844,65433200
2023-06-16,184.14840773628853,184.40482280312972,181.72242626645283,182.36343383789062,101256200
2023-06-20,181.8604527350327,183.52709013546678,181.8604527350327,182.4521484375,49799100
2023-06-21,182.34367850052172,182.84663717983523,180.0656175699355,181.41668701171875,49515700
2023-06-22,181.19971869233248,184.46395407144706,181.1306792503188,184.41464233398438,51245300
2023-06-23,182.98469303577104,184.96689848868263,182.45215034536935,184.09906005859375,53117000
2023-06-26,184.24700235631448,185.4501365723536,182.6691169769034,182.7085723876953,48088700
2023-06-27,183.31999439512526,185.78543087633778,183.10303478095216,185.45999145507812,50730800
2023-06-28,185.33178721386028,187.27455239917202,185.00636283468697,186.633544921875,51216800
2023-06-29,186.4658979165552,187.4422162021352,186.32783407243755,186.96884155273438,46347300
2023-06-30,188.9806243235532,191.79121262094537,188.61572952588827,191.28826904296875,85213200
2023-07-03,191.10093714903454,191.19956064074086,189.10885998965753,189.7991943359375,31458200
2023-07-05,188.92145597370774,190.311950580781,187.98457816150727,188.6847686767578,46920300
2023-07-06,187.2153467766536,189.3652148198452,186.58419575483933,189.15811157226562,45094300
2023-07-07,188.7636804868427,190.0062550438309,187.60985803081866,188.04376220703125,46815000
2023-07-10,186.6433878022031,187.36330604998784,184.45407912216882,186.00238037109375,59922200
2023-07-11,186.5447914459214,186.68285528837708,184.02018687082855,185.47972106933594,46638100
2023-07-12,187.0575799007695,189.04965668897157,185.864317131752,187.14634704589844,60750200
2023-07-13,187.86624506525828,188.5467078881079,187.15619821079162,187.9056854248047,41342300
2023-07-14,187.59998771190843,188.53685056119244,187.00829198764853,188.0536346435547,41616200
2023-07-17,189.2469126832782,191.6334686208352,189.1581605746784,191.3080291748047,50520200
2023-07-18,190.67688432979497,191.6433313227349,189.75973403360663,191.05162048339844,48288200
2023-07-19,190.43028484435905,195.48934934189043,189.98649432100476,192.4026336669922,80507300
2023-07-20,192.39282446393295,193.75375040663724,189.8386355247165,190.45993041992188,59581200
2023-07-21,191.41650251566858,192.2744696321092,188.5861710830146,189.28636169433594,71951700
2023-07-24,190.73605347791477,192.2153155367517,189.59208720760122,190.08517456054688,45377800
2023-07-25,190.65713123041024,191.75178560391285,190.2527960456413,190.943115234375,37283200
2023-07-26,190.99241694846552,192.93518195125802,190.64726489612826,191.81094360351562,47471900
2023-07-27,193.30992124955094,194.47359988570312,189.88789468037692,190.5486297607422,47460200
2023-07-28,191.97860770429688,193.91151654263126,191.4559363697747,193.12257385253906,48291400
2023-07-31,193.34938604539337,193.77344894031904,192.56044337061044,193.73399353027344,38824100
2023-08-01,193.52690392813534,194.0101198390568,192.58016971551623,192.90560913085938,35175100
2023-08-02,192.3434921357412,192.48155598125388,189.19760772385698,189.91751098632812,50389300
2023-08-03,188.92147165885288,189.7103992851957,188.05363321247987,188.52699279785156,61235200
2023-08-04,182.95511789971007,184.78940327661547,179.40488328381886,179.4739227294922,115956800
2023-08-07,179.61197056531847,180.59814508763776,174.89805755245857,176.3773193359375,97576100
2023-08-08,177.205713919119,177.77769698523286,175.12488493894773,177.31419372558594,67823000
2023-08-09,178.36941190145535,178.42857997538025,174.5627769846933,175.72647094726562,60378500
2023-08-10,176.99859377509202,178.25103959448677,175.1445959609342,175.5094757080078,54686900
2023-08-11,175.10464195853916,176.38838822312198,174.34425781198718,175.56875610351562,52036700
2023-08-14,175.746475363334,177.44498719165242,175.09471767076215,177.21786499023438,43675600
2023-08-15,176.6451590301692,177.23765386072782,174.8380204140677,175.23301696777344,43622600
2023-08-16,174.91699954220002,176.30937200366554,174.29486573787133,174.36399841308594,46964900
2023-08-17,174.92688028330798,175.29225282363015,171.31260330101006,171.82611083984375,66062900
2023-08-18,170.14734105941557,172.91236175457905,169.81159252872837,172.3099822998047,61172200
2023-08-21,172.8827735295677,173.92952802889707,171.5693880510013,173.6431427001953,46311900
2023-08-22,174.84785755399471,175.46010661888187,174.04797988711957,175.01573181152344,42038900
2023-08-23,176.28962468028294,179.28176749229362,176.1019960768648,178.8571319580078,52722800
2023-08-24,178.41275636104422,178.83739189345877,173.81097351698816,174.17636108398438,54945800
2023-08-25,175.16388093182096,176.91175631972774,173.62337343895007,176.37850952148438,51449600
2023-08-28,177.8400250704037,178.33377827348758,176.31927183489213,177.93878173828125,43820700
2023-08-29,177.45488030453177,182.58991008586239,177.2573820568172,181.8196563720703,53003900
2023-08-30,182.62943856671393,185.5030858470339,182.43194029759772,185.30557250976562,60813900
2023-08-31,185.4931879048022,186.75719481874472,185.13768501849643,185.52281188964844,60794500
2023-09-01,187.12258052751662,187.54720101813678,185.92769123419916,187.09295654296875,45766500
2023-09-05,185.92769881238064,187.60645663383806,185.26607135025952,187.3299560546875,45280000
2023-09-06,186.04618648324464,186.4905763861184,179.20277485131902,180.62478637695312,81755800
2023-09-07,172.99135904079122,175.98351721110967,171.3718491931888,175.3416290283203,112488800
2023-09-08,176.121746745329,177.9881329660241,175.56873058484743,175.953857421875,65551300
2023-09-11,177.82026144859472,178.0473836718388,175.1243584797436,177.11912536621094,58953100
2023-09-12,177.2475294233725,177.8795329175836,172.63587633671216,174.09738159179688,90370200
2023-09-13,174.30474566083996,175.0848841389881,171.80635572558617,172.0334930419922,84267900
2023-09-14,171.82610607332606,173.89987544974738,171.41135521167203,173.54437255859375,60895800
2023-09-15,174.2750911398521,174.29484548306786,171.64833608181547,172.82345581054688,109259500
2023-09-18,174.2751007250675,177.13887792290447,173.9689761950564,175.74649047851562,67257600
2023-09-19,175.30211073798526,177.38574949277796,174.91698390976052,176.83274841308594,51826900
2023-09-20,177.0203888259045,177.45489404541186,173.20861358406935,173.29750061035156,58436200
2023-09-21,172.36925276684747,174.0973890433764,171.68787090976878,171.75698852539062,63149100
2023-09-22,172.48772049861157,174.86761425499944,171.87547142547365,172.60621643066406,56725400
2023-09-25,172.02359502231215,174.75899170155245,171.97421669351675,173.88011169433594,46172700
2023-09-26,172.63585300181884,173.01109513731117,169.51532957863083,169.81158447265625,64588900
2023-09-27,170.46333088230946,170.87808171574733,166.93794126401278,168.30068969726562,66921800
2023-09-28,167.2243249736919,169.8807195182162,165.5258128129139,168.55746459960938,56294400
2023-09-29,169.87081569769032,170.9077001905232,168.211797495528,169.07093811035156,51861100
2023-10-02,169.0808338409062,172.12235512412923,168.79444856905252,171.5792236328125,52164500
2023-10-03,170.1078434596355,171.46073744550782,168.6858469308082,170.24609375,49594600
2023-10-04,168.9524578917983,172.03348795172127,168.8339619515459,171.4903564453125,53020300
2023-10-05,171.6187292983148,173.25799352598938,170.52259660006877,172.72474670410156,48527900
2023-10-06,171.6285909459562,175.76624458491796,171.016326818613,175.27249145507812,57266700
2023-10-09,174.60098214625398,176.81300162773064,173.60360623261292,176.75375366210938,42390800
2023-10-10,175.87485420705488,177.47460937430563,175.7267192412531,176.16122436523438,43698000
2023-10-11,175.9736034231689,177.60299770884345,175.38110873868183,177.55361938476562,47551100
2023-10-12,177.82026707710477,180.06189553412176,176.80312172309905,178.4522705078125,56743100
2023-10-13,179.1533769286896,179.65699967721181,175.9143577270369,176.61549377441406,51427100
2023-10-16,174.5417330268598,176.84262444155877,174.3047260977915,176.48712158203125,52517000
2023-10-17,174.44299912050275,176.19088966345473,172.61612132571108,174.93675231933594,57549400
2023-10-18,173.3863964297676,175.36140946794492,172.9222671603436,173.6431427001953,54764400
2023-10-19,173.84059314667203,175.61810740546204,173.00122187734726,173.26785278320312,59302900
2023-10-20,173.11974130623128,173.2283676109075,170.48310107616433,170.72010803222656,64244000
2023-10-23,168.77470794688867,171.8359684831129,167.80694090892598,170.83859252929688,55980100
2023-10-24,170.88797493724758,171.50022404547477,169.30795876796012,171.27310180664062,43816600
2023-10-25,169.73259505065448,170.89784530264086,168.51795139973865,168.96234130859375,57157000
2023-10-26,168.2414494672427,169.2388405091802,163.600172706508,164.804931640625,70625300
2023-10-27,164.82468576422622,166.8490767618186,164.7456834493569,166.11831665039062,58499100
2023-10-30,166.90830774256386,169.0314401165317,166.7601727667049,168.1624298095703,51131000
2023-10-31,167.23421730907862,168.76484019690602,165.80232095364974,168.636474609375,44846000
2023-11-01,168.86355325507674,172.05319393081336,167.9945430130093,171.79644775390625,56934900
2023-11-02,173.32709544733643,175.55885407348563,173.2678474852133,175.3514862060547,77334800
2023-11-03,172.06309922812656,174.61086723243213,171.1842192438163,174.44297790527344,79829200
2023-11-06,174.17636920813592,177.18825142381783,174.00849494223715,176.99075317382812,63841300
2023-11-07,176.9413698079054,180.1606499568927,176.73400192517136,179.54840087890625,70530000
2023-11-08,180.07176426042716,181.1580120556029,179.3212498937122,180.60501098632812,49340300
2023-11-09,180.67417400336535,181.81966995293175,179.53853262491765,180.13104248046875,53763500
2023-11-10,181.91089548671326,184.48180071812672,181.47581782404296,184.31369018554688,66133400
2023-11-13,183.74020094629049,183.94784205398747,182.14822040593083,182.7316131591797,43627500
2023-11-14,185.5991101996175,186.0045247766197,184.214786141562,185.34202575683594,60108400
2023-11-15,185.74744196041772,187.3789678351275,185.67821821290843,185.9056396484375,53790500
2023-11-16,187.44819173837502,188.8226331691939,186.53847581950137,187.5866241455078,54412900
2023-11-17,188.1206090057824,188.24915879673333,186.45941980581802,187.56687927246094,50922700
2023-11-20,187.76460727588125,189.76200213676566,187.75472463510502,189.30714416503906,46505100
2023-11-21,189.26759612132614,189.37636552049437,187.61628985249988,188.50621032714844,38134500
2023-11-22,189.3467095850447,190.77057938008178,188.6940931656517,189.16871643066406,39617700
2023-11-24,188.73363999587542,188.76330300712377,187.13177703645835,187.84371948242188,24048300
2023-11-27,187.79424494317865,188.53585027734727,186.78565746406957,187.6656951904297,40552600
2023-11-28,187.65584993609482,188.9413024556769,187.2800983304318,188.26890563964844,38415400
2023-11-29,188.76331653900834,189.93999969621768,186.85492560121705,187.2504425048828,43014200
2023-11-30,187.71514418509676,188.18978247653794,186.0836184362666,187.82391357421875,48794400
2023-12-01,188.19966916513812,189.4158977511225,187.11197525051801,189.0994873046875,45704800
2023-12-04,187.85361573572166,187.9228394923183,185.35193435249073,187.3097686767578,43389500
2023-12-05,188.081033613139,192.2241233156588,188.05135551468544,191.25509643554688,66628400
2023-12-06,192.27356863697858,192.58009647341478,189.95976327032974,190.16741943359375,41089700
2023-12-07,191.46276025185608,192.81742141001197,191.42319951100376,192.09559631347656,47477700
2023-12-08,192.02637677770835,193.79635031367135,191.50231010992096,193.5194854736328,53406400
2023-12-11,190.9485830810774,191.3243346926335,189.27749628821252,191.01779174804688,60943700
2023-12-12,190.91889435682484,192.54053754746204,189.5741159727842,192.53065490722656,52696900
2023-12-13,192.90639105920806,195.78382360297798,192.6690869899489,195.74427795410156,70404200
2023-12-14,195.80361960949875,197.38570218691584,193.96443748585023,195.89260864257812,66831600
2023-12-15,195.3190970971854,196.17935458626624,194.79503045579114,195.35865783691406,128538400
2023-12-18,193.8952224343076,194.4291868327445,192.21425301938103,193.6974639892578,55751900
2023-12-19,193.96444926391277,194.7456004150459,193.69746706046115,194.7357177734375,40714100
2023-12-20,194.69614571593394,195.46741418063525,192.64932250976562,192.64932250976562,52242800
2023-12-21,193.9050960501454,194.8741228719849,191.33419132020353,192.5009765625,46482500
2023-12-22,192.9954077755279,193.2228443252002,190.81015202156473,191.43310546875,37149600
2023-12-26,191.44298138124012,191.719846217368,190.6717128965979,190.88925170898438,28919300
2023-12-27,190.33549688162287,191.33418668795235,188.95115779593849,190.98809814453125,48087700
2023-12-28,191.96702917839156,192.4812131469618,191.00788498748184,191.41329956054688,34049900
2023-12-29,191.72975289130503,192.22415660179112,189.58404259835586,190.37509155273438,42672100
2024-01-02,185.0552730997862,186.33084291740326,181.83176685644636,183.5621795654297,82488700
2024-01-03,182.15806587250447,183.79948946618282,181.37689972544035,182.18772888183594,58414500
2024-01-04,180.11120541247377,181.0406864911751,178.8554312715038,179.8739013671875,71983600
2024-01-05,179.95303087035154,180.71440156415224,178.15339449300276,179.15208435058594,62379700
2024-01-08,180.05193047893468,183.52265400582175,179.46853775144191,183.48309326171875,59144500
2024-01-09,181.8614486084712,183.07767744176536,180.68476543102267,183.0677947998047,42841800
2024-01-10,182.2866315170422,184.31367440860302,181.8614365329183,184.1060333251953,46792900
2024-01-11,184.45208965863696,184.9563909902637,181.56477442626638,183.51272583007812,49128400
2024-01-12,183.9774674403319,184.64986419021457,183.1172099941003,183.8390350341797,40477800
2024-01-16,180.12115895148446,182.19764543114704,178.9049149905355,181.57470703125,65603000
2024-01-17,179.2411232206481,180.88253205239923,178.28197882705663,180.6353302001953,47317400
2024-01-18,184.00715864056133,187.0230241166397,183.7500741577492,186.51873779296875,78005800
2024-01-19,187.21087293560348,189.80154302609114,186.7065866846462,189.41590881347656,68903000
2024-01-22,190.14763349819026,193.14371820043874,190.1080727596782,191.71983337402344,60133900
2024-01-23,192.83720939883855,193.55903452389106,191.66052626402544,192.9954071044922,42355600
2024-01-24,193.23271418014866,194.18197579456825,192.16480052192722,192.32301330566406,53631300
2024-01-25,193.03497008475262,194.07322080915367,190.94858599423335,191.99671936035156,54822100
2024-01-26,192.09559590318426,192.58010181757646,189.7916731135176,190.26629638671875,44594000
2024-01-29,189.86087972294905,190.04875551955823,187.4580852833725,189.58401489257812,47145600
2024-01-30,188.80285272092348,189.65322753238257,185.37169046557113,185.935302734375,55859400
2024-01-31,184.94652570867123,185.00586682539145,182.28664653050623,182.33607482910156,55467800
2024-02-01,181.93066720224104,184.85752846784007,181.76257176566293,184.76853942871094,64885400
2024-02-02,177.84686070362292,185.2332515745558,177.24368771791086,183.7698211669922,102551700
2024-02-05,186.0440863383638,187.1317803970082,183.75994390321247,185.579345703125,69668800
2024-02-06,184.76853636353553,187.19111127921153,184.67954732588265,187.1812286376953,43490800
2024-02-07,188.50622203381667,188.91163664571195,186.49894443287428,187.2899932861328,53439000
2024-02-08,187.27021997882892,187.418535043408,185.2530596605407,186.2122039794922,40962000
2024-02-09,186.77652244170517,188.10322646586073,186.13298359451971,186.97454833984375,45155200
2024-02-12,186.54881961012742,186.79633688725167,184.93500212895557,185.2914276123047,41781900
2024-02-13,183.92516926847068,184.36080215673553,181.68760308915722,183.20240783691406,56529500
2024-02-14,183.47959151637605,183.68749754312392,180.6281880058035,182.32119750976562,54630500
2024-02-15,181.727184392981,182.65785175424014,179.54903541760635,182.0341033935547,65434500
2024-02-16,181.5984737728991,183.0142804515248,179.86585283584154,180.49949645996094,49752500
2024-02-20,179.98463913307552,180.61828269677792,178.21242224791314,179.75692749023438,53665600
2024-02-21,180.13315310757224,181.0737156195715,178.8658660184515,180.50938415527344,41371400
2024-02-22,181.65787110291916,183.1231842228548,180.64801151557128,182.53903198242188,52292200
2024-02-23,183.17267506039363,183.20237592421455,180.42028422645075,180.70741271972656,45119700
2024-02-26,180.4302078946742,180.94503297704767,178.85598645977296,179.36093139648438,40867400
2024-02-27,179.30152539649055,182.09351248592515,177.77681047698752,180.8163299560547,54318900
2024-02-28,180.69750358801915,181.30144633523983,178.34114943443706,179.6183319091797,48953900
2024-02-29,179.46984202762675,180.75693496542868,177.74711623943745,178.9550018310547,136682600
2024-03-01,177.76691576574171,178.7371792855814,175.61846756104012,177.87582397460938,73563100
2024-03-04,174.4006596751229,175.14321147352493,172.06409607852763,173.36109924316406,81510100
2024-03-05,169.06420089624305,170.33148818677603,167.93552268101038,168.43055725097656,95132400
2024-03-06,169.36119643359416,169.53941670485264,167.00482743895031,167.44046020507812,68587700
2024-03-07,167.47015957545335,169.0344703547855,166.81672553933012,167.3216552734375,71765100
2024-03-08,167.3216847390924,171.97500667784078,167.2622830078253,169.0345001220703,76267000
2024-03-11,171.22256991091453,172.64827197645664,170.34140892696936,171.03445434570312,60139500
2024-03-12,171.43045147590772,172.3017170819102,169.31170429451927,171.50965881347656,59825400
2024-03-13,171.05422401757613,171.4700511814422,169.0641756745517,169.43051147460938,52488700
2024-03-14,171.1928340614332,172.57892461566286,170.34137411890524,171.2819366455078,72913500
2024-03-15,169.47011882986195,170.9057159423828,168.59885322457814,170.9057159423828,121752700
2024-03-18,173.82641511894556,175.94516209588443,171.79677072295308,171.99478149414062,75604200
2024-03-19,172.6086342803731,174.85609525037736,171.31164624406932,174.33135986328125,55215200
2024-03-20,173.97492929704185,176.8956298828125,173.3511809805003,176.8956298828125,53423100
2024-03-21,175.29172116809335,175.72735394947048,169.14338597139206,169.66812133789062,106181300
2024-03-22,170.05426688241553,171.33146450930536,168.37115239719608,170.56910705566406,71160100
2024-03-25,168.87611739287553,170.2325074163458,167.76722957196378,169.15333557128906,54288300
2024-03-26,168.31174106723407,169.71763732680742,167.8959138727621,168.02462768554688,57388400
2024-03-27,168.71767294274684,171.87599567632833,168.42064920188324,171.5888671875,60273300
2024-03-28,170.04434616825796,170.51957504542207,168.8166552027259,169.7770233154297,65672700
2024-04-01,169.48991432845702,169.54931605122675,167.79688969325008,168.3414306640625,46240500
2024-04-02,167.40087579338118,167.65828830624176,166.55931106297376,167.1632537841797,49329500
2024-04-03,167.11374996517486,168.98497988400436,166.90584392266877,167.9652099609375,47691700
2024-04-04,168.59885072968464,170.21266810452119,167.14346313476562,167.14346313476562,53704400
2024-04-05,167.90579979250484,168.69785802201392,167.27215623034843,167.89590454101562,42104800
2024-04-08,167.3513719945941,167.51968192191484,166.5692240844266,166.77713012695312,37425500
2024-04-09,167.02464767080627,168.39094781013864,166.67813256359855,167.98501586914062,42373800
2024-04-10,167.12365945587084,167.4107728345435,165.45044033625643,166.11378479003906,49709300
2024-04-11,166.66822184170525,173.7175238179071,166.49001666248702,173.3016815185547,91070300
2024-04-12,172.52942533467058,176.5887144383463,172.47993396851362,174.79669189453125,101670900
2024-04-15,173.61851932570818,174.8759113224836,170.7869210734751,170.97503662109375,73531800
2024-04-16,170.04436539186383,172.0343988146065,166.59892920522176,167.69790649414062,73711200
2024-04-17,167.92563121825307,168.95529649982927,166.3316192626953,166.3316192626953,50901200
2024-04-18,166.36130787024413,166.96525061902096,164.89600984807865,165.38113403320312,43122900
2024-04-19,164.55939469854349,164.7474951408098,162.4505426435407,163.3614044189453,68149400
2024-04-22,163.87623994630854,165.59895049362888,163.1336881290828,164.19305419921875,48116400
2024-04-23,163.70794332424896,165.39105789202225,163.2822057253187,165.24253845214844,49537800
2024-04-24,164.88609429896647,167.6186945681344,164.55938480415762,167.3414764404297,48251800
2024-04-25,167.84640961058278,168.9156860278579,166.4801094484109,168.2028350830078,50558300
2024-04-26,168.19293999888993,169.63843239437367,167.49987955768663,167.6186981201172,44838400
2024-04-29,171.64827897757164,174.28186646983917,171.38097119165224,171.77699279785156,68169400
2024-04-30,171.6086653165762,173.25218351807536,168.31173366197407,168.63845825195312,65934800
2024-05-01,167.8959162536964,170.99483730573115,167.43058257791944,167.6186981201172,50383100
2024-05-02,170.79680537480178,171.69777183075684,169.19289835753364,171.3116455078125,94214900
2024-05-03,184.7963988764884,185.14292911827533,180.84603267784937,181.5588836669922,163224100
2024-05-06,180.53910014061182,182.3707188474722,178.62825898838415,179.90545654296875,78569700
2024-05-07,181.62815272879564,183.0637497391675,179.5193160584302,180.5885772705078,77305800
2024-05-08,181.0341096024307,181.25192597526086,179.64800403830677,180.92520141601562,45057100
2024-05-09,180.74698180735047,182.82613260743545,180.30145380940453,182.73703002929688,48983000
2024-05-10,183.31206939842306,183.50044009541958,180.56586910059414,181.47796630859375,50759500
2024-05-13,183.84743912898392,185.49318663872077,183.0344740478803,184.6802215576172,72044800
2024-05-14,185.8996272619275,186.68285108112164,184.69010361608505,185.8203125,52393600
2024-05-15,186.29619948475903,189.01265820085425,185.76082862824447,188.0906524658203,70400000
2024-05-16,188.83423487080034,189.458829238671,188.03119361367854,188.2096405029297,52845200
2024-05-17,187.88245575005936,189.17129419091543,187.55528802161362,188.23936462402344,41282900
2024-05-20,187.70403175639103,190.2717851507536,187.38677266186554,189.3993377685547,44361300
2024-05-21,189.44890089382775,191.07481584379752,189.28036268210627,190.69808959960938,42309400
2024-05-22,190.6187885434668,191.16406816634918,188.63596455316463,189.2605438232422,34648500
2024-05-23,189.3398501117122,189.35968258649532,185.02721720275102,185.2750701904297,51005900
2024-05-24,187.1984232707908,188.94330296502375,186.4251079843019,188.34844970703125,36327000
2024-05-28,189.86528785982966,191.34249703943843,187.47599667367734,188.3583526611328,52280100
2024-05-29,187.98162409974876,190.59895109353056,187.8824768517226,188.65577697753906,53068000
2024-05-30,189.12175436970267,190.52955764421512,188.99288109200768,189.64720153808594,49889100
2024-05-31,189.7959119633218,190.9162123421418,188.27905284340878,190.5989532470703,75158300
2024-06-03,191.24334718637152,193.31540952983562,190.86662095571478,192.3636474609375,50080500
2024-06-04,192.96841099700254,193.64257895328527,191.37223723797064,192.680908203125,47471400
2024-06-05,193.72190135445058,195.20901937445223,193.19645419760306,194.1878662109375,54156800
2024-06-06,194.0093836485974,194.8124248113502,192.50243342955554,192.8097686767578,41181800
2024-06-07,192.978343568532,195.2486855650071,192.47272888451312,195.19911193847656,53103900
2024-06-10,195.20899197297106,195.60556579928584,190.49978557066368,191.46145629882812,97010200
2024-06-11,191.98691085726122,205.38089548057218,191.96709351098235,205.3709716796875,172373300
2024-06-12,205.58909768640683,218.3089152196564,205.1231328450552,211.2401580810547,198134300
2024-06-13,212.8957913864929,214.88852380834695,209.782758705521,212.40008544921875,97862700
2024-06-14,212.01345147179217,213.32210737882852,209.4853479747781,210.66513061523438,70122700
2024-06-17,211.5375569916551,217.06963733267014,210.8931452933454,214.80921936035156,93728300
2024-06-18,215.72132373307375,216.75240063817128,211.1707464886947,212.4496612548828,79943300
2024-06-20,212.0927269910851,212.40007736780652,207.0563681724187,207.8792266845703,86172500
2024-06-21,208.58314195009936,210.0702597495804,205.3313122387871,205.7080535888672,241805100
2024-06-24,205.93610206103614,210.87332959032133,204.8158016590104,206.3524932861328,80727000
2024-06-25,207.35377473031713,209.5646339662685,206.81841900726565,207.27447509765625,55549700
2024-06-26,209.68362348048936,213.01476817493463,208.8310086144187,211.41859436035156,66213200
2024-06-27,212.84625148948237,213.88723714823547,210.52635096614495,212.26132202148438,49772700
2024-06-28,213.9169841828714,214.21441082608845,208.49395901051298,208.8112030029297,82542700
2024-07-01,210.26856627972688,215.64201747450758,210.10002805599396,214.8885498046875,60402900
2024-07-02,214.29369867156123,218.48738234159504,213.2527281692765,218.37832641601562,58046200
2024-07-03,218.11063203893852,219.64732360839844,217.1489612238199,219.64732360839844,37369800
2024-07-05,219.74645469045154,224.50523511983306,219.74645469045154,224.39617919921875,60412400
2024-07-08,225.13973799267995,225.89322076278884,221.3327197032473,225.8634796142578,59085900
2024-07-09,225.9725055332989,227.42988222637766,224.4259054004998,226.716064453125,48076100
2024-07-10,227.3307677065015,231.0783037422216,227.28119408246098,230.97915649414062,62627700
2024-07-11,229.40280147827102,230.39421338925845,223.83107137940016,225.61561584472656,64710600
2024-07-12,226.9540066999144,230.64206011910093,226.71606240173486,228.56008911132812,53046500
2024-07-15,234.44910163171727,235.1926606193721,231.0882156126273,232.386962890625,62631300
2024-07-16,232.98180687397965,234.24090427881208,230.33473879844306,232.80335998535156,43234300
2024-07-17,227.4794799069808,229.47222770464353,224.6936146131452,226.9143829345703,57345900
2024-07-18,228.3023493485251,228.46097889584826,220.36114484151935,222.25473022460938,66034600
2024-07-19,222.88923571935766,224.8522270905052,221.36245288688534,222.38360595703125,49151500
2024-07-22,225.06044629209634,225.8238378140571,221.17411283226946,222.03665161132812,48201800
2024-07-23,222.44308791792702,224.9910238167192,220.76759935066607,223.0775909423828,39960300
2024-07-24,222.07627816799848,222.86941075843336,215.26528287042115,216.6631622314453,61777600
2024-07-25,217.0497975364767,218.95332167523742,212.77681471652627,215.62217712402344,51391200
2024-07-26,216.82180047841348,217.60502442671483,214.15489978899527,216.08816528320312,41601300
2024-07-29,215.0967318967012,217.41663210574902,213.89711684474761,216.36573791503906,36311800
2024-07-30,217.3075789949067,218.43778796730905,214.2639371695869,216.92092895507812,41643800
2024-07-31,219.53827220377053,221.89783756706774,218.73523091700034,220.1727752685547,50036300
2024-08-01,222.44309097566543,222.55214689360594,215.15622233135366,216.48471069335938,62501000
2024-08-02,217.2679231335739,223.66254232334134,215.84030263063204,217.97183227539062,105568600
2024-08-05,197.38019703112641,211.66644653820467,194.31673780556494,207.4727783203125,119548600
2024-08-06,203.53683889765693,208.1865625077704,199.3431713568102,205.45025634765625,69660500
2024-08-07,205.1231000541341,211.8052211847486,204.61748547057303,208.01803588867188,63516400
2024-08-08,211.27982425167653,212.36045976406422,207.03658185433542,211.4781036376953,47161100
2024-08-09,210.2784595957283,214.9182597959333,210.1495712142523,214.38290405273438,42201600
2024-08-12,214.46230979315655,217.8767012951475,213.99580567883797,215.91143798828125,38028100
2024-08-13,217.38044783379533,220.23902400333975,217.38044783379533,219.62364196777344,44155300
2024-08-14,218.92887503482297,221.37056313371255,218.06533789669703,220.0703125,41960600
2024-08-15,222.9288560878089,223.67327566716008,221.1025352094067,223.04795837402344,46414000
2024-08-16,222.25391598005478,225.14226768918678,221.98592068094572,224.36807250976562,44340200
2024-08-19,224.04051049270504,224.30850577318623,221.3804434072076,224.20924377441406,40687800
2024-08-20,224.09014645304697,225.4797235950926,223.77252016614798,224.8246307373047,30299000
2024-08-21,224.8345868015738,226.28371522001356,223.37552309496598,224.71546936035156,34765500
2024-08-22,226.09511339685906,226.64102413052154,222.2340576918725,222.859375,43695300
2024-08-23,223.98097823318813,226.52192810531062,222.66087229355688,225.15219116210938,38677300
2024-08-26,225.0727813784282,225.58891654674125,222.22414052811973,225.48965454101562,30602200
2024-08-27,224.31846403822652,227.147264886192,223.21672230373292,226.33335876464844,35934600
2024-08-28,226.22416240429726,228.149730282918,224.00082364270057,224.8048095703125,38052200
2024-08-29,228.38793686624163,231.18694665641485,227.17701311839377,228.08023071289062,51906300
2024-08-30,228.4772602189495,228.68568922028223,225.78741746908054,227.29611206054688,52990800
2024-09-03,226.84948058831634,227.2961293418145,219.52438650802387,221.11248779296875,50190600
2024-09-04,220.01074262314262,220.12984491677884,215.86183603349318,219.20677185058594,43840200
2024-09-05,219.9809527371486,223.80229748015876,219.87177059333374,220.72537231445312,36615400
2024-09-06,222.28368749781316,223.56409767944487,218.13479623481732,219.17698669433594,48423000
2024-09-09,219.17701543505086,219.6236642204836,215.09759492361837,219.26634216308594,67180000
2024-09-10,217.29112653781655,219.83207646515766,215.1174187834135,218.47227478027344,51591000
2024-09-11,219.81221238330573,221.43007391385896,216.2687680395375,221.00328063964844,44587100
2024-09-12,220.84449248276735,221.8866830044339,218.1844402475294,221.11248779296875,37455600
2024-09-13,221.91644846858938,222.37301734416337,220.25887596851652,220.844482421875,36766600
2024-09-16,214.9288136198369,215.6037619118882,212.32831274384958,214.71046447753906,59357400
2024-09-17,214.14471619981742,215.28615358843467,212.904016801209,215.17697143554688,45519300
2024-09-18,215.9313221513165,221.05293280374121,215.92138686335736,219.04795837402344,59894900
2024-09-19,223.31596324984213,228.11002736409566,222.95864123060412,227.16708374023438,66781300
2024-09-20,228.25889437635817,231.35567496568984,225.9263736470506,226.50205993652344,318679900
2024-09-23,225.64846451262724,227.742765583781,224.12984974700805,224.78494262695312,54146000
2024-09-24,226.94872814757065,227.64353192764617,224.05045616714196,225.67825317382812,43556100
2024-09-25,223.25638097071698,225.59882178569194,222.35316341740713,224.6856689453125,42308700
2024-09-26,225.608784129346,226.79985253593196,223.73284722402752,225.8271484375,36636700
2024-09-27,226.7601514881057,227.81226214161182,225.6087788258606,226.09512329101562,34026000
2024-09-30,228.32835965023514,231.26634216308594,227.94126208675945,231.26634216308594,54541900
2024-10-01,227.81225543239978,227.9412778656533,222.07526286618742,224.52688598632812,63285000
2024-10-02,224.20925878310885,225.67824256269316,221.360617941662,225.09263610839844,32880600
2024-10-03,223.4648504260935,225.12242301224842,221.65839996957536,223.99090576171875,34044200
2024-10-04,226.2043247736995,226.30358679092132,222.46238601950515,225.11251831054688,37245100
2024-10-07,222.8296172342201,224.01076551273388,219.68320530273118,220.04052734375,39505400
2024-10-08,222.6311156567822,224.29860847272343,221.58892507419034,224.09017944335938,31855700
2024-10-09,223.55416342639623,228.0405364361267,223.15714569962594,227.83209228515625,33591100
2024-10-10,226.0851807689644,227.7923841625437,225.47971892420364,227.33580017089844,28183500
2024-10-11,227.5938974682738,227.70307961960657,225.6484741750507,225.85691833496094,31759200
2024-10-14,226.99834931201846,230.0058033150611,226.89910245149323,229.57901000976562,39882100
2024-10-15,231.87181141001133,235.72294688412148,230.64103225198252,232.1100311279297,64751400
2024-10-16,229.87678174389526,230.3929017691756,228.12986736523644,230.05543518066406,34082200
2024-10-17,231.69315867439417,232.11004699556463,228.8048220166126,230.4226837158203,32993800
2024-10-18,234.42267769537074,234.42267769537074,232.2688255608399,233.25146484375,46431500
2024-10-21,232.7055796017645,235.08773156933626,232.7055796017645,234.72047424316406,36254500
2024-10-22,232.14974382855843,234.4624093106695,230.86934872103873,234.10508728027344,38846600
2024-10-23,232.33831918874512,233.3904297884605,226.06533615950997,229.0430145263672,52287000
2024-10-24,228.26882480795348,229.10258628095696,226.71051430099084,228.8544464111328,31109500
2024-10-25,228.03059902781462,231.48470145399645,227.8618657494506,229.68817138671875,38802300
2024-10-28,231.5839844241638,232.98348177622344,230.81970938626554,231.6633758544922,36087100
2024-10-29,231.36563017470797,232.5864741436605,230.59143496071306,231.93138122558594,35417200
2024-10-30,230.87924283818487,231.7328445287285,227.84201349481597,228.38792419433594,47070900
2024-10-31,227.63358238786932,228.11994197442104,223.693120129287,224.22911071777344,64370100
2024-11-01,219.32586653780092,223.67328184782377,218.6310779402587,221.25143432617188,65276700
2024-11-04,219.34572401852256,221.13231895883285,218.0752491010658,220.35812377929688,44944500
2024-11-05,220.14969745378525,222.28369429475046,219.49460455688452,221.78741455078125,28111300
2024-11-06,220.95368405362794,224.3879467919736,219.54425129715867,221.0628662109375,54561100
2024-11-07,222.95864433437472,226.18446269494834,222.89909318788202,225.7874298095703,42137700
2024-11-08,225.72780810336752,227.20835428792034,224.9726384261151,225.51914978027344,38328800
2024-11-11,223.57158868270503,224.26714170400084,220.0938084143074,222.8064727783203,42005600
2024-11-12,223.12444853772337,224.15783943194586,221.9420008205612,222.8064727783203,40398300
2024-11-13,222.5878574334345,225.21109667354565,221.3457931121334,223.69081115722656,48566200
2024-11-14,223.59146688403666,227.41701609796436,223.57158960851197,226.77114868164062,44923900
2024-11-15,224.96268496170848,225.4793879673537,222.84621765747355,223.5715789794922,47923700
2024-11-18,223.8199993254601,228.28149999782985,223.74050538640262,226.57241821289062,44633700
2024-11-19,225.53901477922054,228.6988344551977,225.22105418122663,226.8307647705078,36211800
2024-11-20,226.61215353970658,228.47027695087482,224.45593165289552,227.5461883544922,35169600
2024-11-21,227.42694424740614,228.69881686539628,224.27707103239013,227.06922912597656,42108300
2024-11-22,226.6121530455377,229.25526960886552,226.6121530455377,228.41065979003906,38168300
2024-11-25,229.99057974831032,231.7692092379923,228.28149797848934,231.39161682128906,90152800
2024-11-26,231.84870566104107,234.07449047305911,231.84870566104107,233.56771850585938,45986200
2024-11-27,232.98145117337265,234.19370712659864,232.32563759305353,233.4385223388672,33498400
2024-11-29,233.3192972938568,236.3002516789311,232.48463370489634,235.82330322265625,28481400
2024-12-02,235.76370602927642,239.26134854667043,235.65440375298792,238.0689697265625,48137100
2024-12-03,238.28754591958514,241.2188145923816,237.38331948353385,241.10951232910156,38861000
2024-12-04,241.32814402991647,242.56027739454964,239.7184333911867,241.46725463867188,44383900
2024-12-05,242.4410361127995,242.98753231090083,240.59284370740727,241.49705505371094,40033900
2024-12-06,241.36788746709487,243.0769692456264,240.5431549096241,241.29832458496094,36870600
2024-12-09,240.29475369946152,245.67041216886827,240.21525975684386,245.1835174560547,44649200
2024-12-10,245.3226337747269,246.63426111556626,243.78247081974237,246.19705200195312,36914800
2024-12-11,246.3858398593606,249.20780656351602,244.69662013013263,244.9251708984375,45205800
2024-12-12,245.32260415969785,247.1608653940442,244.1202792424049,246.3858184814453,32777500
2024-12-13,246.24673423955153,247.7073880681415,244.676762972136,246.5547637939453,33155300
2024-12-16,246.41563368868003,249.78411156803347,246.07778066556844,249.44625854492188,51694800
2024-12-17,248.49237939681157,252.2185726786221,248.19428090188288,251.87078857421875,51356400
2024-12-18,250.55917390522964,252.6657103008961,246.1672359539693,246.4752655029297,56774100
2024-12-19,245.92875304737495,250.4001849209636,245.52135228225407,248.20420837402344,60882300
2024-12-20,246.46531011815415,253.38113119374523,244.13023820234332,252.87437438964844,147495300
2024-12-23,253.15257310041957,254.02697602810866,251.84094596601008,253.64939880371094,40858800
2024-12-24,253.868019379837,256.5707374276886,253.66927695641888,256.5608215332031,23234700
2024-12-26,256.5508929178466,258.44877099351584,255.99445048269988,257.3756103515625,27237100
2024-12-27,256.19316170058187,257.05766400729357,251.45345479939442,253.96739196777344,42355300
2024-12-30,250.6287158030117,251.890657464443,249.15811581542044,250.59890747070312,35557500
2024-12-31,250.83741118103507,251.67207488235135,247.84651017510492,248.83023071289062,39480700
