Date,Open,High,Low,Close,Volume
2010-01-04,38.01681228316593,38.849246772470494,37.96982013752196,38.74855041503906,5277400
2010-01-05,38.4867407431386,38.728413565399045,37.775141288433474,38.41289520263672,7882800
2010-01-06,38.2249181553175,38.527012337756105,37.92953859964407,38.12422180175781,6015100
2010-01-07,37.86912697525113,37.94968458561686,36.68760596665947,37.775142669677734,10371600
2010-01-08,37.64087761629708,38.15108178169172,37.35221007661122,38.110801696777344,6576000
2010-01-11,38.218199033553574,38.506866470047555,38.01008917721068,38.27861785888672,4062700
2010-01-12,38.359190058785416,38.547158671071095,36.80172925758337,37.6140251159668,11268300
2010-01-13,37.828838843385476,38.09736756866185,37.567024744724854,37.949676513671875,5056200
2010-01-14,37.82883221489346,37.94966986400629,37.53345271755058,37.7012825012207,4668900
2010-01-15,37.614023852963,37.93625684643863,37.35892433367825,37.761714935302734,7240000
2010-01-19,37.86912250657649,38.76869049229613,37.7549994520986,38.63442611694336,8570100
2010-01-20,38.68141652433135,38.68141652433135,37.86912080325929,38.39946365356445,6625700
2010-01-21,38.55386241164878,38.64113462594181,37.801985613953775,38.016807556152344,5833700
2010-01-22,38.04365427462466,38.46658604809266,37.9496700051605,37.99666213989258,5967600
2010-01-25,38.077222766665585,38.124214901998045,37.29177803447581,37.39918899536133,6719400
2010-01-26,37.72814380778843,38.17792649330029,37.3924841699271,37.983245849609375,14880300
2010-01-27,37.828849601581226,38.85597009111973,37.828849601581226,38.761985778808594,9695000
2010-01-28,38.84923254065009,39.46013277110769,38.64112527500079,38.990211486816406,11638200
2010-01-29,39.171493917553455,39.560860477818316,39.04394412757745,39.258766174316406,9465700
2010-02-01,39.2855888958519,39.500410774856086,39.18489001968422,39.41985321044922,7079100
2010-02-02,39.3393094924587,39.8092335091017,39.21175974887726,39.76224136352539,7660900
2010-02-03,39.54071168430954,39.88979550107759,39.51385829505657,39.65483474731445,7082600
2010-02-04,39.540707664378736,39.64811864959047,38.48673657171361,38.62099838256836,9534500
2010-02-05,38.627722076370496,38.95666717540676,38.02353354218891,38.72170639038086,8409900
2010-02-08,38.627708078445494,38.88280753520757,38.063799837852144,38.57400131225586,5947800
2010-02-09,39.097638158836645,39.205049147148834,38.06380579578183,38.40617752075195,18732200
2010-02-10,38.32562480306973,38.45988919578751,37.84227401363784,38.15779495239258,6019100
2010-02-11,37.96982262364179,38.26520221001279,37.748286013203504,37.929542541503906,8491100
2010-02-12,37.741572911080524,38.07723257037969,37.60730853518486,37.916114807128906,8008700
2010-02-16,38.01009013887904,38.26519213683752,37.72813732077707,38.258480072021484,5245900
2010-02-17,38.218207139122946,38.647851072222885,38.09736946282861,38.39946365356445,6831900
2010-02-18,38.46658421876412,38.560568483758736,38.332319885537885,38.44644546508789,8120500
2010-02-19,38.29875005150258,38.741820507735746,38.23161917302559,38.520286560058594,7131600
2010-02-22,38.50688473462162,38.56058895990222,38.13094491413537,38.332340240478516,7176800
2010-02-23,38.23835149032959,38.412895964227374,37.82884625643121,37.8489875793457,7703000
2010-02-24,38.036945700695384,38.25176763943607,37.828835827155565,38.09065246582031,4887700
2010-02-25,37.916118084621466,37.916118084621466,37.4461940088061,37.761714935302734,6592200
2010-02-26,37.761712084092885,38.28534033884404,37.66101316084997,38.003387451171875,6351700
2010-03-01,38.09065573284283,38.32561644821811,38.07722904041,38.19806671142578,5638400
2010-03-02,38.20477849453027,38.278624021924614,37.90939894583258,38.17792510986328,7219100
2010-03-03,38.17792539233666,38.37932065706972,38.043661028888046,38.19806671142578,5655600
2010-03-04,38.271916914674435,38.31891162751466,37.84227291910856,38.110801696777344,6127000
2010-03-05,38.097371527710905,38.439743255181554,37.73485847917964,38.42631912231445,6529100
2010-03-08,38.43301877366059,39.00363898874319,38.39945333057558,38.6746940612793,4409300
2010-03-09,38.44646460722646,38.88953533485843,38.43974997873846,38.77540969848633,5095400
2010-03-10,38.923101836530485,38.929816465198215,38.60086880425281,38.78883743286133,4620700
2010-03-11,38.55386664959586,38.76197654936155,38.3189059247635,38.594146728515625,4346900
2010-03-12,38.74855055036706,38.7686893097477,38.37261082302244,38.55386734008789,3601400
2010-03-15,38.4464548837756,38.768687825932325,37.94967749740079,38.19135284423828,7051800
2010-03-16,38.459883806610705,38.62771363377077,38.070517378377,38.54715347290039,6256500
2010-03-17,38.5068751942798,38.55386734008789,38.1980689330038,38.55386734008789,5348600
2010-03-18,38.540442020378684,39.2319000998084,38.372612190545844,39.144630432128906,6442600
2010-03-19,39.554125952784666,40.36642412936926,38.70155282412597,40.279151916503906,18901000
2010-03-22,40.01733619699068,40.540964330940824,39.9434906784327,40.339569091796875,8837000
2010-03-23,40.20530571145093,40.33285799598111,40.01733715851737,40.31943130493164,5024800
2010-03-24,40.13818551034736,40.27916196260525,39.58098920730885,39.65483474731445,9367100
2010-03-25,39.87635452899701,40.138168561458585,39.60782587161747,39.78236770629883,8863000
2010-03-26,39.8360911928601,40.22545509262215,39.60784250648919,39.88308334350586,5627100
2010-03-29,40.077758318313016,40.379852482294,40.01733948551682,40.21873474121094,4268700
2010-03-30,40.15160054337978,40.460406747459125,39.98377075061325,40.339569091796875,4360400
2010-03-31,40.27915628127451,40.426847340454046,40.071046385237864,40.17174530029297,4975100
2010-04-01,40.245587575583656,40.9101921663914,40.245587575583656,40.81620788574219,5916500
2010-04-05,40.77593982014294,40.876636189508865,40.46041889552666,40.56111526489258,3679800
2010-04-06,40.44697779680452,40.608095515645054,40.17173705448135,40.47383117675781,3947200
2010-04-07,40.47384067607615,40.789359001503,40.33286423955268,40.51411819458008,4573500
2010-04-08,40.5544045788261,40.83636005658762,40.19189149065282,40.62825012207031,4367700
2010-04-09,40.45371137658719,40.896782137945976,40.45371137658719,40.883358001708984,3585500
2010-04-12,40.72222914299214,40.883346903786936,40.39328155510607,40.52754592895508,5588600
2010-04-13,40.23216724586104,40.88334780887278,40.23216724586104,40.73565673828125,4710500
2010-04-14,40.561117135955676,41.08474801215797,40.53426630608092,41.04446792602539,5183600
2010-04-15,40.863208227840005,40.99747261037872,40.581255329300795,40.708805084228516,4636700
2010-04-16,40.73566644248839,40.99076856313243,40.30602238301248,40.76251983642578,7315800
2010-04-19,40.675218964367346,41.12500147235455,40.38655158487036,40.99745178222656,4270300
2010-04-20,41.01761414204235,41.01761414204235,40.21203291415617,40.400001525878906,7220000
2010-04-21,40.17846206586858,40.27916099270237,39.010367831173056,39.41315841674805,13763400
2010-04-22,38.80898449202382,39.42659725492171,38.285353496435526,39.0439453125,10389400
2010-04-23,38.996943595095,39.607844139558054,38.775406966447825,39.527286529541016,7107600
2010-04-26,39.594414333506336,39.74210540766715,39.21176251488975,39.225189208984375,6157000
2010-04-27,39.070788392914515,39.554136604679755,38.78883292191128,38.8291130065918,6178400
2010-04-28,38.88280193987477,39.31244832492596,38.78881767344704,39.05734634399414,6236100
2010-04-29,39.19161179215602,39.641394383083394,38.98350193852855,39.33258819580078,4342600
2010-04-30,39.48028356095756,39.62797204538142,38.45987805706398,38.473304748535156,8187900
2010-05-03,38.56728967530262,38.90294928507743,38.3524677299171,38.66127395629883,5912300
2010-05-04,38.33905352310564,38.419611138638416,37.53346968513656,38.151084899902344,7686400
2010-05-05,38.224910748968085,38.50015149277567,37.795266910915196,37.99666213989258,5988200
2010-05-06,37.882546808974624,37.92282688730188,35.44565712909116,36.754730224609375,9744800
2010-05-07,36.607046933300126,37.11053649527677,35.929015449958925,36.560054779052734,10580700
2010-05-10,37.12395665065572,38.231634516213326,37.02997235871845,37.311927795410156,8395700
2010-05-11,37.117246298164986,38.09065983694892,36.922563078232194,37.54689025878906,5909600
2010-05-12,37.540164921741564,38.15777985960205,37.27163880339815,37.99666213989258,5446800
2010-05-13,37.83555385997667,37.93625021233341,37.44618746040066,37.51332092285156,4741100
2010-05-14,37.39248474925917,37.5133224256318,36.392217886147904,36.71445083618164,5717100
2010-05-17,37.17766524126055,37.17766524126055,36.1706862454801,36.795013427734375,5898400
2010-05-18,36.87555987966024,37.15751268399749,36.62717251952324,36.70101547241211,4389400
2010-05-19,36.58690158142884,37.43276276643253,36.479490596652504,37.097103118896484,5816900
2010-05-20,36.372071573289624,36.74801121736038,35.47250381427117,35.539634704589844,7296300
2010-05-21,35.03614588821007,35.9088628411704,34.78775851712165,35.203975677490234,10539300
2010-05-24,34.915314570561776,35.6806206996854,34.66021508840039,35.3516731262207,7187300
2010-05-25,34.87503012417214,35.35166610291082,34.351399449235096,35.2778205871582,8788100
2010-05-26,35.20398287637636,35.20398287637636,33.780786689296455,33.807640075683594,11039900
2010-05-27,34.25742642942813,34.53938189482169,34.009038981040575,34.52595520019531,7325700
2010-05-28,34.74077508859705,35.063008057475535,34.546091869624625,34.76091384887695,11169800
2010-06-01,34.720632676458315,35.170415347935474,34.069452179844795,34.07616424560547,7269600
2010-06-02,35.96930125846038,37.808715316717134,35.78804468001072,37.65431213378906,26218700
2010-06-03,37.52003318482575,37.61401747186866,36.88227937304632,37.352203369140625,10172900
2010-06-04,36.80174054945536,37.16425375084784,36.351957643227735,36.47950744628906,10356200
2010-06-07,36.365345943528624,36.39219931588195,35.71416830967095,35.92227554321289,9955400
2010-06-08,35.92899876285634,36.17738611435565,35.553059142600745,36.130393981933594,7986100
2010-06-09,36.11698583544265,36.29153032623424,35.539650699698946,35.68062973022461,6267100
2010-06-10,35.98942746493636,36.4459247859704,35.76789087051697,36.25795364379883,6195300
2010-06-11,36.002867635582035,36.56006152194349,35.9357341450753,36.31838607788086,4252400
2010-06-14,36.39221349650941,36.801718621390954,36.27137583471225,36.2982292175293,4265400
2010-06-15,36.35864324114982,37.029962357538025,36.30493904349595,37.003108978271484,4855600
2010-06-16,36.842002807185395,37.271646736688226,36.721165131902744,37.07025146484375,4742700
2010-06-17,37.050103863223555,37.22464828054008,36.59360662530563,37.217933654785156,5723700
2010-06-18,37.21793891906432,37.47304095536701,36.65403063722032,37.05682373046875,10851900
2010-06-21,38.171211283868615,39.151336731097594,37.801986224803414,37.942962646484375,10162100
2010-06-22,37.822129542348314,38.3994645512784,37.62073426410942,37.6744384765625,5819800
2010-06-23,37.432767249888684,38.02352901735613,37.170953103192936,37.7281494140625,5859200
2010-06-24,37.53345851941222,38.11750553981909,37.40590878602303,37.694576263427734,9048100
2010-06-25,38.003403647324674,38.31892468446542,37.25823846821932,37.76844024658203,33297400
2010-06-28,37.6274513120389,37.65430470226066,36.922566464439285,37.19780731201172,6204700
2010-06-29,36.80844105113838,36.895710722476146,36.137121703665905,36.33180236816406,8307300
2010-06-30,36.163973452810865,36.5801933026834,35.311397552490234,35.311397552490234,8538100
2010-07-01,35.304683210872255,35.304683210872255,34.23728538753166,34.92203140258789,9754700
2010-07-02,34.91531406054072,35.244261629200366,34.51252352341606,34.70720672607422,5238100
2010-07-06,34.93545613817763,35.069720507092896,34.06945364759797,34.43867874145508,6093000
2010-07-07,34.747482557961035,34.84146940221943,33.941901522783425,34.50580978393555,7568900
2010-07-08,34.57967167910954,35.0831613821657,34.25072650720624,35.06302261352539,6758600
2010-07-09,35.143551691083545,35.31809608040047,34.84146016343628,35.28453063964844,4810900
2010-07-12,35.069713894769585,35.284535820177844,34.84146527891339,35.203975677490234,4254900
2010-07-13,35.35166945742929,35.77460127631215,35.27111186936383,35.418800354003906,3907400
2010-07-14,35.109988122751915,35.579912000978396,35.09656143355926,35.32481002807617,4083000
2010-07-15,35.27111890771434,35.72761626597854,35.103289071907795,35.52621841430664,4685300
2010-07-16,35.51951700016133,35.667208119446094,34.86162415379958,35.02273941040039,8027500
2010-07-19,35.217411968680494,35.989430234183594,35.11671560418882,35.98271560668945,7830300
2010-07-20,35.55307745668065,35.714195251464844,34.962318184526346,35.714195251464844,5630400
2010-07-21,35.64705937358542,35.78803839487454,34.969027901466596,35.076438903808594,6019900
2010-07-22,35.32481681398811,36.137115020472336,35.32481681398811,35.788028717041016,5049300
2010-07-23,35.5933353029549,35.70074624539534,34.6467755724239,35.412078857421875,8760900
2010-07-26,35.29795826863579,36.177384619814546,35.29795826863579,36.029693603515625,4091300
2010-07-27,36.19753796835027,36.96284417522456,36.10355366949204,36.5936164855957,7667700
2010-07-28,36.65403437697637,36.70774115257435,35.418806707903,36.090126037597656,4945400
2010-07-29,36.34522424176695,36.519768683051915,35.46579765218408,35.82830810546875,5908400
2010-07-30,35.72089541673251,36.949410830081,35.197267239701155,36.60703659057617,7205400
2010-08-02,37.09038720950822,37.15080604223944,36.70773545583706,36.83528518676758,5526600
2010-08-03,36.600321221594555,37.11052266074415,36.58018246610478,36.72787094116211,3964700
2010-08-04,36.92928397320022,37.56703800010072,36.70774987342757,37.43277359008789,4815700
2010-08-05,37.17767022386517,37.33207338327257,37.03669119929289,37.13739013671875,3067400
2010-08-06,36.727870426932945,37.59387275317974,36.60032070915123,37.553592681884766,3474200
2010-08-09,37.57373716674091,37.59387592364712,37.204509550930005,37.36562728881836,3318100
2010-08-10,37.17094721124173,37.68115128982599,36.808436752213716,37.40591049194336,4151200
2010-08-11,36.754724391490406,36.855423290887344,35.91557543278058,36.04312515258789,5466100
2010-08-12,36.00285335532581,36.90913335021083,35.606774881520394,36.754730224609375,6232300
2010-08-13,36.51305749024966,37.16423805165055,36.37208104733193,36.93598937988281,5511900
2010-08-16,36.506334494016755,36.6540229591458,35.96256508443297,36.30493927001953,5639300
2010-08-17,36.17739597732516,36.506343554839006,36.043131607709725,36.224388122558594,4999100
2010-08-18,36.04312452638435,36.45262962086082,35.6806141287882,36.345218658447266,5547500
2010-08-19,36.19082151908318,36.24452828957279,35.103285025466185,35.39195251464844,4895600
2010-08-20,35.27783253279563,35.35839014049507,34.955599541117685,35.13685607910156,4386200
2010-08-23,35.224132196038184,35.55979191946639,34.861619080124406,34.87504577636719,3466100
2010-08-24,34.70718963994513,34.70718963994513,34.176847063807436,34.27754592895508,5937600
2010-08-25,34.15673480049084,34.92203857422336,34.04260916077116,34.80120086669922,5125900
2010-08-26,34.88175431389819,34.95559985531986,34.056031785136334,34.1902961730957,5266500
2010-08-27,34.23728097353883,35.18384099213678,33.740503613018085,34.96230697631836,7091200
2010-08-30,34.720643769218725,35.29797892251672,34.66022491455078,34.66022491455078,4689400
2010-08-31,34.499097995844345,34.680354511935846,34.136584963661356,34.264137268066406,6636000
2010-09-01,34.646783561646835,35.412087023116605,34.425247001284816,35.3046760559082,4772000
2010-09-02,35.30469479914863,35.351686962195444,35.029453889496914,35.2509880065918,3272800
2010-09-03,35.29124450900538,35.62690405545655,35.29124450900538,35.519493103027344,5355300
2010-09-07,35.34497489356625,35.4926634513359,35.116726146961355,35.2509880065918,2760100
2010-09-08,35.22411644703693,35.67389904610649,35.08313747996082,35.539634704589844,4900300
2010-09-09,35.80145757764009,36.18410935324221,35.700758663690166,36.11026382446289,5580900
2010-09-10,36.157261003615154,36.66746258851272,36.049850008853554,36.4862060546875,4862800
2010-09-13,36.74802408284941,36.75473614987945,36.31837752740095,36.519775390625,6323600
2010-09-14,36.385504578725765,36.902420718711106,36.33179780844585,36.60032653808594,6371300
2010-09-15,36.3989238193676,37.19779265713136,36.29822492614865,37.12394714355469,5081600
2010-09-16,37.05682233340799,37.070249025431394,36.768154857104115,36.989688873291016,4061600
2010-09-17,37.050110145043426,37.211227899046904,36.92256040374722,37.07025146484375,6500700
2010-09-20,37.050103314654685,37.64757951490637,36.90241484166515,37.553592681884766,6304000
2010-09-21,37.51333579293822,37.593893418932176,37.15082263464428,37.426063537597656,5147500
2010-09-22,37.264938495307504,38.15779452001528,37.264938495307504,37.775142669677734,5071000
2010-09-23,37.5200335384626,37.88925862427397,37.36563041388256,37.40591049194336,4592400
2010-09-24,37.446195102341406,37.842273648553515,37.12396209945566,37.80870819091797,5286500
2010-09-27,37.5536063700254,37.882554003302744,37.35221106190144,37.38577651977539,4416800
2010-09-28,37.52675260390918,37.929543188640054,37.04340185352807,37.5938835144043,4609400
2010-09-29,37.57373123452721,37.58715792397137,36.298223907002644,36.88227081298828,8491000
2010-09-30,36.935976291118045,37.30520127496362,36.68758894720434,36.996395111083984,6269000
2010-10-01,37.30520316468052,37.41261412107436,36.82856720573779,37.264923095703125,4586600
2010-10-04,37.1373721858819,37.332055338333056,36.70772837418219,36.95611572265625,4844300
2010-10-05,37.08367933517907,37.761710702788655,37.05682594851258,37.6744384765625,5601900
2010-10-06,37.513324670447375,37.667727808189774,37.13738492580501,37.479759216308594,4666300
2010-10-07,37.573738857480954,37.77513411824409,36.35865010549853,37.56702423095703,5906400
2010-10-08,37.66100681610602,38.0369464972144,37.52003039602021,37.855690002441406,4481900
2010-10-11,37.78184841796657,37.828840562894,37.49989554840196,37.6610107421875,4345600
2010-10-12,37.439469654534705,37.67443033489034,37.24478648459469,37.553592681884766,6272500
2010-10-13,37.520025288077704,37.661001688971105,37.21793117124954,37.25149917602539,8059000
2010-10-14,36.99640111774741,37.258215193147734,36.65402689539354,36.82857131958008,9063400
2010-10-15,37.09710495543187,38.137651963011,36.9359897507311,38.070518493652344,11232400
2010-10-18,37.84227012567394,38.90966796875,37.734859134711314,38.90966796875,10188400
2010-10-19,38.714982398786866,39.43329639831932,38.16450078338731,38.48673629760742,8711800
2010-10-20,38.822390108570076,39.17818846090352,38.37931698333743,38.75525665283203,6176700
2010-10-21,38.80898316702337,38.929820887965775,38.23164795827204,38.68143081665039,4702900
2010-10-22,38.661279504189906,38.79554387954268,38.43303083435417,38.63442611694336,3728000
2010-10-25,38.92308522781684,39.21846474114437,38.74854337014135,38.90294647216797,5179400
2010-10-26,38.33904287606319,38.60085697449729,37.99666862358806,38.43973922729492,7050800
2010-10-27,38.09737076851536,38.38603827612517,37.902687554382254,38.28533935546875,5668700
2010-10-28,38.506864286995736,38.68812075271928,38.2047701774565,38.44644546508789,4181300
2010-10-29,38.231634588716055,38.57400630440538,38.130935669518074,38.39274978637695,3384000
2010-11-01,38.27862653140626,38.90295368100506,38.20478099917072,38.55386734008789,4081600
2010-11-02,38.67469902437493,38.83581419621042,38.406170323476466,38.49344253540039,4076500
2010-11-03,38.439745121943936,38.74855397136364,38.31219536647239,38.46659851074219,4425800
2010-11-04,38.25849650961418,38.533737381156136,37.358928345887726,37.60060119628906,9590100
2010-11-05,37.60731436937329,37.65430652409488,36.84201063718703,37.20452117919922,6902400
2010-11-08,37.009841342184934,37.21123666145346,36.91585703058499,37.117252349853516,4527900
2010-11-09,37.043402042564175,37.217943947270236,36.75473451637792,36.875572204589844,7671600
2010-11-10,36.76144222074011,36.88227989461259,36.23110194194398,36.72116470336914,6174200
2010-11-11,36.4392089277616,36.80172194590096,36.311659189177654,36.667457580566406,5385900
2010-11-12,36.439208718115836,36.72116413978419,36.40564326719525,36.5667610168457,5015300
2010-11-15,36.466066731556694,36.8084410326889,36.405647887879255,36.5936164855957,3929700
2010-11-16,36.304957028720494,36.63390212461549,36.090132449044795,36.27138900756836,6811400
2010-11-17,36.08342095854344,36.29153091296551,35.87531100412137,36.163978576660156,5871700
2010-11-18,36.25124077976453,37.21122754602498,36.1908219426964,37.016544342041016,8362700
2010-11-19,37.278356204971416,37.3119242153395,36.73458926497154,36.92255783081055,9153900
2010-11-22,36.91584233545359,36.976261163271204,36.29151530163143,36.74801254272461,5289800
2010-11-23,36.43921296284919,36.4727809785598,35.92229676364243,35.98271560668945,7065900
2010-11-24,36.08342013783083,36.419079860043205,36.06328137397983,36.13712692260742,4303700
2010-11-26,35.93572263149744,36.18411262546857,35.82831164198128,35.95586395263672,1755400
2010-11-29,35.633631194141785,35.969290858468455,35.036154840501105,35.79474639892578,6368500
2010-11-30,35.31810670390453,35.60005956408634,35.19055440544917,35.37181091308594,6027300
2010-12-01,35.79475171543262,36.09684597037194,35.57992970322696,35.92901611328125,5721000
2010-12-02,35.814881778923436,36.197533555268926,35.70747079891206,36.143829345703125,3971400
2010-12-03,36.25123711421451,36.419066915669205,35.88872412846128,36.06998062133789,7120600
2010-12-06,35.84846878051758,36.00958405544062,35.68063887529209,35.84846878051758,4075000
2010-12-07,35.99613168259936,36.063265133337396,35.56648784139315,35.66718673706055,5837200
2010-12-08,35.606771937251445,35.949143611643656,35.5799185539204,35.767887115478516,4666400
2010-12-09,35.78804991220116,35.96930651715042,35.64707084554209,35.84846878051758,4701300
2010-12-10,35.794743089855864,36.25124039600933,35.77460433133961,36.17739486694336,6567800
2010-12-13,36.21095908319308,36.47948780502445,36.150540248825,36.3250846862793,5523100
2010-12-14,37.895980455577934,38.412896698338294,37.08368460018891,38.104087829589844,23617700
2010-12-15,37.9496916112047,38.23164714100328,37.157534373463015,37.37235641479492,14247900
2010-12-16,37.39248048636288,38.13093059256053,37.35220041187082,38.016807556152344,12950800
2010-12-17,38.265200592493855,38.86938899462204,37.98324771208732,38.54715347290039,21618900
2010-12-20,38.64113832234585,38.92309118812321,38.56057816565536,38.70155715942383,6980600
2010-12-21,38.647838062864935,38.73511025767387,38.37930941462774,38.527000427246094,5598000
2010-12-22,38.399465878509844,38.513588934467116,38.01681406836608,38.23163604736328,4411800
2010-12-23,38.063806427156486,38.3121938615835,37.90268866157571,38.070518493652344,4074800
2010-12-27,37.94967435538869,38.04365863562641,37.60058805673461,37.88925552368164,2758400
2010-12-28,37.84897964472916,37.96981731336298,37.553597538788864,37.56702423095703,4025200
2010-12-29,37.69457819345321,37.84226669207636,37.50660705566406,37.50660705566406,3601700
2010-12-30,37.385765615170776,37.70799852635692,37.231362505282384,37.27835464477539,3414000
2010-12-31,37.23807854494363,37.33206282749719,36.76815457129622,36.85542678833008,3997500
2011-01-03,37.05682167511404,37.78184510534021,37.04339498332916,37.29178237915039,5453300
2011-01-04,37.43947379438654,38.426313882758265,37.385767026721304,38.09736633300781,8429500
2011-01-05,37.90267451096035,38.37259837750917,37.8623970052624,38.08393096923828,4552000
2011-01-06,38.05038411722264,38.38604382004861,37.64087887003411,37.963111877441406,3561400
2011-01-07,37.92954087393256,38.39275027419301,37.90268748702125,38.251773834228516,4680800
2011-01-10,37.90939684150371,38.23162975698141,37.73485241173688,37.88925552368164,4758900
2011-01-11,37.96311477579893,38.184651425800205,37.65430844023397,37.721439361572266,5863900
2011-01-12,37.79527230947754,38.21148951693257,37.62744250121087,38.16449737548828,4566400
2011-01-13,38.07723697376289,38.26520558522618,37.74828934282188,37.80870819091797,4660300
2011-01-14,37.6274483276699,38.45317080489615,37.6274483276699,37.929542541503906,5893700
2011-01-18,37.86240710016775,38.49344627951464,37.828839088630794,38.45988082885742,10611900
2011-01-19,38.40617696764867,38.553868034780955,37.99667178033091,38.251773834228516,5771500
2011-01-20,38.117503826747814,38.701553381786084,38.05037293027147,38.473304748535156,6313600
2011-01-21,38.54043183819777,38.54043183819777,38.090649242298355,38.245052337646484,6032900
2011-01-24,38.30547770713041,38.849244666064735,38.13764789296456,38.45988082885742,5647800
2011-01-25,38.2047821705144,39.06407007549909,38.09065911601861,38.37261199951172,8944000
2011-01-26,38.44645768343279,38.58072205932845,37.80870381858837,37.916114807128906,6833600
2011-01-27,37.90268811345134,38.17792893164147,37.63416192253999,37.916114807128906,4686000
2011-01-28,38.00339380333938,38.00339380333938,36.996414646116314,37.117252349853516,6928300
2011-01-31,37.07025306182815,37.231368261892634,36.821863073668844,36.97626876831055,6021300
2011-02-01,37.07695611270478,37.5133145817968,36.996398532260464,37.39918899536133,5615800
2011-02-02,37.01654573338641,37.35892000993463,36.78158500311206,37.34549331665039,5353400
2011-02-03,37.10381747426858,37.35220489458022,36.92256095862068,37.22465515136719,4227000
2011-02-04,37.33877659095087,37.33877659095087,36.74801748492745,37.05682373046875,4569900
2011-02-07,37.0769559146651,37.144089365409535,36.761435098364494,36.84199523925781,3861900
2011-02-08,36.76143316886999,37.0299618359949,36.67416352880168,36.88227081298828,3399300
2011-02-09,36.741308474459636,36.92256500999615,36.4593555708785,36.539913177490234,4502700
2011-02-10,36.47278283095249,36.78830119544046,36.25124620823523,36.43250274658203,4522300
2011-02-11,36.32509339529078,36.32509339529078,35.94915360677051,36.07670593261719,6896900
2011-02-14,35.989423461929135,36.30494431189984,35.80816696689572,36.15725326538086,5412600
2011-02-15,36.00285291460315,36.210960247880315,35.788030954580414,36.143829345703125,5143000
2011-02-16,35.80817415204788,35.868592995849134,35.15028149781205,35.54636001586914,11461500
2011-02-17,35.371817945542354,35.70747764251957,35.15699594434736,35.1838493347168,8918600
2011-02-18,35.083149170454604,35.39867009402549,34.92203395565086,35.069725036621094,9877900
2011-02-22,34.88846755018247,35.27111937603169,34.65350424040551,34.82804870605469,6473900
2011-02-23,34.83475277777611,35.02943595982562,34.284271240234375,34.284271240234375,8135500
2011-02-24,34.284266223615475,34.398391802244284,33.975460052303156,34.20370864868164,8606600
2011-02-25,34.35812163648413,35.15699067360646,34.270849411307445,35.08314514160156,7791100
2011-02-28,35.163705084484405,35.358385732078965,34.44539364992832,34.45882034301758,8054800
2011-03-01,35.022728392809505,35.23755293549826,34.73406343546905,34.84818649291992,6668500
2011-03-02,34.73407455395796,34.848197647940005,34.46554571030009,34.49911117553711,5437400
2011-03-03,34.66692352161046,35.271111833689154,34.54608585919472,35.156986236572266,6527500
2011-03-04,34.98245949397732,35.264412454264864,34.881760544799974,35.123435974121094,5795700
2011-03-07,35.264398630034265,35.29125201407201,34.693778304070335,34.73405838012695,6334200
2011-03-08,34.76763516458273,35.358394440732845,34.50582098705794,35.25769805908203,4298400
2011-03-09,35.41209913967963,35.44566459825208,34.962316360872144,35.23084259033203,4049200
2011-03-10,34.81462756318862,35.04958834955194,34.51924536218274,34.80120086669922,5675400
2011-03-11,34.81461662111418,36.16396718319832,34.760909852036356,35.93571853637695,11642100
2011-03-14,35.70076740520269,36.170691517232704,35.640348554214825,35.92901611328125,7015900
2011-03-15,35.25097037008293,35.84173198823843,35.02943636382433,35.579917907714844,6001400
2011-03-16,35.277826626358674,35.94914588684458,35.19726903214669,35.37181091308594,10020100
2011-03-17,36.251243533586184,36.72116757304941,35.79474618792248,35.95586395263672,10655000
2011-03-18,36.06997744509699,36.19752716105418,35.41208498863265,35.539634704589844,12834000
2011-03-21,36.0834056358218,36.210955357082995,35.613481701411956,35.64033508300781,4286100
2011-03-22,35.60006172840091,35.76789155372564,35.351674303966675,35.43223190307617,5560800
2011-03-23,35.385237605601226,35.532928662389644,35.06300466787356,35.37181091308594,4528300
2011-03-24,35.506075028743545,35.91558018451333,35.197268785693446,35.76117706298828,5093600
2011-03-25,35.85517166013573,36.11027376774165,35.57993078854635,35.68062973022461,5589900
2011-03-28,35.640338804794766,35.734323089315275,35.31810587463315,35.3449592590332,3808800
2011-03-29,35.37853603969454,35.88202563448844,35.35168264669421,35.86859893798828,3570800
2011-03-30,36.02299098674365,36.49291497566997,35.86858786597409,36.18410873413086,4562400
2011-03-31,36.069979968319004,36.28480190542147,35.88201141357422,35.88201141357422,4501100
2011-04-01,36.210961278660434,36.23781466464763,35.41880431819715,35.633628845214844,7942400
2011-04-04,35.78804074571933,36.452645566091924,35.720907264295526,36.27138900756836,5510000
2011-04-05,36.2176716299577,36.49962446689805,36.190818247140655,36.2982292175293,4638500
2011-04-06,36.4257921735224,36.62719005691334,36.244538175879306,36.27138900756836,4576400
2011-04-07,36.18411746499723,36.513062544001016,35.91558867485181,36.231109619140625,4408600
2011-04-08,36.231100876935514,36.466061590958816,35.96928677820106,36.18410873413086,4423100
2011-04-11,36.19082563937449,36.55333869881184,35.902158117327716,36.459354400634766,6327000
2011-04-12,36.28480580393479,36.754729802165826,36.25795241869192,36.667457580566406,6678800
2011-04-13,36.714441036255,37.12394610122487,36.687590218245845,36.88227081298828,7572900
2011-04-14,36.75473438492722,36.929276289009046,36.43921347118229,36.808441162109375,7189000
2011-04-15,36.9426902265216,37.587158525763854,36.88227140349511,37.264923095703125,8002700
2011-04-18,36.88899495191978,37.298500122502105,36.781583969544066,37.07025146484375,6936300
2011-04-19,36.96956189097594,37.123965057104904,36.68760895131795,37.04340744018555,5952800
2011-04-20,37.593887793036714,37.88926741806507,37.338785694537464,37.714725494384766,7334700
2011-04-21,37.097096039857085,37.18436824860913,35.72760688551099,36.04312515258789,17489600
2011-04-25,35.92229387368543,36.761442981339904,35.68733314789412,36.71445083618164,10650800
2011-04-26,36.92926753768089,37.8019845339178,36.90912878145002,37.7415657043457,12800000
2011-04-27,37.79528083081224,38.2383515220959,37.65430437469476,38.14436721801758,8362400
2011-04-28,38.198072866438274,38.45988700886641,38.043667159020515,38.359188079833984,6301100
2011-04-29,38.20477745138895,38.26519628480014,37.506604834388504,38.16449737548828,19900000
2011-05-02,38.25175792439292,38.56727868716826,38.04364810370807,38.520286560058594,8552200
2011-05-03,38.345758539067745,38.802255877939494,38.31219308550834,38.600860595703125,6500000
2011-05-04,38.43975088746929,38.869397490043134,38.43975088746929,38.72170639038086,7241600
2011-05-05,38.6478523935484,38.83582098048608,38.45316917943154,38.54715347290039,7204300
2011-05-06,38.80225629525143,38.98351281947754,38.493450021775836,38.688133239746094,4535300
2011-05-09,38.52029388470439,38.89623097306625,38.480013813431604,38.72840118408203,3624900
2011-05-10,38.90295582296424,39.21176210124281,38.67470714752355,39.137916564941406,4717100
2011-05-11,39.2721682451278,39.74209213801457,38.97007413106636,39.51384353637695,7200000
2011-05-12,39.39971912495705,40.11131833022145,39.164758451976915,40.050899505615234,5500000
2011-05-13,40.18516425562162,41.00417442846041,40.11131874025035,40.594669342041016,9402700
2011-05-16,40.265730632272316,40.44027508144157,39.88307884255185,40.18517303466797,10068100
2011-05-17,40.20530962322013,41.071312073572116,39.493712854520126,40.87662887573242,11820900
2011-05-18,40.72893845203689,41.198862448255724,40.587962021435175,41.064598083496094,5182800
2011-05-19,41.2458477488452,41.306266574919185,40.74235838518844,40.97732162475586,3362000
2011-05-20,40.92362963329266,41.10488617693251,40.50741232616426,40.85649871826172,5276700
2011-05-23,40.31272609037227,40.68866584488572,40.212029725311936,40.58796691894531,4200000
2011-05-24,40.63496147154714,40.63496147154714,40.11133317179864,40.22545623779297,4162600
2011-05-25,40.27244421534807,40.292582974007175,39.96363540425632,40.17174530029297,3929100
2011-05-26,39.956922987870946,40.198598333179646,39.735386401044714,40.118038177490234,3771200
2011-05-27,39.92336412405982,40.212031660710444,39.68840080585015,39.842803955078125,3657500
2011-05-31,40.06433899131781,40.775938423851834,40.037485602721034,40.64167404174805,7626000
2011-06-01,40.64837524470126,40.809492972341225,40.050901592945344,40.077754974365234,4968500
2011-06-02,39.990491072124144,40.1851742865394,39.661546044478996,39.77566909790039,4053500
2011-06-03,39.52727534035222,39.68167844954396,39.32588009187948,39.399723052978516,4636200
2011-06-06,39.25204002780036,39.67496934013652,39.1513411091223,39.33930969238281,4144500
2011-06-07,39.4064449641422,39.97035330064302,39.299033974374424,39.493717193603516,3828700
2011-06-08,39.52056157450025,39.681679313313275,39.23860873267694,39.57426834106445,3716000
2011-06-09,39.607844139558054,40.01734937853839,39.31246452890875,39.527286529541016,5362300
2011-06-10,39.33930450605126,39.53398769069336,38.91637524947235,38.92980194091797,4780200
2011-06-13,38.94993494329361,39.46685096362412,38.84923605276824,39.19832229614258,5298000
2011-06-14,39.366165788794994,39.46686471440521,39.144631737684605,39.292320251464844,5146700
2011-06-15,38.9633698100968,39.39301371953439,38.84253214045752,38.8626708984375,5104300
2011-06-16,38.99023392248582,39.2319067673789,38.76198521268646,39.16477584838867,5550600
2011-06-17,39.48701467705246,39.5407214688484,38.78884174898986,38.94324493408203,6610500
2011-06-20,38.929803084284714,39.39301242880491,38.86938425144472,39.238609313964844,3851100
2011-06-21,39.32588730269805,39.332599369163404,38.8559632628431,39.05064392089844,4347900
2011-06-22,38.96336685033614,39.27217306667671,38.889521328846115,39.03721237182617,4015000
2011-06-23,38.63442811163162,38.92981026483424,38.23834959237545,38.889530181884766,4588000
2011-06-24,38.829119751376076,38.923104071075905,38.0839547010694,38.29206466674805,11908500
2011-06-27,38.14435773868622,38.92980255492581,38.14435773868622,38.85595703125,5289300
2011-06-28,38.862678677770596,39.52057136590047,38.67471006998498,39.37288284301758,4073200
2011-06-29,39.386311340264534,39.4400181260844,38.721706511467005,38.78883743286133,7531500
2011-06-30,39.00363705939024,39.20503482969627,38.9297941126076,39.17146682739258,5069900
2011-07-01,39.23190364362392,39.23190364362392,38.862678496815576,39.12449264526367,5358000
2011-07-05,39.057349287880854,39.10434142463668,38.72168970483676,38.88280487060547,4639500
2011-07-06,38.92980971890017,39.03050608354159,38.62100087571165,38.73512649536133,5102900
2011-07-07,38.99023571749824,39.13792425825204,38.627722592148814,38.8761100769043,6116000
2011-07-08,38.775393244350575,39.13790620245909,38.5068671190282,38.6948356628418,4037900
2011-07-11,38.40617404193539,38.60085724089189,38.0369489631115,38.19806671142578,4186300
2011-07-12,38.36589652551662,38.45988081166673,38.15778663412728,38.19806671142578,3964400
2011-07-13,38.25177488472306,38.41960471620792,37.82884299233483,38.003387451171875,4514200
2011-07-14,37.969808914118275,37.9966597316353,37.25149768773585,37.37904739379883,7201300
2011-07-15,37.1709376285061,37.20450307113031,36.7480084418587,36.95611572265625,9209200
2011-07-18,37.003115467703694,37.097099750739886,36.45934852702865,36.69430923461914,6241800
2011-07-19,36.92927253884704,37.264932179509046,36.83528824920245,37.103816986083984,4977000
2011-07-20,37.1105207506921,37.20450501931293,36.87556007914003,36.91584014892578,4151300
2011-07-21,37.144088219028625,37.54016404223984,36.935978369462724,37.25149917602539,5539600
2011-07-22,37.15752112741914,37.2313666579674,36.929272469760775,37.07025146484375,3098400
2011-07-25,37.07024873727525,37.16423301982881,36.72787449553914,36.85542678833008,3174100
2011-07-26,36.768156847555126,36.96955211704933,36.53319356574539,36.72116470336914,4428200
2011-07-27,36.58689011906181,36.88898421937667,35.98941654337191,36.116966247558594,6502800
2011-07-28,36.00957540991925,36.687609498334794,35.80146801636796,35.86859893798828,6586100
2011-07-29,36.741303462054624,37.05682433948608,35.61348687983132,36.72116470336914,10640200
2011-08-01,36.93599295260909,37.11053486631214,35.61349294171979,36.09684371948242,8875500
2011-08-02,35.841732923249126,36.41906786504401,35.72089525818137,35.788028717041016,7526200
2011-08-03,35.81488515930378,35.868591934818454,35.14356583065044,35.79474639892578,7145700
2011-08-04,35.311405830190914,35.68063361596773,34.59980877588813,34.61323547363281,9918500
2011-08-05,34.78776716007179,35.55978540691864,34.39168865653053,34.98916244506836,9914200
2011-08-08,34.68036031761893,35.203988633399376,33.48541259765625,33.48541259765625,13911500
2011-08-09,33.572675276174444,34.09630604365366,32.55898431400989,33.93518829345703,16124400
2011-08-10,33.28402002026156,33.52569287446227,32.27704083134348,32.40459060668945,12558400
2011-08-11,32.30388183945869,33.633093657296094,31.995075596713374,33.32428741455078,14860500
2011-08-12,33.3712767482124,34.01574256426538,33.26386577887024,33.56595993041992,7919700
2011-08-15,33.88820996236236,34.69379391993475,33.68681461318946,34.64008712768555,7665700
2011-08-16,34.59283092126463,34.896573366275454,34.32283706462118,34.60633087158203,6630400
2011-08-17,34.626567176580345,34.96405808975335,34.619818491251465,34.91006088256836,8150100
2011-08-18,34.18783557144691,34.883066131063,34.174335623948814,34.7210693359375,10138400
2011-08-19,34.28233228820811,35.38255096242077,34.248583707224284,35.0855598449707,9437000
2011-08-22,35.38255732397502,35.774048143359686,35.23406302597752,35.308311462402344,9289800
2011-08-23,35.34206290827248,36.19253921508789,35.24756582694325,36.19253921508789,7806600
2011-08-24,35.99004147230425,36.6447748624224,35.88204445098237,36.617774963378906,5349700
2011-08-25,36.74602344915465,36.84727179093272,35.75380154404999,36.08454132080078,8776000
2011-08-26,35.90228520524681,36.658266763371095,35.53779694759394,36.503021240234375,6936600
2011-08-29,36.665026881216534,37.21851198840044,36.47603272018368,36.982269287109375,4851700
2011-08-30,36.94851214628448,37.48174591648058,36.71901818606463,37.28600311279297,5380500
2011-08-31,37.340012642793205,37.53575808588701,37.178018367362355,37.394012451171875,5417000
2011-09-01,37.684248587220836,37.684248587220836,37.04976382073738,37.13751220703125,5492200
2011-09-02,36.73251162862698,37.25899923094739,36.496269007288724,36.516517639160156,6219200
2011-09-06,35.44330674622701,36.88101925127656,35.436558058579394,36.80002212524414,6889500
2011-09-07,37.07000714221523,37.4479979579412,36.77976727505188,37.38050079345703,6462500
2011-09-08,37.25900352789832,37.52224607199164,37.15100652070999,37.333251953125,4501000
2011-09-09,36.03728910589366,37.18475903799048,36.03728910589366,36.47602844238281,7617300
2011-09-12,35.96978467477414,36.55701818405449,35.94953346765998,36.48952102661133,5406700
2011-09-13,36.69876447313504,37.17125230897837,36.435521949196335,37.063255310058594,4950400
2011-09-14,37.076764402395526,37.64374943029371,36.719024738015875,37.29950714111328,6070400
2011-09-15,37.64373999392453,38.10947656711443,37.49524315543577,37.97447967529297,5876100
2011-09-16,38.06897839911921,38.305221023065364,37.52224215889192,38.278221130371094,7635100
2011-09-19,37.87999192901777,38.41322836653827,37.73824631646742,38.156734466552734,4541400
2011-09-20,38.38621060901863,39.04094371695332,38.278213634242384,38.72370147705078,5168900
2011-09-21,38.60222424637888,38.71697253895596,37.79899649774855,37.82599639892578,5160000
2011-09-22,37.083508863393284,37.42775111333862,36.638020861880186,37.15100860595703,8969100
2011-09-23,36.86076192872763,37.28600124619868,36.35452550430786,37.19150161743164,5431200
2011-09-26,37.28600377755296,37.46149795033145,36.89451301349452,37.414249420166016,5903800
2011-09-27,37.77873153946661,38.3457163449983,37.54923762830256,38.14997100830078,5868700
2011-09-28,38.35924926225029,38.50099494176088,37.549269904563,37.57626724243164,5663600
2011-09-29,38.02848060057613,38.318723025484395,37.117256059488454,37.650489807128906,5152700
2011-09-30,37.245500776041055,37.839485558283414,37.0767553040854,37.09700393676758,6430000
2011-10-03,36.8945004738816,37.35348824650478,36.36126430056188,36.38151550292969,7462900
2011-10-04,36.02379762971632,36.766279560345396,35.67280659294028,36.685279846191406,8517100
2011-10-05,36.86075983682929,37.825984103933315,36.415271911616,37.75173568725586,7484200
2011-10-06,37.7449864144675,38.37271978416929,37.29949846579379,38.359222412109375,4828000
2011-10-07,38.37271214313042,38.37271214313042,37.76523010218771,37.981224060058594,4418200
2011-10-10,38.46045901196186,39.04094371695332,38.359213296462805,38.72370147705078,3346200
2011-10-11,38.65621833700492,38.89246100026841,38.44022430920632,38.53472137451172,4641500
2011-10-12,38.75745731897451,38.79120847198953,38.129726555548416,38.23097229003906,4798100
2011-10-13,38.122973561546424,38.68320971802285,38.0689763539103,38.46046447753906,5464400
2011-10-14,38.71696582669372,38.81821157627717,38.35247494854889,38.80471420288086,3268400
2011-10-17,38.649474349557586,38.85871972986757,37.94074365152392,38.09598922729492,3108200
2011-10-18,38.13647878927047,38.858709243539316,37.81923646034523,38.6629638671875,6280800
2011-10-19,38.74395262507882,39.148940636202596,38.56845593203447,38.6899528503418,4470600
2011-10-20,38.80471634650297,39.0139591187787,38.08923449893732,38.656219482421875,4086000
2011-10-21,38.94645811053131,39.57419151520007,38.81146120874793,39.54719161987305,6345100
2011-10-24,39.466193013898696,39.857681181905356,39.31769617007635,39.790184020996094,4409900
2011-10-25,39.459450493924784,39.621447320784725,38.035237939524784,38.11623764038086,7676700
2011-10-26,38.3727239519587,38.6157178730552,37.79224162082488,38.440223693847656,6687800
2011-10-27,38.811466082210735,39.412199666985146,38.69672037494014,39.189456939697266,5936600
2011-10-28,38.980214607371096,39.21645730232335,38.467229366252376,38.6359748840332,6023500
2011-10-31,38.41997423730631,38.851964880555684,38.2242314140245,38.656219482421875,8792500
2011-11-01,38.082469333414714,38.24446608734603,37.37373900652369,37.488487243652344,7996600
2011-11-02,37.50876560229495,37.765259593132306,36.874283177437384,36.98902893066406,6826900
2011-11-03,37.07000136724263,37.663986106605805,37.07000136724263,37.59648895263672,4797000
2011-11-04,37.5492479374118,37.64374500180263,36.98901166302062,37.23875427246094,3565100
2011-11-07,39.04771430720501,39.547202205040485,38.80472290877816,39.439205169677734,20318400
2011-11-08,39.49995494828557,39.560703443582085,38.84522145174008,39.148963928222656,8870200
2011-11-09,38.94645881951879,39.27719853131459,38.72371354129355,38.81821060180664,9588100
2011-11-10,38.85872088316712,39.182711995459705,38.70347530278855,39.12196350097656,7661900
2011-11-11,39.31771270530204,39.47970956440501,39.01397020376694,39.05447006225586,5420700
2011-11-14,38.824965779086284,39.01395991917447,38.61572042766576,38.696720123291016,6204900
2011-11-15,38.63566143390106,38.76453906936064,38.36434513488514,38.38469314575195,8218000
2011-11-16,38.00486106885666,38.350792904561445,37.83528734988087,37.991294860839844,20135000
2011-11-17,37.91666866255732,38.36434298900753,37.767443024577744,37.9234504699707,9742700
2011-11-18,37.79458582778581,38.05233598022644,37.63857833946988,37.692840576171875,5523200
2011-11-21,37.50970555859228,37.61823263361303,37.2451709749473,37.28586959838867,7973800
2011-11-22,37.17055325441602,37.787801397858814,37.05524438434469,37.75388717651367,9559000
2011-11-23,37.71318496566222,37.7674497846363,37.25194435433851,37.26551055908203,6026500
2011-11-25,37.02809565032048,37.39437528936641,37.02809565032048,37.06879425048828,2816700
2011-11-28,37.69962905175145,37.964163629581215,37.326564813797155,37.916683197021484,6852600
2011-11-29,37.903112272660685,38.24225965587618,37.61822712526529,38.0794677734375,8167700
2011-11-30,38.32364544486873,39.30038875125976,38.310079242177224,39.2800407409668,10993600
2011-12-01,39.13760706593869,39.38179358665165,38.94090097008779,39.341094970703125,10555600
2011-12-02,39.54459122649898,39.62598588809587,39.15118153920597,39.408931732177734,7834400
2011-12-05,39.598841686782414,39.612407890039634,38.805235614911545,39.0019416809082,12342100
2011-12-06,39.12403442632976,39.38856891776741,38.9205465550307,39.266475677490234,15750000
2011-12-07,39.23934317316748,39.693801919170994,39.15794854234919,39.57170867919922,18663500
2011-12-08,39.74807602449978,40.31106197569917,37.98451050054183,39.61241912841797,41563500
2011-12-09,39.666670591682134,39.985469903331484,39.46318271535884,39.74128341674805,7072800
2011-12-12,39.544595249055625,39.61920810789656,38.76455760546832,38.771339416503906,10176200
2011-12-13,39.13761533204705,39.598856060257546,38.87308074123301,38.95447540283203,6843600
2011-12-14,38.75775098147468,39.45639355455184,38.75775098147468,39.08333206176758,6727200
2011-12-15,39.3411003833504,40.060093839094044,39.21222529634942,39.76164245605469,8683700
2011-12-16,40.52811759076042,41.37598615960478,40.460289140248676,40.731605529785156,21390500
2011-12-19,40.9147449874458,41.45738034785831,40.677342825855796,40.8129997253418,8013000
2011-12-20,41.24032198035295,41.53877333863314,41.15892733149892,41.4845085144043,7284900
2011-12-21,41.37599061901046,42.91572041647897,41.37599061901046,42.82754135131836,10636700
2011-12-22,42.46803333048727,43.139543662156626,42.461248934213984,42.96318817138672,5383300
2011-12-23,42.74614712058465,43.309130571224046,42.73258091138384,43.20060348510742,4134500
2011-12-27,42.99031903558909,43.8449692235688,42.983534639559764,43.695743560791016,4260500
2011-12-28,43.53974344747985,43.6754003330625,43.2819907073922,43.410865783691406,3925800
2011-12-29,43.5533158029069,43.9399436968519,43.30234740924729,43.912811279296875,3525300
2011-12-30,43.648275079461925,44.08916779238161,43.553314208984375,43.553314208984375,5112100
2012-01-03,44.055238696846885,44.21803315083775,43.037799234293374,43.4854736328125,10216800
2012-01-04,43.478693904146546,43.49904191933524,43.003889633148844,43.24807357788086,7096400
2012-01-05,43.288772052803466,44.03489526546969,43.125982756853006,43.688968658447266,6261500
2012-01-06,43.57366390357718,44.00099301214128,43.41087457292298,43.9263801574707,4587900
2012-01-09,43.83141179655953,43.844975415555794,42.93606028093614,43.54652404785156,7540500
2012-01-10,43.78392665237278,44.56396144763027,43.553303754443675,44.54361343383789,6150500
2012-01-11,44.2655169794649,45.0726842156323,44.190904142721436,45.03877258300781,4960000
2012-01-12,44.95737416329137,45.974816264784,44.95737416329137,45.81202697753906,7191000
2012-01-13,45.533930397011495,45.9002102288,45.28974384248583,45.85272979736328,5996400
2012-01-17,46.056207570451214,46.442835312277005,45.94767794293224,46.17151641845703,6924800
2012-01-18,45.947675053221154,47.066862185480446,45.873062232738725,46.95155334472656,7159000
2012-01-19,46.89731216430664,47.13471436047076,46.59886073199762,46.89731216430664,5700100
2012-01-20,46.870169276954066,47.229664690134534,46.693811181344905,47.188968658447266,6839100
2012-01-23,46.673446485397754,46.80232410632076,45.82557829506585,45.97480392456055,7258900
2012-01-24,45.656008051653494,46.52422431511143,45.56783161629444,46.25291061401367,5212600
2012-01-25,45.82560225507171,47.066883176718186,45.750989401312886,46.94478988647461,6436400
2012-01-26,46.93121026893804,46.93121026893804,45.85950343930857,46.17830276489258,7036800
2012-01-27,45.46610306417815,46.92443802977481,45.249048918715786,46.35466766357422,10338100
2012-01-30,46.117266003538475,46.3885849820703,45.601765636805005,46.3478889465332,6228100
2012-01-31,46.415716022892305,46.60563774974662,45.9680389453252,46.076568603515625,10033800
2012-02-01,46.436067196064805,47.446725125502134,46.18509622567651,47.37211227416992,7409700
2012-02-02,47.27035028599471,47.48061994690985,46.97868341360747,47.222869873046875,5379600
2012-02-03,47.21610232412209,47.392460424410956,46.80912647151442,46.99226379394531,6595400
2012-02-06,46.56493250290229,46.90407985518129,45.63566689466578,46.883731842041016,11863300
2012-02-07,46.60563712945063,46.9651325612086,46.225793680797516,46.91765213012695,6870500
2012-02-08,46.80911693242789,46.80911693242789,45.920547389920415,46.16473388671875,10922600
2012-02-09,46.130835802776204,46.16474744146886,45.22191798115817,45.33722686767578,9139700
2012-02-10,45.37792260830915,45.69672198846502,45.310094164122034,45.689937591552734,5262500
2012-02-13,45.949061256325244,46.665099494841215,45.93542476159932,46.50825119018555,4404000
2012-02-14,46.26275634765625,46.385505621099234,46.030899499365944,46.26275634765625,4272300
2012-02-15,46.344587477698546,46.453700247199365,46.0308960695585,46.303672790527344,4045900
2012-02-16,46.41961543386412,47.19020509421596,46.35824338429649,46.97880554199219,5452100
2012-02-17,46.80830032915732,46.82194202498401,46.21501142747728,46.221832275390625,4968700
2012-02-21,45.996797116867945,46.221838302308846,45.451248876664124,45.4785270690918,5912900
2012-02-22,45.45125133484069,45.85359298864681,45.24666748196007,45.546722412109375,4293000
2012-02-23,45.546735141330274,46.0650105647655,45.41034413369734,45.92179870605469,3881300
2012-02-24,46.078646594419986,46.45371535810598,45.8672470382251,46.18775939941406,3231100
2012-02-27,45.83315710547291,46.17412688474539,45.505829030931444,45.99000549316406,3170500
2012-02-28,45.72403839288887,46.64465553310593,45.703575840754766,46.47417068481445,3839000
2012-02-29,46.41280937483402,46.767420894633894,46.30370173990161,46.37871551513672,4155300
2012-03-01,46.515085640655414,46.515085640655414,45.96271639402853,46.092281341552734,4770400
2012-03-02,46.16048119816554,46.29004615061488,45.79905413649626,46.18775939941406,3079200
2012-03-05,46.11273860239006,46.16728979376883,45.771768943048244,45.84678268432617,3952100
2012-03-06,44.96705835252901,45.86721760495283,44.87158731081599,45.376220703125,6155500
2012-03-07,45.47169387907525,45.82629987882697,45.253473601662996,45.65581512451172,3281700
2012-03-08,45.88770216074561,46.48780695072489,45.77177371315609,46.23549270629883,3867900
2012-03-09,46.2627818243638,46.54237956892857,46.058203057820606,46.37871551513672,3167100
2012-03-12,46.37187663595171,46.624196073002665,46.24230649222494,46.392333984375,3177400
2012-03-13,46.678742616175185,47.00607576668132,46.494621295929434,46.99243927001953,2794600
2012-03-14,46.91743077628731,46.97198197181664,46.41961274654648,46.5491828918457,3484200
2012-03-15,46.535541190874994,46.57646109100262,46.221849704747214,46.5491828918457,3891200
2012-03-16,46.43325398439345,46.70603080102172,45.92862025544143,45.94907760620117,8288800
2012-03-19,45.826330260005584,46.576467838531876,45.689944447247306,46.405982971191406,2938700
2012-03-20,46.2559531510835,46.75376602535765,46.065010941620265,46.08546829223633,3316400
2012-03-21,46.174102895678466,46.174102895678466,45.70356317985283,45.72402572631836,4316900
2012-03-22,45.51263842699498,45.58765218435079,45.2194042490001,45.430809020996094,6085000
2012-03-23,45.410347163197365,45.71040219722269,45.29441870106405,45.45808792114258,3663700
2012-03-26,45.8808764259351,46.18093139037547,45.82632003189429,46.04454040527344,5048500
2012-03-27,46.174120479172615,46.603740468453346,46.12638492480809,46.242313385009766,5209200
2012-03-28,46.06499434011857,46.3514075510921,45.88768869403742,46.15364456176758,3431700
2012-03-29,45.93544318120064,46.16730010399572,45.66266635225298,45.908164978027344,3092000
2012-03-30,46.140021809346436,46.37187870553748,45.86042416099111,46.35142135620117,3857300
2012-04-02,46.07864389357475,46.50826383179121,45.77177325238936,46.44689178466797,4508500
2012-04-03,46.41961737593015,46.556003182531846,46.01045475334003,46.32414627075195,4790100
2012-04-04,46.140031126964054,46.47418004010006,45.95590454018502,46.269596099853516,3602400
2012-04-05,46.21502846445968,46.46734790244457,46.02408627475628,46.38551330566406,3858100
2012-04-09,45.90816669372472,46.17412268112215,45.70358276367187,45.703582763671875,2769600
2012-04-10,45.48535092273988,45.68311395143856,45.00117462604345,45.13756561279297,3961900
2012-04-11,45.51945009595338,45.71039227514637,45.20575862973859,45.50581359863281,3132700
2012-04-12,45.662646538504816,45.846773029332816,45.492161744736755,45.63536834716797,2721300
2012-04-13,45.46490083649794,45.46490083649794,44.70113199985786,44.7284049987793,4543300
2012-04-16,44.728410744670704,45.233049736889,44.57838842019069,45.1853141784668,3033000
2012-04-17,45.430783876330025,46.07180308060448,45.35577016049222,45.92859649658203,3820700
2012-04-18,45.92861066246833,46.37869309631534,45.78540403427626,45.7922248840332,2797500
2012-04-19,45.86723514367735,46.310496694143126,45.635373094585155,45.77857971191406,3407900
2012-04-20,45.86041606774751,46.77421219540434,45.8467795715247,46.6923828125,5086200
2012-04-23,46.52871498113399,46.61054435724492,46.296852942325245,46.56962966918945,3544400
2012-04-24,46.65829556869667,47.12201459931332,46.61738086689626,46.8015022277832,4906100
2012-04-25,47.13563974210204,47.90622917106887,47.10154070072464,47.86531448364258,5861100
2012-04-26,47.59254720119975,48.48588607242705,47.565269003243706,48.27448654174805,5374300
2012-04-27,48.247200478636955,49.09962451536199,48.247200478636955,48.8541259765625,4435200
2012-04-30,48.49270248413086,48.96324225093219,48.308575965476514,48.49270248413086,4045900
2012-05-01,48.30176610758545,48.588179390058585,48.151738615970636,48.206295013427734,3626500
2012-05-02,47.94714317322407,48.58816768191824,47.824393909916324,48.53361129760742,3569300
2012-05-03,48.41770292725145,48.52681574104418,48.08355403988552,48.35633087158203,3093000
2012-05-04,48.05625612925414,48.131269857278255,47.57889556884765,47.578895568847656,4214600
2012-05-07,47.278864453000985,47.73576264680913,47.237944547124044,47.46980667114258,4184500
2012-05-08,47.28566642577527,48.267660638247264,47.224294388887635,48.213104248046875,5063300
2012-05-09,47.91304124217411,48.117619844609756,47.44250161184224,47.476600646972656,4001700
2012-05-10,47.76984996182028,47.89941489069856,47.52435139803076,47.797122955322266,3500000
2012-05-11,47.83122131955405,48.5063397589596,47.68119384351195,48.267662048339844,4666700
2012-05-14,47.945503091562976,48.46642784298497,47.69189904854776,48.116859436035156,4067600
2012-05-15,47.9934861533525,48.50755522419954,47.97977994572422,48.44586944580078,3779900
2012-05-16,48.665218357281155,48.78859517637632,48.33621176323325,48.651512145996094,3411000
2012-05-17,48.713193066077025,48.7885902940558,48.31564499662203,48.349918365478516,5584200
2012-05-18,48.45958123298406,48.45958123298406,46.97220913846452,47.39717483520508,5800500
2012-05-21,47.36977505349734,47.64394640546664,47.3286511809862,47.51371383666992,4248900
2012-05-22,47.50683582426748,47.787862766256794,47.18468502906261,47.232669830322266,5430100
2012-05-23,47.170977440089715,47.43829293692688,46.6020730834851,46.869388580322266,4558700
2012-05-24,46.9722112477743,47.39032124399629,46.821416792824486,47.3629035949707,3261900
2012-05-25,47.390325778304145,47.43144964108634,47.15728358336193,47.32863998413086,2959700
2012-05-29,47.479422814603225,47.554820039113835,47.123003850047155,47.48627853393555,4151900
2012-05-30,47.2463866261334,48.00035373720825,47.18469560310404,47.69876480102539,3535600
2012-05-31,47.650779724121094,47.97978627378356,47.29436075558665,47.650779724121094,5870100
2012-06-01,47.30120609213282,47.67133641823941,46.341609531417284,46.43756866455078,4177500
2012-06-04,46.45128016981018,47.24637619719299,46.45128016981018,47.08872604370117,4606600
2012-06-05,46.889953613985355,47.03389231889374,46.47184370618352,46.91736602783203,3198700
2012-06-06,47.17099110947249,48.03462885765042,47.027052356339915,47.966087341308594,3612900
2012-06-07,48.30879418351704,48.57610972478921,47.3629035949707,47.3629035949707,4457100
2012-06-08,47.040736320304816,47.69874397887518,46.99961247582542,47.20524215698242,4561100
2012-06-11,47.32864560872057,47.41089334405937,46.43759012707517,46.46500778198242,4872400
2012-06-12,46.51982075395363,47.081869336210985,46.36217062128294,47.03388977050781,3929500
2012-06-13,47.10930038609636,47.5068432310502,46.95850592828747,47.17098617553711,3944600
2012-06-14,47.21209496588287,48.43900693717655,47.08871819699914,48.26765060424805,4387300
2012-06-15,48.50756654956747,48.932532296597635,48.336210152610796,48.863990783691406,8431000
2012-06-18,48.82972578119781,49.44660996184258,48.72006038762937,49.364356994628906,4015600
2012-06-19,49.36435234389677,50.227990115434096,49.227269307505345,50.04977798461914,4557300
2012-06-20,50.04975381000387,50.5501165869785,49.713896872499866,49.89210891723633,4139700
2012-06-21,50.07718794734185,50.378776856346654,49.05590536373261,49.110740661621094,6063200
2012-06-22,49.07646534619812,49.69334934951672,48.86398511203679,49.665931701660156,18867200
2012-06-25,49.26152065202042,49.48085654979139,48.91195226734847,48.93251419067383,3871900
2012-06-26,48.95995640741786,49.59054677636685,48.877703443448596,48.98051834106445,3681000
2012-06-27,49.24097190596638,49.72077295689263,49.234121415217366,49.604251861572266,3492500
2012-06-28,49.432910942372274,49.563138289349645,48.582979178960954,48.95310974121094,4475700
2012-06-29,49.850996071633645,50.063476291108294,49.42603040330309,49.97437286376953,4918700
2012-07-02,50.05662543860104,50.981948854886234,50.00179014134725,50.96824264526367,4751000
2012-07-03,50.74890029754124,51.523429163574484,50.66664736201426,51.516578674316406,3046600
2012-07-05,50.76262120521434,51.32467002061999,50.4541817590876,50.947689056396484,3230900
2012-07-06,50.90654119535186,51.14644426432428,50.543266576915734,50.6186637878418,3103100
2012-07-09,50.776336718291816,51.27669454696697,50.57070691812915,51.26984405517578,3323800
2012-07-10,51.30410101114807,51.74962866139407,51.22185329253041,51.35893630981445,5896200
2012-07-11,51.256116512196044,52.20885751019973,51.12588399770961,52.154022216796875,7086100
2012-07-12,51.46175089537012,52.256841803992046,51.02992945755079,51.96210861206055,4817800
2012-07-13,51.9278461196012,52.77777241900485,51.91413467883041,52.7503547668457,3234900
2012-07-16,52.47617052086512,53.27812226775608,52.44190238616213,52.96282196044922,3175800
2012-07-17,53.202730923514316,54.080074755357415,53.202730923514316,53.98411560058594,4568600
2012-07-18,53.86757019169116,54.76548086357925,53.57969282942774,54.57356262207031,4587600
2012-07-19,54.42278343933346,55.00539404376498,54.06635926598573,54.587284088134766,4894800
2012-07-20,54.57357561493466,54.57357561493466,53.16159564739237,53.30553436279297,6772300
2012-07-23,52.6886551044982,53.25755424157999,51.88670337070914,53.14103317260742,4755300
2012-07-24,53.401499991593624,53.401499991593624,52.215711647244255,52.3527946472168,4162800
2012-07-25,53.319258473662444,53.963560216165824,52.50360032980242,53.4357795715332,4913700
2012-07-26,54.14862659834563,54.83405225148925,53.805913771773824,54.3474006652832,5867800
2012-07-27,55.18360273353177,57.56202980802293,55.16304080736999,57.52090072631836,12360300
2012-07-30,57.006841959517786,57.84306197046172,56.91773852024975,57.20561599731445,5817800
2012-07-31,56.979432288815936,57.19191779587438,56.61615753173828,56.61615753173828,4537800
2012-08-01,57.17819994966905,57.308432481725085,56.03354049971136,56.081520080566406,4045600
2012-08-02,55.33439859967348,56.69839377405079,55.06707786449429,55.546878814697266,4648100
2012-08-03,56.57502285262701,56.89031796321056,56.19118623615688,56.34883117675781,4121400
2012-08-06,56.32826977864622,56.81492127322218,56.019830384559754,56.49962615966797,3820000
2012-08-07,56.89031101497697,56.89031101497697,55.8621728641039,55.910152435302734,3845900
2012-08-08,55.629140180399304,56.15691555327765,55.59486681112663,55.77307891845703,3371700
2012-08-09,55.519466404044984,56.29399534907958,55.49204875607275,56.184329986572266,3387500
2012-08-10,56.156907334557275,56.73951792125244,55.99925718011024,56.70524978637695,2832300
2012-08-13,56.45848888686004,56.527030377106655,56.108920488407634,56.36252975463867,3697000
2012-08-14,56.62414619094217,57.567310152090535,56.465802802402166,57.51223373413086,3614600
2012-08-15,57.33323101212714,57.746293591713304,57.285040465381684,57.587955474853516,2940200
2012-08-16,57.5604333520729,57.71877151317362,56.982141377172375,57.209327697753906,3610000
2012-08-17,57.4571531351433,57.532881891233174,56.63790854783065,57.402076721191406,4058700
2012-08-20,57.333221336961664,57.40206421321262,56.899506489443326,57.30568313598633,2295100
2012-08-21,57.14735126908422,57.773828339277316,57.08538899704843,57.21619415283203,3679900
2012-08-22,57.26438934959268,57.95971461240617,57.03720308762752,57.73941421508789,3696200
2012-08-23,57.51912749021772,57.84957553855562,57.35389821367174,57.59485626220703,3048000
2012-08-24,57.47779097218455,58.27638301582652,57.415833961406086,58.23507308959961,3118600
2012-08-27,58.07674841676239,58.710111406510435,57.84267628867023,58.12493896484375,3633600
2012-08-28,57.91151747217432,58.18688899819295,57.82890286294362,57.83578872680664,3467900
2012-08-29,57.60861977816126,57.918415464084724,57.539776875997916,57.63615798950195,2870900
2012-08-30,57.30570856628673,57.40897555267689,56.85822179351411,57.243751525878906,3213000
2012-08-31,57.698101663263884,58.11805009729303,57.50533948089816,57.77383041381836,4116200
2012-09-04,57.69122308631738,58.24197144787875,57.39519393799195,58.056095123291016,3719200
2012-09-05,58.09051610037812,58.3314740981657,57.80137280588413,57.88398742675781,4264200
2012-09-06,58.18691042616609,58.47605903876811,58.1318392521069,58.386558532714844,5789900
2012-09-07,58.51735014841245,58.71011234381531,57.67056735874885,57.80137252807617,4806100
2012-09-10,58.34524783594796,58.37967191202304,57.76696117499791,57.86334228515625,5113200
2012-09-11,57.72562776558563,57.987238031698034,57.67743723009773,57.78759002685547,4184000
2012-09-12,57.140484539488746,57.8151576318443,57.092293979490286,57.243751525878906,3276200
2012-09-13,57.078525141352635,57.629273625388684,56.55530961699804,57.360782623291016,4315300
2012-09-14,57.546657479339274,57.546657479339274,55.818678050125726,56.01144027709961,7436000
2012-09-17,55.81868731315574,56.514007568359375,55.48823397466458,56.514007568359375,6972100
2012-09-18,56.624132474893166,56.995890327505734,56.12845533807641,56.47956085205078,4608200
2012-09-19,56.61037178532478,56.68609528394517,56.128461074225406,56.25238037109375,3968200
2012-09-20,56.087178431727814,56.679236943590524,56.03898786691934,56.65858459472656,3979200
2012-09-21,56.77558646315173,56.99588681567693,56.10779954232933,56.47267150878906,6789200
2012-09-24,56.50021848647575,57.18865785161004,56.43137560043743,57.07851028442383,3261400
2012-09-25,57.147379155473594,58.35214859226932,57.13360742057858,57.69812774658203,6532100
2012-09-26,57.89087979421303,58.46228588676999,57.250636048847426,57.4571647644043,5420600
2012-09-27,57.51223887045265,58.214444878834335,57.18867145151265,57.994144439697266,3570800
2012-09-28,57.82202670686344,58.193784632253525,57.560421612274595,58.028560638427734,3629800
2012-10-01,58.173114572017695,58.75140100046961,58.076733500609045,58.572410583496094,4146000
2012-10-02,58.840925762895736,59.611974652611586,58.61373946401448,59.44675064086914,3758500
2012-10-03,59.30217346495588,59.77719836350996,59.30217346495588,59.75654602050781,4388700
2012-10-04,59.88049018694141,60.20405244891086,59.40546509120716,59.474308013916016,2787300
2012-10-05,59.790973500659284,60.11454092755695,59.64640182633037,59.852935791015625,3230800
2012-10-08,59.63261438562888,59.887333566513206,59.08874670534536,59.23331832885742,2107800
2012-10-09,58.992373092687615,59.23332582905078,58.62061519128057,58.813377380371094,3131900
2012-10-10,58.723880532656786,58.81337576016174,58.04920763705031,58.27639389038086,3141600
2012-10-11,58.66880402725057,58.88910441583894,58.24885559082032,58.24885559082031,2074500
2012-10-12,58.42787428024062,58.66194123727057,57.815163419335605,57.82892990112305,3150300
2012-10-15,58.17313351935771,59.46739779437676,58.00102365687441,59.35725021362305,3413800
2012-10-16,59.60509319330033,60.71348120891312,59.41233097360707,60.61021423339844,3567000
2012-10-17,60.57578709485617,61.71171326333473,60.40367722849203,61.40879821777344,4383200
2012-10-18,61.298638611312235,61.9251156707637,60.95441894609982,61.81496810913086,6010800
2012-10-19,61.83562137282747,61.83562137282747,59.68768873894498,60.00437545776367,5489600
2012-10-22,59.85292232498003,61.89070229173762,59.5018167649595,60.44498062133789,4656300
2012-10-23,60.01816279378624,60.651525946808235,59.288418519755545,60.11454391479492,4261200
2012-10-24,60.947540857094744,61.367489322415956,60.224682619360145,60.23844909667969,6540500
2012-10-25,60.62397656008586,60.92000573501811,60.410562010382215,60.617095947265625,5483100
2012-10-26,60.25912186802598,60.69284221008349,60.00440255843941,60.327964782714844,4187900
2012-10-31,60.383022102117884,60.72035595397998,59.32971060889212,59.54312515258789,3800400
2012-11-01,59.87357910518762,60.47940392323219,59.53624524930636,60.03880310058594,4154100
2012-11-02,60.14207696759819,60.32795332720033,59.38479454506359,59.515594482421875,3238100
2012-11-05,59.357255395420445,60.46564342676361,58.69635409607402,59.44675064086914,5033300
2012-11-06,59.763437836688205,60.506953838404264,59.5844473288647,60.09389114379883,3586100
2012-11-07,59.722113439821825,59.825380392498325,57.93905804961748,58.75141143798828,7163900
2012-11-08,58.558641109880746,58.87532253559972,58.22819321016297,58.338340759277344,4603100
2012-11-09,58.0492343583635,59.07500802416591,58.007929657790164,58.63440704345703,4030600
2012-11-12,58.77896602206146,59.302181543017646,58.352136868871845,58.87534713745117,3207800
2012-11-13,58.74398909962827,59.53212739263766,58.54349703918483,59.29706573486328,4890100
2012-11-14,59.255567293862896,59.428404675518514,57.8521285987518,58.08718490600586,4280800
2012-11-15,57.9765747966846,58.30841963328388,57.32670451935803,58.177066802978516,3569700
2012-11-16,58.26695626675939,58.75781395783199,57.6931347065807,58.44670867919922,6370800
2012-11-19,59.09657663875485,59.22792949940147,58.488185506825985,59.04126739501953,3796400
2012-11-20,58.91681488032653,59.850135803222656,58.833851027894816,59.850135803222656,4215200
2012-11-21,59.88469401426297,60.02296180079617,59.49062502060759,59.905433654785156,2624000
2012-11-23,60.14740904973364,60.58987232652404,59.83630387137669,60.562217712402344,2267200
2012-11-26,60.278793165651265,60.42397599652009,59.953857902696015,60.34792709350586,4925300
2012-11-27,60.423983096981765,60.51385668629578,60.064478190563264,60.13361740112305,3568700
2012-11-28,59.98840056178868,60.299511036633525,59.08273430248076,60.17506790161133,4704900
2012-11-29,60.45852608905084,61.440246621944,60.26494902680073,61.260494232177734,4391500
2012-11-30,61.44714966164629,61.585422744396475,61.14986912695688,61.391845703125,4408000
2012-12-03,61.47481400652594,61.938017039238225,60.91482243786123,61.11531448364258,3712100
2012-12-04,61.29507939149061,61.4333472497605,60.921749844665065,61.066932678222656,2745500
2012-12-05,61.21902046880672,61.82049135589108,60.67976325080788,61.53704071044922,3425400
2012-12-06,61.56469463118995,61.62691357414654,60.97704314995225,61.21210479736328,3975500
2012-12-07,61.37804842388435,61.391878376809274,60.58299491731237,61.060028076171875,3526400
2012-12-10,60.811127185256865,62.09012324793609,60.652119686564056,62.04172897338867,4492600
2012-12-11,62.13850301458355,62.39430427722786,61.95875590799154,62.18689727783203,4286300
2012-12-12,62.221476327215996,62.78146792629538,62.014069296293314,62.33900451660156,3571700
2012-12-13,62.26294884413404,62.463440878974296,61.3227128822663,61.63382339477539,2713300
2012-12-14,61.56469394429249,62.311347624339795,61.46790540660896,61.668392181396484,3398500
2012-12-17,61.70297506534854,61.97260108904578,61.55087725206685,61.87581253051758,3049800
2012-12-18,62.21457944344483,62.221494419707604,61.523229505448086,61.73063659667969,5514200
2012-12-19,61.8827118290544,61.93110609605862,61.0945736095117,61.17753219604492,4916500
2012-12-20,61.177549770623806,61.405696498289295,60.83878980427812,61.12224578857422,2887800
2012-12-21,60.81802524136278,60.81802524136278,59.69112201604937,60.258033752441406,7247000
2012-12-24,60.13358845392764,60.576051760694305,60.08519419458062,60.423954010009766,1596900
2012-12-26,60.35482505238438,60.5069175409517,59.52520232828911,60.07136917114258,2720400
2012-12-27,59.94002314554454,60.52767467163393,58.944483060197435,59.559783935546875,3122600
2012-12-28,59.17953512550151,59.55286460818736,58.88225453417276,58.93064880371094,2418700
2012-12-31,58.764723758377954,60.00915531250484,58.46052820635148,59.59434127807617,3896700
2013-01-02,60.39630686739683,61.69604233252961,60.347912602061555,61.63382339477539,5772800
2013-01-03,61.896547910733545,61.93111751121394,61.07383994544064,61.24667739868164,3871300
2013-01-04,61.24667275687827,61.723705779535486,61.12914456348101,61.51630401611328,3280500
2013-01-07,61.17752650402827,61.39184847331724,60.67284423430891,61.20518112182617,2573300
2013-01-08,61.143008501872146,61.30893105976232,60.45165835698289,60.9425163269043,5170700
2013-01-09,61.073836189491914,61.47482032225043,60.98396261818266,61.30198287963867,3372500
2013-01-10,61.05999869078714,61.53011664693792,60.3340794744467,60.7074089050293,5861200
2013-01-11,60.80418549431516,60.87332466293056,60.057532054302264,60.1197509765625,4681700
2013-01-14,60.264962393534745,60.320271644896444,59.80175928118673,60.092124938964844,4401000
2013-01-15,59.84320922902004,60.05061618260197,58.76470572938104,58.82001495361328,6277900
2013-01-16,58.78548213284467,58.99979891755073,58.260054723204654,58.29462432861328,7753800
2013-01-17,58.1424887816478,58.39828998179817,57.99039105585989,58.03187561035156,6268400
2013-01-18,57.94203848961397,57.983523073950856,56.40033103178463,56.74600601196289,14408700
2013-01-22,56.690685259586736,57.66549103792219,56.38648965081586,57.58252716064453,9394900
2013-01-23,57.42350113368806,58.41213135953786,57.29214828486028,57.430416107177734,7670400
2013-01-24,57.61707962381325,58.018063702890316,56.7736374474304,57.11931228637695,8071300
2013-01-25,57.195373633267074,57.6793164033903,56.75290489040792,57.672401428222656,7235200
2013-01-28,57.527193628344406,59.52519334356285,57.257567734220004,59.172603607177734,9426900
2013-01-29,58.764724406063195,60.762724613902975,58.764724406063195,59.86396789550781,21502900
2013-01-30,59.87088277803196,60.02298055548951,58.90299214613998,59.027435302734375,4963100
2013-01-31,58.82695090746845,59.539045619493784,58.792386582829344,59.0827522277832,4269700
2013-02-01,59.5735962092047,60.09902340363447,58.937555817019714,59.663475036621094,3379500
2013-02-04,59.06891206454503,59.62198858497259,59.06891206454503,59.27631378173828,3907500
2013-02-05,59.51138922145424,59.86397380499879,59.05509584334227,59.82249450683594,4577900
2013-02-06,59.77409433350014,60.47235900626624,59.456074104958056,59.86396789550781,5549100
2013-02-07,60.14741042847439,60.14741042847439,58.792365952920235,58.91680908203125,7639700
2013-02-08,59.18646309794176,60.26496721283864,59.034365281824314,59.988426208496094,8354900
2013-02-11,59.41843519900426,59.76599271459592,58.79977794220884,59.02916717529297,7538400
2013-02-12,59.08478604530149,59.244664858644114,58.584302303212084,58.76503372192383,4656000
2013-02-13,59.05696026704432,59.17512852524889,58.702450189124896,59.043060302734375,7943200
2013-02-14,59.779875220858,60.05792221277886,58.8136660339946,58.89012908935547,6189100
2013-02-15,58.55649282610617,58.89015039780084,57.916988225607525,58.11857223510742,5622200
2013-02-19,58.049058315619284,58.57734192618489,57.63893768542805,58.48002624511719,5944300
2013-02-20,58.64684511995288,59.32110210780306,58.5564767902274,58.84147644042969,6388300
2013-02-21,58.79977004861969,59.30720628671761,58.49392308220617,59.175132751464844,4094200
2013-02-22,59.13340288185887,60.391558697439734,59.13340288185887,60.349853515625,4920400
2013-02-25,62.07376080055697,63.429232692947004,62.07376080055697,62.24753952026367,11422400
2013-02-26,62.303148307591414,62.70631623357835,61.62889129064826,62.191932678222656,4805200
2013-02-27,61.96949583390146,63.463993964248196,61.90693273373042,63.276309967041016,3549800
2013-02-28,63.25545628777925,64.93763308329822,63.16509325941539,63.63777160644531,6528600
2013-03-01,63.366682532790605,64.47886541222945,62.914856746463684,64.35374450683594,4317700
2013-03-04,64.02703465994735,64.47190777721839,63.60301414140683,64.4580078125,3186700
2013-03-05,64.72212608832537,65.17395167569263,64.33981090594446,64.9515151977539,3570200
2013-03-06,65.21566637341711,65.54237115815572,64.70823026670092,64.8333511352539,3716300
2013-03-07,64.94459656913114,65.25739620699339,64.5205759824159,64.6109390258789,2980100
2013-03-08,64.9446212199081,65.25742097649854,64.54145308224714,64.64572143554688,3084900
2013-03-11,64.40935859433519,64.89593697413628,63.165102105064896,63.561317443847656,5699600
2013-03-12,63.658641399534,63.818514900845386,63.283278613448985,63.77680969238281,4997500
2013-03-13,63.672537878296026,63.80461143559882,63.02608066601931,63.63083267211914,2606100
2013-03-14,63.70726600632443,64.1521390088492,63.35970864164542,64.07567596435547,3436800
2013-03-15,63.83934930238709,64.06179115958145,63.43618669448675,63.81849670410156,10172700
2013-03-18,63.443143071208596,63.50570617829163,62.80363855050714,62.831443786621094,3605900
2013-03-19,63.03300889932067,64.31201755779723,62.93569325371071,64.22860717773438,4010900
2013-03-20,64.59005865749836,65.95943550756252,64.56225343223815,65.37554168701172,4157700
2013-03-21,65.0974938325152,65.55626678466797,64.97237297223637,65.55626678466797,3674000
2013-03-22,65.82043868375685,67.14810552836718,65.41031809076293,67.12030029296875,4724700
2013-03-25,67.37055335528017,67.78762134927042,66.73800138011151,67.2940902709961,5042200
2013-03-26,67.62773815987035,68.64955804591102,67.47481201321031,68.58004760742188,3127000
2013-03-27,68.16296038199528,69.73392142534075,68.1351551516443,69.61575317382812,3478300
2013-03-28,69.40027231504882,71.33269628217134,69.36551975040754,71.25623321533203,5506800
2013-04-01,71.3326919811186,72.22243819253968,70.69318225126717,71.11720275878906,4099700
2013-04-02,71.17283035784659,74.10621675086746,71.17283035784659,73.96024322509766,4970500
2013-04-03,74.1548548190608,74.23131787930915,72.24328891946337,72.85498809814453,5306700
2013-04-04,73.11912168586271,74.05752553046737,72.8063168687914,73.59874725341797,2850300
2013-04-05,72.43792381558524,72.72292347301652,71.92354026937694,72.31975555419922,4015900
2013-04-08,72.35451201113106,73.08438482401424,71.61073923281573,73.05657958984375,3133300
2013-04-09,73.32070866760697,73.32070866760697,72.13901037026513,72.50047302246094,2881600
2013-04-10,72.66035711631936,75.26008526679541,72.63950451857498,75.24618530273438,4641500
2013-04-11,75.46860800993268,76.01774929747994,74.80825112037712,75.2253189086914,4273000
2013-04-12,75.41996035477472,77.92237272523981,75.19057118412819,77.55396270751953,5726500
2013-04-15,77.37323020804524,77.4635985302683,75.21142265751301,75.40605926513672,4458900
2013-04-16,75.9899571561733,77.11604515150177,75.56593666243698,77.05348205566406,4627700
2013-04-17,76.4209369810549,76.73373657774047,74.82912315746194,76.07337951660156,3546600
2013-04-18,76.20545795636723,76.39314198216812,73.89072896350804,74.69705963134766,3889300
2013-04-19,74.49546471108647,77.58177665325428,74.49546471108647,77.4218978881836,6032500
2013-04-22,77.85983352859867,79.22225830783975,77.03959760705176,78.8399429321289,4305600
2013-04-23,79.04150625560014,79.90344715521496,77.85286053912267,78.38114929199219,4793700
2013-04-24,74.1479063594004,75.32960489129235,72.30585078270553,72.93840789794922,7490500
2013-04-25,73.32768547455329,75.93436692396126,73.13305410819328,75.53120422363281,8120000
2013-04-26,75.79534923982976,76.2471751041617,74.30780338739453,75.3365707397461,2933600
2013-04-29,75.1766835399463,75.33655700994903,73.91157453236242,74.14791107177734,4293900
2013-04-30,74.1409620307269,74.1409620307269,72.18768544348077,72.43792724609375,5477200
2013-05-01,73.02183037426785,74.29388675025561,72.50744147347716,72.66732025146484,3744500
2013-05-02,73.0913317047153,74.32168272589679,72.56999553749667,73.39717864990234,2919800
2013-05-03,74.16872886923082,74.77348050627191,73.77946637364782,74.01580810546875,2620500
2013-05-06,73.73778239192346,73.77253495141801,72.76462056988625,72.86888885498047,2624100
2013-05-07,72.98704931082376,73.37631187675731,72.41705542357619,72.61168670654297,2957100
2013-05-08,72.73682121222507,73.34157307194785,72.44487423303711,73.03572082519531,3224200
2013-05-09,72.85497681134035,73.50838638739697,72.38229855908116,72.68119812011719,2460800
2013-05-10,72.68118980960794,74.20349266771728,72.56997421766022,74.1826400756836,2905100
2013-05-13,73.80729611173055,74.78740530747217,73.41803348684657,74.30082702636719,2547000
2013-05-14,74.37063419398518,76.49311638665412,74.37063419398518,75.362060546875,3756400
2013-05-15,75.45981269273327,76.21385353746408,74.32176808631718,74.99900817871094,2561900
2013-05-16,74.72671877049416,74.72671877049416,72.33194467808185,73.28845977783203,3915400
2013-05-17,73.93081243628592,74.04252459796984,72.84164549351291,73.74928283691406,3038000
2013-05-20,73.53981380646584,73.65850395622708,70.6912182518293,71.34053039550781,3905000
2013-05-21,71.52904920853298,73.0860040607023,71.52904920853298,72.77880096435547,3490400
2013-05-22,72.79276224920038,74.98506250193446,72.33894097962957,72.98126983642578,3535200
2013-05-23,71.98285040814545,74.23798961184116,71.9130329948551,73.74227905273438,3169500
2013-05-24,73.37922223768159,74.12627976899155,72.86955031093235,73.94475555419922,2411000
2013-05-28,74.53823454952226,75.42492718500193,73.62360854718514,74.14724731445312,3164400
2013-05-29,73.87496652299026,73.97271201455206,72.71598198301618,72.883544921875,2909900
2013-05-30,72.95334297415245,73.89589157890545,72.74389068794532,73.46302032470703,2351700
2013-05-31,72.89048378829166,73.33033823192926,70.09076164815866,70.18850708007812,6097100
2013-06-03,70.24437545187288,70.69121331235102,67.87752932859014,69.2110595703125,5009900
2013-06-04,69.14124704658173,70.06983420508811,67.80771671048385,67.92640686035156,3164700
2013-06-05,67.72391551501921,68.65250243915497,66.02732649059452,66.04827117919922,4995200
2013-06-06,66.33451483995,68.0939375423769,65.73407570757388,68.06600952148438,4670200
2013-06-07,68.95971997514944,70.00001930756054,68.64553890199831,68.9876480102539,3576300
2013-06-10,69.08541839167361,69.42753295007188,68.33138247875387,68.63858032226562,2901300
2013-06-11,67.9054853815266,69.12730932567192,67.45864733666326,68.3732681274414,2064500
2013-06-12,69.0993836796399,69.46942094900102,67.00482827414238,67.28410339355469,2579600
2013-06-13,67.29105348296461,68.91084211124601,66.98385577315915,68.77819061279297,2958100
2013-06-14,68.58271486845126,69.05049753986373,67.6680888966132,68.01718139648438,3126400
2013-06-17,68.9247929189381,69.88130252777613,68.7711914360433,69.17613983154297,3082500
2013-06-18,69.20405301036087,71.41729670737037,69.16914165292906,70.86573028564453,3329000
2013-06-19,70.99839362773275,71.21482914902558,69.22500410579502,69.2459487915039,3825500
2013-06-20,68.78515415708995,68.8270488611768,66.96289699447071,67.22122192382812,3875100
2013-06-21,67.77977234378776,69.20406977917708,66.36943625871896,68.61759185791016,6938000
2013-06-24,67.53542120101426,67.88451361731352,66.61381743505332,67.12348937988281,3745400
2013-06-25,68.17076817245089,68.94575378032235,66.77439847563424,67.29105377197266,3068900
2013-06-26,67.95433770607019,69.93718026846953,67.8984816355645,69.53921508789062,2975900
2013-06-27,70.15361869765566,70.25136415417613,68.66648150238544,69.11331939697266,2998200
2013-06-28,68.93877005076745,69.73470034731676,68.26851323929053,68.88291931152344,5269700
2013-07-01,69.95808899146947,71.01933247848439,67.91939140684258,68.06600952148438,4898700
2013-07-02,67.57731186371008,67.91942094666591,66.60683535419318,67.06763458251953,4006100
2013-07-03,66.47417186490327,67.37483086489513,66.36246507067304,66.89308166503906,2132600
2013-07-05,67.66807479049369,68.35229829136831,67.57032933704413,68.17076873779297,2233500
2013-07-08,68.74331204264422,69.27393426984071,68.35233004719953,68.54782104492188,2464300
2013-07-09,69.04350871974664,69.59507546498347,68.47099727845612,68.65252685546875,2085600
2013-07-10,68.53381304403953,71.44524197886547,68.436062284973,71.25672912597656,4175500
2013-07-11,72.35986700297538,72.36685034195304,70.63534981965016,72.09455871582031,3567100
2013-07-12,72.30402539103004,72.79973602294922,71.38242155073715,72.79973602294922,3710500
2013-07-15,72.78576495182415,73.06503993544997,71.86416123456799,72.92539978027344,2532900
2013-07-16,72.79976019253262,73.23962022768612,72.29008803738394,72.64616394042969,1895700
2013-07-17,72.96031643227239,73.27449748239016,72.53442324992666,72.8276596069336,2184200
2013-07-18,72.99521517518622,74.00758089637998,72.79971897761327,73.14881134033203,2296700
2013-07-19,73.49094143791693,76.57691730716739,72.66009973206954,76.37444305419922,5448700
2013-07-22,75.57851816636268,76.17197428754275,75.27829843540408,76.06724548339844,2857100
2013-07-23,76.24879523027184,76.24879523027184,74.31482481917108,74.44049835205078,2560600
2013-07-24,75.01297641339578,75.04788245726486,73.92380450617101,74.42649841308594,1860200
2013-07-25,74.3636595467787,76.57690393576905,73.5607460153401,76.45821380615234,3355500
2013-07-26,76.11612382275888,76.7165633289119,75.69023588752482,76.52107238769531,2516500
2013-07-29,76.50709944591605,76.66070096981917,75.69720243869153,76.36048126220703,2027600
2013-07-30,76.74449240489909,77.7079910949641,76.38143855583473,77.63816833496094,3982200
2013-07-31,75.32018693965745,76.48615979953611,74.31480428120152,75.6064453125,4432400
2013-08-01,76.52106123874972,76.71655215148373,75.69720287313652,76.37444305419922,2396200
2013-08-02,76.75145036470556,76.79333974547177,75.54358839425298,76.14402770996094,2103200
2013-08-05,76.03232925927118,76.08120198443508,74.88730656109314,75.00599670410156,1839700
2013-08-06,74.70578866707909,74.9850637087503,73.00919904783237,73.46302032470703,3633400
2013-08-07,73.02314085684857,79.10433475111014,72.12946522409278,78.47596740722656,9915200
2013-08-08,78.01518287438088,78.12689502042237,76.3465213116663,77.0656509399414,4758700
2013-08-09,76.05328773547001,77.76383875294607,75.6553225222308,76.5420150756836,2825300
2013-08-12,75.94857105069568,76.39540906928892,75.50871637428558,75.55060577392578,1854200
2013-08-13,75.84381333417859,76.04628756652794,74.72671871322304,75.30621337890625,2683300
2013-08-14,75.05378738594014,75.8882654878247,74.69615314941224,74.78030395507812,2170500
2013-08-15,74.2894086037883,76.09860474335366,73.34272979757297,74.1631851196289,3267800
2013-08-16,74.16320737079067,74.89249823696062,73.51806195261341,73.56715393066406,2525400
2013-08-19,73.70737648229388,74.46471737374922,73.17443229756167,73.25858306884766,1723100
2013-08-20,73.01315441861198,74.48575822984158,73.01315441861198,74.05098724365234,1855500
2013-08-21,74.00891495038177,74.45770839349248,72.84485327916096,73.38481140136719,2341300
2013-08-22,74.33149069352409,75.28517817193479,73.51104061799202,74.53485107421875,2115100
2013-08-23,74.45770797105132,74.68210469133355,73.52505692892464,74.05098724365234,1572300
2013-08-26,77.67641406940236,81.5192146720467,77.66239161229396,79.76611328125,11554700
2013-08-27,78.32857832905448,78.98774625092388,76.14071092887784,76.5263900756836,5315300
2013-08-28,76.15472668845464,77.2065875690964,75.94435772235096,76.57546997070312,3043100
2013-08-29,76.25990687667336,78.18831831493407,76.08459674592238,76.33704376220703,2739600
2013-08-30,76.59650308964439,77.01724632469329,75.74799736641047,76.39314270019531,2655000
2013-09-03,77.50811350147458,78.52491546132565,77.14347078658905,77.84471130371094,3309800
2013-09-04,78.06207446968604,79.3733958320862,77.27668336252091,79.25418090820312,2955800
2013-09-05,79.16305080824844,79.43653421390746,78.4057096771737,79.19110107421875,2710500
2013-09-06,79.26822869746185,79.26822869746185,77.1294429802239,77.84471130371094,3028400
2013-09-09,78.07612259176582,78.51089367171508,77.45903281542193,78.30753326416016,2826800
2013-09-10,78.76333397680352,78.95968046386528,77.43097593597517,77.94989776611328,3139700
2013-09-11,78.70021493795994,79.1630308345938,78.10415629905476,78.51789093017578,3196200
2013-09-12,78.69321499030391,79.71702554626795,78.51089095018843,79.56275177001953,2685800
2013-09-13,79.92038094985082,80.79693157823816,79.42950938792963,80.68473052978516,3297100
2013-09-16,81.4911521082005,82.17135620117188,80.93016295784105,82.17135620117188,4710700
2013-09-17,82.25548805556559,82.25548805556559,80.87404382996318,81.154541015625,3145200
2013-09-18,81.05636549860162,82.68324816655844,80.64965018165144,82.40975952148438,2609400
2013-09-19,82.64118601898343,82.64118601898343,81.10547307046089,82.17135620117188,3030400
2013-09-20,82.15033096868837,82.47290097758739,81.39298989559984,81.93995666503906,5324700
2013-09-23,81.26675086448452,81.69450794352245,80.66368368256349,80.6777114868164,2518800
2013-09-24,80.7759069066485,81.68050792803604,80.35515826411199,80.48839569091797,2225700
2013-09-25,80.502404022295,80.502404022295,78.81942590945191,78.87552642822266,3651700
2013-09-26,79.68196895856562,79.99753044455679,78.92463316227766,79.13500213623047,3534600
2013-09-27,78.8404688134392,80.13074875207253,78.65814478731392,79.3734130859375,1940200
2013-09-30,78.59505018862053,79.42952289067527,78.18832934389796,78.48284912109375,3041300
2013-10-01,78.5319212445489,80.36917326062066,78.35661112145183,80.34813690185547,2822600
2013-10-02,79.85726644836967,79.85726644836967,78.81943350134624,79.2822494506836,2472000
2013-10-03,79.2331530052574,79.28223962031352,77.18553227714602,77.92183685302734,3058800
2013-10-04,77.65535963971531,79.58377072088516,77.2135801180434,79.17705535888672,3088000
2013-10-07,78.16727629832718,78.33557251365724,77.19255246989525,77.29072570800781,2662300
2013-10-08,77.25564496272294,77.6974297894478,74.96960536585985,75.56565856933594,4244200
2013-10-09,75.82513351871138,76.02849390619825,74.16319695379802,74.52783966064453,5440700
2013-10-10,75.15194145055361,77.1294394031235,75.02571794932402,77.08035278320312,3096600
2013-10-11,77.13644789314087,78.19532244859425,76.89802871312669,77.76055145263672,2431300
2013-10-14,77.15047647902814,78.32155216522958,76.84894285384483,78.24441528320312,2211100
2013-10-15,78.27247901729321,78.6230993232029,77.76057101664689,78.14625549316406,1968900
2013-10-16,78.83346371624252,80.53747851795643,78.7843770902689,80.13777160644531,3541600
2013-10-17,79.70998906482282,81.32284400507004,79.6889527103913,81.23869323730469,2656400
2013-10-18,81.30882462877611,81.34388878982213,79.7871342000795,80.5865478515625,2694000
2013-10-21,80.614609747963,80.9722439121094,79.07188273994575,79.68897247314453,2683400
2013-10-22,80.2079086656999,81.79271413238864,79.5206957815006,81.49118041992188,3665700
2013-10-23,80.60058522120205,81.44908558882065,80.01154041597135,81.11248779296875,3365200
2013-10-24,81.5402390090124,82.41678957515681,81.16858242497356,81.48413848876953,3234200
2013-10-25,81.77868793727215,81.79972430112775,80.76188576723753,81.56831359863281,2002200
2013-10-28,81.33689273561575,83.41957809782002,81.20366066449294,82.97779846191406,3322000
2013-10-29,82.95677932550106,83.01287451707547,81.83478989333909,82.93573760986328,2655600
2013-10-30,82.97077125370711,83.0969947508746,81.7436004451499,81.96098327636719,2527800
2013-10-31,82.1222741380187,82.50094464428285,81.26675988498194,81.44207000732422,2648600
2013-11-01,82.09422828832042,83.27231258777435,81.73659412151102,83.23023986816406,2632300
2013-11-04,83.25830298573315,83.93850190796013,81.96801743472014,82.24150085449219,2248700
2013-11-05,81.57533819460232,81.95400884375707,80.53749952469202,80.74085998535156,3299300
2013-11-06,81.51921696212365,81.5472672271693,79.30329417388623,79.47159576416016,3494200
2013-11-07,80.05364391734632,80.81799374132648,77.59228746894792,77.85875701904297,3827400
2013-11-08,78.12522124644377,79.9203955493014,78.0270426360924,79.387451171875,3060000
2013-11-11,79.24020350535528,79.9274217835796,78.30755203849449,79.35941314697266,2294800
2013-11-12,78.98616728025112,79.53541498521356,78.47916774571617,79.36641693115234,2413500
2013-11-13,78.54961902605199,80.25369727808214,78.05670023281498,79.94386291503906,3220900
2013-11-14,80.28887557246736,82.21829117135745,80.00721392424688,81.26766967773438,4040300
2013-11-15,80.97895520030013,81.42257710778576,80.06353877518231,80.96487426757812,2910500
2013-11-18,82.03522784030072,82.89431005580137,81.5071040559211,81.70426940917969,2879800
2013-11-19,81.4789205598476,81.80283577165214,80.73250747926983,81.3028793334961,2152200
2013-11-20,81.23248303851835,82.1760616551399,80.90152459549782,81.3733139038086,2269300
2013-11-21,81.54935208438401,81.95072594485485,77.9862786783673,79.04252624511719,7457200
2013-11-22,79.57768542174053,79.92272475563394,79.02843760017687,79.59176635742188,4520400
2013-11-25,79.81710957350906,80.30298519073975,79.19040309128407,80.24665069580078,3305000
2013-11-26,80.32408645588832,80.78883784852712,79.95087993459744,80.04241943359375,2737700
2013-11-27,80.59871350539137,80.8944614729117,79.44388350353422,80.1480484008789,2848200
2013-11-29,80.40857427470642,80.59165324105166,80.04944874905115,80.33111572265625,1828300
2013-12-02,80.47903161961065,80.88744867558201,80.11990590678388,80.60578155517578,2185500
2013-12-03,80.5846316864467,80.60575577355881,79.54246528598492,79.88750457763672,2582300
2013-12-04,79.38755834924237,79.95089248224225,78.8946450121318,79.61993408203125,2433500
2013-12-05,79.45796728075354,79.92976186184328,78.93688674233205,79.81709289550781,3638200
2013-12-06,81.02824550575579,81.02824550575579,79.70441758010969,80.35929107666016,3243900
2013-12-09,80.40155013324188,80.50013279146012,79.92976093000439,80.2607192993164,2452600
2013-12-10,79.65515893475234,80.45086357258272,79.65515893475234,80.3452377319336,3459800
2013-12-11,80.59168458158167,80.59168458158167,79.56360429462082,79.6058578491211,3660400
2013-12-12,79.50022086772377,80.17621854900719,79.10588485771109,79.2678451538086,3327500
2013-12-13,79.56359404506189,79.78188882685932,78.38059674615278,78.97914123535156,2645700
2013-12-16,79.38049920398454,80.30295336046956,78.91574786348458,78.95095825195312,2078600
2013-12-17,79.3382618906551,79.51430312430209,77.41589462774729,78.16230773925781,3987600
2013-12-18,78.37354490789538,79.3945817257158,77.25392007485915,79.38050079345703,4045700
2013-12-19,79.2537659237756,79.35234858531108,78.10597363648773,79.28897094726562,2802600
2013-12-20,79.1481495328685,80.96489657866259,78.88056338625142,80.29593658447266,5285600
2013-12-23,80.74658718297059,80.78179757664503,79.23263158494986,79.71146392822266,2156800
2013-12-24,79.8100635648927,79.85936027546653,79.00731584395102,79.04252624511719,1013500
2013-12-26,79.30305201732553,80.61279914534576,79.18333990277932,80.5282974243164,1558500
2013-12-27,80.90152386315903,81.32402182755835,80.5283172384004,81.06348419189453,2038700
2013-12-30,81.23245037976332,81.34511395222954,80.54940967577423,81.32398986816406,1534000
2013-12-31,81.61973850056287,81.64790036280777,80.04240559731458,80.33111572265625,2362700
2014-01-02,80.52832079424931,81.8169442090685,80.31706911654497,81.54232025146484,2528800
2014-01-03,81.47190163790958,81.662029227434,80.3170712793622,80.60578155517578,2075800
2014-01-06,80.60575207556978,80.92262411241757,79.65513059267491,79.90863037109375,2838100
2014-01-07,79.92272772576223,82.23943122698866,79.76076741146959,81.98593139648438,3632400
2014-01-08,82.13378432212785,82.31686867991414,81.22541105801865,81.59861755371094,2481800
2014-01-09,82.06339857128901,83.76747676521228,81.8380659619467,83.71818542480469,3400000
2014-01-10,83.79564272913645,83.79564272913645,81.82397839833317,83.08443450927734,3053100
2014-01-13,83.31679333415143,83.60550353082417,81.64088275428057,81.96479797363281,3703900
2014-01-14,82.27461860226423,83.04920423615269,81.83803983300142,82.894287109375,2541200
2014-01-15,83.3872067765361,83.76041331668053,82.66896093713484,83.4505844116211,3064600
2014-01-16,83.66888320016214,84.28150867040748,83.2393421300509,83.81675720214844,2553200
2014-01-17,83.73224705308462,84.1829121389267,83.30974383430002,83.9012451171875,4010000
2014-01-21,84.47162853846517,84.49979578174135,83.49283966711485,83.97167205810547,3072700
2014-01-22,84.38007166358004,87.64035284588692,84.20403045859337,87.57698059082031,5086200
2014-01-23,86.61229212754496,87.47137425863032,85.62646008576908,87.0347900390625,3534800
2014-01-24,86.33766726451174,86.33766726451174,83.78858814310905,83.99983978271484,4992900
2014-01-27,83.971684465691,84.38010149501467,82.68306110024898,83.4576416015625,4125400
2014-01-28,83.36607951956836,85.81657566010519,83.30974503993495,84.9926986694336,4348600
2014-01-29,82.38730743252975,85.31663649774903,82.38730743252975,83.91534423828125,5730400
2014-01-30,84.5491030841674,85.89406099979388,84.18293959711995,85.12651824951172,3321100
2014-01-31,83.47876006038919,84.64767112701902,83.16188259775251,83.76042175292969,4934900
2014-02-03,84.27446927438287,84.85188437222925,82.01410021919088,82.21126556396484,5046200
2014-02-04,82.87318658614528,82.90135383287267,81.47893742108094,81.52822875976562,5093000
2014-02-05,81.28178969810496,82.34508066021431,80.67620719298472,81.02828979492188,4332200
2014-02-06,81.41555741043314,82.26055324256517,81.03530767426797,81.73242950439453,2737000
2014-02-07,81.99296699655304,83.82379475857557,81.54933964786669,83.72521209716797,2837900
2014-02-10,84.27446011529213,84.7532924887112,83.0210473834354,84.71104431152344,3352500
2014-02-11,84.9304465895492,85.81513874152368,84.11652872978622,85.80805969238281,2502700
2014-02-12,85.58868186334676,86.72816610788023,85.54621835601112,86.4946060180664,2187500
2014-02-13,86.09825308827793,87.87471668438661,85.7939187303767,87.86763763427734,2530100
2014-02-14,87.43590098678106,87.97379536140251,86.713989120891,87.64822387695312,2677100
2014-02-18,88.35600098552828,89.40347921285758,88.16490979391773,88.4267807006836,3082100
2014-02-19,88.3630372771367,88.39842711758882,87.1457002019327,87.30140686035156,2779400
2014-02-20,87.3013971152068,87.98083985813773,86.98291018561544,87.40048217773438,3020000
2014-02-21,87.58455252722696,88.82312195690491,87.23775459884271,87.65532684326172,3395000
2014-02-24,88.03747934472806,89.59453527237247,87.9030044183447,89.02833557128906,2772600
2014-02-25,88.70986159190005,89.33268841203211,87.7756267614351,88.01626586914062,2416300
2014-02-26,87.69065921007207,87.92421915962277,86.16190906726453,86.24684143066406,3895700
2014-02-27,86.33886675407142,87.69067882531031,86.18316008620812,87.11032104492188,3772900
2014-02-28,87.94549958645985,89.84935387231438,87.17404504110245,87.775634765625,4853600
2014-03-03,86.9758405463752,87.88884334962067,86.71396976723716,87.54204559326172,2503900
2014-03-04,88.69569108708224,89.21942729909816,88.12241233338551,89.17696380615234,2557800
2014-03-05,89.30435283657349,89.99087471845706,88.74522682349028,89.31143188476562,2478200
2014-03-06,89.66534268425343,90.18200000374559,87.84641539011736,87.89595794677734,3067500
2014-03-07,88.68862943105381,89.10620699259623,85.11447588091052,86.52998352050781,7124700
2014-03-10,86.52998048120132,89.24775246189634,86.52290143132672,88.75232696533203,3786300
2014-03-11,88.7877178083514,88.89388196518317,87.57745937982916,87.95256805419922,2655200
2014-03-12,87.03954278451053,89.17695634645638,87.03954278451053,89.16280364990234,2761100
2014-03-13,89.29729720351183,89.42469310571738,87.27312086831991,87.73316192626953,2436800
2014-03-14,87.33681041786707,88.40552005053979,86.60074589865577,86.72814178466797,2213600
2014-03-17,87.13863257785036,88.68860942169498,86.73521320757136,87.66236877441406,2574100
2014-03-18,88.11533963164874,90.22444812883474,87.98086469465794,90.21736907958984,3255600
2014-03-19,90.58541641711534,90.58541641711534,88.97881750618723,89.58748626708984,2599500
2014-03-20,89.29022738067198,89.9555123209449,88.63908974163611,89.92012786865234,2311200
2014-03-21,89.92009717077252,91.2719091406112,86.67858438211891,87.004150390625,7101100
2014-03-24,87.24479304587724,87.40757876683116,83.91127388824367,85.83636474609375,4448100
2014-03-25,86.16193455940156,87.72606959993075,84.68981095637731,85.37632751464844,3863700
2014-03-26,85.80098690125212,86.97585528296572,84.9658372854448,85.00830078125,3843800
2014-03-27,85.85760743110217,87.74731408583938,85.28432860985495,86.55120849609375,4553400
2014-03-28,86.5370338547226,87.84638238835122,85.19937992769367,85.3197021484375,3246000
2014-03-31,86.69983908001895,88.13657840653057,86.48043713352689,87.29434967041016,4761200
2014-04-01,87.52790661175882,89.33975991763299,87.41466881749133,89.22651672363281,3163600
2014-04-02,89.19110904301041,89.94840520234423,88.48335542121315,89.16280364990234,2892900
2014-04-03,89.2902144773659,90.06166346250117,87.14571610825952,87.85346984863281,3036300
2014-04-04,88.51878824244251,88.73819024381606,84.21564283658972,84.30057525634766,5017400
2014-04-07,83.64941585693411,84.74643090882812,82.49577381044367,84.09529876708984,4813100
2014-04-08,85.05077056558008,85.26309885977008,83.28138611310617,83.50079345703125,4181300
2014-04-09,83.4724644379768,85.06491009761424,83.16105111440022,84.93043518066406,3441800
2014-04-10,84.83845085811755,84.89506705892659,80.25928285913932,80.76178741455078,6201000
2014-04-11,80.16728364052909,82.1631494664421,79.1976642320303,79.2259750366211,7262400
2014-04-14,79.97616339346206,81.30673832725512,78.83667957154127,80.20264434814453,5428500
2014-04-15,80.61315740026969,82.0923602228797,78.84377293318622,81.39168548583984,4750200
2014-04-16,82.20561795254348,82.26931321274644,80.49285478156884,81.77388763427734,3451000
2014-04-17,81.82340351200467,82.94165562418846,81.4058260322539,81.71723937988281,3237500
2014-04-21,82.42499449841488,82.87087738142372,81.1368829922127,82.82133483886719,2657900
2014-04-22,82.97704412055046,84.72519666236686,82.84257458637927,84.43502044677734,4277500
2014-04-23,82.14896690860489,82.41791135487412,78.92161195444665,80.20264434814453,10965800
2014-04-24,80.76177944615242,81.03780297189468,79.11979099057145,80.48575592041016,6112300
2014-04-25,80.41496486454034,80.41496486454034,78.77297675122244,78.850830078125,4512500
2014-04-28,79.11272116062169,79.50906157203224,76.57896118828573,78.90039825439453,6113900
2014-04-29,79.48074202297421,79.58690075732439,78.32710004553545,79.19763946533203,4116200
2014-04-30,79.13396283523731,79.45952898540045,78.14311168245112,79.09149932861328,4464900
2014-05-01,78.8296014162236,80.12479192161368,78.42618204238282,79.80630493164062,3642700
2014-05-02,80.06820136622962,80.48577899909776,79.03488126079192,79.5656967163086,4319200
2014-05-05,78.83670419740821,80.21682210239766,78.4615955052692,80.10358428955078,2544500
2014-05-06,79.66476106912435,80.45036817047675,79.40996928491641,79.46659088134766,3760900
2014-05-07,79.07024684005526,79.86292755441298,78.40495661216299,79.81338500976562,2823900
2014-05-08,79.55154688978526,80.4857819092851,78.25635583555719,78.40498352050781,4161900
2014-05-09,78.20679713469296,78.96409350634273,77.43534806252129,78.90039825439453,3487800
2014-05-12,79.11273125744508,79.78510071230892,78.83670766430885,79.07734680175781,3554700
2014-05-13,79.46163287162905,79.83168285363386,78.82115652837452,78.85673522949219,3676800
2014-05-14,79.09156292301658,80.04516206533849,78.65034476112136,79.75338745117188,2991500
2014-05-15,79.70356582360554,79.93129008021229,78.2233554409744,78.48666381835938,2785400
2014-05-16,78.89230952637439,79.72492595413496,78.7001639326602,79.66088104248047,4193600
2014-05-19,79.16273362583813,80.03805212614111,78.93500932623196,79.76051330566406,3652400
2014-05-20,80.2728822375604,80.30846093031933,79.6252881344757,79.8601303100586,3234200
2014-05-21,79.76051529124851,81.01299625557435,79.67511664075441,80.76392364501953,2805100
2014-05-22,80.54332982548277,82.258377579659,80.42235245709462,81.73888397216797,2582700
2014-05-23,81.83137328823933,81.92388984004697,80.81372922398107,81.3616943359375,2812200
2014-05-27,82.35800334929827,82.49321109932097,81.63924626897642,82.47186279296875,2513900
2014-05-28,82.6212820692106,82.82054010906731,82.09467075967864,82.31527709960938,2261700
2014-05-29,82.38644576092062,82.90594462690683,82.19430561723381,82.55012512207031,2123100
2014-05-30,82.9557434889691,82.9557434889691,81.85981896931814,82.5429916381836,2251900
2014-06-02,83.0624992560116,83.3044538933294,82.42914102376879,82.87035369873047,2741200
2014-06-03,82.87035050469102,83.77413497836577,82.69244077374115,83.34715270996094,2474100
2014-06-04,83.6175807820965,84.95546012003518,83.41832273489015,84.79178619384766,3047900
2014-06-05,84.92700492227341,84.92700492227341,83.68875444736383,83.78838348388672,3116000
2014-06-06,84.55696847582263,84.5640863879595,83.27601575999377,83.84532928466797,2551800
2014-06-09,83.596246717677,83.82397101460492,82.57860257810447,82.83479309082031,2900100
2014-06-10,82.37933025728773,83.36850801008806,82.33662822629934,83.33292388916016,1912800
2014-06-11,83.2332788917555,83.63179490866717,82.26544962550702,82.79206085205078,2178400
2014-06-12,82.64977012440657,82.99135930400013,82.27260224507725,82.69246673583984,1802900
2014-06-13,83.02691302140653,83.04826132069957,82.05197115786277,82.57146453857422,1457000
2014-06-16,82.55012898247682,83.19772311766351,82.3579888298047,82.66399383544922,2159600
2014-06-17,83.08384103472902,83.15500383839148,82.31526972467708,82.67108917236328,2106100
2014-06-18,82.86321805356339,83.66024998132495,82.1942758890154,83.61043548583984,2549100
2014-06-19,84.05876842162063,84.05876842162063,83.38982628057236,83.86662292480469,2206300
2014-06-20,84.35056663602076,86.10831576876066,83.85242152646367,86.08696746826172,6247400
2014-06-23,85.88060006320379,86.00157739765646,84.32922672981779,84.77755737304688,2317200
2014-06-24,85.01237257185036,85.58168579816775,84.2153351408807,84.53557586669922,2003100
2014-06-25,84.4715591031752,85.63864679427483,84.17267198385404,84.98394012451172,2666800
2014-06-26,85.36821171741808,85.37532962747031,83.60335008068395,84.78466796875,2311400
2014-06-27,85.01954129722274,85.04088960582939,83.61761111870254,84.39329528808594,3331900
2014-06-30,84.65655865984579,84.80600216984908,84.11571160266216,84.2366943359375,2422700
2014-07-01,84.96258010265896,85.75249983004923,84.72062544782756,85.6172866821289,2072500
2014-07-02,85.45361429638238,86.26488233981719,85.41091226347146,86.12966918945312,1447000
2014-07-03,86.42855477343677,87.42485046386719,85.90906134151126,87.42485046386719,1963400
2014-07-07,86.7132177635798,87.60988449308111,85.42515281146393,85.51055145263672,3075700
2014-07-08,85.3895505078771,86.09407693146773,84.75619231813326,85.36820220947266,2455400
2014-07-09,85.71691572193998,85.83789847874985,84.62810891627427,85.0906753540039,2647600
2014-07-10,84.62098380206274,84.82735430423077,83.88799117787977,84.64944458007812,2642500
2014-07-11,85.702670718095,85.96597905883033,84.7633076116694,85.23298645019531,2733200
2014-07-14,85.9944503715218,86.00868619134548,84.54982413376216,84.67080688476562,2149600
2014-07-15,84.50004260961293,85.01954164848625,82.95578674775048,83.16216278076172,3963000
2014-07-16,83.86665783753844,83.86665783753844,82.74226687730567,83.76702880859375,4087100
2014-07-17,83.0696346804055,83.38275219298986,81.9879402060218,82.11603546142578,2688000
2014-07-18,82.62841359255941,84.45732580167497,81.78867926525878,84.18690490722656,3477600
2014-07-21,83.71011730126534,84.92701968406382,83.40411222750599,84.70641326904297,3076700
2014-07-22,85.10490541090644,86.30045914817985,84.9341135711173,86.18659973144531,2806100
2014-07-23,86.37876647820332,87.09752360987298,86.10834552946315,86.82710266113281,3527500
2014-07-24,86.9266936510468,87.07613717012109,86.33603205467661,87.00497436523438,3219700
2014-07-25,86.79859463224719,87.44618318656428,86.58510079755546,87.41771697998047,3028900
2014-07-28,87.26831880109091,87.56721141080111,86.57803329299942,87.28255462646484,2432000
2014-07-29,87.19000942361288,88.52077633157863,86.9978692791605,87.75220489501953,3988100
2014-07-30,91.53811024466205,93.3954881078337,91.53811024466205,92.5201644897461,8465700
2014-07-31,91.36733975352031,92.04339469820044,90.4066280949945,90.65570068359375,4839300
2014-08-01,89.78749568560285,90.59165126943965,88.78408747016815,89.34628295898438,4542700
2014-08-04,91.80142324834668,92.07896200056152,90.03655628844605,91.5523452758789,6403700
2014-08-05,90.74109917999714,91.80143987225,90.1077408431355,91.00440216064453,3749100
2014-08-06,90.56319010536825,91.64487910925642,90.04369119226308,90.44220733642578,2579000
2014-08-07,90.66992499680438,91.72314764616111,89.31780984969143,89.48860168457031,3065200
2014-08-08,89.11144255927051,90.66993381353964,89.05451013231661,90.34257507324219,2206800
2014-08-11,90.99015880181292,91.08978782289427,90.0792617922839,90.60587310791016,2529200
2014-08-12,90.25549807572926,90.74174245571443,89.66914504005707,90.3270034790039,2324500
2014-08-13,90.56298246073652,91.38530829384527,90.31271080427203,91.0563735961914,2537300
2014-08-14,89.52613208703764,94.76041290620576,89.24725718510003,94.28846740722656,6408400
2014-08-15,95.32529622172643,95.32529622172643,92.95843324412074,94.96061706542969,4347800
2014-08-18,95.35394065833754,95.8044242764475,94.65316896611647,95.26097869873047,3156700
2014-08-19,95.3610546257883,95.5970273499469,94.2455551377836,95.11793518066406,1878900
2014-08-20,94.36711927720451,95.29670586439258,94.28131497750326,94.87480926513672,1748900
2014-08-21,95.07505414178678,95.1107986655755,94.41718469205627,94.76757049560547,1774300
2014-08-22,95.09650481739546,95.43258626338859,94.6889125020744,94.97494506835938,2017800
2014-08-25,95.37533485767368,96.48367643338126,95.37533485767368,96.3835678100586,2997500
2014-08-26,96.4694059735562,98.44298112245023,96.4622483416715,98.1569595336914,3891200
2014-08-27,98.63606878103452,99.08656322683444,97.7422375225592,98.55741119384766,2693200
2014-08-28,98.42871231248,99.66578286257953,98.17128842523117,99.1723861694336,3899700
2014-08-29,99.71581273158012,99.91603006003083,98.90063906259473,99.66576385498047,2362500
2014-09-02,99.83737501191801,100.05904342326644,98.1069189657166,98.65037536621094,3287800
2014-09-03,99.05797929972104,99.28680539643331,98.2070499829942,99.09373474121094,2729300
2014-09-04,99.20810138874718,99.75154674771962,98.34286811789859,98.68609619140625,2975400
2014-09-05,98.83627436198748,98.9149319398248,96.9842588332106,98.59315490722656,3357100
2014-09-08,98.67894652017559,99.65143512522114,98.43582709667004,99.58708190917969,2512900
2014-09-09,99.15092592254585,99.3797410728219,98.01397507189192,98.24279022216797,3122500
2014-09-10,98.24278040847861,99.90888317619509,98.15697609957468,99.52989959716797,2330500
2014-09-11,99.05793391775941,100.05902035467015,98.21416262250948,99.36541748046875,3620000
2014-09-12,99.04364808266857,99.38688713465879,97.83519741183198,98.60031127929688,2329700
2014-09-15,98.37148724371045,98.72186207488106,97.8852374196223,98.65750885009766,2174500
2014-09-16,98.1927357216106,99.78732769259388,97.92815423949098,99.63001251220703,2398900
2014-09-17,100.10907469020191,101.23173169366176,99.12228174815677,100.61677551269531,3940900
2014-09-18,100.75262495629542,101.65361357841384,100.07331558523761,101.55350494384766,2160400
2014-09-19,102.24713548266058,103.29828177400115,101.74658131647962,102.97649383544922,6703300
2014-09-22,102.4616531437218,102.9836584195745,100.88851241659572,101.66793060302734,3082800
2014-09-23,101.42483030042456,101.82526500724533,100.51670548710867,100.59535217285156,2320900
2014-09-24,100.64541030575398,101.88246984270155,100.12341585090768,101.71086120605469,3227600
2014-09-25,101.59645373758194,102.27576342057094,99.68007353887748,100.00186157226562,2676400
2014-09-26,100.11623743771536,100.96001973320043,99.3439660000091,100.86705780029297,2296200
2014-09-29,100.0805220854308,101.18171760337128,99.63002755439561,100.1591796875,2218700
2014-09-30,100.3307601404421,101.23889567073033,99.40833116726986,100.43802642822266,2646800
2014-10-01,100.38798924898296,100.66686420236532,98.80769057246458,99.26534271240234,3752200
2014-10-02,99.37974865148875,99.94465621401869,97.47768369923415,98.10693359375,3060900
2014-10-03,98.72899849655734,99.90170428844407,98.60742788338452,99.50125885009766,3429000
2014-10-06,98.72904308254948,100.5024014662699,97.9496138352086,98.40010833740234,3190200
2014-10-07,98.06397834303995,98.34999987561079,97.2345006231536,97.27025604248047,2679500
2014-10-08,96.9699843530007,100.38084813577821,96.83412023024226,100.1591796875,3621000
2014-10-09,99.80159147090845,100.24492812027731,97.97817419308373,98.37860870361328,2750500
2014-10-10,97.80660008995753,100.6382625879351,97.80660008995753,98.24279022216797,5750400
2014-10-13,97.99967038693734,98.54311591417076,95.47549155341525,95.50408935546875,6866700
2014-10-14,96.80550575674303,96.84125027886941,94.33852271255051,94.5315933227539,3736400
2014-10-15,93.68782022517748,93.93808643088613,91.95736421842963,93.60200500488281,4700100
2014-10-16,91.63559095822306,93.58772659590944,91.29236275498184,93.28024291992188,7906000
2014-10-17,93.85227798399545,100.00184113440464,92.60091427754219,95.59703826904297,7351500
2014-10-20,95.30385351891636,98.35718384180782,95.1107829316731,98.32857513427734,6623800
2014-10-21,99.0293714654964,104.03482725842503,97.97106724190867,103.03372955322266,8951400
2014-10-22,102.83347377702023,103.26251704911115,101.30323544273065,102.7119140625,5222100
2014-10-23,104.32797760192892,105.92972710635196,103.8560430012463,105.29331970214844,4710700
2014-10-24,105.0072848695808,105.47207268990618,104.05624724379973,105.30045318603516,5318400
2014-10-27,104.9000131795454,106.16568104165525,104.47812752918341,105.97261047363281,4172500
2014-10-28,108.51110691111792,112.4439641632507,108.31088959661864,112.40106201171875,11623200
2014-10-29,112.91592126677223,114.21018722256653,112.20085623828685,113.60953521728516,7069800
2014-10-30,113.43792150122681,115.54021453857423,113.0946933250355,115.54021453857422,3864500
2014-10-31,117.6711274648917,117.73548071418931,115.42582317526661,115.96926879882812,7971100
2014-11-03,115.89771569455688,116.13368841150024,114.16010238289176,115.52587890625,5823800
2014-11-04,114.9037618833315,115.83334828470859,113.81686035659722,114.70354461669922,3719000
2014-11-05,115.34713589784256,115.34713589784256,113.55947335919637,113.65243530273438,4062900
2014-11-06,114.38895447350896,115.08256843004807,114.03142195616,114.66068267822266,3310900
2014-11-07,115.89057282187254,116.01927926573849,113.20907946442095,114.58914947509766,3633300
2014-11-10,115.57250202384674,117.14447935585582,115.2064294619913,117.06552124023438,3160900
2014-11-11,117.05835106527829,117.61823192076179,115.93858935431128,116.58460235595703,3015700
2014-11-12,116.11807853553093,117.05121726628228,115.59407859238028,116.23291778564453,3528900
2014-11-13,116.36215406835342,116.53442941267308,114.54612725544321,115.45773315429688,3636900
2014-11-14,115.63712690312956,115.76632513467759,112.42138773909402,113.1822509765625,4505700
2014-11-17,112.62958535436844,114.99113382793638,112.45013601601251,114.23027038574219,2662400
2014-11-18,114.06517040760968,116.56310191935721,113.67755373604349,116.45543670654297,3135600
2014-11-19,115.76631867176089,117.2019129121872,115.11312066371535,116.74252319335938,2422900
2014-11-20,116.21856707040084,118.31453393697707,116.10371687019223,116.7712631225586,3208900
2014-11-21,118.85286434342572,118.85286434342572,115.8739993253002,116.86456298828125,3717000
2014-11-24,117.00094310250284,118.92463433301945,116.96505105211226,117.84793853759766,2193300
2014-11-25,117.76182208379808,118.01305551732126,115.35002274230195,116.45543670654297,3564900
2014-11-26,116.82151878770811,118.32171262152151,116.6205364057962,118.23558044433594,2118000
2014-11-28,118.43654984476298,120.12337781454798,118.09201022106629,118.65906524658203,1794800
2014-12-01,118.52272735342297,120.13777183277836,117.84082187490608,119.44869232177734,2514200
2014-12-02,120.3028035864896,121.54458955687348,119.72856369090887,121.50869750976562,3290200
2014-12-03,121.50876477704584,121.65950707726383,119.51328852356083,120.6402359008789,2369100
2014-12-04,120.25976091281682,121.13547453938078,119.47736444484809,119.54914855957031,3357800
2014-12-05,119.64243330520006,121.60202756789937,119.23329459228137,121.4800033569336,2548700
2014-12-08,121.58769187406277,124.27943191875633,121.30775134752336,123.2027359008789,3953700
2014-12-09,122.2552494893627,122.67874729575558,120.18798962359378,121.58769226074219,3712300
2014-12-10,121.30773252216372,121.84608044755794,118.43654358672788,118.71648406982422,3490200
2014-12-11,119.65681521178904,121.76714115836228,118.86724470398049,119.21178436279297,3173600
2014-12-12,117.10145950703641,120.3817986612967,116.49851236031846,118.09919738769531,3366700
2014-12-15,118.27145035615534,118.42936661990477,114.41687185809249,114.56044006347656,4428300
2014-12-16,113.18225707825566,117.69003356436448,113.05305883974252,114.44558715820312,4492800
2014-12-17,114.45995248867845,117.72592116220153,113.84264642536124,117.34548950195312,3417900
2014-12-18,119.22615130127647,121.01345979925016,118.13509619767778,120.93450164794922,3511800
2014-12-19,121.24313192951749,123.26731440904095,120.1592511097955,122.14755249023438,7856300
2014-12-22,120.81247050064451,121.33645950057426,117.65416653455374,118.09919738769531,4061500
2014-12-23,118.37198190432726,118.429407015525,110.79921650137426,113.06745910644531,7091700
2014-12-24,112.3568108184332,117.12298446613859,112.3137447327432,115.3284912109375,2222800
2014-12-26,116.3980076013406,117.82641715484567,116.17549220070717,117.33114624023438,1707500
2014-12-29,117.59670287772147,117.7546191195246,115.93859329150331,116.89326477050781,1727600
2014-12-30,116.77847336812466,116.80718044802803,114.97679468983993,115.29981231689453,2019800
2014-12-31,116.04626664569302,117.20192052238413,114.31637284500167,114.33790588378906,2691900
2015-01-02,114.96239350120646,116.70663530821575,113.84263170618095,114.76858520507812,2605400
2015-01-05,113.00280951834934,114.5604391025134,110.7273936768675,113.40478515625,4080300
2015-01-06,113.97187302091325,114.0436571437173,109.34208187075619,109.751220703125,5075800
2015-01-07,110.60538596613614,113.82829986297659,109.83016354932202,113.5842514038086,3502400
2015-01-08,114.56044903538631,116.82868009169461,111.36624241161087,113.17509460449219,4560200
2015-01-09,113.95751815032338,113.95751815032338,110.99302215747404,111.7825927734375,3949100
2015-01-12,112.13428497314453,113.4047891463676,111.25139744049908,112.13428497314453,2700700
2015-01-13,114.05080963009556,115.53665526024386,110.11728359386842,111.35906982421875,4570400
2015-01-14,109.72968147726021,111.64619915882778,109.51435102641345,111.37344360351562,3426400
2015-01-15,112.08401587146149,113.22532161596378,108.76779668297918,109.04773712158203,2894000
2015-01-16,109.41383546907298,113.72780418428695,109.12672093465413,113.72061920166016,3513200
2015-01-20,114.28052450826162,114.65377125604773,111.00735928899583,113.12487030029297,3664400
2015-01-21,111.53134724296837,113.60578098817223,111.53134724296837,112.9669418334961,2804900
2015-01-22,113.53396452528536,114.68961827945749,110.61971008938545,114.53888702392578,3783100
2015-01-23,114.70403049755062,114.85476182300438,113.59144230027418,114.7112045288086,2249400
2015-01-26,114.57479704996084,115.90990041396843,113.17509456012637,114.65375518798828,3149600
2015-01-27,113.79241191537076,115.37874886267763,113.61296257961162,114.05081939697266,2876300
2015-01-28,113.64168308076056,115.50077561104415,110.9068659439727,111.00018310546875,4927100
2015-01-29,111.17962169680644,112.579324220338,110.3685072550626,112.24195861816406,3435500
2015-01-30,111.65335266036774,112.6008392350949,108.76780495272857,109.29179382324219,5318200
2015-02-02,110.11730196256893,110.51926675486364,107.23892737360305,109.46410369873047,3832500
2015-02-03,110.36854644395287,110.36854644395287,106.8585168912182,109.27031707763672,4298400
2015-02-04,107.76293178795572,109.93067214295492,105.81769593134379,108.71041870117188,5827100
2015-02-05,109.31336476885096,110.46901905840603,108.40176992727059,110.08141326904297,3564400
2015-02-06,110.77046934825175,111.08629091650327,108.10026288352793,108.67449188232422,3242700
2015-02-09,107.66959904099815,108.98316946362449,107.09535898890256,107.67677307128906,3236400
2015-02-10,108.60039684150982,110.13740265910312,107.55408292790132,110.09410858154297,4108600
2015-02-11,110.62088517686591,112.02078591425328,109.87041770432504,110.48377990722656,3998700
2015-02-12,111.72489799124584,111.72489799124584,109.04776748196679,110.53425598144531,2935800
2015-02-13,110.85182431412184,110.98892962543209,108.39118476580198,110.75080108642578,3591400
2015-02-17,110.77960532365555,111.73933092177688,110.40437169633229,111.29915618896484,3895600
2015-02-18,111.28478615586046,112.7351934123588,110.86625821377751,112.41047668457031,3297900
2015-02-19,112.54751077364544,112.8722272959511,111.8764196842281,112.60523986816406,3913900
2015-02-20,112.87950922338906,113.83202335690255,111.89092401781994,113.76708221435547,4411100
2015-02-23,114.06288488074844,114.87828230232923,113.87526254513656,114.31543731689453,3094300
2015-02-24,114.73400008726512,114.81337625102408,112.7496070039948,113.55779266357422,2060500
2015-02-25,113.83923576081204,114.57526841099501,112.38161650644729,114.07015228271484,3262800
2015-02-26,114.35876221922535,115.02263056022038,112.56920360390383,114.71234893798828,3379800
2015-02-27,114.80614879990732,114.90717199376827,113.43510715670597,113.81034088134766,2472000
2015-03-02,114.94323953096072,115.38341436444021,113.73817325159602,115.18859100341797,3483500
2015-03-03,115.02262785620213,115.02262785620213,113.65880913118286,114.41648864746094,2334900
2015-03-04,114.04846556619005,115.26796687288966,113.15368087110404,114.87108612060547,3098600
2015-03-05,115.45555801370347,116.52351884233421,114.63293760328382,115.16692352294922,2470900
2015-03-06,114.3732039052174,115.39787103532349,111.12601515081059,111.76102447509766,4091400
2015-03-09,111.73934253791597,112.38156367281204,110.24563089219443,111.85478973388672,2135000
2015-03-10,110.31058279240854,112.30219851481006,109.89205501031985,110.82292175292969,3509600
2015-03-11,111.21261739398624,111.32086363924685,109.98590368930407,110.18795013427734,2487100
2015-03-12,111.31362375414008,111.6816455172888,110.36833281320409,111.30641174316406,1889400
2015-03-13,110.60645150397508,111.6672005907662,110.1013355128133,111.31361389160156,2737900
2015-03-16,113.81754544272354,117.76468377641483,113.10317112242325,117.64201354980469,5201600
2015-03-17,117.07916048545535,118.16876843120573,116.71114983083257,117.6708755493164,2620800
2015-03-18,117.5987081551684,120.93970704387493,116.77608770652041,120.1748046875,3690100
2015-03-19,120.99024058344128,122.10871880963106,120.48512458117258,122.02934265136719,3756600
2015-03-20,122.96022198913418,124.37455807639783,121.5964030171002,122.7437515258789,9040600
2015-03-23,121.87777468776957,122.10147909080503,119.56866562232793,120.1748046875,3879900
2015-03-24,119.82844809564051,121.40874797362153,119.35219122625148,119.79236602783203,2555600
2015-03-25,119.7851983851637,120.35525562915385,115.86692880746223,115.90299987792969,4010100
2015-03-26,114.61848865051367,117.39664208198003,113.55052795162968,115.85242462158203,3146500
2015-03-27,116.36480558610856,117.94510582800481,116.17719420528258,117.32453155517578,2438900
2015-03-30,118.71001403029926,119.65531610995451,117.6564877285326,118.5656967163086,2388100
2015-03-31,117.85129498256751,118.40691706384403,115.25353988693968,115.34735107421875,3111000
2015-04-01,115.00100227501107,115.0154373095425,111.58784882022472,113.36298370361328,5135000
2015-04-02,113.37740176989017,114.14229339928559,111.86926555640639,112.48262786865234,3015200
2015-04-06,111.70327319206513,113.48561954672692,111.5589559226423,112.04963684082031,3185700
2015-04-07,112.29497414623785,115.07312830008921,112.04963369403893,113.49282836914062,2942600
2015-04-08,113.78149315591098,116.1699902273271,113.76706913302955,115.69373321533203,3031200
2015-04-09,116.34316982660107,116.7544857149675,114.78452748776697,116.53079223632812,2860600
2015-04-10,116.60294934977765,118.1183086595856,115.67930533583733,117.89461517333984,2407200
2015-04-13,117.49048592993312,118.86151649202701,117.14411127388058,117.25235748291016,1767700
2015-04-14,117.25955675833765,117.95950699338194,115.8596562882491,117.31007385253906,2099400
2015-04-15,117.70697441011787,119.7202374939305,117.51936303395934,119.4027328491211,3659300
2015-04-16,120.07381979017646,120.96860465547901,119.11410480304177,120.41297149658203,3085600
2015-04-17,119.0635692544079,119.42436794911822,116.69673069796433,118.03890228271484,4249700
2015-04-20,118.80375559914542,119.82121023403455,117.66363076873543,119.76348114013672,2760900
2015-04-21,120.57171437737517,121.8633799692215,120.55729035618927,121.56031036376953,3794800
2015-04-22,124.86526441289952,125.26936838441026,120.51403104951551,122.02217864990234,5352200
2015-04-23,121.185100405361,122.3468729597363,120.20372724756133,122.07266235351562,3668100
2015-04-24,121.33661323997084,122.13037488129477,119.82847713215924,121.16343688964844,2548300
2015-04-27,121.5819415128578,121.74790582042615,116.5740541401888,117.17298126220703,4386200
2015-04-28,117.00700601553083,119.28004427673083,115.91018597013642,117.25235748291016,4262800
2015-04-29,116.37922402989014,117.9523120366149,115.11642862070235,116.1627426147461,3281800
2015-04-30,115.34013415796537,116.68952888133596,112.9083542666144,113.94745635986328,4444300
2015-05-01,115.09475797415884,116.67505766667588,114.48139592550248,115.71533203125,3259800
2015-05-04,116.53799738254021,118.31313209450111,116.50191530504875,116.9781723022461,3496200
2015-05-05,116.40087439317617,117.03588362620546,114.90717350637632,115.0514907836914,3086000
2015-05-06,115.45559365906344,115.73701622817927,113.03823776254542,114.69791412353516,3762700
2015-05-07,114.90718795470623,115.32571581903701,113.43512291316988,113.94023895263672,4374000
2015-05-08,115.29684669874477,117.51936830132334,114.82781273197402,117.14413452148438,4664200
2015-05-11,117.1224732332495,117.61316519500839,116.17718239288317,116.21326446533203,2723800
2015-05-12,115.29960299571367,115.48813924363348,112.91384878345156,114.74848937988281,4359700
2015-05-13,115.83617114588844,116.9239027769373,114.32058999724349,114.85720825195312,2727000
2015-05-14,115.95220279021537,117.59105907948617,114.71219476309115,117.46052551269531,2717500
2015-05-15,118.39602326186373,118.65707942357204,117.24301875974481,117.73612976074219,2384600
2015-05-18,117.25750638734395,118.85284442741342,116.94569519452699,118.51927947998047,2153900
2015-05-19,118.82383368910911,119.01236990249421,117.80862167091071,118.60628509521484,1746600
2015-05-20,118.90358007536585,120.07832678332578,117.76508223914955,118.91082763671875,2027300
2015-05-21,118.57725961181775,119.45469030621655,118.06965370617644,118.8093032836914,2156600
2015-05-22,118.62077331542969,119.33868024702963,118.2219361312075,118.62077331542969,1636000
2015-05-26,116.49607677790621,117.80861583893282,114.57442160109525,115.30682373046875,4078300
2015-05-27,115.99572469653329,116.74988054700343,115.50261385720349,116.34379577636719,3336300
2015-05-28,115.73463216876637,115.73463216876637,113.00079732501987,114.10303497314453,4205300
2015-05-29,113.69695301545129,114.55264095753736,112.81952239163556,113.3126220703125,4414300
2015-06-01,114.27709457475443,114.5744105742447,112.76152433098133,113.87100982666016,2849800
2015-06-02,113.76219247666795,114.55260788545509,112.25387043885937,113.44312286376953,2497200
2015-06-03,114.17557090197616,114.47288689499347,113.41415648338665,113.94352722167969,2160500
2015-06-04,113.55920576846441,114.91524122199017,113.34165719274333,114.63967895507812,3917700
2015-06-05,114.93700662440072,115.58964135274232,113.14587383786296,114.03056335449219,3431100
2015-06-08,114.06679957779993,114.91522897420347,112.85579294883185,113.46492004394531,2081700
2015-06-09,113.52295734555304,113.92904216010801,111.60854960195012,112.25393676757812,2766000
2015-06-10,111.23870163264468,113.03709285252957,109.38956641390176,112.79779052734375,5972800
2015-06-11,114.50915784508545,115.27781989902435,113.44317976953461,114.54541778564453,3633400
2015-06-12,114.01603488506926,114.38587074851348,112.40619106707919,113.21111297607422,2398100
2015-06-15,112.21769198361318,113.3924390794161,111.36201473234507,113.1966552734375,2585200
2015-06-16,112.98632996797316,113.71148452633507,112.46421780075414,113.2908935546875,1723300
2015-06-17,113.74771140455671,113.83472638547403,112.31190889453488,112.87026977539062,3008600
2015-06-18,113.36341675367916,116.58310485741526,113.34891056389293,116.11174774169922,3454500
2015-06-19,116.11899833626678,117.64181620905356,115.85794226307762,116.54683685302734,5182000
2015-06-22,117.1994701222282,118.38872309385593,117.07619518147787,117.63456726074219,1926600
2015-06-23,118.52653533717559,118.56279528573353,116.77890982752089,117.2502670288086,2451800
2015-06-24,117.1341914544678,117.3589875521162,115.50259402510947,115.94493865966797,2522600
2015-06-25,116.61937720382042,116.63387233016769,114.58894195202686,115.12554931640625,2411400
2015-06-26,115.59686954260398,115.87242069991332,114.01602714234586,114.58890533447266,3537900
2015-06-29,113.58095212914414,114.54540893560161,109.81013990194876,109.93342590332031,4784800
2015-06-30,111.12268698176078,111.83333534100822,109.86816164622545,111.32572937011719,3893300
2015-07-01,112.3554408063729,112.94281418518966,111.26045042193113,112.3917007446289,2299100
2015-07-02,112.50769492816377,112.81226949762718,110.9558650348435,111.13715362548828,2119800
2015-07-06,110.32497422386061,113.17483636281456,110.14368564974062,112.03633880615234,2773500
2015-07-07,112.58021863549955,112.90653589680977,110.35398935515731,112.6817398071289,2253200
2015-07-08,111.75358380862548,112.29020223424114,110.17274091423445,110.44830322265625,2393500
2015-07-09,110.54259585735687,111.601315634247,109.52737253165877,109.7231674194336,4146300
2015-07-10,111.66657043516972,112.05814908423434,110.57883844167881,111.746337890625,3976600
2015-07-13,112.60199453657694,113.53019144980637,112.34093846316992,112.95006561279297,1803400
2015-07-14,113.37063293634328,116.24949670564021,112.95004206880357,115.53160095214844,3624800
2015-07-15,116.3582718086754,117.87384174378744,115.72013244021674,116.35101318359375,2618600
2015-07-16,117.27925907371745,118.74407457274874,116.8006654115433,118.22920989990234,2487500
2015-07-17,118.23642309902209,118.56274035489324,116.45979709263237,118.39595794677734,3248500
2015-07-20,118.60627821585405,119.940559952376,118.1204259878264,119.1718978881836,2692400
2015-07-21,119.44747793805801,119.88257516536045,117.74336004026927,118.70781707763672,2690000
2015-07-22,117.09068476229258,119.41842424773711,117.09068476229258,119.10661315917969,2106900
2015-07-23,119.65053678204889,119.73755181345925,118.04793987534501,118.9979019165039,1716300
2015-07-24,117.55479763559387,118.72954439677218,114.00154497537467,115.00225067138672,4410700
2015-07-27,115.56789602053163,120.33216750551934,115.41561973648065,120.04209899902344,5757200
2015-07-28,120.46263160270445,126.75697682823301,120.46263160270445,125.2631607055664,8553600
2015-07-29,125.39372654909405,125.9448400372858,122.6381369781741,124.34225463867188,5112300
2015-07-30,123.34145044209443,125.07456818929782,121.978168344172,124.50170135498047,4044100
2015-07-31,128.71491640630495,131.840330352591,127.62718471836435,128.05502319335938,7289400
2015-08-03,128.20735232813047,128.3886410019358,126.19142316061372,127.32991027832031,2922600
2015-08-04,127.47492264692397,127.78674487964737,125.90133848801217,126.75702667236328,2474200
2015-08-05,127.28636531085928,128.7294267130985,127.17759656457612,127.94625854492188,2146700
2015-08-06,128.30882451158584,128.32333069814206,122.00723084777383,123.02970123291016,3775400
2015-08-07,123.03697782510615,125.06741288791746,120.66571922016313,124.95138549804688,4156000
2015-08-10,125.37918808267717,126.6772206214043,123.60256206174422,123.71134185791016,2729600
2015-08-11,123.0369853795119,123.08049288713947,121.02105638290267,122.23206329345703,2924900
2015-08-12,121.60114816766955,124.13918867330766,119.37491875582016,123.72584533691406,4486400
2015-08-13,124.21398808605204,124.5709707047616,122.4145235570142,122.81521606445312,1897000
2015-08-14,122.45821899034343,123.5801578787348,121.41642971043056,122.18866729736328,2704500
2015-08-17,121.70057248898785,123.76958879472734,120.93561606767896,123.69673156738281,1988800
2015-08-18,123.85699084682638,124.02456022244426,121.73698367854237,122.18866729736328,2273400
2015-08-19,121.5329925151061,122.18866297837671,119.80637435997988,121.35086059570312,3139800
2015-08-20,119.7189841947981,120.57136045436822,117.31484004099745,117.40225982666016,3491800
2015-08-21,115.81406833780365,119.42027882049553,113.06023406982422,113.06023406982422,6208400
2015-08-24,105.87693249527602,112.49924665287136,101.9938785012198,107.55982971191406,8697500
2015-08-25,111.10046828370523,112.10584001297912,105.54909106508832,105.77493286132812,6701100
2015-08-26,110.17525193353113,112.27341547580441,107.1882947358549,112.17870330810547,5251300
2015-08-27,112.83436664784873,114.45169892960466,110.26994619227496,113.44632720947266,4910500
2015-08-28,113.92715006875251,115.10736122787591,111.98198270349583,113.5701675415039,4649300
2015-08-31,113.16217973624236,113.90528091084676,110.22621475315012,110.5759048461914,4354500
2015-09-01,108.71815849468541,110.00037404202595,107.0571166414922,107.42867279052734,5523000
2015-09-02,108.601660138569,110.99123077774779,107.2757340155185,110.947509765625,4339100
2015-09-03,111.23160376342618,112.28068542876919,108.49962489178314,108.71818542480469,2868400
2015-09-04,107.45059384823874,108.52153084898016,106.18295118381195,107.10818481445312,3362800
2015-09-08,110.44478380030017,112.67407638065512,110.00766281274298,112.6012191772461,4508400
2015-09-09,113.78875642694234,114.20401148350591,109.730851331835,110.06597900390625,2987600
2015-09-10,109.89114088333963,112.42642586649161,109.68715396972323,111.56675720214844,3477900
2015-09-11,110.7726419936823,111.79257635458997,109.95668338850535,111.61773681640625,2422700
2015-09-14,112.11315851221062,112.11315851221062,109.31561403353282,110.0077133178711,2896200
2015-09-15,110.75079128713503,111.31174964886301,109.45401278590606,110.83821105957031,2560200
2015-09-16,110.71436763439968,111.37733058225876,108.16452040397398,110.13882446289062,4004200
2015-09-17,110.51765721970003,113.89802552794556,110.00769001906085,112.1277084350586,3519500
2015-09-18,110.09509551290137,111.7342827343669,108.57247538402132,109.70897674560547,6487300
2015-09-21,110.71435255103958,111.31903186013521,106.59817560070752,107.15913391113281,4702600
2015-09-22,105.63654604070321,106.93332482002452,104.04836054647176,106.31407165527344,4518000
2015-09-23,106.42334987792859,107.12273039013421,104.92986555910745,106.16107940673828,2785400
2015-09-24,105.43254896045782,106.0955119569356,102.98469499507671,104.551025390625,3519200
2015-09-25,106.40874785650308,106.91143371871883,99.63343841969295,100.92293548583984,5243700
2015-09-28,100.52954976334517,100.67525309228536,94.77417378037018,96.34051513671875,7514700
2015-09-29,96.16564394093155,100.53680957461026,95.75037786983653,97.49156951904297,6251500
2015-09-30,99.5605847501237,101.44746857122054,98.97776044527572,100.76994323730469,6209500
2015-10-01,100.93751676745298,102.46013701828721,99.51688995168777,102.16143798828125,4675900
2015-10-02,100.72625828559505,103.84435664834432,98.81751884276383,103.79336547851562,4803500
2015-10-05,104.90797899889824,105.5709418119086,103.6112007033667,104.76227569580078,4367100
2015-10-06,103.53833025040846,104.44898967385056,100.58051022170025,102.88265991210938,4759700
2015-10-07,103.9244792410477,108.04794897995272,102.16873580951433,107.85853576660156,8002400
2015-10-08,107.5889438801247,110.00037942260693,105.65835030786292,109.2062759399414,6638500
2015-10-09,108.73274152269641,109.82553289478382,107.8293633198493,108.98043823242188,3080900
2015-10-12,111.30448607615001,113.009238608484,110.46668347985724,111.48661804199219,5473000
2015-10-13,110.40110008887692,111.45018192011167,107.41414272008866,107.5161361694336,4143900
2015-10-14,108.09895145749562,109.95668833293944,107.18829176700304,107.68368530273438,3197400
2015-10-15,107.42143440566717,111.30448936617493,107.07174413352062,111.129638671875,3269600
2015-10-16,111.60320399913103,112.28072969048684,109.70174551024344,111.18065643310547,4793100
2015-10-19,111.18058292795938,113.75228413002719,111.0713082488422,112.53564453125,3271700
2015-10-20,112.3316688807326,112.9217744394943,108.89301782783986,109.60697174072266,3385300
2015-10-21,111.00573795036479,111.28258197342132,107.31210909520424,109.34469604492188,3832600
2015-10-22,110.80909727644314,111.4210580402963,108.23739469640103,110.96208190917969,4079800
2015-10-23,111.90916674263195,113.79605126114082,110.63424296799845,113.46821594238281,3657300
2015-10-26,113.65031971001952,116.49886564762258,112.66680288133344,115.52992248535156,4346600
2015-10-27,115.52990759104783,118.1088903915119,114.98351189365341,118.00689697265625,3877200
2015-10-28,118.54604164952221,118.65531637030895,115.6392117956255,118.50961303710938,4878900
2015-10-29,120.19978637223402,120.20706764713903,115.79219166854887,116.98697662353516,4870200
2015-10-30,117.33668130407929,118.02149918911753,115.20210026575313,115.23851776123047,4589700
2015-11-02,115.84318606838612,118.56788367991119,115.37692878305862,118.24732971191406,3222500
2015-11-03,117.27112557970959,118.85931091179437,116.92871661059911,118.35663604736328,2411500
2015-11-04,118.64074720072959,119.47126838173769,117.12540816378566,117.93407440185547,3059500
2015-11-05,118.1672165183865,118.37120342961077,115.70479991390698,117.45326232910156,2202400
2015-11-06,117.19826987459415,117.19826987459415,114.26230357344357,116.89958190917969,3344000
2015-11-09,116.38231113246344,117.00884545864838,115.34052175837945,116.29489135742188,2722200
2015-11-10,116.7465967730218,117.41684111162884,115.14383760535686,115.37696075439453,2871300
2015-11-11,116.02534848670587,116.25120147184232,114.2040287502901,114.27688598632812,1920400
2015-11-12,114.18165074047549,115.47034559066446,110.43271214158514,110.54985809326172,4767200
2015-11-13,110.33021959422977,112.40971998142479,108.36788753421901,110.96725463867188,3855000
2015-11-16,111.31139760193473,113.33230825379178,110.63776071798237,113.12728881835938,2443200
2015-11-17,113.42750947384106,116.51745987810928,112.54152377404114,115.39717102050781,3644300
2015-11-18,115.77059359535977,117.97455823662203,114.4818983326034,117.82811737060547,2975800
2015-11-19,117.07391806337269,118.26743272233666,116.29777153891273,116.78103637695312,2041000
2015-11-20,117.69632511400346,118.13564771642409,116.82498686936115,117.08858489990234,2728000
2015-11-23,116.88358403267652,119.44633872540919,116.88358403267652,118.96307373046875,4168400
2015-11-24,117.89395562752051,119.600018243843,117.88663749830098,119.18997955322266,3687000
2015-11-25,119.38774055482298,120.51534751869794,119.13878996409659,120.0467300415039,2134200
2015-11-27,120.63980487157065,120.81554058915236,119.45361950287491,119.73186492919922,1052400
2015-11-30,119.70987869457876,120.08330446066196,117.41804132076088,117.95988464355469,2982600
2015-12-01,119.13874268119818,119.66592735768461,117.53518957092929,118.60421752929688,2429000
2015-12-02,118.34061678213328,118.90442561322396,117.22765772499699,117.53518676757812,2871600
2015-12-03,117.35216443897774,117.53521828765594,112.54883323729719,113.23710632324219,4468600
2015-12-04,113.46405567994576,118.5822320273428,113.4567263784808,118.20147705078125,3920900
2015-12-07,119.28521973314466,119.32915087180666,115.3532152320815,115.90970611572266,3566700
2015-12-08,114.67226862105,117.64506173020918,114.2549004278054,116.67854309082031,2249200
2015-12-09,115.94625988066991,117.01528761764003,114.31341224321214,115.60943603515625,2995600
2015-12-10,116.40030839851028,117.77687722577139,114.95784285234141,116.91285705566406,2814000
2015-12-11,115.55823532363495,116.26115582373794,113.33961246850016,113.60321044921875,3005700
2015-12-14,114.21098421787343,115.93901345140318,112.34383223507324,115.7706069946289,2780600
2015-12-15,118.36263366180233,120.4128393406183,118.29673694683264,119.07288360595703,5365600
2015-12-16,120.31030957955059,120.98394640118683,118.69211981581576,120.50801086425781,3923600
2015-12-17,120.50796129639853,120.80817216585507,117.01529217588504,118.20147705078125,3699400
2015-12-18,117.52058192485008,118.48711169984854,116.14401327781155,116.27581787109375,6227000
2015-12-21,117.06663026393595,117.43273805317996,115.23609131771589,116.6272964477539,3818900
2015-12-22,117.52056450843337,119.62201900256622,117.18374052904807,118.83855438232422,3125500
2015-12-23,119.37305733901745,119.7171994177054,118.36259666774484,119.14607238769531,2202100
2015-12-24,119.86368834166288,120.34695330644139,118.78001241044815,119.75386047363281,943000
2015-12-28,119.285200613605,119.44628887802638,117.59378500989962,118.42118072509766,1513000
2015-12-29,119.29252422266293,120.78624980266923,118.65550043947417,120.4054946899414,2171100
2015-12-30,120.54463854220458,120.63250082489414,119.28522701762013,119.56346130371094,1493000
2015-12-31,118.728699594161,120.1638464155777,118.65548477200512,118.86050415039062,1775900
2016-01-04,116.4222372715735,116.58332553771648,114.29148798345246,115.93897247314453,5083200
2016-01-05,116.42222363498375,117.3082089949943,115.14084695975595,115.81448364257812,2678900
2016-01-06,113.50073690486693,115.63880513066471,113.42019274141083,114.7528305053711,3826900
2016-01-07,112.07292948587055,114.5551401784963,111.94845416178308,112.01435089111328,4162500
2016-01-08,112.11683424003822,113.39089323739206,110.16914949339723,110.35220336914062,4179600
2016-01-11,110.8061634014823,110.99653539288764,105.56349819207705,108.14089965820312,4747400
2016-01-12,108.68273763299146,110.74027250361596,107.5770962874975,110.4107666015625,4410600
2016-01-13,110.6670268083755,111.90447252919462,106.37624443930206,106.50804901123047,3982100
2016-01-14,106.9180931566097,113.71305100448599,105.85638308776404,112.14611053466797,5649000
2016-01-15,108.1408819464394,111.51639500443956,108.1408819464394,110.7841796875,6213000
2016-01-19,112.35843814983244,113.21512872992544,108.53627330159038,110.7841796875,4382200
2016-01-20,109.10009394263888,114.84065996259734,108.40449155137416,113.5080337524414,7338600
2016-01-21,113.31035491316432,113.5080562374979,110.00806684708354,111.86788940429688,4674000
2016-01-22,114.55511110214356,114.92854815234483,112.93692112701038,114.28419494628906,4577300
2016-01-25,114.35739575480581,115.69003314507894,112.02895614681695,112.34380340576172,4765100
2016-01-26,111.86792006192314,113.66184639356186,110.63047367149086,112.60013580322266,3645500
2016-01-27,113.41283552531853,113.41283552531853,109.0048959739936,110.17644500732422,3752300
2016-01-28,110.63775314825416,111.0844049961841,106.4787638010625,108.62416076660156,4246500
2016-01-29,109.39299685877438,112.02897726347452,106.35430684653382,111.8312759399414,7174400
2016-02-01,110.79150197626612,112.55614363776638,109.34903685394491,111.84589385986328,4602200
2016-02-02,110.18376553737825,110.92331021019699,108.71933480019405,109.91284942626953,3881400
2016-02-03,110.19841696015035,110.69631806590179,107.68692351791778,110.33753967285156,4530600
2016-02-04,110.19840756305001,111.26744686470799,108.95364373209763,109.76640319824219,3685200
2016-02-05,109.04881751257106,109.38564146115115,105.21201655280753,106.20050048828125,6451900
2016-02-08,105.072940693035,105.85641676354892,102.62734322177272,104.70683288574219,4627300
2016-02-09,103.25702635676603,106.63254004351988,103.11058550064453,104.82396697998047,4211100
2016-02-10,106.32502029122213,107.73087274514069,105.40975089366665,106.0321273803711,4273500
2016-02-11,103.78333742386586,105.7961937923079,103.25247544212432,104.2994613647461,4374400
2016-02-12,105.53074860059029,106.88739070452178,104.06350370260517,106.70306396484375,3218000
2016-02-16,108.30305515295082,109.16570323482607,107.41090848257215,108.4947509765625,3371300
2016-02-17,109.34266556770146,111.71679577240586,108.67908230372414,111.385009765625,3811100
2016-02-18,111.17852106002346,112.33609848645668,109.91773235078789,110.07994079589844,2892100
2016-02-19,109.84398742484805,111.89369986753496,109.31312551518987,110.68451690673828,2796800
2016-02-22,109.65228882689587,110.42646336263708,108.33988337600206,109.53431701660156,4603300
2016-02-23,109.23201600408035,110.38959327192292,108.2808950247945,108.57581329345703,3315200
2016-02-24,107.27819077085461,108.58322758189442,106.10587509758182,108.46525573730469,3316100
2016-02-25,108.64957161097797,109.40899700231158,107.10122224491953,108.19981384277344,3446800
2016-02-26,109.4974406491498,110.22737851016745,108.34724371693541,108.82649993896484,3411500
2016-02-29,108.35464003368521,108.87812169554827,104.85980085631996,104.90403747558594,5193800
2016-03-01,106.39342075972716,109.45324083901428,104.90405721190176,109.40900421142578,4477700
2016-03-02,109.1214142907467,109.58592120846681,107.8016399734916,108.74539184570312,3689900
2016-03-03,108.5463339683114,108.59793960644663,107.1454552132816,107.52884674072266,2988900
2016-03-04,108.40627009974786,108.60534618171413,106.57037123364648,107.63209533691406,3471400
2016-03-07,106.8947595954435,109.02557625354311,106.73255116468897,108.61268615722656,3278800
2016-03-08,108.30303632690278,108.38414055556633,106.40816298509175,106.63672637939453,3064100
2016-03-09,106.17219148925571,106.2311773901323,103.15660902830517,103.88653564453125,6075400
2016-03-10,104.74186267617827,105.78883758655547,102.50045366037638,103.98243713378906,4572900
2016-03-11,105.39803092883716,106.90214347380362,104.82293238235344,106.59247589111328,4861700
2016-03-14,106.06902976858542,107.13812311499815,105.57503522232345,106.62937927246094,3013800
2016-03-15,106.79154737479918,107.1307135583033,105.28744598589756,105.5897445678711,3034200
2016-03-16,105.4348826017476,108.38411008711117,104.64595884921604,106.15744018554688,6104700
2016-03-17,105.96577542991459,107.49937552072505,104.5796345064023,106.26807403564453,4899700
2016-03-18,106.88738168700299,107.94172514881446,105.07360177140924,107.2855224609375,6802600
2016-03-21,107.1307061192302,109.08456511014084,106.92426106548913,108.39149475097656,3176800
2016-03-22,108.4209669425273,111.32595752795986,108.25875854686495,111.05314636230469,4213900
2016-03-23,110.82462910462435,112.00432497228034,109.22467403751492,109.68180084228516,3107600
2016-03-24,109.68176727598768,111.29647114115303,108.82649984661185,110.03568267822266,3025800
2016-03-28,110.09467666105849,110.86147092137388,108.6200627947196,109.39422607421875,2111000
2016-03-29,109.46059882214796,110.36748325429404,108.23666653948507,110.22002410888672,2735700
2016-03-30,110.3085152659357,111.24489842952795,109.34264476863633,110.21266174316406,2324500
2016-03-31,110.10201814774469,111.30383174841265,109.95455904806713,110.54439544677734,2799600
2016-04-01,110.610817996751,113.86971413785002,109.93249679208193,113.66326904296875,3972200
2016-04-04,113.54525040850261,114.99037672751817,113.32405611217044,114.03187561035156,2314200
2016-04-05,113.30933386279726,114.4005563183075,112.52779024629123,112.77110290527344,2604600
2016-04-06,113.72226412466757,117.8585578774464,113.19140205208735,117.71846771240234,4067000
2016-04-07,117.26867771345,117.95436780637361,115.44015954857532,116.0373764038086,3363900
2016-04-08,116.67146008438654,117.23180933672838,114.59224900916018,115.35905456542969,2522100
2016-04-11,115.31483362095136,116.31020277241826,114.48905321407848,115.30746459960938,2732800
2016-04-12,115.12313208978281,117.37929005385,115.10101377644204,116.9369125366211,2763400
2016-04-13,117.24656472408728,118.62532524257772,116.66408588176463,118.01335906982422,3860600
2016-04-14,117.8290309273312,118.53685060386445,117.50461404435397,118.0575942993164,2406800
2016-04-15,118.07970233298657,118.25666004932225,116.83366305059369,118.0649642944336,2824300
2016-04-18,117.5930845595593,119.51745606813466,117.52671838653819,119.22252655029297,2081100
2016-04-19,118.55896237823728,119.81238197030588,118.21979622370952,119.51746368408203,2693000
2016-04-20,120.19581166861926,120.80039766593909,119.29629606859488,120.00410461425781,2374300
2016-04-21,119.7681025817868,121.31643990714943,119.4658041335943,121.17636108398438,2348400
2016-04-22,121.30172541191995,121.43443524395724,119.57641884256763,120.32110595703125,2757200
2016-04-25,120.29164325482044,120.73403199435427,119.62070237542524,120.52021789550781,1596300
2016-04-26,120.46857535079121,120.851978093393,119.4584684861016,120.0704345703125,2156600
2016-04-27,119.97462061689069,120.10733050398923,118.3377978401895,118.70645141601562,2729500
2016-04-28,118.13130689121736,120.68238234563452,117.4972225368668,118.38198852539062,3354100
2016-04-29,117.5193140660078,119.38469911067399,115.30002495665113,116.71565246582031,5386600
2016-05-02,116.95163790538517,117.54148578151995,115.9120435397815,117.22444915771484,2433700
2016-05-03,116.7673138711856,116.83368005597816,115.01989976337411,115.27796173095703,2862900
2016-05-04,114.489036016777,114.91667544907632,113.19874869964397,113.67799377441406,3048400
2016-05-05,113.64113338708853,115.17473332246772,113.07340383759626,113.72960662841797,2325400
2016-05-06,113.16924578376711,113.87705414289113,111.59877840819347,112.94805145263672,3004800
2016-05-09,113.32406207522155,115.07885600127477,112.82269881086911,114.5848617553711,2990100
2016-05-10,114.98301841507629,116.12584645567473,114.24571145345296,115.93415069580078,2585000
2016-05-11,116.29543601068075,116.67883882074436,113.61163884106053,113.67799377441406,2741800
2016-05-12,114.04666640728603,114.28261009930289,112.04857029868515,112.73426055908203,2981600
2016-05-13,112.22956142681005,114.35214184996258,112.22956142681005,113.06820678710938,2451200
2016-05-16,113.0682128108118,114.18887164508895,112.58580145175024,113.7509994506836,2415100
2016-05-17,113.14245407027663,113.48385314890966,110.90855330242623,111.40579986572266,4486500
2016-05-18,111.25733787555836,112.38541423557497,110.73782753548808,111.94012451171875,3234500
2016-05-19,110.91592060550235,111.49480507819219,109.18668471804068,110.3370361328125,3023600
2016-05-20,110.52260680899597,112.59324219172218,110.32222018255985,111.45772552490234,3075800
2016-05-23,111.35381829224866,111.88075752272083,110.69329553331913,110.80462646484375,1543400
2016-05-24,111.85107227820525,113.50608788559364,111.6135753585833,113.34281158447266,2581000
2016-05-25,113.95138024097155,115.65835258542013,113.66193794133072,115.45797729492188,3053100
2016-05-26,114.97555790289263,115.98489711520608,114.70096201131776,115.44312286376953,1808600
2016-05-27,115.9255511631088,116.43022655459727,115.11659835450145,116.32632446289062,1364000
2016-05-31,116.8309902691604,117.58056884731168,116.41538189614667,117.22433471679688,3204400
2016-06-01,116.97200080053777,117.88485569977763,116.27436761798033,117.29855346679688,1716400
2016-06-02,117.43212558204304,118.6492691040039,117.22432141910906,118.6492691040039,2386300
2016-06-03,118.64181573124506,118.7383002507741,116.3856520761685,118.14456939697266,2149300
2016-06-06,118.43406109406189,119.30238815905032,117.92196816034281,118.88677978515625,1897600
2016-06-07,118.10008163726134,118.4785796643068,117.4692402677076,117.92195892333984,1896700
2016-06-08,117.61766291430509,117.95906193038637,116.92002981692653,117.26142883300781,2476000
2016-06-09,117.0832867217633,117.98872382684824,115.77708775721104,116.35597229003906,2383200
2016-06-10,115.2278694120734,116.01456928852569,114.02557266844406,114.87163543701172,2626100
2016-06-13,115.07946067760888,115.86614937413395,113.54319359230493,113.6099853515625,2340300
2016-06-14,113.35768026176213,113.90687217853772,112.54129859563804,113.54322052001953,2115200
2016-06-15,113.64711143476607,114.35216208190862,112.67488238903,112.73424530029297,2443700
2016-06-16,112.57094999386074,113.47638711833227,111.84363554656376,113.03109741210938,2321700
2016-06-17,113.26117172417227,113.37249132576686,110.99016125583259,111.04210662841797,4681500
2016-06-20,112.65262752561195,113.3205793051969,111.5987601306006,111.80656433105469,3250500
2016-06-21,112.17021752243012,112.41513202105185,110.21091285793487,110.8936996459961,2622200
2016-06-22,110.64133885838197,112.94203065672234,110.5819646325281,111.18311309814453,4470100
2016-06-23,112.22216888532854,113.10533095562553,111.79171414987186,113.00885772705078,3000400
2016-06-24,109.24610443076936,110.80464716749637,108.37777736012852,108.68948364257812,4919200
2016-06-27,108.47425144837574,109.1496206573886,106.73759747475225,107.3016357421875,4176700
2016-06-28,108.27383859959022,110.15150451660156,108.05861695047739,110.15150451660156,4348000
2016-06-29,110.66360264325051,111.88074596058901,110.30736861303515,111.39834594726562,3771100
2016-06-30,111.9400850335661,113.12753520287814,111.19792443106907,112.91973114013672,3480700
2016-07-01,113.12759274993036,114.9978415904549,112.99400920927467,114.50059509277344,2758100
2016-07-05,114.50799912672765,114.99041050156245,113.83264132112134,114.4931640625,2349100
2016-07-06,113.87720612020479,116.38571437491706,113.51354308802786,115.81424713134766,3834000
2016-07-07,115.67321434731569,116.34115472003245,115.22049568263667,116.2149887084961,2437100
2016-07-08,116.97941298939791,119.56955895163178,115.92554573019807,119.56214141845703,3741500
2016-07-11,119.7550431772092,120.46752238540648,118.74570423820555,118.87928771972656,2464700
2016-07-12,119.20588182069082,120.43787164999539,119.12424366755674,120.20038604736328,2407200
2016-07-13,120.70506099900697,120.71990738941955,118.97582456147195,119.13168334960938,2691800
2016-07-14,120.23010879458103,120.96485242513873,119.29498980299176,120.77931213378906,2444800
2016-07-15,121.30621972880597,122.1374477942906,119.90353581611919,121.1800537109375,3179700
2016-07-18,121.58080691508262,121.71439044445567,120.81637075169931,120.92027282714844,1815600
2016-07-19,121.12065500209219,122.24132519383282,120.18553635735712,120.5937271118164,2249500
2016-07-20,120.56400689009826,121.45459749061432,120.09645333639982,121.1577377319336,2161400
2016-07-21,121.26171465337971,121.90739125564615,120.75705048712108,121.8554458618164,1971800
2016-07-22,122.29325845413071,123.44360998476274,121.71437392313723,122.95378112792969,2500400
2016-07-25,122.97607519471384,123.9037764429004,121.76636046772371,123.61433410644531,2704900
2016-07-26,123.11708002018442,124.7201503962785,123.02802432967167,124.43812561035156,2883600
2016-07-27,124.27484336591272,126.97630865253436,124.26742583354967,126.6720199584961,4200200
2016-07-28,125.37323456652832,127.50324403599103,123.5772065594233,127.11731719970703,5192500
2016-07-29,127.3325396653555,127.8446211280156,126.56068605665148,127.6739273071289,3121600
2016-08-01,128.32701405682897,129.86328087339217,127.85944917486566,129.2547149658203,3571900
2016-08-02,129.91528138640285,130.99141253896622,128.52001512476113,129.24732971191406,6589000
2016-08-03,128.94309218204867,129.42549243681012,127.85953183704804,128.7130126953125,3911800
2016-08-04,128.6165061030993,128.89110205468538,127.68137597697881,128.14894104003906,2122200
2016-08-05,128.65358368930384,129.5219104966006,128.03015998899616,128.88365173339844,2228300
2016-08-08,128.623919282594,129.2547606534811,127.5255241889514,127.90402221679688,2706500
2016-08-09,128.14151428677303,128.61649684899197,127.41418839112718,127.7110595703125,2094200
2016-08-10,127.5700673721305,127.80013549462409,126.694322734964,127.08023834228516,2476600
2016-08-11,127.82979362356268,128.2305555146624,126.94662036737897,127.97079467773438,2142800
2016-08-12,127.08764581435243,128.50516462960604,126.6720261676345,128.40869140625,1863200
2016-08-15,128.00557843688716,130.42416245615743,128.00557843688716,130.3196563720703,2784300
2016-08-16,130.2897560290396,130.56595955527195,128.44597305234745,128.51315307617188,2622800
2016-08-17,128.40119256375746,130.25991987625596,128.15485438569326,130.1180877685547,2580900
2016-08-18,130.20770137896162,131.85741706048196,129.56574345573526,130.4465789794922,3422400
2016-08-19,129.96138956239997,130.6033589502663,128.58786598094045,129.6030731201172,2696400
2016-08-22,129.692644529939,130.76755957482305,129.30447411938275,130.1479949951172,2603700
2016-08-23,130.21513760380338,131.3721764586885,129.63288785056196,130.18527221679688,2375700
2016-08-24,129.8867043819449,130.53613425895563,127.10981530807167,127.52783966064453,3055000
2016-08-25,126.84109658835229,127.99067506468388,125.9751824044187,127.07250213623047,2623800
2016-08-26,127.497993604944,129.13277646372777,126.72912489634042,128.37136840820312,2925300
2016-08-29,128.66996921828041,128.76701467133816,127.73687490906781,128.0279998779297,2512200
2016-08-30,127.76672900576975,128.34897889199897,126.99038823059054,127.46813201904297,1803100
2016-08-31,127.445724240249,127.93840066983775,126.76644037675929,126.94558715820312,2936400
2016-09-01,127.31132853388648,127.3187891842562,125.87062569111656,126.99781036376953,1876100
2016-09-02,127.31133752812815,127.68457509848893,126.08711875295701,126.72908782958984,2083800
2016-09-06,126.78883639102798,128.2220676242675,126.44545273552352,127.52783966064453,1919700
2016-09-07,126.73660791488835,127.97575996327255,126.30365076339342,127.3711166381836,2013000
2016-09-08,126.95306233148307,127.91601047641616,126.6992520676638,127.62488555908203,2611200
2016-09-09,126.66936321305008,126.72161054778039,124.3104991322477,124.32543182373047,3131400
2016-09-12,123.97461305396656,128.82670226378318,123.86263493032412,128.42359924316406,4451500
2016-09-13,127.82644465950783,128.0205241524635,125.26602825349734,126.37828063964844,3162600
2016-09-14,126.63953305252247,128.2220684709675,126.52756631102585,127.00531005859375,2799000
2016-09-15,126.93068027352783,129.43137758256722,126.50519519076992,128.87152099609375,2923900
2016-09-16,128.83419368017476,129.43137631127647,127.68462651231077,129.1103973388672,4028300
2016-09-19,129.32682844146316,129.51344724152298,127.7816193096201,127.93092346191406,2226800
2016-09-20,129.0954534308446,130.0807950048364,128.73714843942125,129.4239044189453,2607700
2016-09-21,130.0658594062953,130.07332005872857,128.10262573698057,129.7747344970703,2516400
2016-09-22,130.33458124070685,131.17809051507723,129.70007273165174,131.09597778320312,2338300
2016-09-23,131.58119095069011,132.01414794753566,130.34203934492265,130.48387145996094,2238700
2016-09-26,130.05094325422849,130.22262940450582,129.01334291856105,129.53587341308594,1798500
2016-09-27,127.07995354549412,128.37881322018362,126.52755774744256,128.1175537109375,4798900
2016-09-28,128.55794407581143,128.55794407581143,126.19161934909494,126.68429565429688,3300700
2016-09-29,127.19193107978151,127.19193107978151,123.41476773074743,123.50434112548828,3804000
2016-09-30,124.1985675880168,125.19884178476552,123.36997952586,124.51954650878906,3999600
2016-10-03,123.95222067707607,125.0943269272515,122.75039503855247,124.91516876220703,2514600
2016-10-04,124.91515749817961,125.92290357643128,124.76586473592579,125.0719223022461,2797600
2016-10-05,125.07193591072551,125.69897241460099,124.60165283766446,124.84053039550781,1953400
2016-10-06,124.16123072518708,125.25107822061896,123.75812770828385,124.58671569824219,1904100
2016-10-07,125.36305022332817,125.51980364089832,124.13883131858893,125.03459930419922,1679800
2016-10-10,125.55716184634933,125.84828680101347,125.16153078976244,125.63927459716797,1628200
2016-10-11,125.27349120532145,125.27349120532145,122.0561730715538,122.66082763671875,2761900
2016-10-12,122.66087142315688,123.608887198299,122.13086875545127,122.3324203491211,2250600
2016-10-13,121.563475007577,123.2355719475094,121.30966481607486,122.63838958740234,2430900
2016-10-14,123.20572793859546,123.355020693143,120.80953765348674,120.85432434082031,2817500
2016-10-17,121.07828169268412,122.01137574301355,120.28701976045409,121.39179992675781,2348400
2016-10-18,122.22788805048745,122.31746145501998,121.48887329216147,121.52619934082031,2001800
2016-10-19,121.98895938725133,122.13079147859808,120.19742370466484,120.2422103881836,2502700
2016-10-20,120.18251798175068,121.93673941524752,120.18251798175068,120.55575561523438,2922600
2016-10-21,119.95111352312337,120.34674450686013,118.20436411677895,118.32379150390625,3541000
2016-10-24,118.95831151636067,119.21211040016028,118.12226277428668,118.51042175292969,2920200
2016-10-25,118.5701349607159,118.89112526549859,117.79380565362695,117.86844635009766,2414300
2016-10-26,118.45068150444541,119.47336029315797,117.96547717141009,118.68209838867188,2716800
2016-10-27,119.21950425178703,120.63034127387641,119.16724554452702,119.8614730834961,3366900
2016-10-28,113.23283712274214,113.28508446941713,106.47723355608093,108.37327575683594,18311600
2016-10-31,109.39592926730853,109.49296328586212,105.20820345919081,105.37242889404297,8693700
2016-11-01,105.37990247492871,106.3055358221901,103.99145814919042,105.07384490966797,5589300
2016-11-02,104.73795091061749,104.96189578592777,103.49133848610532,103.53612518310547,4622500
2016-11-03,104.2826146132659,104.33487336037464,100.77418239319468,100.93840789794922,5791200
2016-11-04,99.81121264746407,102.72246162345746,99.75895391159077,101.07274627685547,5051500
2016-11-07,102.90160999253082,104.67821320786636,102.38654028650438,103.91681671142578,5146000
2016-11-08,104.17061456605441,104.50652612195636,102.52837143362801,103.3494873046875,3668500
2016-11-09,109.54525026415254,114.0987541498253,106.55934906444821,109.29891204833984,11793400
2016-11-10,112.2699165133451,113.63596811659973,111.0456970849554,113.14330291748047,8933400
2016-11-11,112.00860882058507,112.59831923149933,109.58256436031715,111.2546615600586,5159400
2016-11-14,111.5778374441828,112.08886399242651,109.72909879681491,110.03722381591797,5060000
2016-11-15,110.37539066268988,111.57031240965186,108.97756741202123,110.51818084716797,4515100
2016-11-16,110.90147505639847,111.60038102927132,110.05225636625158,110.64595031738281,4108200
2016-11-17,111.02169493520053,111.56278853967947,110.10484252023613,110.74363708496094,3957300
2016-11-18,110.51068155491328,111.48765687141604,108.89491159797596,109.14291381835938,3764600
2016-11-21,109.71406192290316,109.84932959077962,109.05272274506561,109.38339233398438,2860500
2016-11-22,110.33780492113972,110.43549439847096,107.33173491931815,108.46652221679688,3586200
2016-11-23,107.42193041398905,109.09781149539164,107.34677406510599,108.99259948730469,3216900
2016-11-25,109.1354158330754,109.72159879969364,108.78971259948567,109.29322814941406,2004000
2016-11-28,109.15791932111591,109.66143468132954,108.59428118348536,109.02265167236328,2411700
2016-11-29,109.24063244010864,110.31529743481931,109.20305425508509,109.72160339355469,2939100
2016-11-30,109.49609916928446,109.96204782430078,108.27113342285156,108.27113342285156,4296900
2016-12-01,108.39887966079006,108.39887966079006,106.82068845008116,107.0085678100586,3894000
2016-12-02,106.93346268574061,108.90244711890698,106.33976866950158,108.22607421875,3517300
2016-12-05,109.30826440192257,109.99965941883787,108.00814178681294,109.18801879882812,3855500
2016-12-06,109.57128342499159,109.71407362336609,108.42897330524562,109.052734375,2399000
2016-12-07,107.85781854220032,108.12836536041715,104.95695989525024,106.10678100585938,7031300
2016-12-08,105.83625218763285,106.03916520261808,104.33321660130093,105.6558837890625,4387600
2016-12-09,106.3397416259881,108.65441723674375,105.96398282165597,107.8051986694336,4637300
2016-12-12,107.40692895137084,109.75166095650458,107.30922796207284,109.5412368774414,3310100
2016-12-13,110.3303196848125,112.70511854077294,110.13492919688571,111.502685546875,4308700
2016-12-14,111.34486061522395,112.38946971666954,110.788733411834,111.7431640625,3196700
2016-12-15,112.11143315024222,113.08089764848474,111.81083058161444,113.0207748413086,2950500
2016-12-16,113.41905090568955,113.63699746226689,111.83334808604995,112.25419616699219,6356800
2016-12-19,112.53977464678033,112.99068984996124,110.6309247501144,111.02922821044922,3013800
2016-12-20,110.33779483100292,111.21706885005851,110.07475914299873,110.63839721679688,2615600
2016-12-21,110.52570748948818,110.94655554329641,109.49612050008294,109.84933471679688,2491800
2016-12-22,109.95453303437765,110.17999059719189,109.06022529780488,109.99211120605469,1820500
2016-12-23,109.9846099685622,111.0216965024126,109.90194257039849,110.88642883300781,2169700
2016-12-27,111.0518006830102,112.81034977552606,111.0518006830102,111.49519348144531,1941000
2016-12-28,111.69808561274206,112.0888665819858,110.74365487000114,110.97662353515625,1804000
2016-12-29,110.75114018210135,111.74314887484576,110.75114018210135,111.05926513671875,1655500
2016-12-30,110.94655586222576,111.7882519722618,109.43599802594748,109.87940216064453,3193100
2017-01-03,111.1193932655672,113.47915808087696,110.5632661110011,113.2762451171875,3640900
2017-01-04,114.29827779877857,115.5232548215616,114.05779819546113,114.88446044921875,3945900
2017-01-05,114.77180309731837,115.28282971379672,113.86246148390583,114.96719360351562,3441700
2017-01-06,120.15265410893774,120.99435026736458,117.74027723503563,117.82294464111328,9899300
2017-01-09,117.9957769870308,119.45372299963638,117.7102080901304,119.37105560302734,4247700
2017-01-10,119.10804970130145,119.58902059201378,118.16865253449998,119.31095123291016,3324400
2017-01-11,119.61157462764453,119.61157462764453,116.10949896183334,117.70271301269531,4821300
2017-01-12,116.81591350271479,117.34948464979024,116.1545742550437,116.75579071044922,3234800
2017-01-13,116.69564754794482,118.14608242344652,116.40255615384316,117.32691955566406,2637500
2017-01-17,116.59045895209401,117.32694310894837,115.38051496077952,116.33494567871094,3404900
2017-01-18,117.00381914982684,117.19169861754324,116.11702209923403,117.0639419555664,2432600
2017-01-19,116.58293198039651,117.0037800125489,115.17007518624304,115.58341217041016,2571900
2017-01-20,116.26731841398471,116.74828932466815,115.59846806213974,116.23725128173828,3067400
2017-01-23,115.89155510554835,116.14706838362923,114.5312983709988,114.77178955078125,2458200
2017-01-24,114.84691573979576,114.98218339244922,113.01321111106506,114.1179428100586,3027700
2017-01-25,114.62901801332035,116.35000033055181,114.0578685692023,115.80890655517578,3479500
2017-01-26,116.48526282013111,117.0864793732983,114.90707080147371,114.96719360351562,3366900
2017-01-27,115.15505008327615,118.36403376507019,114.80183585878771,118.1085205078125,4885200
2017-01-30,118.06345508214204,118.1235664170559,115.56089934484231,116.05689239501953,3758400
2017-01-31,115.50824549242876,117.95820005190953,115.0949085452236,117.74776458740234,3351300
2017-02-01,119.18322468437971,120.05498822740498,118.0258921282798,119.99486541748047,3924800
2017-02-02,120.03994629929214,120.19777009776082,117.92067186647972,119.9272232055664,4445400
2017-02-03,124.8270688133496,126.14222451712016,123.89518292932587,125.9017333984375,7366600
2017-02-06,124.88722930601962,125.42081201869036,124.09814474681612,125.1878433227539,4389200
2017-02-07,125.5034240805304,126.04451760472443,124.45130415417931,125.36815643310547,3584300
2017-02-08,125.12769878721123,126.51801113841367,124.99243110361327,126.34515380859375,3493400
2017-02-09,124.56407789335229,126.0971691910643,124.37619843951617,125.856689453125,4281400
2017-02-10,126.10469890856955,126.4879688880685,125.52602694688282,126.17233276367188,2931200
2017-02-13,126.91387707469181,127.32249048417562,126.12690166528219,126.86847686767578,3602800
2017-02-14,126.42201065332364,127.17871146801856,125.28695943128125,127.16357421875,3116700
2017-02-15,126.61117996453487,130.15253407025082,126.36903017285981,129.99362182617188,4058800
2017-02-16,129.81957583760678,130.28116374634686,128.86613707121086,130.2357635498047,2660600
2017-02-17,129.660702593913,131.18166723168957,127.79921331732042,131.12869262695312,4154900
2017-02-21,130.79575956594317,131.28761054888722,130.04662149316056,131.01519775390625,3941200
2017-02-22,130.402245191324,132.19562232293168,130.0692950048249,130.61412048339844,2579800
2017-02-23,130.7200536499777,131.67349243164062,130.069290547667,131.67349243164062,2190800
2017-02-24,131.1286930510034,132.2107813352539,130.5157671732955,132.08970642089844,2677300
2017-02-27,131.82489114931457,133.3836934193558,131.44654063536896,133.2777557373047,2850700
2017-02-28,132.77073466366573,134.88192493000733,132.7404601640713,133.5803985595703,3370400
2017-03-01,134.69276201451964,135.96401400140246,132.997747819003,134.87437438964844,3532300
2017-03-02,134.4808776198088,135.34351613743732,133.799851465069,134.7457275390625,3493000
2017-03-03,135.0408460090348,136.60721084838954,134.35224542750728,136.3574981689453,2893800
2017-03-06,135.86564669549017,136.46343531638254,134.81383292344316,135.79754638671875,3280100
2017-03-07,134.23869747774677,135.13917314418296,133.39119640172973,134.22357177734375,3328900
2017-03-08,134.1252098963264,135.26782388883228,134.04197235075728,134.52626037597656,2320800
2017-03-09,134.73057477994536,135.5402386019865,133.98901125627137,135.38890075683594,2505300
2017-03-10,135.80515053535848,137.6666288191957,135.53273767109658,137.2958526611328,4589000
2017-03-13,137.6666061857601,137.7195807975412,136.44832867088442,137.00071716308594,2531000
2017-03-14,136.5239638546933,137.38660234846492,135.92617527285077,136.2969512939453,2746300
2017-03-15,136.4406873175262,139.39182667138945,136.4406873175262,138.1735382080078,4197300
2017-03-16,137.41685590968612,137.59845669354317,134.70786593589708,136.28936767578125,6014400
2017-03-17,126.64901287391257,129.84229126622265,125.5744990923129,127.58732604980469,23936800
2017-03-20,128.35916926701987,128.4197067207629,126.94413082174668,128.06405639648438,5831500
2017-03-21,128.67697152748534,128.79804642489228,125.98311856503841,126.25553131103516,4922700
2017-03-22,127.07281566666155,127.11065303256353,126.058838920009,126.70960235595703,5070400
2017-03-23,126.73223666710649,127.14086153254196,125.2869470293231,125.64258575439453,4432200
2017-03-24,126.13445179312808,126.31605258624845,124.91616310515064,125.41558837890625,3175600
2017-03-27,124.68159896676879,126.073925722565,123.3422352649659,124.78753662109375,4734000
2017-03-28,124.18214442399687,125.80904620677033,123.89459448149648,124.63616943359375,6526400
2017-03-29,124.45455442679022,125.02207990333496,123.2968033783458,123.38760375976562,4070800
2017-03-30,124.15193729624869,124.70432578741797,123.50117398129306,124.38651275634766,2262300
2017-03-31,124.34112228429788,125.21888672853278,123.98547186650117,124.15194702148438,2811800
2017-04-03,124.57566407714067,124.87077694547665,123.73572567551693,124.01570129394531,3047800
2017-04-04,123.93251848469043,124.46978140352324,123.43309293417154,124.37140655517578,2239400
2017-04-05,123.54655183589374,124.67402872025147,122.34338870115747,122.76715087890625,3542300
2017-04-06,122.736881884564,123.68275799579884,122.29043113118259,122.77471923828125,3024200
2017-04-07,123.274125713921,124.28053912768064,122.77470043256584,123.62977600097656,2204400
2017-04-10,123.98543164484276,124.28054449724166,123.05468134037561,123.18331909179688,1772000
2017-04-11,123.25900858265773,123.64492188323321,122.25259500464074,123.42548370361328,1990300
2017-04-12,124.1594284187434,124.17456566281315,122.70656473906878,123.3800277709961,2248600
2017-04-13,123.55409410528533,123.81894397896549,122.0785299930281,122.2904052734375,2568800
2017-04-17,122.08615253362484,122.97906583448504,122.02561506014767,122.66881561279297,2364900
2017-04-18,122.53256404020122,122.53256404020122,121.2840122466387,122.01801300048828,2532100
2017-04-19,122.66121888265583,123.0698322828503,121.9272180956779,122.02558135986328,2344100
2017-04-20,121.86664976041187,123.16817588508724,121.83637526653403,122.61577606201172,2070200
2017-04-21,122.69902190955564,123.13790972981417,121.26129510407957,121.38236999511719,2906900
2017-04-24,122.96393104811906,123.79630689221263,122.50990576109662,123.4482192993164,3498400
2017-04-25,123.7357376777882,125.08266439175082,123.64492571587247,124.6286392211914,3529400
2017-04-26,125.3172094647151,125.3172094647151,124.3561962961473,124.56050872802734,4175500
2017-04-27,121.17051853829567,123.66762226558713,121.07214372668913,123.13037109375,5699200
2017-04-28,122.88063576431516,123.70543682031735,122.22987264986912,123.5843734741211,2942200
2017-05-01,123.85680817872948,124.43190830071835,122.92606922648487,123.03958129882812,2522000
2017-05-02,124.03086387722672,124.05356398355535,122.8958123754321,123.71305084228516,3737800
2017-05-03,123.96275933593562,124.15949743286284,123.3422589938458,123.95518493652344,2855100
2017-05-04,124.22754373347065,124.71940608143017,123.73569293184669,124.31834411621094,2543400
2017-05-05,124.7118859119458,124.7118859119458,122.90337104253997,123.95518493652344,2970400
2017-05-08,123.89462510651742,123.95516255918339,122.94118620628997,123.36493682861328,2291900
2017-05-09,123.47089067117474,124.15949129589461,123.21361512336952,123.50872802734375,2305500
2017-05-10,123.53141038852542,123.70544834629715,120.84512013512749,121.45804595947266,5201000
2017-05-11,120.96616958219397,121.46559479557297,119.77814398791386,121.13264465332031,3510200
2017-05-12,121.4429370579151,121.54130032782683,120.66353601957937,121.2386245727539,2706000
2017-05-15,121.09379650686186,122.06174581741837,120.96422876363334,121.924560546875,3318700
2017-05-16,121.77214067986438,122.32090507613752,121.53586938171058,121.9398193359375,2281200
2017-05-17,121.0099526922988,121.4062734345781,119.60754852100843,119.70663452148438,3073200
2017-05-18,119.942888240037,121.0251700406562,119.11974187833847,120.392578125,2163300
2017-05-19,120.11057623559947,120.86513003357905,119.16549123630826,119.28742980957031,2577300
2017-05-22,117.06191123601123,117.83171185031028,116.19303624062059,116.62747955322266,6911700
2017-05-23,116.34549383962545,117.80887359304981,115.9720371866654,117.42778778076172,3582000
2017-05-24,117.96127856634493,118.12895721572076,117.21434217192048,117.83171081542969,2667500
2017-05-25,118.28139597696206,118.92923476876732,117.84695264320968,118.46430969238281,2965800
2017-05-26,118.59390853858156,118.99785856616496,117.97653975830099,118.14421844482422,2731600
2017-05-30,118.14419613175272,118.41857832789589,117.03904981916439,117.26008605957031,2716700
2017-05-31,117.12290409242573,118.41859343907026,117.12290409242573,118.31951904296875,3891300
2017-06-01,118.44147015920635,119.48565323151793,118.31953153345387,119.08170318603516,3005300
2017-06-02,119.86671653510956,121.6578126042426,119.66092697123142,121.29959106445312,3320800
2017-06-05,122.16847352486252,122.8010773115617,120.62889535608213,122.11512756347656,4611100
2017-06-06,122.04650271608385,122.648612969014,121.3681706757799,121.58919525146484,3002500
2017-06-07,121.81026881199085,123.50990819737812,121.75691121850386,123.21266174316406,3571500
2017-06-08,123.45654007852069,124.36352605194993,123.02210835777583,123.96719360351562,3555100
2017-06-09,124.04341961921666,126.62718070553954,123.95196275486308,125.04186248779297,4086800
2017-06-12,125.75831172720454,127.45795110813904,124.44737566851148,125.66685485839844,4344500
2017-06-13,125.35433828011247,125.82688085368277,124.82082059546644,125.32384490966797,2568200
2017-06-14,125.2704845541855,126.42898827180852,124.97323819049804,125.8344955444336,2594800
2017-06-15,125.17902679300336,125.68205104567694,123.8909553498869,125.07994079589844,3585000
2017-06-16,124.8741674381973,125.07233945805784,122.8086893236861,123.79188537597656,5887200
2017-06-19,124.31015259720571,125.92595214754814,123.99765955063967,125.82686614990234,3043900
2017-06-20,126.08600250212349,128.57830610566361,125.5982132969174,126.74147033691406,3857900
2017-06-21,127.4350798684601,130.9105802493558,126.79485856246664,130.5980987548828,5490800
2017-06-22,131.4288666321941,133.72299885790545,131.169731091047,132.4806671142578,5745800
2017-06-23,132.03852863617618,132.71686046583497,130.30077941795352,131.47451782226562,14368500
2017-06-26,132.1529106678896,133.16660011818206,131.4059858839213,132.36631774902344,3037600
2017-06-27,131.87092132187846,132.55687104666615,130.15603538009458,130.21701049804688,2941500
2017-06-28,130.65139700440199,133.0293676324597,130.20171874867756,132.67115783691406,2890500
2017-06-29,132.99129983998915,133.1665960162751,130.34656399117438,131.5431671142578,2491800
2017-06-30,132.32056849473727,132.80835769338276,131.10108968321762,131.26876831054688,2695500
2017-07-03,131.57364881394525,132.86933783164895,131.57364881394525,131.70321655273438,1395100
2017-07-05,131.60415955356692,132.9074780153489,131.03253089362678,132.81600952148438,2830000
2017-07-06,131.93185072724677,132.32055388597087,130.56755764912924,130.8800506591797,2566400
2017-07-07,130.81910347544357,131.116349867259,130.01882114984411,130.65904235839844,2612900
2017-07-10,130.78098563281145,131.5126752821686,130.33130730519414,131.24591064453125,2070600
2017-07-11,132.7550198924357,132.95319191597014,131.14684926952825,132.0995635986328,2198000
2017-07-12,132.39683502913545,132.80078505064338,131.6041700447991,132.0614776611328,1976900
2017-07-13,132.06905920784894,134.2945982993654,131.92424478113787,133.4104766845703,2999900
2017-07-14,133.70771734089953,135.42260291678292,132.9303109199638,135.00341796875,2720600
2017-07-17,134.78241430777177,136.35248584229538,134.66046406843802,135.209228515625,2692400
2017-07-18,134.64524320521346,135.3845506181168,134.24891070050475,135.2702178955078,1820100
2017-07-19,135.7427524433271,136.58113413792884,134.53852004544495,136.56588745117188,2440700
2017-07-20,136.46681784778937,137.74726046473359,136.33725008034727,136.672607421875,3039300
2017-07-21,136.62683427374643,137.61004184420094,136.5506241153732,137.3509063720703,2674700
2017-07-24,137.33566339746304,138.30362431045958,136.16954211157,137.99874877929688,2503100
2017-07-25,138.7533080314034,139.17250463442167,137.4499897983489,137.8691864013672,3343200
2017-07-26,134.1497759328066,136.32196894528298,133.5324189963671,134.05831909179688,5446100
2017-07-27,133.38000271582524,133.74584175264093,129.97309543035595,131.2078094482422,5523200
2017-07-28,131.07826161277578,133.42575141280122,130.87248366507353,133.0294189453125,2463500
2017-07-31,133.00653076171875,134.74428067473792,132.80837037858953,133.00653076171875,2424800
2017-08-01,133.23511335960313,133.46376699021587,132.35862134369546,132.7168426513672,2069600
2017-08-02,132.29012783629145,133.0675344809672,132.01574559998957,132.9684600830078,2209200
2017-08-03,132.2519654116051,133.1589511068882,132.05379343325427,132.75498962402344,1725900
2017-08-04,132.8236048351163,133.2428014048861,131.77942217408747,132.5034942626953,1915600
2017-08-07,132.51877430363533,133.11326722992249,132.0538491556604,133.05992126464844,1193800
2017-08-08,132.5873049800339,133.30373612770558,131.84036884233993,132.3815155029297,2325200
2017-08-09,131.93186652397026,132.7550013551419,131.58888010953476,132.27484130859375,1972200
2017-08-10,131.14685613072402,131.60415205473035,128.49449092626762,128.8908233642578,3443800
2017-08-11,129.43194732927057,130.049304276739,128.62403590994114,129.1346893310547,1571600
2017-08-14,129.782546925656,131.15445779132298,129.54627564903248,130.8419647216797,1915800
2017-08-15,131.28702348605063,131.5555755293727,130.25881701212197,130.47366333007812,1956300
2017-08-16,130.64250119113245,132.46870699854102,130.55042752294338,131.5095672607422,1618800
2017-08-17,130.9724036218467,131.21026831682124,128.75487382447113,128.76254272460938,2630600
2017-08-18,128.42495750895057,129.2383060504659,127.77274957860692,128.3635711669922,1741900
2017-08-21,128.4940121244303,129.39943423782867,128.14871252053612,129.0311279296875,1533300
2017-08-22,129.56823665933717,131.1642461851208,129.54521824810075,130.49668884277344,1933500
2017-08-23,130.1821182776606,130.39696463754058,129.49153065669057,129.67568969726562,1279400
2017-08-24,129.89045909586224,130.97237086523208,129.34567461618798,130.40455627441406,1922400
2017-08-25,131.072136421593,131.64761996041295,129.98254395150704,130.24343872070312,1510800
2017-08-28,131.10285163588745,132.4686652554625,130.64246002352155,131.80877685546875,2359500
2017-08-29,130.9493646810781,132.2461228040287,130.71150002339937,132.15403747558594,1483000
2017-08-30,132.12341424481068,134.3409447698811,131.62465457428718,133.24368286132812,2310900
2017-08-31,133.31274860043123,137.07257151865585,133.31274860043123,136.40501403808594,3977500
2017-09-01,136.68892365089573,137.90894660351603,136.04438454855847,137.1262969970703,2431900
2017-09-05,136.5814782963719,136.96513413428303,134.55577594053085,135.6146697998047,1959900
2017-09-06,136.26683377231302,137.41013201570343,135.32304399360092,136.87301635742188,2242300
2017-09-07,136.96510975967178,140.24153331066267,136.02898874510294,138.66087341308594,2985300
2017-09-08,138.8296776807656,140.1571351357963,137.7477772580018,138.60716247558594,1993900
2017-09-11,140.0650271492376,143.26472620396893,140.0650271492376,143.09591674804688,3791200
2017-09-12,143.48731691050904,146.58725165363026,143.31850736571906,146.5565643310547,3894300
2017-09-13,145.71243516332976,146.51044560325553,144.03203297474633,145.55897521972656,3031400
2017-09-14,144.53851363697441,146.63328318841488,144.10882092126818,145.3595428466797,2318400
2017-09-15,145.52831459553963,145.52831459553963,142.95781616299743,143.847900390625,5349000
2017-09-18,144.0934267944354,144.68425994972603,142.8120179467493,143.08058166503906,2443800
2017-09-19,143.34147506062078,143.82488510493283,142.57416347701206,142.9654998779297,2066100
2017-09-20,142.78137673949806,144.67663776362696,142.27494815715826,144.3850555419922,2685400
2017-09-21,144.50008776920896,144.9911665945046,143.10357540800544,143.21099853515625,2082200
2017-09-22,142.32095081003396,143.34915724161092,141.1853329321494,142.53579711914062,2275600
2017-09-25,142.34397224739217,144.2776007787071,142.34397224739217,142.94247436523438,2545400
2017-09-26,143.11131549841522,143.90932630414665,142.25959895651357,142.41307067871094,2307900
2017-09-27,141.99099147314575,143.39517288413685,141.1085762477064,141.8605499267578,2436700
2017-09-28,141.40782306186122,144.11644327288113,141.28506212717747,142.3055877685547,2576900
2017-09-29,142.48976287759166,143.13430181658498,140.54846545127515,143.06524658203125,3017300
2017-10-02,143.51031364125166,144.0474295170246,142.3823644480045,143.61773681640625,2682700
2017-10-03,144.29291252195787,144.42335405624365,142.43602032079787,143.66371154785156,1514200
2017-10-04,143.1419801498562,144.80704490323612,142.735305941845,144.70729064941406,1660300
2017-10-05,145.06026030214733,145.78920398040015,141.4231991036678,143.37217712402344,4506600
2017-10-06,143.07289648100243,144.43870990970973,142.0753892657713,142.58181762695312,2032500
2017-10-09,142.68156288868485,143.3644696161335,141.49222779034338,142.3055877685547,1519600
2017-10-10,142.30566579217395,143.16505134736403,141.53835391553994,142.55886840820312,2036400
2017-10-11,142.1674501187948,142.33625955735508,140.17243586757803,141.30038452148438,3273200
2017-10-12,140.71725091822384,141.48456239314913,139.68137574377707,140.2338409423828,2223800
2017-10-13,140.14178815595534,140.6865845358097,139.65837810821455,140.42568969726562,2331500
2017-10-16,140.3873040405288,141.33876271812235,139.0368284337613,139.57394409179688,2211500
2017-10-17,139.67371908951938,143.53329521011233,138.9831433848398,142.86573791503906,3753700
2017-10-18,144.13946859914466,144.8990994837054,142.58949610545162,142.93478393554688,2580200
2017-10-19,142.71230081941582,143.47193187465336,140.60986264188884,141.2774200439453,2563600
2017-10-20,141.2543985615437,141.8145444948829,139.1059236041072,140.38734436035156,3179200
2017-10-23,140.60985466073052,140.89375621408885,138.39999344384395,138.52276611328125,2571200
2017-10-24,139.08291610770476,139.2977624494867,135.99065085822104,138.40000915527344,3449800
2017-10-25,137.42553363459473,138.14679681593813,135.47655531060423,136.1978302001953,4052500
2017-10-26,131.1105585447375,136.15180249942108,130.1974556640628,135.4458770751953,5998500
2017-10-27,134.54811746584315,135.37680383669473,132.96744545622406,134.49440002441406,3478600
2017-10-30,134.66317636098105,135.6606837127114,133.18993959723494,133.9649200439453,2550800
2017-10-31,133.62730474338,135.1926268970713,133.62730474338,134.44833374023438,2906600
2017-11-01,134.5097329903566,136.0520251735847,134.06469083364854,134.601806640625,2734900
2017-11-02,134.1030463247138,134.5711068505953,131.4097752215902,132.2921905517578,4029300
2017-11-03,132.05430970458633,133.5352152333282,131.67065396658143,133.08250427246094,2433100
2017-11-06,132.63751464010872,132.99815211304497,130.97244948399268,131.05685424804688,2692000
2017-11-07,130.91108457066454,134.08775538879877,130.91108457066454,133.11326599121094,3097100
2017-11-08,133.51225674217736,134.01100474210995,132.88305542952472,133.1899871826172,2003400
2017-11-09,132.55305246375073,133.68867012695543,131.4481221067976,133.51219177246094,2005100
2017-11-10,132.85997934964396,133.11319354545552,131.35605539107405,132.2461395263672,1927400
2017-11-13,131.65533470142898,132.6988790168457,131.2870283866486,131.5939483642578,2119800
2017-11-14,131.12592318391347,131.5863149828512,129.1462571816809,130.5427703857422,2604700
2017-11-15,130.58874455562275,130.84195875269833,129.1615447137159,129.96722412109375,3150600
2017-11-16,130.4925938102851,132.22311378811915,130.3689818723589,131.92955017089844,3131000
2017-11-17,131.8522674021859,132.17673984300345,130.97927444751977,131.33465576171875,2039700
2017-11-20,131.2574258017776,131.50464969302894,129.90545109074222,130.39988708496094,2012300
2017-11-21,130.8324990233636,131.7132133053675,130.4771177079004,131.21104431152344,2629600
2017-11-22,131.22652681947105,131.89864760816872,130.8170725702318,131.3037872314453,1533000
2017-11-24,130.94840189025297,131.92181939503564,130.94068056460193,131.42738342285156,999800
2017-11-27,131.76727712510635,132.3080644913472,130.99472037668215,131.11061096191406,2150100
2017-11-28,131.77502498190344,131.844552267854,130.8942988734028,131.5355224609375,2658700
2017-11-29,132.1072078134074,134.42487812592333,131.79045670817618,133.0574493408203,3244500
2017-11-30,133.36652015064882,136.016385031448,133.36652015064882,135.70736694335938,3819400
2017-12-01,134.54849669626506,137.40695453215602,134.46351497573644,136.89706420898438,3389900
2017-12-04,137.87051771785502,139.6319466110061,137.638748276486,138.04820251464844,4417100
2017-12-05,138.29539660069133,139.62419531735588,137.4687669063223,138.03273010253906,3589400
2017-12-06,138.6353708090065,138.6585465792064,134.9502700995097,136.1400146484375,2519700
2017-12-07,135.72275333337743,136.6961823050713,133.98450078481505,134.3939666748047,3102100
2017-12-08,134.75706135120404,135.94680528678487,133.98450464072087,135.51417541503906,3336300
2017-12-11,136.03952503369928,137.2756206376518,135.2051622692735,136.61122131347656,1874000
2017-12-12,136.61121568042785,136.73482759338233,134.52531474951448,136.1708526611328,2193700
2017-12-13,136.64215171874517,137.68510837567047,135.94685513965112,137.03616333007812,3166900
2017-12-14,137.08249731053843,137.49195152175298,134.84980835591693,135.13565063476562,2723600
2017-12-15,136.27128034372117,137.05929150447452,134.53302771129123,136.7734375,5796800
2017-12-18,137.40696957651159,138.00184168534292,135.99318904653413,136.0781707763672,2799200
2017-12-19,136.06265716669947,136.95882560279716,135.5141486121807,136.64207458496094,2705000
2017-12-20,137.20608696803373,138.41899496615008,136.7734452749909,136.82752990722656,3246100
2017-12-21,137.1829790271777,137.6928577879842,136.32544011762536,136.49539184570312,2106400
2017-12-22,136.4489731078562,137.12110551458863,135.79230692554165,136.29446411132812,1477900
2017-12-26,136.10906281112003,136.68075913497557,135.58372980131946,136.03953552246094,1339200
2017-12-27,136.30990214243528,136.95884692272057,136.03950258984338,136.13221740722656,1403900
2017-12-28,136.56485346942267,136.74253821270952,135.2437763032364,135.39056396484375,1637700
2017-12-29,135.3905360187282,136.01630494102133,134.2394225100815,134.3475799560547,1948600
2018-01-02,135.46786993830912,137.3760866047867,134.749385823472,136.74258422851562,2301100
2018-01-03,136.67302705541357,140.17270843525426,135.78457965764596,139.32289123535156,3084000
2018-01-04,139.54691992155927,139.724604661113,138.09450955925993,138.73573303222656,2021100
2018-01-05,139.70922670371922,139.74013558994886,138.31090020312433,139.56243896484375,2211400
2018-01-08,139.43107360306797,140.02594574917694,137.84732951417922,139.52378845214844,2356200
2018-01-09,139.4696865438321,142.55991392957174,139.15293540760612,141.67147827148438,3031700
2018-01-10,141.11519013570341,141.91864380574694,139.3460289359324,141.2696990966797,2542700
2018-01-11,141.26974407172486,141.26974407172486,139.91004827866752,140.57444763183594,2101300
2018-01-12,140.8680022234312,143.39426622680463,140.41219654663507,142.9539031982422,3111400
2018-01-16,143.40198540021038,144.81576571893942,142.2817804294533,143.34017944335938,3374600
2018-01-17,145.00889187477156,146.24498732408395,143.61828744136508,145.24838256835938,4018200
2018-01-18,144.81579269774403,145.67333135285227,143.30930905722497,144.9239501953125,3084900
2018-01-19,145.51880236636848,146.56948010789856,144.93166342985634,146.22955322265625,3652300
2018-01-22,146.57722372202224,148.7712943727034,146.3454542842685,148.58587646484375,3579800
2018-01-23,149.10345926013116,151.44430537177436,148.0218844782198,148.32318115234375,3486700
2018-01-24,148.910338787852,149.05712648134266,146.40725025004883,147.27252197265625,2765700
2018-01-25,147.86737940663605,148.17640922594174,145.93598724203378,146.8476104736328,2470300
2018-01-26,147.59697328826482,152.03917471643024,147.55062176818282,151.42884826660156,3920300
2018-01-29,151.58337606296337,155.46160274077525,151.1507343495302,152.96624755859375,4565700
2018-01-30,151.5601820517706,151.78423011735276,147.2106954362993,147.76693725585938,3990800
2018-01-31,148.05282863585694,148.5395433366076,142.65265075681748,143.73423767089844,4677700
2018-02-01,142.92305231702363,144.33683311399705,140.86032643601538,143.35568237304688,4078100
2018-02-02,141.7332631126058,148.79443116522958,141.38560315289308,144.475830078125,7029400
2018-02-05,144.32911830150837,145.70426895091302,134.9039125629569,135.0043487548828,6922800
2018-02-06,137.50737239669584,139.27652206726142,132.9106505636345,136.47213745117188,7527700
2018-02-07,136.16314680043476,139.8250705666791,135.970007585115,137.1056671142578,5715700
2018-02-08,137.46103753355314,139.3847083740183,133.65233784186844,133.7450408935547,6026800
2018-02-09,134.52530200432895,135.55280383038905,129.9826648340169,134.0076904296875,6093900
2018-02-12,134.6566640971602,136.48762009727145,133.65233781373578,135.09701538085938,4324800
2018-02-13,134.32447694672484,136.51081459203553,133.23518057532218,135.92367553710938,3834700
2018-02-14,135.5032977979332,140.35270587162947,135.4877265383974,139.73777770996094,5958700
2018-02-15,140.11143237306575,144.0034166056509,140.03358793745673,142.91366577148438,4493400
2018-02-16,143.06935508776493,144.87522975097858,142.19754246794986,142.874755859375,4365800
2018-02-20,142.36103842347603,143.4663608280095,141.77724062603534,142.43109130859375,4078400
2018-02-21,142.59451888687943,144.3926136852181,141.97957873251326,142.0029296875,4054600
2018-02-22,142.06518029611067,144.1279387189989,141.67598193828925,142.0184783935547,3868200
2018-02-23,142.93700841796556,145.39673328316022,142.2675866937777,145.30332946777344,4163400
2018-02-26,145.91827100679765,148.18339669363527,145.58355420276234,146.72779846191406,4943600
2018-02-27,146.98463374463347,147.97320076804962,144.43149380615517,144.61830139160156,5016100
2018-02-28,144.68836148862593,145.86373605991807,142.98367106157903,143.0459442138672,4544000
2018-03-01,143.3884375433834,144.44705735484274,140.4071772517193,142.67230224609375,11757800
2018-03-02,140.93651552590777,144.62612044575772,140.92873583416554,144.065673828125,19115500
2018-03-05,144.04235470719325,148.43251293056204,144.00343248509674,147.99661254882812,15187800
2018-03-06,146.49431648133734,149.17200412490587,145.5057489423394,148.16787719726562,18446500
2018-03-07,147.68521835028923,148.06663704991698,145.10094720631935,145.97274780273438,7009900
2018-03-08,146.26077478922087,146.64997324462314,144.40040664749372,145.6847686767578,9192600
2018-03-09,146.3385828569786,148.96956756230014,145.0308820730215,148.75161743164062,5674100
2018-03-12,147.50620189562036,148.1989746114856,146.587699321113,147.35052490234375,6972400
2018-03-13,147.58403563812345,148.54146036093047,146.8289898041739,147.70079040527344,4712900
2018-03-14,148.81389144643427,149.93478471564495,147.73971196126766,148.33908081054688,3613300
2018-03-15,147.9343118169658,148.58038257577792,146.2685431670692,147.70079040527344,3320500
2018-03-16,147.7007806794749,148.08997904753676,145.7392175787735,146.52540588378906,16878400
2018-03-19,145.78590606467452,146.28407945484702,140.63292394657245,142.0963134765625,3970400
2018-03-20,142.4933525721109,143.24061891634258,141.02218272079455,141.6916046142578,2582200
2018-03-21,141.22457471197214,143.25619153981148,141.20122375006338,141.34912109375,2531100
2018-03-22,140.04912951787838,140.69520018884572,136.99781595151782,137.06008911132812,3553000
2018-03-23,137.44153876597264,139.47314316080463,131.82151250724615,131.88377380371094,4529600
2018-03-26,134.4914159597413,136.89665953960827,132.41309765387035,136.3673553466797,4217100
2018-03-27,137.12235471728127,137.27803166953564,132.18732287873746,133.2225799560547,3963100
2018-03-28,133.37828899570718,134.2734405148494,130.7862263709161,132.68551635742188,4545900
2018-03-29,133.09811619668457,134.07111251167976,132.04727542553118,132.7011260986328,3769800
2018-04-02,132.2651529761042,132.77889759871707,127.11995081437256,129.2527618408203,4759800
2018-04-03,129.9689440872107,131.7203372839424,128.49777427705186,130.9419403076172,3374000
2018-04-04,129.34619221482657,135.65121091827146,129.12046237344447,135.06741333007812,3796700
2018-04-05,135.4410558301349,135.77576078419833,133.09808551950982,133.88426208496094,2766600
2018-04-06,132.996894443028,133.6663162502812,129.36956204843747,130.87965393066406,3747800
2018-04-09,131.70473675517528,134.62372476782275,130.76288327443424,132.0316619873047,3856800
2018-04-10,133.02022664051114,135.3476373127424,132.41307809599732,134.7638397216797,2872300
2018-04-11,133.7285771191166,135.4955412402934,133.57290012935232,134.20339965820312,2575900
2018-04-12,134.41355915677784,135.52667280202172,133.07472753385417,133.12142944335938,3471400
2018-04-13,133.96987070241943,134.21895149655916,132.94238124843824,133.47947692871094,2656400
2018-04-16,134.46805699742512,134.76385160374252,133.16035597929366,133.4016571044922,2656400
2018-04-17,134.66264779770168,136.70983520371564,133.55732575551636,136.12603759765625,3283900
2018-04-18,135.91590098632756,137.12241871483576,135.78357492128282,136.3050994873047,2205600
2018-04-19,135.80687663777658,136.53077988595786,133.7207672527136,134.60813903808594,2269400
2018-04-20,134.7405011205467,135.0285041577747,132.77115801634727,133.54176330566406,2958600
2018-04-23,133.58847027318376,137.7528983797854,133.3004672250548,135.95480346679688,3568700
2018-04-24,136.64752126925558,136.81097789885013,132.73996713272496,133.83750915527344,4389400
2018-04-25,135.17637444969372,136.56191963244285,132.59209169160096,136.08709716796875,4693800
2018-04-26,136.54630745291536,137.5270827300517,133.7207244637585,136.50738525390625,3682400
2018-04-27,136.1571882852368,138.49237905319683,136.1104863702607,138.1343231201172,2424800
2018-04-30,138.48458943646494,139.13066026125915,135.71349849076972,135.81468200683594,3608700
2018-05-01,134.0010241536671,135.43328350395183,130.75511044371024,131.76702880859375,4799400
2018-05-02,131.78259028891057,133.16035605171467,131.00419343177276,131.88377380371094,4085700
2018-05-03,131.76703808081706,132.59213696831702,129.252819194353,129.51747131347656,4152900
2018-05-04,129.182758462869,131.93827834201144,128.60674046445192,130.75511169433594,3430000
2018-05-07,131.22213722542477,132.27296580506444,130.38146723527734,130.81736755371094,3175800
2018-05-08,131.4011651565003,132.71665768140855,130.38146722367117,131.15208435058594,3937700
2018-05-09,131.3155159227909,132.7399832549292,130.0622968083342,132.04721069335938,2861400
2018-05-10,132.52984410930426,133.48728079161458,131.8292916915394,132.9268341064453,2947100
2018-05-11,132.62326935362634,135.71350603714842,132.35082568411306,135.35543823242188,3740500
2018-05-14,135.51888680796242,138.3989525749935,134.69377622796347,136.96670532226562,3370600
2018-05-15,136.0715052632094,136.4607035561091,133.18366058123166,134.14886474609375,4491700
2018-05-16,134.40781505310613,136.94144010653696,133.83519072779475,136.32960510253906,2494200
2018-05-17,135.9452077074309,137.60814222133487,135.3333728591429,136.99630737304688,2268400
2018-05-18,138.45533726167466,139.1063949185941,137.0277262307147,138.29061889648438,3377200
2018-05-21,138.93374739361997,139.57696494999215,137.97677276574169,138.42388916015625,2557200
2018-05-22,138.6121851601208,140.85558349127484,138.45529461616766,139.9064483642578,2742700
2018-05-23,138.93380054873086,141.18505088828115,138.57298097535823,141.1458282470703,2242000
2018-05-24,141.1928315247462,141.39677241697422,138.83177792866786,139.5926513671875,2386100
2018-05-25,139.59266927161394,140.4711987281269,139.31028309358246,139.8123016357422,1812000
2018-05-29,138.83183462397827,139.92215701169386,137.87485963975945,139.184814453125,2382000
2018-05-30,139.8515048177961,142.58908145373246,139.63187246541293,141.381103515625,3419200
2018-05-31,141.43604721040165,141.93806587334092,139.92215148135966,140.89480590820312,5247200
2018-06-01,141.78112223040148,144.93443186868927,141.47520493505692,143.99314880371094,2892800
2018-06-04,143.68728968389152,145.87578614662624,143.41275513916128,145.46005249023438,2298800
2018-06-05,143.3891845141359,144.88740039464292,141.02811865818867,142.54986572265625,3980800
2018-06-06,142.76948814582963,144.4481136428543,141.87526731038778,143.97747802734375,2213100
2018-06-07,143.91476524087147,144.36972151056213,143.16173128471175,143.7814178466797,2729600
2018-06-08,144.24417185779015,145.6247197448717,144.01669977371063,144.56578063964844,2865000
2018-06-11,144.44027355457396,144.97367494706978,143.49113864997338,144.80894470214844,2409400
2018-06-12,144.5422735807145,145.20901046881872,143.86768498453029,145.1697998046875,2045300
2018-06-13,145.39724326331893,146.34637813571368,143.89902754159303,144.07943725585938,2243900
2018-06-14,144.40107237972697,145.95420245434892,143.31075021955922,145.73455810546875,2289600
2018-06-15,146.26794732536675,146.47973994854155,144.34615817844306,145.12271118164062,6474500
2018-06-18,144.43242830531494,144.7226541882204,143.05972020325865,144.29122924804688,2370700
2018-06-19,143.4127091218527,146.16596524057942,143.4127091218527,146.04830932617188,2538500
2018-06-20,146.0953602554307,147.08370576628204,144.9109135898741,146.29930114746094,2415200
2018-06-21,146.299346142906,146.299346142906,144.6599428579348,145.89146423339844,2206400
2018-06-22,146.14244103158117,147.53868047148492,144.98152540078766,145.23252868652344,11153100
2018-06-25,145.12276181751218,146.44056841488046,144.3854311863855,145.39730834960938,2678200
2018-06-26,145.38156218373024,145.86004952277312,144.31477132794927,144.7932586669922,2070600
2018-06-27,145.05212940834866,146.96607897244175,143.9147448795754,143.96180725097656,2354800
2018-06-28,143.6715722940752,144.7854255672136,142.52633612926178,143.81275939941406,2286300
2018-06-29,144.00885397800812,145.93849477929783,144.00885397800812,144.7932586669922,2606200
2018-07-02,144.40109323539863,145.4757360729798,143.310770917757,145.34237670898438,2069800
2018-07-03,146.25223519072526,146.99741716647696,145.56196728209238,145.67178344726562,1348000
2018-07-05,146.00912008448336,147.60146099191647,145.59338646642848,146.96609497070312,1801000
2018-07-06,147.91520979840925,150.2056702374753,147.47593308336644,149.8291473388672,2751600
2018-07-09,150.21351723460475,152.48044659818154,149.95466221770354,152.30787658691406,3065500
2018-07-10,152.307869272202,153.8609873299523,151.02928569623447,153.5001678466797,2757000
2018-07-11,152.6451938883882,153.1079898933526,151.0136303075492,151.50779724121094,2431400
2018-07-12,152.32357443797224,152.37847655164703,151.044990746846,152.23728942871094,2251900
2018-07-13,152.95104822155562,154.33159592708492,151.68815641144565,153.67269897460938,2232000
2018-07-16,153.5158492078481,154.19043772906977,152.26079689936776,152.8647918701172,1824800
2018-07-17,150.89592571319523,152.88046861253196,150.69198480356712,152.11175537109375,2567300
2018-07-18,151.58621031676154,152.17451384968555,150.64492705789627,151.2332305908203,2215800
2018-07-19,150.49586467999208,151.27242953070453,149.2643437321105,150.41741943359375,2539200
2018-07-20,150.1977870120189,150.1977870120189,148.63682954362645,149.42123413085938,2252200
2018-07-23,149.12318288205446,149.7977714249212,148.37800078645037,149.01336669921875,1767000
2018-07-24,150.01741487086232,151.54700180514396,149.42911128313347,150.13507080078125,2440400
2018-07-25,150.3076704715714,151.7509846547727,149.64093345534886,151.42152404785156,2009300
2018-07-26,152.9824430899784,153.42170779373836,151.1390873127012,152.21372985839844,2835800
2018-07-27,153.7433615070647,153.91593154383284,148.69964370889932,150.9508819580078,4100200
2018-07-30,150.21351045951022,150.77044310149356,148.9898409577628,149.5310821533203,2984700
2018-07-31,149.8213100727958,154.9121013050758,149.71933362327312,154.1747589111328,4429300
2018-08-01,154.0022216119545,154.51208002971657,152.72363774372093,153.61785888671875,2632800
2018-08-02,152.6765286231149,154.85717270722148,151.1783127902813,154.04139709472656,2500400
2018-08-03,153.95514398320663,155.6337698913201,153.82179659436912,155.3043212890625,2176200
2018-08-06,154.872939195259,156.74766683693625,154.15128796593882,155.00628662109375,1913800
2018-08-07,155.06901720307908,157.58695040163212,155.0297945615824,157.1947479248047,2349800
2018-08-08,155.70430993914138,155.70430993914138,153.0138079609105,153.90017700195312,3145900
2018-08-09,153.29617916821243,153.99431072489503,152.04113903930238,152.1509552001953,2766500
2018-08-10,151.62545298212297,153.10012589388654,150.80966527265855,152.5039825439453,1769100
2018-08-13,152.71575753791163,153.99434106735671,151.95488399856816,153.43740844726562,1802900
2018-08-14,153.6962833209266,154.49637959374152,152.87265586088785,153.55508422851562,1240200
2018-08-15,152.82556878060288,153.33542704678658,151.303821751104,153.16285705566406,1900200
2018-08-16,153.5735334613944,155.68214725849114,152.20726846641074,155.13722229003906,2361700
2018-08-17,154.9793172691231,156.7720268986565,154.22115796967233,155.9112091064453,2183800
2018-08-20,156.28237589289944,156.7641200183019,155.47683396752288,156.02175903320312,1747900
2018-08-21,156.31397809993825,156.68515863466538,155.36628798914853,155.8243408203125,1666900
2018-08-22,155.6979187110721,156.9615130704673,154.65546360752063,156.2428436279297,1709300
2018-08-23,155.87172010986015,156.17182659108573,154.4896685471072,155.2636260986328,1351200
2018-08-24,155.48470879950042,155.97434592801628,154.4738380532245,155.295166015625,1358500
2018-08-27,155.99019963474754,156.8905070898317,155.41367798109363,156.84312438964844,2034400
2018-08-28,157.1747761332685,157.814466527236,156.36923427949813,156.85887145996094,1644200
2018-08-29,156.20340922135202,157.94874819109825,155.51633602289135,157.75131225585938,1775100
2018-08-30,157.61703745436773,158.49365337866388,156.92205919351125,158.2251434326172,1992500
2018-08-31,157.8144890444507,158.319924543328,156.6772561593436,157.79869079589844,2981400
2018-09-04,157.35641398127976,157.7512857854988,154.26062048226638,155.3662567138672,2293500
2018-09-05,155.6821463136132,156.89834605061534,155.46101908870372,156.17178344726562,1809000
2018-09-06,156.01385140106575,156.83517944710138,154.09476817681426,154.908203125,1797300
2018-09-07,154.33960242243882,156.01386722734262,153.80258250142617,155.0266876220703,2604100
2018-09-10,155.8637839142164,160.86286191645044,155.09773172434694,159.92306518554688,4310800
2018-09-11,158.73845806904373,160.31794521400934,157.37220506279706,157.5301513671875,3386000
2018-09-12,157.69601160296259,159.13335087902863,156.4798116428955,157.55386352539062,2133500
2018-09-13,158.13827966561684,160.38904193531326,157.48279096165362,160.26268005371094,2780200
2018-09-14,160.82341320985475,161.43941235718347,157.9487465054764,158.40679931640625,2504200
2018-09-17,158.17773938017598,159.09384484273426,157.56174033996322,158.58840942382812,1950100
2018-09-18,158.2804009820702,161.00501382182475,157.31691288619302,159.7967071533203,1982300
2018-09-19,160.07315667150743,161.42361168556164,159.188647560523,160.47592163085938,2204600
2018-09-20,160.7917945652647,162.09486662658165,160.3337418517544,161.97640991210938,2225000
2018-09-21,162.41866438017985,163.1768114538634,161.24194213078982,161.97640991210938,7314000
2018-09-24,161.5262272542966,164.00602121126036,161.1945364505595,163.6427459716797,2642000
2018-09-25,164.48784940256795,164.97748673723268,162.8925634389206,163.05052185058594,2556200
2018-09-26,162.9161983430995,164.96164338032108,162.9161983430995,163.34266662597656,2162600
2018-09-27,163.80069597819133,165.996181860392,163.3505364161106,164.96951293945312,2571200
2018-09-28,164.69315809165752,164.8984991812043,163.295320315528,163.7059783935547,3238200
2018-10-01,164.05342144628372,165.32490902194039,163.1768056388368,163.4058380126953,2518100
2018-10-02,163.01886303756334,164.34563847510395,162.75824621857268,164.00604248046875,2172100
2018-10-03,164.46409256148394,164.46409256148394,163.19260497730673,163.39793395996094,2258800
2018-10-04,162.75824162945986,163.5953678453553,158.58839674424235,160.68911743164062,3219800
2018-10-05,161.46305804579544,162.75823691886197,159.39393390786142,161.12347412109375,2481000
2018-10-08,160.61017987131163,162.7898802968743,160.4996162301985,162.34762573242188,2878100
2018-10-09,162.48974366789884,164.32984767895016,161.49467108253438,162.6871795654297,2509100
2018-10-10,161.897420589643,162.9635791552013,158.55680889503918,158.89639282226562,4148000
2018-10-11,159.17281999402394,160.28636132719978,151.93087285539636,153.091796875,4175000
2018-10-12,154.48964732832826,156.44031508730848,153.3287232110232,155.8874969482422,3231400
2018-10-15,154.9477017502171,156.69304051929265,154.000011780138,154.46595764160156,2091100
2018-10-16,155.7532240299867,160.06521706842568,154.9634804793025,159.7967071533203,2261500
2018-10-17,159.0623004968287,160.56280888573545,157.1116323609295,160.1363525390625,2459700
2018-10-18,160.45224508996048,161.51049888119246,158.16988600861566,160.09686279296875,2433600
2018-10-19,160.11267671846164,161.99225893676933,159.09390037673913,159.3703155517578,2692500
2018-10-22,158.86486585314844,159.37030140361392,155.95070930025605,156.38507080078125,2717500
2018-10-23,155.02667684873936,157.2300562723526,152.989136838989,156.08493041992188,2553500
2018-10-24,155.5321044101639,156.33764624542619,147.97425247604875,148.3770294189453,4288300
2018-10-25,148.99300514517105,150.44613023006943,143.18838585151585,148.55075073242188,4983700
2018-10-26,146.4184578883417,147.9426692950035,144.7442053208755,146.8765106201172,4580400
2018-10-29,149.514255503306,150.76994486267512,145.94461126326848,148.62184143066406,3829500
2018-10-30,149.60112532148997,150.8410285656827,147.7057454895682,149.32472229003906,4040600
2018-10-31,149.3247270692194,154.26062475879377,149.29313057570852,152.25466918945312,4541000
2018-11-01,152.27047869451772,153.51038207006772,150.80946010070036,152.341552734375,2827300
2018-11-02,153.43927382316204,154.276412134773,146.75804992963074,147.72943115234375,3696300
2018-11-05,148.21906820038544,150.61989541390693,148.11640973011495,149.98809814453125,2713500
2018-11-06,150.2171746284773,152.18362899290503,149.67224947429904,150.6436309814453,2139000
2018-11-07,152.27045762539052,156.1559945902137,151.63866035172552,156.06912231445312,3077800
2018-11-08,156.0059435734291,156.59035816862126,154.22112739699534,154.8055419921875,2636600
2018-11-09,154.29223245535445,155.5084445776601,151.77294796682605,152.54690551757812,2344900
2018-11-12,152.93387147223547,153.7789030640459,150.43038524545122,151.28330993652344,2109100
2018-11-13,152.34942704750281,153.85784007978225,150.86470535704728,151.27537536621094,2232200
2018-11-14,151.65445686439526,152.73640169970577,149.78276845866117,150.33558654785156,2850300
2018-11-15,149.77891292473117,153.1905770894869,148.80869703773533,153.04742431640625,2607100
2018-11-16,152.9758542876687,155.26620158389963,152.44303279702422,154.4232177734375,3862300
2018-11-19,155.01171713391454,156.48294956520988,153.38143549956263,155.00376892089844,2629900
2018-11-20,156.12506242135905,158.00185972463998,153.29393363876468,156.22048950195312,3288800
2018-11-21,155.2105404734498,157.1032588607862,153.1746814356478,153.3019256591797,2173600
2018-11-23,152.09307599489964,154.66175565843847,151.71135559403257,153.142822265625,1349200
2018-11-26,155.02762623137252,156.11712601749255,153.07924618416158,154.51866149902344,2194600
2018-11-27,153.61205772690735,156.84875188848176,152.5861679810292,156.74537658691406,2329200
2018-11-28,156.63403351794227,160.65803737749167,155.91829398002506,160.18087768554688,2617800
2018-11-29,158.876670435565,162.2326607613033,158.6778559003183,160.93638610839844,1937800
2018-11-30,160.76143849055683,166.20101374049423,160.4751450563496,165.61251831054688,4537200
2018-12-03,165.49322440358844,165.65227360524494,159.35383056917271,161.38172912597656,4035300
2018-12-04,162.70982341732682,163.6164172289209,156.8964761093459,157.27024841308594,3881100
2018-12-06,155.64793389742624,158.2643280029297,153.6438798611761,158.2643280029297,3437300
2018-12-07,157.37361360944897,157.7791908428073,151.9340515088411,152.24420166015625,3152400
2018-12-10,153.50865199000037,154.9083017126484,149.6596061517127,154.35162353515625,2718300
2018-12-11,155.7990067158969,157.78715183104637,154.5504457589391,156.0137176513672,3047500
2018-12-12,157.53271391187266,158.6063174719517,156.10920689253007,156.19668579101562,2665600
2018-12-13,156.48294948342402,157.19072875113085,155.25029692469602,157.08734130859375,2129800
2018-12-14,155.1071757975834,155.98991300908776,152.4192109552226,152.74526977539062,2981300
2018-12-17,152.88043450449535,154.63794825943322,150.01750024732863,151.1626739501953,2919400
2018-12-18,152.2441870480241,152.64181603127335,146.6535245143134,148.7927703857422,3164300
2018-12-19,148.72917988955018,152.49869568539,145.1584664928967,147.51243591308594,3995400
2018-12-20,147.1705067125092,148.3474856600276,145.30960510602483,147.0909881591797,3806200
2018-12-21,146.20818460935803,149.19835024838505,142.51818806420124,143.31344604492188,7829800
2018-12-24,142.74884280384708,145.47657252693034,141.78657507020125,141.87405395507812,2205100
2018-12-26,142.38300405359712,149.53237869934662,142.25577198069328,149.39718627929688,2868200
2018-12-27,147.40903199202424,151.42508755398575,146.0252786225619,151.36146545410156,3137900
2018-12-28,152.39530495997946,154.74926200731878,151.14674398900817,151.6795654296875,2477500
2018-12-31,152.63390015575473,155.7115576343666,152.37942384236305,154.8129119873047,2764800
2019-01-02,153.10308411471783,153.6438537673623,150.26400703430969,152.61001586914062,3009100
2019-01-03,152.8088545496025,154.42322768545884,150.04135947880258,150.2878875732422,3973900
2019-01-04,152.26012330755864,156.28412740862834,151.76705502704178,155.4252471923828,4193400
2019-01-07,154.8844700472576,158.542662323147,154.28007823297267,157.51678466796875,3032500
2019-01-08,158.41538076901682,159.94227457257605,156.4113273429258,159.5366973876953,3290300
2019-01-09,160.92842364176704,161.35785766060664,158.75737250687615,159.34585571289062,2869700
2019-01-10,159.34586282112267,161.85093313590667,158.63013537957048,161.1829071044922,3131300
2019-01-11,159.56057034062357,159.83891550444704,157.46108963093147,159.4969482421875,3379700
2019-01-14,158.64602985945405,159.05160708904828,156.39544816298306,156.49087524414062,3378600
2019-01-15,156.10922693026393,159.04373237877803,155.90245197929596,158.55862426757812,2859800
2019-01-16,158.494927723006,159.40152139134463,157.14299149964825,158.1688690185547,3302400
2019-01-17,157.7633282512365,161.06364498284685,157.4452176850825,160.5785369873047,2440200
2019-01-18,161.69985835150527,162.49511658637147,159.87871019824217,162.1372528076172,3095000
2019-01-22,161.13518537975668,161.8191078016063,159.67191345127497,160.626220703125,3173100
2019-01-23,160.63420365450918,162.1929028871144,159.15502295885423,160.292236328125,1917500
2019-01-24,160.3319779787302,160.96022650693882,158.84484928947091,159.82301330566406,2390800
2019-01-25,160.6023707419162,160.82504203896724,156.5704184881145,158.07345581054688,4383600
2019-01-28,155.0514784810516,155.0514784810516,151.10699281943184,152.64979553222656,4186200
2019-01-29,152.83268506847782,154.017623922499,151.73523721935672,152.7770233154297,3182100
2019-01-30,150.2163183536375,150.90818909275458,142.8681283423321,147.0114288330078,8089100
2019-01-31,146.94781288292754,149.1904468873943,146.25594211480274,148.80076599121094,4397900
2019-02-01,148.32356622227638,149.37331261407348,147.56807354406286,148.7689208984375,2488900
2019-02-04,148.68146975033127,148.82461039334808,146.55811980150384,148.0611572265625,2930900
2019-02-05,148.077025409518,150.35146359421884,147.6953049975514,149.75502014160156,4933300
2019-02-06,149.75503520275797,152.58615180103126,149.5959860263321,151.7034149169922,3322400
2019-02-07,151.63183936939572,151.63183936939572,145.2697754547555,146.5103759765625,4188100
2019-02-08,145.8582687566873,147.95774933465088,145.8582687566873,147.91798400878906,2601000
2019-02-11,148.5462652340118,148.80075366791525,147.5283357677508,147.75100708007812,2867300
2019-02-12,148.97570248996576,150.2719770861624,148.25996291358342,149.85047912597656,2412400
2019-02-13,150.47875390507133,151.19448141374613,149.8266363723294,150.2878875732422,2166000
2019-02-14,150.33594226985548,150.50424312719625,148.86936593317478,149.60665893554688,2611500
2019-02-15,150.7206406042077,151.5460889468004,149.05371235288882,150.93701171875,3314600
2019-02-19,150.49624357463534,151.04120679638618,149.74293112429277,149.83909606933594,2267500
2019-02-20,150.01537928710297,151.64223452967343,149.44637493276778,149.7989959716797,3046400
2019-02-21,149.37426254178354,150.18367927617862,148.05995544269078,148.6610107421875,2947600
2019-02-22,148.97357372879608,151.3537539282677,148.90945968976118,150.2638397216797,2774100
2019-02-25,151.19348366717264,152.64402872707305,150.57639670580227,152.11509704589844,3182600
2019-02-26,151.91471633182246,153.58965410822256,151.75443736974844,152.33145141601562,2431000
2019-02-27,151.25761460580173,154.02246727932413,151.19350055590644,153.40538024902344,1886200
2019-02-28,153.3732830122481,153.57363477196583,152.0509540610104,152.33145141601562,2776200
2019-03-01,153.38132646114076,153.91826782802036,152.64403329041784,153.19700622558594,2409400
2019-03-04,153.7259112188761,153.96632355892316,150.1917030781659,152.09103393554688,2274800
2019-03-05,152.26735559910747,152.80429691195772,151.2976475855405,151.3217010498047,3445200
2019-03-06,151.36978158884926,151.76246325361325,146.2006958530167,146.7777099609375,3956100
2019-03-07,146.59340276022095,146.7857448894373,144.73414442514303,145.42335510253906,3421700
2019-03-08,144.73411413647028,145.30310627834373,143.45986766839297,144.9504852294922,2750900
2019-03-11,145.7278520750087,147.93974331428922,145.37523102361612,147.5710906982422,2816900
2019-03-12,147.94782199328014,148.2202975769988,147.07429085391385,147.60321044921875,2677500
2019-03-13,148.01993987469342,150.9370622336649,147.61122651526964,150.1436767578125,2719700
2019-03-14,150.2879087504088,151.35378191803287,148.97360127839585,150.47222900390625,2909600
2019-03-15,151.0331674166038,153.5816357869464,150.74466040972536,153.26107788085938,6865000
2019-03-18,153.13287948675594,154.28690773778905,152.41962761334,153.31719970703125,2430200
2019-03-19,153.81404987155318,154.47921919321823,153.00463314997344,153.46144104003906,2268700
2019-03-20,153.46948617351845,154.48727679039965,152.16318846163563,153.16494750976562,2378700
2019-03-21,152.05100078628033,154.16671552991878,151.6102243337505,153.78204345703125,2292900
2019-03-22,153.03671343772947,154.56739178749666,149.50250500156815,149.62271118164062,3144700
2019-03-25,149.57461869861376,150.48822229152492,148.2923624639833,149.5345458984375,2523700
2019-03-26,150.30392151163292,151.93878680501578,149.88718634723992,150.8809356689453,2359100
2019-03-27,150.86490151480658,151.14539891898434,148.4366387396214,149.3181915283203,2022600
2019-03-28,149.92720710288566,150.5763447473774,149.06168616739703,150.38400268554688,1885600
2019-03-29,151.76245345234568,153.06875089403832,151.06523321217918,152.25131225585938,3189700
2019-04-01,153.1809616348973,154.31895831656212,152.67607121901332,153.68585205078125,2660500
2019-04-02,153.71794457971046,154.527373843844,153.22908559837938,154.21481323242188,2141800
2019-04-03,154.81582911045226,155.3688020067388,153.63777183691047,154.6074676513672,1948100
2019-04-04,154.55139401003586,155.81760671178563,153.06077602667398,154.13465881347656,1785900
2019-04-05,155.37681440850616,157.77301384129726,154.91199681726022,156.60296630859375,2163300
2019-04-08,155.89771004290623,156.52280655394156,154.31893720058596,156.17820739746094,1629800
2019-04-09,155.14440694543504,155.47298681116524,154.27888575762265,154.65554809570312,1872600
2019-04-10,155.5931881099704,156.2743890562318,154.14264317323958,155.38482666015625,1653200
2019-04-11,155.92979521880667,156.10609354178052,152.7882684262263,153.9583282470703,2082600
2019-04-12,154.68763678992016,155.05627729118734,152.90048974891334,153.40538024902344,2060800
2019-04-15,153.74193447651075,154.81581705111157,152.147142180522,153.22903442382812,2038300
2019-04-16,154.08654398675836,154.32696855847334,150.21574629050258,150.70460510253906,2727300
2019-04-17,150.94503532786393,151.2575836142493,145.479432922071,146.23275756835938,5242100
2019-04-18,146.84984579580345,147.05019757679221,141.7288547628701,142.22572326660156,8266600
2019-04-22,141.92924272458143,142.30590514713964,140.14209557805876,141.33619689941406,3215800
2019-04-23,141.8009968388054,144.77421080588294,140.8473202811943,144.0609588623047,3471700
2019-04-24,144.36547048753965,144.91844332771214,142.85882126834522,142.89088439941406,2711600
2019-04-25,141.9132053169169,145.07075201691012,140.98356991954233,144.6379852294922,2453700
2019-04-26,144.81429419114323,145.73591990750657,144.27735277673378,145.43138122558594,2445400
2019-04-29,145.41531097094196,146.23274960949925,143.92469332580876,145.19091796875,2662500
2019-04-30,145.55959216239037,145.88815981737181,142.55431519308596,143.70834350585938,3963000
2019-05-01,140.56682059176393,143.05118784917346,137.24098554157396,141.1598663330078,6109100
2019-05-02,141.09572792881124,142.89088418239083,139.68525587646397,141.44834899902344,3014000
2019-05-03,141.79296502373268,142.46615634164448,141.42432457270056,142.09750366210938,2944500
2019-05-06,140.6389528264159,142.04141541540827,139.34868675540278,141.89715576171875,2735000
2019-05-07,140.35844293530192,141.3762334047835,138.24272862119588,139.3406524658203,2797000
2019-05-08,139.04412365088456,140.64693775637028,137.6015885102472,137.96221923828125,3368400
2019-05-09,137.2329754237131,138.78769514348707,135.79043999600694,138.5392608642578,2854400
2019-05-10,138.21066053085426,138.21066053085426,134.9890008752594,137.7218017578125,2942300
2019-05-13,135.63013348833363,135.9186405153547,133.97121502583713,134.31582641601562,3371800
2019-05-14,134.37997451148436,136.01485230397014,134.07544804308435,134.48416137695312,2525300
2019-05-15,134.01928065071965,136.72003038409696,133.27397805786597,136.13499450683594,2860200
2019-05-16,136.92716541867378,139.04493759739773,136.87866898463434,137.3474884033203,2716200
2019-05-17,136.82210062583724,138.41446606831818,136.69276857287414,137.33941650390625,2266600
2019-05-20,136.34521291912728,137.73550188545826,135.9168112144331,136.11080932617188,2144300
2019-05-21,137.22622607189524,137.42830273829455,136.2239213663936,137.16156005859375,2249300
2019-05-22,136.88674084610068,139.06916640983746,136.2643412506125,138.4629364013672,2615500
2019-05-23,138.49526093732825,139.88554938699087,137.80820767276185,139.11766052246094,2902500
2019-05-24,139.52990541448543,140.45946556510506,138.29319708985219,138.44677734375,2417100
2019-05-28,138.67314045864188,139.65119730974843,136.40987849777352,136.48263549804688,4066200
2019-05-29,135.79556288320595,137.21817862562938,135.25399872557114,136.74935913085938,2671600
2019-05-30,136.95951483311507,137.452582505671,135.95720989752067,136.6361846923828,1943300
2019-05-31,135.8440487985456,136.4987753811635,134.72858138591727,134.7447509765625,2808900
2019-06-03,139.028757009805,142.91671039231363,137.86479334980618,139.3197479248047,5774800
2019-06-04,140.669615626716,141.74466503009248,137.8647903588633,141.2354278564453,4553200
2019-06-05,142.0033134760877,142.07607045191122,139.90980210766364,141.08993530273438,2606400
2019-06-06,141.275852203539,142.31048385262716,140.7181185749029,141.0091094970703,2396800
2019-06-07,141.9629109535687,142.26198048846732,140.0633852578521,141.86590576171875,2072000
2019-06-10,142.22160074285514,142.3913506236791,140.6858225215054,141.9225311279297,2091400
2019-06-11,142.48022837511144,143.19152989868084,140.80702755169193,141.14651489257812,2313800
2019-06-12,141.69616519426296,142.81971099977787,140.77469606120601,141.93865966796875,1888600
2019-06-13,142.124623382715,143.43407679518404,141.63963424205954,142.8359375,1675800
2019-06-14,143.04603736549936,143.79775667460157,141.8982433341224,142.32664489746094,1621800
2019-06-17,142.2943217677979,144.32317970265157,141.77700591597434,144.19384765625,1916800
2019-06-18,144.9051503032344,147.77464164887013,144.78389689399856,146.7965850830078,3125500
2019-06-19,146.69153014037877,148.01715293936758,146.01255531660544,147.7342529296875,2396500
2019-06-20,149.35894896359096,149.77118104510103,147.2007710066536,148.7931365966797,2780400
2019-06-21,148.63953028685796,151.25844864146782,147.84739311187283,151.24227905273438,6948100
2019-06-24,150.4016579377684,151.1533773702493,149.29426919252165,149.39935302734375,2948300
2019-06-25,149.21340794787577,150.97551047062606,148.05752306025508,149.08407592773438,2264700
2019-06-26,149.30240170154576,149.48830887091677,147.7100358149396,148.05760192871094,2124600
2019-06-27,148.20303439428483,149.8923923917613,147.94437033702354,148.74459838867188,2193700
2019-06-28,148.86581296071623,150.42585098567662,148.45358106833174,148.95472717285156,3753200
2019-07-01,151.05636177428613,151.39584911212373,149.61757681849664,150.62796020507812,2079800
2019-07-02,150.36929813012065,150.88661393755294,148.89009535251384,150.86236572265625,1796300
2019-07-03,151.62218942434845,153.1094709605488,151.3150288967786,152.4304962158203,1932600
2019-07-05,151.50095445534964,152.67300931274454,149.73077272682866,150.2965850830078,2225800
2019-07-08,149.26193283515641,149.54483280765984,145.9155432619925,147.3058319091797,2700900
2019-07-09,146.47332351485466,147.33012700016118,145.90749872226064,146.7804718017578,2273700
2019-07-10,147.2492425146496,148.15454214841816,146.32777329205447,147.330078125,1775700
2019-07-11,146.19035886572883,146.30352131704265,142.22156977486597,143.87860107421875,3621900
2019-07-12,143.73308206709635,143.95131596351365,140.79892523302345,141.39706420898438,4488700
2019-07-15,141.37282791464494,143.42593370912255,141.13842441340114,142.3589630126953,3256800
2019-07-16,142.5368350907218,143.69272036565235,142.1892690456335,143.45022583007812,2260100
2019-07-17,143.99177778556478,145.05065775639085,143.07838712350107,143.11880493164062,1945200
2019-07-18,143.1753727537273,145.84277505326224,142.90863005701746,145.12338256835938,2374400
2019-07-19,146.03678614923285,146.77234828763622,144.0321887651394,144.19384765625,2987200
2019-07-22,143.74122844059698,144.53336580939052,142.0357002585162,142.17311096191406,2556800
2019-07-23,142.60953736421433,142.88437100086284,141.87398768110126,142.27005004882812,2081800
2019-07-24,142.27815700894254,142.86821748058014,141.3566878110471,142.07608032226562,1898000
2019-07-25,142.08415418898562,142.66613601381817,140.45946212270073,140.73428344726562,2145500
2019-07-26,140.86366406783912,141.86595685225493,139.93410361938635,141.72854614257812,3070400
2019-07-29,141.67191844533156,143.1996176115606,141.32434015154325,142.32664489746094,1985400
2019-07-30,141.38902400432937,142.84397871137804,140.86362951773708,142.625732421875,2005100
2019-07-31,145.49521345253038,151.96166738375396,143.79776436207138,150.81387329101562,7157600
2019-08-01,150.66838003687502,153.1418091633973,148.84161113994946,150.34506225585938,3484700
2019-08-02,150.3450567864609,151.8485078476768,149.54482865695198,151.33119201660156,2966500
2019-08-05,150.00554946982803,150.3127099433978,145.9155197974292,146.70765686035156,4060000
2019-08-06,146.3843843464417,149.21345849301954,145.51949004427135,149.1002960205078,3172900
2019-08-07,147.9524750076908,148.8416174438156,145.17998853339995,148.35662841796875,3308900
2019-08-08,148.30007103396193,149.8762670551984,147.96058360890981,149.72268676757812,2449000
2019-08-09,149.65799318722623,161.66135362758757,147.7746492711934,158.6302032470703,8417100
2019-08-12,159.96391242729314,168.75829444831075,159.43851793541717,166.3333740234375,10599300
2019-08-13,164.4338527242598,171.28021257012142,164.08628670711593,166.6082000732422,5586400
2019-08-14,165.0940726058206,167.20241562935914,161.76467977265827,161.88677978515625,4507100
2019-08-15,162.80664952786637,163.62068277550568,161.6914279533722,162.24496459960938,3065800
2019-08-16,164.29635129314835,167.25129630633637,163.09972128389848,166.07908630371094,2922500
2019-08-19,165.43596619960186,168.0978582808115,163.71021976490456,167.6908416748047,2974900
2019-08-20,167.60945345304302,167.78854177482117,165.2080576743156,165.38714599609375,2710800
2019-08-21,166.42911432488634,167.17802350915426,165.72090929196014,166.0139617919922,1755200
2019-08-22,167.0966344374855,167.97579197341085,164.43474182214186,165.59066772460938,2677600
2019-08-23,165.3219769533231,165.7534134965117,161.18668737343071,162.05770874023438,3416200
2019-08-26,163.2950882822987,168.01647158176056,162.53803083883815,167.21058654785156,4005200
2019-08-27,168.13042866566298,170.09225185714013,167.09661534034962,168.08973693847656,3394000
2019-08-28,167.29197727312908,171.06095538773937,167.14545724280947,168.92819213867188,3789300
2019-08-29,170.13298317294206,170.8167682582037,167.08849373928086,168.48863220214844,2391600
2019-08-30,170.12480913980414,171.73659145662037,168.40719852835952,169.8236083984375,2621300
2019-09-03,168.7490726016776,169.22934917375545,166.6162973260186,167.3000946044922,2193000
2019-09-04,168.26069447232237,168.80609533766517,165.24877349869703,167.9513702392578,1935700
2019-09-05,168.20369162408036,169.7015097980843,167.66642670693938,169.03399658203125,1685300
2019-09-06,169.83992497285908,170.4178941416004,167.7722856399874,169.09915161132812,2388000
2019-09-09,164.8661551231631,165.20804760175952,161.82166625971627,164.71148681640625,4353200
2019-09-10,163.46603670546878,164.41031838224896,159.02955738662362,160.2587432861328,4866300
2019-09-11,160.47039806199135,161.55306390669315,158.874887232651,159.4202880859375,2875300
2019-09-12,159.62376596892167,160.2261550038676,157.84103128736234,157.9224395751953,4448000
2019-09-13,158.25620633646673,160.0959170008147,158.19108218624712,159.11907958984375,2428800
2019-09-16,159.68075462424056,159.68075462424056,157.52355920328154,157.98756408691406,1597400
2019-09-17,157.95502660746496,160.18548246992793,157.95502660746496,160.1366424560547,2447400
2019-09-18,159.8436035677249,160.22620027054066,157.32009498589738,158.76907348632812,1897800
2019-09-19,159.32258276996419,159.8516993943598,158.3457453904547,159.26559448242188,1483400
2019-09-20,159.55048075954585,162.25307649783318,159.34697249327093,160.315673828125,6680400
2019-09-23,160.97509472895086,161.83796809131286,160.6169180680844,160.9832305908203,1683900
2019-09-24,161.97634016692297,162.64385342523508,159.23305196115842,159.9982452392578,2322500
2019-09-25,160.83668393899362,161.44720884959358,159.4853858224537,159.59934997558594,1779900
2019-09-26,159.47724347701964,159.80285178096813,157.17352808416035,159.04580688476562,1877800
2019-09-27,159.19237987088897,160.2424899797233,157.79224133988635,158.68768310546875,1770300
2019-09-30,156.94561815876497,160.10405882449712,156.04204072520307,157.52357482910156,2492300
2019-10-01,156.7665160305799,159.4528280899608,156.37578357030154,157.26307678222656,2331000
2019-10-02,157.5805449085708,157.5805449085708,153.67318314958638,154.02322387695312,2250800
2019-10-03,154.3407309642713,156.83980693568364,153.85230597683187,156.79910278320312,1888500
2019-10-04,157.22238730436032,159.55865884470424,157.22238730436032,159.21676635742188,2158200
2019-10-07,158.36201832824676,161.84609196316055,158.288758318982,160.5029296875,2199300
2019-10-08,159.99825829135435,161.17860417100022,158.73650410780326,159.61566162109375,2032600
2019-10-09,161.73211605291812,161.73211605291812,159.5179570964475,160.11219787597656,1292900
2019-10-10,161.1785952697445,162.28568106743367,160.38084610441572,161.7321319580078,1297500
2019-10-11,162.99391123957852,165.97327659325984,162.79040288079426,163.45791625976562,2472200
2019-10-14,163.8242264055643,166.79544343153492,163.80794225917563,165.15924072265625,1638200
2019-10-15,165.62319927161138,166.714000771514,164.92313022726952,166.60003662109375,1492800
2019-10-16,166.1848431130673,166.86049203886313,164.58119700195795,165.41966247558594,1758500
2019-10-17,164.10095861873438,166.67330664994168,164.04398275067857,165.70460510253906,1380800
2019-10-18,166.15236474127082,166.1605006039931,163.46605192434183,165.02085876464844,2043400
2019-10-21,165.7127656999471,165.745321566804,163.44160582535352,165.1917724609375,1564000
2019-10-22,166.5756296704144,167.73969126797314,165.42783979479,166.73843383789062,2136700
2019-10-23,166.24999231862853,167.60129037399722,165.2812908502758,165.5092315673828,1805800
2019-10-24,166.0220812692825,166.30699787939338,164.15795056496611,165.29759216308594,1220800
2019-10-25,164.91499845612543,165.82672417192512,164.0358410272268,165.28945922851562,1321500
2019-10-28,165.38716080556543,167.67459262263884,164.98827997658523,166.88497924804688,1652800
2019-10-29,167.0884788526843,171.9645430296161,166.80357463645728,170.1248321533203,4460000
2019-10-30,167.97576057083066,171.76101009013453,166.19302582468944,171.663330078125,3793500
2019-10-31,171.02845069998384,173.9345439614036,170.62143393241715,173.5926513671875,3255800
2019-11-01,174.41474883202022,178.58260725934227,174.2031046717939,177.4185333251953,3685500
2019-11-04,178.05348227676683,178.95705964549967,174.48802522868584,174.536865234375,2646600
2019-11-05,175.76609098603598,178.67219619857158,173.54378327249722,175.08230590820312,3012000
2019-11-06,175.38347017369495,177.93139835092367,175.38347017369495,176.15679931640625,2540200
2019-11-07,176.57198381460154,177.87442977268955,175.3916378953093,177.45114135742188,2498300
2019-11-08,177.63018401267198,180.1048393914289,177.01965913337898,179.99087524414062,2069900
2019-11-11,179.28274758018836,180.2107452995775,178.02912899889418,179.65719604492188,1364300
2019-11-12,180.1537322998047,183.36916179078494,178.9815221999357,180.1537322998047,2704500
2019-11-13,179.4373252869361,180.46301502831224,177.89880309603225,178.81866455078125,2333000
2019-11-14,178.81868339792422,179.24479685609765,174.9918897063738,179.04812622070312,2749300
2019-11-15,179.94129959231284,181.0393490777637,177.99103576834509,180.98199462890625,2028600
2019-11-18,181.1458605912015,181.5801638846437,179.6299002756541,180.82627868652344,2239500
2019-11-19,181.29340551617267,184.11227631613713,180.85089970490003,183.96478271484375,2551600
2019-11-20,183.86644300056705,185.64463105636148,182.84214026079866,184.7924041748047,3524300
2019-11-21,186.11172890478096,187.48839845391205,184.39090759798844,186.6853485107422,2659300
2019-11-22,186.89836018408218,189.1845981966944,186.69349965413255,189.0780792236328,1975000
2019-11-25,189.3567228085488,193.22449135503743,189.3567228085488,192.19198608398438,2637400
2019-11-26,191.73308696850083,192.478782388942,190.11878479620333,192.06906127929688,3300800
2019-11-27,192.2821252345732,192.7983778700997,189.98769686267045,192.19198608398438,1579800
2019-11-29,191.85600963351686,192.954059199782,191.544617590903,192.3394775390625,945600
2019-12-02,192.19198633046395,193.2244916028412,190.626861082701,191.32337951660156,1633600
2019-12-03,189.68450481191374,191.07755425575698,189.1108976884133,190.74159240722656,1825400
2019-12-04,190.70881786126876,192.47881636829035,190.11062843662006,191.65118408203125,1908500
2019-12-05,191.49541873072425,191.5609755965593,189.66806642146196,191.26597595214844,2083600
2019-12-06,192.30670284843413,192.56893037241773,191.0857418880131,191.56101989746094,1860900
2019-12-09,192.5361836764606,192.6099304884592,190.62688146463034,190.78257751464844,1867900
2019-12-10,190.04501975837022,192.66723210770112,189.70904547981826,191.61834716796875,1494700
2019-12-11,191.77411329710694,192.5443911915567,190.9546708568326,191.75772094726562,1754100
2019-12-12,192.22477137361122,194.40449083737948,191.79865788735123,193.38018798828125,1851500
2019-12-13,193.06058736848289,195.12557271032475,192.683638454765,193.9947509765625,2041200
2019-12-16,196.2564266513075,200.37822033183042,196.2564266513075,199.28836059570312,3047600
2019-12-17,199.5997236112736,200.75514006226416,197.71500413518805,198.9933319091797,2382500
2019-12-18,198.4770970070581,199.3047291120631,197.50195880692317,198.25584411621094,2956700
2019-12-19,198.9441667918729,199.37028021650886,196.60875163219535,198.17388916015625,2070800
2019-12-20,200.4110109047264,200.4110109047264,197.23976067602166,199.17364501953125,5091600
2019-12-23,199.92751548376674,199.9439078297058,197.96904901787772,199.1490478515625,1686200
2019-12-24,198.97695536227792,199.2063981714747,198.07556396636542,198.57542419433594,612800
2019-12-26,198.8950627917699,199.6489483086635,197.74784841904022,198.22311401367188,1098300
2019-12-27,198.50170087334888,199.11628257859581,196.79725944368715,197.91989135742188,1085000
2019-12-30,197.81336669422046,199.10808703177764,196.1744820902793,196.8874053955078,1454400
2019-12-31,196.89558709760863,197.86253547549035,195.43698086128762,197.54295349121094,1748300
2020-01-02,199.12443933007754,199.28013533672924,195.83027843765655,196.74806213378906,2088000
2020-01-03,194.33893191797839,196.8791954549026,193.58504652938623,195.4123992919922,1879000
2020-01-06,194.37171117173864,197.03489864827975,193.84726859958303,196.9119873046875,1802800
2020-01-07,196.1007078965773,196.66612500656242,194.6912663337346,195.0600128173828,1518900
2020-01-08,194.96988953425804,196.3219767558659,193.88823226066825,195.20753479003906,2214700
2020-01-09,196.41213659814866,196.41213659814866,195.0026947721705,195.7893524169922,1629000
2020-01-10,195.58449020744766,197.42823545828875,194.70769341230383,195.24032592773438,1777600
2020-01-13,195.24033800219584,195.29770497087804,192.39687192808464,194.1422882080078,2004400
2020-01-14,193.22446779462334,197.2233371149865,192.70821522204497,196.66612243652344,2239100
2020-01-15,197.21519471514918,198.79672499941367,196.70714444428518,198.05921936035156,1920700
2020-01-16,198.45253908176076,199.82101878717643,196.5432494406815,197.0758819580078,2085700
2020-01-17,198.39513508160272,198.41971734526751,196.067922427575,197.8870849609375,2582800
2020-01-21,197.46099445340195,198.3132088679114,194.42085828940682,194.69947814941406,3094200
2020-01-22,195.64186015627578,196.4203278844303,193.1917230397937,194.0029754638672,1998200
2020-01-23,194.25699205553084,194.25699205553084,190.9874252401973,192.60171508789062,2088700
2020-01-24,193.22449787981338,193.29005476460958,183.96479733927947,184.8579864501953,5019900
2020-01-27,183.29278450877302,184.31708703085002,181.23598954577187,182.69459533691406,2843600
2020-01-28,183.20271028692608,185.76755603324966,182.61271086517263,184.24339294433594,2103900
2020-01-29,184.78424716565382,187.59492838240746,184.3745259967721,186.13632202148438,2001100
2020-01-30,185.19393742621097,185.9887973614775,182.98963590492713,185.3168487548828,2581600
2020-01-31,179.26117827409934,179.52340579026435,172.09105873997513,177.04049682617188,5968900
2020-02-03,177.31911087944138,179.9659058892251,176.63897230036633,177.72064208984375,2565400
2020-02-04,180.90826835291858,183.43215197386678,180.67062309924268,181.76048278808594,2765300
2020-02-05,183.34203757147017,192.27395426689142,183.34203757147017,190.06146240234375,3669500
2020-02-06,191.52006498370545,191.65936868126437,187.93090352810088,189.65992736816406,2007500
2020-02-07,189.62714041202707,190.25810196295672,186.56242179325244,187.92269897460938,2295100
2020-02-10,186.95571794354223,187.61947657544465,185.40697280982596,186.35752868652344,2144700
2020-02-11,186.58700157780103,188.03741789051384,185.84950853944358,187.6195068359375,1934500
2020-02-12,188.03740522013732,188.66017679937107,185.0956106825695,186.0133819580078,2501300
2020-02-13,185.6749997515702,186.93764482926224,183.88418949492495,184.06573486328125,1946500
2020-02-14,183.97501425572426,184.43716995233896,182.66285524374507,184.4289093017578,1611900
2020-02-18,184.98180556640742,185.14686744550366,182.31622243938807,182.95167541503906,1936400
2020-02-19,183.9832318957381,184.899269831785,183.24875193566098,183.99974060058594,1322900
2020-02-20,184.19786239128746,184.42893397427952,180.32739448748512,183.32308959960938,1638000
2020-02-21,183.40561457084056,184.69301694615996,182.37404054030173,183.8594970703125,2047500
2020-02-24,181.45798287177777,184.849798424782,178.05790666824143,179.80746459960938,3049600
2020-02-25,179.97253558697705,181.19391572961592,173.15589883510557,173.6180419921875,3915500
2020-02-26,178.40449550621648,178.83363373839603,174.9714274261415,177.0510711669922,3314000
2020-02-27,177.3647051002574,177.66179891486243,167.709175014278,167.94024658203125,4071100
2020-02-28,163.4425806526528,167.52761101355628,161.0740782789017,164.82901000976562,5316100
2020-03-02,164.96924720827985,175.26022658235127,163.98719970603972,175.11993408203125,4245700
2020-03-03,173.5849638264087,178.387976940572,167.24698116014002,168.69943237304688,3975100
2020-03-04,172.916581704128,177.67007078234698,171.34033340451242,177.5215301513672,3880200
2020-03-05,171.37329163083928,178.5777993712218,171.3072693979463,175.05393981933594,3185400
2020-03-06,168.32812524762616,174.63310522730956,168.2043414007727,173.84085083007812,3100500
2020-03-09,163.18671466997438,168.03922889260141,157.41814988658788,163.7066192626953,4065600
2020-03-10,167.82471107922683,170.91118501432294,160.653206630812,170.66360473632812,3928700
2020-03-11,165.87707752663357,168.2868325646822,161.59398082346658,163.93771362304688,3777000
2020-03-12,152.3676484105573,161.96540675528774,150.00740600180788,150.39527893066406,4902600
2020-03-13,156.60111665924978,167.66784098830905,155.57780373254806,166.78482055664062,6903900
2020-03-16,152.40060010720404,168.94704797386683,150.9894140644464,155.7098846435547,4932400
2020-03-17,158.62307341783864,174.0554176518726,158.16091769678462,171.48886108398438,5912800
2020-03-18,163.86347238934857,174.04716837072016,162.36150712328651,169.07911682128906,5597900
2020-03-19,165.87705757782456,172.27281477298942,161.14832707425396,164.02847290039062,4796500
2020-03-20,164.1357987245191,166.67759852423015,153.4982083385209,155.35504150390625,5726800
2020-03-23,155.88318684187152,158.41673825736976,146.11212237413758,153.44041442871094,4396600
2020-03-24,158.0123484734222,167.40380032336236,156.807464741379,166.98291015625,5288200
2020-03-25,163.21150252771423,166.17417979786742,156.80748358593098,159.3905487060547,5301000
2020-03-26,159.3740591907986,164.82077517048285,157.21188402797887,163.8057098388672,5162200
2020-03-27,160.4468775806092,169.89609204391027,160.1085183171506,163.62413024902344,4119600
2020-03-30,165.09306066956995,172.850490007096,165.09306066956995,172.04998779296875,3219000
2020-03-31,167.9319687315406,171.03493822835918,165.62948892870676,167.3047637939453,2929000
2020-04-01,163.03822253200977,166.19071904899906,160.9173127150072,163.24453735351562,2747900
2020-04-02,160.4386550256727,172.9165709502692,160.27360569291827,172.38015747070312,3867300
2020-04-03,171.1835092630663,173.09811664530986,167.55237383168463,169.51649475097656,2281400
2020-04-06,174.95491416588666,175.54085361721607,170.70483520308352,174.60830688476562,3702100
2020-04-07,176.15153501025205,177.5792295866126,171.1009538457593,172.29757690429688,2447500
2020-04-08,172.396597263247,181.4084364782507,171.1091952589473,180.88851928710938,2861500
2020-04-09,179.41133298207177,181.0205983878536,178.00839495487566,180.07980346679688,2503300
2020-04-13,179.06471171318057,180.88027917130486,177.5544860851744,180.12930297851562,2168000
2020-04-14,182.39051994250642,188.4231748978804,181.763327522704,187.1687774658203,3029000
2020-04-15,185.6750436719393,186.1041693240358,180.98756558153875,183.04246520996094,3107000
2020-04-16,185.68328383423443,191.54262804998504,184.2143237517421,190.55230712890625,2617300
2020-04-17,195.44613063030857,195.5781751196223,189.16590784650555,193.91114807128906,2864200
2020-04-20,193.275642339459,197.6990307869599,191.7819256642732,195.2562713623047,2824000
2020-04-21,193.93586329235933,194.57131624265088,188.98430933595867,190.4285125732422,2672900
2020-04-22,192.57422602782978,193.11063943371917,187.8207253056746,189.22366333007812,2845100
2020-04-23,189.05858325093956,194.47228033236132,188.88528591091378,191.86447143554688,3226400
2020-04-24,193.14361799680995,195.52861609174172,190.46978679661655,194.99220275878906,1946200
2020-04-27,195.2810730121794,200.53796966897812,193.9358965934562,200.06756591796875,2472600
2020-04-28,200.53799170143236,202.1472446719032,195.47090056296273,196.1393585205078,2548900
2020-04-29,197.1543691254331,197.49272833601273,194.13393077006134,194.5052947998047,3365100
2020-04-30,194.7776759399337,198.11997815030216,191.38586019336734,197.4185028076172,5704500
2020-05-01,192.2853587166445,195.6276603887937,188.1590634652144,190.6183319091797,3045400
2020-05-04,191.82320741906418,192.21932822028987,188.24158631694328,190.56056213378906,2035800
2020-05-05,190.86588023576522,196.39511242987078,189.1245834270556,195.05819702148438,1975500
2020-05-06,195.84221912743092,197.79807900626545,194.50530352341272,195.24803161621094,1980500
2020-05-07,195.50387720097822,196.3869104888964,191.54264356560378,192.55770874023438,2451200
2020-05-08,193.89462863886104,194.53832974809683,191.13001812931105,193.787353515625,1534300
2020-05-11,192.34314093655857,200.9423390889837,191.88098527141415,200.32339477539062,2163700
2020-05-12,200.27381317168815,201.7757903342994,195.6276143743007,195.75965881347656,2241000
2020-05-13,194.11743835812575,201.31369841534078,194.11743835812575,195.44610595703125,2292700
2020-05-14,194.71988189672487,197.21216790167105,192.9455798708005,196.39515686035156,3322700
2020-05-15,194.77502023294363,199.76009107673244,194.32636943518656,199.56900024414062,3111500
2020-05-18,202.4436992933504,203.05021260423536,192.58987691341446,193.7447509765625,5631400
2020-05-19,193.28779964817068,193.95247825026738,188.7430760288602,188.95909118652344,3835800
2020-05-20,190.4878519546481,191.19406265459062,187.4718803062588,189.3246612548828,3714600
2020-05-21,189.52408583916042,189.632099764476,186.10931179860518,186.7573699951172,2377500
2020-05-22,186.25055986439054,188.41076237313865,185.78528859855336,188.12826538085938,2334300
2020-05-26,189.0421613819802,189.72346036563525,184.2232578580105,184.77992248535156,2397800
2020-05-27,184.71347629274416,187.04814883827456,180.6838727577149,186.7822723388672,2932100
2020-05-28,187.98699170606042,188.28609642362147,184.65530770358802,186.21730041503906,2591000
2020-05-29,186.94010888677334,191.56792122317145,184.4974227688895,190.84507751464844,4251200
2020-06-01,190.1721234865729,191.5430127515956,187.53004230592865,188.5270538330078,1816700
2020-06-02,187.60485330537335,188.07012460037538,184.9295306814199,185.87669372558594,3198900
2020-06-03,185.68553817832034,186.3502039809172,181.3319061762607,183.61672973632812,3660500
2020-06-04,183.42565061206287,185.6523090832203,182.12953446584424,183.5170440673828,2392800
2020-06-05,182.53666468580113,187.72944652527934,181.29039704432634,187.49681091308594,3714600
2020-06-08,185.50278593434467,187.9787007413169,184.23989785364432,187.5632781982422,2270500
2020-06-09,187.77099033410983,189.69024046351922,186.58288794073826,186.8570556640625,2403600
2020-06-10,188.3359032907234,190.67058795333168,187.37213290601827,188.70147705078125,2851300
2020-06-11,189.48252256024804,190.9115770792099,181.68088794551187,181.87197875976562,3900700
2020-06-12,183.69985209103223,184.7384084400822,177.9670134376626,181.0411376953125,2426600
2020-06-15,179.30466312730758,183.61675084295473,177.6845178612899,182.60311889648438,2471800
2020-06-16,185.13718165440162,190.16379613539144,184.96269863679004,188.49378967285156,2581600
2020-06-17,189.8813439221594,190.10567566113613,186.54965945358947,187.74607849121094,2751100
2020-06-18,188.48551519839538,192.3240154079269,187.50511141241597,191.36024475097656,2469800
2020-06-19,193.90260419929692,198.63011413247662,192.1827490168481,198.32269287109375,5319500
2020-06-22,196.33699477620897,197.45032411779695,193.6367483219113,194.5756072998047,2337000
2020-06-23,195.14055646205378,198.7131924128055,193.9524542255404,195.8717041015625,2171500
2020-06-24,195.42308627795788,196.91029346476108,192.25755572109986,193.17979431152344,1972900
2020-06-25,192.3406299281894,195.6141614681405,191.41839141149092,195.33998107910156,2080300
2020-06-26,195.556001259075,196.79396498487677,192.60651138477792,193.45396423339844,3613300
2020-06-29,193.919224219052,194.53405410296304,191.07773574820573,192.39047241210938,1938000
2020-06-30,193.8445073157175,197.17620495183604,192.5899355258672,195.96316528320312,2589000
2020-07-01,195.6806245044871,212.88743060904824,193.23793809423398,211.96517944335938,6575800
2020-07-02,210.09581481910774,217.23277181183406,210.09581481910774,214.5574493408203,3338000
2020-07-06,216.04464613708052,220.14902287968775,210.9515617162716,212.904052734375,3460400
2020-07-07,210.70232060970133,215.1141060241341,209.44773640582466,210.32843017578125,2365900
2020-07-08,210.32841910458635,211.01802201664893,207.08812848423375,209.0323028564453,1993700
2020-07-09,207.91897479140886,210.89340160645082,206.74748022246615,209.09046936035156,1739600
2020-07-10,208.2512655092819,209.01565396041565,205.27685197513097,206.91360473632812,1326100
2020-07-13,207.5700212154378,212.22274590793575,207.1130539005229,207.74449157714844,2528100
2020-07-14,201.69591918272133,210.86013813442315,199.80159367632982,210.27854919433594,2368300
2020-07-15,211.50823765842523,211.50823765842523,208.351023825492,210.46136474609375,1650100
2020-07-16,209.4228390839853,212.106465530237,207.64483086308945,212.0316925048828,1530900
2020-07-17,213.27793381561503,215.9781802197395,211.66607971749494,214.74020385742188,2044800
2020-07-20,216.08617972847298,218.36271251544224,214.62390961255937,216.8090362548828,1497400
2020-07-21,214.87315708543915,216.0446517266102,213.75982768693297,214.28326416015625,1821600
2020-07-22,215.84523152387504,216.0197018758845,212.5301553811195,213.51055908203125,1598100
2020-07-23,215.63751279690024,216.01969438746494,209.0406016398683,209.5723419189453,2532000
2020-07-24,208.75811436659748,209.23170211148548,203.97245163358204,206.03294372558594,2187900
2020-07-27,205.46797714885847,211.9485708772143,205.2436454424311,210.74383544921875,2155700
2020-07-28,211.41683079012324,214.69034954169388,210.84354569403507,212.08981323242188,2266600
2020-07-29,208.0435980412388,210.07917858125452,204.17186969503928,206.75579833984375,3286700
2020-07-30,204.72019603696302,205.90000705361032,203.7231846060654,204.50418090820312,1967400
2020-07-31,204.0804536619758,204.47095181137144,198.89597649475962,203.2828369140625,2830100
2020-08-03,203.4324360615435,206.89705874781814,203.16655953346276,205.51785278320312,1853900
2020-08-04,204.3629282944547,204.5290947447937,200.5161122145532,202.38551330566406,1912100
2020-08-05,202.6513939469484,203.89766136671983,200.06746565618138,200.62413024902344,1736400
2020-08-06,200.1090086124659,201.2306416734094,198.66333385475943,200.6905975341797,1747000
2020-08-07,202.37723107325226,202.41045929580022,198.21470209565211,199.97608947753906,1352300
2020-08-10,199.61880237387717,199.9594518447438,196.2538904811557,197.88233947753906,1533200
2020-08-11,197.89067632626998,198.48888580188546,194.716854692906,194.95779418945312,2296200
2020-08-12,194.99103862111733,201.89535937629606,194.99103862111733,200.83187866210938,2325500
2020-08-13,200.4911684004871,201.70420745770522,199.078734693311,199.7849578857422,1362800
2020-08-14,200.07776641903058,200.7887077045803,199.58427451187052,200.4959716796875,1225000
2020-08-17,200.91417949504606,204.70311818376658,200.91417949504606,203.25611877441406,1697500
2020-08-18,203.6827016964287,204.3434604185809,200.75526475724448,201.99314880371094,1123800
2020-08-19,201.59164244763792,203.85830753254385,199.48388462150254,201.14834594726562,1900500
2020-08-20,200.84726720448222,201.31565506521468,198.48022384299807,199.67628479003906,1172800
2020-08-21,199.80172566121772,199.80172566121772,196.9830138609285,198.7645721435547,1959900
2020-08-24,198.83987067829773,199.43372776702572,195.35204031804264,197.03323364257812,1565300
2020-08-25,203.16409039031197,209.06915880624115,201.4076361271691,207.61380004882812,6392100
2020-08-26,207.70577661495517,210.25683064738064,205.5561959632136,209.2531280517578,3125000
2020-08-27,210.97622498261546,214.88226115016744,209.44559197587913,211.45297241210938,3928300
2020-08-28,211.94636732757127,212.56531555115583,207.25410498065426,211.71217346191406,12838400
2020-08-31,211.55325854453937,214.16285468891655,209.1862285428127,211.8794708251953,4053900
2020-09-01,209.14442428693525,210.8088728245297,207.99853335370685,209.82191467285156,2869000
2020-09-02,210.12302971689664,216.4630095594196,210.12302971689664,215.89425659179688,2871600
2020-09-03,216.87287793883146,217.51690481172722,206.04972441374264,207.35452270507812,3137700
2020-09-04,210.21507874565668,211.00130675584924,204.56930716568027,207.76438903808594,2910200
2020-09-08,205.94933914325992,206.58501924596393,200.34539174572515,201.7254638671875,3358600
2020-09-09,202.94661923752582,207.003214788407,202.26076934509604,205.39730834960938,2244300
2020-09-10,204.55253103808474,205.87406103813967,199.8184449801557,201.2738037109375,2126400
2020-09-11,202.16039770694198,205.33040037317366,201.63346781636736,203.4233856201172,1899400
2020-09-14,204.78673033046383,207.29596166595016,204.29325123084473,206.38427734375,2086500
2020-09-15,208.01528545120058,210.70852823888413,207.51344681684034,207.72254943847656,2243900
2020-09-16,210.23180387464808,210.23180387464808,206.59341275548817,207.2290802001953,2325300
2020-09-17,203.69106399362272,208.86844743604544,203.2644991997615,207.49673461914062,2801100
2020-09-18,208.00690627445283,208.96877313799345,202.70406735415204,207.19558715820312,6042400
2020-09-21,206.62681910320032,206.62681910320032,199.23295424802015,203.40664672851562,2745300
2020-09-22,202.03494191501912,207.6723400450368,201.4912674779637,207.01158142089844,2172600
2020-09-23,206.8443302128661,208.4585964377402,201.97641471769305,202.9048309326172,2104300
2020-09-24,202.5367998111654,202.98009636028073,198.88168996795005,201.0061798095703,1827200
2020-09-25,200.32862415842087,204.23465868501117,198.906729216558,203.93356323242188,2635700
2020-09-28,207.16210031942893,208.2996188562812,204.72815600675224,206.61843872070312,2213900
2020-09-29,207.05341723656542,208.30803295874708,205.32204141390145,207.68072509765625,2008000
2020-09-30,208.9436865666625,214.2214343149686,207.5134318846508,212.5820770263672,3526600
2020-10-01,213.34319516696888,216.22044882736856,212.49005303217382,213.61083984375,2428300
2020-10-02,211.11000525981467,213.0003011593621,204.09252166983904,205.2635040283203,2514100
2020-10-05,206.19193019449975,214.66476029845808,205.95773626396777,214.1294708251953,2852300
2020-10-06,215.2920403129956,215.2920403129956,210.89252603069426,211.35255432128906,2431400
2020-10-07,212.41478000020737,216.12843126681003,211.69546658227347,215.5178680419922,1842800
2020-10-08,208.49203630051667,209.15279494000998,199.9020974114397,200.81378173828125,5592300
2020-10-09,199.48388911662826,200.38721391961303,195.73677393442546,197.9783477783203,4183000
2020-10-12,198.83983435622287,202.34439586034304,197.1921049007649,200.32864379882812,2881600
2020-10-13,200.06935020679188,202.30256427673103,199.7933332638634,200.1864471435547,2065600
2020-10-14,201.07309351752266,202.6371899432879,198.3965822780642,198.77296447753906,2693600
2020-10-15,197.3928856162162,198.22093663770588,194.77491656616874,196.56483459472656,2531000
2020-10-16,196.84920835894937,200.03593019369976,195.55276958359502,197.15867614746094,2059300
2020-10-19,197.568534844519,198.5973162121487,192.38277940256134,192.96827697753906,2749800
2020-10-20,193.2609852894243,194.79997736484617,191.8390901596843,193.29444885253906,1950100
2020-10-21,191.92276995739152,193.3028422565306,190.31685047415158,191.51292419433594,1978700
2020-10-22,190.7852534338434,192.3158735242777,189.16261490888868,190.68487548828125,2172900
2020-10-23,191.30379112520464,192.4329502904125,189.2796794525724,189.99899291992188,2104200
2020-10-26,189.04550500581104,190.89396506592206,185.50747939757082,188.10035705566406,3087100
2020-10-27,188.24256139213128,188.98696629110157,186.63665462455313,186.90431213378906,1934400
2020-10-28,183.19062125759126,184.8968929686588,180.60610325445612,180.9824981689453,2874000
2020-10-29,178.68238846484232,184.28633655292003,175.88040803949744,182.18695068359375,2994100
2020-10-30,180.8486654233108,181.7268989332948,178.95838243321822,181.4508819580078,3262500
2020-11-02,185.3151053616024,185.9925958137033,181.6683551296691,184.1859588623047,2029000
2020-11-03,185.48236570852555,186.58643356257272,182.72222159862736,184.0604705810547,2533600
2020-11-04,189.27130077474618,197.3761194631995,188.27598313524967,192.65040588378906,3810000
2020-11-05,195.52769730002933,195.57787989087097,192.3744259618194,194.02215576171875,2070300
2020-11-06,194.59927599064687,195.05930433234738,192.40787173453126,193.77122497558594,2028500
2020-11-09,203.19752704565352,204.75325076562015,195.72001667428523,196.55642700195312,2996200
2020-11-10,204.08416232471183,205.62315458413374,200.2952237746923,202.0767822265625,3742800
2020-11-11,202.84626066722893,205.48094841162052,199.48388717156104,201.3156280517578,2244800
2020-11-12,201.19855270052562,201.48292921367977,197.09177399323903,198.3463897705078,2438200
2020-11-13,199.48319822667625,200.91475223522323,197.89164466230062,199.8789825439453,1767100
2020-11-16,199.92952094426124,201.95054985663708,198.11059877791502,199.28953552246094,2069200
2020-11-17,197.90007101698447,199.51688639874777,195.46642522395913,195.73590087890625,1935100
2020-11-18,197.09165784234702,197.36112063170654,191.69384441757524,191.79489135742188,2466200
2020-11-19,191.12965507851905,191.12965507851905,188.2833795181313,189.19284057617188,2595700
2020-11-20,187.9717946737599,189.54650274779738,186.5065498323316,187.9296875,2956200
2020-11-23,186.9949466449994,187.9296692748771,185.54654738339963,187.1296844482422,2032600
2020-11-24,187.3233838284716,187.8286442248313,185.10869035773862,185.6476287841797,3198300
2020-11-25,186.18656119823228,188.4349454757468,184.35079381009174,185.52130126953125,2550300
2020-11-27,186.44762187378933,190.48966667386503,186.4307764333577,189.31072998046875,1698300
2020-11-30,188.9065631945668,189.70654829273886,184.7971487459409,186.97816467285156,4857700
2020-12-01,189.36970058268514,190.1275784331072,187.55077832250328,189.53811645507812,3050600
2020-12-02,189.5381156994278,193.74857673900286,189.14233133376314,190.78440856933594,2641200
2020-12-03,190.31284034038848,192.37596369457103,189.9086396755247,191.0791473388672,2167800
2020-12-04,190.10228594241576,193.95906918805892,190.10228594241576,193.01593017578125,2008800
2020-12-07,192.83906380774883,193.01590877759813,189.56332651293434,190.6917266845703,2250300
2020-12-08,192.84749872273252,192.92329677387477,190.60754360061452,192.78855895996094,2124500
2020-12-09,193.4959179919348,195.0201026077579,191.89594817240132,193.55487060546875,2210000
2020-12-10,193.3611763484123,193.681175445709,191.5927907169694,192.13172912597656,1558100
2020-12-11,190.70860548281317,191.82858955630132,189.89177508973765,191.4917449951172,2019300
2020-12-14,193.24327301857664,195.5253480448974,191.64330332140145,193.2264404296875,2904700
2020-12-15,192.84750361656435,194.7590562458971,191.15490315272413,194.1274871826172,2566600
2020-12-16,193.67275316820277,194.75904624758297,192.0896160190766,192.3675079345703,2589100
2020-12-17,192.9401435310579,194.84327995674724,192.69594246854962,194.7253875732422,2510400
2020-12-18,195.3990542649486,195.3990542649486,191.36543857314132,192.40963745117188,5888900
2020-12-21,190.0433403450645,191.94647672848717,186.59077041949115,191.41595458984375,2311400
2020-12-22,190.0770250400813,190.71701039417022,185.32762622998632,186.09393310546875,3571600
2020-12-23,186.5065476174906,188.27494609996205,185.81603880338912,187.7360076904297,1763500
2020-12-24,187.98865946211527,189.11705987891204,187.1886616262528,187.72760009765625,955400
2020-12-28,187.81179983260623,191.07069214431553,187.81179983260623,188.33389282226562,1495100
2020-12-29,190.2117624822867,193.2348699551655,189.69808580129654,191.04542541503906,1564400
2020-12-30,191.98017305943708,192.86437242502666,190.80124913818904,191.29808044433594,1891400
2020-12-31,191.41593931324908,193.89169196359154,190.22017015988533,193.61380004882812,1821000
2021-01-04,194.7337908187411,194.7337908187411,188.3507313983118,190.86859130859375,3088200
2021-01-05,191.1043825196272,192.75487583388173,188.92336707256658,191.79489135742188,2494000
2021-01-06,189.47073884332295,196.65378404797193,189.47073884332295,196.41799926757812,3754800
2021-01-07,195.24748414331057,198.20322292970113,194.9190687226005,197.06640625,2647800
2021-01-08,198.33796792740392,201.1421363976157,197.97587446168777,200.83056640625,2511100
2021-01-11,202.10210960122515,202.39684698411605,197.41165030656316,200.0558319091797,2600500
2021-01-12,199.67685278014028,201.074728596938,198.1863591778156,199.2305450439453,1771500
2021-01-13,198.72531347758672,200.83895996085883,198.0768989817944,200.198974609375,1412300
2021-01-14,199.15477138651914,205.04099948792128,198.4642497324386,203.49996948242188,2594000
2021-01-15,203.095746562261,207.86199046395373,202.11892958767638,206.7251739501953,2855200
2021-01-19,207.57567098076083,209.6809009095718,207.47462405595513,209.06617736816406,2172900
2021-01-20,208.3504386901092,213.34405183272958,207.255716322731,212.5103759765625,2768200
2021-01-21,212.20722117367532,212.82194484355517,210.11883624564496,212.23248291015625,2215900
2021-01-22,212.42613813536025,214.92715257803744,210.99458420520585,213.4703369140625,1866600
2021-01-25,212.24932425705714,216.51029553610002,212.0809084006639,216.50189208984375,1830700
2021-01-26,216.0723862223877,218.16078366313596,214.61557063978933,217.76499938964844,2008900
2021-01-27,215.12927881424463,218.47238561903814,210.79250945755095,211.4156494140625,3237900
2021-01-28,212.6114030660757,232.99845781408467,205.00731267222494,208.62831115722656,5205600
2021-01-29,206.25361202484518,207.55044105533355,202.3126271618462,203.30628967285156,3792800
2021-02-01,205.72312363743723,206.716786249384,201.74844749103602,202.46421813964844,2173500
2021-02-02,202.10211022277934,203.74418729847818,199.40741798967017,202.51473999023438,2444200
2021-02-03,194.99485157964236,201.99263512451026,194.85169745944975,199.64320373535156,4479200
2021-02-04,198.96949409666612,200.30000098095982,196.83900239282923,199.7610626220703,2819700
2021-02-05,200.67895934309516,201.15895799113358,198.21163574323612,199.00320434570312,2421800
2021-02-08,200.4095090590651,201.79053962736788,198.60743242909308,200.0558319091797,2258200
2021-02-09,199.81158896693222,200.1400043333461,197.7147752587179,199.28106689453125,1996500
2021-02-10,200.75473101972318,202.35471355607993,199.3231771656283,200.80526733398438,2964400
2021-02-11,202.45108098591618,202.86677886570928,198.50624234474574,199.39700317382812,1633900
2021-02-12,199.39699189493433,201.35669926466753,198.08205438548848,201.23793029785156,1460300
2021-02-16,200.21991887814278,201.64515958914396,197.2676521162198,197.5306396484375,2018100
2021-02-17,197.09795595601915,200.07567186555238,196.17325381464866,199.88055419921875,1575400
2021-02-18,199.72784369361395,199.72784369361395,197.07250623518527,197.2676239013672,1945300
2021-02-19,196.82650486011664,197.79362740104045,195.84242456827786,196.55503845214844,2471500
2021-02-22,195.40127043635556,198.34505822583526,195.2231104990326,196.36839294433594,2334800
2021-02-23,197.36944350888686,201.90814007076963,195.94421579250235,197.20826721191406,2919200
2021-02-24,195.01102751603597,195.79151123313628,193.17859367559723,195.1128387451172,2690500
2021-02-25,195.11282923350151,195.54548486524925,192.49140703865567,193.01739501953125,2769200
2021-02-26,195.38428544845516,195.38428544845516,189.70879866751318,190.81166076660156,3453500
2021-03-01,191.6261034388703,193.36521785525105,191.07466586612338,192.6101837158203,2178100
2021-03-02,192.57624580652055,193.33127990884913,191.11707674103315,191.46490478515625,2407500
2021-03-03,189.6239634962724,191.46488889762256,187.74909670839406,189.9802703857422,2610600
2021-03-04,193.27187401964733,193.31428133294105,186.8498326937858,188.2581024169922,3577000
2021-03-05,188.71625078559606,193.5518635899059,187.86789720782772,193.195556640625,3021300
2021-03-08,193.49247154954236,196.98768389431933,192.32173955470654,193.26341247558594,3101000
2021-03-09,195.12126702253846,197.76812528501569,194.08627491839658,194.26443481445312,3057300
2021-03-10,196.35990204532155,198.08205857298302,194.28991748432927,195.08737182617188,2309800
2021-03-11,195.68123594458612,198.48080529140196,194.08632710382537,196.1138916015625,2244000
2021-03-12,195.3248985080295,195.76603297162194,194.00994810172088,195.42669677734375,1752600
2021-03-15,195.12131273694337,200.3471736109223,194.95164461918512,200.17750549316406,2911000
2021-03-16,202.00993938387657,205.31852593355134,200.73740908281263,203.87632751464844,3386300
2021-03-17,203.86783968318463,208.61013292450016,202.94313741975023,207.22732543945312,3255500
2021-03-18,204.02902419350258,209.66209112121743,204.02902419350258,207.3545684814453,3063100
2021-03-19,208.47442061222475,209.8826777655959,204.9876867601627,208.6440887451172,12589900
2021-03-22,205.6069459757971,211.8932482484449,205.6069459757971,211.82537841796875,2059800
2021-03-23,212.07988361480304,212.0883624891579,207.76175471644055,207.88052368164062,2604700
2021-03-24,207.84657317822294,209.8741371906167,206.84552242705342,208.24530029296875,2237500
2021-03-25,209.57722169957242,210.00139840657394,207.82961573790155,208.9070281982422,2707600
2021-03-26,208.6695235192499,214.87098589233807,208.30472476179585,214.51467895507812,2638900
2021-03-29,213.38635957095505,217.68751812525693,213.3184897360621,216.2962188720703,2488100
2021-03-30,214.78614343099065,215.4902784238421,211.0958132922446,211.8762969970703,1979000
2021-03-31,211.43513381186818,212.04594935194666,209.84871694950016,211.07882690429688,3571900
2021-04-01,211.85932273024432,212.08838180715333,209.042795751166,211.38424682617188,2176900
2021-04-05,211.29091573207478,214.3195438702684,211.29091573207478,213.8020477294922,2230500
2021-04-06,213.56452773632193,214.24320022171216,210.5952903057721,211.3248748779297,2040100
2021-04-07,210.53590476471146,212.27503217921236,209.62817317246257,210.4934844970703,1583500
2021-04-08,211.32488963068747,211.64725520029805,208.67801756246337,209.44154357910156,1633600
2021-04-09,210.14565126265146,211.32486211031724,208.53377184511484,211.19760131835938,1368600
2021-04-12,210.83279529029386,212.08835472571326,210.21348797420575,211.18910217285156,1722000
2021-04-13,211.36725885857555,212.38529336393623,209.61965280647095,212.0459442138672,1766000
2021-04-14,212.07142954265404,213.3609306406662,211.2400466382739,211.76602172851562,1753800
2021-04-15,213.02156616405136,218.02684656882093,212.5125488929558,216.4404296875,2366300
2021-04-16,217.55171308137767,219.57079799195517,216.0501241796102,216.9324188232422,2768700
2021-04-19,214.50618688611007,217.27180168123132,214.32802695601424,217.15304565429688,2345100
2021-04-20,216.19442548418024,220.87732797452352,216.19442548418024,219.8423614501953,1579300
2021-04-21,220.91974667089534,221.42027214868256,218.66312316598825,219.53692626953125,2173600
2021-04-22,218.4849942436974,219.28244870197776,215.1933781205313,216.37258911132812,3370700
2021-04-23,216.31317980065646,218.99399301135315,215.2018387457554,218.05230712890625,2426900
2021-04-26,217.7299319721178,217.81477250448907,215.83810719283875,216.77130126953125,1782700
2021-04-27,216.49132882564015,217.6281193935937,215.27817660562943,216.4404296875,2184900
2021-04-28,204.89434482050825,206.97280834585675,198.31111325127225,200.8137664794922,7550800
2021-04-29,199.42248850462758,200.21145114518927,195.99513268506075,199.11708068847656,4053400
2021-04-30,198.7438140174844,204.16479334521395,198.6844230482154,203.29946899414062,3420900
2021-05-03,204.17322534402373,209.56027498449828,204.07142707133457,208.16897583007812,3587700
2021-05-04,209.77239090947572,210.0353784450389,206.03962743401488,209.84873962402344,3555900
2021-05-05,208.9409991966254,212.07142600308396,208.61863363613926,211.53697204589844,2765100
2021-05-06,211.47757583473557,213.3439510904174,209.50940229351508,213.19125366210938,2790800
2021-05-07,213.59840672503196,216.94939988892042,213.59840672503196,215.659912109375,2512700
2021-05-10,217.17848929891474,219.56236048918439,213.83597454087317,214.31105041503906,4079900
2021-05-11,214.76918110558563,217.14457356023968,213.46270943034455,214.0395965576172,2307100
2021-05-12,213.28455757208673,215.244252095378,211.8168966897069,212.79251098632812,2431900
2021-05-13,212.23258778986153,215.55813186635368,211.9102093262473,213.84446716308594,3275300
2021-05-14,216.04862230277058,217.50096126229084,214.56210330041918,214.75860595703125,2286800
2021-05-17,215.53603171735622,217.56077564363477,214.12641125570454,215.61293029785156,1922200
2021-05-18,215.35663129281187,216.22803990287954,213.85303527038693,214.31436157226562,1729400
2021-05-19,212.20419956281606,212.80221998418227,210.80311756024346,212.40924072265625,2652500
2021-05-20,211.87954263774162,217.3300992545622,211.7941186027516,215.2284698486328,2227400
2021-05-21,216.7491755077313,217.04817919312907,214.21184824901437,214.4425048828125,2177900
2021-05-24,214.05805801375047,216.5526666645267,211.50365384194836,211.6574249267578,2552000
2021-05-25,210.7262297473513,211.65743389602534,206.5571507931791,206.74510192871094,3210600
2021-05-26,206.6083549470339,207.15511819159505,203.609702110812,203.7976531982422,3812100
2021-05-27,204.10524556250252,204.57512336677362,200.4060447192284,201.02969360351562,3701100
2021-05-28,201.79862835016172,205.7797436339728,201.730281289015,203.27659606933594,3239300
2021-06-01,206.91596480285452,206.98431185598108,199.0049791645659,199.55174255371094,3799600
2021-06-02,200.67944961422617,202.20868732786352,199.81659245368257,200.90158081054688,2266800
2021-06-03,199.62861851341134,202.11468867855018,199.3637818426811,201.39706420898438,2010600
2021-06-04,202.25137661166417,204.42133997562794,201.40559656097764,202.34535217285156,1875700
2021-06-07,202.40514882344772,205.5234193450997,200.9357198780504,202.6358184814453,2153800
2021-06-08,204.12228617377664,204.2846087532239,200.9784007633647,202.31968688964844,1638000
2021-06-09,203.25947361668864,206.1556130618964,202.24283242761527,204.6263885498047,3047700
2021-06-10,204.66910003770627,209.58997016290857,204.37008333267568,209.00048828125,2655900
2021-06-11,209.2055362941599,209.73520963785754,206.72800461133718,207.40292358398438,2002300
2021-06-14,207.22348217921677,207.36017626050577,204.42985718374908,206.05307006835938,2083200
2021-06-15,206.52294072051131,206.72796879952628,204.22482207187795,204.9082794189453,2508800
2021-06-16,205.77969269145274,208.8894115065111,203.32780277069494,204.67762756347656,3185600
2021-06-17,204.64344512221547,207.11242503402627,203.61826554257388,205.6857147216797,2142800
2021-06-18,204.67763166869122,205.89076239735095,202.02070056196297,203.9087371826172,5560400
2021-06-21,204.72887404953104,205.81386213750153,203.02877563104698,205.24147033691406,2149000
2021-06-22,204.78873360017113,205.6772192789273,203.57558962029515,204.9595947265625,1780400
2021-06-23,204.73746633323103,204.82290341553067,202.4137184820602,203.93441772460938,1654300
2021-06-24,205.38674191973087,207.62505252564497,204.42989620393683,205.8480682373047,1943000
2021-06-25,206.43753373161778,208.1547093228005,205.13042739405682,207.32601928710938,4309900
2021-06-28,208.4793639837644,209.7437518439434,207.30895168969874,207.4627227783203,1680700
2021-06-29,207.78733886632003,208.40244920625727,206.79632631465833,207.1380615234375,1337200
2021-06-30,207.36019577443983,208.68439211032901,206.79634241295932,208.24014282226562,2325100
2021-07-01,208.2315921335621,211.10210276331125,208.0692695357463,210.9312286376953,2091600
2021-07-02,211.29861239480488,213.49420432975293,210.37594677965,212.46902465820312,1943600
2021-07-06,211.2388148247609,211.97352935082716,207.744654838319,208.15472412109375,2792300
2021-07-07,208.51356010332617,208.6929597205493,206.1812607924801,207.78738403320312,2381700
2021-07-08,208.65876512305135,210.76038143358744,207.12952763474985,208.69293212890625,1994300
2021-07-09,207.6762996356411,210.10256126432648,206.49734886444438,209.47891235351562,1609900
2021-07-12,208.8723329917249,211.78554914483328,208.06071999489512,208.76980590820312,2149400
2021-07-13,209.6412122858516,210.8030859456289,207.58230161062193,209.1627960205078,1618200
2021-07-14,208.64167330764715,209.58996740132775,206.30938736108484,209.05174255371094,2185200
2021-07-15,208.73564161614033,211.50363826160782,206.86468200691505,210.70057678222656,2106700
2021-07-16,211.93930602667476,213.17806507489715,210.62364841672294,211.8367919921875,3141400
2021-07-19,211.700153166581,213.5369329550699,209.17991588614248,210.78602600097656,2529900
2021-07-20,211.2473747483798,213.91284474613735,209.91463974950102,210.9227294921875,3035200
2021-07-21,210.93979524140022,210.9825137758573,207.33456993577937,209.17990112304688,1901900
2021-07-22,208.43663181385386,210.35031001868936,207.71046888308118,209.08592224121094,1379800
2021-07-23,210.3930157135527,212.34939929691527,209.19696202006804,211.63177490234375,1747300
2021-07-26,211.6318198116904,212.20421175043444,209.1457493787979,209.3764190673828,1518500
2021-07-27,208.55626686423653,209.82920635906294,207.92407939953026,209.03468322753906,2166400
2021-07-28,208.9236260801077,211.61472458254542,208.0436789235205,208.66732788085938,1649100
2021-07-29,208.84669845973758,209.44471878026954,206.92448190640002,207.1380615234375,1498900
2021-07-30,207.2747621546978,207.684844443978,205.57467658540654,206.3520965576172,2284100
2021-08-02,206.84755797998048,207.15511311224654,203.64386411715228,204.85699462890625,1849400
2021-08-03,205.6857355399595,208.78691614043393,204.53241328457992,208.52207946777344,2320400
2021-08-04,203.64392758161424,204.54096474993537,194.01576601112177,195.0494842529297,6952800
2021-08-05,195.42537403074022,199.94471355669697,194.83589212825305,199.90200805664062,3294100
2021-08-06,198.07379692905363,199.26983790146727,195.4424937538747,196.62144470214844,2363800
2021-08-09,196.93750514702947,197.68929656598857,194.11825147730184,194.69064331054688,2250300
2021-08-10,194.95551641754903,194.95551641754903,191.31612360368985,194.75048828125,2860200
2021-08-11,195.75853261621594,196.4932470178041,194.34891236282562,194.8956756591797,2104900
2021-08-12,194.95549929831932,196.04902604878487,192.91367839313645,194.91278076171875,1798600
2021-08-13,195.7329395743693,198.10794429540005,195.4339228429845,196.2198944091797,1797300
2021-08-16,196.51256388884366,199.12113675762933,196.2198557766926,198.93174743652344,2434500
2021-08-17,197.71785134272903,199.1125302099613,197.59732370156735,199.0436553955078,2666500
2021-08-18,198.45824546263714,199.15558491833806,195.0834582667019,195.29006958007812,2988100
2021-08-19,194.30005540050482,196.03049113008183,192.2424675198169,193.1808624267578,2669000
2021-08-20,193.18084813572054,194.77354722705934,191.13186483397146,192.44046020507812,2811600
2021-08-23,193.00004601417868,195.80663917738858,192.64708061453865,194.25698852539062,1932600
2021-08-24,194.1536691061295,194.29140560369336,192.46626892982314,193.17222595214844,1790400
2021-08-25,193.11193945118765,193.55961915637602,190.4172699313696,190.77024841308594,2173200
2021-08-26,191.17491397447142,191.17491397447142,189.53917960670637,190.66697692871094,2844500
2021-08-27,191.31265867062518,194.01593303007928,189.5908275337365,191.79476928710938,2660900
2021-08-30,191.36430175729942,193.97287474591695,191.20934326840492,192.95700073242188,1881800
2021-08-31,193.6543554337789,194.26559814785534,192.2768852314873,194.16229248046875,2904700
2021-09-01,194.17948810313857,194.6702030931206,191.01992988481425,192.2854766845703,2699000
2021-09-02,192.53514045255054,194.59272795667914,192.3543424188323,194.532470703125,1817800
2021-09-03,194.36029325032888,195.59140933943283,193.01726707060024,194.8854522705078,1664100
2021-09-07,191.98417674440282,193.65435509236474,188.9881941667094,190.5550537109375,3281800
2021-09-08,190.54641751079566,191.3728889836769,189.48749518893598,190.150390625,2140400
2021-09-09,189.83187908397153,189.9610111620702,185.44982208010617,185.59617614746094,3273600
2021-09-10,186.3882085789017,186.81006190945445,183.84851044266108,184.02069091796875,2217800
2021-09-13,186.87032959797966,188.58355629378747,185.15711603870082,186.57762145996094,2553400
2021-09-14,187.3352114082455,187.6106975274771,185.2001315856947,185.99217224121094,1999300
2021-09-15,186.62067345392057,189.33255226902992,185.83723712545637,187.79151916503906,2555600
2021-09-16,187.6968237847857,188.23919168281947,184.23593937621908,187.1286163330078,2695600
2021-09-17,187.01668417903676,189.2981183042067,185.8458384872271,188.86766052246094,5659900
2021-09-20,188.0067720735364,189.27231918531,184.4770124995433,185.1915740966797,3293000
2021-09-21,185.7081250556806,187.76571298262633,184.5458836459431,185.40679931640625,2112100
2021-09-22,186.43989760040014,186.43989760040014,183.77106687372532,183.926025390625,2542800
2021-09-23,182.95318987089084,185.57898537161535,182.77240493114562,185.13992309570312,2181500
2021-09-24,184.88165091510945,185.5531641259508,183.5472289214776,183.90020751953125,1908600
2021-09-27,183.590254222695,185.05380813549962,183.11674800888267,183.4697265625,1943000
2021-09-28,182.77237792982007,184.890222873148,182.21277492804097,182.74655151367188,2919000
2021-09-29,182.94453508122803,186.64647418311836,182.38494528735524,185.01072692871094,1900800
2021-09-30,185.77698993612802,186.534599942822,182.96180510372176,183.07371520996094,2491900
2021-10-01,183.88296474949382,184.76110236311385,181.48101594158388,184.1670684814453,2629400
2021-10-04,184.32203634345603,185.6478405955027,181.45518580151503,182.03199768066406,2856300
2021-10-05,181.8340257262629,184.22737051810537,181.72210247237138,182.39361572265625,2481900
2021-10-06,181.92870718145087,182.58299836686396,179.90555008575205,180.7750701904297,2928200
2021-10-07,179.52671569641635,182.90150302162772,179.52671569641635,180.03465270996094,3331700
2021-10-08,180.90419286731805,180.94722813658038,178.7691127961308,179.8883056640625,2349800
2021-10-11,179.98300946789053,180.6975709773214,177.85654692946582,177.9512481689453,1982200
2021-10-12,178.57970811650463,178.69163134287558,172.58774318169444,173.81024169921875,3544000
2021-10-13,174.61086772154022,176.39295576842406,173.99100758266067,175.29098510742188,3303300
2021-10-14,176.0486504927967,178.64000193631216,176.0486504927967,178.0201416015625,3015100
2021-10-15,179.49231180465102,179.94859605638104,177.54663399350807,178.93270874023438,3684600
2021-10-18,177.65853060374647,178.20951602154034,174.29234770390607,174.87777709960938,2812500
2021-10-19,176.0486504927967,178.12344727851058,174.83475624253438,178.0201416015625,2480500
2021-10-20,178.55386484903602,182.1611028030226,177.56381730413315,180.49954223632812,2308600
2021-10-21,180.9214428313726,181.01614409102118,178.78637541156093,179.92279052734375,1921100
2021-10-22,180.53398375748517,181.22271880781344,179.50088775025702,180.13796997070312,1349300
2021-10-25,180.36181529097746,180.63731458406815,178.18369990903022,178.7519073486328,1916500
2021-10-26,179.24261747972508,180.77504613000602,178.75190244011014,179.65585327148438,1664400
2021-10-27,180.68033720820463,181.1366213859873,177.18502227506426,177.84793090820312,2003300
2021-10-28,178.287021166798,180.35322663607906,177.01286966615282,178.35589599609375,2166500
2021-10-29,177.649906673707,178.8121346382447,175.7989305918825,178.1836700439453,2592300
2021-11-01,179.07044754533797,182.59158925055368,178.87244063253058,180.61148071289062,3105300
2021-11-02,181.23131424172135,184.8557742181138,179.19094874344376,184.45974731445312,3329300
2021-11-03,181.57570764320056,188.75574040836165,180.62009082650437,187.79151916503906,3775600
2021-11-04,187.93786969231633,188.06700177192258,182.27304372157752,185.0365753173828,2781300
2021-11-05,185.62199952671963,187.1802545474217,183.14255857555298,184.0379180908203,2300100
2021-11-08,184.2876368796874,184.614789092408,181.5929661805648,181.97177124023438,2532900
2021-11-09,181.6704161988676,183.97766373446362,181.19690998476253,182.2644500732422,2296300
2021-11-10,183.6160891738128,185.52732297182317,182.97040243493177,183.5558319091797,2360400
2021-11-11,184.30484152354205,184.30484152354205,181.27441446800566,182.1353302001953,2615700
2021-11-12,182.77234303133588,183.27167554240742,181.1193870308197,181.98890686035156,4614100
2021-11-15,182.90917839647312,183.08280446824156,179.77517945015956,180.052978515625,3129200
2021-11-16,180.599927950742,181.47674829509404,178.20385617261428,178.3080291748047,2942500
2021-11-17,178.15176728381314,180.00959419662902,176.75405545359973,178.68133544921875,3329300
2021-11-18,178.51637938066412,179.03725761204467,176.86689853090766,177.11866760253906,4261500
2021-11-19,178.2038340272006,179.011201187487,176.81479901877847,178.9070281982422,3217100
2021-11-22,178.36008497370548,179.09801227038687,174.27981304614826,175.9987335205078,2835100
2021-11-23,175.56466852869758,178.3861351002887,174.7312581288465,177.5614013671875,2149300
2021-11-24,177.36174533368109,178.21252237753578,176.18974614056316,177.07525634765625,1699800
2021-11-26,177.743698030235,178.83755402874078,174.08013154329885,174.57496643066406,3197900
2021-11-29,175.78170740805103,177.82185010862267,175.00906015594893,176.64117431640625,2519900
2021-11-30,175.9987474839423,176.9884306533744,172.5261731004164,172.65640258789062,5400100
2021-12-01,174.01070995327595,178.5250541445409,172.44804878215567,174.3232421875,3057700
2021-12-02,174.26243918306892,176.31994826391127,173.02967701586508,174.64442443847656,2858200
2021-12-03,174.82673355632807,176.92763913200923,174.357928671473,175.74696350097656,3591900
2021-12-06,179.16748848707232,183.8641355072983,178.81154641578323,181.25970458984375,3998600
2021-12-07,181.572217312209,184.4284169962178,180.0182461937687,183.4561004638672,3309500
2021-12-08,184.8190834711442,185.70459361870095,182.68344446746494,185.37469482421875,2624400
2021-12-09,185.37467006049386,185.76533196413976,181.87605301217687,184.541259765625,2699800
2021-12-10,185.17502334087231,186.1733831326051,182.31882362037936,183.08279418945312,2812200
2021-12-13,182.68340696241688,185.07949119367365,181.44196827479823,183.51683044433594,2721300
2021-12-14,183.4561161240914,186.48592887971526,182.50982951077384,185.55702209472656,2602600
2021-12-15,185.78274560491198,190.55753579569242,185.01877493540434,190.3404998779297,3924500
2021-12-16,190.99158751115633,200.57588680129732,190.99158751115633,193.2313995361328,6027200
2021-12-17,193.32693673918087,194.60310913078234,190.40129649629083,193.1619873046875,6424000
2021-12-20,192.94490987021464,193.15326909742228,189.8543208574765,190.98291015625,2922200
2021-12-21,191.46908954220106,193.81307480764372,190.95688795486925,191.79029846191406,2987500
2021-12-22,190.9915960598394,192.64106363617353,189.04694958564752,192.31985473632812,2677700
2021-12-23,193.0491131281023,194.88089689152534,192.29383233713804,194.28187561035156,1668800
2021-12-27,194.29919794710906,195.73164269476197,193.30951487001195,195.47987365722656,1763200
2021-12-28,195.47988675567996,197.05122450342242,195.3757137658954,196.0007781982422,1304500
2021-12-29,195.83583898000623,198.1190609348178,195.3236374245134,197.58949279785156,1389400
2021-12-30,197.58949653632808,199.2823739744566,196.32200100119408,196.60848999023438,1507400
2021-12-31,196.4261431808299,197.71100509618236,195.15866109137332,195.30624389648438,1668400
2022-01-03,194.14295177604993,197.04254813521953,192.75391675832503,196.79946899414062,2742800
2022-01-04,195.99211113043583,198.63127531838393,194.68121895116988,197.7978515625,2491700
2022-01-05,197.1033250293754,199.56017310563973,194.91561260724612,195.453857421875,2806000
2022-01-06,195.45383041152547,196.7734122632612,194.19502496430476,195.47987365722656,2198300
2022-01-07,194.06478967549148,198.1016648468715,194.06478967549148,197.32032775878906,2343000
2022-01-10,199.0219459768513,200.2286652066636,196.20047891283923,199.9942626953125,3191900
2022-01-11,200.0810394637227,201.85204642786812,198.03222021283037,201.73919677734375,2317900
2022-01-12,201.7392009982934,201.93887030430855,198.38816638850435,201.20094299316406,1885800
2022-01-13,201.4527346863956,202.47713782502873,199.9595265630701,200.4109649658203,2152900
2022-01-14,200.27204965500164,204.70826399087582,199.66435178299562,204.32627868652344,3012000
2022-01-18,202.72887872662236,203.81405812783805,201.14885115997922,202.9980010986328,3720400
2022-01-19,202.97194867006218,203.432063655616,200.28069857807498,200.8015899658203,2061200
2022-01-20,202.91119850284826,202.91119850284826,198.63993361027423,198.7180633544922,2093700
2022-01-21,200.19390694265917,200.9405109218545,197.33770725900877,197.6936492919922,3534800
2022-01-24,197.48532385169278,198.92644556333252,190.97424614505476,196.26992797851562,4419100
2022-01-25,194.18635905603958,197.50267405133135,192.96228661631594,195.36703491210938,2769900
2022-01-26,192.39794962001304,197.00778927920305,191.96387788944045,193.19664001464844,2861600
2022-01-27,193.0751221121609,197.9714512522405,192.99699237113236,194.4641571044922,2744000
2022-01-28,194.50757441558315,198.9350987862045,192.94491330079094,198.92642211914062,2502100
2022-01-31,197.05121836511992,197.8846419978937,195.78373620615844,197.19012451171875,4504300
2022-02-01,197.19013379658523,198.97850746608984,195.78374542480393,198.52706909179688,2498200
2022-02-02,198.05828248471425,198.92642609396555,195.97474312123927,198.74411010742188,2397800
2022-02-03,198.50970297052132,198.80486859181408,194.24711505422883,194.49887084960938,3002400
2022-02-04,192.8320714434016,195.12397024632855,191.83371150246356,192.82339477539062,3162000
2022-02-07,192.80600818638695,195.12394999965122,191.53852595359163,194.05613708496094,3596400
2022-02-08,202.22539522562852,212.44345026494904,201.5916540349039,209.23130798339844,8394800
2022-02-09,209.25733837143792,209.25733837143792,204.29156890889377,205.9149932861328,5075200
2022-02-10,204.01375724962503,205.00344047832485,197.68499588524847,198.6486358642578,5035000
2022-02-11,198.3881944118801,200.94921557913227,198.06697224738141,198.11038208007812,3557700
2022-02-14,198.41685217281895,198.69703318059365,193.38222485310305,196.36798095703125,3931500
2022-02-15,197.00713035287498,198.02281476474607,193.69741163177878,196.07901000976562,2474500
2022-02-16,195.6674601433295,197.09467146341248,193.53977643594934,194.95823669433594,2369000
2022-02-17,193.92502868332778,195.50983920905512,192.13007244221382,194.1001434326172,2157000
2022-02-18,193.47853581663367,196.11404890339452,192.4453358068068,193.3034210205078,2795800
2022-02-22,193.29464503616512,195.16840129949432,192.01629507653772,193.86378479003906,2835900
2022-02-23,194.97578687004625,195.91267175803895,193.17207904649703,193.5048065185547,2994800
2022-02-24,191.6923109319573,192.5416316364017,187.71715068096697,191.99002075195312,3746700
2022-02-25,194.80940114360212,199.7564634846696,194.3453409959438,198.78456115722656,3557100
2022-02-28,196.15779262125974,198.53939079243094,194.84441186629329,198.302978515625,4738100
2022-03-01,197.2522936812869,199.45001285868204,195.90389520121997,197.19100952148438,4573500
2022-03-02,197.04214483172262,201.7352929301593,196.70066634562224,200.15048217773438,3387200
2022-03-03,202.15558080588858,205.12382093518792,201.39381084251752,203.6966094970703,3638400
2022-03-04,201.99797547780065,206.4109426903379,201.50764875649676,203.9330291748047,3764400
2022-03-07,202.5145622809615,209.84323639908916,202.46202918541374,205.20262145996094,3713200
2022-03-08,204.76482140838607,207.409098471112,201.87538100054914,202.34820556640625,2974900
2022-03-09,205.08878858457507,205.3514674198181,201.76155451243156,202.66342163085938,2640900
2022-03-10,201.08737063672993,201.75281213564605,197.95276668479138,198.7145233154297,3957200
2022-03-11,199.73021915881944,201.41134516838457,198.5569353855399,200.37815856933594,2667000
2022-03-14,202.33068787327406,203.53023803878872,200.43941635128877,200.69334411621094,2902700
2022-03-15,202.593377274309,204.06435740569506,199.73020329523155,202.7509765625,3178200
2022-03-16,203.59155983640917,203.59155983640917,200.02791316318638,202.84730529785156,4220300
2022-03-17,202.89107583916257,207.13767928722467,202.45328222020365,206.51600646972656,3262300
2022-03-18,205.68418405721624,206.98880038190651,203.79291257505065,206.8574676513672,7617100
2022-03-21,207.57545257113725,210.4211108155966,205.5265684812228,206.91876220703125,2385200
2022-03-22,206.9187771251513,207.9694791113929,205.36021959040548,207.05010986328125,2212200
2022-03-23,207.76809027825198,209.59807776355615,204.92243174856387,205.04501342773438,2533100
2022-03-24,206.46345826125338,208.2584146396854,204.88739867627893,207.40032958984375,2349000
2022-03-25,207.4003256772241,209.694373114454,206.8224483073018,209.08145141601562,1424500
2022-03-28,209.10773099486477,210.64000851776183,208.37222762997038,210.5524444580078,2045300
2022-03-29,211.59442892571235,212.4262341839194,208.92388500376188,211.48934936523438,2230600
2022-03-30,213.26677675894518,214.2824477381909,211.90961395205287,212.3911895751953,2593300
2022-03-31,213.80085456961336,214.9391204871571,211.611886789875,211.73448181152344,3102800
2022-04-01,212.79397256921172,213.59951125212987,210.78011918171563,212.87277221679688,1883900
2022-04-04,212.62760351592053,215.78847400696614,212.46123980159163,214.40504455566406,3518800
2022-04-05,213.41563139218223,217.80231850488823,213.41563139218223,214.13360595703125,2180800
2022-04-06,214.3875239284657,220.17515565684639,214.3875239284657,218.8354949951172,3869000
2022-04-07,218.19632875459183,221.2871505185694,218.0387294707269,220.332763671875,2674400
2022-04-08,220.23642381668932,222.30280992232872,219.3695877715596,220.66546630859375,2745800
2022-04-11,222.048901300468,226.29550422107923,219.02811501652843,219.65853881835938,2975200
2022-04-12,219.74611148110063,221.1295408026073,216.06864806667014,218.9318084716797,2261100
2022-04-13,219.89498574314658,222.37289931249134,218.69543546244947,221.97012329101562,2402800
2022-04-14,222.74937053341412,225.52499361734243,222.09268015641655,222.41665649414062,2861800
2022-04-18,221.07705583926054,223.61625382190684,219.90375863089864,220.5867156982422,3615500
2022-04-19,221.07699608386255,223.9138897936061,219.20324018702732,221.84750366210938,2355100
2022-04-20,222.460435354764,224.93833525150768,221.96134426236563,223.60745239257812,1888100
2022-04-21,224.50929532138863,226.24296742824967,223.23093225515365,223.677490234375,2117300
2022-04-22,222.48671435104495,224.0627606332574,218.94933455758033,219.20326232910156,2617800
2022-04-25,219.7811296461656,221.21709206345548,217.06681744881513,220.79681396484375,2271000
2022-04-26,219.15948369492648,221.52356651530215,218.65164150441012,218.78297424316406,3306000
2022-04-27,218.05623811633038,220.66549768403945,215.7797193321101,217.83734130859375,2973500
2022-04-28,206.40218360802476,212.6889071598766,202.39199230444936,208.50360107421875,6609500
2022-04-29,207.07635283601857,210.56118581513792,203.78415009116003,204.17816162109375,4029300
2022-05-02,204.3357681123297,204.93117431938356,199.03847656409226,202.19058227539062,4154800
2022-05-03,204.66849559868157,205.05375608100184,201.03481428301453,203.30258178710938,2443800
2022-05-04,203.63529859585134,207.61045815783214,202.6108499300107,206.7261199951172,2494900
2022-05-05,206.20078283738852,209.1252408397115,203.34637341337512,205.19386291503906,3357100
2022-05-06,202.92608215283684,207.91693981943936,202.9173310906892,207.0763702392578,4682100
2022-05-09,207.14647440642202,212.5751137640127,205.36026857934914,209.4755401611328,4376300
2022-05-10,212.07596922439313,214.00225827999083,210.55244277548604,210.76258850097656,4234800
2022-05-11,210.4561458500331,213.10042300937252,209.44922588585192,210.70130920410156,3411700
2022-05-12,210.19347238061962,214.37877835251652,209.30913407087945,214.27371215820312,3733300
2022-05-13,214.20363752709838,214.51884943210848,211.2704152621322,213.11790466308594,2631900
2022-05-16,212.9237389025866,216.33948177741283,212.85312752553745,215.24502563476562,2414500
2022-05-17,216.36595875990966,217.31919214581328,211.17613703701542,216.5513153076172,2344100
2022-05-18,217.55749540937296,218.2635822149947,214.47713986903935,215.324462890625,3376800
2022-05-19,213.90345449551143,217.00145297442126,213.47096485214496,216.03939819335938,2414200
2022-05-20,215.41278245640976,218.59022791808226,214.44190606982684,218.44900512695312,3860500
2022-05-23,220.37305931634282,221.58226064086037,218.78435045578271,219.8081817626953,2272600
2022-05-24,219.48161026846185,222.7737865446629,219.18152202188972,222.3236541748047,2667300
2022-05-25,223.3033734523118,224.9009171707878,220.68198494740867,223.31219482421875,3538400
2022-05-26,223.6476071943395,225.6070292795627,222.4913744301593,223.34751892089844,2222300
2022-05-27,223.74468577061998,226.15425362184808,221.46751930522765,225.298095703125,2678900
2022-05-31,225.0686164127854,227.063350808976,221.54694968405656,226.6043701171875,6737500
2022-06-01,227.6105879556545,227.69002071117367,221.84706680875178,223.67408752441406,2664600
2022-06-02,222.96798192840356,223.06507089434072,215.2273961089573,219.1374053955078,3916200
2022-06-03,219.1550571482953,221.26452330369287,218.64313474447474,219.28744506835938,2086500
2022-06-06,219.18151424553722,219.62282522815997,215.0155374921592,216.6307373046875,2413700
2022-06-07,215.93351479275978,217.8311605941786,214.80375945967376,217.4869384765625,2693800
2022-06-08,217.70754711231083,217.90172503094334,214.98906971919894,216.66604614257812,2353900
2022-06-09,215.99529018839428,217.76053446030483,213.10029065988056,213.3739013671875,2695200
2022-06-10,211.84695434694774,213.66515366776287,209.53447535091382,211.83811950683594,2910900
2022-06-13,210.011074908205,210.9907858392667,208.2899647503243,208.97840881347656,4462300
2022-06-14,209.15497628302,210.68190886309017,206.0393211065857,208.03404235839844,3020800
2022-06-15,208.76661946613862,209.4109298751758,204.7506859246075,207.92813110351562,3076700
2022-06-16,206.18052274938478,207.01017618956428,202.641199598253,203.62974548339844,4102700
2022-06-17,203.11777519771235,210.28466047049233,202.55289773977512,207.16900634765625,13114500
2022-06-21,209.0401803877863,210.82308050612994,206.47174726896202,210.4259033203125,3882200
2022-06-22,209.33146187737358,213.89461608306593,209.09315016213242,211.95285034179688,4172900
2022-06-23,213.34740692756992,215.37744037345755,212.63248520875916,214.5565948486328,3229600
2022-06-24,215.35975147146542,217.12499533598563,214.37121921701151,216.56893920898438,4527700
2022-06-27,216.39246320265656,217.38099566581766,215.38627452615478,216.1100311279297,2767500
2022-06-28,217.06323562813594,218.51957010024677,214.8213815331432,214.9272918701172,2430100
2022-06-29,217.3544803131036,218.0958929993945,215.1126264471853,216.6219024658203,2610400
2022-06-30,215.5098355318908,216.2424134875903,212.47361336726675,214.74195861816406,3033800
2022-07-01,214.69779574040237,217.12500617528872,212.46476321772633,216.7278289794922,2745500
2022-07-05,216.4101160289581,217.77818298493568,213.87699489788133,217.76934814453125,2483600
2022-07-06,217.67227706251614,218.96091136722052,215.83642131754812,216.4630889892578,4320500
2022-07-07,215.8010869559184,218.91674165336354,215.615730403278,218.3783416748047,3068200
2022-07-08,219.02266741878347,220.86735783224336,218.1841791223441,219.31393432617188,2215400
2022-07-11,220.02000842345228,220.7525862907276,217.99880999368705,218.69607543945312,1805000
2022-07-12,218.69607705731735,220.73493171292017,216.84256547890956,217.9811553955078,2699300
2022-07-13,217.45163859055936,219.55228384719842,216.383673214085,218.08712768554688,2498000
2022-07-14,216.26005027116386,217.84877259454007,214.43301623234544,216.7631378173828,2886400
2022-07-15,218.35185628330467,219.88762341339432,216.63074607494562,219.499267578125,2805500
2022-07-18,219.3757073049395,220.17006174141994,214.4065409877697,215.2185516357422,2231400
2022-07-19,217.97234037239275,218.6960834268525,216.27769423936695,218.2900848388672,3375000
2022-07-20,217.74285258881469,219.29627598440462,215.93347472976603,217.6810760498047,2664600
2022-07-21,216.89556346795254,217.83114075535616,215.01557405263546,216.9308624267578,2009500
2022-07-22,217.83109033471072,219.88760100352977,216.436546099161,217.0808563232422,1843600
2022-07-25,217.88406414341821,219.8523074025017,217.61927485389865,219.52574157714844,1771100
2022-07-26,220.32894296289322,223.98299765001497,219.55223126221733,221.6616973876953,2528600
2022-07-27,219.91411940394408,223.0827294204267,218.9697073193286,222.1736297607422,2180900
2022-07-28,222.17359601268666,222.17359601268666,216.88668573897675,220.43482971191406,2214400
2022-07-29,219.29630137152756,220.27601247912068,216.8955680892768,218.42250061035156,3289700
2022-08-01,218.30772093276497,219.03147743292203,215.93346561222745,216.80726623535156,1960500
2022-08-02,217.73403797905445,218.75788280017383,215.1656045540501,215.2803497314453,2295100
2022-08-03,217.07205138848198,220.0641393547005,216.40125006595696,218.13119506835938,2061400
2022-08-04,218.00764644635103,219.7728905471312,217.30154611249023,217.989990234375,2650600
2022-08-05,217.5310444293865,218.07826581098573,213.4091874515373,217.34568786621094,2723900
2022-08-08,216.2423970608643,218.66078626821832,215.63338570613968,218.2635955810547,2784400
2022-08-09,218.19301305368205,220.40838965382358,218.19301305368205,219.20802307128906,2061600
2022-08-10,220.48780596538646,222.82676241286563,219.35805085052425,222.50018310546875,2628600
2022-08-11,222.4560677209035,223.6211353551306,218.88145899712578,219.19920349121094,2686900
2022-08-12,219.3492575167252,220.5231465764481,217.3898352928563,219.23451232910156,3461100
2022-08-15,219.83468388984136,222.00592662480003,218.78436147910585,221.60874938964844,2659100
2022-08-16,222.2971840102974,224.32721736367554,222.1206622986435,223.43576049804688,2206100
2022-08-17,223.41798509452153,224.71655727485685,222.13719190664287,222.87542724609375,1882200
2022-08-18,223.18671757139094,223.28455631475285,220.53619557633567,222.09271240234375,1888800
2022-08-19,220.25156931285295,224.1472991082859,220.25156931285295,223.12445068359375,2207500
2022-08-22,222.34171996848187,223.45351753112973,219.2820509045953,219.6022491455078,3078300
2022-08-23,219.41551768848316,219.41551768848316,216.0000781649448,217.4409637451172,2659700
2022-08-24,216.6404587572519,217.89455624607416,215.78659215361301,217.458740234375,2329200
2022-08-25,218.8106823664974,218.85515698996733,216.8539210795664,218.5171661376953,1725400
2022-08-26,217.0673716171587,219.1219714623374,213.86538901964101,214.04327392578125,2969400
2022-08-29,212.43340734022505,214.38127908635073,211.695172037206,212.91371154785156,2113000
2022-08-30,213.3584616456618,213.74091359645448,211.9442444480589,212.68247985839844,3673000
2022-08-31,214.87937923553264,216.92508988370997,213.33176539760092,213.7320098876953,4303900
2022-09-01,214.4613423784948,218.57055624337136,214.1233650787758,218.35708618164062,2488200
2022-09-02,219.22871145731457,220.38498376690387,214.6569999082377,215.5731201171875,2325100
2022-09-06,216.79166232973375,217.5476766238193,214.8348875173963,215.43971252441406,2102600
2022-09-07,215.95561248403962,218.19700070183833,215.4842112914521,217.7255859375,2127300
2022-09-08,217.73447740138943,218.80180054334843,216.05343972057273,218.31260681152344,2895800
2022-09-09,218.31258535219186,221.67466038334553,217.93902296781354,220.304931640625,2318000
2022-09-12,211.68628797230838,214.97720654156157,209.11581216122892,211.34829711914062,6294600
2022-09-13,210.823523181324,210.9213619204956,201.56446880137656,201.77793884277344,4447200
2022-09-14,202.37387058859042,203.4856683277585,201.12866254942207,202.8986358642578,2715600
2022-09-15,202.8808569289017,203.6902353687129,200.88851049392468,202.489501953125,2206100
2022-09-16,201.8046199437675,206.54532687976766,201.55557834919426,205.58473205566406,4604100
2022-09-19,205.14002163910914,205.33569912477986,201.99141644815637,205.2467498779297,1981400
2022-09-20,203.23660091603656,204.56186853869255,201.48440681583463,202.53395080566406,1745900
2022-09-21,203.79696986507224,205.12222403704104,199.55434604342057,199.64329528808594,2186300
2022-09-22,198.83391184392298,204.0104350981054,198.61155229446024,202.56954956054688,2081200
2022-09-23,202.78303956698647,203.33448696095454,199.732259190862,201.8758087158203,2148600
2022-09-26,201.69788379015156,203.3611287111221,200.46156536143712,201.7868194580078,2454000
2022-09-27,201.8757807305739,204.5352057209904,200.14137902888893,201.00413513183594,2009800
2022-09-28,204.5352266013901,206.2340433498399,202.56067259428022,205.44244384765625,2782400
2022-09-29,205.94942114212492,205.94942114212492,201.87579249386815,203.15658569335938,2335700
2022-09-30,203.16546188859928,204.57077580316135,200.27478788268505,200.47935485839844,2543400
2022-10-03,203.03206366044333,205.41575154485446,201.38659754596924,204.96214294433594,2521700
2022-10-04,205.44243541113366,208.20858880683465,204.39290483028736,207.25689697265625,2331000
2022-10-05,206.9100112029542,209.39153779012298,205.4246510490933,207.96844482421875,2060400
2022-10-06,206.81217433803397,207.36362167980445,204.77535325715607,205.4068603515625,1523800
2022-10-07,204.57079450568997,205.92274442599162,203.29890434124698,203.70803833007812,2060000
2022-10-10,205.5314013502646,208.25308034179403,204.47296761539178,206.48309326171875,1630100
2022-10-11,213.01154154671116,222.78645785934344,211.54396049669106,218.30369567871094,6256000
2022-10-12,217.34314298159651,221.2299839998132,216.4981793130822,219.19317626953125,2639800
2022-10-13,217.7077704860172,224.46749199453097,215.9911478724558,223.83599853515625,3288900
2022-10-14,224.13843936352382,225.1257163654951,222.5641298583803,223.55140686035156,2864400
2022-10-17,223.62255983789396,225.4014363112573,221.90595055553857,224.96560668945312,2577100
2022-10-18,225.79280573923467,226.53993064858233,223.27569373992526,224.24517822265625,2060000
2022-10-19,223.5247070883099,224.44973039669935,219.63786658042704,220.74966430664062,1883000
2022-10-20,220.18044095269715,221.52348782101723,218.81069845093307,220.09149169921875,2058000
2022-10-21,220.15376742876768,224.48532752048595,219.70014521888677,224.0850830078125,3531200
2022-10-24,226.76226328875134,232.66813231348516,226.7177886650068,232.42799377441406,2883200
2022-10-25,231.6897447284244,232.84603065803682,228.75460956767628,231.24502563476562,2548900
2022-10-26,233.91334686228566,238.35166200105343,232.59699567938472,237.17759704589844,3008900
2022-10-27,238.36944322980412,239.5346051278429,236.4838385442299,237.68458557128906,2260900
2022-10-28,239.86372469280062,244.1864091339845,239.36564139455365,243.537109375,2924100
2022-10-31,239.43679192632075,241.75821277035925,238.36945515033648,240.4596405029297,3033600
2022-11-01,239.792549878631,242.70100309046964,238.70743416296176,241.98056030273438,2062600
2022-11-02,241.6069878669943,244.4887587366467,239.21439711388243,239.26776123046875,2637300
2022-11-03,238.8408468232527,238.9031140137947,235.71890994993976,236.4838409423828,2779500
2022-11-04,232.97949194694644,239.52574540942612,231.11166591609037,239.2945098876953,3402000
2022-11-07,238.50280915205437,246.80128141017207,238.1470393585558,246.39212036132812,2926700
2022-11-08,251.32860546449206,263.86969184727775,251.0172966078528,260.0628967285156,6911300
2022-11-09,257.93710228504125,263.4694094956536,257.2789266409933,257.62579345703125,3469100
2022-11-10,261.5659733401332,261.92177033415396,253.80119524297487,258.8354187011719,4083200
2022-11-11,256.6473601492946,257.3678028591713,248.7046842063097,253.5076446533203,3255100
2022-11-14,253.22304219541232,258.7375422222599,253.22304219541232,253.75668334960938,2812800
2022-11-15,254.39714605683528,257.4301340751745,249.23841450529608,252.24472045898438,2763200
2022-11-16,254.3582142405308,257.0180418442629,253.05069774984383,254.1343231201172,2443500
2022-11-17,253.37310498260697,258.6390009653177,253.14024948099703,257.295654296875,2172000
2022-11-18,254.72535395207842,258.585233999598,254.72535395207842,257.28668212890625,2371700
2022-11-21,258.8986947023367,261.14656996693384,257.83297093923363,258.0658264160156,2795100
2022-11-22,257.9314776975498,259.17629783814306,253.9103754852122,257.07171630859375,3636000
2022-11-23,257.4210513385832,259.30174217629855,252.19095815619903,253.80296325683594,2875600
2022-11-25,252.50439651664377,255.74633531034542,252.0207840823616,254.10743713378906,1220700
2022-11-28,255.23589439332625,258.1733449969854,252.71936021749912,253.1044464111328,2375900
2022-11-29,253.78505459555126,253.78505459555126,250.47145524561142,252.5402069091797,2135300
2022-11-30,253.05066020379115,257.8867022210921,249.79975724486044,256.4896240234375,5776200
2022-12-01,257.92252757350786,258.00312508372,250.6505495717386,256.0776672363281,2914600
2022-12-02,254.39401714446208,256.2388775920524,253.61488050199364,255.69259643554688,2267000
2022-12-05,254.15232160975677,256.83005139860035,253.44481782266814,255.1553497314453,3274700
2022-12-06,255.98814625248738,257.4210548785688,252.27155914735613,253.7044677734375,2608800
2022-12-07,253.81193713299905,256.0687498243269,252.37902847307012,255.91651916503906,2492600
2022-12-08,256.5881553225557,256.65978844645593,254.10742453652725,255.74632263183594,1769800
2022-12-09,254.51049227860076,255.38815537873123,249.27143418208817,249.54905700683594,2205700
2022-12-12,244.32788598565674,250.29234816487707,244.15772656334673,247.8743133544922,3427400
2022-12-13,252.5670443192552,253.14918300229428,243.25318068653937,243.82635498046875,3871300
2022-12-14,243.56664763713326,244.82043231393087,239.37541286164287,242.8143768310547,3795000
2022-12-15,242.1964359667127,242.80541319297703,235.9364496225159,238.34552001953125,3200400
2022-12-16,237.27981398419215,239.99337319762634,236.70663961268187,239.48289489746094,8789000
2022-12-19,238.95453547336493,240.82626206939503,236.25887748081703,237.95150756835938,2679800
2022-12-20,238.83810537285237,239.72470550690764,235.37227503377048,237.1007080078125,1609100
2022-12-21,237.2171347762017,239.4739475309252,236.65292475490577,238.45301818847656,2057000
2022-12-22,238.0410039158854,238.37238569774925,235.7035939767412,237.5574188232422,1979100
2022-12-23,237.21711029784123,237.58429499334193,235.44388288967,236.3573760986328,1465500
2022-12-27,237.94253892362485,238.76644297495324,235.42600481501293,235.88275146484375,1604700
2022-12-28,236.8051625732925,237.87982350902223,233.86771228689852,234.11846923828125,1349500
2022-12-29,235.05881611919418,237.21712985037752,234.76329185870253,235.6767578125,1446400
2022-12-30,235.29165709091893,235.73943931459334,232.40793847723742,235.2110595703125,1622000
2023-01-03,233.62587798346433,235.17521421671103,231.83474920394704,234.3244171142578,2594800
2023-01-04,235.54240652415814,237.33353536168073,233.7423132967016,236.77828979492188,1773800
2023-01-05,236.49167538867627,240.0112365898074,235.1035343011718,238.9902801513672,2056000
2023-01-06,241.83821971508803,247.9101452911934,240.93369091978187,246.45933532714844,2887800
2023-01-09,246.79962504001287,246.79962504001287,240.6023347042649,241.90985107421875,2160700
2023-01-10,243.5487280640553,245.93090510746703,241.9008656623726,245.27716064453125,1783400
2023-01-11,247.14887173485212,247.928008273884,241.9635469789625,244.408447265625,2044400
2023-01-12,243.52190726017912,244.1756518440066,240.8083479585704,242.6263427734375,1454100
2023-01-13,242.64427244370984,243.7995584184947,241.981563392195,243.35177612304688,1696800
2023-01-17,243.77264219814333,245.2323892220568,240.75456719292453,241.28297424316406,2472800
2023-01-18,241.28297772807298,242.26807672434472,236.11555354032765,236.77828979492188,2218100
2023-01-19,234.6379138196075,235.99916210661777,233.67965318477397,234.66477966308594,2090500
2023-01-20,234.6647572111246,236.28572671697833,232.7303346743716,235.74838256835938,2574100
2023-01-23,236.4290132743337,237.08278515757982,232.67659606661124,233.7154541015625,2025000
2023-01-24,234.50356793487805,234.63789714272286,230.6257583755155,232.57810974121094,1596900
2023-01-25,232.92733525370534,234.23485159002274,229.28238168439643,229.7480926513672,1910600
2023-01-26,229.7481148970047,229.88244410030833,226.586759771891,228.261474609375,2522100
2023-01-27,228.25251713892155,228.8167271403603,226.16585023789227,227.15992736816406,2109900
2023-01-30,226.9897475964095,227.6166399123208,224.42843299263396,225.31503295898438,2042800
2023-01-31,227.34802713897938,227.34802713897938,223.79263462698003,226.04049682617188,3418300
2023-02-01,223.1388583298926,223.48812794490482,214.93548407471897,220.67605590820312,5344700
2023-02-02,218.32072109011358,220.8193537934732,211.68458461094033,220.7835235595703,5489100
2023-02-03,223.85529790480498,223.85529790480498,216.91467335622198,219.56553649902344,3073000
2023-02-06,219.73568970759413,221.0253046768471,218.02515836184256,218.38339233398438,2196900
2023-02-07,217.6400509634147,219.35953286610788,216.2071425452233,218.5177001953125,2408000
2023-02-08,217.61322615217063,218.12369081917433,214.57726299665705,215.11459350585938,2761200
2023-02-09,215.93848307422985,218.03411414919537,214.03094020059993,214.93545532226562,3056200
2023-02-10,216.65496364689923,218.64311794339363,215.3026661623519,217.1743927001953,2687200
2023-02-13,217.80127590912107,218.3654858968981,216.09970888582086,218.21324157714844,2321900
2023-02-14,219.27030079545347,219.54134224673342,216.02687439758776,217.7615203857422,2015900
2023-02-15,217.0206491886746,217.318779566823,215.68351528050275,216.8941650390625,1783300
2023-02-16,215.43960192084865,215.93649510143425,211.44628687201316,211.60891723632812,3291800
2023-02-17,212.62079750601967,218.38489093418588,211.14816344814872,217.3097686767578,2978100
2023-02-21,217.54467778612175,218.56559458076643,215.20471377389592,215.24085998535156,2524100
2023-02-22,217.10196620195893,217.725357316445,212.99121049568964,213.36163330078125,2187600
2023-02-23,213.8495109676714,214.89753048208246,212.08776234432338,214.68069458007812,2211600
2023-02-24,213.96698602692783,214.17477850355715,210.6151347050159,211.10301208496094,1853900
2023-02-27,212.51241180217002,212.51241180217002,210.40734290474956,211.81674194335938,1723000
2023-02-28,211.07588800372685,211.83479297840714,209.24186075537963,209.2960662841797,2615700
2023-03-01,208.13060621016336,213.6146290033536,207.92281374060107,213.38876342773438,2441300
2023-03-02,213.32548854448808,213.55135409267962,211.31980137368828,212.07872009277344,1777100
2023-03-03,212.31362780589254,213.11770865338738,211.04878617581295,212.1419677734375,2214500
2023-03-06,212.3136434965115,212.88282916498179,211.08493419974036,212.41302490234375,2591000
2023-03-07,212.41298459201184,212.49429287615146,206.30558547970284,206.63986206054688,2362200
2023-03-08,207.94086822136396,209.42254571328235,205.4202009032152,206.37786865234375,1842200
2023-03-09,207.33555819383517,207.642732052448,203.6403870878233,203.99273681640625,1736900
2023-03-10,204.87813280645352,208.04928025617286,203.84818642046216,205.87193298339844,2661800
2023-03-13,208.86240223124122,214.36449796615423,208.24805450106155,210.66932678222656,3146000
2023-03-14,210.922272557714,210.922272557714,207.26324821531603,208.32029724121094,3227100
2023-03-15,208.15768667597135,212.82859841082325,206.48628986689408,212.2232666015625,3092300
2023-03-16,211.17524987627775,212.00643340775255,207.8505019646401,211.9251251220703,2326000
2023-03-17,211.02169811097974,211.23852024224578,206.45921069379898,207.60659790039062,7817000
2023-03-20,208.32030565211474,212.45816398222107,207.92278009762808,212.06063842773438,2020800
2023-03-21,212.06064929255888,212.5665859202857,208.73590121847818,210.46151733398438,2128600
2023-03-22,210.91327514780275,211.36500630630553,207.4259100527316,207.6427459716797,1725100
2023-03-23,207.83245502436318,211.500523429397,207.69694119783372,210.59706115722656,2175700
2023-03-24,211.60894301227785,215.47576059002787,210.51574755320206,215.05113220214844,2547300
2023-03-27,216.4785590791922,216.78573289135062,212.3768471209778,213.9036865234375,2129100
2023-03-28,214.12053669374768,215.6383465392323,214.0392284061122,215.45765686035156,1887800
2023-03-29,216.56895730014764,218.26745707573627,215.32217489570442,217.7615203857422,2744000
2023-03-30,219.11667637132672,219.36964467304756,216.9302996003173,218.1861114501953,2577000
2023-03-31,218.12288802152167,218.9992475214298,216.06299516018345,218.41200256347656,2762500
2023-04-03,218.63786556734803,221.122386766977,218.0596502759549,220.84231567382812,2478700
2023-04-04,220.9145712872355,224.1579971339983,220.26407742898786,223.6339874267578,2942800
2023-04-05,224.57359470668683,229.21738963653098,224.26640709652307,228.9102020263672,2468000
2023-04-06,229.80463057098189,230.77132789257305,228.5126725416968,228.8650360107422,2047800
2023-04-10,231.68386916853578,231.68386916853578,225.9107457537651,226.67868041992188,1595600
2023-04-11,227.14848681947777,228.64823752629928,226.7509612069959,227.1575164794922,1272800
2023-04-12,228.12418951061304,228.31392262503974,224.85366098728323,225.41380310058594,2268900
2023-04-13,224.6006900358001,227.58210402298192,224.30254587993434,227.16651916503906,2020900
2023-04-14,226.42572756732255,227.45567408498468,224.92599055791365,225.86558532714844,1866200
2023-04-17,226.66962815384127,227.22074064082113,223.67917051255705,224.1218719482422,1784800
2023-04-18,224.39291591026455,224.97113120215695,221.03203521809613,222.33302307128906,1638800
2023-04-19,221.57409178104663,222.9383146615626,220.77904067942762,222.44142150878906,1246500
2023-04-20,222.36012353525464,222.61309186123128,219.5865016091037,219.95692443847656,1691300
2023-04-21,219.95690373103514,220.37248860498377,219.22508780077692,220.3182830810547,1721300
2023-04-24,219.7220210408205,221.68253251005794,218.93601327830902,220.85134887695312,1232100
2023-04-25,221.4566700137179,222.73055513911785,220.72486777147466,221.23080444335938,1509700
2023-04-26,218.7101508357871,220.03824149291268,215.54803284943858,215.74679565429688,2002900
2023-04-27,216.14432231520948,217.47241297879413,212.67501665900897,217.13812255859375,2533900
2023-04-28,213.95794584817335,216.9213010525421,210.66030022264908,216.59605407714844,2721400
2023-05-01,216.8580444474057,218.00544537381643,215.10532546308664,215.83712768554688,1920500
2023-05-02,215.0963084673637,215.92749213846136,212.66599264719974,213.19000244140625,2127200
2023-05-03,213.1899426881334,213.48808682122484,206.8747379469867,207.17288208007812,2998000
2023-05-04,208.07638846521235,209.63034463712629,207.02836894727227,209.5038604736328,2228500
2023-05-05,210.19952838884535,214.1566836318017,209.66648897500667,213.6959228515625,2806800
2023-05-08,212.62078500670978,212.98217814823937,209.78391432796172,211.9702911376953,1667800
2023-05-09,211.9883628820461,212.71113537473244,210.7054482557537,211.7986297607422,1468900
2023-05-10,212.21423615813652,212.3136175518244,209.01598602754916,211.50953674316406,1530800
2023-05-11,211.9974211932296,212.30460884951262,208.16674990001613,209.86524963378906,1612400
2023-05-12,210.5337959644795,211.00360016982836,208.88950192436735,210.46151733398438,1295600
2023-05-15,210.7506394497002,211.33788438824138,209.71164960785237,210.98553466796875,1551300
2023-05-16,211.5998677630312,211.87089536861194,205.75446678321742,205.88095092773438,2646500
2023-05-17,206.127227131178,206.19105896064215,201.0383399394245,205.21524047851562,3352900
2023-05-18,204.9689726097824,204.9689726097824,202.38804906008238,204.49473571777344,2245300
2023-05-19,204.6862726996663,205.9995356171661,203.1723716188923,203.75604248046875,2395700
2023-05-22,205.06018792107716,206.85680259555556,203.20885627837075,204.27587890625,1848600
2023-05-23,204.47652627062274,206.856811906357,203.19062179614085,204.686279296875,2296600
2023-05-24,205.78065623038458,206.07249862248878,201.5855122966595,201.84088134765625,1765000
2023-05-25,200.72826181012394,200.72826181012394,196.0132787110501,198.32061767578125,2968200
2023-05-26,196.95260516054023,199.25080105695085,195.6028551588663,197.83721923828125,3081000
2023-05-30,196.10449437892296,199.72508260609757,195.8217807350973,199.29644775390625,3125900
2023-05-31,200.25400950281167,202.3242228799778,198.0743621920579,201.22982788085938,3884700
2023-06-01,200.60056738318,201.18423821773933,193.0766783560985,195.41136169433594,4831400
2023-06-02,194.93711889763912,199.50616635895184,193.35938611246164,198.8769073486328,3687200
2023-06-05,200.33611159793153,203.40950224530673,199.24173036906961,202.3516082763672,2498700
2023-06-06,203.4459752216057,203.5280506769502,199.9804233103437,201.7496795654297,1736100
2023-06-07,201.33014489816935,202.34245052092663,200.39079986899398,201.7770233154297,2555400
2023-06-08,201.78614771353816,202.36070371778467,200.05337876040971,201.3301544189453,1877300
2023-06-09,200.03511839815636,201.4943023851091,198.60330680913546,199.50616455078125,1707900
2023-06-12,199.95307008014444,199.95307008014444,196.3689692777958,198.2294158935547,2704300
2023-06-13,198.29321889045414,202.7710759650087,197.8372256384419,202.45188903808594,2318500
2023-06-14,203.61012787934143,204.0022893623711,201.6402473551149,202.7163848876953,2453000
2023-06-15,203.38210407368308,208.70811580232342,203.34563073668983,208.33419799804688,2633900
2023-06-16,209.7933838117174,211.5352814949967,207.70494069562696,209.44683837890625,6765000
2023-06-20,208.87226933303893,210.52296269009148,207.1942174939432,208.4709930419922,2492700
2023-06-21,208.09711359756304,209.7569360318397,205.7350714403038,207.0574493408203,2282600
2023-06-22,207.30366437949868,209.64747653697037,206.80206898433832,209.44683837890625,1607200
2023-06-23,209.63833941236135,210.2493687181888,206.48287380818905,207.1212615966797,4130700
2023-06-26,206.83854817030297,206.83854817030297,200.74647090239696,204.9507293701172,2565500
2023-06-27,204.43091597248304,204.8686656362973,201.6675977367247,203.017333984375,2705900
2023-06-28,202.6798960614816,202.780215138703,199.4058537680614,201.8317413330078,2263400
2023-06-29,200.29047922626,202.1509395585264,199.61561809357198,201.6949462890625,1860300
2023-06-30,202.46100442032034,203.47330999905432,201.55813276929496,202.479248046875,2843300
2023-07-03,201.7405925084503,205.71685524419203,200.4911612141882,205.2061309814453,1479200
2023-07-05,204.88691744635173,207.3128051960256,202.83494755077731,205.99954223632812,2440400
2023-07-06,205.12402306469738,206.0998553999243,202.18742511857906,203.35476684570312,2457800
2023-07-07,202.33333621524756,202.606934962971,199.21434388914523,199.40585327148438,2841500
2023-07-10,199.87097162482885,205.10576541060718,199.36937624923772,204.9507293701172,2501700
2023-07-11,204.12995963086342,205.7259361596205,202.70726278032976,204.15731811523438,2021500
2023-07-12,205.35203049418135,207.31281012382462,204.3670832509962,205.817138671875,2619500
2023-07-13,205.97218545850373,208.04238508426107,205.19699125853575,207.6228790283203,1803600
2023-07-14,207.78704960645356,208.53488539162626,206.07252404665124,207.4131317138672,2044700
2023-07-17,206.90240492544325,208.48015183478591,204.59507983547456,207.7870330810547,2049200
2023-07-18,207.7414296045873,213.4687184788184,207.38575537332852,212.10073852539062,2621200
2023-07-19,212.47462090800514,213.90644646021389,211.5717631364845,211.62648010253906,2047200
2023-07-20,213.2315753345776,217.49055089923132,212.41079299702687,212.70262145996094,3741300
2023-07-21,213.19512120364425,215.57540689597352,212.2922494183429,214.1527099609375,9381100
2023-07-24,214.31682696000289,215.34737615546535,213.33187987258742,214.69985961914062,1771300
2023-07-25,213.73317911591639,215.7486756152857,213.6602185183661,214.5995635986328,1325600
2023-07-26,213.35924986120915,214.9917135729919,211.9821551851005,214.50836181640625,1576800
2023-07-27,213.84260374881777,217.49054997272162,213.6875677041991,215.27442932128906,2439600
2023-07-28,215.9766740249409,217.21696244597362,214.3989271821996,215.56626892089844,1889500
2023-07-31,215.66660234938644,215.66660234938644,212.51113628563385,213.5416717529297,2826600
2023-08-01,214.2530029680518,214.66340806631348,210.29498450615756,211.69032287597656,1843400
2023-08-02,212.237531018597,212.52024464919435,208.57134084587443,210.13084411621094,2593500
2023-08-03,210.47740016859785,210.76012772923684,208.1244867754807,210.39532470703125,2322200
2023-08-04,216.97072442608885,224.73172499180106,216.14081332206194,221.8680877685547,5181200
2023-08-07,222.7527361185077,231.48045491541205,222.03227279813376,230.6779022216797,4076600
2023-08-08,234.85475471324767,240.57292791098268,233.92453849766918,237.8460693359375,5321600
2023-08-09,237.04353533851054,240.5546609799045,236.31392946412373,236.496337890625,2428100
2023-08-10,238.5210009510294,241.47582884934675,237.53603976384073,238.99522399902344,1919200
2023-08-11,238.6669022179962,240.86476541251074,237.87345050453015,239.40560913085938,1560600
2023-08-14,239.14109699683559,240.2810801020696,236.9796934823709,238.00111389160156,1966100
2023-08-15,238.3203303212407,243.16297664261083,237.08001414914756,242.59754943847656,2781200
2023-08-16,242.88934114689744,244.63123862171307,241.2933648451762,241.69464111328125,2244000
2023-08-17,242.59569370005812,245.0871943220744,242.04406259534687,242.5773162841797,2256100
2023-08-18,241.43723936142044,241.786606616924,240.02142098306985,240.71095275878906,2814500
2023-08-21,240.49027090293077,241.30852870130093,238.1274967987563,239.68124389648438,2324100
2023-08-22,239.25833886004546,239.40544234853442,236.60135750272764,236.84957885742188,1720300
2023-08-23,238.57802766859257,238.89981482022543,235.34182082193072,236.6105499267578,2256800
2023-08-24,236.03136748885822,239.21240001210828,235.5165192674232,235.9302215576172,1888900
2023-08-25,236.38070586621234,236.95991712747374,234.26615268290354,235.70957946777344,1786600
2023-08-28,236.24277687938778,237.3092560801971,234.56952036579264,235.86582946777344,1661300
2023-08-29,236.61052249193472,238.8997871199637,236.11407980287626,238.70672607421875,2216600
2023-08-30,239.0376951489501,239.8375475628091,236.2336103325513,237.088623046875,1694300
2023-08-31,237.40120615948297,238.1183181187914,235.62681770412152,235.6727752685547,2065000
2023-09-01,237.82411079160306,238.14589791351847,235.4521337165442,236.012939453125,1350200
2023-09-05,236.01292063674575,236.6381174164105,233.44786868732703,233.53060913085938,1763600
2023-09-06,233.92596386541453,233.92596386541453,228.35454916523366,228.93374633789062,1988900
2023-09-07,230.34037245102144,234.16497857621417,230.21166041933512,233.87997436523438,2228300
2023-09-08,235.13034536987522,239.35027664719559,234.41323341537216,238.51364135742188,2449000
2023-09-11,237.3919706373469,241.62110409459106,236.6564813652685,240.61898803710938,2135100
2023-09-12,241.50159345377455,241.81417781367432,237.07019600549444,239.3226776123047,1574000
2023-09-13,238.43089714427907,239.23995227138317,236.2979387286629,236.49102783203125,2182800
2023-09-14,238.02636514331076,241.9245372233114,237.69540335591296,241.15223693847656,3072400
2023-09-15,242.49457156102721,242.6508497360533,238.87222864093405,239.6996612548828,6161100
2023-09-18,242.14519760922596,243.83684567885456,240.81209150436584,241.93373107910156,1770100
2023-09-19,241.92451408340239,244.34244839571588,241.28093992663744,243.0001678466797,1528200
2023-09-20,243.63457104566834,251.0631146780785,242.68761515596435,249.57373046875,3575300
2023-09-21,250.13455334814478,250.51150075187172,246.11688602964222,247.6890106201172,2437100
2023-09-22,246.0893326900864,247.7717780586717,245.0320280745645,246.11691284179688,1894100
2023-09-25,245.96980133914255,246.21802269645582,243.64378176354163,245.3446044921875,1705300
2023-09-26,245.17912031657713,248.13033669976332,244.25056988019256,247.34886169433594,2367600
2023-09-27,249.8219536735651,251.5503563151221,245.25265560373018,247.29367065429688,2331900
2023-09-28,246.19962902706988,249.50018445630255,245.05040939054928,248.98533630371094,2430700
2023-09-29,249.15083871104002,249.15083871104002,245.67559935241079,247.09144592285156,2118100
2023-10-02,246.12603318809334,246.8431450313848,243.06452479557268,244.8389129638672,1912300
2023-10-03,242.75193922190235,244.57228493791447,238.73427237310347,239.9662322998047,2797900
2023-10-04,240.9683965507482,244.6826825425488,239.87433713251266,244.0391082763672,2526400
2023-10-05,244.72862098677052,246.31915105586745,241.3729052772995,243.70809936523438,2883700
2023-10-06,241.93373117626246,246.93513766983477,241.08792116966958,245.9054412841797,2838000
2023-10-09,249.1876661494906,250.62189039155655,246.92598110404805,249.64735412597656,2284300
2023-10-10,249.04972970007063,250.15296385135966,246.50304071850354,249.3806915283203,1808700
2023-10-11,252.69959211549136,261.4060811402361,252.046843222726,260.7349548339844,4523100
2023-10-12,261.08433236977623,264.64231198931304,260.73496509994004,262.0588684082031,3052600
2023-10-13,264.5044301379896,265.2031366704616,257.42522522154786,261.1946716308594,3473200
2023-10-16,261.5624302961422,264.60556212637096,260.92805871271696,263.75054931640625,2459400
2023-10-17,262.19680090549616,264.173453371567,259.7236776244317,261.4888916015625,2863200
2023-10-18,260.4590981691918,262.25189182519944,258.33534276217057,260.7165222167969,2789100
2023-10-19,259.34669802669816,260.3763943619793,255.6783978179788,257.9768371582031,2536400
2023-10-20,257.97686737416115,258.399772406302,253.5178889204367,256.3311767578125,2455000
2023-10-23,257.53551363353694,257.53551363353694,250.7137617299653,251.0447235107422,2433500
2023-10-24,250.15294900883478,254.7222476918796,249.27035612874647,253.8580322265625,2253000
2023-10-25,252.91106455269693,254.38207132254658,250.15293738064904,250.21730041503906,2302300
2023-10-26,249.61053431844394,251.39412564801484,247.44082085771754,247.96484375,2269900
2023-10-27,247.26613818213104,247.64305757832201,239.1848168627712,240.48114013671875,2874900
2023-10-30,243.63457261592654,244.87573548407343,241.33613325162534,241.9705047607422,2974600
2023-10-31,235.25906474402888,236.66572257553415,229.56812649477348,235.08438110351562,4885100
2023-11-01,235.6084131336983,240.13175416464182,234.52355648341228,239.80996704101562,2509600
2023-11-02,242.07165062008048,246.48467154416167,241.29937827121924,245.09640502929688,2470400
2023-11-03,246.87076205097452,248.7370936691471,244.0942574342073,248.10272216796875,2509800
2023-11-06,248.9394008899021,252.78241345289422,248.92102347257463,250.83331298828125,2768100
2023-11-07,250.96196056736923,251.90891632030323,247.6614055050631,249.2519073486328,2526500
2023-11-08,250.4563349737494,252.61684537504496,248.92096524373412,251.22860717773438,1916800
2023-11-09,250.18969271658364,251.20101151306642,242.4393629502464,242.77032470703125,2266000
2023-11-10,245.1423652537772,246.3375425147355,241.345338889159,245.75833129882812,2070600
2023-11-13,244.2597302766099,245.67557671659884,242.27387538934644,245.1883087158203,1579800
2023-11-14,247.5143427695357,250.94362444852692,246.72366502770177,248.2498321533203,2060000
2023-11-15,248.48888276237045,252.4697675136574,248.24983608315162,251.0171661376953,2795100
2023-11-16,252.60168207181985,254.29738443033236,248.20958504476843,249.25665283203125,2366200
2023-11-17,249.6364841489352,249.6364841489352,245.17951943726746,245.9115447998047,2642900
2023-11-20,243.3170893292742,247.12544879583066,242.26077482959562,245.87452697753906,2213900
2023-11-21,245.86523026202667,246.5138647115757,241.39898986483982,243.5301971435547,2636600
2023-11-22,245.35565084283363,246.91233985327858,243.01134223188146,245.17031860351562,1649100
2023-11-24,245.66135255250785,246.56943503912402,245.44825163950875,245.9763946533203,930800
2023-11-27,245.9485980130609,246.07833620179133,242.45530962055494,244.8737335205078,1846400
2023-11-28,244.9571483423805,247.03276161984564,244.29926707509222,246.03201293945312,1753400
2023-11-29,245.30926157873824,248.43191415944335,244.16028106963537,247.0327606201172,2005200
2023-11-30,248.0613020948173,250.70213078101483,247.718462927555,249.84967041015625,2686400
2023-12-01,250.1461655331878,252.58314011309912,247.97791420035114,252.45343017578125,2303900
2023-12-04,250.9985918027017,253.36142159305896,250.27584153807422,252.53675842285156,2357400
2023-12-05,251.91598446954137,252.03644759025258,248.76553453020878,250.9893798828125,1853600
2023-12-06,251.48975103783144,251.99937224287646,249.37709373841304,249.58094787597656,1765900
2023-12-07,250.64650161423378,253.34292393435328,247.06054694736792,251.3970489501953,2081300
2023-12-08,251.2673232880942,252.00859548431356,249.08979732983252,249.36776733398438,2608200
2023-12-11,251.9993731565393,255.6501974566776,250.5724224661486,252.1661834716797,2838600
2023-12-12,256.7899075145328,256.90109552918966,253.20395265322318,253.88035583496094,2556900
2023-12-13,254.03788643000914,261.16347710976464,253.25026697018507,260.9503479003906,2380000
2023-12-14,260.67239027438296,261.97890604051577,253.96375432275408,256.03936767578125,2935200
2023-12-15,255.99296360193813,258.77277654342925,253.26874465705924,255.23316955566406,8731000
2023-12-18,256.669445500236,256.7621116054201,254.21394924034556,255.26101684570312,2227600
2023-12-19,258.2354353270778,259.9774564798897,256.28956003345337,258.0037841796875,2484100
2023-12-20,257.43849780688635,258.3373052402003,254.8254947905147,254.98300170898438,2561200
2023-12-21,256.2524405070684,259.28245505191046,256.11345549990193,258.8283996582031,1850000
2023-12-22,259.44924664562785,264.71235314807114,259.44924664562785,263.3039245605469,1814200
2023-12-26,263.2668729252875,263.82284129542455,260.9967088073397,263.0630187988281,1330400
2023-12-27,263.6189635973529,266.20419790680825,262.5533741452105,265.4999694824219,1866800
2023-12-28,266.7509119024306,267.82577653154505,266.5192607740281,267.288330078125,1228400
2023-12-29,266.7323551225344,267.31612047611776,265.37027366780626,266.880615234375,1766600
2024-01-02,266.1949409984778,278.5836387027823,266.1949409984778,275.56292724609375,3374900
2024-01-03,278.02771749969776,280.9928637289519,275.2479035139208,278.6207580566406,2771500
2024-01-04,279.37122885162734,282.6977352811111,276.6748066325685,280.9186706542969,3357900
2024-01-05,280.0198666920129,281.252238126905,277.7589496477651,280.7611389160156,1874400
2024-01-08,279.34348322225424,288.2203426360702,278.30569061947375,288.0628356933594,3467700
2024-01-09,285.41272684920375,287.21961705519396,283.48540180351097,284.7085266113281,2603700
2024-01-10,284.61584467026177,285.06062501502004,281.9379440631915,282.2159423828125,2210900
2024-01-11,281.15958783399634,282.2529743230646,277.9813412852884,280.85382080078125,2137100
2024-01-12,282.8367744018804,284.42128860177627,281.13182535925773,284.0135803222656,1567900
2024-01-16,284.0135738312992,285.3942055821584,279.0747556718989,281.2059631347656,1996300
2024-01-17,280.2607766393465,282.2715207567713,279.00060814891776,281.7618713378906,2210400
2024-01-18,280.0661997139973,283.21664924133944,277.5643563459091,282.14178466796875,2357000
2024-01-19,282.364210122914,286.40419232209643,279.00987795301444,285.2181396484375,2566500
2024-01-22,286.04282572326633,289.2488694344831,284.09695058192403,287.3956604003906,2599900
2024-01-23,286.81194819381824,288.45202831301486,286.4135149642887,287.1640625,1775400
2024-01-24,287.17327145981847,289.51757965148494,282.83674102385095,283.0776672363281,1954200
2024-01-25,286.06133296672755,287.54390577353246,283.26299764870504,287.4883117675781,2005400
2024-01-26,287.7756036296316,289.11916336203893,287.1176939894449,288.88751220703125,2035800
2024-01-29,288.58166898827415,290.60165974035334,287.1454435172365,290.44415283203125,2447600
2024-01-30,289.5917505024378,291.8063491920703,287.72926610469074,291.5283508300781,2637000
2024-01-31,292.80701541086177,293.4000558508245,289.67508774690464,291.1947326660156,3456700
2024-02-01,291.4171300500546,300.9796957623579,290.6758577234981,300.73876953125,3883200
2024-02-02,299.886282636761,301.85992639399416,297.20838215950647,299.46929931640625,2585900
2024-02-05,299.78436801888677,305.5200524281654,294.39152276762945,298.3388671875,3563300
2024-02-06,301.51712605328623,302.96262694246866,291.6487928867695,292.8719177246094,5767400
2024-02-07,292.3530066699309,292.3530066699309,273.5985116024341,274.15447998046875,8411300
2024-02-08,275.20154466449554,276.1281491919854,267.5848543174196,273.2093505859375,5946100
2024-02-09,273.2093270451051,273.34831205670787,268.4465666108775,269.7530822753906,3341100
2024-02-12,268.6875117028594,272.9776951214818,267.6589659892527,272.8201599121094,3298500
2024-02-13,272.986948186953,273.83016170621556,265.8335883311289,269.16009521484375,3610100
2024-02-14,268.6041247624495,269.5214541951407,266.4451203794047,268.7801818847656,2617300
2024-02-15,268.8362281122768,271.142834338287,266.7070553266355,269.947509765625,2902000
2024-02-16,268.6774510690223,268.6774510690223,264.53116288256035,264.9327392578125,3596800
2024-02-20,265.07278446987357,266.4268470930518,261.9910686919313,264.7552795410156,3402000
2024-02-21,265.9973333147043,266.8751529535824,262.2245783879592,264.7086181640625,1934300
2024-02-22,263.7934463283488,266.81910533696924,262.69148380775573,266.3148193359375,2992700
2024-02-23,267.5661619149657,272.907774477639,267.0899187372177,270.0502014160156,2462400
2024-02-26,269.2097397872579,270.6945549051944,266.5482668971219,267.42608642578125,2448900
2024-02-27,260.63704504857526,262.61679872388055,258.76000099850467,260.0673828125,3353700
2024-02-28,260.5342551087743,261.8789985639478,258.75994953560325,259.10546875,3027000
2024-02-29,260.0953564556925,261.31869515811434,255.3420731579654,255.71560668945312,5863400
2024-03-01,258.20904868606107,263.2798379923386,256.6962190365672,261.7856750488281,3772700
2024-03-04,264.5218245369341,266.97784962398487,259.28292182484955,260.9078369140625,2470300
2024-03-05,261.122620781511,261.2440256034378,256.8269134989987,258.3490905761719,3064000
2024-03-06,257.1630816196974,260.51559271304365,256.38797177571263,258.29302978515625,2240200
2024-03-07,258.02223919426257,258.49851088283066,251.74677832217154,254.80979919433594,4066300
2024-03-08,254.76311063792335,258.2650411882765,254.01604352002818,255.64093017578125,2251100
2024-03-11,256.35066106271256,259.7872153652238,254.93119365605273,257.1444091796875,1851000
2024-03-12,258.5358284951965,259.7498195144459,256.00510835574465,258.246337890625,1738700
2024-03-13,259.7778566621565,260.1327234986556,257.0043266754135,257.73272705078125,1641000
2024-03-14,258.5265169458579,258.8907314016887,252.55924212089332,253.57713317871094,2370500
2024-03-15,254.09071688841613,256.97630399284685,250.43004842857673,251.08372497558594,8795800
2024-03-18,252.1390040229356,255.48216790718203,251.40125599446816,252.97946166992188,3608300
2024-03-19,252.307095850315,255.08997370191352,251.6814335255191,253.75457763671875,3037500
2024-03-20,253.26893604503127,255.01522743790545,251.42925414209688,254.98721313476562,2564500
2024-03-21,256.4627377798767,259.53510636214395,256.23862332969304,258.6292724609375,2489400
2024-03-22,259.0401442374476,259.8806018474795,256.9016240584377,257.9008483886719,2303100
2024-03-25,258.14361834028216,262.71946824006983,257.1911035566732,262.24322509765625,2954400
2024-03-26,263.48526849327936,265.6798175010416,262.13120567910096,263.1304016113281,3343000
2024-03-27,265.4183261330921,267.84633705761206,263.85878716079844,267.3607177734375,2256300
2024-03-28,268.8175207553632,269.48057347572717,265.4089806318485,265.51171875,2289900
2024-04-01,263.44790575262635,265.05412581931955,260.54365148892333,264.31640625,1868600
2024-04-02,264.59657539833137,265.12887577205055,257.7794941692989,257.938232421875,2220500
2024-04-03,257.45260901830204,258.1810094643928,255.57556504235154,256.2666320800781,1669200
2024-04-04,257.7887542492979,258.4237926105682,250.03782648965432,250.35533142089844,2451200
2024-04-05,248.31022865420525,255.00593273303858,247.54446629674484,252.0923309326172,2293800
2024-04-08,251.65342887659983,252.33511983876625,249.86042775265753,251.39195251464844,1830800
2024-04-09,252.3164204736899,253.34365908366942,250.81291021299663,252.47515869140625,1792600
2024-04-10,250.23397456582035,250.62620337886912,247.1242723647418,248.82388305664062,1949500
2024-04-11,252.34444003584792,254.94053666856553,250.6915391236026,252.1389923095703,2169600
2024-04-12,250.99034729951606,251.4852856599045,248.56236500253604,249.5989227294922,2140100
2024-04-15,252.07363801022194,253.0074862110515,246.86277758905842,247.946044921875,1740000
2024-04-16,249.17868163418743,249.81372001566285,246.35847056779485,248.0674285888672,2017600
2024-04-17,249.8417111440702,250.9903259873514,245.96624750042972,246.60125732421875,2175100
2024-04-18,248.06742603037608,248.32890236165753,245.20982459016662,245.36859130859375,2082700
2024-04-19,247.12424996718968,251.56002884972406,243.4355382337787,251.13978576660156,3380100
2024-04-22,251.98958069327256,255.07129667919165,251.98958069327256,253.9226531982422,2165800
2024-04-23,254.1374425428587,256.3226437365877,253.11952300717513,255.44482421875,2493300
2024-04-24,252.72731187519284,256.6774710366453,251.81213049207122,254.9498748779297,2467100
2024-04-25,255.36082799904742,256.2012857658817,249.5616095604351,251.56005859375,1794000
2024-04-26,248.14217367311502,253.7079016120815,248.14217367311502,252.12037658691406,2436900
2024-04-29,251.37320659341532,258.54515264458547,251.1957731873063,258.096923828125,2678900
2024-04-30,257.8448092403158,257.8541568417972,254.33355943627203,255.81837463378906,2477300
2024-05-01,256.0425061795257,261.32809069095816,255.29543897952414,259.021484375,2323700
2024-05-02,259.32032436261824,260.1981440027349,256.714879749983,259.9740295410156,3177500
2024-05-03,292.6586881515007,301.2594217139705,288.2602428046423,290.6976013183594,9644700
2024-05-06,290.3147486316891,292.0423735946123,277.83852118751173,279.66888427734375,4717600
2024-05-07,281.78869210882266,282.87195943206126,278.76303308449826,280.4346008300781,2452100
2024-05-08,280.26652497256254,287.2237056544179,279.1179098940301,286.98089599609375,2859600
2024-05-09,289.05399472574874,293.7886113255413,286.05635037209936,292.1636962890625,2921300
2024-05-10,292.19175889428635,294.05945517869856,289.3248382580055,289.63299560546875,2611800
2024-05-13,291.5007231058869,291.5007231058869,286.7474389728958,288.0455017089844,1558500
2024-05-14,288.30692535589884,291.7341318187739,287.13026766627166,290.80963134765625,1631100
2024-05-15,293.99409599515,300.1761664947721,292.173080612874,297.9349365234375,3466000
2024-05-16,295.90345832250244,297.3235934171054,292.26380246929324,295.98809814453125,2367800
2024-05-17,296.5147885744421,296.5147885744421,291.8970243540443,293.8720397949219,1974200
2024-05-20,295.6965805564264,297.0132479753015,294.0131118380805,295.81884765625,1394600
2024-05-21,295.4144372254353,297.8220946978878,293.3359825044107,296.11041259765625,1705900
2024-05-22,295.9693226685377,296.251455431327,290.1571294443089,290.9941711425781,2849100
2024-05-23,290.1101337068488,293.4206160207265,286.2635704113891,288.25738525390625,2139700
2024-05-24,288.18215267671206,289.19785935910494,285.81212258246615,287.63665771484375,2425800
2024-05-28,285.06909409334105,285.44530933811353,280.55479816800676,282.3229064941406,2636700
2024-05-29,281.24138196888373,281.26018125215234,278.20361870105285,278.73028564453125,2475900
2024-05-30,279.4920733033918,285.50175930698254,277.90265847777215,283.084716796875,2727100
2024-05-31,284.0345841828377,287.69303916565076,281.67396845150006,287.6460266113281,4488900
2024-06-03,288.5301425888501,292.9410002943508,285.7651264540228,289.1226501464844,2447400
2024-06-04,289.66813014426276,292.41434712350934,288.774661768857,289.07562255859375,1830200
2024-06-05,289.47994675716393,291.8405624885778,288.16327952296234,289.0849609375,1748600
2024-06-06,288.6523766551414,291.5584588516933,286.1977068689612,287.4955749511719,1927900
2024-06-07,288.4642461771351,289.6304330798556,286.3575785590094,286.86541748046875,1925000
2024-06-10,286.42344912293134,287.3451307454349,282.9813142558416,286.5833435058594,1992800
2024-06-11,284.2979427819002,284.57066154300844,281.9561261248693,282.8025817871094,1740200
2024-06-12,283.3574947958843,285.4735767939891,281.60818541949425,283.15997314453125,1640100
2024-06-13,279.2852023907998,281.5235515439312,277.724000639446,280.7335510253906,1732700
2024-06-14,279.89651012487514,281.8997390573449,278.28829580352317,280.8464050292969,1713600
2024-06-17,280.72412306254773,285.8779685141227,278.90900188880113,285.2290344238281,1875900
2024-06-18,284.73059155672667,288.30440748472114,284.0440301695091,287.7777404785156,2166200
2024-06-20,286.68675827919907,291.8311895583537,285.4829439669514,291.44561767578125,2890200
2024-06-21,294.492763822506,294.7843105806733,289.00035927666136,289.8185729980469,6596800
2024-06-24,291.5490460127198,299.39265238711204,289.59285859058014,299.2139587402344,3389300
2024-06-25,300.22967529279083,306.7095726307293,299.4490602102636,300.3049011230469,3150600
2024-06-26,298.3017157305228,298.593262504393,293.1666982119725,294.20123291015625,2800200
2024-06-27,293.17607494342224,297.9349052490384,292.2261802002002,295.0194091796875,2082200
2024-06-28,295.0288419809044,297.8314564297709,292.10393173318266,293.8532409667969,3518100
2024-07-01,294.6902701847289,300.0133953137498,291.7653884772107,292.49896240234375,1769400
2024-07-02,291.78421463313845,293.834456215117,289.32957313109284,292.27325439453125,1542700
2024-07-03,292.9503122859151,293.93783420194586,287.89052173106046,290.9659118652344,1000700
2024-07-05,292.5177448478944,294.7560937652967,290.2041700943056,292.3766784667969,1274400
2024-07-08,292.82809583548294,296.7029009426953,292.12273521687735,292.9221496582031,1167200
2024-07-09,293.07262904356764,297.267165471694,289.32011974965445,297.1072998046875,1852500
2024-07-10,298.1888436343991,303.66244884261147,295.9128961444886,302.52447509765625,2192100
2024-07-11,302.83482347746065,308.468294394413,301.12314149995296,305.74090576171875,2254000
2024-07-12,308.30839376629,313.97949130921404,306.6061259743824,311.13922119140625,2191300
2024-07-15,312.12682878681335,313.00146920026356,308.35549091428726,310.4997863769531,1688800
2024-07-16,310.7912876534624,315.9169196674685,308.4777128434716,313.3117980957031,1879400
2024-07-17,310.35868403575336,316.5752487485005,309.0420165709928,315.69122314453125,1933200
2024-07-18,314.30866759411276,318.8041642803654,310.9887718059513,311.2709045410156,2228400
2024-07-19,313.7914203763917,314.10179512017993,308.8821093397516,311.5718994140625,1848700
2024-07-22,313.3963892247331,317.026630894922,312.68161471922747,315.9732971191406,1733700
2024-07-23,314.4591566918158,316.9796671303247,311.5907016394301,313.40582275390625,1458200
2024-07-24,313.41527488918155,317.1113581143652,310.6784718953675,315.6347961425781,2459300
2024-07-25,315.99215543034194,326.2057925095408,313.19892612399843,314.4027404785156,2435700
2024-07-26,314.6472354580258,318.76654570948,313.44342125359486,314.91998291015625,1515500
2024-07-29,314.19589377407664,314.9106685501344,311.5813576262697,312.7193603515625,1611200
2024-07-30,313.1800869505579,318.4185715695191,311.92926019276445,313.44342041015625,1584000
2024-07-31,311.81641612708387,316.38716800894633,310.8947632575595,312.6816711425781,2120500
2024-08-01,316.08620677706665,320.6005320969904,313.61273753885223,315.5595397949219,2387700
2024-08-02,317.3370773489308,318.21171769610606,306.34285335115294,314.1112060546875,2106200
2024-08-05,312.9167962224459,313.49988976966904,302.2799598785699,305.8631896972656,2974900
2024-08-06,305.8725954128753,313.1613219583153,304.2643525037933,309.3711853027344,2436500
2024-08-07,301.8849105197191,303.7752860351562,288.34199329120815,293.9002380371094,4618400
2024-08-08,295.31097345142723,305.7691154349679,294.1729997110864,305.3647155761719,2746700
2024-08-09,304.48066932945926,305.6938976389528,300.3237314239094,303.295654296875,1786400
2024-08-12,304.6216959294543,304.6216959294543,299.00702494822326,300.9538269042969,1828700
2024-08-13,302.62796204970715,304.7158309281891,300.1733205215844,304.1985778808594,1632800
2024-08-14,301.35826966244434,305.0543524874933,300.54005592114925,303.5213928222656,1656100
2024-08-15,304.60290567431343,307.68768134344907,302.7783707485424,306.0230407714844,1886800
2024-08-16,306.50604322545433,307.6140802809725,303.5229065543486,304.4131164550781,1442500
2024-08-19,304.4320584503018,310.7960970827519,304.3847185414006,310.59722900390625,1214200
2024-08-20,310.7392991644711,312.9932338843867,309.31875498647844,311.1465148925781,1352600
2024-08-21,312.09352766002553,313.45725231007725,310.54041447032665,311.7147216796875,1138200
2024-08-22,312.0462152344525,312.0462152344525,306.00416249739953,307.3394775390625,2172000
2024-08-23,308.98722635598057,313.7413317393868,308.1443853428479,311.3832092285156,1771100
2024-08-26,311.01390780367007,312.7659178560405,308.25804896690084,309.4702453613281,1769900
2024-08-27,311.02336744342915,312.35865328925786,308.3337788675124,309.6122741699219,1444300
2024-08-28,308.6747395954529,313.0026705342339,308.1538850286501,312.03668212890625,1444200
2024-08-29,314.1012391319705,316.56349233603885,311.8094153746413,313.4761962890625,1294300
2024-08-30,314.36639868143686,317.8798694149292,312.8132567026604,316.14678955078125,2173400
2024-09-03,314.309621343385,315.4934081683529,311.6674010577638,313.0027160644531,2120500
2024-09-04,312.4533513678284,313.5613882991668,310.24678594695797,313.1257629394531,1622100
2024-09-05,313.372016525963,314.28115663981754,304.858231635486,307.1784362792969,1977400
2024-09-06,307.50042711204327,309.65017323154353,302.10234850929777,303.5797119140625,2242400
2024-09-09,305.43589979836634,310.44569322171526,303.14410492413015,308.65582275390625,1707800
2024-09-10,309.6785880027589,311.7904737932076,305.31279670494456,311.50634765625,1408400
2024-09-11,310.4456661664818,313.13522585530495,303.3334670207266,312.500732421875,1711000
2024-09-12,312.72803573375427,314.7736226150217,309.1198561921005,312.5765075683594,1590000
2024-09-13,310.5877235424978,316.7339633998336,309.8206321156368,314.83990478515625,1397000
2024-09-16,318.05033242002145,319.6792240528605,315.28502291143747,317.5010681152344,2360600
2024-09-17,316.8570366077635,316.8570366077635,313.54243420285354,315.17132568359375,2014000
2024-09-18,316.2415142016083,321.0429600986257,313.4667250520505,315.2850341796875,1366600
2024-09-19,319.17725882791615,320.7588103515214,316.8854353849329,318.15447998046875,1626100
2024-09-20,317.39684242826627,321.0145010433351,316.5634520770422,319.50872802734375,4068200
2024-09-23,321.04296303409177,321.20397074676265,315.70170340491757,317.83251953125,1677500
2024-09-24,315.5027868934711,317.64308223348155,312.9931651767999,313.39093017578125,2101000
2024-09-25,311.5726977985126,312.0462125368082,295.6247248808419,296.2876281738281,4249500
2024-09-26,297.0641405373855,302.84102498244044,296.7705637697798,302.1970520019531,2555700
2024-09-27,305.60635161609014,310.6066649177305,303.5418058789998,305.57794189453125,2432600
2024-09-30,304.2994928493963,306.1083224662023,301.9035096304839,305.142333984375,1966900
2024-10-01,304.99075910178107,305.1328366104383,300.13252331500837,303.3524169921875,2097400
2024-10-02,300.8049337783937,303.68391106323287,299.431729675479,302.793701171875,2614400
2024-10-03,300.3124471968749,302.79368823765356,298.7498546334027,300.6628723144531,1525300
2024-10-04,301.83720705727785,303.7501960125926,299.66850167107935,302.7274169921875,1467800
2024-10-07,303.1251847523063,303.2483032094872,299.1855675287972,300.634521484375,1262300
2024-10-08,302.2633883902755,303.00207017130674,299.7158769746968,300.852294921875,1453300
2024-10-09,299.88627751902095,305.8809597900654,298.0301083324013,305.3316955566406,1379400
2024-10-10,303.9491009575916,305.48328397892516,301.8656246934077,304.00592041015625,1254600
2024-10-11,305.13286757349493,311.733663286989,303.14410016191636,310.95709228515625,1567200
2024-10-14,308.3433329101968,309.63130806489534,305.50224439662156,307.4247131347656,1613300
2024-10-15,308.75999143446404,309.9911180833147,306.8659326509748,307.8697814941406,1956200
2024-10-16,308.9209790709573,309.4229034599205,304.29947131542514,304.5930480957031,1776700
2024-10-17,308.65585056234215,308.65585056234215,303.5229382351659,304.3089599609375,1635600
2024-10-18,303.62709223457193,305.473811186864,302.2728470834482,304.6214904785156,1552100
2024-10-21,303.20091973931125,304.75403284259323,299.13815574121173,299.9620666503906,1533200
2024-10-22,298.5415343896734,304.0721825357024,297.34829701604133,302.7274169921875,2106500
2024-10-23,299.27076108847393,301.67619488455824,297.08312555127816,298.21954345703125,1526300
2024-10-24,297.77441571900863,300.4355657386408,297.0168038397906,298.9676818847656,1326600
2024-10-25,301.6193561799638,302.2917677998976,298.2005942378503,300.1893615722656,1604400
2024-10-28,301.2121648573081,303.18200216907695,299.16657791095275,300.36932373046875,1816000
2024-10-29,300.21780044976856,302.3012477968277,298.1438037440346,299.26129150390625,1466500
2024-10-30,295.4258211335974,301.0606284987274,294.1757354390956,298.8256530761719,2223600
2024-10-31,300.86173374329144,306.26926283023846,298.92978592321634,303.2008972167969,2713500
2024-11-01,301.80877508136376,304.6593425713598,300.123064054628,302.3106994628906,1826700
2024-11-04,303.59862808180105,303.59862808180105,297.9448622318746,300.123046875,2090100
2024-11-05,299.41280762239234,302.59481241752326,296.4391215426411,302.37701416015625,1472300
2024-11-06,307.78458548909543,308.1539408641847,301.31638676281585,304.74462890625,2208600
2024-11-07,304.94341397756443,305.8620334924825,301.66670091345037,304.8581848144531,2654700
2024-11-08,305.3980424521483,310.86239152716894,304.26159564471635,308.0497131347656,1978100
2024-11-11,308.64637639120707,310.2278994130943,304.5741323512785,304.7635498046875,2457000
2024-11-12,302.6611133645497,304.204775864236,278.23721778167703,283.01025390625,6680300
2024-11-13,289.7909857732446,291.1452308293334,283.07655104159096,285.4725341796875,3725600
2024-11-14,282.12952308824816,282.669336765405,276.84508301900007,280.25439453125,3515600
2024-11-15,276.05905040302014,276.05905040302014,264.8083373095983,268.58697509765625,5324700
2024-11-18,266.69689048012816,268.5869850645581,264.00490404102777,266.10504150390625,3174600
2024-11-19,265.06450465116853,268.81608570606625,263.05027810846184,267.2409973144531,3210300
2024-11-20,268.33880336153356,275.3837753859273,265.914104540213,274.80145263671875,4759200
2024-11-21,275.0973706903206,277.89434932081195,271.240797155671,276.7392883300781,3553200
2024-11-22,277.63663252681937,282.06600282694365,275.670153389208,281.15911865234375,3053200
2024-11-25,280.22358489665675,283.8224553858709,280.17586641895525,280.6531677246094,4695700
2024-11-26,252.2251246502519,267.6133153966362,246.0965625444861,267.2983093261719,17010300
2024-11-27,266.33406771509027,269.856552876733,265.37946532184617,267.3554992675781,6622800
2024-11-29,266.77327405513074,270.76353565613033,265.0359192055727,270.0284729003906,2232800
2024-12-02,269.27430605333296,269.57025968011334,264.3199450396101,265.4750061035156,4677800
2024-12-03,264.42494553173856,268.6061099814369,263.94764418601335,265.6850280761719,5468800
2024-12-04,263.28895840258593,266.7255338190961,261.4274715550959,265.62774658203125,4173900
2024-12-05,264.4249002001837,266.3722975138966,260.749674641728,261.8760986328125,3187000
2024-12-06,262.52527288712463,262.859360494628,259.1555268418228,260.20556640625,3970200
2024-12-09,260.7592917129068,267.2887710527646,259.91923662845187,265.0263671875,3222100
2024-12-10,265.24585637678535,265.2840486366272,259.9955422366384,263.2316589355469,2791400
2024-12-11,263.4703114677045,263.737599024197,258.29635267797875,260.9978942871094,4493500
2024-12-12,261.379727043337,263.3557613525526,259.79508328320463,261.6183776855469,3749200
2024-12-13,260.5683309117656,261.6279550008701,257.7617967931572,258.3345642089844,2906300
2024-12-16,258.3345386745027,260.3105729543176,254.13429326053506,254.40158081054688,3711100
2024-12-17,253.40876611276053,257.9908754947695,252.7882803273656,253.8765411376953,4742500
2024-12-18,253.14150950597042,255.06027004690668,246.93659262975436,247.0320587158203,4093600
2024-12-19,246.28747221824315,249.9245058146142,241.8008428856229,249.33265686035156,4725800
2024-12-20,256.78811047321364,257.3704041008868,250.30635038270262,251.42324829101562,13687600
2024-12-23,251.1654958369803,252.77877668831076,249.0271951672621,252.01510620117188,3025700
2024-12-24,250.5641024346934,252.5401076880746,249.49492304528263,252.4828338623047,1520600
2024-12-26,250.30634934011758,252.71196663041465,249.8767956326792,251.23231506347656,1637300
2024-12-27,249.24672660714236,251.53776685452823,248.68351460985448,250.72634887695312,2157400
2024-12-30,248.98899854349804,249.6858689716274,246.76478716783444,247.52845764160156,3039300
2024-12-31,248.9126247475017,249.66676894880356,247.09888565726908,248.80763244628906,1966200
