Date,Open,High,Low,Close,Volume
2010-01-04,12.792541976442235,13.013923501761296,12.775877986749606,12.909184455871582,62259300
2010-01-05,12.875858540889086,12.899662685057194,12.752074539426218,12.780640602111816,46945200
2010-01-06,12.735417870850467,12.813973226295179,12.716375634251822,12.752081871032715,37551600
2010-01-07,12.787784283465806,12.794925800346663,12.678281932696065,12.759218215942383,31988100
2010-01-08,12.718746616092362,12.742550757819489,12.62114772806456,12.694942474365234,34089600
2010-01-11,12.694947055288093,12.959177754961816,12.640197237138498,12.904426574707031,41963100
2010-01-12,12.854441109401478,13.03297501369872,12.821114471855392,13.028214454650879,45351000
2010-01-13,13.042496515241783,13.140095470172719,12.952040442251002,13.094866752624512,39872100
2010-01-14,13.028210608143544,13.05439571833406,12.89252449954865,12.904426574707031,41316000
2010-01-15,12.935373358305,12.985362623124198,12.759220451398242,12.778264045715332,57262500
2010-01-19,12.833016677262128,12.916332590897346,12.735417724236735,12.86158275604248,43855500
2010-01-20,12.835394715215045,12.840155273225912,12.671143885945112,12.821111679077148,39925800
2010-01-21,12.871102953113272,12.871102953113272,12.578307477096569,12.59735107421875,48086100
2010-01-22,12.606869512611437,12.728272575611912,12.54259722266383,12.6021089553833,58247700
2010-01-25,12.649723813250576,12.668767414146059,12.56402692816801,12.5878324508667,36009900
2010-01-26,12.573540404218587,12.82110703854713,12.552117219871041,12.7615966796875,46752000
2010-01-27,12.74017877825196,12.799689168150993,12.640200233537177,12.711612701416016,39576300
2010-01-28,12.70684824471853,12.723512238462858,12.499748337504005,12.523553848266602,50880300
2010-01-29,12.778265564802453,12.890146183926296,12.711612295716206,12.718753814697266,72842400
2010-02-01,12.763984763139652,12.802071962974681,12.69019132424892,12.730659484863281,33058500
2010-02-02,12.756839239485565,12.787786271482055,12.69494789970315,12.73303508758545,34163700
2010-02-03,12.790165162420195,12.97346093581403,12.768740609631184,12.918709754943848,53966700
2010-02-04,12.825875538061565,12.925855454653211,12.606874830039585,12.60925579071045,63089700
2010-02-05,12.561642378345628,12.742555834494878,12.559261418382453,12.72351360321045,46637400
2010-02-08,12.706848618504454,12.744935802318869,12.597347624511723,12.59972858428955,31517700
2010-02-09,12.666382205134756,12.76397976517992,12.573543840573286,12.6759033203125,32475000
2010-02-10,12.680664058325378,12.73541387663934,12.606870647279795,12.673523902893066,28225200
2010-02-11,12.647332406464644,12.72350810923612,12.594963568834695,12.635430335998535,34738800
2010-02-12,12.642580560945753,12.642580560945753,12.535460490844553,12.592591285705566,51115200
2010-02-16,12.67352656775216,12.787788148167639,12.59259026004542,12.749699592590332,47313600
2010-02-17,12.780646452228092,12.913950265428907,12.771123972939197,12.868722915649414,46602600
2010-02-18,12.664002046513685,12.735414501180413,12.594969189739357,12.72827434539795,88372500
2010-02-19,12.661621269779818,12.754459641558723,12.633056559920734,12.73303508758545,45271200
2010-02-22,12.74017714692782,12.835395120679538,12.697329399265882,12.813970565795898,36291600
2010-02-23,12.794927897736862,12.873481872092984,12.723514079326966,12.763980865478516,42414000
2010-02-24,12.792547112524531,12.84253637746309,12.730655771372534,12.835394859313965,31872600
2010-02-25,12.725894462811008,12.9210909738821,12.675905195469959,12.890145301818848,40530300
2010-02-26,12.906809927268721,12.911570485793558,12.735416199320209,12.871102333068848,47858700
2010-03-01,12.86396512211162,12.8853896858062,12.744942946499943,12.830639839172363,36386100
2010-03-02,12.813972452207452,12.828255490899224,12.728276944267893,12.756841659545898,42245100
2010-03-03,12.699707577132296,12.794926902341325,12.652099276632967,12.773502349853516,34893600
2010-03-04,12.859198971511539,12.875862967842467,12.794928032581112,12.844917297363281,33635400
2010-03-05,12.84729107831909,12.894900723572436,12.735409161131308,12.8877592086792,34125300
2010-03-08,12.856818669556356,12.9210909738821,12.837776436383935,12.890145301818848,22670100
2010-03-09,12.883005953530024,12.973463377299934,12.835396281296479,12.868722915649414,37753800
2010-03-10,12.847892651704448,12.931678146069913,12.814378180001736,12.83831787109375,38091000
2010-03-11,12.840712995906898,12.924499873852648,12.814380290217173,12.919711112976074,32021700
2010-03-12,12.965195251196166,12.984346186090036,12.87662234853488,12.902955055236816,31433700
2010-03-15,13.020252736179547,13.295547576644415,13.01067795431471,13.26682186126709,73121700
2010-03-16,13.376937068869251,13.470297335118758,13.309908131729218,13.40326976776123,55359000
2010-03-17,13.417633803099156,13.43678473497609,13.324273523867607,13.386513710021973,37485600
2010-03-18,13.37932967246126,13.393693211380995,13.295544188472759,13.391300201416016,28416600
2010-03-19,13.247673988342285,13.470303470635818,13.202190339519264,13.247673988342285,51552300
2010-03-22,13.240492246874519,13.391306739600624,13.197402978859833,13.314702987670898,29622300
2010-03-23,13.317098048886729,13.405672349251164,13.312310656099916,13.379338264465332,28107900
2010-03-24,13.341026447046591,13.40566098913821,13.269210136968992,13.3051176071167,26096700
2010-03-25,13.317095703406034,13.40327560730691,13.309913930599036,13.312308311462402,29379300
2010-03-26,13.312303146722616,13.396088637254085,13.278788676553514,13.288363456726074,29841900
2010-03-29,13.285969151253466,13.345814945953704,13.269212602693887,13.343421936035156,29329500
2010-03-30,13.353001380654224,13.417635957338982,13.324275663118172,13.384122848510742,20823900
2010-03-31,13.36018084489905,13.381726156666947,13.28597149844743,13.30990982055664,29900700
2010-04-01,13.345819606382198,13.369759302404596,13.20697567045371,13.283580780029297,35364300
2010-04-05,13.333851813045374,13.341033584873802,13.218946203356365,13.283580780029297,32246400
2010-04-06,13.271612258763648,13.31709590738257,13.235704763961769,13.293157577514648,28701600
2010-04-07,13.285968462500312,13.381723098839148,13.199788604904176,13.23330307006836,38805600
2010-04-08,13.23570207286851,13.33385112306761,13.204581976410951,13.257246017456055,33419100
2010-04-09,13.257247119457645,13.257247119457645,13.077706927462067,13.183037757873535,37605300
2010-04-12,13.17107105255127,13.19022199167458,13.065740202481457,13.17107105255127,35862900
2010-04-13,13.144732517602284,13.216548849949607,13.084885345682412,13.099248886108398,38553300
2010-04-14,13.07770758612507,13.144736548814297,13.008285612486032,13.08010196685791,44060700
2010-04-15,12.962798063764051,13.013070455534766,12.907739651534849,12.95801067352295,52977900
2010-04-16,12.953227043151854,13.068132660987066,12.888592461896671,12.953227043151855,57696000
2010-04-19,12.92688910371548,13.041794675054799,12.92688910371548,13.020249366760254,33946800
2010-04-20,13.044192126736112,13.123188869521808,13.01785942254662,13.051372528076172,27276900
2010-04-21,13.032220238436233,13.063340326936334,12.96997869165354,13.03940200805664,34497900
2010-04-22,13.015466180817898,13.082495137306157,12.962800767831823,13.044193267822266,32763600
2010-04-23,13.039406936746307,13.072920047932305,12.907743393576267,13.0537691116333,49787400
2010-04-26,13.053770038567665,13.094466294761476,12.929288258893308,12.936470031738281,44253000
2010-04-27,12.83114055950593,13.0274373280638,12.814382632939953,12.936470031738281,57523800
2010-04-28,12.907739769680857,12.9508290218104,12.811985115069305,12.83353042602539,44712600
2010-04-29,12.845502960445657,12.981953892773861,12.819170252288478,12.855077743530273,39960000
2010-04-30,12.883804131863483,12.962800882257016,12.84071350097656,12.840713500976562,48838200
2010-05-03,12.898165740956658,12.914923664384347,12.800018059949581,12.864652633666992,36903000
2010-05-04,12.82874517987011,13.063345175264498,12.819170396677647,12.931681632995605,56012700
2010-05-05,12.953222670041932,13.15430811825703,12.883800720593431,13.111217498779297,49829700
2010-05-06,13.010676282402134,13.113612708026956,12.3356049354986,12.742563247680664,72202500
2010-05-07,12.697079324481871,12.835923228980683,12.400239215088614,12.543871879577637,86835300
2010-05-10,12.701868297890508,12.74495892447773,12.407422531791706,12.586962699890137,81270900
2010-05-11,12.5319024681687,12.632444509427721,12.488811847815484,12.558235168457031,58869900
2010-05-12,12.640825373478515,12.655272361705956,12.551737908977012,12.63601016998291,40830300
2010-05-13,12.672124224434642,12.753989559394592,12.607114165608989,12.616745948791504,37374000
2010-05-14,12.61914831837979,12.688974932529273,12.525245699292412,12.549323081970215,55944900
2010-05-17,12.619150254466394,12.741946853799066,12.530062822698403,12.696200370788574,50836200
2010-05-18,12.838260163509581,13.110339088856325,12.809367570040573,12.932164192199707,96683100
2010-05-19,12.888822588056941,12.944202237513414,12.710647700348986,12.770842552185059,61256100
2010-05-20,12.609518615883239,12.751577385946453,12.351886749267578,12.351886749267578,81768000
2010-05-21,12.214648277460345,12.368745803833008,12.1616769083346,12.368745803833008,73645800
2010-05-24,12.289287769651256,12.409677485830104,12.255579971752013,12.279657363891602,40673400
2010-05-25,12.09907685920683,12.159270352947852,12.03888336546581,12.106300354003906,72187200
2010-05-26,12.125555993078216,12.183342542477524,12.04128376965339,12.04369068145752,57234300
2010-05-27,12.16408173029635,12.214644794501949,12.11592557816615,12.20742130279541,41941200
2010-05-28,12.2194629299618,12.262802507979021,12.15926669882951,12.173713684082031,42058500
2010-06-01,12.231502029009365,12.40245483133796,12.164085050911453,12.260396003723145,48160800
2010-06-02,12.335035295808018,12.457831907400982,12.284470850542466,12.453015327453613,40997400
2010-06-03,12.455423617427297,12.53969585588287,12.395228767747527,12.453015327453613,31527300
2010-06-04,12.378372458935475,12.448197699422371,12.09184662847477,12.135186195373535,72125700
2010-06-07,12.149635074140916,12.368742610093749,12.115925904515816,12.217053413391113,58501800
2010-06-08,12.229094768065556,12.274842641566053,12.16649161721511,12.226686477661133,60946500
2010-06-09,12.270029656161617,12.366340623638028,12.180940805722775,12.277253150939941,49592700
2010-06-10,12.33021900641732,12.443385216262783,12.294102922402553,12.332627296447754,47551500
2010-06-11,12.272434475258356,12.344668032975894,12.171308321098111,12.245948791503906,42082200
2010-06-14,12.30614341914214,12.390415671924085,12.253172052637977,12.337444305419922,41700300
2010-06-15,12.327815459631859,12.436165118996007,12.294106278704598,12.433756828308105,42932400
2010-06-16,12.40004525555574,12.419306064241058,12.260393370665197,12.274840354919434,47702100
2010-06-17,12.291693576704123,12.39763628509972,12.270024479252424,12.378374099731445,38001900
2010-06-18,12.378372976739199,12.498761279933989,12.378372976739199,12.412080764770508,76277400
2010-06-21,12.450609085462071,12.491540373036301,12.209831051521675,12.28447151184082,43965600
2010-06-22,12.296508838648123,12.392821143699909,12.183344015709554,12.202606201171875,40974600
2010-06-23,12.221872816222598,12.289289800904653,12.135192261356323,12.233911514282227,47837700
2010-06-24,12.214646053345055,12.238723443021488,12.026839382840185,12.046101570129395,44457600
2010-06-25,12.02683878768736,12.087033636639992,11.749944686889648,11.749944686889648,135999600
2010-06-28,11.812547125221466,11.983499899841394,11.800508430288849,11.935343742370605,44091600
2010-06-29,11.839033112546518,11.860703590632054,11.660858218533317,11.774023056030273,61052400
2010-06-30,11.788469129237383,11.79087741919621,11.559729804057618,11.574176788330078,55166400
2010-07-01,11.581400299685377,11.656042133390116,11.501943952665373,11.63918685913086,54343200
2010-07-02,11.6632652129083,11.6632652129083,11.518798130535515,11.55732250213623,40743900
2010-07-06,11.879962196467785,11.904039579698209,11.619922048811386,11.694563865661621,54676800
2010-07-07,11.716238815823923,11.790880669983817,11.595850461755854,11.778841972351074,48528600
2010-07-08,11.875151283493258,11.875151283493258,11.747538075262938,11.841442108154297,37950000
2010-07-09,11.858295595509306,11.930527760385237,11.834216829477096,11.90163516998291,34821600
2010-07-12,11.985905636053594,12.11833402279834,11.961828248550981,12.067770957946777,40322700
2010-07-13,12.12315451429608,12.205019871908558,12.062961019276068,12.168902397155762,39659400
2010-07-14,12.05091727571469,12.125559115664817,12.048510363290731,12.123150825500488,32124900
2010-07-15,12.120746044175872,12.144823439091029,12.017211592751968,12.13759994506836,36766800
2010-07-16,12.074997158082878,12.118336740856384,11.923306551764863,11.959424018859863,47766600
2010-07-19,11.971461670819561,11.99313077144547,11.81977107773632,11.92330551147461,35688000
2010-07-20,11.860701195830105,12.286877534613568,11.860701195830105,12.250760078430176,48851700
2010-07-21,12.279656620412988,12.279656620412988,12.065364261219925,12.123150825500488,36933300
2010-07-22,12.171308321098111,12.301328449441579,12.16167653712353,12.245948791503906,35952600
2010-07-23,12.257985628467488,12.474686268743744,12.255578716144393,12.440977096557617,39139200
2010-07-26,12.440976099479006,12.440976099479006,12.257984646054675,12.310956001281738,42336300
2010-07-27,12.231499502388814,12.351889201840335,12.197791709173037,12.270025253295898,36885600
2010-07-28,12.231498968441143,12.373557760509978,12.231498968441143,12.310956001281738,27985500
2010-07-29,12.335034375143827,12.467461381266903,12.23149858010702,12.29410171508789,28891500
2010-07-30,12.185756480189424,12.339852638938682,12.159269416146987,12.325407028198242,40654200
2010-08-02,12.412081890820795,12.448199349473919,12.267616189428823,12.378374099731445,41583000
2010-08-03,12.339849799956603,12.436162115845242,12.286879817280287,12.349481582641602,32005800
2010-08-04,12.289295559083369,12.450618046344326,12.282072061314869,12.424132347106934,24206700
2010-08-05,12.433756930359223,12.440980424741543,12.332630764488107,12.42894172668457,22317000
2010-08-06,12.380779329618218,12.469866752624512,12.306138888110237,12.469866752624512,24810900
2010-08-09,12.479502362372106,12.60229898730959,12.472278869406322,12.534880638122559,24796200
2010-08-10,12.498764378360804,12.636007987333802,12.445793015837149,12.573406219482422,26537400
2010-08-11,12.50147901233112,12.50147901233112,12.346482135006127,12.356168746948242,33918900
2010-08-12,12.244763288760904,12.298043806973476,12.111563379010745,12.213279724121094,38390700
2010-08-13,12.189058560743401,12.288353919502827,12.109139190514453,12.206010818481445,30285900
2010-08-16,12.15031408872427,12.24718714021165,12.12367382634256,12.2084379196167,28946100
2010-08-17,12.300467263827596,12.50147901233112,12.268983696343632,12.356168746948242,48946500
2010-08-18,12.351322095276904,12.42882051294679,12.259292377848658,12.317416191101074,47235000
2010-08-19,12.278671282320687,12.341639808065139,12.109144473634402,12.123674392700195,46902300
2010-08-20,12.15030655375165,12.22296164375573,12.116400660312333,12.162415504455566,35105100
2010-08-23,12.247183579144599,12.472414570921957,12.203591065095866,12.385228157043457,43973400
2010-08-24,12.271400084138355,12.525692260918916,12.254447826665334,12.423975944519043,50102400
2010-08-25,12.411868649752588,12.542647594789733,12.373120821136224,12.48452377319336,44527200
2010-08-26,12.501477237658657,12.501477237658657,12.290778907123125,12.3440580368042,35696100
2010-08-27,12.356165478762277,12.411866947149974,12.283511751069026,12.351322174072266,35805000
2010-08-30,12.356165368889387,12.411866836781778,12.237495397462666,12.242340087890625,25507500
2010-08-31,12.232653763309186,12.375541663264439,12.13820307378101,12.143046379089355,76078200
2010-09-01,12.227811633724432,12.455463634480271,12.220545982172705,12.399762153625488,40294500
2010-09-02,12.380384911196359,12.547490703995349,12.380384911196359,12.535380363464355,33618300
2010-09-03,12.559596013106912,12.615297465944591,12.484518575356272,12.603188514709473,28839300
2010-09-07,12.610457084011319,12.729127050856226,12.554755618269546,12.559598922729492,31751400
2010-09-08,12.566867041151307,12.588663994174654,12.477258269242817,12.552335739135742,26880000
2010-09-09,12.608038412929009,12.617726410452986,12.554759276781914,12.571711540222168,21869100
2010-09-10,12.56928712200627,12.61045867957753,12.525694604789201,12.586240768432617,24481200
2010-09-13,12.654054261555343,12.707333395987165,12.5959290498455,12.644366264343262,23604000
2010-09-14,12.63225550289926,12.842953822128122,12.629833157496895,12.75334644317627,33604200
2010-09-15,12.707327706054688,12.859903546911832,12.692796409633873,12.801779747009277,30594300
2010-09-16,12.753343142101773,12.903496645216968,12.726702892695789,12.872013092041016,32228100
2010-09-17,12.876860136745652,12.91560934972421,12.806627361444656,12.83811092376709,62399400
2010-09-20,12.859907265938956,12.997950464516057,12.857484920574722,12.966466903686523,27780300
2010-09-21,12.961623039892023,13.068184058826256,12.91318583516345,12.973731994628906,28275300
2010-09-22,12.961621854721296,13.077869472503297,12.94466959679593,13.034276962280273,29730000
2010-09-23,13.012474761463421,13.058489598149691,12.964037580716692,12.9931001663208,21873600
2010-09-24,13.065761657033748,13.17232128972588,13.039121402415457,13.097245216369629,29305200
2010-09-27,13.05607785740652,13.080295774557962,12.949518190471288,12.951940536499023,25986600
2010-09-28,12.964042813978683,13.07544851324591,12.847795196196682,13.034276962280273,33441900
2010-09-29,13.029434101670125,13.031856447048547,12.862328300867741,12.920452117919922,29592300
2010-09-30,12.964047012897955,13.075452748248335,12.869596312526328,12.961626052856445,32703000
2010-10-01,12.98099922564274,12.985842530971174,12.884126190168026,12.92287540435791,24688200
2010-10-04,12.918030525683037,13.005215554101008,12.869593320954465,12.973731994628906,21427500
2010-10-05,13.063342879752074,13.138418973613726,13.036702617857575,13.077874183654785,30648000
2010-10-06,13.058495561570313,13.230444652317397,13.053652257017955,13.213492393493652,31241400
2010-10-07,13.237713788096142,13.276463006281315,13.087560221183264,13.165060043334961,23309400
2010-10-08,13.162634685168236,13.220758499143946,13.082713921283744,13.177165985107422,26380800
2010-10-11,13.203805199484195,13.257087095915889,13.182009634786084,13.225602149963379,21111900
2010-10-12,13.186854988510841,13.186854988510841,13.017328206307939,13.05849838256836,45104400
2010-10-13,13.121461982726318,13.203803698876673,13.012480014278307,13.034276962280273,40840800
2010-10-14,13.046387091599684,13.046387091599684,12.818735139816262,12.896233558654785,46640700
2010-10-15,12.922874463298346,12.97615497537479,12.840531349805257,12.920452117919922,37677000
2010-10-18,12.896239170448103,13.053658421882668,12.896239170448103,13.019752502441406,27689700
2010-10-19,12.9446681511383,13.019744209570188,12.867168362157878,12.913183212280273,30675000
2010-10-20,12.905923339416509,13.039124645639152,12.896236727571978,12.949517250061035,29226900
2010-10-21,13.002798479987526,13.160216324386058,12.97857917749575,13.085140228271484,28806600
2010-10-22,13.068186451631448,13.102090976790274,13.043967151942049,13.09240436553955,17386500
2010-10-25,13.121459203519628,13.1747396968298,13.053648800399916,13.065757751464844,23889300
2010-10-26,13.039120957579895,13.254663946641159,13.036698612413222,13.213492393493652,30880800
2010-10-27,13.135995049973046,13.230445732469548,12.968889250135566,13.046387672424316,39060900
2010-10-28,13.123885470987922,13.133573466204135,12.97857524321197,13.097245216369629,24550800
2010-10-29,13.08756411057472,13.220765453784665,12.983426768312986,13.119049072265625,24098700
2010-11-01,13.089982201841824,13.198965587506205,13.082716550412112,13.152949333190918,24622500
2010-11-02,13.211072686735667,13.317633722854968,13.196542770176798,13.269196510314941,26547600
2010-11-03,13.264354774569242,13.307948686748778,13.131154849437797,13.298260688781738,27567600
2010-11-04,13.320055388410449,13.441147733285263,13.307947816860574,13.407241821289062,39740400
2010-11-05,13.429040212728726,13.49442969793838,13.295838896271473,13.368494033813477,30784200
2010-11-08,13.298260688781738,13.339432255024159,13.201387638018481,13.298260688781738,29823300
2010-11-09,13.339428507044156,13.370912066473599,13.278882347660742,13.332162857055664,30141300
2010-11-10,13.261930278846085,13.261930278846085,13.099669157679239,13.201385498046875,33710700
2010-11-11,13.20380407457374,13.20380407457374,13.068183235750073,13.160211563110352,37698300
2010-11-12,13.102089322428078,13.160213139937179,13.043965504918976,13.109354972839355,32033400
2010-11-15,13.119038244775016,13.162630745764874,13.046383152604838,13.065757751464844,34378500
2010-11-16,13.215912250792423,13.4048149505837,13.135991504708993,13.14083480834961,70665600
2010-11-17,13.162640870650424,13.184437830802187,12.971315693625,13.022173881530762,43514100
2010-11-18,13.111776820982007,13.235290101727333,13.053653005677209,13.073027610778809,34761900
2010-11-19,13.10208665360329,13.186850710094054,13.06575979472761,13.172319412231445,30922500
2010-11-22,13.126312180348704,13.22318523581309,13.058500348632885,13.169904708862305,28505400
2010-11-23,13.126309492332227,13.140839408340316,12.97131124954838,12.99795150756836,41554200
2010-11-24,13.014903669022715,13.121463303155654,13.014903669022715,13.080291748046875,30937200
2010-11-26,13.002794114252946,13.060917926311308,12.97373151533327,13.01490306854248,12465000
2010-11-29,12.99311340618767,13.058502904647876,12.93983286880798,13.041550636291504,32362800
2010-11-30,13.019748681066543,13.182011191715793,12.9809994661587,13.099669456481934,52670700
2010-12-01,13.17958846678587,13.28372715207607,13.172322815977111,13.247400283813477,53648700
2010-12-02,13.249824382118565,13.295837867025675,13.16990359843097,13.25951099395752,47324700
2010-12-03,13.230448303803847,13.261931870754838,13.152949866453296,13.22802734375,30290700
2010-12-06,13.2909924727996,13.305523774056226,13.19169848103536,13.196541786193848,25898700
2010-12-07,13.208648496619976,13.402394527835911,13.208648496619976,13.341848373413086,47679900
2010-12-08,13.359629444990214,13.381546946934442,13.25978490517142,13.269526481628418,37439100
2010-12-09,13.325530842138074,13.337706762896374,13.228122082626854,13.232992172241211,32198400
2010-12-10,13.2256886678174,13.247606165105049,13.18429080864525,13.218382835388184,36149700
2010-12-13,13.225688706528699,13.2476062038805,13.150197426947596,13.201336860656738,33975600
2010-12-14,13.174553723047252,13.29144429485116,13.155071961079935,13.259786605834961,32238600
2010-12-15,13.206208229064941,13.232994423222747,13.159937492800875,13.206208229064941,31650600
2010-12-16,13.172112879359295,13.303613662719728,13.150195385410134,13.303613662719727,37005900
2010-12-17,13.315792101952024,13.332838114166853,13.242735176062117,13.250041007995605,64686600
2010-12-20,13.286572895259166,13.286572895259166,13.055227517204816,13.094189643859863,40846800
2010-12-21,13.09175092607005,13.116102769645323,13.062527599023777,13.064963340759277,24875700
2010-12-22,13.050356524681456,13.064968193631973,12.94564188627849,12.982171058654785,34376400
2010-12-23,12.9480760164224,13.074708142480935,12.940770182856978,13.052790641784668,27185100
2010-12-27,13.04304880055933,13.08444805877282,12.962687419864949,13.04548454284668,17628600
2010-12-28,13.060095002344053,13.13315193631315,13.03087167137837,13.086882591247559,20367300
2010-12-29,13.045483272621285,13.213513244511192,13.045483272621285,13.169679641723633,22886100
2010-12-30,13.150200800747813,13.196470155842386,13.111237279978216,13.16724681854248,18911400
2010-12-31,13.14289314384994,13.211078599018501,13.099059537424063,13.133152961730957,21281700
2011-01-03,13.206207278085904,13.345013903102442,13.186724130827674,13.286568641662598,42894900
2011-01-04,13.29874686618143,13.364497970866125,13.218384095245652,13.3377103805542,36463200
2011-01-05,13.332838114166853,13.41076513019743,13.228123512195143,13.250041007995605,42646800
2011-01-06,13.22569053299124,13.242737942211901,13.096624059911747,13.140459060668945,46756500
2011-01-07,13.123410296885886,13.186725655739597,13.091752617459031,13.169679641723633,23905800
2011-01-10,13.064963246286492,13.176983676745632,13.03817566116942,13.084444999694824,31437900
2011-01-11,13.138028042077261,13.27683474737986,13.0844528397415,13.2208251953125,36070200
2011-01-12,13.276829269145086,13.471648233021094,13.232995664159445,13.357192039489746,40659900
2011-01-13,13.320665640932626,13.48138980474738,13.318229898509173,13.342581748962402,38596800
2011-01-14,13.327971358488911,13.39128672649309,13.252478671919027,13.347453117370605,27856800
2011-01-18,13.420512902803111,13.491134119519849,13.332844272552453,13.427817344665527,31602600
2011-01-19,13.403463421985558,13.430251016168183,13.32310203288307,13.40102767944336,29685000
2011-01-20,13.42294073853698,13.702991120031864,13.42294073853698,13.634805679321289,58837500
2011-01-21,13.673772988707158,13.695690490089964,13.486259839359997,13.571494102478027,38876400
2011-01-24,13.48869185116265,13.649415969848633,13.466774355841634,13.649415969848633,33222600
2011-01-25,13.666464731383778,13.951385231607581,13.588537709324443,13.944079399108887,61443300
2011-01-26,13.97573952084702,14.063408132712334,13.880766468651135,13.958693504333496,39633600
2011-01-27,13.992784669627897,14.073146041285936,13.885634316157061,14.019572257995605,30519600
2011-01-28,14.048792756389348,14.099932185874826,13.759000798045053,13.807705879211426,43794600
2011-01-31,13.746828895763086,13.773615093060156,13.564187245025858,13.654290199279785,47065500
2011-02-01,13.727350029367214,13.778489479392833,13.615329551792025,13.717608451843262,38554800
2011-02-02,13.676205911168761,13.681077395487028,13.552009536511216,13.603150367736816,42115800
2011-02-03,13.617759704589844,13.646983034710631,13.488693247928211,13.617759704589844,33850800
2011-02-04,13.64698701986368,13.66159868919093,13.556884048088108,13.644551277160645,21318000
2011-02-07,13.654290199279783,13.695689456507896,13.59584492678168,13.654290199279785,20162100
2011-02-08,13.661591902209944,13.751694829223027,13.62506274703924,13.729777336120605,26458200
2011-02-09,13.700553910043919,13.815010070800781,13.661591800559721,13.815010070800781,25743900
2011-02-10,13.673769664275358,13.676204012651386,13.466774806284159,13.537397384643555,47286000
2011-02-11,13.52278785105688,13.608020713435403,13.46921267011406,13.561751365661621,28747500
2011-02-14,13.457040780624986,13.469216708408863,13.313362603262249,13.345020294189453,48821700
2011-02-15,13.34014961413272,13.40590073602582,13.274398492239621,13.381548881530762,33992100
2011-02-16,13.369374443080575,13.442431415761325,13.254919587522556,13.284141540527344,46191300
2011-02-17,13.276833792706258,13.369372518551144,13.235435915788239,13.332844734191895,25617000
2011-02-18,13.315795119338484,13.532528810882724,13.271961511249739,13.486259460449219,59923800
2011-02-22,13.103930998060648,13.152634700636357,12.89450173271621,13.06983757019043,86089800
2011-02-23,13.018697015101413,13.052790440064742,12.88232470869335,12.913982391357422,60355800
2011-02-24,12.938336756546168,12.94807833419228,12.633934401872164,12.685073852539062,70616100
2011-02-25,12.68507490207486,12.704556665533438,12.546266814890366,12.602277755737305,60968400
2011-02-28,12.602274215877213,12.767869855483703,12.585228200181135,12.658285140991211,53704500
2011-03-01,12.702121897189844,12.809270895956294,12.650982443977949,12.680204391479492,52932000
2011-03-02,12.728903086128488,12.753256325136869,12.59496654208509,12.655847549438477,33432600
2011-03-03,12.709426246223966,12.728906613316624,12.590099940386148,12.6655912399292,37542000
2011-03-04,12.760567185638523,12.782484691348875,12.59740724787193,12.680204391479492,47178000
2011-03-07,12.726471247403909,12.733777081202689,12.60227485971528,12.668025970458984,39093600
2011-03-08,12.687507553706777,12.794656529899033,12.665590052614013,12.770304679870605,35746500
2011-03-09,12.818124849577906,12.957905836192532,12.80586498429605,12.916217803955078,34149000
2011-03-10,12.837748285671319,13.212947700668664,12.815677154054505,12.91131591796875,54933900
2011-03-11,12.908854356281587,12.984874744505207,12.786238925763344,12.89659309387207,43617900
2011-03-14,12.83774129432124,12.879429315944233,12.766623710023673,12.830384254455566,30649200
2011-03-15,12.695508265472071,12.837742039107072,12.599869548093533,12.766624450683594,41569800
2011-03-16,12.634196887236646,12.720028531485132,12.499321596013779,12.599865913391113,49214400
2011-03-17,12.688155655214521,12.720035235279067,12.516493679458712,12.597419738769531,32648100
2011-03-18,12.661178309000114,12.724938869370822,12.567990985022503,12.63420295715332,35415600
2011-03-21,12.685702327712642,12.751912897041606,12.673441059199417,12.732295989990234,26150100
2011-03-22,12.744552666419347,12.786240683700944,12.700410431822272,12.751908302307129,25284000
2011-03-23,12.715127414107124,12.722484454886956,12.599870382717874,12.663629531860352,40587000
2011-03-24,12.710218537539724,12.984874744505207,12.695504461363688,12.89659309387207,45207900
2011-03-25,12.889239729890813,12.916215076165749,12.820574956970626,12.83774185180664,22837800
2011-03-28,12.827939232928536,12.874532911575043,12.754370192791276,12.79851245880127,25064100
2011-03-29,12.76417213822803,12.845096769308197,12.761719323899717,12.815670013427734,26129100
2011-03-30,12.881885090236805,12.933382977917576,12.771532273319126,12.840195655822754,25660200
2011-03-31,12.788696040757138,12.830385469540147,12.724936893498896,12.76417350769043,32699100
2011-04-01,12.81321779193572,12.840191731781896,12.732291762761884,12.78378963470459,23879700
2011-04-04,12.827938426104078,12.955458181202376,12.766630662643578,12.91131591796875,27660300
2011-04-05,12.92357358175066,13.043734843168128,12.91621654073129,12.933382034301758,26605200
2011-04-06,12.916219516062286,13.04864347849145,12.916219516062286,12.992239952087402,25095300
2011-04-07,12.96035663510143,13.055996759617397,12.935832698715892,12.99714183807373,36501300
2011-04-08,12.999594918048999,13.033927310825934,12.81812450092074,12.884336471557617,29199900
2011-04-11,12.884340032504825,12.977527380134777,12.850009033451755,12.953004837036133,22400100
2011-04-12,12.921120373972364,13.181064003638822,12.916216147845994,13.12466049194336,40248900
2011-04-13,13.17370438069492,13.232559292311523,13.119752291031643,13.151633262634277,25788900
2011-04-14,13.114851968372108,13.178611117304381,13.05109141622779,13.119754791259766,22244400
2011-04-15,13.132018089294435,13.166350480058204,13.07071034887428,13.132018089294434,26143800
2011-04-18,13.016758569451763,13.156539532469099,12.975070544251924,13.073162078857422,28522200
2011-04-19,13.060903305823468,13.112402604666201,13.021668083487791,13.082974433898926,18443400
2011-04-20,13.181062537290703,13.230107599522434,13.154085788566595,13.166348457336426,22202400
2011-04-21,13.198229656837976,13.225205005678427,13.100138117060002,13.139374732971191,17559900
2011-04-25,13.144276511200246,13.158990590229646,13.053542029205289,13.087874412536621,17441400
2011-04-26,13.092784250762605,13.298777235849188,13.06580889538148,13.22030258178711,35973600
2011-04-27,13.212940657926476,13.391958221498353,13.212940657926476,13.345364570617676,29148300
2011-04-28,13.313480958807418,13.438547793588219,13.311028145164306,13.411572456359863,29473800
2011-04-29,13.342912724098818,13.526834507233083,13.323294419273987,13.482693672180176,29445600
2011-05-02,13.507216813996207,13.507216813996207,13.406672471012,13.497406959533691,24530100
2011-05-03,13.507218379314653,13.676426110297893,13.477790215728659,13.6004056930542,33367800
2011-05-04,13.563624536862214,13.68133441991452,13.536649179927831,13.578338623046875,24491400
2011-05-05,13.52438859376577,13.634741439311671,13.460629421354817,13.504770278930664,33390300
2011-05-06,13.561168453843756,13.62247619603266,13.453268455317382,13.492505073547363,24127800
2011-05-09,13.480245434496611,13.575884176783143,13.414033457831966,13.512125015258789,19639500
2011-05-10,13.524385459748313,13.634738279722061,13.512124191219257,13.617572784423828,26265300
2011-05-11,13.60399871684655,13.727424104255492,13.586718230361377,13.61880874633789,28266600
2011-05-12,13.63608420115723,13.781726697806905,13.554622712778023,13.754572868347168,26850000
2011-05-13,13.76691526128408,13.831096269554546,13.660768987031052,13.754572868347168,26857500
2011-05-16,13.7274180357514,13.939710568744102,13.69532753396119,13.8385009765625,42520500
2011-05-17,13.715080224080245,13.895280902967324,13.636087758678594,13.710142135620117,43771500
2011-05-18,13.700262609551565,13.710135957028912,13.56449490051363,13.621270179748535,34248300
2011-05-19,13.633613435727892,13.724948261923053,13.586711500993264,13.695326805114746,23075400
2011-05-20,13.71260610348896,13.74716564743253,13.62127127574224,13.648425102233887,26396700
2011-05-23,13.574372582133067,13.700266983890298,13.574372582133067,13.631149291992188,22018200
2011-05-24,13.636086381089793,13.65336545146452,13.480569097731026,13.522534370422363,36721800
2011-05-25,13.485504547930763,13.502785029231978,13.37935967884932,13.468225479125977,30593400
2011-05-26,13.460823646899204,13.502788927894308,13.376894497405836,13.483040809631348,17315100
2011-05-27,13.515127122518102,13.59905624591247,13.483036616881915,13.502784729003906,15946500
2011-05-31,13.54721874915636,13.631149291992188,13.52993967930596,13.631149291992188,26703300
2011-06-01,13.571902844760055,13.618803371718759,13.39169939251522,13.404043197631836,33544800
2011-06-02,13.381827986325536,13.381827986325536,13.120165834792877,13.21890640258789,44354700
2011-06-03,13.12016502499432,13.292961361094436,13.093011193964609,13.24605941772461,39862200
2011-06-06,13.295428155804077,13.376889643767809,13.2065609496167,13.270743370056152,33726900
2011-06-07,13.315182559194222,13.40404980737717,13.273217273594359,13.288028717041016,29724900
2011-06-08,13.233714682596842,13.310238074689144,13.189280378321154,13.253462791442871,34981800
2011-06-09,13.263336994479362,13.386763742094388,13.233715535549207,13.236183166503906,34022400
2011-06-10,13.248531205067255,13.29049648664081,13.006617106135641,13.014022827148438,43756200
2011-06-13,13.060918920077734,13.14484803303867,12.979457438015041,12.98933219909668,37635300
2011-06-14,13.048576416109444,13.147315551101086,13.026359263238598,13.060918807983398,26392200
2011-06-15,12.994268966639885,12.994268966639885,12.78444406398745,12.915276527404785,45972000
2011-06-16,12.949837188415186,13.075731575854856,12.88565476663472,13.04117202758789,35231100
2011-06-17,13.097954963286645,13.154730287330043,13.038710594177244,13.038710594177246,61692900
2011-06-20,13.009085570196564,13.206565334240208,13.009085570196564,13.09301471710205,45594300
2011-06-21,13.10782168625329,13.154722213745117,13.021422111936337,13.154722213745117,32673000
2011-06-22,13.10782373294816,13.154724267763179,13.04117367163683,13.085606575012207,31747500
2011-06-23,13.172002693607032,13.255931811877026,13.001675413516395,13.154722213745117,54463200
2011-06-24,13.130039699492805,13.18681641100861,12.922685205251584,12.937495231628418,62301300
2011-06-27,12.915279826993167,13.023893752441937,12.902936019274891,12.90787410736084,30501000
2011-06-28,12.944894440388518,12.967111587524416,12.870838695764707,12.967111587524414,32963100
2011-06-29,12.989332696550946,13.031296548390399,12.94243075773345,12.994269371032715,26600400
2011-06-30,12.99920808099133,13.122633437339738,12.972054248345312,13.117696762084961,29952900
2011-07-01,13.130038654002014,13.24359065549539,13.083138122131704,13.209031105041504,28439400
2011-07-05,13.167061869856687,13.221368098391412,13.088068038587547,13.179404258728027,27637500
2011-07-06,13.189284686993945,13.317648142674964,13.189284686993945,13.260872840881348,24234600
2011-07-07,13.470695876080523,13.529940219715158,13.376891978868208,13.450947761535645,38460900
2011-07-08,13.391696241522789,13.408976717122274,13.273207605251873,13.349732398986816,27399900
2011-07-11,13.285556851442093,13.34973786926409,13.255933973987917,13.29789924621582,22645200
2011-07-12,13.295425994895266,13.433662750110834,13.270741213159367,13.315174102783203,28457100
2011-07-13,13.347267091046005,13.39663807622248,13.290491799964599,13.334924697875977,30460200
2011-07-14,13.211497449575695,13.255930341083195,13.176937906182685,13.238651275634766,46566300
2011-07-15,13.263336058417137,13.32258038459252,13.196686014907812,13.238651275634766,30550500
2011-07-18,13.184344648541122,13.21643515115233,13.127569361228412,13.162127494812012,24658200
2011-07-19,13.18187642087319,13.337393681609106,13.167066396633482,13.322582244873047,25756200
2011-07-20,13.307771185689848,13.32258262284612,13.231247781209762,13.302834510803223,26573700
2011-07-21,13.32998481089464,13.50031205559036,13.307767661044583,13.446005821228027,31831800
2011-07-22,13.473164482707316,13.507724038786241,13.39170297462771,13.458353042602539,20407500
2011-07-25,13.337393681609106,13.428728520654216,13.317645570126476,13.322582244873047,24532800
2011-07-26,13.337395123934092,13.352206562271881,13.209031679167428,13.228779792785645,32794200
2011-07-27,13.191750763389253,13.268275575761308,13.125100712692689,13.144848823547363,36600300
2011-07-28,13.15966473437693,13.218909087085287,13.075735587830955,13.080672264099121,26725800
2011-07-29,13.028828063647028,13.120164314206262,13.001675646584719,13.01154899597168,39579600
2011-08-01,13.031296049329038,13.080667029744792,12.853563062325527,12.98933219909668,32064000
2011-08-02,12.89552663603819,12.972050021289157,12.754820843403532,12.75728988647461,45718800
2011-08-03,12.777038926686561,12.848627063929701,12.591900212256729,12.658550262451172,64366200
2011-08-04,12.586964915654509,12.586964915654509,12.35986093691184,12.367266654968262,78213600
2011-08-05,12.488224836025614,12.569686334453296,12.241374121845094,12.552407264709473,81896700
2011-08-08,12.540062004175153,12.670894477771427,12.038953502228564,12.075982093811035,99128700
2011-08-09,12.179660236499966,12.567216774083526,12.014269615047743,12.545001029968262,71966700
2011-08-10,12.436844090889206,12.446790290503214,12.0116742900812,12.036539077758789,81008700
2011-08-11,12.14593821672111,12.531326047987383,12.14593821672111,12.364740371704102,64798500
2011-08-12,12.456732657240478,12.508946276682268,12.252849143678487,12.369708061218262,45481200
2011-08-15,12.402034640285526,12.451761364963495,12.255338526141973,12.426898002624512,44489100
2011-08-16,12.789910127728714,13.048492810781346,12.710346225250982,12.909255981445312,76786500
2011-08-17,12.859528647907549,12.973902120663267,12.720291809726858,12.817259788513184,46540200
2011-08-18,12.558674668040716,12.916713605627983,12.508947946776823,12.876930236816406,75137100
2011-08-19,12.802340326676223,13.113136606889036,12.799853421493816,13.003735542297363,69107100
2011-08-22,12.988824432247707,13.088279345171214,12.949042467078304,12.97639274597168,41313900
2011-08-23,12.968927128518047,13.229996681213379,12.961467835845081,13.229996681213379,51510000
2011-08-24,13.182753647163118,13.28220993151305,13.130540022643869,13.26977825164795,34187100
2011-08-25,13.27226489765321,13.299615164840223,13.065895863826862,13.103192329406738,32912400
2011-08-26,13.125569500611116,13.237457480727365,12.916714972852287,13.15291976928711,31380600
2011-08-29,13.20513229616396,13.28718309532557,13.177783452491404,13.22502326965332,25431000
2011-08-30,13.142979000734314,13.210109817473478,13.031090986500239,13.13303279876709,40452600
2011-08-31,13.177783452491404,13.272264509529887,13.142973893206358,13.22502326965332,39690600
2011-09-01,13.22751735927539,13.314540593396638,13.090765953063965,13.090765953063965,37477800
2011-09-02,12.991303586655249,13.088271535376485,12.92168447779299,12.936601638793945,32428500
2011-09-06,12.799850723259008,12.876927695089966,12.648182261540914,12.849578857421875,51343200
2011-09-07,12.94157757380611,13.068382710782407,12.891849427493097,13.033573150634766,31210500
2011-09-08,12.949039680928376,13.11562537935634,12.944065869315905,12.981362342834473,34807500
2011-09-09,12.904282553631331,12.973901681723733,12.730237578830012,12.77001953125,36083400
2011-09-12,12.643209904324651,12.886873920960328,12.635750613047167,12.884387016296387,33687900
2011-09-13,12.876926643299932,12.879413547754961,12.73520438907605,12.827199935913086,32312400
2011-09-14,12.857042865172732,13.125570335473233,12.824718783616184,12.978874206542969,37522800
2011-09-15,12.983848878398703,13.055952072143555,12.914229744959268,13.055952072143555,32997600
2011-09-16,13.115629327751343,13.2150856719317,13.065902578376585,13.090765953063965,107053800
2011-09-19,12.97390247184981,13.083303559024856,12.939092905683664,13.041034698486328,27086700
2011-09-20,13.038546265481445,13.157892116029782,12.97141404670866,13.001251220703125,25263600
2011-09-21,13.01865149421935,13.075838920128268,12.752609602109091,12.760068893432617,31421700
2011-09-22,12.593484258350074,12.737694880351622,12.416952405617085,12.50148868560791,63960900
2011-09-23,12.476629060421931,12.670566461877872,12.439332585498647,12.630783081054688,38109000
2011-09-26,12.665591315114387,12.89185135584582,12.63078174975996,12.886878967285156,34081800
2011-09-27,13.018652426514226,13.142972060523338,12.879415631504157,12.936601638793945,34477500
2011-09-28,12.95898217893764,13.033573690137406,12.752613137489975,12.757585525512695,34380600
2011-09-29,12.881906456592185,13.028602588102624,12.760073690364225,12.911742210388184,31033200
2011-09-30,12.891848982066564,13.075841552081428,12.857040845836265,12.904280662536621,40857900
2011-10-03,12.899311825794856,13.157894549812315,12.891852530916513,12.91920280456543,46500600
2011-10-04,12.864500339526055,13.172809719055374,12.83714865026438,13.14794635772705,56092500
2011-10-05,13.103199063123075,13.23994904661908,12.961475266517256,13.090765953063965,40813500
2011-10-06,13.113137991390904,13.152919942221807,13.011196208868668,13.115623474121094,30063600
2011-10-07,13.19767505825836,13.433881294420543,13.152920716617318,13.35183048248291,41738700
2011-10-10,13.473666461308808,13.719817533118354,13.473666461308808,13.627821922302246,36565200
2011-10-11,13.620358727176553,13.622844209934359,13.52338933175207,13.605440139770508,30640500
2011-10-12,13.687490759461372,14.020664952466568,13.675057654984203,13.724785804748535,66291900
2011-10-13,13.685004164703106,13.752136385915874,13.605440261445723,13.680031776428223,31503300
2011-10-14,13.744673912347567,13.791915146816839,13.583059237727136,13.789429664611816,32118000
2011-10-17,13.622843949812399,13.789432468140955,13.545766954210924,13.62035846710205,26910600
2011-10-18,13.660142217127444,13.970938568615841,13.627819555916727,13.896347045898438,42211200
2011-10-19,13.851588776882272,14.030607527054963,13.849103294548694,13.98585319519043,38955600
2011-10-20,13.97342195267408,14.142494510659876,13.936125489357654,14.015690803527832,37937400
2011-10-21,14.10768573985632,14.276758290228075,14.085307862874231,14.152440071105957,43495800
2011-10-24,14.142497184682387,14.172334360977057,14.072879477852945,14.117633819580078,27838500
2011-10-25,14.087797581182333,14.209628919619865,14.060447311425078,14.100229263305664,30312900
2011-10-26,14.19719578814518,14.281733494297331,14.072877556888347,14.264328002929688,38174100
2011-10-27,14.371242800443962,14.411024750020859,14.28421960790516,14.373729705810547,45976500
2011-10-28,14.383674490343992,14.388648301080098,14.162388284888502,14.209628105163574,33878400
2011-10-31,14.067904979023908,14.244436836569268,14.067904979023908,14.102714538574219,28442700
2011-11-01,13.878937078122405,14.107683937895446,13.84412752594575,13.980878829956055,41364300
2011-11-02,14.115141962055471,14.219570619735878,14.057955957839399,14.137519836425781,26760900
2011-11-03,14.184771154838621,14.304117057592405,14.072884548846373,14.276766777038574,28726800
2011-11-04,14.192224108610922,14.296652793884277,14.147469770759342,14.296652793884277,21018300
2011-11-07,14.256870508589234,14.411025931516912,14.184765896908914,14.40605354309082,25560300
2011-11-08,14.425946072120539,14.769065096602004,14.383677209162384,14.749174118041992,60312900
2011-11-09,14.552754636410471,14.652209552433684,14.321522134495922,14.433408737182617,41840400
2011-11-10,14.503022440550884,14.542805818630407,14.299140274986168,14.453295707702637,28230000
2011-11-11,14.547771826097959,14.73176437398209,14.515449176220676,14.719332695007324,25193700
2011-11-14,14.622365762533866,14.664634616272576,14.510479210377241,14.642256736755371,31656300
2011-11-15,14.41351591875913,14.433406899431127,14.229524703221934,14.286710739135742,48017700
2011-11-16,14.197194006018531,14.276757891669863,14.082820564716119,14.092766761779785,35342400
2011-11-17,14.05795762382003,14.219572304869144,13.988338510449337,14.105198860168457,30671400
2011-11-18,14.179789797316023,14.261840587088862,14.075362554124762,14.229517936706543,26946900
2011-11-21,14.154924593477036,14.24443324090967,14.01817329501843,14.08779239654541,29796600
2011-11-22,14.06293329430565,14.204657036438064,14.04801470614121,14.135039329528809,22491900
2011-11-23,14.08530779733638,14.172330977131313,14.003257004831706,14.082820892333984,24781200
2011-11-25,14.09525561390735,14.254383407192654,14.09525561390735,14.14498233795166,12776400
2011-11-28,14.304108554161902,14.420967480953703,14.17233104271575,14.234489440917969,27864300
2011-11-29,14.256871550207851,14.495563284677518,14.256871550207851,14.463240623474121,32451600
2011-11-30,14.609935309554574,14.669609659949844,14.49804874799308,14.644744873046875,44535600
2011-12-01,14.580101621210419,14.706906788322831,14.535347274792809,14.57264232635498,26361900
2011-12-02,14.639766403412871,14.66214427551536,14.430910531932332,14.443342208862305,33597300
2011-12-05,14.485614589335832,14.547772989179165,14.420967861698356,14.505505561828613,31545600
2011-12-06,14.562692682108684,14.672093750499146,14.520425251542566,14.614906311035156,34204800
2011-12-07,14.598645645193223,14.811307616674014,14.57612793947237,14.63867473602295,47263800
2011-12-08,14.608652222006947,14.648682743514916,14.47855374290823,14.506074905395508,31050900
2011-12-09,14.551105466592672,14.633668934662932,14.378474062085798,14.59113597869873,30176700
2011-12-12,14.478548489698287,14.621156276075725,14.451025905592576,14.533589363098145,30111300
2011-12-13,14.54360212113586,14.598644442850619,14.36596579771174,14.411001205444336,32916300
2011-12-14,14.44101954737965,14.541095818669618,14.39098069593271,14.423506736755371,26952600
2011-12-15,14.468543025489824,14.61115227184148,14.468543025489824,14.498566627502441,25672200
2011-12-16,14.586134441733721,14.633672296334684,14.533594561475475,14.578628540039062,44741700
2011-12-19,14.586136013813306,14.653687704741525,14.413504551043196,14.456037521362305,21706200
2011-12-20,14.603650332520408,14.828821682275317,14.57112570925399,14.808806419372559,33202200
2011-12-21,14.808804935361065,14.926395487883688,14.801299033574143,14.858843803405762,25723500
2011-12-22,14.863848750256277,14.896373373522696,14.773779351391598,14.808806419372559,23705100
2011-12-23,14.841325625649015,15.011456014028218,14.796291658456052,15.008955001831055,18571800
2011-12-27,14.998954813642898,15.006460717523593,14.926399651602555,14.968931198120117,14599200
2011-12-28,14.953915606311766,14.99644857367126,14.91888997253804,14.94390869140625,15725100
2011-12-29,14.941403335239608,15.008955001831056,14.846330513251349,15.008955001831055,18996600
2011-12-30,14.983941595317324,14.996450956739276,14.93390414962951,14.951416969299316,13995900
2012-01-03,15.003947677446769,15.276655311719441,14.978928969914397,15.094017028808594,38006400
2012-01-04,15.063998822603583,15.099025884639708,14.878858030076515,14.93890380859375,28779900
2012-01-05,14.848839735563448,14.916391439505103,14.603653076830444,14.866353988647461,38304600
2012-01-06,14.86634452622709,14.873850425399196,14.728738760744974,14.76126480102539,24208200
2012-01-09,14.768768761348866,14.898868623190497,14.741247609197679,14.80629825592041,20037900
2012-01-10,14.868846491587668,14.938900600616508,14.75626085999501,14.771272659301758,20721900
2012-01-11,14.776281735724027,14.89387086794552,14.771278277919915,14.861346244812012,19096800
2012-01-12,14.958923433714247,15.011463326299543,14.861348120394666,14.886366844177246,21709200
2012-01-13,14.806301987617774,14.91388417983089,14.7637690269182,14.896369934082031,23187900
2012-01-17,14.978929999719162,15.03897576088728,14.891363085731841,14.973926544189453,25500000
2012-01-18,14.958923745865851,15.018969543159853,14.923896672876502,15.013964653015137,17734200
2012-01-19,14.993949682163562,15.194102324636654,14.948915695508271,15.164078712463379,27703800
2012-01-20,15.199107085076628,15.32420357104421,15.179091819114385,15.264156341552734,31136400
2012-01-23,15.214112260170694,15.256645218650874,15.139054687630898,15.239130973815918,21402300
2012-01-24,15.199102242773575,15.511841926451613,15.199102242773575,15.359224319458008,22088400
2012-01-25,15.306684896807795,15.4142670992273,15.271657833591235,15.379240036010742,17747400
2012-01-26,15.461806067116914,15.471812983052668,15.204108655109577,15.25414752960205,22308600
2012-01-27,15.226621660357427,15.291670888661915,15.146560631181403,15.189093589782715,18861900
2012-01-30,15.129049102100755,15.341711049950451,15.099025497809185,15.336706161499023,22910700
2012-01-31,15.394253780034003,15.404260695583696,15.156571640672368,15.351720809936523,29284500
2012-02-01,15.459300895568077,15.66946184080028,15.459300895568077,15.556876182556152,36391800
2012-02-02,15.61191473295292,15.629428977532148,15.466804478004445,15.496828079223633,18633900
2012-02-03,15.591902331619435,15.61942349390941,15.43678513559137,15.519347190856934,23181600
2012-02-06,15.474310391497887,15.506835005110329,15.436782321546017,15.481816291809082,16441800
2012-02-07,15.416773297483342,15.4868260093695,15.416773297483342,15.434286117553711,18253200
2012-02-08,15.489328955297715,15.516848692982695,15.319198481035356,15.416773796081543,21780000
2012-02-09,15.406764864026037,15.55187517696354,15.406764864026037,15.501837730407715,19359300
2012-02-10,15.431788357853925,15.489333157108009,15.35673073321236,15.486830711364746,16503000
2012-02-13,15.514352888676843,15.531865715193767,15.444300151003937,15.459310531616211,12525000
2012-02-14,15.489326389613522,15.571889883806657,15.459302780232566,15.566884994506836,15519300
2012-02-15,15.59189855363061,15.621922153073678,15.409260239566672,15.451791763305664,17501100
2012-02-16,15.454296049717588,15.55937579708878,15.436783235690452,15.52184772491455,21769200
2012-02-17,15.59190506712881,15.654453304361969,15.48932773325615,15.631937026977539,24575400
2012-02-21,15.09402712778266,15.136560104328288,14.928900111738267,15.028976440429688,71684400
2012-02-22,14.906382864403751,14.986443922157125,14.603651452922069,14.661194801330566,85890600
2012-02-23,14.65868807992643,14.736246662571912,14.563615252964558,14.646177291870117,44640900
2012-02-24,14.69871472577163,14.748753574892316,14.63616795387558,14.708723068237305,29777700
2012-02-27,14.686211167843197,14.706224995515113,14.583632427201158,14.626165390014648,36776400
2012-02-28,14.621153767724024,14.786280654406594,14.598637506160845,14.74374771118164,32285700
2012-02-29,14.72124044691158,14.843834477217888,14.691218266357668,14.781286239624023,34453200
2012-03-01,14.851339497979987,14.866351303167443,14.671202130544122,14.716236114501953,48851700
2012-03-02,14.75876187966487,14.831316993841295,14.71122547418297,14.763765335083008,29544300
2012-03-05,14.751263015098946,14.908882672962378,14.698721697539947,14.861346244812012,28953000
2012-03-06,14.771275059479093,14.81630903311291,14.698718494908121,14.753762245178223,27171300
2012-03-07,14.788787668536035,14.976430892944336,14.788787668536035,14.976430892944336,44750700
2012-03-08,15.071635188689358,15.099340554089164,14.973408254151561,15.054003715515137,23386800
2012-03-09,15.069122716221502,15.162314187398383,15.069122716221502,15.132089614868164,18878700
2012-03-12,15.154755411136094,15.338616244397098,15.134606180012511,15.283206939697266,22730400
2012-03-13,15.346176682824174,15.38395740250038,15.242911303958667,15.36380672454834,26203800
2012-03-14,15.323498751625436,15.401576447898993,15.285718058923662,15.383946418762207,19125000
2012-03-15,15.336099975932427,15.429289998752362,15.308394600307015,15.421733856201172,20265000
2012-03-16,15.467064884794837,15.482177165612283,15.305871065905887,15.323502540588379,36231300
2012-03-19,15.258018960430633,15.33357893566058,15.22779583505065,15.298318862915039,24755700
2012-03-20,15.195053873549066,15.328542349595917,15.18497853739382,15.263057708740234,23734500
2012-03-21,15.225281526777408,15.29328538218907,15.205132289662366,15.252986907958984,21908400
2012-03-22,15.169865979597954,15.305872193414602,15.169865979597954,15.275649070739746,17132400
2012-03-23,15.26557124339394,15.326018920061207,15.215198900097697,15.300832748413086,20873100
2012-03-26,15.338614113382562,15.444398642974598,15.303352603518551,15.41417407989502,18644400
2012-03-27,15.451955918757243,15.489735184195276,15.368839805369655,15.386469841003418,22054800
2012-03-28,15.401579138808252,15.484695236087838,15.358762934513633,15.411654472351074,21372000
2012-03-29,15.305875003679823,15.351211857796063,15.268095733103083,15.31846809387207,20075100
2012-03-30,15.381431764016469,15.469584818083252,15.343652501353485,15.41417407989502,20824200
2012-04-02,15.383951912566047,15.487217254580168,15.35624654175283,15.454473495483398,19397700
2012-04-03,15.399062196676327,15.467066024177916,15.172383732462052,15.275649070739746,33540300
2012-04-04,15.245423485420856,15.26053576633901,15.116971979989396,15.177419662475586,32555100
2012-04-05,15.162312089234728,15.28572523349001,15.129568326462431,15.280688285827637,19586100
2012-04-09,15.16734558326958,15.197568703548724,15.132084075288564,15.14467716217041,20495100
2012-04-10,15.119498854714129,15.210169703911816,14.99860342832577,15.09431266784668,28659300
2012-04-11,15.184979992070978,15.184979992070978,15.026305322215473,15.061565399169922,23243100
2012-04-12,15.061566212094112,15.162313823988836,15.001118509669423,15.147201538085938,22103100
2012-04-13,15.111933639964295,15.164825177114361,15.048968210588642,15.054003715515137,20077800
2012-04-16,15.096822766194252,15.315946516147068,15.079192732564692,15.258016586303711,20533800
2012-04-17,15.391506000655728,15.603072162372504,15.386467613044271,15.58292293548584,32029200
2012-04-18,15.502324913021843,15.678630995896928,15.502324913021843,15.630776405334473,23871900
2012-04-19,15.605593030013424,15.628260011950658,15.48217846165043,15.55270004272461,19138800
2012-04-20,15.540109459224452,15.739082569241532,15.530034123417861,15.729008674621582,26993100
2012-04-23,14.897849640471225,15.172382684377357,14.892811252718019,14.996076583862305,114021900
2012-04-24,14.925554042051651,14.948222464103006,14.520051727389323,14.550274848937988,90271800
2012-04-25,14.585536397029868,14.716507100584895,14.401674149734735,14.44701099395752,84035400
2012-04-26,14.504944725320229,14.968377140169464,14.49990777675992,14.847481727600098,75278700
2012-04-27,14.905407851324625,14.97592943661447,14.844960160567632,14.867627143859863,27083700
2012-04-30,14.814737730699898,14.85755539160487,14.74169694065194,14.837406158447266,22447800
2012-05-01,14.847473387882186,14.928070284324406,14.729097236677497,14.877697944641113,29747100
2012-05-02,14.849992936201588,14.940663726272692,14.814731432868948,14.86258602142334,22043100
2012-05-03,14.910445032148196,14.910445032148196,14.812216632387791,14.857553482055664,20675700
2012-05-04,14.824813849298742,14.905410786177482,14.779476991414269,14.784515380859375,20833500
2012-05-07,14.746731763740039,14.950743260509162,14.746731763740039,14.907925605773926,25974600
2012-05-08,14.875184599722559,14.95326377459105,14.766882297398373,14.872665405273438,30819900
2012-05-09,14.829049977384257,15.021767306073045,14.775798067429376,14.968515396118164,33472800
2012-05-10,15.049661392205618,15.115591854161332,14.983732381216297,15.009089469909668,23222100
2012-05-11,14.981197850528236,15.125735884786554,14.912732542246221,15.067414283752441,22420800
2012-05-14,14.98372980282022,15.1003744220905,14.940621598686421,14.978658676147461,18603000
2012-05-15,14.948230881720331,15.125733396138225,14.948230881720331,15.049660682678223,31684200
2012-05-16,15.095304442046965,15.128270398508018,14.998947214818877,15.009089469909668,32514300
2012-05-17,15.554274611492561,15.848420304290173,15.531453813479889,15.64048957824707,87877200
2012-05-18,15.688667694943154,15.88138502432106,15.660774320903394,15.830669403076172,49892100
2012-05-21,15.817986143415567,16.000559713712647,15.757128286649873,15.985344886779785,33449700
2012-05-22,15.972673610738331,16.216105126375556,15.949851362034984,16.16031837463379,36223200
2012-05-23,16.07410558961142,16.403753596406293,16.048748497078464,16.3758602142334,47046600
2012-05-24,16.40881927735697,16.528000184436355,16.34542656706955,16.500106811523438,33908100
2012-05-25,16.44686383238005,16.60915011508212,16.431648994606896,16.560972213745117,30539700
2012-05-29,16.583787386102227,16.67507493076495,16.53560950113074,16.654788970947266,30110700
2012-05-30,16.586321875294598,16.723252451946248,16.566035917678285,16.593929290771484,29939100
2012-05-31,16.583789964571743,16.903294244118776,16.57871883657043,16.690292358398438,50296500
2012-06-01,16.591392695831647,16.705501023947242,16.515319993432545,16.621822357177734,45902100
2012-06-04,16.71057428321074,16.768895868548555,16.58378595705105,16.733396530151367,41630400
2012-06-05,16.670003540273594,16.710575459268185,16.59139454036765,16.60914421081543,28023000
2012-06-06,16.634503387203903,16.728325772111045,16.599002593978778,16.718183517456055,32540700
2012-06-07,16.756215234630126,16.756215234630126,16.68014253862287,16.702964782714844,37640100
2012-06-08,16.784111778842032,17.301404468355354,16.756218403332365,17.29886817932129,54037800
2012-06-11,17.34197578563325,17.364798033249507,17.10868653544333,17.1239013671875,31474200
2012-06-12,17.15940435657815,17.205047406693605,17.065580516109716,17.172082901000977,26963400
2012-06-13,17.139118846101567,17.179689318741854,16.979365990046052,17.007259368896484,32246700
2012-06-14,17.014874725714037,17.189841046543005,17.012338435192675,17.149269104003906,29983200
2012-06-15,17.25576787462868,17.258304164824363,17.139124643032172,17.17969512939453,38226000
2012-06-18,17.108686025850073,17.3140818953799,17.098543772300197,17.273509979248047,22660500
2012-06-19,17.26589825901035,17.30647016502715,17.167004782206583,17.194896697998047,23718000
2012-06-20,17.207582070269428,17.380011999289135,17.187294659949888,17.374940872192383,26969400
2012-06-21,17.36733457843353,17.41044278895747,17.161938682595494,17.167011260986328,29530800
2012-06-22,17.265901281220998,17.33183027729701,17.03768463267108,17.065576553344727,34202100
2012-06-25,17.004723785977454,17.301407259272253,17.004723785977454,17.288728713989258,35491800
2012-06-26,17.36479489652335,17.476366923572062,17.306471869028066,17.390151977539062,32435400
2012-06-27,17.392696380615234,17.43326976390707,17.309016226082214,17.392696380615234,26393400
2012-06-28,17.222792272797637,17.331829465567587,17.11375653099368,17.319150924682617,25735200
2012-06-29,17.481439389768695,17.679227828979492,17.385080733362656,17.679227828979492,31990200
2012-07-02,17.648795679245676,17.737546900755472,17.534685929471838,17.58540153503418,31275600
2012-07-03,17.661483529439288,17.945487007617572,17.572732261137762,17.940414428710938,28184100
2012-07-05,17.844052485647243,18.07987655875345,17.844052485647243,18.024089813232422,37321500
2012-07-06,17.93534706253808,18.0950984954834,17.93534706253808,18.0950984954834,24027600
2012-07-09,18.069733433159197,18.196521759033203,18.008875559087492,18.196521759033203,33451200
2012-07-10,18.239625751298874,18.404448215321604,18.16608790085123,18.285268783569336,39984600
2012-07-11,18.290353963311116,18.36896299975446,18.201602667888157,18.323318481445312,36731700
2012-07-12,18.275127316257702,18.41459416936965,18.16609012235782,18.33598518371582,30587400
2012-07-13,18.32584381602502,18.57181158632202,18.29541415534387,18.556596755981445,24540300
2012-07-16,18.490669338891763,18.55659834137884,18.40445292690659,18.505884170532227,24241800
2012-07-17,18.485600286483788,18.53631591796875,18.335991132407898,18.53631591796875,36528900
2012-07-18,18.48306316954445,18.627601177943916,18.439954960644705,18.472919464111328,28485300
2012-07-19,18.472919830356073,18.475456119506216,17.8085542677196,18.138200759887695,50634000
2012-07-20,18.12045454102977,18.381637236534015,18.082418902329124,18.320777893066406,33156000
2012-07-23,18.161018250635873,18.254842062044272,18.069730727713033,18.219341278076172,19969500
2012-07-24,18.17624017719733,18.31824191755357,18.117918577949172,18.292884826660156,22427100
2012-07-25,18.323311048093426,18.374026675318202,18.2244175338097,18.277667999267578,20945700
2012-07-26,18.434885065673974,18.75185302892724,18.43234877640458,18.68085289001465,24577200
2012-07-27,18.72395574007568,18.96738722430297,18.711277198309606,18.896387100219727,32584500
2012-07-30,18.881175352918465,19.07896382889256,18.878640514730982,19.01303482055664,27436800
2012-07-31,18.957240046860537,19.013026776912742,18.873559951782227,18.873559951782227,24968700
2012-08-01,18.942030630305315,18.964852876653723,18.61745530961399,18.668170928955078,29097000
2012-08-02,18.523640206970605,18.805107434232436,18.495746823031137,18.77721405029297,24279000
2012-08-03,18.95217675796119,19.007963511079957,18.827924708008723,18.90399742126465,26220000
2012-08-06,18.997820831955302,18.997820831955302,18.835533142089844,18.835533142089844,18352500
2012-08-07,18.868498159521785,18.916677500128234,18.756926095196143,18.76199722290039,22843500
2012-08-08,18.776783888547108,18.996037739279245,18.720696881580196,18.945049285888672,19734900
2012-08-09,18.937399056202008,18.998586070163345,18.804826463212372,18.82777214050293,15854100
2012-08-10,18.82777280766634,18.929751167882173,18.72069589414309,18.78443145751953,16932600
2012-08-13,18.715599390009782,18.786984984947907,18.65696236895003,18.713050842285156,18903000
2012-08-14,18.825219448588477,18.93484634864621,18.75638388535161,18.868560791015625,21726000
2012-08-15,18.843066559759812,18.998583348951485,18.820120885755816,18.980737686157227,23323200
2012-08-16,18.50399607738755,18.547337440358675,18.30003929660691,18.39436912536621,53439600
2012-08-17,18.46064783495236,18.532031946575934,18.3153281472287,18.35357093811035,29204700
2012-08-20,18.35867015874235,18.460649973699358,18.269440373578554,18.432605743408203,16646100
2012-08-21,18.43260591670297,18.44280302300645,18.21080207824707,18.21080207824707,22902600
2012-08-22,18.190406533215857,18.317880574589537,18.190406533215857,18.297483444213867,19983000
2012-08-23,18.305131180025096,18.340823968356784,18.203152826801304,18.24394416809082,18015300
2012-08-24,18.200601891119376,18.407108576351078,18.19040332772872,18.38416290283203,15570300
2012-08-27,18.39945461231157,18.557519898510836,18.37395894073278,18.48358726501465,17300700
2012-08-28,18.402016729221156,18.537139365917778,18.3969181746705,18.460655212402344,14468100
2012-08-29,18.51163595485,18.616164303019033,18.46574606540569,18.552427291870117,12692400
2012-08-30,18.516738744791965,18.547332983965124,18.394364705726563,18.419858932495117,15711600
2012-08-31,18.50654232463565,18.59832358674874,18.447905309128444,18.509092330932617,17655300
2012-09-04,18.552433054272196,18.825225387675435,18.50144459656663,18.741092681884766,25572300
2012-09-05,18.830323511530317,18.853267731670673,18.705399468581476,18.75128936767578,23892300
2012-09-06,18.860914039985364,19.072519302368164,18.82522125214423,19.072519302368164,19525500
2012-09-07,19.044474128010094,19.069968349996916,18.73853908772822,18.82012176513672,19864200
2012-09-10,18.837972502101824,18.896610979039707,18.73854413428773,18.741092681884766,19500300
2012-09-11,18.794628275854897,18.973090754346654,18.751286929736974,18.881309509277344,15874200
2012-09-12,18.881309628559872,18.955243750959042,18.80227549448162,18.883859634399414,12893400
2012-09-13,18.853265934832912,19.169399562494306,18.853265934832912,19.156652450561523,22222200
2012-09-14,19.08017101927434,19.11841381929604,18.93230129054651,18.993488311767578,25607100
2012-09-17,18.957794150101005,19.03937683289792,18.832870120013187,18.86346435546875,20563800
2012-09-18,18.82777534823567,18.90935804741689,18.784433992240498,18.853269577026367,15912300
2012-09-19,18.929753887405653,19.02663370823222,18.863468308445896,18.96034812927246,16967700
2012-09-20,18.947594004307216,19.075068029650705,18.947594004307216,19.057222366333008,13569600
2012-09-21,19.110760254553313,19.143903033350234,18.950143454151902,18.980737686157227,31686900
2012-09-24,18.916995430934627,19.110754956416375,18.91189687995165,19.05466651916504,13241100
2012-09-25,19.098002489188453,19.133695256403303,18.932287216186523,18.932287216186523,19274100
2012-09-26,18.90680304074395,19.080166960061476,18.901704488096964,18.914451599121094,14414700
2012-09-27,18.960347870942623,18.993489201157214,18.822676702045207,18.860918045043945,16170300
2012-09-28,18.83032626582724,18.88131472587593,18.71814931961803,18.81502914428711,18063000
2012-10-01,18.81503523256228,18.99094781075514,18.81503523256228,18.87877082824707,13986900
2012-10-02,18.86091699191044,18.957796806007586,18.771685737748715,18.802278518676758,12709500
2012-10-03,18.873662282415548,19.05722478550701,18.802276702456258,18.917003631591797,24494100
2012-10-04,18.99603399048217,19.12350655761598,18.99603399048217,19.04957389831543,15002700
2012-10-05,19.10566813268338,19.24843932924532,19.092921017021897,19.15410804748535,15615300
2012-10-08,19.16175578852392,19.261184161716304,19.1362615582921,19.18470001220703,13637700
2012-10-09,19.161753809085443,19.217842276852473,18.899158596619984,18.901708602905273,24921900
2012-10-10,19.03172872768545,19.58241184969103,19.029178721732226,19.228036880493164,58094400
2012-10-11,19.528873328554237,19.531423334498765,19.108212794142386,19.12350845336914,24976500
2012-10-12,19.22802956437222,19.386096320619163,19.19743679864119,19.32745933532715,24087900
2012-10-15,19.34276147866595,19.720080620762886,19.26372735057918,19.669092178344727,29008800
2012-10-16,19.783818812487926,19.783818812487926,19.551817884497055,19.607906341552734,18930300
2012-10-17,19.714992004003665,19.758331910138356,19.49828809688811,19.638507843017578,22483500
2012-10-18,19.63594693821809,19.689486842363753,19.41924315137223,19.518672943115234,21977100
2012-10-19,19.523772144554197,19.556914923299548,19.230584229421293,19.279024124145508,20827500
2012-10-22,19.294324966326904,19.31981919200638,19.143906700716318,19.28667640686035,16276200
2012-10-23,19.13370278584627,19.24587968157576,18.99603167156486,19.059768676757812,17501700
2012-10-24,19.103111746615554,19.12095740945658,18.99858339874112,19.0750675201416,13749600
2012-10-25,19.197444705414053,19.248434614384006,19.09291634025444,19.202543258666992,13298700
2012-10-26,19.17194965941995,19.228036660427755,19.039377068825463,19.149003982543945,13340700
2012-10-31,19.184691759867054,19.294320112097378,18.89915241941741,19.126054763793945,19653600
2012-11-01,19.15410488845399,19.161753448352204,18.64931160568113,18.72579574584961,38830800
2012-11-02,18.728341209231,18.756383976970707,18.537131634597536,18.552427291870117,25690500
2012-11-05,18.52438690413179,18.66205805980765,18.521838356798202,18.646760940551758,14303100
2012-11-06,18.654412260108437,18.937403172956728,18.64421515163823,18.80483055114746,16003200
2012-11-07,18.718141320664333,18.840515323062828,18.575371651199426,18.639108657836914,20429700
2012-11-08,18.613615776429178,18.86091382381881,18.47849464416504,18.47849464416504,21411300
2012-11-09,18.38926026123882,18.509085714530123,18.33572181865015,18.435150146484375,20674200
2012-11-12,18.424956192423657,18.509088878767773,18.330626400420893,18.47849464416504,13148400
2012-11-13,18.348467645744943,18.43260031182682,18.147060998765536,18.307676315307617,26932200
2012-11-14,18.320427891696898,18.356120679237566,18.121569742614216,18.180208206176758,27333900
2012-11-15,17.75954354802614,17.767192105544186,17.298091762005065,17.519895553588867,69146700
2012-11-16,17.486756221033207,17.512251906179607,17.30574517173126,17.34398651123047,36771300
2012-11-19,17.37458164211189,17.62442828239358,17.24710758627455,17.596384048461914,38507100
2012-11-20,17.65247081394599,17.65247081394599,17.45106410089568,17.591283798217773,28183800
2012-11-21,17.555591491740916,17.606581402327162,17.509701593382793,17.56324005126953,21118800
2012-11-23,17.677966752591285,17.90741917792224,17.56069126304173,17.897220611572266,15404700
2012-11-26,17.879372609738002,17.904866834064048,17.70600867493125,17.823284149169922,27219600
2012-11-27,17.820730692253772,17.889566251654973,17.70600524618951,17.718753814697266,22146900
2012-11-28,17.708557586391976,18.052733969961803,17.66521624066568,17.988998413085938,31489200
2012-11-29,17.968609077394746,18.111378817464434,17.879377807499452,18.05784034729004,28861500
2012-11-30,18.093523384987034,18.38671126822639,18.062929156357413,18.361215591430664,37455600
2012-12-03,18.38416867234009,18.4428056890954,18.1878604888916,18.1878604888916,27260400
2012-12-04,18.221001457897128,18.509090876644592,18.215902904517467,18.386716842651367,38461500
2012-12-05,18.44260001075079,18.463108860096995,18.260584522893954,18.368255615234375,28539600
2012-12-06,18.37338551596442,18.419531534847987,18.227260856893032,18.352876663208008,21498300
2012-12-07,18.432345657746524,18.60923429364304,18.419527810728926,18.532325744628906,21849000
2012-12-10,18.47849809469063,18.54515151442092,18.404153670082355,18.496442794799805,17704800
2012-12-11,18.52207037476779,18.637433930422212,18.155475260155146,18.173419952392578,43785000
2012-12-12,17.99653779408033,18.0349928154383,17.665831944947154,17.67352294921875,70205700
2012-12-13,17.69915199279785,17.78118885185842,17.688898302233106,17.69915199279785,42730500
2012-12-14,17.701714430282543,17.765805124269637,17.622243201941586,17.624807357788086,31506900
2012-12-17,17.6786486888885,17.81964650157741,17.660702525898497,17.740175247192383,31595100
2012-12-18,17.71710558053591,17.85810341982777,17.6658327054876,17.817087173461914,34769400
2012-12-19,17.79913382295672,17.817079982089265,17.565845489501953,17.565845489501953,29919600
2012-12-20,17.51713630296027,17.704280089115933,17.47611860738439,17.68889808654785,29058900
2012-12-21,17.655570379723944,17.729914765328083,17.501753296681407,17.599170684814453,39693000
2012-12-24,17.56328086972363,17.64018941576925,17.51200948363222,17.578662872314453,8714400
2012-12-26,17.576100145412713,17.599173151175087,17.363322115541532,17.429975509643555,18278700
2012-12-27,17.440236860650014,17.5402184626234,17.37871028516996,17.48125457763672,22152600
2012-12-28,17.409470060239506,17.522268020987177,17.31461532929697,17.332561492919922,16540200
2012-12-31,17.301796263190884,17.509447455772225,17.271032254269983,17.49150276184082,21037500
2013-01-02,17.67095789810229,17.750429153442383,17.547904780015703,17.750429153442383,31172400
2013-01-03,17.75299642193945,17.77863359500125,17.529963137975663,17.63763427734375,26730300
2013-01-04,17.619686997107248,17.735049124815315,17.51970687760267,17.704286575317383,19314000
2013-01-07,17.645322867106174,17.66839587963056,17.46587001478513,17.53508758544922,18604200
2013-01-08,17.504324285931407,17.660704119030168,17.486379588231515,17.58379554748535,17600700
2013-01-09,17.601735876200692,17.614553722723542,17.488936479745984,17.578662872314453,15165600
2013-01-10,17.601744168827047,17.696597451310737,17.360764726703806,17.52483558654785,34361400
2013-01-11,17.586352730893783,17.63506142466076,17.486372654366882,17.594043731689453,18673500
2013-01-14,17.558151974325547,17.604296509801465,17.460734591836562,17.509443283081055,16471200
2013-01-15,17.481247231439372,17.750426436137605,17.458175692148068,17.683773040771484,18421200
2013-01-16,17.673517359414564,17.783752607593602,17.660699511985644,17.742734909057617,14753700
2013-01-17,17.765806112830997,17.770932957900897,17.6145531814555,17.65044403076172,21697800
2013-01-18,17.650448832968948,17.740175247192383,17.650448832968948,17.740175247192383,23440200
2013-01-22,17.70171831242142,17.855535424960507,17.67864677237665,17.837589263916016,17243700
2013-01-23,17.788880811130007,17.852971520075695,17.727354258629287,17.814517974853516,19096200
2013-01-24,17.85553288855508,17.942695124261057,17.77862434321051,17.891422271728516,27417000
2013-01-25,17.922186413499254,17.945257950442876,17.67095339482409,17.68889808654785,23903100
2013-01-28,17.70941173954938,17.81708431983298,17.63763001936032,17.778629302978516,21164400
2013-01-29,17.742731122326667,17.996528261215165,17.74016843353299,17.917057037353516,28682700
2013-01-30,17.97602351873103,17.97602351873103,17.817081034734596,17.88117027282715,21061800
2013-01-31,17.86578875567008,18.05805940900336,17.86578875567008,17.932443618774414,21048600
2013-02-01,17.973467267503583,18.083701089890592,17.932449553668228,18.070884704589844,19349400
2013-02-04,17.80170131364425,17.91962611362018,17.722228594546156,17.85040855407715,32277900
2013-02-05,17.911939694995528,18.21957253155582,17.883738368038124,18.142663955688477,31576500
2013-02-06,18.06831409946081,18.283656286794066,18.022168087681997,18.28109359741211,29273400
2013-02-07,18.314425160746673,18.36569656491209,18.17599002244561,18.260589599609375,24920700
2013-02-08,18.252892902589295,18.36569083671734,18.21956620689445,18.324674606323242,17719800
2013-02-11,18.26571895745923,18.332372378800095,18.081139236655066,18.30417251586914,18607800
2013-02-12,18.32724553106062,18.37082740411923,18.227265399049323,18.30417251586914,14286000
2013-02-13,18.275966153861688,18.381074563144313,18.25545877019637,18.301603317260742,11905800
2013-02-14,18.227257320630606,18.26058401653047,18.137529456956912,18.155475616455078,20463000
2013-02-15,17.827336567887993,17.94526136492508,17.465866773302963,17.765810012817383,77051100
2013-02-19,17.737607989418052,17.804261382533618,17.57097303972054,17.62737274169922,44046900
2013-02-20,17.617119124109042,17.906805703201556,17.509446565270622,17.742734909057617,35920800
2013-02-21,17.945256541951345,18.322108240748424,17.873476313781705,18.011911392211914,61239300
2013-02-22,18.001659337419568,18.083693262674146,17.917059789160675,18.04780387878418,27495600
2013-02-25,18.07344169694894,18.288785360148655,18.058059692382812,18.058059692382812,35452800
2013-02-26,18.122152952849884,18.30160578630953,18.101644099509038,18.22982406616211,31672800
2013-02-27,18.181109254529744,18.447725725393123,18.09394702381003,18.370817184448242,26457000
2013-02-28,18.352876297667294,18.42722070406493,18.14522361755371,18.14522361755371,56650800
2013-03-01,18.1452192682041,18.432344599160924,18.1452192682041,18.391326904296875,26706900
2013-03-04,18.334934079116554,18.781002044677734,18.33236992213582,18.781002044677734,31701600
2013-03-05,18.834827464029182,18.980953528157162,18.711774399576644,18.89891815185547,27426000
2013-03-06,18.906615113835194,19.00403252819884,18.778436621633787,18.8117618560791,21448800
2013-03-07,18.839964768607683,18.870727315951395,18.76561888980008,18.796382904052734,20040000
2013-03-08,18.91248715373473,18.93570902091574,18.79380154735914,18.842823028564453,17233800
2013-03-11,18.85830776332326,18.897010882454122,18.786064401567376,18.829927444458008,15446100
2013-03-12,18.82217682427896,19.067290050979672,18.793795044114077,18.989885330200195,24460200
2013-03-13,19.064715860887958,19.144701307669898,18.974410568544144,19.002792358398438,15978300
2013-03-14,19.059556175740767,19.093099365166967,18.86862574311075,18.891847610473633,19059600
2013-03-15,18.837659890098188,18.964087573658514,18.68801181969342,18.706073760986328,51585300
2013-03-18,18.65189236677672,18.76541952531631,18.57964754291103,18.641571044921875,17313000
2013-03-19,18.6854375531428,18.801545432826025,18.626094739655855,18.693178176879883,17258400
2013-03-20,18.78606581707483,18.933133251734358,18.768005344368287,18.832508087158203,18960900
2013-03-21,18.801536513423414,18.9563444856055,18.79637511579857,18.868619918823242,16520100
2013-03-22,18.925390828606446,19.167923461722616,18.90990958246668,19.16534423828125,21971400
2013-03-25,19.129215301253026,19.37948994848885,19.124055379756513,19.312406539916992,31316100
2013-03-26,19.33304901690925,19.374331344433312,19.20404063611718,19.291765213012695,19927200
2013-03-27,19.173083363326807,19.340793405200728,19.155022895156765,19.294349670410156,17910900
2013-03-28,19.30982595346609,19.343367657947404,19.191138900120542,19.3072452545166,22104900
2013-04-01,19.351108770607482,19.591062105978732,19.325307685945987,19.462055206298828,25246200
2013-04-02,19.493022443285827,19.622030860573876,19.459480727230265,19.614290237426758,19928400
2013-04-03,19.689112492302076,19.784577708432266,19.536883695865473,19.609127044677734,22361700
2013-04-04,19.598806859868304,19.7587762759761,19.598806859868304,19.660730361938477,22524600
2013-04-05,19.49302004417303,19.71491295917107,19.462059031768014,19.709753036499023,17640900
2013-04-08,19.634932063402694,19.98325273480234,19.565267929122765,19.94196891784668,24225300
2013-04-09,19.92907311194019,20.24385064135415,19.872308038874028,20.156126022338867,26009700
2013-04-10,20.197402249466283,20.22320481790434,19.962610244750977,19.962610244750977,25797000
2013-04-11,19.96002789163788,20.220622443205304,19.936806024879033,20.070974349975586,21387300
2013-04-12,20.029697957430262,20.34447548177558,20.01679740863926,20.269651412963867,19010400
2013-04-15,20.238677379694785,20.455408822244046,20.236096681046448,20.246417999267578,25636500
2013-04-16,20.184503197852987,20.3470518496565,20.132899537303597,20.300609588623047,20563200
2013-04-17,20.261904307356915,20.40123255193069,20.15353855107629,20.256744384765625,21745800
2013-04-18,20.321249671625267,20.39607520231543,19.76651879920526,19.90842628479004,42656700
2013-04-19,19.99615112438271,20.238686712513175,19.97035003149037,20.199983596801758,23521500
2013-04-22,20.199981049779144,20.23868416061047,19.996148603061403,20.117416381835938,15464700
2013-04-23,20.153541004271684,20.439938150354294,20.138059758240647,20.406394958496094,19960800
2013-04-24,20.44251390962895,20.512178028590576,20.10451463588343,20.132896423339844,24250800
2013-04-25,20.17159987803618,20.33930991856883,20.09419513037705,20.29286766052246,17187300
2013-04-26,20.274804668235078,20.421873533548997,20.272225445149164,20.393491744995117,17770800
2013-04-29,20.403819526144815,20.44768257259163,20.163864597198305,20.225788116455078,18470400
2013-04-30,20.197396516174063,20.20255791422026,19.962604578107488,20.05290985107422,23897400
2013-05-01,20.086459276806778,20.29545021045846,20.04517693480484,20.140642166137695,18780900
2013-05-02,20.101932245917368,20.251581792317456,20.073550460847912,20.24384117126465,13558800
2013-05-03,20.36252844152899,20.470894184630613,20.357367043192706,20.447673797607422,16812300
2013-05-06,20.408971902982554,20.424453146164996,20.323826541851737,20.33930778503418,14417100
2013-05-07,20.408971902982554,20.419291747522443,20.323826541851737,20.33930778503418,19713300
2013-05-08,20.391223793284144,20.417179639499164,20.188764925305165,20.310758590698242,24025500
2013-05-09,20.32632833591926,20.495044270611732,20.219908795155636,20.349689483642578,19550400
2013-05-10,20.367861484376547,20.48206808404862,20.318543006598915,20.476877212524414,17493600
2013-05-13,20.453517941583133,20.48985701604632,20.225103236030034,20.37565040588379,23141700
2013-05-14,20.240676388254727,20.469091083098355,20.160211192485512,20.448326110839844,30041100
2013-05-15,20.453515971358314,20.754608796834432,20.41458220725901,20.728652954101562,24003300
2013-05-16,20.271824054495248,20.469092042814218,20.074557551404318,20.37565040588379,36385800
2013-05-17,20.32373386177871,20.399006691616016,20.090126837714067,20.212121963500977,32007900
2013-05-20,20.214713932201917,20.21990628787065,20.079742389366746,20.090124130249023,16747800
2013-05-21,20.147226948309132,20.292581708506617,20.051189167403518,20.087528228759766,22452900
2013-05-22,20.03562671159349,20.19395948171086,19.921418591046184,19.994096755981445,27093900
2013-05-23,19.942181110064013,19.97073313455403,19.791635422051257,19.81239891052246,24144600
2013-05-24,19.80981135520766,20.092734038153232,19.765685213236054,20.0667781829834,22768800
2013-05-28,20.12127772175161,20.25624930079873,20.001878758205933,20.069364547729492,18177600
2013-05-29,19.999278542785305,19.999278542785305,19.742311873530785,19.78643798828125,17646900
2013-05-30,19.853926343900746,19.866902778967322,19.62551019399129,19.630701065063477,18684000
2013-05-31,19.56062654317381,19.630707037037354,19.420462584990272,19.4256534576416,29237100
2013-06-03,19.482752885109146,19.67482849464225,19.373735673954688,19.646276473999023,25321500
2013-06-04,19.66704216743703,19.825374890725367,19.589174637616093,19.71116828918457,28032000
2013-06-05,19.654069141795812,19.713769378470545,19.485353148032672,19.532073974609375,20335800
2013-06-06,19.53725944485304,19.659254569029933,19.425647548048293,19.630701065063477,28275300
2013-06-07,19.825376833431,19.952562854299618,19.77606132046978,19.81239891052246,25041600
2013-06-10,19.799411955891216,19.895449729788172,19.638483111824268,19.66184425354004,20194500
2013-06-11,19.57620010734911,19.682621170600545,19.464589656423737,19.532073974609375,18019200
2013-06-12,19.589178570598474,19.651473498099133,19.376336454383384,19.4256534576416,14193300
2013-06-13,19.410070501226,19.552830573234242,19.352966472422704,19.467174530029297,21718500
2013-06-14,19.42565029708795,19.53726220968757,19.415267068246415,19.43343734741211,19054500
2013-06-17,19.46717675708797,19.583979520584954,19.3399907666082,19.454198837280273,19441800
2013-06-18,19.46717727091284,19.695591933058147,19.415264105084116,19.656658172607422,20219100
2013-06-19,19.6592578839586,19.716360445836777,19.295870113531514,19.327016830444336,24987300
2013-06-20,19.337397610288146,19.378929039481434,18.950650192764446,18.955841064453125,27209100
2013-06-21,19.08302716296738,19.259530168249444,19.012946681776572,19.08043098449707,43693500
2013-06-24,18.961034348616508,19.412672882632894,18.922099095977494,19.259531021118164,29091900
2013-06-25,19.277694486698945,19.402285775475647,19.16608260203277,19.303651809692383,21653400
2013-06-26,19.368541771176805,19.513896544738817,19.347776803525086,19.469770431518555,16435200
2013-06-27,19.591775845820912,19.755300980324677,19.52948091011196,19.534671783447266,21263400
2013-06-28,19.49574114544671,19.63849983914419,19.32443041596401,19.33481216430664,43644900
2013-07-01,19.464582250319612,19.53985359183266,19.233571413942382,19.360755920410156,20093100
2013-07-02,19.28807998242542,19.64368064552299,19.262124141605565,19.391904830932617,20179200
2013-07-03,19.314035504432592,19.4983255357582,19.23097562699789,19.404882431030273,6949200
2013-07-05,19.506108642893427,19.534660657818943,19.314033071824582,19.521682739257812,16331700
2013-07-08,19.643685141239253,19.92660773251846,19.643685141239253,19.911033630371094,20140200
2013-07-09,19.975927957361815,20.100517824197944,19.918823897088163,19.994096755981445,15819300
2013-07-10,19.97592604252209,20.11608851535586,19.84354913604446,19.92660903930664,15432900
2013-07-11,20.103105241411573,20.18097424555191,20.07195704566435,20.149826049804688,14042100
2013-07-12,20.144635178922723,20.160207791568613,20.07195704566435,20.149826049804688,13373100
2013-07-15,20.064178741730316,20.064178741730316,19.908442150799335,19.994096755981445,14661600
2013-07-16,19.981113885158276,20.10310902784245,19.960348912491607,20.08234405517578,14122800
2013-07-17,20.147233277644638,20.191359400670162,20.009665522036556,20.038217544555664,16053900
2013-07-18,20.043404341330586,20.129060391473345,19.988896485867983,20.074552536010742,12449700
2013-07-19,20.103110373689795,20.28999514020122,20.07455834870815,20.266633987426758,20477700
2013-07-22,20.217312834641668,20.31075445608529,20.17578289506055,20.212121963500977,12474600
2013-07-23,20.23548572621365,20.40939107110653,20.193954296038232,20.388626098632812,15758700
2013-07-24,20.422365730377546,20.424960423066018,20.173186118625992,20.30556297302246,14790000
2013-07-25,20.258842089462906,20.365263113002857,20.149826373054204,20.248458862304688,17760600
2013-07-26,20.227696076544817,20.253651917494537,20.01225932916098,20.245864868164062,16047300
2013-07-29,20.20173944775126,20.31075517168566,20.188761526828394,20.243270874023438,10395000
2013-07-30,20.30037556465475,20.33931081674723,20.16540398467549,20.217315673828125,13601100
2013-07-31,20.225102402138788,20.370457208770436,20.175785407092413,20.23029327392578,18122400
2013-08-01,20.35487683651563,20.419767912156978,20.274413150311478,20.30296516418457,15506100
2013-08-02,20.310754324750796,20.440536499023438,20.245864722842263,20.440536499023438,18371700
2013-08-05,20.40679263536575,20.50542512260647,20.357475649131537,20.44572639465332,11718300
2013-08-06,20.39121964229108,20.393815820475325,20.131656777295188,20.212121963500977,20102700
2013-08-07,20.14945003918647,20.272185974901458,20.008436476940044,20.20429039001465,17459100
2013-08-08,20.240842494231455,20.340075392359687,20.089382698717618,20.17294692993164,13424100
2013-08-09,20.16250247500075,20.19122637248067,20.047600908095674,20.0815486907959,17293800
2013-08-12,19.99277362529147,20.20951866559986,19.974494499192094,20.128564834594727,17361000
2013-08-13,20.152058255250644,20.172949315524665,19.90397747483909,20.07110595703125,19143000
2013-08-14,20.058052638345856,20.16511990875596,19.906592787909606,19.950986862182617,20460300
2013-08-15,19.444375010553532,19.606281120856266,19.332085361194217,19.431318283081055,39664500
2013-08-16,19.35558969605804,19.45482113051097,19.245911982361925,19.352977752685547,21763500
2013-08-19,19.292916679016265,19.30597340750405,19.11795382763574,19.214574813842773,16094700
2013-08-20,19.206731255558758,19.225011862061436,19.115332705783587,19.123167037963867,19989300
2013-08-21,19.104896052485884,19.35819926091589,19.044833311636467,19.20673942565918,24233700
2013-08-22,19.274634166222455,19.332084961310326,19.125786280717794,19.183237075805664,11842200
2013-08-23,19.232851698872253,19.25896515281188,19.070945594802655,19.17801284790039,16422300
2013-08-26,19.230241396180386,19.25896529918431,19.070945739746094,19.070945739746094,16044600
2013-08-27,18.979555296952906,19.091844982166812,18.935161213973917,19.026559829711914,17362800
2013-08-28,18.974323026606974,19.02655142434737,18.872479668245965,18.90120506286621,16825800
2013-08-29,18.893379331241757,19.031782481615693,18.862043473726512,18.914270401000977,12264600
2013-08-30,18.969099907676693,19.08138953897828,18.95343123953079,19.05788803100586,18198600
2013-09-03,19.18846389458326,19.214577355012388,18.942993481507276,18.97955322265625,21471000
2013-09-04,18.98477295947952,19.09445067333298,18.919487823294624,19.03961181640625,14002500
2013-09-05,19.0213323187166,19.188460829562352,18.963881519551684,18.976938247680664,14041500
2013-09-06,18.984776277975353,19.104900292084384,18.851595533196413,18.956050872802734,17370600
2013-09-09,19.023945761524292,19.232856432957004,18.984775570973277,19.19629669189453,16569000
2013-09-10,19.23545897471079,19.379085925022615,19.211955975319878,19.313800811767578,20535900
2013-09-11,19.324261273921753,19.38693449072837,19.235473096093536,19.337316513061523,16007400
2013-09-12,19.371252517672115,19.460039140315047,19.264185285436067,19.300745010375977,15785400
2013-09-13,19.358205443702584,19.428712991590587,19.319035247874666,19.41826820373535,12061200
2013-09-16,19.559274273022897,19.635004179889616,19.50443542647274,19.527936935424805,12601800
2013-09-17,19.54361469581749,19.708132806247484,19.53055796382652,19.62456703186035,12875400
2013-09-18,19.627170778847507,19.984930764124094,19.559275203151582,19.956205368041992,20645100
2013-09-19,19.977104758938644,19.9849390969773,19.747302988711027,19.90137481689453,21328500
2013-09-20,19.930091870763214,19.964039658535885,19.802133560180664,19.802133560180664,26542800
2013-09-23,19.687232019771358,19.95881731104821,19.637617056625803,19.956205368041992,16814100
2013-09-24,19.950984726329725,20.037160922135204,19.765575607035522,19.7812442779541,20624400
2013-09-25,19.82302453142859,19.830858866147718,19.20934942281363,19.493989944458008,44916900
2013-09-26,19.527946233545027,19.580174656327944,19.381708741698954,19.486164093017578,15234300
2013-09-27,19.42349059766297,19.444381667620632,19.34253826191973,19.41826820373535,12643800
2013-09-30,19.39736503949582,19.48092926722406,19.25635003164285,19.313800811767578,20257500
2013-10-01,19.290303949522414,19.29552634185535,19.146678447762877,19.217185974121094,17026500
2013-10-02,19.164952973446734,19.251129150390625,19.073554405421923,19.251129150390625,22128300
2013-10-03,19.201517528816716,19.201517528816716,19.050057689652203,19.104896545410156,21538800
2013-10-04,19.065724092177263,19.162345071658024,19.008273295433018,19.01088523864746,17243100
2013-10-07,18.91164992402841,18.91164992402841,18.674013925957414,18.768024444580078,20659200
2013-10-08,18.762800720585187,19.112726329877383,18.7497425013386,19.03699493408203,27672600
2013-10-09,19.01872539245726,19.151906146450873,18.950829790577266,19.06311798095703,19402200
2013-10-10,19.188462431766723,19.551444883349113,19.133622077100476,19.530553817749023,23040600
2013-10-11,19.483548440565894,19.54099774776539,19.27986018632241,19.538387298583984,19587600
2013-10-14,19.413042488769566,19.50966348401365,19.258969193161438,19.501829147338867,17712000
2013-10-15,19.436544636276885,19.682015047826276,19.321644514555096,19.42087745666504,26979900
2013-10-16,19.535774774886676,19.74729735888517,19.473101582692316,19.742074966430664,17743500
2013-10-17,19.713353545097192,19.87787014746748,18.72102705462578,19.78908348083496,19185300
2013-10-18,19.79431069722184,19.828258504668966,19.71074640373739,19.770809173583984,20365500
2013-10-21,19.773416466202313,19.799529930184242,19.53839230187054,19.62456703186035,16092300
2013-10-22,19.697678241159057,19.974485923409325,19.640227449159326,19.930091857910156,20845500
2013-10-23,19.89353113999959,19.93792520329583,19.796910173292716,19.820411682128906,17610300
2013-10-24,19.85436051025153,19.97970687811166,19.799521661093543,19.956205368041992,17592900
2013-10-25,19.94315011258734,20.044993483643587,19.78907833728018,19.867420196533203,19376400
2013-10-28,19.888314698301937,20.162510505975767,19.85958929513399,20.144229888916016,21097200
2013-10-29,20.17294560841142,20.272178500038954,20.042375385008366,20.123329162597656,22312800
2013-10-30,20.17816694565242,20.24606250196026,19.992759389812967,20.084157943725586,13938000
2013-10-31,20.076332481369356,20.146840011089377,20.00321300823496,20.042383193969727,13837200
2013-11-01,20.099840211025565,20.212128402025616,20.00060725742378,20.125953674316406,15348300
2013-11-04,20.16512225123609,20.27741192747336,20.15989985784639,20.19384765625,14112300
2013-11-05,20.058052419511696,20.266964565269618,20.03455090512098,20.217348098754883,15256500
2013-11-06,20.274796553253662,20.44192506742301,20.186009903662892,20.41058921813965,14487600
2013-11-07,20.418425256845826,20.426259593381715,20.17034440827919,20.2408504486084,25042800
2013-11-08,20.23562436617229,20.358360290527344,20.05282719832204,20.358360290527344,17381400
2013-11-11,20.332247674858714,20.64822558729588,20.31396855367513,20.632556915283203,22351500
2013-11-12,20.590770805490187,20.622108143457428,20.43408710414702,20.55421257019043,15798300
2013-11-13,20.478480165588003,20.627329525151907,20.460201048833042,20.60382652282715,24860100
2013-11-14,20.303525067492302,20.76835091104843,20.28524445089234,20.65083885192871,27906300
2013-11-15,20.611663687128868,20.705674215090063,20.564659170271597,20.687395095825195,17733300
2013-11-18,20.69000554472209,20.713508550274053,20.606441295088427,20.687395095825195,17888100
2013-11-19,20.70828190054713,20.72134012027564,20.598604211100675,20.695226669311523,13365000
2013-11-20,20.71089376331134,20.731784822851196,20.496760776589404,20.60382652282715,13533900
2013-11-21,20.562049848204584,20.682172342950874,20.51243189123798,20.593385696411133,11523000
2013-11-22,20.596003677703827,20.857141301552552,20.564666326063566,20.841472625732422,14436300
2013-11-25,20.906753110825807,21.03993383706642,20.867582924268444,21.003374099731445,17011200
2013-11-26,21.005989438263267,21.068662643432617,20.919813220812753,21.068662643432617,16613400
2013-11-27,21.034712527602814,21.152224587573283,20.99031845182083,21.13394546508789,14439900
2013-11-29,21.196612639819882,21.243617151601207,21.105214064872232,21.154829025268555,10341600
2013-12-02,21.123493652489074,21.22533701265729,20.98770250559812,21.180944442749023,18535200
2013-12-03,21.207061767578125,21.23839911135025,21.073881045040178,21.207061767578125,22519200
2013-12-04,21.180798435045954,21.37253968062752,20.989058692409635,21.07048225402832,22923600
2013-12-05,20.939151423699595,20.95228415801782,20.715891934399526,20.8656063079834,19350000
2013-12-06,20.936520612570312,21.07310373088426,20.918135088330576,20.996932983398438,15264300
2013-12-09,21.075735484240013,21.125639275645685,20.933899542710797,20.999563217163086,13474800
2013-12-10,20.93914897650224,20.96016164954463,20.76316765190407,20.771047592163086,18857100
2013-12-11,20.776303066652883,20.939151679489424,20.763170332174226,20.7736759185791,17996400
2013-12-12,20.778931035298985,20.818329240290808,20.592442591269254,20.618709564208984,17074800
2013-12-13,20.679115128896726,20.68962071301534,20.46898841707648,20.508386611938477,14943600
2013-12-16,20.55304094179513,20.61870761646868,20.38231390001306,20.419086456298828,18440700
2013-12-17,20.419087494675182,20.45848569794879,20.282504351358796,20.29038429260254,17296200
2013-12-18,20.29826066955968,20.482121925108185,20.174810282345184,20.471614837646484,31901100
2013-12-19,20.40069776789979,20.442723113682142,20.277248878268477,20.287755966186523,17866200
2013-12-20,20.29825973392737,20.455854015029864,20.290379794430528,20.337657928466797,28706400
2013-12-23,20.416457351413754,20.484749664525676,20.321901076250935,20.453229904174805,13475700
2013-12-24,20.474239488915607,20.550410227682576,20.39018881124934,20.48999786376953,6284700
2013-12-26,20.50313689015702,20.62395864033773,20.479497067932957,20.589813232421875,8334600
2013-12-27,20.644971898705617,20.731648237112516,20.566173997744382,20.61082649230957,9150000
2013-12-30,20.647605939382846,20.718523928790525,20.60032778075958,20.65285873413086,9259500
2013-12-31,20.660729678977916,20.71588926011688,20.5793061355381,20.668609619140625,11577300
2014-01-02,20.676489368048045,20.87348336145888,20.61870564563085,20.726394653320312,20634000
2014-01-03,20.70012737702763,20.784178060037977,20.62395513047284,20.65810203552246,14872200
2014-01-06,20.713256637324786,20.726389366476322,20.432212025237327,20.54252815246582,21840600
2014-01-07,20.532026242486733,20.71063319442496,20.4663610820403,20.60556983947754,15036900
2014-01-08,20.618705140005584,20.62133078467454,20.38231145194264,20.44272232055664,17865600
2014-01-09,20.589817076635544,20.592444225021502,20.35342482203948,20.51102066040039,17748900
2014-01-10,20.56879697970978,20.676487480513185,20.366550212350255,20.497879028320312,15543900
2014-01-13,20.38231669166563,20.479500137131875,20.287760394488565,20.353424072265625,18473700
2014-01-14,20.345543043398756,20.48737898453213,20.324530367043632,20.47687339782715,12264600
2014-01-15,20.476865355485167,20.513636397455834,20.374427659145883,20.398067474365234,14977200
2014-01-16,20.327155974653994,20.348168649416625,20.05399120273979,20.161680221557617,21604500
2014-01-17,20.15380072087858,20.17743903939942,19.969937947719416,20.011964797973633,34322100
2014-01-21,20.027723008321914,20.064494056941488,19.662626143214613,19.920032501220703,26913300
2014-01-22,19.983065764587504,19.983065764587504,19.70727394785997,19.791324615478516,17561100
2014-01-23,19.65737260637072,19.730917706713733,19.560189190374075,19.688892364501953,18018900
2014-01-24,19.62847973396528,19.73091744358087,19.49715091704107,19.547056198120117,27998400
2014-01-27,19.470882866632593,19.533922378542602,19.39208648263445,19.476137161254883,27266100
2014-01-28,19.50502998443278,19.804461680592482,19.463006144366922,19.612720489501953,18070200
2014-01-29,19.775571849595178,19.796584524054627,19.455128939824814,19.463008880615234,25301100
2014-01-30,19.578579880151032,19.723042971463734,19.531301733423778,19.633739471435547,20198700
2014-01-31,19.415722009333816,19.74929903156075,19.342178427571202,19.61534309387207,31634400
2014-02-03,19.486643817568144,19.568067353360707,19.053257669936865,19.084775924682617,31292100
2014-02-04,19.087406698360873,19.200350013300913,18.990223265260155,19.103166580200195,23266500
2014-02-05,18.98234633171841,19.21611293955385,18.98234633171841,19.139942169189453,14322900
2014-02-06,19.1662059665533,19.229243995444975,19.042757056911533,19.126806259155273,22059300
2014-02-07,19.18722058951399,19.384214637654903,19.042758988918468,19.37108039855957,21862800
2014-02-10,19.329057719939602,19.373708724975586,19.163581927908005,19.373708724975586,18612300
2014-02-11,19.41047931980441,19.660005805333135,19.350068435384433,19.64687156677246,19533600
2014-02-12,19.49452402956387,19.74667608283456,19.49452402956387,19.688892364501953,16019400
2014-02-13,19.615342620952365,19.828096429142214,19.58382287028227,19.7939510345459,15750600
2014-02-14,19.804462285422524,19.95943093037526,19.725664389134803,19.906898498535156,14726700
2014-02-18,19.828100933852514,19.870126275664017,19.66262521112925,19.786075592041016,17981400
2014-02-19,19.70202559830471,19.783450646467568,19.544431300443758,19.660001754760742,24390900
2014-02-20,19.187216236456006,19.43674267553154,19.12417821547034,19.310665130615234,39237300
2014-02-21,19.223987766340006,19.279145843894067,19.126802840757495,19.20560073852539,26913000
2014-02-24,19.237129102979793,19.389470671309116,19.210862123345496,19.266021728515625,21964500
2014-02-25,19.22136921578833,19.368457989369016,19.19772938500113,19.266021728515625,28448100
2014-02-26,19.420978822391564,19.725661776699898,19.3815791279933,19.641611099243164,27066600
2014-02-27,19.64161510804222,19.64161510804222,19.460380985654837,19.583829879760742,16344600
2014-02-28,19.562819832745753,19.74930675852195,19.489274719263975,19.620603561401367,22333800
2014-03-03,19.565448984222563,19.61272713539386,19.392094761297585,19.468265533447266,16042800
2014-03-04,19.638983726123698,19.828099251171228,19.61009262115677,19.73354148864746,22631400
2014-03-05,19.78345472247428,19.78608187077546,19.589087830653668,19.64687156677246,16574400
2014-03-06,19.662620591812146,19.728285736570268,19.570689990328546,19.66787338256836,15319800
2014-03-07,19.815920061366285,19.815920061366285,19.65730750891142,19.715465545654297,15163800
2014-03-10,19.69960601403451,19.720754255694217,19.57535914888277,19.675813674926758,14481000
2014-03-11,19.752475691953386,19.818562996109556,19.61501137655398,19.80534553527832,27016800
2014-03-12,19.786839247753562,20.024756542208443,19.77890846958623,19.966598510742188,25882800
2014-03-13,20.014184831931825,20.13843017064694,19.802700926174452,19.8079891204834,17473500
2014-03-14,19.739255083028553,19.844996273558902,19.633513892498204,19.636157989501953,19857000
2014-03-17,19.64144308196994,19.786838152588224,19.5647809141172,19.741897583007812,17341200
2014-03-18,19.736610441700662,19.823847482036772,19.681096511538097,19.765687942504883,11831400
2014-03-19,19.710178913352273,19.855574016732167,19.567427907358024,19.662595748901367,17283300
2014-03-20,19.567425079599136,20.006252911066344,19.525130116031715,19.92694664001465,25912500
2014-03-21,20.061761317394595,20.360479152882455,19.945445283560076,20.11727523803711,51480600
2014-03-24,20.146362090011674,20.3023305528447,20.11992716753597,20.29175567626953,21838500
2014-03-25,20.32347539569025,20.392206787693212,20.133141262930426,20.320831298828125,22146600
2014-03-26,20.3763493492642,20.495308017196983,20.151649475097656,20.151649475097656,23183400
2014-03-27,20.19130193221852,20.307618015811325,20.1014222847596,20.127857208251953,16789800
2014-03-28,20.159577505361042,20.24945714024192,20.03004397814939,20.093488693237305,17613300
2014-03-31,20.183361505478533,20.297031916173193,20.09612449101911,20.204509735107422,14086800
2014-04-01,20.291757071337297,20.42129062060011,20.23359902777917,20.294401168823242,17310000
2014-04-02,20.244169900519307,20.40542502450717,20.18072518718107,20.402782440185547,18234300
2014-04-03,20.408061918819275,20.500585615529825,20.355192099350816,20.47679328918457,18121500
2014-04-04,20.5085245426166,20.59311749750237,20.421287490650144,20.437149047851562,20280600
2014-04-07,20.416000809130118,20.54553433853946,20.37899101320726,20.437149047851562,23027100
2014-04-08,20.37899820288553,20.701508579008337,20.302335999554163,20.667142868041992,22496100
2014-04-09,20.67242207608107,20.677708757167675,20.429216594402522,20.61161994934082,20633400
2014-04-10,20.606331816718168,20.656559065105913,20.262671855395833,20.32611656188965,22798800
2014-04-11,20.297036711106877,20.4159968544329,20.167504719429985,20.223018646240234,23937000
2014-04-14,20.339339582210716,20.500594720908342,20.299685687356266,20.45565414428711,16127700
2014-04-15,20.36313681546938,20.437156434066615,20.207168309449827,20.323484420776367,20785800
2014-04-16,20.43715293603176,20.479449421521576,20.363133330103764,20.413360595703125,15110400
2014-04-17,20.376348651757727,20.553466867858027,20.376348651757727,20.529674530029297,20894100
2014-04-21,20.463583855682508,20.54817681010359,20.40278323693286,20.513811111450195,13785300
2014-04-22,20.49266912646721,20.57461800882997,20.45830341732664,20.50324249267578,19396500
2014-04-23,20.571968525845406,20.693569759680294,20.505879714954997,20.630125045776367,17418600
2014-04-24,20.664491658072755,20.743797926318123,20.540244818205387,20.701499938964844,13042500
2014-04-25,20.70150641158985,20.825753290304803,20.62484421628491,20.783456802368164,16177800
2014-04-28,20.846891102183495,21.1456104659931,20.838960325583837,21.084808349609375,28796100
2014-04-29,21.105968510142965,21.11389929122437,21.034592993052144,21.0610294342041,14087100
2014-04-30,21.03987644844181,21.129756092710874,21.018726695228697,21.071598052978516,18335100
2014-05-01,21.07688524669136,21.07688524669136,20.926203472533597,21.068954467773438,15294000
2014-05-02,21.042514031801428,21.084810502891816,20.886545605575492,20.915624618530273,16860000
2014-05-05,20.84690153427312,20.870693875978127,20.75437777783151,20.783456802368164,13773000
2014-05-06,20.706788754767462,20.72264879877993,20.611620927486154,20.622194290161133,16916700
2014-05-07,20.70731702515795,20.773813494161747,20.622198805221185,20.736576080322266,18258600
2014-05-08,20.7472171833863,20.96798883312122,20.7472171833863,20.930749893188477,14461800
2014-05-09,20.885521128068255,21.0876739725949,20.885521128068255,21.066394805908203,14689200
2014-05-12,20.9999034174155,21.074379757747586,20.92010614262607,21.0531005859375,17999400
2014-05-13,21.058421622238285,21.11162031686895,21.010543862475267,21.05044174194336,13091100
2014-05-14,21.026504156317625,21.026504156317625,20.765833133427616,20.944047927856445,16824900
2014-05-15,20.289713168360333,20.598261978737057,20.281734809184133,20.43600845336914,39107400
2014-05-16,20.481222051658758,20.582296969527235,20.388123968926312,20.4838809967041,21731400
2014-05-19,20.51047779078667,20.515797202419854,20.34822432092812,20.377483367919922,18393900
2014-05-20,20.310987599126904,20.31364806623524,20.08755554422378,20.132774353027344,22310100
2014-05-21,20.199279521217274,20.204598935320664,20.02106621169499,20.124801635742188,17112300
2014-05-22,20.159372460001794,20.193952443568087,20.0130787346317,20.052976608276367,15731100
2014-05-23,20.098192867453953,20.148731080865808,20.063614410278714,20.111492156982422,11110800
2014-05-27,20.138092073826737,20.164690652640356,20.02637530319854,20.106172561645508,16112400
2014-05-28,20.050314001927063,20.199268167142716,20.03967365769435,20.090211868286133,15110700
2014-05-29,20.127457412717508,20.265772801217015,20.100858826392944,20.209915161132812,12010500
2014-05-30,20.23119224226486,20.43068467808843,20.217892949477488,20.420045852661133,17894400
2014-06-02,20.36950734354845,20.51048167154159,20.340248291020593,20.41738510131836,13171200
2014-06-03,20.41205931472676,20.473237868001682,20.31098289610333,20.40407943725586,21640800
2014-06-04,20.37482046953282,20.56101355252937,20.35620177003557,20.51579475402832,18599700
2014-06-05,20.494520193810686,20.59825710262472,20.446642440053783,20.56633758544922,14087400
2014-06-06,20.6035810515481,20.638159521431206,20.49984564189878,20.537084579467773,12566700
2014-06-09,20.499840755001454,20.683373409402034,20.40142478217832,20.4838809967041,16642800
2014-06-10,20.430684637649346,20.465264625235864,20.350887359076562,20.38014793395996,10097100
2014-06-11,20.361528828972432,20.412067057454365,20.228534372023788,20.257793426513672,13389900
2014-06-12,20.228528306799756,20.265767230621943,20.103512245826582,20.14341163635254,16009800
2014-06-13,20.127447119680443,20.15138522632815,19.98115344770237,20.023710250854492,14944500
2014-06-16,19.97849962425678,20.076915593655887,19.954559987643645,20.039676666259766,11540700
2014-06-17,20.02636513868906,20.060943577997477,19.92794922942541,19.946569442749023,19632600
2014-06-18,19.95988269161347,20.20459394399909,19.927964692871203,20.13543701171875,20222100
2014-06-19,20.18331347097698,20.289709329943225,20.16203429918373,20.180654525756836,15765900
2014-06-20,20.257788615314194,20.260447560177592,19.98115941911668,20.13011360168457,33992100
2014-06-23,20.09819528611755,20.199271725105028,20.029038363444563,20.159372329711914,12802200
2014-06-24,20.223212648156643,20.271091929276015,20.130117597328635,20.20725440979004,16956900
2014-06-25,20.151390310729397,20.17267100068344,20.023715303042035,20.114152908325195,12954600
2014-06-26,20.08755984237017,20.111499485448498,19.869448675014347,19.92530632019043,20766300
2014-06-27,19.896041890593494,20.050317012089916,19.86146343015648,20.039676666259766,41882400
2014-06-30,20.05563449798551,20.132771290322854,19.933278903723526,19.967857360839844,19961400
2014-07-01,20.021051306785726,20.060949165869083,19.88273751102548,20.023710250854492,19813500
2014-07-02,20.018395891556597,20.18862923513975,20.015735424810806,20.114152908325195,13100400
2014-07-03,20.11149040370385,20.22852657656119,20.08755077143594,20.14872932434082,8622000
2014-07-07,20.13277403867642,20.271089408029447,20.09553510977295,20.233850479125977,15084000
2014-07-08,20.23916458930965,20.475895870030236,20.223204835102432,20.388118743896484,23881500
2014-07-09,20.420048353395703,20.569002581664993,20.38015047014751,20.537084579467773,18720300
2014-07-10,20.457281160080946,20.632833924570605,20.457281160080946,20.49717903137207,16117500
2014-07-11,20.446646996477718,20.47324710738711,20.364190762076664,20.433347702026367,13642500
2014-07-14,20.515798180671055,20.547717696004554,20.342905879302148,20.36152458190918,14468700
2014-07-15,20.364185242175974,20.46260121204477,20.364185242175974,20.438661575317383,13970700
2014-07-16,20.45462190217355,20.494519775822855,20.401424737307806,20.44398307800293,11172600
2014-07-17,20.36950348946705,20.494518033880926,20.33226456402238,20.377483367919922,13890900
2014-07-18,20.38014672326789,20.507821752597152,20.350886150122733,20.50516128540039,14739900
2014-07-21,20.41738538530106,20.45728478566967,20.34290904129048,20.420045852661133,10372800
2014-07-22,20.4386608761657,20.45196016655722,20.321626207516566,20.38546371459961,13149600
2014-07-23,20.38280437444622,20.497180104543286,20.372165550347397,20.478561401367188,11982900
2014-07-24,20.396106172514802,20.425365225392344,20.26577219024979,20.308330535888672,21684900
2014-07-25,20.265772516487147,20.310989808202304,20.162035596068364,20.20725440979004,11845200
2014-07-28,20.063623695524395,20.19661817436372,20.045004985969214,20.13810157775879,16529700
2014-07-29,20.005099888486512,20.217891602925096,19.989140129402017,20.0662784576416,18880500
2014-07-30,20.183309299620017,20.193949644320774,19.861461322012193,19.89072036743164,29931600
2014-07-31,19.680595262640438,19.74975219761791,19.56089857717082,19.5715389251709,28894800
2014-08-01,19.502379340771956,19.651333538491375,19.475780757395082,19.560895919799805,24671700
2014-08-04,19.518337577594256,19.584835558042816,19.43322089318316,19.560895919799805,16206300
2014-08-05,19.49972008651998,19.555577723888323,19.356085292140534,19.507699966430664,31739700
2014-08-06,19.596054942155845,19.89056997239381,19.593376947831853,19.866474151611328,23804400
2014-08-07,19.903957986628562,20.029796140566503,19.748666491856213,19.799537658691406,21147000
2014-08-08,19.828990959217126,20.00837828775224,19.77276533165191,19.992313385009766,14988900
2014-08-11,19.89057030538929,19.973571278455626,19.818279777764868,19.909313201904297,14164200
2014-08-12,19.89591970241332,19.93072595750946,19.815596750327593,19.871822357177734,11784600
2014-08-13,19.88521908554624,19.922703352644447,19.681734377327654,19.820960998535156,19857300
2014-08-14,19.783476698287004,19.928057776828087,19.70850969624984,19.917348861694336,18408900
2014-08-15,19.986960497280872,19.986960497280872,19.67638052405447,19.78615379333496,20828100
2014-08-18,19.853090409357318,19.994993490486152,19.82631505794852,19.944122314453125,12047100
2014-08-19,20.029796843582666,20.06460311010559,19.850409522246537,20.048538208007812,15143700
2014-08-20,20.035149936966505,20.09405355262796,19.94947250765286,20.069957733154297,14694900
2014-08-21,20.096737424484193,20.324317971154716,20.08067251878107,20.227930068969727,15781800
2014-08-22,20.289504230644315,20.401955465118647,20.252019975141817,20.2761173248291,12413400
2014-08-25,20.329673285135073,20.353770644704504,20.217222004545327,20.26541519165039,10180800
2014-08-26,20.302889641924686,20.38856705846171,20.198470865032586,20.21988868713379,12668700
2014-08-27,20.21721852681041,20.310928421859963,20.19847716061391,20.308250427246094,9601200
2014-08-28,20.206508482562217,20.33234664577424,20.206508482562217,20.321636199951172,8771100
2014-08-29,20.281478848666826,20.316285122322697,20.15831712739964,20.21454429626465,15241500
2014-09-02,20.19311773696209,20.332344324566744,20.19044127483696,20.28147315979004,13597200
2014-09-03,20.33502419985387,20.436765006785727,20.316281303077766,20.35108757019043,14128200
2014-09-04,20.391245739755913,20.50905142544975,20.377858834474782,20.498342514038086,15846900
2014-09-05,20.48763416338679,20.811602513195854,20.476925250881223,20.75269889831543,23525400
2014-09-08,20.65095699139345,20.701828156917728,20.463538762449577,20.490312576293945,17816700
2014-09-09,20.498355647088285,20.616162940292945,20.393935267741593,20.54654884338379,16896000
2014-09-10,20.559929087756576,20.637574082165795,20.447477822200714,20.484960556030273,20091300
2014-09-11,20.44211534411878,20.466211158978734,20.372501297105714,20.375179290771484,14859900
2014-09-12,20.34038198209179,20.361801344742478,20.25738099429934,20.286832809448242,16956900
2014-09-15,20.28950440001277,20.318956205865362,20.24398769423456,20.297536849975586,11245500
2014-09-16,20.252026222271706,20.501026117716492,20.24131730712943,20.434091567993164,12328500
2014-09-17,20.444792678648145,20.474244482097088,20.351082812774155,20.41266441345215,12717000
2014-09-18,20.43140248315046,20.503692983239727,20.324305729690963,20.407306671142578,14255100
2014-09-19,20.468890167057175,20.634890545802804,20.4501472745339,20.57330894470215,39970500
2014-09-22,20.559925986216022,20.57866888233696,20.415346466040376,20.43140983581543,13352100
2014-09-23,20.34841111347852,20.407316270630915,20.23328338988282,20.241315841674805,20124000
2014-09-24,20.276122103883683,20.69915486189199,20.268089652094684,20.6375732421875,25303800
2014-09-25,20.597406666351088,20.629534932350282,20.380535125732422,20.380535125732422,14890500
2014-09-26,20.415350448032832,20.501026366310864,20.31093009794442,20.4796085357666,11258700
2014-09-29,20.364473189383133,20.41534588767969,20.25469993821332,20.369829177856445,14877900
2014-09-30,20.3591215379518,20.541186870295792,20.28683100393533,20.47425079345703,16922100
2014-10-01,20.484953905271173,20.578665305520982,20.324309511209012,20.380535125732422,19574700
2014-10-02,20.404633947272757,20.59205369723607,20.337697884562083,20.409988403320312,14763600
2014-10-03,20.501023225371462,20.744670160904317,20.49031431174003,20.70182991027832,17459100
2014-10-06,20.629534977450597,20.862471417594655,20.61347161043243,20.709857940673828,16289100
2014-10-07,20.624179749629004,20.80089056851085,20.54118032769338,20.696470260620117,21179700
2014-10-08,20.725920844693825,21.015082871650115,20.565274933710786,20.94814682006836,24321300
2014-10-09,20.913352563377718,21.106126847949632,20.7928688270245,20.846416473388672,21218100
2014-10-10,20.865153871324218,21.250702338766065,20.865153871324218,20.96154022216797,30234000
2014-10-13,20.8919205064918,21.039177976567544,20.73663058793441,20.766080856323242,24603600
2014-10-14,20.838377784273845,21.05257136970211,20.79553906718819,20.8785400390625,23703300
2014-10-15,20.7714425880561,20.800894396623267,19.909312285005083,20.13421630859375,63173100
2014-10-16,19.606768180310418,19.831672260101644,19.44076773237329,19.76473617553711,43039800
2014-10-17,19.861118148327744,19.94679404358985,19.55321317044767,19.839698791503906,34386900
2014-10-20,19.850411744936636,20.13957388694111,19.791508118671494,20.118154525756836,21122100
2014-10-21,20.12886333771445,20.401960574430067,20.08334662091733,20.35376739501953,24899100
2014-10-22,20.47424681768869,20.525117981082424,20.351085134316136,20.3564395904541,17782800
2014-10-23,20.447476327059398,20.522443321270444,20.289508355075238,20.415348052978516,19101300
2014-10-24,20.38321120188743,20.482275516445,20.21453437418664,20.450145721435547,13438800
2014-10-27,20.43676220974834,20.61079505352641,20.431407753702317,20.506376266479492,12322200
2014-10-28,20.517090412955724,20.56260713104232,20.348411982189916,20.442123413085938,14938800
2014-10-29,20.495669989454964,20.519767344611267,20.34038000831483,20.452831268310547,17279100
2014-10-30,20.39393023564593,20.509059504857813,20.343060588351104,20.46889877319336,14617200
2014-10-31,20.586704335107562,20.723252966485063,20.351091340816396,20.420703887939453,22712100
2014-11-03,20.442117069201476,20.450147986810517,20.23863243035502,20.42337417602539,20683200
2014-11-04,20.479602821642562,20.715215744260085,20.423375670034304,20.685762405395508,20714700
2014-11-05,20.84908650134423,20.945474372813877,20.69647300986448,20.803569793701172,17021400
2014-11-06,20.924056876650532,20.932089328244825,20.661670096715422,20.833024978637695,13865700
2014-11-07,20.841049961595242,21.173050692360007,20.77946989748493,21.090049743652344,28496400
2014-11-10,21.04453534579087,21.454179521030024,20.996340651735558,21.269437789916992,37921500
2014-11-11,21.258732456446612,21.26408691267608,21.1114734198868,21.154312133789062,16807200
2014-11-12,21.106122492912228,21.269444925470363,21.057929314721886,21.20518684387207,20373600
2014-11-13,21.676415295738565,22.23867315234558,21.64963994482693,22.206544876098633,68437200
2014-11-14,22.110156455960606,22.262769977586103,21.981640289970784,22.211898803710938,31909800
2014-11-17,22.110154583680163,22.415381601084633,22.096767675694014,22.375219345092773,23980200
2014-11-18,22.356477471792044,22.46893026168406,22.313640283495282,22.434123992919922,18289200
2014-11-19,22.479639384045733,22.929445921026,22.468928938577122,22.755413055419922,36569400
2014-11-20,22.707217211989732,22.835733350307454,22.501054566242658,22.6456356048584,23438100
2014-11-21,22.849124728051308,22.875898545765423,22.64564003654362,22.664382934570312,19948800
2014-11-24,22.71792764872541,22.92141231406723,22.696508290901708,22.86518669128418,23986500
2014-11-25,22.891960805300304,22.89463726754249,22.594766254084195,22.74470329284668,20026500
2014-11-26,22.731319965030995,22.787547133227243,22.618868692705863,22.75274085998535,11828400
2014-11-28,23.074028903505578,23.585415565526787,22.999060375065014,23.43815803527832,23461800
2014-12-01,23.21860801242097,23.312316367015963,22.95889617938794,23.084735870361328,27422700
2014-12-02,23.098116868441164,23.213246084498948,23.007084999476753,23.132923126220703,20298900
2014-12-03,23.14100570218542,23.154468937313137,22.799074347324858,22.869075775146484,19122900
2014-12-04,22.65099843244398,22.83677232960173,22.52176428306532,22.82061767578125,20704200
2014-12-05,22.834074011899027,22.836765426327137,22.48406380769119,22.648300170898438,19710300
2014-12-08,22.656382637183768,22.79638706827907,22.575612449859534,22.67792320251465,18798000
2014-12-09,22.521758142947586,22.672531276117336,22.25251963484838,22.497526168823242,19900800
2014-12-10,22.59714066615754,22.69944982928458,22.319824892424368,22.34136390686035,20920800
2014-12-11,22.400605533219878,22.75061581311618,22.389835251402054,22.57022476196289,24098400
2014-12-12,22.486753948077645,22.885224968036596,22.486753948077645,22.56483268737793,21852300
2014-12-15,22.685994338127117,22.804459720198615,22.360216078022752,22.599838256835938,18953100
2014-12-16,22.51367979005392,22.820610411984116,22.33059890700507,22.335983276367188,22312200
2014-12-17,22.42214632087686,22.685998988773015,22.333297266109117,22.67792320251465,19923000
2014-12-18,22.83138677124531,23.141010430604663,22.691382346402662,23.13831901550293,25937700
2014-12-19,23.224463052249835,23.246003606863535,22.928302764892578,22.928302764892578,36206400
2014-12-22,22.97138520424501,23.262161179083893,22.963307879861695,23.256776809692383,13727400
2014-12-23,23.34024208900255,23.445244227595538,23.251393059013925,23.332164764404297,16657800
2014-12-24,23.415625717122488,23.442549102896773,23.259468230921225,23.27023696899414,7475400
2014-12-26,23.202932498958617,23.461400744308047,23.157161502789226,23.39947509765625,9747900
2014-12-29,23.278316005786998,23.442550827924215,23.26216135689688,23.326778411865234,10816800
2014-12-30,23.294472135131613,23.458706967706597,23.283703395581885,23.36716651916504,9796200
2014-12-31,23.445252988985246,23.542179379793097,23.11678321573337,23.122167587280273,12454200
2015-01-02,23.22716026125187,23.348318585335495,23.03330909954699,23.12754249572754,13505400
2015-01-05,23.07908167470937,23.24062355025641,23.022540400646104,23.06023406982422,20937000
2015-01-06,23.14908127194267,23.35639566573009,23.097925912230767,23.237930297851562,24615300
2015-01-07,23.36447525422046,23.87602739405259,23.33485890742787,23.854488372802734,25495200
2015-01-08,24.018721727628595,24.411808430698205,23.981028060048732,24.357961654663086,38140800
2015-01-09,24.317580609890754,24.33642667770744,24.02949597836548,24.056419372558594,25567500
2015-01-12,24.0591084324278,24.31488371703077,24.021414762305522,24.236804962158203,22117500
2015-01-13,24.44680878179394,24.492579773220772,23.943334038467217,24.045644760131836,24646200
2015-01-14,23.598709936787554,23.832946184026348,23.289084814305372,23.318702697753906,35862900
2015-01-15,23.42370550991496,23.633711330392156,23.342933803486478,23.526016235351562,28238100
2015-01-16,23.477552211642806,23.547553633452566,23.216391046424462,23.361778259277344,25226700
2015-01-20,23.37524118896489,23.612170378660863,23.033308327329085,23.340240478515625,23559300
2015-01-21,23.18139119363052,23.399472791278647,23.076387516436878,23.326778411865234,24521400
2015-01-22,23.485634804239243,23.80064281363988,23.386015477818642,23.773717880249023,21371400
2015-01-23,23.806021262471116,24.03218017067025,23.66332546742318,23.830251693725586,22697400
2015-01-26,23.776404206808483,24.00525606297532,23.725248850398298,23.862560272216797,14000100
2015-01-27,23.768327093265686,23.81679103593037,23.493704247200434,23.56639862060547,18061500
2015-01-28,23.698333307521064,23.754873051581793,23.361784717628893,23.375247955322266,17810400
2015-01-29,23.442554305428207,23.6175594329834,23.22716409024905,23.6175594329834,19568400
2015-01-30,23.36447764498825,23.520636720472897,22.85830982352693,22.879850387573242,30840600
2015-02-02,22.828691699330047,23.11946926365217,22.597148370642547,23.076391220092773,20781600
2015-02-03,23.108698806197545,23.297164077323618,23.062927810594104,23.205623626708984,24850500
2015-02-04,23.18408472339115,23.434475641665436,23.154469918513332,23.3294734954834,26796900
2015-02-05,23.453322647978442,23.52063266238063,23.305240924412068,23.49909210205078,15272400
2015-02-06,23.493704658677732,23.69294018003762,23.3644705571591,23.51255226135254,16852800
2015-02-09,23.415633070292248,23.474865770070018,23.057546997150702,23.13024139404297,16368600
2015-02-10,23.321395793746678,23.534094578526805,23.267549014192163,23.501785278320312,17196300
2015-02-11,23.32408858080663,23.45601565471163,23.13292881734492,23.246009826660156,17559300
2015-02-12,23.30523878578109,23.337548082718747,22.94715280807709,23.124849319458008,20824800
2015-02-13,23.11139458740961,23.197550684405375,22.971391700087757,23.103317260742188,16791000
2015-02-17,23.001001933524492,23.146390693684545,22.87715219188474,23.14369773864746,15261600
2015-02-18,23.143698361742945,23.23523880777072,23.025232986395803,23.232545852661133,18098100
2015-02-19,22.750609485430836,22.83137964393368,22.451754660957445,22.48675537109375,55940400
2015-02-20,22.274066538191345,22.718308739514104,22.225602576139966,22.69676971435547,41521200
2015-02-23,22.72099511569178,22.8475378233043,22.677918615520685,22.777536392211914,20191200
2015-02-24,22.755989816507803,22.836761506738057,22.59444797663914,22.769453048706055,15593100
2015-02-25,22.78561675944538,22.809848739970363,22.48676336926676,22.500225067138672,20425200
2015-02-26,22.575600835313235,22.578292249150508,22.419441830855714,22.562137603759766,17664300
2015-02-27,22.540601544048144,22.65906535629407,22.454443943425822,22.59714126586914,17632200
2015-03-02,22.597143470687787,22.615989532936318,22.40059936184443,22.605220794677734,18184500
2015-03-03,22.524455567418624,22.5675336140148,22.392528471995654,22.44637680053711,19382400
2015-03-04,22.403289985964136,22.403289985964136,22.131358575233172,22.23366928100586,18643200
2015-03-05,22.387145572540554,22.580996794962715,22.335990196271744,22.500225067138672,17992500
2015-03-06,22.295595505739254,22.373675790130807,22.1798230971631,22.236364364624023,17193000
2015-03-09,22.23637054480268,22.438299077223576,22.222907307461167,22.314449310302734,14014500
2015-03-10,22.1502079351747,22.212133575016043,22.09636116027832,22.09636116027832,18933300
2015-03-11,22.161367870970878,22.20199707355652,21.814673608083304,21.855302810668945,18482700
2015-03-12,21.88779762962325,22.24261761966106,21.879671791702368,22.183029174804688,15677400
2015-03-13,22.196573271236225,22.27783010059991,22.0178079366671,22.183029174804688,14286600
2015-03-16,22.332007203265523,22.581194477196508,22.329298073171163,22.559524536132812,19557300
2015-03-17,22.475562568772972,22.483688410102534,22.275130315463006,22.378055572509766,14406000
2015-03-18,22.20470433756373,22.470141722817903,21.982602181682942,22.353673934936523,30756900
2015-03-19,22.299503589724917,22.329297821044094,22.03948289804365,22.080110549926758,21638700
2015-03-20,22.164075629398344,22.613695111215954,22.131573819186915,22.545982360839844,37095900
2015-03-23,22.529730466420386,22.724745975369746,22.513478786546564,22.56494140625,19517100
2015-03-24,22.532438350297642,22.673283661360554,22.47014230973541,22.494518280029297,16077300
2015-03-25,22.50535756177599,22.548694350429578,22.02323462562049,22.025943756103516,19937700
2015-03-26,21.92030202067791,22.294081283690787,21.844461896383745,22.180322647094727,24801600
2015-03-27,22.1694922969199,22.258874987059464,22.00697859663805,22.03406524658203,17152200
2015-03-30,22.128864199007978,22.42680494359904,22.05573319034546,22.353673934936523,17105100
2015-03-31,22.315756276825308,22.491812542616476,22.2778377532959,22.2778377532959,16763100
2015-04-01,22.28596361643643,22.28596361643643,21.784881436034137,21.860721588134766,24920100
2015-04-02,21.866138458251953,22.02594305505648,21.817384960029862,21.866138458251953,17387100
2015-04-06,21.7930033328426,22.02864803793312,21.70903890449959,21.93655776977539,19142100
2015-04-07,21.963648703567962,22.017818916928302,21.79300912182195,21.803842544555664,19818300
2015-04-08,21.774048175587478,22.001567083729775,21.76592233424178,21.94739532470703,20084100
2015-04-09,21.895925521850586,22.044895098122947,21.825503653056032,21.895925521850586,11770800
2015-04-10,21.90134267046748,21.939262735135117,21.8173782521312,21.844463348388672,16440900
2015-04-13,21.77674627890397,21.91759155119066,21.74153534829357,21.746952056884766,14094300
2015-04-14,21.746956298140326,21.78216878546322,21.581735030048016,21.70903778076172,16595100
2015-04-15,21.82550892455868,21.933850883427784,21.57361251407308,21.597990036010742,18601200
2015-04-16,21.53298635908769,21.638619195143544,21.432770233890814,21.46256446838379,24045300
2015-04-17,21.38130170637602,21.43818102931491,21.004813283261186,21.094194412231445,35468400
2015-04-20,21.232332192627133,21.351509106794197,21.13211608744779,21.16461944580078,26542800
2015-04-21,21.291925946384932,21.35422354877712,21.10232710841484,21.134830474853516,18600600
2015-04-22,21.053576641310528,21.30005485620697,21.004823134475526,21.243175506591797,22784100
2015-04-23,21.229628026306443,21.54381894173047,21.180874530783004,21.446311950683594,22406700
2015-04-24,21.500476958047823,21.92030370359099,21.462558442834766,21.625070571899414,20603400
2015-04-27,21.60611800101566,21.630495525350167,21.476107637589838,21.49777603149414,19349400
2015-04-28,21.52214726716972,21.527563976601616,21.335256068238678,21.424638748168945,14687700
2015-04-29,21.316296544467964,21.340672511530165,21.069818445169243,21.094194412231445,21325200
2015-04-30,21.080653166698475,21.256709405605204,21.015648000773048,21.140241622924805,26387700
2015-05-01,21.180875030494615,21.332552231291398,21.172749189408055,21.289216995239258,14999100
2015-05-04,21.392141744512145,21.546528071977313,21.251296418744158,21.446311950683594,20007600
2015-05-05,21.40026136822446,21.40026136822446,21.142949845337643,21.161909103393555,17566200
2015-05-06,21.238229163151594,21.29274279945372,21.033805756365563,21.164636611938477,16440300
2015-05-07,21.18644549038496,21.35270953703988,21.069242633314243,21.26821517944336,16614300
2015-05-08,21.423573806581974,21.600741176283673,21.369060169894205,21.40449333190918,16042200
2015-05-11,21.34725701853106,21.42630047341911,21.268213563643005,21.28729248046875,11234700
2015-05-12,21.26548338977386,21.663428377958617,21.224599335750504,21.52169418334961,25347000
2015-05-13,21.581663997417753,21.649805663776892,21.254586806222616,21.303647994995117,25263600
2015-05-14,21.36088206454023,21.46990777327748,21.265484374441794,21.456279754638672,18510600
2015-05-15,21.45356164033595,21.600746782000144,21.41540224071426,21.598020553588867,19851600
2015-05-18,21.633451638942308,21.78881389123336,21.576213324842207,21.783361434936523,24900900
2015-05-19,21.30910028276386,21.358163034366473,20.777599617419586,20.83211326599121,67375800
2015-05-20,20.845735309623297,20.851186205028977,20.66856795211148,20.687646865844727,31625700
2015-05-21,20.660394301702645,20.829384564695758,20.594978866959536,20.744890213012695,20268600
2015-05-22,20.769419750505705,20.81848093600487,20.676748275756836,20.676748275756836,20445000
2015-05-26,20.652217111543223,20.668571360083593,20.39328160137099,20.41508674621582,31720800
2015-05-27,20.44506453494751,20.581347840478667,20.44233986699801,20.49412727355957,20961300
2015-05-28,20.461426173998444,20.48595755216782,20.34694952846266,20.39873695373535,15076500
2015-05-29,20.393275635828715,20.409628319958532,20.210657406220285,20.243364334106445,19125300
2015-06-01,20.357847826247852,20.46414731932268,20.281529041763154,20.368749618530273,16938000
2015-06-02,20.316954284682463,20.442334204807178,20.284247360960464,20.314228057861328,17393400
2015-06-03,20.360571826959962,20.496855143410585,20.297882624324032,20.4123592376709,18281400
2015-06-04,20.295157191218188,20.436891409181133,20.15614920115668,20.210662841796875,26948400
2015-06-05,20.216108135824907,20.243364168778527,19.891757288647884,19.91356086730957,31905300
2015-06-08,20.014412669330497,20.030766914320132,19.788184145729385,19.790908813476562,28779000
2015-06-09,19.815439587810058,19.856323639433683,19.72276813502055,19.752750396728516,25006800
2015-06-10,19.818170794947083,19.987159498488936,19.717320634939636,19.87813377380371,33647400
2015-06-11,19.959900913019442,20.079829974699827,19.853601429861023,19.880857467651367,22260000
2015-06-12,19.826343886153015,19.86995260752918,19.733670869301992,19.74184799194336,21739800
2015-06-15,19.67916622609919,19.733678318115917,19.542882876802857,19.605573654174805,22700400
2015-06-16,19.68461383125994,19.78273620433066,19.54833206438305,19.720046997070312,18646800
2015-06-17,19.796364148905802,19.869956708239258,19.717320693228718,19.82362174987793,17111700
2015-06-18,19.8263520533797,20.02804929619788,19.8263520533797,19.891767501831055,25129800
2015-06-19,19.842696221744518,19.957174377077337,19.815440186505267,19.826343536376953,43652100
2015-06-22,19.891760508756377,19.94899881107541,19.81271550499253,19.8399715423584,19468500
2015-06-23,19.867226966424077,19.88085498361648,19.717315658054424,19.780006408691406,23628900
2015-06-24,19.77728498639683,19.80181635907914,19.662808366466653,19.72822380065918,22015200
2015-06-25,19.747299931058553,19.796361109873583,19.57830969333262,19.58648681640625,15879600
2015-06-26,19.61374978165956,19.750031564392565,19.589218405724203,19.657360076904297,20693400
2015-06-29,19.570135539972007,19.62464918219292,19.463836043137672,19.466562271118164,24563400
2015-06-30,19.572858646798387,19.572858646798387,19.29211647540143,19.3330020904541,33307800
2015-07-01,19.515620801627446,19.611018492811755,19.17764032088149,19.591938018798828,32321700
2015-07-02,19.630097099714444,19.77728219578628,19.531974742084387,19.58648681640625,19758300
2015-07-06,19.455658668835056,19.812718107969093,19.455658668835056,19.769107818603516,31609500
2015-07-07,19.804533524488644,20.131612131165046,19.62464153851773,20.112531661987305,37263900
2015-07-08,19.978976282174166,20.05802127314209,19.869950590733172,19.91356086730957,23373000
2015-07-09,20.079832578681597,20.09618682732736,19.81817083885731,19.837249755859375,26087400
2015-07-10,19.919018404420505,20.04712303969273,19.919018404420505,19.929920196533203,16737900
2015-07-13,20.036215752270532,20.19975507885253,20.036215752270532,20.137065887451172,18253500
2015-07-14,20.164319056056854,20.194301313656403,20.028037343025943,20.112531661987305,16554600
2015-07-15,20.0580281850025,20.142522540125512,19.949002455991977,20.07438087463379,13700100
2015-07-16,20.161597265643827,20.207932212487673,20.104357409569374,20.123437881469727,15695100
2015-07-17,20.098907205385164,20.18885399410991,19.981704381153527,20.003509521484375,17041800
2015-07-20,19.99260873861975,20.01713854796142,19.913563736263786,19.924467086791992,15256800
2015-07-21,19.924465887088918,19.976253289819486,19.769103678897224,19.826343536376953,19323300
2015-07-22,19.83725916768168,20.120726186982747,19.83725916768168,19.940834045410156,20884800
2015-07-23,19.916290704546995,19.957176321014998,19.739123338981504,19.763654708862305,12758700
2015-07-24,19.769109325593963,19.77728645042672,19.488367091635347,19.510173797607422,17853300
2015-07-27,19.455663681030273,19.529256258247077,19.354815055844984,19.455663681030273,18592800
2015-07-28,19.49654471065686,19.730950429713825,19.414776579510864,19.651906967163086,25776900
2015-07-29,19.692785303622745,19.796360111161114,19.649176582141337,19.687335968017578,14819100
2015-07-30,19.632827406743676,19.769109180492784,19.564685740055584,19.66826057434082,13813500
2015-07-31,19.744573977012564,19.758201994705338,19.531973469826635,19.61919403076172,23785200
2015-08-03,19.581040293913947,19.728225422856497,19.581040293913947,19.6737117767334,15395400
2015-08-04,19.739119859666864,19.84269465696014,19.60556436175066,19.69278335571289,17620200
2015-08-05,19.865676261546596,20.22243051853573,19.82725630659328,20.173032760620117,26147400
2015-08-06,20.12913036691846,20.137361757974173,19.939775396824004,19.97545051574707,19103100
2015-08-07,19.953492031707796,19.986422296835563,19.530875708921016,19.55282974243164,23392500
2015-08-10,19.621436176566167,19.69004469412617,19.577529677447448,19.615949630737305,18060300
2015-08-11,19.552836505490276,19.860193080949454,19.525394346679214,19.73944664001465,20487600
2015-08-12,19.629668871727347,19.93977019651154,19.55831865248942,19.917816162109375,26524200
2015-08-13,19.868420613834367,19.969957829912946,19.750417478857514,19.788837432861328,22957200
2015-08-14,19.84097626517738,19.923304280274635,19.769624481279074,19.862930297851562,17737500
2015-08-17,19.71199943871506,19.821771195177103,19.692790244986337,19.73395347595215,22813200
2015-08-18,19.209800990234555,19.34701490877916,19.001238409300548,19.067100524902344,63945000
2015-08-19,18.89969939772743,19.042399849622647,18.597831003741295,18.817371368408203,49000200
2015-08-20,18.6828968451008,19.017696981061658,18.64447847022137,18.778945922851562,29580300
2015-08-21,18.636255610381614,18.746025820105732,18.260292053222656,18.260292053222656,47239500
2015-08-24,17.49189516129997,18.156004331635927,16.877180607177493,17.549524307250977,66718800
2015-08-25,17.96116086115563,18.032511074847953,17.288817235854577,17.316259384155273,44403000
2015-08-26,17.626367163517422,17.796511372016607,17.294311708090593,17.79102325439453,41784900
2015-08-27,17.92548624948269,18.161492520725393,17.82394903284954,18.134050369262695,41738400
2015-08-28,18.136796521943836,18.145029482032335,17.68673798219096,17.82120704650879,42909000
2015-08-31,17.788281455628603,17.837679233514276,17.64283610694519,17.76358413696289,24525600
2015-09-01,17.50836114169614,17.65106316852679,17.36291584164044,17.51384925842285,40181700
2015-09-02,17.725159096342768,17.82120820994358,17.579712218986103,17.68399429321289,28543800
2015-09-03,17.76083731224077,17.840420518480354,17.67027629982489,17.799257278442383,25571400
2015-09-04,17.582454352368895,17.645571613736582,17.4287761083517,17.533058166503906,27697200
2015-09-08,17.900793448238904,18.24931482661448,17.887072369052937,18.21638298034668,53120400
2015-09-09,18.34810622158528,18.38926945689236,17.840418468080767,17.87060546875,28392600
2015-09-10,17.582456977258452,17.74162336118343,17.516594862847082,17.59617805480957,43574400
2015-09-11,17.61263786232792,17.749850160486993,17.560496843566725,17.74161720275879,24187200
2015-09-14,17.741618608539365,17.747108294310564,17.51384532759828,17.64008140563965,20870100
2015-09-15,17.694971995301273,17.75534599269204,17.576968844138108,17.651063919067383,20582400
2015-09-16,17.727906550529678,17.774559481653625,17.576973090862808,17.752605438232422,16876200
2015-09-17,17.755347162428198,17.91725683021532,17.607157002806765,17.692228317260742,21399300
2015-09-18,17.494638969518586,17.626363184372842,17.360169911334513,17.382123947143555,38655600
2015-09-21,17.49464119440256,17.563246583607906,17.39035911847839,17.486408233642578,21358800
2015-09-22,17.35193889931458,17.51384854293597,17.26686602728133,17.45073127746582,26402400
2015-09-23,17.486408233642578,17.544037388685748,17.32175372927305,17.486408233642578,17629800
2015-09-24,17.387608874836616,17.55775299835759,17.371142959917407,17.51658821105957,20868600
2015-09-25,17.582457569030666,17.689484489974266,17.458966296637588,17.50287437438965,21489000
2015-09-28,17.45347583630778,17.54952493978013,17.42054399727657,17.469940185546875,28183200
2015-09-29,17.494641413526548,17.574224608167565,17.351940945970714,17.50287437438965,22920300
2015-09-30,17.681243070991332,17.82120019815977,17.54402921594716,17.79375648498535,23937600
2015-10-01,17.771807690551825,17.821205446648232,17.53031330731632,17.637338638305664,23511600
2015-10-02,17.49738358834492,17.832183837890625,17.401336048285014,17.832183837890625,21252000
2015-10-05,17.89530133447401,18.090142813792852,17.87609057168207,18.0764217376709,18900900
2015-10-06,17.985858689842438,18.09837369953589,17.887066324974896,18.02427864074707,22232700
2015-10-07,18.068191590601124,18.210893630981445,18.048980824818663,18.210893630981445,21408000
2015-10-08,18.175218241335134,18.383780826120066,18.153262632119112,18.353593826293945,17923500
2015-10-09,18.370053853196247,18.39200788509059,18.252050735479642,18.30144691467285,20262000
2015-10-12,18.295961256989017,18.386520669295493,18.271262378936466,18.367311477661133,16931700
2015-10-13,18.282240525988833,18.370056667017373,18.183446582193497,18.312427520751953,26575200
2015-10-14,18.279496524397537,18.647227024455606,16.47103102026026,16.47377586364746,242694300
2015-10-15,16.383218303493322,16.59452732078267,16.084094693032696,16.281681060791016,138760500
2015-10-16,16.32009858369384,16.325586700519217,16.018230174425387,16.160930633544922,78585300
2015-10-19,16.133491732786908,16.27344894685728,16.053908526801198,16.14995765686035,53417400
2015-10-20,16.152697567784962,16.191117522130213,16.073112815828207,16.122509002685547,31271100
2015-10-21,16.136235198179545,16.20209731856898,16.07311635138333,16.092327117919922,39352800
2015-10-22,16.174649294752154,16.454563597457103,16.09232128155489,16.163671493530273,43765500
2015-10-23,16.243259851192946,16.26795873412267,15.97706810757518,15.99902057647705,39121800
2015-10-26,16.026458401349316,16.040179474498515,15.908455287934782,15.922176361083984,32519400
2015-10-27,15.9194320812622,15.927665039498073,15.746544669137482,15.77398681640625,31534200
2015-10-28,15.823382097020462,15.839848012557203,15.686169798191939,15.817893981933594,35504100
2015-10-29,15.839854776063639,15.949624976052787,15.77399265607015,15.905716896057129,38566500
2015-10-30,15.8426008847372,15.949626249417364,15.708131790161133,15.708131790161133,47416500
2015-11-02,15.7218485831993,15.809664726257324,15.579146565591758,15.809664726257324,32157600
2015-11-03,15.79868452180496,16.007247023997976,15.78770672154422,15.946874618530273,30761700
2015-11-04,16.0758576773288,16.125253864242165,15.968832343970423,16.01822853088379,30169500
2015-11-05,16.05664936781547,16.18563032647904,16.03195205572425,16.08409309387207,26581500
2015-11-06,16.169162983614118,16.246002897375558,16.00176364968396,16.1307430267334,29931900
2015-11-09,16.053904085446604,16.13074242607023,15.922179869854805,16.05116081237793,25321200
2015-11-10,16.00175908518893,16.111529237624403,16.00175908518893,16.103296279907227,22844700
2015-11-11,16.053902881633544,16.11702171162776,15.771245279058443,15.801430702209473,26069700
2015-11-12,15.817895279791683,15.853570386197672,15.620308987967249,15.628541946411133,28654500
2015-11-13,15.570918962876021,15.658735127290129,15.450170951668182,15.483102798461914,37544700
2015-11-16,15.47485977409132,15.924916538921561,15.466626817746443,15.881010055541992,39964800
2015-11-17,16.284425670145744,16.7125286756494,16.246005706621478,16.443592071533203,74037900
2015-11-18,16.476517315425042,16.75917648255286,16.342049839570592,16.72075653076172,44633100
2015-11-19,16.772898750448523,16.8387608566567,16.583545391384558,16.65764045715332,34698300
2015-11-20,16.734479656354672,16.868947136069714,16.471029672420542,16.484750747680664,37113300
2015-11-23,16.545122988249364,16.668615793105186,16.432607984608474,16.536890029907227,31731000
2015-11-24,16.451825033022462,16.58080443237491,16.42712614855468,16.443592071533203,37361700
2015-11-25,16.46553858899705,16.660381591240085,16.432606758086514,16.531400680541992,23460600
2015-11-27,16.586291123037455,16.654896505922736,16.42986802356121,16.43535614013672,16022700
2015-11-30,16.429866435177654,16.482007463295588,16.117021836746474,16.147207260131836,44827800
2015-12-01,16.226793863722364,16.270701941902313,16.09506962918251,16.18837547302246,36612300
2015-12-02,16.218809876835813,16.40698141208809,16.138560111793314,16.146862030029297,40760700
2015-12-03,16.240949276628506,16.509372184796064,16.21604351965253,16.33780288696289,47532300
2015-12-04,16.34056399513777,16.561944737252198,16.33502991202779,16.509366989135742,31305900
2015-12-07,16.48446654871083,16.805467223895672,16.48446654871083,16.7418212890625,34787700
2015-12-08,16.622830599808648,16.739055900097622,16.465097281621073,16.49553871154785,31132800
2015-12-09,16.39867915336923,16.633895942694306,16.299059303463824,16.36270523071289,26945100
2015-12-10,16.362711240994468,16.62836796632303,16.35164306846345,16.48170280456543,34078200
2015-12-11,16.340569917214854,16.473397460565092,16.27415614553973,16.426355361938477,29235000
2015-12-14,16.409749126491732,16.72521568344606,16.346103198384625,16.71137809753418,43574700
2015-12-15,16.780566309191357,16.835911924372176,16.484471305719484,16.503841400146484,43846200
2015-12-16,16.63389988987269,16.783331283619418,16.52044242731882,16.686477661132812,29881500
2015-12-17,16.69477981404073,16.69477981404073,16.318435073365986,16.32120132446289,38928300
2015-12-18,16.307366656986883,16.43742638866649,16.25755513200238,16.285228729248047,48770100
2015-12-21,16.276929834438292,16.487240978770632,16.235421805997333,16.478939056396484,28936500
2015-12-22,16.545353939862334,16.79717312919344,16.495543985772088,16.752897262573242,27798900
2015-12-23,16.880182665551267,16.913390344393065,16.725218775720464,16.905088424682617,22559400
2015-12-24,16.81930341545625,16.90785510843582,16.79163140725743,16.833139419555664,7448400
2015-12-28,16.763955243163593,16.871878592064604,16.741818906744744,16.810998916625977,16265100
2015-12-29,16.880179589271926,17.08772279392223,16.874647088378918,17.048982620239258,23650800
2015-12-30,17.06282719524627,17.120939068395543,17.01578507973151,17.068361282348633,17150100
2015-12-31,16.97150153486412,17.07942490344779,16.9272256870937,16.963199615478516,19725300
2016-01-04,16.741821723767444,17.015778725909062,16.703079961657807,17.007476806640625,35967600
2016-01-05,17.165210191263327,17.44746914011473,17.115400254239358,17.411495208740234,39978000
2016-01-06,17.289742944650243,17.696527658017118,17.28697510926243,17.58583641052246,49693800
2016-01-07,17.42532850690714,18.050725999039173,17.41149250340745,17.995380401611328,79290000
2016-01-08,18.00921776594708,18.100537296060335,17.547089197107038,17.58306312561035,53303700
2016-01-11,17.64394895131207,17.84042410207683,17.60797500706371,17.771244049072266,37961400
2016-01-12,17.81551121510217,17.912366417471812,17.552623951856397,17.605201721191406,36587700
2016-01-13,17.635639405146964,17.635639405146964,17.109863359639984,17.134767532348633,41177100
2016-01-14,17.156904523273347,17.605196984045175,17.107093018298478,17.450231552124023,38804700
2016-01-15,17.032381466736776,17.286968386798343,16.952131689425634,17.137537002563477,45523200
2016-01-19,17.226084824394647,17.378282425275096,17.15967106672209,17.31186866760254,39153900
2016-01-20,17.10156593196899,17.248229506405327,16.658807373885907,16.83591079711914,52107300
2016-01-21,16.874640444682765,17.375510505778788,16.855268782039083,17.12369155883789,36267600
2016-01-22,17.2786653822838,17.505578695269367,17.19287994173658,17.34784698486328,27592500
2016-01-25,17.372753547519068,17.66054658367808,17.30910760446222,17.55815887451172,38470200
2016-01-26,17.533255831127878,17.84041897848574,17.505582234443718,17.710357666015625,28323600
2016-01-27,17.738024039967744,18.036886728399104,17.679912202423605,17.696516036987305,30642900
2016-01-28,17.718664675300932,17.851492277185596,17.552630964660057,17.771244049072266,33834900
2016-01-29,17.917900170857838,18.41047021969275,17.9151339197076,18.363428115844727,49317300
2016-02-01,18.238896159328903,18.79787984208346,18.233362075035824,18.67888832092285,44185200
2016-02-02,18.623543052033376,18.77297441455174,18.341284163594032,18.501785278320312,40757700
2016-02-03,18.62631305641332,18.678890822812406,18.006451196551335,18.338520050048828,36946800
2016-02-04,18.197388411935027,18.415999787209834,17.989845205404485,18.38002586364746,38500200
2016-02-05,18.501789069006264,18.687194393185838,18.230598293783686,18.540529251098633,42589500
2016-02-08,18.402173183661557,18.58204287786667,18.031360871517222,18.512861251831055,62230800
2016-02-09,18.12267571872287,18.377262642961785,17.898528638692692,18.211227416992188,43927200
2016-02-10,18.316381907770545,18.42707152428132,18.1669505296237,18.205692291259766,29127900
2016-02-11,17.99261638066464,18.197393392773467,17.926202599733802,18.075634002685547,33560100
2016-02-12,18.130978310357904,18.33298588987855,17.95110707279576,18.313615798950195,29086500
2016-02-16,18.432601282798522,18.48517903622888,18.12543667943474,18.236127853393555,34081500
2016-02-17,18.291476931918364,18.432606396929128,18.211227154447386,18.29424476623535,37280100
2016-02-18,17.638408747017028,17.926200175366525,17.253760536454894,17.743562698364258,83683800
2016-02-19,17.679910954524217,17.923428038364705,17.555385370943466,17.892988204956055,46686900
2016-02-22,17.892992206145433,18.3025445486292,17.892992206145433,18.161415100097656,31761900
2016-02-23,18.219524080699273,18.429835095133402,18.06455865343211,18.39662742614746,34296000
2016-02-24,18.31638677662473,18.63185187167995,18.18632703643808,18.573740005493164,30873600
2016-02-25,18.665055969954306,18.853227540163207,18.631848290841386,18.828323364257812,28743900
2016-02-26,18.839386579328185,18.872594249705863,18.346818275014034,18.404930114746094,32952900
2016-02-29,18.438142777573905,18.52669606902021,18.324686891320702,18.357892990112305,28035600
2016-03-01,18.44367387664749,18.510087641203143,18.26380267052338,18.391096115112305,31288500
2016-03-02,18.32191276550293,18.449206197926056,18.263800924999284,18.32191276550293,27496800
2016-03-03,18.24996588086781,18.31914747641721,17.95387099539126,18.30254364013672,35540400
2016-03-04,18.30253954317136,18.618004444740016,18.28870354384442,18.479642868041992,30031500
2016-03-07,18.435372900331103,18.950080789514498,18.338519290808893,18.78681182861328,38476200
2016-03-08,18.74253949893159,18.947314908696953,18.676125724135044,18.828323364257812,30203700
2016-03-09,18.89801913869469,18.953774476446476,18.711241229711355,18.825538635253906,23474400
2016-03-10,18.83111422560315,18.967713451097787,18.51052541108748,18.792085647583008,30677400
2016-03-11,18.89244024163391,18.939832189328055,18.6220301785874,18.725175857543945,24872700
2016-03-14,18.719598971571298,18.86456152994017,18.66663197496447,18.778141021728516,20137500
2016-03-15,18.67777828302534,19.054122236275553,18.67777828302534,18.98164176940918,22700700
2016-03-16,18.9398331576583,19.051342221035565,18.747480222726452,18.953771591186523,24654000
2016-03-17,18.90638170317047,19.21303205969188,18.750268997415233,18.80323600769043,35514300
2016-03-18,18.81159819326729,18.964922564216515,18.60809354514788,18.663848876953125,69459300
2016-03-21,18.686150000965455,19.06249412222057,18.669424836249817,18.948198318481445,28247400
2016-03-22,18.95656235688607,19.146126991460893,18.89801869531712,18.920320510864258,22543500
2016-03-23,18.95934893385897,18.984439074328897,18.800447901186065,18.8060245513916,18331800
2016-03-24,18.797662902279132,18.967714060719505,18.78372287063324,18.95656394958496,18914100
2016-03-28,18.937046114475862,19.118248952908807,18.937046114475862,18.990013122558594,16810500
2016-03-29,18.998377379039358,19.01510413923775,18.79766104211362,18.964923858642578,19473000
2016-03-30,19.048552425262276,19.235330291389378,19.037400722209995,19.179574966430664,21625500
2016-03-31,19.16563889944991,19.288298067046934,19.08758176040065,19.093156814575195,18850500
2016-04-01,18.962129119611543,19.291082776688473,18.962129119611543,19.25205421447754,19807200
2016-04-04,19.23533723635942,19.338482949865163,19.213035417354074,19.263214111328125,20470200
2016-04-05,19.243695863762355,19.30502465451196,19.03182783797718,19.134973526000977,17337000
2016-04-06,19.151694845426398,19.252053775228887,19.10151617810069,19.246477127075195,16088100
2016-04-07,19.18794014793039,19.215818610605023,18.939833474732062,19.01788902282715,18331500
2016-04-08,19.042979440030507,19.065281253406464,18.9175319391847,18.973285675048828,19548000
2016-04-11,18.95934631583212,19.05970526870198,18.783718547097727,18.789295196533203,23596200
2016-04-12,18.83668442363105,19.19909004798432,18.803232504776897,19.179574966430664,23203800
2016-04-13,19.238116818197224,19.352414196310573,19.199089845803588,19.277145385742188,18788100
2016-04-14,19.277145588744904,19.302235724249027,18.998373749405374,19.179574966430664,20931300
2016-04-15,19.21860070539642,19.349624822429323,19.21860070539642,19.25205421447754,22753500
2016-04-18,19.249272108970835,19.48622869262544,19.193518369358753,19.475078582763672,19868700
2016-04-19,19.455562466134285,19.536407936527524,19.37472018604413,19.449987411499023,24598200
2016-04-20,19.447195266741723,19.511313965483286,19.271569116591305,19.29387092590332,16237500
2016-04-21,19.366355078378568,19.424897134703734,19.02346452405854,19.087581634521484,19852800
2016-04-22,19.185154930633757,19.21860685526824,19.034617281899543,19.157278060913086,18645300
2016-04-25,19.10987484256708,19.37470973426993,18.973275709207154,19.36634635925293,17688600
2016-04-26,19.43046347628572,19.48343045472289,19.263199165941955,19.318954467773438,19945200
2016-04-27,19.37193016708301,19.452774035254944,19.232544242481453,19.352415084838867,15441900
2016-04-28,19.25484494235315,19.40817089889948,19.16563928829634,19.210241317749023,14330700
2016-04-29,19.160057115092677,19.185147244880906,18.4993663155124,18.64154052734375,36297000
2016-05-02,18.571855954873953,18.87293128037193,18.54676581269853,18.842266082763672,22829100
2016-05-03,18.638760798850377,18.81717532810811,18.60809560224024,18.67778778076172,17767800
2016-05-04,18.63597094503759,18.8143870548125,18.52167514357677,18.730754852294922,18088500
2016-05-05,18.669426489455294,18.747483645646806,18.560704135842236,18.736331939697266,24273000
2016-05-06,18.65268762296182,19.029029938153915,18.622022445441242,19.026243209838867,29476200
2016-05-09,19.02625421103569,19.26321079781401,19.001164070788523,19.22139549255371,25968600
2016-05-10,19.213032395565293,19.271574461852957,19.082009827697824,19.17679214477539,19208700
2016-05-11,18.94652119109685,18.954945804273983,18.424208028759804,18.64885902404785,43792500
2016-05-12,18.688172539948642,18.82858062311356,18.64043520568362,18.772417068481445,28600500
2016-05-13,18.668509919133186,18.6881662729058,18.154619913562843,18.23605728149414,41234100
2016-05-16,18.21359970147863,18.632012029466907,18.163052016361135,18.539342880249023,30545400
2016-05-17,18.5505756331772,18.60954632373766,18.219214984474796,18.280994415283203,27758100
2016-05-18,17.696900477190898,17.910319748480845,17.612657550258287,17.73340606689453,66767700
2016-05-19,19.12342992258867,19.468830939625562,18.954940916157394,19.43232536315918,105230100
2016-05-20,19.46883516704616,19.69629328623882,19.334044575365102,19.617666244506836,50239800
2016-05-23,19.544655832265352,19.673828949170183,19.49972563329915,19.51657485961914,30299400
2016-05-24,19.558696368502282,19.7749227507251,19.530613788953744,19.724376678466797,26484000
2016-05-25,19.727184379841813,19.937794877798623,19.724375639985638,19.791770935058594,21791700
2016-05-26,19.85074355073981,20.044504842091953,19.82546971006446,19.895673751831055,26081700
2016-05-27,19.898477448970095,19.906900453563114,19.79457658613266,19.867586135864258,17321100
2016-05-31,19.819852764561823,19.937795741169747,19.791771792106406,19.876014709472656,25170600
2016-06-01,19.79738426208496,19.91251847892365,19.772110427121238,19.79738426208496,21662700
2016-06-02,19.797383964447988,19.937792014139482,19.69909897239608,19.923749923706055,19526100
2016-06-03,19.817042560882882,19.951833146909934,19.803002075692213,19.901287078857422,19123500
2016-06-06,20.08381910185273,20.092243715382697,19.93779675221525,19.95183563232422,27054000
2016-06-07,19.965878365759185,20.024849055527522,19.895674321980756,19.94622039794922,22090200
2016-06-08,19.89567406091471,20.064163121039755,19.88163357370942,20.01642417907715,18417000
2016-06-09,20.038886005056316,20.103472557011564,19.89567080940463,19.96306610107422,18209700
2016-06-10,19.937802898286016,20.05293556941491,19.84794086187554,19.977115631103516,22534200
2016-06-13,19.93779246212523,19.988338525598117,19.794577276593404,19.805809020996094,23722800
2016-06-14,19.84231415470998,19.985529337023884,19.71313945599916,19.923749923706055,27199200
2016-06-15,19.99395786686758,20.109092104538753,19.937795921448924,19.971492767333984,24051000
2016-06-16,19.93780029155647,20.066973437064725,19.881636726996824,20.022043228149414,20115600
2016-06-17,19.951830890912213,20.024843655210717,19.76930299724183,19.923749923706055,54177900
2016-06-20,20.024846307285458,20.156828156098257,19.9518335333172,19.96587562561035,21427500
2016-06-21,19.923749920856,20.139977867437473,19.923749920856,20.066965103149414,20024400
2016-06-22,20.10628772209531,20.2888156910952,20.097863107090543,20.14841079711914,25372500
2016-06-23,20.27476569095482,20.285997433581624,20.159631491464335,20.24668312072754,20910600
2016-06-24,19.811427707303142,20.420794115541973,19.800194354474428,20.20737648010254,45361200
2016-06-27,20.11751753191666,20.15402312219816,19.904099864079228,20.078203201293945,33910200
2016-06-28,20.151216775624302,20.182106493260523,19.845129946543913,20.081012725830078,25683600
2016-06-29,20.11471031411947,20.356210563864515,20.095052345475057,20.34778594970703,21044100
2016-06-30,20.378673231483553,20.55277815400025,20.30846919311196,20.50503921508789,26140800
2016-07-01,20.53593012046341,20.547161867430056,20.336551346913286,20.446069717407227,22916400
2016-07-05,20.42922337893159,20.673532388556445,20.409567015545065,20.538740158081055,32245800
2016-07-06,20.572432960068735,20.77461883993502,20.547159122523997,20.72968864440918,33188100
2016-07-07,20.704416033975146,20.760577973937167,20.54154287305817,20.648252487182617,23378400
2016-07-08,20.729693726720136,20.738118341300517,20.566822129715273,20.735309600830078,27382800
2016-07-11,20.687566157427405,20.878518675478322,20.639827224499445,20.797082901000977,27120300
2016-07-12,20.656680393074062,20.704419335117752,20.49942307971385,20.57524299621582,37083600
2016-07-13,20.56962588731227,20.67633389687551,20.482572628957115,20.673526763916016,19197000
2016-07-14,20.72126756583484,20.811127972211903,20.670721488955444,20.695995330810547,19939200
2016-07-15,20.774622237405662,20.78304685129833,20.622982400999213,20.687570571899414,17984400
2016-07-18,20.679147646068788,20.830787494853766,20.648257928217706,20.735309600830078,16371900
2016-07-19,20.679148987586284,20.769009406498608,20.662299757332466,20.684764862060547,14394300
2016-07-20,20.74653963253926,20.811126191534957,20.67633559350254,20.72126579284668,15846000
2016-07-21,20.62016882834263,20.684755372243007,20.53873145508828,20.64544105529785,13175700
2016-07-22,20.712846050605492,20.754969126665774,20.617369756253936,20.65387535095215,12949800
2016-07-25,20.653873370509586,20.732502033728597,20.614559038900083,20.71003532409668,14202000
2016-07-26,20.69880070232954,20.7998944543139,20.61455617681435,20.704418182373047,15744900
2016-07-27,20.68476308940361,20.729693295009312,20.53873911776963,20.58928680419922,17333700
2016-07-28,20.538737563152207,20.589285245755743,20.350593747396342,20.56682014465332,13809600
2016-07-29,20.54716116838578,20.56962787521623,20.432026928325552,20.490999221801758,18906600
2016-08-01,20.446066067097547,20.77742664591591,20.446066067097547,20.718454360961914,17605200
2016-08-02,20.695991238619026,20.701607111199472,20.39551875652309,20.535926818847656,19539300
2016-08-03,20.499425900482674,20.611753027433803,20.361828142604864,20.48257827758789,19704300
2016-08-04,20.44326506369052,20.637028002488936,20.384294363250987,20.58367156982422,14834700
2016-08-05,20.62859431669861,20.766192021611626,20.62859431669861,20.71283721923828,16246200
2016-08-08,20.780244185091455,20.79990055051275,20.510661303065238,20.594905853271484,19731600
2016-08-09,20.600512133172685,20.74653605930637,20.52188510127793,20.651058197021484,19283700
2016-08-10,20.800909890073886,21.06668217488538,20.750017806804074,20.908349990844727,24156900
2016-08-11,21.06385988607103,21.14868112627322,20.789606861641126,20.86594581604004,18870900
2016-08-12,20.86594460869483,20.956420161587243,20.798087944025514,20.891389846801758,29982600
2016-08-15,20.868770004308317,20.925318031195545,20.670855954779086,20.7302303314209,28908300
2016-08-16,20.523838487601903,20.727408532889264,20.41639833702029,20.608659744262695,29289900
2016-08-17,20.35419197540333,20.62561862755338,20.35419197540333,20.619962692260742,43029900
2016-08-18,20.619959953221965,21.258944658652272,20.619959953221965,21.007308959960938,80574900
2016-08-19,20.950766879438962,21.004485326022074,20.546453221324516,20.586036682128906,46039200
2016-08-22,20.656717731391822,20.67933661857702,20.484248918833472,20.554933547973633,30936300
2016-08-23,20.608657411984336,20.659549513088997,20.345713002141064,20.348539352416992,28174200
2016-08-24,20.348532169680766,20.569066687063124,20.28915780304516,20.42204475402832,30152100
2016-08-25,20.461630864874657,20.52100524392481,20.0884184022059,20.136484146118164,31542600
2016-08-26,20.190207676080682,20.269374606967993,20.043184069217432,20.113868713378906,30115500
2016-08-29,20.113865041243336,20.260888621264876,20.10255640622732,20.187376022338867,22404300
2016-08-30,20.187371501534265,20.289157283036655,20.11668850393688,20.16192626953125,17322600
2016-08-31,20.204342825212873,20.25523492406932,20.116695231747283,20.198688507080078,18934800
2016-09-01,20.235440913315102,20.60017107142021,20.190203139495726,20.59451675415039,35284200
2016-09-02,20.63692989129253,20.693477926609003,20.475769689362785,20.498390197753906,24248700
2016-09-06,20.571890976293286,20.66236811857077,20.41356042634017,20.639747619628906,28712700
2016-09-07,20.639750241940018,20.653888460032462,20.359841350389,20.373979568481445,28854900
2016-09-08,20.325913083666794,20.447489782834378,20.27502100103366,20.308948516845703,28983600
2016-09-09,20.16476268779372,20.21848276349034,19.876371383666992,19.876371383666992,36517800
2016-09-12,20.014901218300405,20.42486904487631,19.99511030402646,20.34004783630371,32592000
2016-09-13,20.311778182139975,20.33156909986582,20.116690500877084,20.20433807373047,22523700
2016-09-14,20.24957714347955,20.37398182811308,20.18737480116278,20.221303939819336,20941500
2016-09-15,20.20999922540052,20.515353443383862,20.14779525318835,20.470115661621094,21886800
2016-09-16,20.44748719832041,20.62843824065989,20.41921400241235,20.60299301147461,41807100
2016-09-19,20.537967688144875,20.60299799586181,20.382463455200195,20.382463455200195,20762100
2016-09-20,20.399431453521657,20.512525910326865,20.328748429162605,20.348539352416992,17731800
2016-09-21,20.407913837910055,20.509699658438386,20.218480419623756,20.410741806030273,20027700
2016-09-22,20.47859501405128,20.50969618678629,20.3541919409417,20.43335723876953,17615700
2016-09-23,20.526661118013468,20.57472524395168,20.453148518514784,20.455976486206055,23089200
2016-09-26,20.44466040540046,20.450316339170744,20.221299556374923,20.24957275390625,17846100
2016-09-27,20.33722865948743,20.495560883006785,20.238270817559016,20.4503231048584,19033200
2016-09-28,20.4192184645185,20.447491666604957,20.181719360633515,20.29764175415039,18554700
2016-09-29,20.235439457373747,20.27502291107527,19.966840801333305,19.997941970825195,23990400
2016-09-30,20.21565083213242,20.487079125855004,20.187377624517993,20.390949249267578,29947800
2016-10-03,20.308946408368264,20.399421931580715,20.24391773274555,20.359838485717773,17573100
2016-10-04,20.357021831179,20.51818204033511,20.22979076830028,20.286338806152344,19707900
2016-10-05,20.320258036733094,20.43335244842389,20.24391910661305,20.263710021972656,19393200
2016-10-06,20.263711558788913,20.263711558788913,19.477704933468996,19.610591888427734,60330900
2016-10-07,19.58232440466184,19.641700413143578,19.274142196228965,19.423992156982422,37961400
2016-10-10,19.438125221081407,19.497499595972993,19.155386712810195,19.220417022705078,26965200
2016-10-11,19.21193634487347,19.214764312611646,19.028157269824543,19.053604125976562,25774500
2016-10-12,19.15256198334823,19.2006277279601,19.047949826562885,19.073396682739258,26822100
2016-10-13,18.997054055584368,19.37874711737871,18.963124920582096,19.291099548339844,27581400
2016-10-14,19.344825437688847,19.45509192405977,19.285451051348296,19.353307723999023,19248000
2016-10-17,19.409851489124158,19.409851489124158,19.169526008565537,19.28827476501465,22480200
2016-10-18,19.387228497413144,19.503150879493695,19.291098649104708,19.472049713134766,23573100
2016-10-19,19.57101233853663,19.604939862465677,19.421162404036394,19.47770881652832,21369900
2016-10-20,19.5031511239169,19.5314243235684,19.387228740383552,19.432466506958008,18882000
2016-10-21,19.322206497192383,19.404199774205978,19.22324864760199,19.322206497192383,23533800
2016-10-24,19.401362759512704,19.61341496435285,19.336334085398097,19.562522888183594,21490800
2016-10-25,19.511632450634284,19.754787476498166,19.508806101271464,19.610591888427734,22889100
2016-10-26,19.593629677735475,19.73782528315037,19.548391904186897,19.675622940063477,15151500
2016-10-27,19.67844628282033,19.791539072282617,19.61907030339061,19.74347496032715,21394800
2016-10-28,19.734995309691364,19.850917699313285,19.715204392461867,19.788715362548828,20858700
2016-10-31,19.808507883505644,19.839609054405873,19.749133509179888,19.797199249267578,19167000
2016-11-01,19.785885406902782,19.8085026694255,19.548386354284922,19.593624114990234,26515800
2016-11-02,19.56535862344349,19.783065230337456,19.56535862344349,19.63604164123535,22935900
2016-11-03,19.686927795410156,19.81416042469341,19.607762515812,19.686927795410156,20411700
2016-11-04,19.709552491832707,19.774581185984008,19.54556434591261,19.554046630859375,21786300
2016-11-07,19.6841018338539,19.746304166225208,19.55404285284939,19.729339599609375,29266200
2016-11-08,19.70955283516901,19.80285473554788,19.64169617224326,19.73217010498047,22863900
2016-11-09,19.593626729189378,20.215645212962716,19.590798762081757,20.10255241394043,50338500
2016-11-10,20.14496777772461,20.38246692762838,20.07428475881264,20.184551239013672,42963900
2016-11-11,20.10538550613933,20.153451256108163,19.961189874063535,20.139314651489258,24671700
2016-11-14,20.119521743259273,20.161933174172006,19.845268706566728,19.930089950561523,38752500
2016-11-15,20.014910344725394,20.193035125732422,19.89050725087942,20.193035125732422,29175300
2016-11-16,20.286337051209745,20.373984641792823,20.167586667342558,20.184551239013672,33577200
2016-11-17,19.531421725571846,19.655824758188903,19.259995162229252,19.562522888183594,70320900
2016-11-18,19.4890179338736,19.621903289749277,19.350476642813955,19.37874984741211,33405900
2016-11-21,19.37874933526057,19.621902771171552,19.344821814205524,19.613420486450195,25068000
2016-11-22,19.715209210670512,19.910296934718218,19.715209210670512,19.825475692749023,32952000
2016-11-23,19.85374958834334,20.04318136764115,19.84243933495645,20.02621841430664,22196700
2016-11-25,20.10538550613933,20.25806342455261,20.06863001056404,20.139314651489258,12703200
2016-11-28,20.054489283360425,20.22130377210069,20.01773379534093,20.128000259399414,21297600
2016-11-29,20.18172039262375,20.297642792068306,20.130828302699708,20.17889404296875,21930300
2016-11-30,20.05166184828665,20.119518509008262,19.839609581302803,19.913122177124023,27978300
2016-12-01,19.862233057213484,19.997946398957946,19.805685022571303,19.980981826782227,20549400
2016-12-02,19.955528743737705,20.060140876471625,19.918773260709315,20.04034996032715,20022600
2016-12-05,20.046004699023154,20.071451549885165,19.737822610679636,19.774578094482422,31583700
2016-12-06,19.794367992289533,19.901808088848178,19.650174031649886,19.893325805664062,23334000
2016-12-07,19.913262405968432,20.118289369895695,19.90471941212861,20.10405158996582,20898600
2016-12-08,20.069880798650598,20.189479450935156,20.02431925212225,20.030014038085938,20532600
2016-12-09,20.010077483246054,20.05564065381042,19.859156711255082,19.955974578857422,32270100
2016-12-12,19.95312560330451,20.440064759328784,19.93888782591785,20.408740997314453,27252300
2016-12-13,20.408744081595735,20.568211123007927,20.391659723795364,20.445762634277344,26662500
2016-12-14,20.47423896489147,20.63939915590747,20.26921201519284,20.314773559570312,26008200
2016-12-15,20.280600857591406,20.445761042670682,20.226496321911785,20.240734100341797,21408900
2016-12-16,20.23789018213915,20.400202181101147,20.104052114370166,20.212261199951172,53534400
2016-12-19,20.172390517113037,20.431523608227824,20.172390517113037,20.383113861083984,17667900
2016-12-20,20.425830902782444,20.48278365267064,20.363183366728276,20.451459884643555,18324300
2016-12-21,20.405899321485567,20.502717208618442,20.286300659179688,20.286300659179688,15303000
2016-12-22,20.286303183820188,20.286303183820188,19.708239108779086,19.816448211669922,36320400
2016-12-23,19.77087846427203,19.862001538550658,19.75094590280199,19.802202224731445,14411700
2016-12-27,19.73386491190215,19.88193913036474,19.71962550221043,19.847768783569336,13307100
2016-12-28,19.91611304312462,19.93319740347878,19.7224756277572,19.736713409423828,14627100
2016-12-29,19.708231552713865,19.796506422622254,19.682604205661313,19.722469329833984,12895200
2016-12-30,19.68260955810547,19.770884452019132,19.60002782129706,19.68260955810547,20668500
2017-01-03,19.716778781422207,19.716778781422207,19.377913747278367,19.551618576049805,31419600
2017-01-04,19.551612066735508,19.827827843192445,19.534526084444867,19.665515899658203,23754000
2017-01-05,19.486118071057486,19.742402939899247,19.397843203748867,19.70823097229004,21297600
2017-01-06,19.480426682657072,19.50605403342299,19.366522819782492,19.437711715698242,28473300
2017-01-09,19.457647845745818,19.5914842869091,19.454799637862095,19.56585693359375,26055600
2017-01-10,19.545917213509345,19.72531678306581,19.426318586744426,19.429166793823242,30769500
2017-01-11,19.420627271018688,19.540225919146998,19.41777906343111,19.514596939086914,20092800
2017-01-12,19.466192547400887,19.523143674794316,19.340897460079844,19.35513687133789,19634700
2017-01-13,19.357981809019293,19.36937138176857,19.1016984986555,19.115936279296875,30037500
2017-01-17,19.392149473124284,19.731012813487965,19.380758273498945,19.483272552490234,39502500
2017-01-18,19.32950824152454,19.395002365112305,19.232688716121253,19.395002365112305,21964500
2017-01-19,19.400692455308985,19.417778441468435,19.215599703279366,19.25546646118164,20463300
2017-01-20,19.289641989254424,19.31527097538281,19.084614988456607,19.130176544189453,36164100
2017-01-23,19.081764535205572,19.130174293504925,18.953622878459154,18.979251861572266,23854200
2017-01-24,19.04759575260975,19.195669988785433,18.982100000185376,19.19282341003418,32131800
2017-01-25,19.22698821227291,19.28678916052735,19.01911307057497,19.047590255737305,26168700
2017-01-26,19.115935194369843,19.141564175715466,18.970707558896894,19.002031326293945,19512300
2017-01-27,19.039049705345676,19.070373472455802,18.58912902321477,18.697338104248047,40300800
2017-01-30,18.68879588123251,18.93084140498195,18.68879588123251,18.913755416870117,25924500
2017-01-31,18.85395495112721,19.047592336097495,18.759983651587444,19.004878997802734,27962700
2017-02-01,18.92514567751044,18.99633620482943,18.805545396085407,18.859651565551758,27150000
2017-02-02,18.890974015906508,19.118781751809493,18.890974015906508,18.993488311767578,26996100
2017-02-03,19.0276563354236,19.058980098963872,18.919448896131783,18.936534881591797,22875900
2017-02-06,18.899515173561326,19.039048009274616,18.899515173561326,18.908058166503906,27291600
2017-02-07,18.953618966460997,19.078912389420175,18.93938118858445,19.047590255737305,17417100
2017-02-08,19.04759412082361,19.312420427765588,19.04759412082361,19.309572219848633,22982400
2017-02-09,19.30957116134262,19.68830295246766,19.292485173596642,19.67121696472168,33241500
2017-02-10,19.434859505343322,19.53452556015183,19.29532670272963,19.36936378479004,37336800
2017-02-13,19.45479681978287,19.548768113419275,19.238380304845062,19.298179626464844,25122900
2017-02-14,19.329505620550318,19.557313362239665,19.28109586441277,19.551618576049805,25386900
2017-02-15,19.30672486665212,19.56585637677201,19.295333664850943,19.560161590576172,25689900
2017-02-16,19.554457413410024,19.716770976137116,19.53737306160363,19.61141014099121,25241400
2017-02-17,19.600026896614516,19.873396189345247,19.56016176348175,19.75379753112793,38512200
2017-02-21,20.27775942939805,20.582450898118065,20.132531771356145,20.346101760864258,67238700
2017-02-22,20.573906418038554,20.60807839601007,20.354643286829557,20.420137405395508,45728100
2017-02-23,20.502714501289727,20.645095549377142,20.26351557885398,20.306230545043945,38399100
2017-02-24,20.314778563057327,20.730527350547476,20.303387359452653,20.6137752532959,41669700
2017-02-27,20.58244751101025,20.622314271824045,20.368877556647835,20.428678512573242,27764100
2017-02-28,20.180938760505374,20.217958947017966,19.933196804602165,20.19802474975586,47857800
2017-03-01,20.209412348751368,20.240734484245895,19.975908215724314,20.061336517333984,40568100
2017-03-02,20.052794549004076,20.189479186800906,19.981604022456363,20.149612426757812,26748900
2017-03-03,20.14961330203654,20.223650410040232,19.899024788523704,19.94173812866211,27893700
2017-03-06,19.933193399284086,20.058488459836525,19.870547498417206,19.899023056030273,27547800
2017-03-07,19.904722472310898,19.992999002621154,19.893332898379732,19.896181106567383,21848700
2017-03-08,19.99083818419855,20.088367959452192,19.947810776660575,20.02239227294922,23939400
2017-03-09,20.008053906488044,20.0912412296202,19.953551527596485,20.039608001708984,22693500
2017-03-10,20.079759545187628,20.18302760783075,20.022389675911583,20.10844612121582,21296400
2017-03-13,20.07689728575299,20.208850317533848,19.99657911948895,20.0654239654541,20407500
2017-03-14,20.314983690826136,20.426857579131614,20.286298751831055,20.286298751831055,29875200
2017-03-15,20.223193151315847,20.280564678011093,20.085503456916012,20.24614143371582,26441400
2017-03-16,20.11131966762673,20.280563445212504,20.09984470642896,20.20598030090332,21183000
2017-03-17,20.246136923124183,20.294900986490944,20.02525995940696,20.048208236694336,42235200
2017-03-20,20.1199229336962,20.208848544468236,19.996577365047393,20.07402801513672,22398600
2017-03-21,20.1285313639061,20.19450870329116,19.990841666133807,20.05108070373535,26240400
2017-03-22,20.088369896093443,20.177295511524765,19.99944592205266,20.151479721069336,19366800
2017-03-23,20.137137796961436,20.168691892182377,20.008053906488044,20.039608001708984,20696400
2017-03-24,20.07688876726321,20.1285219694818,19.94493579146912,19.967884063720703,17577000
2017-03-27,19.942075051111566,20.099845515238716,19.89618012864528,19.982234954833984,17377800
2017-03-28,19.887569441028667,20.18589703294416,19.887569441028667,20.171554565429688,21756600
2017-03-29,20.18016190921341,20.418250499122173,20.16868694949488,20.292034149169922,20973000
2017-03-30,20.277686685516336,20.57314671845578,20.26334422044392,20.53585433959961,24424500
2017-03-31,20.45841072861783,20.814109893357628,20.432594939193322,20.676420211791992,29819400
2017-04-03,20.676415972482875,20.805499817310643,20.590359528800985,20.60470199584961,24873900
2017-04-04,20.57889253515148,20.670685665580766,20.518651857090443,20.656341552734375,16701900
2017-04-05,20.5502085465441,20.742400642830013,20.52726026103818,20.553077697753906,19063500
2017-04-06,20.567418006797926,20.682159422253754,20.47562487443326,20.489967346191406,17823300
2017-04-07,20.68215169996292,20.9374518695498,20.59609526015508,20.91163444519043,32304000
2017-04-10,20.937455661716225,21.078014484147193,20.86287416635669,20.957534790039062,22487700
2017-04-11,20.94032227288461,21.06940777113678,20.92024314542265,21.063671112060547,17431500
2017-04-12,21.098091942916277,21.178411732632423,21.012037135722135,21.066537857055664,19881900
2017-04-13,21.046466578432632,21.12965390790787,20.98335838317871,20.98335838317871,16009200
2017-04-17,20.986218864998385,21.106696903338666,20.983349714984506,21.080881118774414,16396200
2017-04-18,21.09522257506466,21.255862152839004,21.078012598637596,21.195621490478516,19883700
2017-04-19,21.25586685817696,21.33618502345367,21.187022013058105,21.24726104736328,17821800
2017-04-20,21.26733832711567,21.54558683410566,21.258732517051083,21.456661224365234,23043900
2017-04-21,21.439441061760316,21.54557659982444,21.399281180998585,21.496810913085938,17267100
2017-04-24,21.536978461344617,21.6287715692571,21.34765558662268,21.4509220123291,23437500
2017-04-25,21.505421629516366,21.562793135331603,21.47386754752649,21.528369903564453,17161200
2017-04-26,21.59148403918562,21.734910381306648,21.56279909903951,21.637380599975586,20845500
2017-04-27,21.668932281928132,21.714828837616142,21.519767655246948,21.640247344970703,18156600
2017-04-28,21.58287591017662,21.6402474256958,21.493951948720753,21.565664291381836,21991200
2017-05-01,21.539853369351984,21.72057048334122,21.539853369351984,21.580013275146484,18497700
2017-05-02,21.600088121377613,21.717698664513826,21.58574401106168,21.66319465637207,21955200
2017-05-03,21.62877586639897,21.76646555562348,21.565667681823427,21.73204231262207,16570800
2017-05-04,21.780805971858342,21.915628139042198,21.752121032990022,21.89841651916504,16502400
2017-05-05,21.921370486035634,21.97300371767293,21.85252563005562,21.944318771362305,16793400
2017-05-08,21.944314727863794,21.950051387790705,21.82096751178726,21.835309982299805,19536600
2017-05-09,21.927103594552957,22.102084036645934,21.89554950216709,22.007423400878906,24765900
2017-05-10,22.042076355940665,22.17202407496056,22.001649351712178,22.148923873901367,22535700
2017-05-11,22.04784827579698,22.15469411820499,21.92656233229708,21.984317779541016,25048200
2017-05-12,21.93233883933158,22.018971183242524,21.764849200470554,21.863033294677734,17678700
2017-05-15,21.889020057031754,22.082498226633643,21.889020057031754,22.030519485473633,26531700
2017-05-16,22.001653277463205,22.02475348264416,21.681113971137123,21.689777374267578,25115400
2017-05-17,21.689771027061777,21.86881078382228,21.64645567646032,21.692659378051758,32913000
2017-05-18,22.2037877706686,22.426144540184254,21.984321004644737,22.391490936279297,57500400
2017-05-19,22.51566270441301,22.94015942118468,22.457907250984178,22.746681213378906,55745100
2017-05-22,22.712025979145963,22.81309511637644,22.61095518954101,22.683147430419922,26692800
2017-05-23,22.6918096198203,22.80443215338527,22.651382628033563,22.665821075439453,22754700
2017-05-24,22.686037904011005,22.70047635353797,22.564753606084818,22.56764030456543,22281000
2017-05-25,22.628284019693258,22.769781815943187,22.567640218586575,22.61384391784668,18405000
2017-05-26,22.63117231403124,22.680264367597378,22.46368430549637,22.561866760253906,18377400
2017-05-30,22.524324955984543,22.639834204574875,22.504111457121724,22.56764030456543,16231200
2017-05-31,22.625392170996985,22.789993443804477,22.58785187769865,22.697586059570312,24605100
2017-06-01,22.70914410410002,23.047008514404297,22.69759400321566,23.047008514404297,24459300
2017-06-02,23.04411665602755,23.08165695405925,22.876628664078552,22.992137908935547,23989500
2017-06-05,22.986366293665093,23.237599989554305,22.951714338727754,23.176956176757812,30437100
2017-06-06,22.937264955759144,22.974805244207726,22.59939905497357,22.792877197265625,34577700
2017-06-07,22.836201295579116,22.957485596385027,22.735130494115964,22.856414794921875,25533600
2017-06-08,22.85640767881284,23.139404843376585,22.590737309648183,22.792877197265625,32799000
2017-06-09,22.821760841287514,22.974812042770527,22.732241792525905,22.934383392333984,28215300
2017-06-12,22.92861184897531,23.208722441609055,22.76689887487617,22.882408142089844,31231800
2017-06-13,22.87373970056052,22.97769719195965,22.78133230715039,22.963258743286133,16584000
2017-06-14,22.9632581349679,23.113420971468674,22.88817754290476,23.0729923248291,15019500
2017-06-15,22.86507449889465,22.899726442505276,22.455016309860078,22.787105560302734,33891600
2017-06-16,21.35479411126167,21.80239434500596,21.16420424862441,21.727312088012695,168699000
2017-06-19,21.767739358203745,21.949665808382417,21.51939405615058,21.802392959594727,48285300
2017-06-20,21.91213014838594,21.923681902087257,21.750417163192594,21.813947677612305,30057600
2017-06-21,21.831264195832034,22.122924771588384,21.825487495515652,22.01607894897461,27034200
2017-06-22,21.955435245375067,21.964098643508194,21.744631949507802,21.80816078186035,24333900
2017-06-23,21.83126954679779,21.883248295765863,21.528057148463866,21.611801147460938,39240900
2017-06-26,21.643566707177165,21.92656395824665,21.63490330682942,21.802392959594727,25762500
2017-06-27,21.80239412030058,22.053626134261524,21.787954017369138,21.94966697692871,19363200
2017-06-28,22.018968613907298,22.177793182232435,21.987201717393074,22.09404754638672,20966700
2017-06-29,22.01897422831394,22.039187728659588,21.7995058137052,21.926565170288086,21190500
2017-06-30,21.969885111740577,22.02475057035339,21.8514874877801,21.8543758392334,20889900
2017-07-03,21.900573982406883,22.044960123252707,21.681105594231624,21.761962890625,14545800
2017-07-05,21.816829185063344,21.932340085088637,21.707096639076166,21.750411987304688,18110700
2017-07-06,21.75907427604334,21.93811401385078,21.72730902801504,21.79372787475586,18485400
2017-07-07,21.845709024051313,21.89479942446257,21.67244431617412,21.7533016204834,15921300
2017-07-10,21.70132172316558,21.74752542602785,21.11800038762313,21.14687728881836,45200100
2017-07-11,21.190184886355897,21.383663027837837,21.17574644104183,21.216175079345703,22597800
2017-07-12,21.271052322225188,21.42987860128518,21.271052322225188,21.351909637451172,17100600
2017-07-13,21.56270539436976,21.730193363603906,21.516501702693148,21.672439575195312,24481500
2017-07-14,22.02474677737951,22.108492431353127,21.92078927621349,22.04496192932129,27455700
2017-07-17,22.03052135117153,22.198009338190264,22.00164445390096,22.05362319946289,26506800
2017-07-18,22.018966236025193,22.10270855807871,21.94677070455001,22.004526138305664,12944700
2017-07-19,21.969879052754123,22.010307700075725,21.831267963972515,21.909236907958984,15940800
2017-07-20,21.94099697821189,22.01896590379983,21.860139702648787,21.952547073364258,14896200
2017-07-21,21.90057228698062,22.013193170694432,21.816826646351142,21.99009132385254,21459900
2017-07-24,21.95543588215792,22.281750061014975,21.95543588215792,22.203781127929688,22164000
2017-07-25,22.41170218023462,22.77266834528499,22.348171685739896,22.674484252929688,34512000
2017-07-26,22.683143248802743,22.862182947450695,22.50699190020727,22.78421401977539,20148300
2017-07-27,22.73223865159671,23.06144120661217,22.662933111442047,23.03833770751953,24157500
2017-07-28,23.04412181537068,23.090325523658016,22.96903955012255,23.047008514404297,14925600
2017-07-31,23.04989552251079,23.200058391880912,23.012355218261973,23.098987579345703,18789600
2017-08-01,23.174065532995453,23.31267663390003,23.10187328400848,23.246257781982422,17179500
2017-08-02,23.20005741456684,23.42241253182754,23.188505662467367,23.25492286682129,26019000
2017-08-03,23.488826378118212,23.610110669762037,23.295348190204486,23.353103637695312,29840700
2017-08-04,23.40797223710913,23.506154686534167,23.16251528735922,23.2404842376709,21425400
2017-08-07,23.266475884970244,23.52059626886402,23.257812483517913,23.47150421142578,16453500
2017-08-08,23.43973371022717,23.638986927859715,23.361764772479756,23.561017990112305,22144200
2017-08-09,23.56974392258002,23.8254627576839,23.50872031750357,23.715038299560547,19819500
2017-08-10,23.558116965747192,23.65401214210179,23.40701122905693,23.438976287841797,24135000
2017-08-11,23.459313742413592,23.61041945855217,23.351795829906962,23.363418579101562,23716500
2017-08-14,23.418628896517816,23.60751268914934,23.392475218797642,23.450593948364258,23376000
2017-08-15,23.488371607595454,23.65400824965069,23.40410085865201,23.470935821533203,21198300
2017-08-16,23.616230277123297,23.665631113479357,23.404099327954768,23.531959533691406,34608000
2017-08-17,22.9130105922937,23.191976598847695,22.761904836794564,23.16001319885254,51881100
2017-08-18,23.136758511292896,23.348887803929372,23.037956835676326,23.046674728393555,29259000
2017-08-21,22.991468131287583,23.267529258858765,22.895572950746793,23.16291618347168,28841700
2017-08-22,23.189062285966596,23.29367366438085,23.16290860997909,23.25299072265625,19638300
2017-08-23,23.34889066452209,23.409914258250982,23.21231420834488,23.23556137084961,23397900
2017-08-24,23.424442977117096,23.502900688237425,22.622415115077562,22.764802932739258,57384000
2017-08-25,22.8113005497897,22.98274691442383,22.80548751222013,22.849075317382812,29706600
2017-08-28,22.785147107732904,22.799676376272675,22.625321828259,22.67472267150879,25864500
2017-08-29,22.570110159757252,22.95078432094927,22.52070931530449,22.889759063720703,22995600
2017-08-30,22.90428406879212,22.985649954771116,22.817106808891175,22.822919845581055,17489400
2017-08-31,22.84036188328237,22.883949693782217,22.68344310505349,22.68634796142578,24584400
2017-09-01,22.75608373107029,22.811297604242533,22.7270251980474,22.77351951599121,19423200
2017-09-05,22.651474702561206,23.215217950560447,22.636945434538895,23.18906593322754,36205500
2017-09-06,23.212308735333945,23.363414424602805,23.16581442128694,23.27042579650879,25278300
2017-09-07,23.340170061907138,23.46803027222798,23.247183085448384,23.282052993774414,20462400
2017-09-08,23.171629809097887,23.21231275662888,22.5875442641576,22.921722412109375,29998800
2017-09-11,23.000178056683673,23.058296781264957,22.857788594812195,22.97983741760254,21000600
2017-09-12,23.043772021900747,23.221033098527656,23.005995589055626,23.13385581970215,18015000
2017-09-13,23.133854907809717,23.444785915242036,23.1280435328553,23.20650291442871,26471100
2017-09-14,23.18615702228355,23.194874914751097,23.020522053704045,23.154191970825195,20817900
2017-09-15,23.19197403092506,23.465130293891423,23.035055253921072,23.35761070251465,39953400
2017-09-18,23.30820643208754,23.572643080011776,23.232651916417755,23.247182846069336,24528300
2017-09-19,23.29948730046691,23.38085152324202,23.160004350479934,23.261709213256836,18523200
2017-09-20,23.29658163577399,23.409910913253064,23.209404373145787,23.392475128173828,15954600
2017-09-21,23.412823617357237,23.412823617357237,23.165822693626335,23.250093460083008,19290900
2017-09-22,23.215214712797586,23.270426921242965,23.02923911038859,23.11060333251953,17265900
2017-09-25,22.933350038964914,23.27624612822617,22.915914250040498,23.000185012817383,25643400
2017-09-26,22.968216862865784,23.113511204555333,22.93334695247827,23.069923400878906,17505900
2017-09-27,23.07864328413713,23.12223109157194,22.860700921426538,23.04086685180664,18943800
2017-09-28,22.956586164378145,22.979834981960785,22.700869124181153,22.942058563232422,37118400
2017-09-29,22.91300587020216,22.9565936762051,22.66019360240234,22.706687927246094,31060200
2017-10-02,22.636944583471756,22.907192616616364,22.520707118127067,22.796768188476562,23127600
2017-10-03,22.9071921269693,23.148381620006287,22.88394496695089,23.020523071289062,23810100
2017-10-04,23.035047997839133,23.18324883357399,22.9769309359333,22.982742309570312,18520200
2017-10-05,23.005987902910594,23.19196514879485,22.979835891937956,23.075729370117188,15416100
2017-10-06,22.892666015376467,23.005995312549732,22.738652104102876,22.956594467163086,18740100
2017-10-09,23.101890826088525,23.64820000129013,23.07283228732222,23.40119743347168,40479000
2017-10-10,24.025963609389507,24.66526137541851,24.005622966825218,24.44731903076172,75372000
2017-10-11,24.57808782069156,25.074996175588225,24.438604832045776,24.912267684936523,55683000
2017-10-12,24.903543411224728,25.098238574184098,24.71756447790071,25.019779205322266,38631000
2017-10-13,25.060464226935373,25.26678215502818,25.060464226935373,25.170886993408203,28167000
2017-10-16,25.159264786697225,25.17088753593726,24.70594431097321,24.91516876220703,27900900
2017-10-17,24.84542989016307,25.09533731554304,24.793124187548383,24.984912872314453,17554500
2017-10-18,25.034308712402716,25.098238815462935,24.99362576838549,25.054649353027344,16416300
2017-10-19,25.034310144997026,25.18251100022292,24.92388571753176,25.106956481933594,21087000
2017-10-20,25.165079812893012,25.412080729150187,25.072091154407094,25.409175872802734,22853400
2017-10-23,25.380111680484532,25.83924352528054,25.35686451951724,25.760784149169922,31758000
2017-10-24,25.772415243060273,25.804380305523903,25.545754949170878,25.566097259521484,23102700
2017-10-25,25.528307608397963,25.746249908214153,25.406260452586594,25.711380004882812,19224000
2017-10-26,25.76368840664884,25.894453467767086,25.57771113523303,25.752065658569336,19454700
2017-10-27,25.61258566433275,25.685233672627728,25.324901812849482,25.62130355834961,19851000
2017-10-30,25.554460802410873,25.557367320453736,25.104046946296663,25.26677703857422,21156000
2017-10-31,25.240633826702215,25.41498840065323,25.16508095394872,25.37139892578125,18020700
2017-11-01,25.30164666709103,25.688132086984215,25.28130602931465,25.554460525512695,18528300
2017-11-02,25.653267310830703,25.911892610950286,25.513784339191236,25.80437469482422,15549300
2017-11-03,25.868298810370906,26.11820617505972,25.792745962412674,26.060089111328125,19536300
2017-11-06,25.984546465007558,26.060099342628153,25.769508921579515,25.77532196044922,15772200
2017-11-07,25.8247142648074,25.879926479966304,25.661984137990462,25.84796142578125,16047900
2017-11-08,25.8944613830895,26.275133934727297,25.89155652656566,26.228639602661133,20302500
2017-11-09,26.135646111320963,26.318718549248633,25.964198085647062,26.240259170532227,20713500
2017-11-10,26.222823706437087,26.644179141689758,26.211200956808366,26.420425415039062,22943400
2017-11-13,26.45529083211368,26.72844535519976,26.40589166043192,26.44076156616211,25474800
2017-11-14,26.3564926500056,26.501786982344427,26.20538528066952,26.46982192993164,29502300
2017-11-15,26.251878594796302,26.400079439958812,26.051372058037597,26.10367774963379,25300200
2017-11-16,27.64090117712553,28.96598936102093,27.524665371520673,28.948556900024414,114367200
2017-11-17,28.838129797553027,29.096753401835855,28.065158852041588,28.32378578186035,70726500
2017-11-20,28.024481138891588,28.373186905031123,27.82687943112646,28.326692581176758,49182900
2017-11-21,28.402247794582618,28.454551828667274,27.98960860604673,28.047725677490234,38239500
2017-11-22,28.08550739160659,28.132001719865297,27.92858861804137,28.015764236450195,26754600
2017-11-24,28.149440025824475,28.254051442376923,28.050638322363454,28.076793670654297,13488300
2017-11-27,28.143626987196072,28.37609864927761,27.98380168028471,28.076793670654297,26714700
2017-11-28,28.068069224978082,28.155244836001657,27.844315497034817,28.120376586914062,26128800
2017-11-29,28.25113956892592,28.55335433512487,28.15233788418973,28.34994125366211,34272000
2017-11-30,28.503956734638034,28.60566162416859,28.044823158361766,28.25404930114746,38564100
2017-12-01,28.364468488905636,28.39352702338377,27.963455392249646,28.288915634155273,24888600
2017-12-04,28.399341086527773,28.46617438802764,28.094219812411513,28.190114974975586,26869500
2017-12-05,28.18721076155589,28.460367003823716,28.1639652614469,28.428401947021484,27030300
2017-12-06,28.474895270840893,28.51848307616391,28.256952918689432,28.26857566833496,21423000
2017-12-07,28.35328288323993,28.505188269265396,28.233514350487265,28.271488189697266,22507800
2017-12-08,28.131273112593473,28.248123164692554,28.084533760366277,28.20430564880371,17463300
2017-12-11,28.32407550559199,28.414632377900833,28.128355921668426,28.3153133392334,26786700
2017-12-12,28.29194068484075,28.405868900618625,28.218911491681688,28.248123168945312,23431800
2017-12-13,28.236439881640617,28.601589199744218,28.20430636722453,28.557771682739258,23638200
2017-12-14,28.627885549568706,28.794393469822,28.364977075408852,28.37373924255371,28157400
2017-12-15,28.54316855406805,28.77102501302968,28.30947176478854,28.367895126342773,48428400
2017-12-18,28.446770774747353,28.677545749833314,28.440930443860143,28.59867286682129,23893200
2017-12-19,29.185831612107112,29.185831612107112,28.71259442418694,28.8615779876709,36036600
2017-12-20,29.051458509031256,29.10988186525398,28.759335041793097,28.846973419189453,32189400
2017-12-21,28.92000298998181,29.016403534838386,28.622039189089808,28.645410537719727,22107300
2017-12-22,28.71259415452868,28.750571339882274,28.53440225895498,28.689226150512695,16436100
2017-12-26,28.73012674436715,29.048540090760905,28.73012674436715,28.966745376586914,12887700
2017-12-27,29.08358524111388,29.095269241021196,28.87033469173251,28.995946884155273,15422400
2017-12-28,29.071903417676285,29.101118437583516,28.955056710295853,29.036848068237305,29291700
2017-12-29,29.036849326913305,29.12156586788607,28.846973419189453,28.846973419189453,21432900
2018-01-02,29.007643185780605,29.15078311029864,28.779790047182015,28.80023956298828,30451500
2018-01-03,28.87618873962321,29.212126423339924,28.852817388348793,29.051462173461914,26710800
2018-01-04,29.077749252319336,29.147856613347937,28.89371366867409,29.077749252319336,20491200
2018-01-05,29.106957390559067,29.32312646343927,29.098195225144774,29.250097274780273,21852000
2018-01-08,29.285160711066336,29.72334265016926,29.2734733632033,29.682443618774414,26531700
2018-01-09,29.80513313991221,29.898615204720272,29.302687517828478,29.3260555267334,21938100
2018-01-10,29.139097822706013,29.179993509455368,28.782710617121527,29.115726470947266,23791200
2018-01-11,29.124496879823845,29.343587877744756,28.85574467624322,29.217975616455078,19613100
2018-01-12,29.326048582664185,29.632774521054575,29.29975874310558,29.466266632080078,20853600
2018-01-16,29.60356792767475,29.77007918829804,29.311447777005704,29.41368865966797,21512100
2018-01-17,29.548064870406378,30.070959946415964,29.416608970738523,30.000852584838867,26045700
2018-01-18,30.596782439841228,30.655205802605565,30.269606928073237,30.46824836730957,36923700
2018-01-19,30.567567188472573,30.65228038597468,30.28128739546171,30.552961349487305,25135800
2018-01-22,30.526679580774832,30.804197311401364,30.39230514324657,30.804197311401367,21924900
2018-01-23,30.757448419373276,31.008669534713025,30.54711964415137,30.935640335083008,24863400
2018-01-24,31.067092818813343,31.093382659174683,30.62014547429793,30.90350341796875,20469300
2018-01-25,30.921030545990234,31.20146664842777,30.921030545990234,31.140121459960938,17571300
2018-01-26,31.25698217027763,31.66887095576898,31.16350343757649,31.66303062438965,20358900
2018-01-29,31.581245296885786,32.12751201263227,31.546189925923702,32.00189971923828,25065600
2018-01-30,31.8821241714947,31.94639122326677,31.30080221115381,31.470232009887695,27541500
2018-01-31,31.481902750865306,31.60167463463649,30.985297570681592,31.140121459960938,29438400
2018-02-01,30.95316095912054,31.128434341360094,30.725307902352316,30.824626922607422,19160400
2018-02-02,30.71654782933959,31.102150007104846,30.424427702628996,30.520828247070312,27759300
2018-02-05,30.20533137157377,30.558796628268716,28.362047383193524,29.23841094970703,37684800
2018-02-06,28.522716160985382,29.527613924976052,28.40879128606764,29.47503089904785,49241400
2018-02-07,29.358189341027266,30.55296656368508,29.21504942009344,30.044673919677734,33495600
2018-02-08,30.155684820111507,30.22871403839737,29.21213194176688,29.217975616455078,41925300
2018-02-09,29.3669413102056,29.533452525516154,28.16924600963531,29.0280818939209,42553800
2018-02-12,29.250097218930083,29.343575917459898,28.861576587106914,29.08066749572754,27405300
2018-02-13,29.01640790999413,29.568518077290484,29.01640790999413,29.4984073638916,19868400
2018-02-14,29.463354155302653,29.869402594664002,29.27347485957693,29.708738327026367,21922800
2018-02-15,29.957032572538623,30.2754425242638,29.746703819188948,30.15567398071289,22484700
2018-02-16,30.11477427563696,30.65519691057412,29.79051735161299,30.608457565307617,48192900
2018-02-20,28.332847332273293,28.610361684023367,27.488615256991103,27.49153709411621,156265500
2018-02-21,27.783649086239834,27.850837948029803,26.653140824639898,26.734933853149414,148511100
2018-02-22,26.708647260809226,27.281203544594536,26.673591907520077,27.100088119506836,61095000
2018-02-23,27.132219536288957,27.310414782498693,26.805044064724346,27.135141372680664,38374500
2018-02-26,27.138068317200513,27.40097680988302,26.939425193452077,27.202335357666016,44097900
2018-02-27,27.35130925359197,27.37760076536166,26.732012016886877,26.734933853149414,40128300
2018-02-28,26.875160129831798,26.904371813454727,26.29091642818451,26.29383659362793,42431100
2018-03-01,26.34057481881468,26.34349498394672,25.62195678051717,26.02216148376465,56728800
2018-03-02,25.493422495351417,25.969579904020186,25.484658656967174,25.931604385375977,57130200
2018-03-05,25.747568030346823,26.43697607812508,25.72712018775001,26.285072326660156,40149600
2018-03-06,26.393157902945,26.436977098102084,25.890708942019636,26.016321182250977,33164100
2018-03-07,25.700827260807785,25.86149316016544,25.513868176992364,25.630718231201172,34359000
2018-03-08,25.792347243100625,25.898138630798783,25.66598610183477,25.836427688598633,28766100
2018-03-09,25.93045818982923,26.07151222229004,25.721814715878846,26.07151222229004,29263200
2018-03-12,26.065631419086788,26.283089265617264,25.824662889232343,25.880496978759766,25422000
2018-03-13,25.974545499362545,26.124415668400335,25.854062857889,25.948097229003906,21519000
2018-03-14,26.009796491006075,26.15085218803909,25.71299722499823,25.76295280456543,33121800
2018-03-15,25.765897747554245,26.092084599917897,25.242821063362705,25.715940475463867,49845600
2018-03-16,25.777649249530928,26.474105017885176,25.71300074468309,26.203750610351562,85188000
2018-03-19,26.127347669363726,26.17730325750419,25.59545492318651,25.698307037353516,36160200
2018-03-20,25.818793281615175,25.904013226892044,25.67479997458021,25.84524154663086,24774000
2018-03-21,25.827606601942314,26.353620818791416,25.765895671683023,25.912826538085938,35508000
2018-03-22,25.721815935549248,25.93927382553018,25.563131402628905,25.607210159301758,36744600
2018-03-23,25.668916168462875,25.76882900665815,25.060619690355125,25.101760864257812,30375300
2018-03-26,25.336862987182418,25.768841315764313,25.304537883782046,25.713008880615234,27599400
2018-03-27,25.848176222933333,25.87168522870071,25.11939704414465,25.286897659301758,19637400
2018-03-28,25.348609587381286,25.930459604905707,25.32803983708615,25.792343139648438,34728900
2018-03-29,25.830544626072207,26.253708420848042,25.79234270103272,26.14497947692871,27823800
2018-04-02,25.859935946975188,25.930464662306896,24.93133084223501,25.139972686767578,57386700
2018-04-03,25.34566992403588,25.551374136024712,25.13996571204705,25.507293701171875,29086500
2018-04-04,25.154655861465272,25.71299676484261,25.10763785712786,25.630714416503906,19609800
2018-04-05,25.742389100525155,25.962786261723156,25.58076361884828,25.804100036621094,19142700
2018-04-06,25.516113181260014,25.830546371871225,25.310408941916755,25.474973678588867,19050000
2018-04-09,25.52199067785322,25.698307389198686,25.34273471007822,25.354488372802734,25104300
2018-04-10,25.519055258422256,25.595459122110007,25.17229693345882,25.404449462890625,27382200
2018-04-11,25.272202499887904,25.52492301153996,25.213429153843293,25.24575424194336,18837000
2018-04-12,25.32803861526031,25.51611065973225,25.098825390685956,25.104703903198242,20568900
2018-04-13,25.239879969249422,25.35154816844097,25.03417742728737,25.2780818939209,22677600
2018-04-16,25.330978548645195,25.75707991635342,25.307469542457778,25.51905059814453,21062100
2018-04-17,25.707127355400257,25.90989236071207,25.686557601780603,25.830549240112305,20405700
2018-04-18,25.918702886204994,26.024494251461523,25.715937924418082,25.733570098876953,17562000
2018-04-19,25.686554064986517,25.871686866563568,25.442647904521888,25.827608108520508,19764900
2018-04-20,25.821720801589517,25.97158919073526,25.469084154317194,25.560182571411133,24974700
2018-04-23,25.53374074616919,25.58957483999287,25.278079280687273,25.301589965820312,22081500
2018-04-24,25.498476917737023,25.53961809531039,25.14584185602945,25.427949905395508,25409100
2018-04-25,25.366239373438553,25.7717709618181,25.239878264178618,25.616024017333984,20281200
2018-04-26,25.616026435756293,25.95396861722956,25.536683327962876,25.842300415039062,17347500
2018-04-27,25.821734385144925,25.830548792617027,25.58958185961639,25.65129280090332,16953300
2018-04-30,25.84229827910047,26.34774272208308,25.83642144828586,25.995107650756836,26057700
2018-05-01,25.762953981913945,25.862866827110796,25.375054580713563,25.68655014038086,20873100
2018-05-02,25.604268785892835,25.639531452016143,25.319221474785888,25.37211799621582,18249000
2018-05-03,25.32803881531484,25.35742465212151,25.013605653292668,25.339794158935547,20628300
2018-05-04,25.272213920878773,25.889325085000777,25.08414013743981,25.72182273864746,20914500
2018-05-07,25.71006452811276,25.71300378474747,25.057687437955188,25.1164608001709,32350800
2018-05-08,25.131146790391934,25.228122054633136,24.95483011535831,25.195796966552734,19654200
2018-05-09,24.261319928294633,24.59044604207635,24.096755189906876,24.40825080871582,96795600
2018-05-10,24.4378188112868,24.7719744392084,24.25151800872961,24.452604293823242,47572800
2018-05-11,24.452610036297102,24.69805282664007,24.233782136024004,24.656652450561523,29804400
2018-05-14,24.80746382369999,25.073605924355512,24.736492484052505,24.955320358276367,28497600
2018-05-15,24.85773014706591,25.1002150791294,24.78084327760544,24.993757247924805,27968700
2018-05-16,25.09725997604699,25.469858169555664,25.05881738586387,25.469858169555664,41200800
2018-05-17,25.73896170667458,25.90160541025087,24.795634994292634,24.984891891479492,89162100
2018-05-18,24.91096689037366,24.970110526544957,24.689181215889533,24.733537673950195,36129300
2018-05-21,24.881394542765467,24.999680116478224,24.78676608379526,24.990808486938477,32147100
2018-05-22,24.987847654882806,25.079518322549436,24.63003153579951,24.653690338134766,24201900
2018-05-23,24.5294884190819,24.55018775531978,24.298831178890058,24.547231674194336,28197600
2018-05-24,24.544278033549116,24.544278033549116,24.183505809447126,24.499919891357422,25728600
2018-05-25,24.499921757927694,24.644822213309887,24.343193591786672,24.384593963623047,17740500
2018-05-29,24.23673493270791,24.40233472248481,24.192378480694344,24.366849899291992,25284600
2018-05-30,24.381631716299676,24.90800366656327,24.325445870278735,24.87547492980957,27942300
2018-05-31,24.822247287644828,24.931661215851467,24.399375365773412,24.408246994018555,34406100
2018-06-01,24.55610246747871,24.668474156586488,24.49991662292482,24.541316986083984,15713700
2018-06-04,24.69213063011868,25.28947391815683,24.632988702008145,25.259902954101562,32766000
2018-06-05,25.268779179437857,25.274693034906957,24.91392077784767,25.02333641052246,24844200
2018-06-06,25.12092757905549,25.180069529554586,24.943498343377016,25.005598068237305,22088400
2018-06-07,25.070646280950506,25.360445453649824,25.044031397830068,25.12091827392578,23117100
2018-06-08,25.07064677861738,25.19189010356393,24.881389896021787,24.946447372436523,22807200
2018-06-11,24.961232045257763,24.999674636776852,24.777889023167532,24.92870330810547,18756900
2018-06-12,24.934617717451818,25.014460675495464,24.683261134324034,24.86956024169922,24185100
2018-06-13,24.80746023079954,24.94940288953675,24.795632521949756,24.86660385131836,19075200
2018-06-14,24.905048345399557,25.079519754934307,24.74240464561796,24.777891159057617,22552200
2018-06-15,24.69213429460616,24.83703643941536,24.562021018199278,24.751277923583984,37509000
2018-06-18,24.559059073434312,24.712831128988007,24.491045519146862,24.544275283813477,25506900
2018-06-19,24.42599215421296,24.727620769695744,24.357978588486148,24.72466468811035,28057500
2018-06-20,24.75423565650547,24.786764398576185,24.59159194615191,24.72466468811035,23899800
2018-06-21,24.662555520980444,25.002626626729487,24.514699033464673,24.902084350585938,24276000
2018-06-22,24.976015708324816,25.091343474483264,24.869557877025628,25.08247184753418,32439000
2018-06-25,25.014464841824235,25.608850466209237,24.981936098530053,25.57040786743164,47818500
2018-06-26,25.588146691397252,25.741918762116935,25.360447204832603,25.425504684448242,30378600
2018-06-27,25.40184413243185,25.87203021713633,25.29834407217728,25.69460105895996,30899100
2018-06-28,25.682783130535515,25.81289642959911,25.339754083748762,25.390026092529297,25401000
2018-06-29,25.401851941694666,25.490566548056282,25.289480219775978,25.327922821044922,24766800
2018-07-02,25.327920270920004,25.41367878675893,24.662563328334464,24.83999252319336,24375300
2018-07-03,24.86660604889071,25.150491391453336,24.86660604889071,24.97010612487793,13188600
2018-07-05,25.117960751885366,25.30721763261701,24.919832243358176,25.008546829223633,16102500
2018-07-06,24.899137801844958,25.097266349325118,24.78676608379526,24.990808486938477,16841100
2018-07-09,25.13570729269419,25.570408680304364,25.067693722247128,25.410722732543945,19726200
2018-07-10,25.410716601589726,25.824716856326827,25.395931119933387,25.789230346679688,18145200
2018-07-11,25.744879889018623,25.771493085353313,25.54675134298448,25.588150024414062,16787700
2018-07-12,25.709389227789305,25.84837581104477,25.49647523097352,25.585189819335938,14665800
2018-07-13,25.58518694744124,26.019886520323755,25.579271401348397,25.93412971496582,19165800
2018-07-16,25.910475610643445,25.94004657617642,25.676860583498843,25.91638946533203,13341600
2018-07-17,25.84541787315155,26.229847189578336,25.84541787315155,26.07903289794922,17734500
2018-07-18,26.12043377692258,26.374748160430673,26.00510598751527,26.043548583984375,15136500
2018-07-19,25.981454318571913,26.164797402684307,25.848383243808396,25.940053939819336,14649300
2018-07-20,25.84542142728166,26.0731209366722,25.786279488676964,26.040592193603516,14445300
2018-07-23,25.919352437613604,26.067208987025516,25.83950946098767,25.913436889648438,12450000
2018-07-24,26.058338708730737,26.170710436631918,25.907524377513983,26.011024475097656,16768500
2018-07-25,25.806981256130527,26.028766930939423,25.759667023960372,25.9932804107666,17427300
2018-07-26,26.170709065451046,26.445722822523024,26.076080603142824,26.090866088867188,19644900
2018-07-27,26.212105038955702,26.283076373768708,26.031718082393805,26.061290740966797,14038200
2018-07-30,26.022847311675946,26.300820497300784,25.99032026272681,26.283077239990234,18032100
2018-07-31,26.318565944320834,26.513736714704642,26.259422312394967,26.386579513549805,20124300
2018-08-01,26.27716937977171,26.357010671703808,25.987368417884955,26.093826293945312,15150000
2018-08-02,26.00510792678132,26.271250040392868,25.91047946931141,26.24759292602539,12918300
2018-08-03,26.37474741995201,26.697075358611347,26.318563259675436,26.495990753173828,17241600
2018-08-06,26.410235045723145,26.608363578065404,26.357005272551653,26.516691207885742,13954800
2018-08-07,26.56400409056689,26.72073393641554,26.510776012177026,26.546260833740234,13580100
2018-08-08,26.605403634233905,26.68229051406884,26.42797614773879,26.629060745239258,15123300
2018-08-09,26.60824159389908,26.658805576667877,26.400039161450817,26.474397659301758,14183700
2018-08-10,26.382197595851377,26.87890751728788,26.367324533030594,26.82239532470703,24734700
2018-08-13,26.828342714780007,26.92946898058562,26.581474402726595,26.661779403686523,17637600
2018-08-14,26.66178238303048,27.101981821715157,26.65880913194742,27.02167510986328,17510400
2018-08-15,26.84320528054879,26.890796001086592,26.670695513529775,26.83428382873535,25850700
2018-08-16,29.7758857830222,29.805628498427374,29.12153583260156,29.33866310119629,127893900
2018-08-17,29.079906322675896,29.64502490981644,29.032317281532375,29.103702545166016,49389900
2018-08-20,29.050157390546474,29.234563609138377,28.538574456599918,28.55344581604004,38037900
2018-08-21,28.541554988461147,28.660525887238144,28.363095236458992,28.577247619628906,31593900
2018-08-22,28.612934030408308,28.806265125726785,28.32442656582071,28.45529556274414,23297100
2018-08-23,28.404719939904947,28.51179607709236,28.273850996584184,28.30954360961914,18289200
2018-08-24,28.282783100695884,28.452319662431446,28.062684257048943,28.24114227294922,25782900
2018-08-27,28.33334850932263,28.437451441136528,28.044841039760755,28.119197845458984,21120900
2018-08-28,28.187608052434214,28.657551912811613,28.116224498057555,28.574270248413086,29949000
2018-08-29,28.636728913901628,28.800317279820405,28.413653405307457,28.44637107849121,23588400
2018-08-30,28.40472360421244,28.70215754609386,28.38985394941959,28.58318328857422,21176100
2018-08-31,28.60996163371707,28.684321848613568,28.288736465718134,28.511810302734375,18974100
2018-09-04,28.493959503157953,28.633753349403822,28.3273995918284,28.36309051513672,24842100
2018-09-05,28.455297046761515,28.800320125686504,28.363093923709517,28.73785972595215,28423800
2018-09-06,28.71108682203364,28.76760071600136,28.55642330856587,28.687294006347656,18452400
2018-09-07,28.49395884768286,28.696213081504162,28.44636981642114,28.50288200378418,20017200
2018-09-10,28.5861681414815,28.907395003822316,28.580218235202395,28.821138381958008,24997800
2018-09-11,28.931184202608,29.047183533685775,28.699188944288576,28.743803024291992,19390500
2018-09-12,28.630776233677086,28.77354331996075,28.532624925555762,28.54452133178711,17700000
2018-09-13,28.351191522838423,28.440421381206434,28.22924569492287,28.291706085205078,22958700
2018-09-14,28.11621931726647,28.208422419794008,28.062682086828474,28.134065628051758,18958200
2018-09-17,28.18165523655603,28.398782532169633,28.068632563568492,28.202476501464844,15989400
2018-09-18,28.095399901211596,28.431496345843453,28.0031950962895,28.383907318115234,20279400
2018-09-19,28.425553439146633,28.52073151233678,28.220325931570148,28.327402114868164,17025300
2018-09-20,28.360109756440114,28.49098041958721,28.241137199905342,28.479084014892578,16656900
2018-09-21,28.52965082475321,28.639701946227138,28.44339592028821,28.52370262145996,28590300
2018-09-24,28.386882983657184,28.553444584890038,28.214373179288355,28.23221778869629,16011000
2018-09-25,28.55047167962848,28.70810842518726,28.253039394298817,28.285757064819336,18579600
2018-09-26,28.285755865890966,28.4314961988565,28.113244364829633,28.134065628051758,17755800
2018-09-27,28.015095915876454,28.24411792124674,27.905044789424508,27.997249603271484,16090200
2018-09-28,28.041859788278032,28.068629253467616,27.86637504317677,27.93181037902832,18918900
2018-10-01,28.04483703215964,28.154886450401534,27.970478535169033,28.07755470275879,14982900
2018-10-02,27.93776103268307,28.43744754855149,27.91396651773305,28.300628662109375,23263800
2018-10-03,28.404726932663007,28.416625040576257,27.97047747931016,27.979400634765625,18982200
2018-10-04,27.97940104468756,28.10729677155991,27.7206363403594,28.021041870117188,18135900
2018-10-05,27.91693571711795,28.015088709278373,27.62842664458649,27.753347396850586,20080200
2018-10-08,27.73550398776433,28.235190452883383,27.66709540244999,28.163806915283203,17287800
2018-10-09,28.446372723685702,29.070981801188307,28.312528772322807,28.874675750732422,34796700
2018-10-10,28.73190656601929,29.103697373059536,28.464216980720146,28.48206329345703,27008400
2018-10-11,28.496931006828234,28.639699788535903,27.83960778970229,27.934785842895508,29779500
2018-10-12,28.18462777197132,28.30657529253349,27.86042773653095,28.199499130249023,25661700
2018-10-15,28.107296871177667,28.253038909738954,27.90504264831543,27.90504264831543,24916500
2018-10-16,28.16678849720678,28.574270258469603,28.05971231464502,28.496936798095703,33725100
2018-10-17,28.309550305353703,28.737853253487486,28.22626865651945,28.720006942749023,28618200
2018-10-18,28.672416519776217,28.925236436415545,28.47611389557552,28.6040096282959,34195200
2018-10-19,28.553447858287857,29.044209562584932,28.553447858287857,28.895492553710938,26852100
2018-10-22,28.95200634634995,29.023391599589647,28.773546617086925,28.892520904541016,21368700
2018-10-23,28.702160781884242,29.1453333887237,28.586161463396383,29.08881950378418,28217400
2018-10-24,28.999590670789637,29.49630219843109,28.934155333892562,29.017436981201172,31094100
2018-10-25,29.151284822564573,29.588511002335167,28.850879247709926,29.499282836914062,32211300
2018-10-26,29.389236133925888,29.645024245987425,29.15426248292409,29.427900314331055,44776800
2018-10-29,29.59742679557652,30.257726666425782,29.472506026348853,29.683683395385742,38118300
2018-10-30,29.805632393571464,30.516496319229546,29.76101831463332,30.46295738220215,38125500
2018-10-31,30.48377916233537,30.48377916233537,29.778865130158962,29.826454162597656,37064700
2018-11-01,29.731272234851396,30.091163182210984,29.65989039738577,29.915681838989258,23205300
2018-11-02,30.004908373470965,30.210135825423954,29.835373540249492,30.141725540161133,21909600
2018-11-05,30.09711872685961,30.68603346260984,29.9305554018346,30.608701705932617,22850400
2018-11-06,30.498653273991575,30.766341180132,30.35291121077915,30.733623504638672,19106100
2018-11-07,30.83177774060874,31.07269788673702,30.65034304177044,31.02808380126953,26017800
2018-11-08,31.031056146979214,31.307665495937133,30.94182457970549,31.19464111328125,17884200
2018-11-09,31.230329248542983,31.498017104191913,31.173818767260688,31.396892547607422,25351200
2018-11-12,31.37904887936642,31.590222867681717,30.828798359458325,30.89423370361328,26829300
2018-11-13,30.83474199953588,30.977509065818833,30.498643892775632,30.61761474609375,23870100
2018-11-14,30.635466828563267,30.680080906965742,30.04357719101633,30.198244094848633,31445700
2018-11-15,30.433217501722492,30.57598460994351,29.33271976608019,29.60635757446289,48247800
2018-11-16,29.39220090899094,29.570660619110704,28.827082464753524,29.056102752685547,42705600
2018-11-19,29.130465395167185,29.222668508584547,28.6813428315609,28.785442352294922,27643200
2018-11-20,28.25006746432403,28.315502812366255,27.83961246645573,28.006174087524414,37861800
2018-11-21,28.06565410238522,28.23221569124373,27.753350485056334,28.00914192199707,28052700
2018-11-23,27.997247935260535,28.419600997546404,27.997247935260535,28.285757064819336,14670000
2018-11-26,28.461242063501512,28.574266434993604,28.178681134771278,28.300628662109375,30103800
2018-11-27,28.25304055142288,28.416627208807345,28.08052903598409,28.267911911010742,27126900
2018-11-28,28.389857881057733,29.03528472280099,28.270883607061652,28.987695693969727,30212400
2018-11-29,28.856836594684093,29.0977567880488,28.77355490984743,28.937143325805664,18723900
2018-11-30,28.969851726744672,29.276207188333082,28.871698708619014,29.044208526611328,31992000
2018-12-03,29.154256376973446,29.621225224116078,29.0501568627838,29.371383666992188,27246300
2018-12-04,29.222670452139575,29.43384786427704,28.437451353719975,28.496936798095703,31278900
2018-12-06,28.392266764532277,28.5328217612334,27.84200468170581,28.341426849365234,31101600
2018-12-07,28.260681034595503,28.44908475344753,27.647619440344066,27.868919372558594,25489500
2018-12-10,27.97956526895417,28.18591436923262,27.61471921033783,28.09320640563965,21830700
2018-12-11,28.185921069595505,28.257694165952692,27.88686393463216,28.06629753112793,19357500
2018-12-12,28.200867834752465,28.200867834752465,27.83004107894263,27.844993591308594,28917600
2018-12-13,27.88685854170092,28.015453906245288,27.64163427103823,27.800134658813477,24126900
2018-12-14,27.52799547636588,27.680513503534506,27.38444929917252,27.468185424804688,34480800
2018-12-17,27.27978057690637,27.516033008697935,26.9627814986882,27.145204544067383,27005400
2018-12-18,27.154178909148094,27.291744430461474,26.998669686966554,27.2379150390625,28820100
2018-12-19,27.300716016762486,27.81209950811889,26.989697575408496,27.07941436767578,36694500
2018-12-20,26.947827649202132,26.947827649202132,25.76057975287552,26.10150146484375,49121400
2018-12-21,25.978890693750262,26.756433286836156,25.957955808237795,26.056644439697266,44764500
2018-12-24,25.88020575571809,26.18823301902985,25.65292343672279,25.664886474609375,18330900
2018-12-26,25.844317522868046,27.040535633610414,25.808430123943094,27.037546157836914,30084900
2018-12-27,26.840171998129026,27.39641302085258,26.448408621309103,27.390432357788086,29644500
2018-12-28,27.533976042218367,27.95265322047215,27.408371862019052,27.551918029785156,29622000
2018-12-31,27.713410301708404,27.92872957204619,27.587807821812724,27.856956481933594,21017400
2019-01-02,27.40538598852696,28.006486286758175,27.40538598852696,27.91377830505371,24458100
2019-01-03,27.874900551984748,28.32348279893965,27.722382519571863,27.770231246948242,24831900
2019-01-04,27.874900010496784,28.009474339727966,27.719392505147127,27.943683624267578,24087300
2019-01-07,27.99751470488295,28.46104948423721,27.865929843603034,28.27264404296875,23369100
2019-01-08,28.428152229748523,28.6374908407477,28.084239286308584,28.470020294189453,21602700
2019-01-09,28.62253771357802,28.75112966890901,28.341426017224084,28.37731170654297,18816900
2019-01-10,28.075257575012632,28.404217889440087,27.847977054400584,28.398237228393555,28188900
2019-01-11,28.40721734217711,28.496932417597133,28.27563249363247,28.36235809326172,16183800
2019-01-14,28.254701046759664,28.544784599738684,28.19488928161528,28.39525604248047,21255300
2019-01-15,28.550762047374757,28.888694289927624,28.523846499410315,28.78402328491211,21174600
2019-01-16,28.68833203459758,28.96645256220271,28.658425295117517,28.813936233520508,16230000
2019-01-17,28.804956696661186,29.071114131024903,28.757107976864877,28.930559158325195,16843500
2019-01-18,28.99336268338194,29.367182333675242,28.96345765894418,29.226627349853516,18361800
2019-01-22,29.05317969745309,29.43597300029481,28.942529711541944,29.15485954284668,24189600
2019-01-23,29.567547422527685,29.71109357693264,29.166810557935623,29.519695281982422,25037400
2019-01-24,29.367180804665548,29.44493454863758,28.83785368589119,29.415029525756836,22829100
2019-01-25,29.531659716093007,29.579508433722097,28.93354903452423,28.990367889404297,21654600
2019-01-28,28.867757891054737,29.02924774796474,28.733185291903332,29.026256561279297,17627400
2019-01-29,28.939534503885703,29.056163412677755,28.861777334810192,28.92159080505371,15760200
2019-01-30,28.91261683129465,28.948504228445838,28.188905337866938,28.35039520263672,35547900
2019-01-31,28.29955138216394,28.969435109683797,28.29955138216394,28.658416748046875,44169000
2019-02-01,28.6853352341542,28.709259594333407,27.844991441157553,28.06928253173828,37775700
2019-02-04,28.069286995152,28.341426849365234,27.916768960856373,28.341426849365234,21805800
2019-02-05,28.48497416789572,28.691321601572245,28.41619054919984,28.589643478393555,18299700
2019-02-06,28.538799412045517,28.712252316021527,28.47599817711838,28.601600646972656,12794700
2019-02-07,28.443104318571343,28.954489512140164,28.41020981615044,28.92757225036621,21030300
2019-02-08,28.810944349363382,28.915611945792573,28.452077173926966,28.583662033081055,18507600
2019-02-11,28.60459223335911,28.813932538048814,28.601601046433068,28.769071578979492,16628400
2019-02-12,28.954486337246944,29.059153918501472,28.858788893992877,28.999343872070312,17643900
2019-02-13,29.098035710673507,29.307374318676178,29.035234470513792,29.289430618286133,16375500
2019-02-14,29.211679916076495,29.666241157930678,29.014302613580508,29.4628849029541,21602400
2019-02-15,29.60044424030754,29.905480287775475,29.564560263625413,29.90249252319336,28443000
2019-02-19,30.617233276424642,31.155530591994378,30.5245270108692,30.56340217590332,62091900
2019-02-20,30.446773911786632,30.605272607243712,29.501757268545525,29.86959457397461,52895400
2019-02-21,29.80380172410703,29.881555468225365,29.57951062966892,29.72305679321289,19239600
2019-02-22,29.851651381791516,29.95332777848505,29.648291743583243,29.770906448364258,24260700
2019-02-25,29.94136666683417,29.94435785372513,29.62137811771394,29.64231300354004,27705000
2019-02-26,29.612412019816258,29.624373346601494,29.268497351054705,29.513723373413086,25464300
2019-02-27,29.343260275731442,29.42400178989771,29.18475816715301,29.340269088745117,23706900
2019-02-28,29.34026167960505,29.746974024360767,29.238581882211186,29.60342788696289,34127700
2019-03-01,29.746985408918157,29.773902672888635,29.04420696171133,29.286441802978516,31057500
2019-03-04,29.343266698023882,29.48382171544733,29.11897553870997,29.262521743774414,23051400
2019-03-05,29.346252555757317,29.663249976868475,29.334291228382302,29.409053802490234,18357900
2019-03-06,29.388115393282977,29.606424111557182,29.265500693815838,29.38512420654297,14089800
2019-03-07,29.220646589839003,29.367183955605714,29.08009159825452,29.142892837524414,18379800
2019-03-08,29.172799720648282,29.432978255563217,29.008318644275498,29.18476104736328,16977000
2019-03-11,29.31933525215624,29.480825131093095,29.253542825744123,29.45092010498047,16035900
2019-03-12,29.465870879200445,29.52867211481311,29.322324708884267,29.41802215576172,15211500
2019-03-13,29.51671508857415,29.711101197557706,29.424005392700074,29.615400314331055,16446900
2019-03-14,29.588344082364802,29.594358646917282,29.341798548109256,29.531219482421875,14777400
2019-03-15,29.549249772450516,29.618403486235106,29.344799353534874,29.591344833374023,43800000
2019-03-18,29.555266152144405,29.997243674051354,29.543240465781007,29.964170455932617,17310300
2019-03-19,30.063388701675038,30.21371837623848,29.937106957885774,30.02129364013672,16243200
2019-03-20,29.82585968937553,29.931093895575444,29.6274238436472,29.657489776611328,18969300
2019-03-21,29.540227625478064,29.80480987981635,29.49512872948207,29.78376579284668,19653000
2019-03-22,29.639454719259408,29.925084573264833,29.44702996193035,29.549253463745117,20124300
2019-03-25,29.40493089112602,29.65147636818692,29.353817426766685,29.516176223754883,16222200
2019-03-26,29.573306890785748,29.72063273385588,29.47408723478999,29.561281204223633,14837700
2019-03-27,29.50715775465651,29.723637297104393,28.56307434977338,29.2275390625,25413600
2019-03-28,29.341789463339456,29.42597613687635,29.023086457262636,29.2034854888916,24162900
2019-03-29,29.341793606726508,29.365848420059002,29.17643095847214,29.323753356933594,22319700
2019-04-01,29.456046704481206,29.57330660961825,29.332775676533217,29.410947799682617,25517400
2019-04-02,29.392903956574084,29.558270028113583,29.134332805012487,29.146358489990234,18822000
2019-04-03,29.200483381986377,29.284670070441486,29.10126372496707,29.22153091430664,17062500
2019-04-04,29.239565383217506,29.549246538902494,29.236558101934104,29.498136520385742,12078900
2019-04-05,29.540228493345857,29.825858283870595,29.51316984311834,29.71461296081543,13968000
2019-04-08,29.60036294431318,29.840893858545865,29.54323835754412,29.834882736206055,16267200
2019-04-09,29.705600532751966,29.834886128905456,29.510168497559388,29.672527313232422,13102500
2019-04-10,29.61840773366664,29.982213162784777,29.615400451622893,29.94613265991211,12273300
2019-04-11,29.97619419373473,30.315944757403145,29.90704048019519,30.306922912597656,16820700
2019-04-12,30.36706476599764,30.673742179783535,30.36706476599764,30.53543472290039,15486000
2019-04-15,30.457256043187254,30.941325156597724,30.44523035759849,30.797006607055664,15335700
2019-04-16,30.935318511497876,31.085651662725937,30.83008771421679,30.94734764099121,14485200
2019-04-17,30.968388560415633,31.08865575723104,30.790996767670563,31.016494750976562,11187600
2019-04-18,31.0014553698943,31.208913058731202,30.935308941449858,31.022502899169922,11183400
2019-04-22,30.90223026506291,31.130735442785706,30.71882741936226,30.778959274291992,15238200
2019-04-23,30.827068787958982,31.055573990451027,30.649677044027683,30.98942756652832,15152400
2019-04-24,31.010480582876745,31.22395285778906,30.99544761485412,31.127737045288086,14093400
2019-04-25,31.040548188589433,31.314152350309396,30.917277156007977,31.12473487854004,11883300
2019-04-26,30.20169155895705,30.76994734182957,29.964167929384885,30.526409149169922,24323100
2019-04-29,30.63164710993807,30.667727615283788,30.30091831980594,30.53543472290039,19139100
2019-04-30,30.598573887029385,30.94433908841299,30.502361499991117,30.920284271240234,18400800
2019-05-01,30.899233261372377,30.911258946854016,30.451241208718933,30.475296020507812,16011600
2019-05-02,30.496345651887502,30.685763114369983,30.13855481775892,30.412158966064453,15021000
2019-05-03,30.76393765469068,30.893223254958276,30.607593397891854,30.69178009033203,15950700
2019-05-06,30.29189888884803,30.83309618971546,30.22875971987083,30.806034088134766,13841100
2019-05-07,30.607589431240118,30.718834765794465,30.294897517340292,30.457256317138672,13726800
2019-05-08,30.141552729938216,30.37907630465231,30.02429286259338,30.156585693359375,17646000
2019-05-09,30.005463633275262,30.20797689144174,29.878514507394147,30.087074279785156,18720300
2019-05-10,30.153570582337498,30.863883767385644,30.135434499680873,30.80343246459961,26228100
2019-05-13,30.362127432149233,30.573710430711145,29.92687186744854,30.192859649658203,22084500
2019-05-14,30.268429910085334,30.489079239091136,30.192862323055472,30.31376838684082,19061100
2019-05-15,30.286563420350824,30.334925149936762,29.963140678447132,30.189836502075195,20220900
2019-05-16,31.08150844373736,31.42306032657411,30.480008389508075,30.6220703125,51366000
2019-05-17,30.29865495698535,30.81552119171854,30.198908234650176,30.486055374145508,37113900
2019-05-20,30.344002827366673,30.824597046569654,30.301687595292123,30.685558319091797,21582300
2019-05-21,30.682525110871453,30.724840329223092,30.347016243579656,30.564645767211914,20667300
2019-05-22,30.709738028118334,30.96061305731736,30.54651671262065,30.900161743164062,22022700
2019-05-23,30.776227513186896,30.809476422514635,30.422582538776705,30.788320541381836,19363800
2019-05-24,30.885046609784826,31.09964945083494,30.85482095496381,31.033151626586914,13449600
2019-05-28,30.999906880799234,31.30519015238159,30.951541681056845,30.95758819580078,30815100
2019-05-29,30.863883862781517,31.096622762868748,30.670436925985026,30.866907119750977,19560600
2019-05-30,30.978755323302348,31.281015413471103,30.80344440182236,30.88807487487793,15058800
2019-05-31,30.63415930466366,30.836675976300633,30.407463499785436,30.661361694335938,17782500
2019-06-03,30.718810973906333,31.036183900837887,30.649289872157336,30.818557739257812,19844100
2019-06-04,31.01501745922761,31.027107028734154,30.661369013550793,30.99990463256836,17894700
2019-06-05,31.057330410826665,31.670920121991607,31.011991934164516,31.56210708618164,20708700
2019-06-06,31.58327139448751,31.936916410835707,31.495614225199983,31.770671844482422,24191100
2019-06-07,31.806932990192962,32.14848831762629,31.752524753035157,32.05780792236328,20428200
2019-06-10,32.18476578092345,32.57770619615761,32.15152032922783,32.49911880493164,18977100
2019-06-11,32.64420801614429,32.937401734890095,32.56864387284554,32.62607192993164,20241900
2019-06-12,32.620021524530365,32.919261722694294,32.620021524530365,32.892059326171875,13905300
2019-06-13,32.94646514530028,33.12177947687281,32.69559013619193,32.840675354003906,16455000
2019-06-14,32.87997130260389,33.124803285888554,32.78324781235105,32.967628479003906,13577700
2019-06-17,32.98273770032485,33.112710092329046,32.72279291631646,32.99482727050781,12441000
2019-06-18,33.188282830200905,33.23664458256962,32.91927166362038,33.1429443359375,14733600
2019-06-19,33.18828160800753,33.20037463998341,32.907180878463,33.13387680053711,11773800
2019-06-20,33.19430823369684,33.39682488868009,33.031086990878556,33.34543991088867,15004500
2019-06-21,33.351489412758546,33.91067430511613,33.32731027683053,33.590274810791016,39535800
2019-06-24,33.69910312110933,33.91975251504561,33.56006093388505,33.623538970947266,18098400
2019-06-25,33.51472374932034,33.680968345257845,33.36963849989448,33.46636199951172,18315000
2019-06-26,33.50565223523576,33.57517332076785,33.278956351992086,33.29709243774414,12485100
2019-06-27,33.26686398246337,33.40287942550385,32.904149216146685,33.278953552246094,16443900
2019-06-28,33.414967951704035,33.70513837205333,33.32126773538163,33.39683532714844,19520100
2019-07-01,33.6416670598489,33.844183797701234,33.25477312866131,33.43613052368164,16544100
2019-07-02,33.499610777120346,33.73537646838171,33.35150227037517,33.73235321044922,12188700
2019-07-03,33.60538748186124,33.9741452083989,33.55097924321661,33.9499626159668,9621900
2019-07-05,33.85324917128937,33.925793510925935,33.614463728343914,33.847206115722656,10738200
2019-07-08,33.82906838666654,34.134351639740096,33.762570564933085,34.07087707519531,14147100
2019-07-09,34.12226687944096,34.27037191151717,34.034609704136315,34.11924362182617,16270200
2019-07-10,34.191782334989696,34.33988734266528,33.97112953382616,34.14946365356445,13737000
2019-07-11,34.25827906058098,34.43963644995346,34.161555580796254,34.433589935302734,11689800
2019-07-12,34.48496325512727,34.69050317439768,34.342901340880935,34.63911819458008,11229900
2019-07-15,34.66029029434243,34.78421964699477,34.59379592009854,34.75399398803711,10038000
2019-07-16,34.85977615786683,34.90813789342576,34.469859016340926,34.6874885559082,10464600
2019-07-17,34.70259274050085,34.81140575363598,34.51821215623846,34.63911819458008,8065500
2019-07-18,34.563559678034295,34.693528588114745,34.37917906392262,34.67539596557617,9670800
2019-07-19,34.760029273445745,34.85373294619212,34.41545407107738,34.42754364013672,11388900
2019-07-22,34.48799480277284,34.56053913503903,33.94996920214572,34.10110092163086,13550700
2019-07-23,34.191773250317404,34.21595238261813,33.72326537662999,33.88044357299805,17262600
2019-07-24,33.86231073660559,34.09202981097523,33.723268605701186,33.853240966796875,12531900
2019-07-25,33.90765682890075,33.971131395412705,33.750482041262046,33.91974639892578,11554500
2019-07-26,33.8895105311491,34.2582682490646,33.7988335946317,34.16154479980469,14187000
2019-07-29,34.107147474571484,34.14946269570557,33.780704897209745,33.93485641479492,11239800
2019-07-30,33.871376037597656,33.97414600441092,33.753493247324045,33.871376037597656,9105600
2019-07-31,33.826047959417004,33.95602035656893,33.13689054512578,33.36358642578125,18633900
2019-08-01,33.34544476157137,33.90462616804853,33.04318136321817,33.061317443847656,22365000
2019-08-02,33.1701451885273,33.291047821630755,32.68954753644744,33.06737518310547,16970100
2019-08-05,32.644201554004226,32.644201554004226,31.91575228767052,31.985273361206055,22710000
2019-08-06,32.09711843786674,32.59584873959386,31.91576102111915,32.423561096191406,21049200
2019-08-07,32.347990226332854,32.8376541644457,32.01550454507522,32.70465850830078,21835500
2019-08-08,32.807923116243124,33.06003297103832,32.735021703304795,32.962833404541016,13123200
2019-08-09,32.82311926512277,32.94461701824859,32.41305739605985,32.5861930847168,12580500
2019-08-12,32.416091765741115,32.45254247789299,31.845043354509535,31.960468292236328,17605200
2019-08-13,31.969591298367234,32.8383150598328,31.848093513512847,32.62569046020508,20025900
2019-08-14,32.03945115233744,32.823124294143994,31.936175265451684,32.25815200805664,27938400
2019-08-15,34.180865701970525,34.518029518451435,33.460983376811434,34.22946548461914,59438700
2019-08-16,34.65169775817085,34.90988402011418,34.0381221424523,34.32061004638672,32895600
2019-08-19,34.733696351702754,34.86430502453471,34.50588462565707,34.569671630859375,21534300
2019-08-20,34.58486847586114,34.63954108060894,34.02293087456985,34.03507995605469,18336900
2019-08-21,34.62130554628191,34.64864531675361,33.98343202799482,34.02595901489258,24469200
2019-08-22,34.08064236594623,34.25985433899289,33.8224561553737,33.9925537109375,17986200
2019-08-23,33.90446549657175,33.9925506675624,33.451876657668386,33.66450119018555,18710100
2019-08-26,33.88624496544208,34.10190419143088,33.78296908529819,34.0168571472168,17807100
2019-08-27,34.1474609375,34.26592402106794,33.87104939326243,34.1474609375,17201100
2019-08-28,34.10493612898835,34.34793508855211,33.922686040282706,34.23858642578125,16113000
2019-08-29,34.6881310414873,34.80659411171904,34.41779580545186,34.65168380737305,15811500
2019-08-30,34.931137311430184,35.0465622673357,34.597015000432364,34.706363677978516,17115900
2019-09-03,34.530182430169226,35.02529472621502,34.47247170267153,34.821781158447266,17828100
2019-09-04,35.14071346681804,35.222725820069506,34.87645452956845,35.20753860473633,17348700
2019-09-05,35.74215176930898,35.830240437438775,35.01315468802416,35.06479263305664,17479200
2019-09-06,35.06478760033206,35.15894905804189,34.81571580589082,34.849124908447266,13039200
2019-09-09,34.77926371050843,35.420172006291445,34.74888579606904,35.33512496948242,17921100
2019-09-10,35.231843309334444,35.52648017909164,35.076929528061086,35.25006866455078,14572200
2019-09-11,35.234882551608244,35.447507067617806,34.997956402505295,35.2409553527832,15852300
2019-09-12,35.432319447536706,35.55989694911269,35.20450769463396,35.51433181762695,13422900
2019-09-13,35.58721907735947,35.90008121469693,35.52343209003525,35.66923141479492,16915800
2019-09-16,35.39891935869221,35.59028044557019,35.046568153438585,35.10428237915039,18270900
2019-09-17,35.02833136570857,35.444469464183435,35.00707134707841,35.389793395996094,13813500
2019-09-18,35.511306015260956,35.60850562805488,35.28956700873383,35.587242126464844,11868000
2019-09-19,35.660129540249635,35.78466889711099,35.46876851099187,35.572044372558594,10141800
2019-09-20,35.64493342123863,35.73301855834286,35.477870607930456,35.53254318237305,33997200
2019-09-23,35.42016977345734,35.966920056925346,35.404982555260844,35.726959228515625,15487500
2019-09-24,35.91832079103038,36.40735687162943,35.84541936171132,35.96388244628906,21819300
2019-09-25,35.98514175415039,36.06107783740984,35.78466632298816,35.98514175415039,13840800
2019-09-26,36.085374356896146,36.31318607247284,35.900089626920725,35.933502197265625,11960700
2019-09-27,36.20991864160877,36.21599144314435,35.76644422746777,35.979068756103516,10304100
2019-09-30,36.04590442619778,36.27978904266621,36.01249184154052,36.04894256591797,10204200
2019-10-01,36.100580626223,36.17955487853408,35.75734383554348,35.79682922363281,11187900
2019-10-02,35.66013047189869,35.705695602453524,35.11642180540931,35.27133560180664,17833500
2019-10-03,35.19843978890679,35.47788951386738,34.80356510198134,35.32905197143555,15619500
2019-10-04,35.356393323240184,35.933518215496214,35.29260629253457,35.8909912109375,13881000
2019-10-07,35.87276393677795,35.93351281858647,35.50218741502932,35.60850143432617,14085000
2019-10-08,35.4809248490721,36.04589705688869,35.43535971484953,35.71480941772461,15375300
2019-10-09,35.8970509586841,36.23724945781863,35.84845117309345,36.12486267089844,11710200
2019-10-10,36.11574682802205,36.41342180654593,36.02462353719101,36.3314094543457,13024500
2019-10-11,36.425585917875395,36.66555027314296,36.06108912797663,36.522789001464844,18383700
2019-10-14,36.40431707324258,36.589601824741365,36.17650533120243,36.1977653503418,13719900
2019-10-15,36.24637239960919,36.44684438974825,36.10664581058473,36.30712127685547,13550100
2019-10-16,36.2402919549382,36.483290912117766,36.17650494593677,36.273704528808594,11344800
2019-10-17,36.349645327292976,36.52581915956263,36.255483870957846,36.401283264160156,11732700
2019-10-18,36.58657247772406,36.63213413752543,36.18562152875563,36.18865966796875,16776900
2019-10-21,36.237264125723335,36.398250763397385,36.09146470993557,36.370914459228516,10230300
2019-10-22,36.373956981850334,36.501531051520615,36.2646047997335,36.32231903076172,7634100
2019-10-23,36.197765336773585,36.40431705959695,36.05196596096779,36.25244140625,8520000
2019-10-24,36.19170089310374,36.31927494187804,35.99730168047012,36.176513671875,8700900
2019-10-25,36.146134153592044,36.24637188530512,35.90313517192318,36.15828323364258,7692900
2019-10-28,36.2220664148941,36.358754848421675,36.00336561647623,36.212955474853516,10213800
2019-10-29,35.99425602314334,36.064119311883005,35.56293416374906,35.58419418334961,14373300
2019-10-30,35.59331485943005,35.95477696978408,35.553825999859136,35.872764587402344,8988600
2019-10-31,35.821113034303075,35.92742353899771,35.486987353001446,35.61759948730469,14643900
2019-11-01,35.81808253769458,35.833269755891074,35.60849614567784,35.726959228515625,11287800
2019-11-04,35.96389017515423,36.179552894417014,35.59027895993133,35.71177673339844,13938000
2019-11-05,35.745187021898815,36.18866151407868,35.562940373396295,36.10361099243164,12651300
2019-11-06,36.094490243042834,36.33445104594246,36.05803953279374,36.29800033569336,10843200
2019-11-07,36.44988538775224,36.72933511158788,36.310162263900395,36.51974868774414,13324200
2019-11-08,36.54405150796276,36.717187234214784,36.12791674656212,36.279788970947266,11498100
2019-11-11,36.05500736288395,36.33749519988159,35.92743333202425,36.15828323364258,13317000
2019-11-12,36.32838606617656,36.44988382498957,36.088421735483635,36.182586669921875,15189300
2019-11-13,36.19473169567017,36.862979722673074,36.042856038036795,36.747554779052734,23135400
2019-11-14,37.84714325628455,38.08406606146831,36.301060051560306,36.647335052490234,67512600
2019-11-15,36.656432503617715,36.753632102189364,35.95780995436753,36.10664749145508,30413100
2019-11-18,35.97907479250075,36.71414808761818,35.91528777082128,36.525821685791016,19644000
2019-11-19,36.48329472870611,36.559230824477524,36.36179349934021,36.41646957397461,11146200
2019-11-20,36.51366114835465,36.595673504229936,35.96387628821669,36.185611724853516,15227700
2019-11-21,36.09449022427463,36.449875958690896,36.045890436011454,36.407352447509766,12908400
2019-11-22,36.495442555271595,36.54100421116951,36.22814542165826,36.2554817199707,11529300
2019-11-25,36.449891005898344,36.45596728548879,35.812017218068625,36.12184143066406,17644500
2019-11-26,36.13398648950091,36.23726237424181,35.97907613852168,36.20384979248047,18877500
2019-11-27,36.264591779206896,36.38913114032515,36.06411980290269,36.0732307434082,10302300
2019-11-29,36.18864912957366,36.44076246886828,36.14612562136857,36.1734619140625,9471900
2019-12-02,36.19170052874157,36.26156035523763,35.79378768906383,36.23118591308594,17012700
2019-12-03,35.96388605934255,36.13398361795648,35.772525002352445,36.0458984375,19784400
2019-12-04,36.18258326107888,36.20688142009958,35.93350801239364,36.05196762084961,16669800
2019-12-05,36.11298914956345,36.24113538774277,35.82618250493642,36.20452117919922,13058400
2019-12-06,36.33267493262809,36.55235673760649,36.28385714171331,36.5462532043457,13022400
2019-12-09,36.48217538852167,36.570659150824575,36.36318094727939,36.4181022644043,14448000
2019-12-10,36.41505962088189,36.47913276105089,36.314372260123676,36.35098648071289,12846900
2019-12-11,36.430300755372386,36.50657744207974,36.164852997218745,36.308258056640625,10519200
2019-12-12,36.308256429088296,36.6469290929551,36.21062087779033,36.540138244628906,12447000
2019-12-13,36.35707847014252,36.811693840976375,36.31436072911131,36.70185470581055,16098900
2019-12-16,36.74152299228516,37.02527791898178,36.74152299228516,36.77813720703125,16052100
2019-12-17,36.90323415739548,37.132067777208555,36.82695744803243,37.00392150878906,13727400
2019-12-18,37.07408509567551,37.12595463643095,36.56454847677151,36.57065200805664,15309000
2019-12-19,36.595061497548784,36.768973741382595,36.54624371930395,36.637779235839844,13392300
2019-12-20,37.06493455423692,37.26020917146516,36.619474481505385,36.70185470581055,23863200
2019-12-23,36.67440855514076,36.82391373155548,36.31132505409425,36.31742858886719,13457400
2019-12-24,36.34793592368254,36.491341043810024,36.31132170187449,36.4638786315918,6682200
2019-12-26,36.49438167475183,36.56761010302886,36.29301048043729,36.466922760009766,12671400
2019-12-27,36.59506863310393,36.59506863310393,36.38454214160587,36.48828125,10632000
2019-12-30,36.55235168724301,36.555403453451746,36.347925251937916,36.43030548095703,8837400
2019-12-31,36.46081636895899,36.55235189712991,36.06112228640328,36.25944519042969,14736000
2020-01-02,36.26555212582713,36.57981776413478,36.21673433209604,36.28996276855469,20294700
2020-01-03,36.085531915911034,36.24419234508404,35.878057190652314,35.96958923339844,16197600
2020-01-06,35.82007830831931,36.03060825767694,35.627858954616826,35.896358489990234,19336500
2020-01-07,35.77736761245806,35.85669607622461,35.45395022490082,35.56378936767578,20540700
2020-01-08,35.484460009246796,35.615658020709134,35.295292407474726,35.44174575805664,17627400
2020-01-09,35.4387082998875,35.81094361310382,35.41734941980736,35.807891845703125,16691100
2020-01-10,35.77126485780144,35.80177553449507,35.38682264967078,35.50886535644531,18164400
2020-01-13,35.508869011966,35.560738564374226,35.20071044729178,35.35631561279297,18337800
2020-01-14,35.23122652998788,35.457008388767385,35.127487409262585,35.447853088378906,19757400
2020-01-15,34.97492917215173,35.35326793091352,34.94136672211142,35.17325210571289,22362600
2020-01-16,35.240368794023716,35.371566796932264,35.17324390958464,35.36241149902344,16108200
2020-01-17,35.40818379695009,35.484460493589104,34.97797554611467,35.07561111450195,30135000
2020-01-21,34.9627271852356,35.298348209159506,34.941368309224174,35.26783752441406,22061100
2020-01-22,35.154939467789006,35.554637038723136,35.14273589470947,35.423439025878906,14778300
2020-01-23,35.45699950731293,35.48751018418401,35.100019699508906,35.33495330810547,12915300
2020-01-24,35.392932563496245,35.40208437146527,34.82847446771566,34.895599365234375,13150200
2020-01-27,34.53555389296938,35.46309152866129,34.37994877776802,35.35020065307617,21055200
2020-01-28,35.38682909525331,35.66753226037618,35.3776772872675,35.57600021362305,15810600
2020-01-29,35.56379799563981,35.7346620296075,35.359375,35.359375,11326500
2020-01-30,35.2739306256896,35.612603316269464,35.188498638634684,35.569889068603516,13744500
2020-01-31,35.33191466451157,35.4722680203142,34.752204605207766,34.932220458984375,23327400
2020-02-03,35.05730881341104,35.2068139526912,34.813219858991545,34.865089416503906,13041300
2020-02-04,35.161044725875136,35.466155018178306,35.05425385394875,35.170196533203125,15696600
2020-02-05,35.27088494715402,35.68278612393446,35.04205134802307,35.640071868896484,17048700
2020-02-06,35.64617526329694,35.76822149045203,35.41124160090241,35.487518310546875,16058700
2020-02-07,35.426495852251826,35.624815291222305,35.31970497031311,35.53023147583008,11068800
2020-02-10,35.316646402793786,35.69193331718139,35.10306817176869,35.164093017578125,18434700
2020-02-11,35.219021193879904,35.240380070778826,34.91696260896981,35.209869384765625,17390400
2020-02-12,35.24036947868287,35.521072594048114,35.21291056786907,35.34716033935547,14206800
2020-02-13,35.34716454479544,35.86280132988678,35.26478431082968,35.83229064941406,15999600
2020-02-14,35.90246433869517,36.17706745038077,35.746859167682025,35.96958923339844,24391800
2020-02-18,36.146560159371134,36.598123866025134,35.8078838876567,36.50048828125,34539600
2020-02-19,36.460820373702326,36.59507016861635,35.905517578125,35.905517578125,21563400
2020-02-20,35.76211976567608,36.0367194260081,35.65533236677301,35.908573150634766,15068700
2020-02-21,35.83229807560727,36.231992262704196,35.79263208773788,36.18012619018555,18726300
2020-02-24,35.83838695346363,36.14350070982251,35.377671536297946,35.490562438964844,19848000
2020-02-25,35.49971993337565,35.719401733483444,34.79796376806906,34.901702880859375,23292900
2020-02-26,34.996283122392306,35.13968471069191,34.675914008752414,34.715579986572266,20019900
2020-02-27,34.343341241793446,34.804060129566174,33.66904413104771,33.68429946899414,28476900
2020-02-28,32.85744858596577,33.11068928788271,31.844478794852034,32.85439682006836,52369200
2020-03-02,32.8299943102186,35.51497254462232,32.73540701266313,35.35631561279297,51222600
2020-03-03,35.41733430411764,35.85974611183507,34.2762182040024,34.450130462646484,33340800
2020-03-04,34.85593179738334,35.649219894063805,34.62099469029262,35.62786102294922,24625200
2020-03-05,34.90475188508191,35.77432031227199,34.75525023762161,35.36852264404297,25638300
2020-03-06,34.7430491281887,35.97569756175254,34.48064955554724,35.76822280883789,29411100
2020-03-09,34.727790669151055,36.80560046276021,34.39522140587095,35.746864318847656,59243400
2020-03-10,36.033668136909,36.82085283289242,35.063412360384554,36.5493049621582,37797300
2020-03-11,35.8536437517466,36.31741444558982,34.41656914414026,34.913902282714844,31620000
2020-03-12,32.347919801816936,34.016879998375664,31.42038177134331,31.746850967407227,56323200
2020-03-13,33.025266146886,34.96272229078855,31.694978829523176,34.81321716308594,42962100
2020-03-16,32.09771436317688,33.96804850273203,31.121358935540798,32.57368850708008,36753900
2020-03-17,34.40741127139419,36.390636451939294,33.7026035480132,36.3875846862793,52806000
2020-03-18,35.08781576124831,39.07867410584617,34.9352623633024,37.40056228637695,77355900
2020-03-19,38.14219681095725,38.9206069150987,36.04906316567467,36.6068229675293,57100500
2020-03-20,36.622147092155586,37.630406849564615,34.28997495307425,34.92741775512695,55423500
2020-03-23,34.98870802574359,36.02148289327558,34.388041463174716,35.02241897583008,39366000
2020-03-24,35.50968477393841,35.96937690867485,34.112220263478896,35.25225830078125,42705000
2020-03-25,34.62095613369192,34.936612285263756,33.11316605937043,33.52688980102539,53287500
2020-03-26,33.526888233893835,33.97738817756588,32.74541281954212,33.655601501464844,58250700
2020-03-27,33.74447453192516,34.40949420569321,33.28171704775971,33.58205032348633,36160500
2020-03-30,34.28079383150351,35.4882509127729,33.9988485592548,35.30131149291992,29212500
2020-03-31,35.03161411637768,35.6077620768641,34.51982279178629,34.82015609741211,26258400
2020-04-01,34.36965241378144,35.40549252248939,34.26239253463976,34.97951126098633,28269600
2020-04-02,34.685311413766584,36.50263053617866,34.427884876661054,36.361656188964844,29515500
2020-04-03,35.920351304367664,36.74779873811617,35.86518697305994,36.61602020263672,28625100
2020-04-06,36.487299312250286,38.73366097802331,36.45052309906335,38.63559341430664,47768700
2020-04-07,37.99509754273679,38.76431538816788,37.27797525269119,37.38523864746094,41369700
2020-04-08,37.906215956250236,37.94299217160949,36.956185938231414,37.339263916015625,27876600
2020-04-09,36.22988319564499,37.65493219116863,36.05826664703364,37.3270149230957,32828700
2020-04-13,37.164590674253205,38.513021944987706,37.13394498726025,38.39963150024414,24194100
2020-04-14,38.951248726471825,39.77562719521107,38.626396859177056,39.53352355957031,34098900
2020-04-15,39.533532452480706,39.8032165545554,38.95738452041069,39.45998001098633,22435200
2020-04-16,39.53352194363276,40.73485128037244,39.30367588582095,40.554039001464844,31882200
2020-04-17,40.29355752246706,40.75018448549782,39.757247579666576,40.48969268798828,30915300
2020-04-20,40.572423525732404,40.875818471534444,39.76642976014575,39.794010162353516,24401700
2020-04-21,39.86144217558877,40.15564489784685,39.27610200035775,39.59788513183594,27900600
2020-04-22,39.839994331808484,40.569374207372256,39.50288831425139,40.3272705078125,19448100
2020-04-23,39.79403145895558,40.17404429208549,39.14433447491591,39.389503479003906,28839900
2020-04-24,39.64080032221605,39.806286319921725,39.39869309759767,39.66838073730469,17343600
2020-04-27,39.83998759200567,39.934993401104286,39.27916257368302,39.31900405883789,17923800
2020-04-28,39.312880178313925,39.913546783517766,39.135133113956684,39.227073669433594,20732100
2020-04-29,38.4823752863209,38.540601388702505,37.55686013093682,37.87864685058594,44612100
2020-04-30,37.71927708271333,37.82960222295793,37.094095442705665,37.250389099121094,40497900
2020-05-01,37.22894575192134,37.90622662892531,37.0144224448229,37.670249938964844,31143900
2020-05-04,37.952185932447804,38.12380593928048,37.29942386697778,37.90928268432617,17807700
2020-05-05,37.93993081598833,38.387365463217854,37.77444133697431,38.22494125366211,19337400
2020-05-06,38.37204495340571,38.45785496758218,37.64879563295485,37.78670120239258,17309100
2020-05-07,38.002171900492755,38.16223538238947,37.39886653827077,37.51891326904297,27345600
2020-05-08,37.7836274563664,37.8636574312324,37.43580229908645,37.84210968017578,20830800
2020-05-11,37.87288002405578,38.26380057873612,37.86364728899097,38.06679916381836,25341900
2020-05-12,38.31612913817881,38.67934447902095,38.10066223144531,38.10066223144531,19100100
2020-05-13,38.014488528206456,38.85788738776946,37.88828428495047,38.07912826538086,29175300
2020-05-14,38.43003842588283,38.516222407649984,37.33731317941436,37.9898681640625,22233000
2020-05-15,38.005243499829916,38.765533447265625,37.888275544639754,38.765533447265625,31770000
2020-05-18,39.245729599400306,39.5720070704638,38.81479562823645,39.294979095458984,38633700
2020-05-19,40.55390865288113,40.627781111792025,38.417708488847055,38.4608039855957,74746200
2020-05-20,38.9348390343818,38.96561952645173,38.36231060955638,38.614715576171875,32246400
2020-05-21,38.44234115336869,38.82710079719141,38.24534320122229,38.473121643066406,22448100
2020-05-22,38.506973150795325,38.58392435958131,38.09758708389304,38.26995849609375,22359600
2020-05-26,38.273046014655016,38.633182685896394,38.054500304528574,38.12529754638672,23730600
2020-05-27,38.159155192649564,38.31921514592086,37.25419542207541,37.70051956176758,31073700
2020-05-28,38.082196158351145,38.460801734940986,37.90982122664498,38.072959899902344,24424800
2020-05-29,38.242258487846556,38.386928175920204,37.53121801431776,38.186851501464844,29311200
2020-06-01,37.99601077999374,38.29458641276674,37.66357590958254,38.156070709228516,20550300
2020-06-02,38.04218208990623,38.214553511123285,37.802092192375085,38.1499137878418,19187700
2020-06-03,38.137607240184046,38.165312498466676,37.7559228345009,38.0052490234375,20262900
2020-06-04,37.799012304570944,38.13452240043561,37.497357923246206,37.58662414550781,24015000
2020-06-05,37.728222690532476,37.76208193450548,36.90945037326016,37.417335510253906,39337200
2020-06-08,36.807864801046826,37.31882858276367,36.770926811380406,37.31882858276367,28344300
2020-06-09,37.42965051303262,37.55277600883021,37.109530564641865,37.352699279785156,20746200
2020-06-10,37.41733017861743,37.70666956533908,37.2849719751467,37.29420471191406,28141500
2020-06-11,37.24189050638105,37.7313067129504,36.77709728653882,36.96485900878906,34162800
2020-06-12,37.09414020345056,37.16801621223688,36.032198996662125,36.24150848388672,32359200
2020-06-15,36.44465222413715,36.53083969903969,36.01679712536481,36.346153259277344,32703300
2020-06-16,36.8755886227559,37.00794683608976,36.487746720209685,36.82941436767578,25167600
2020-06-17,36.89406789734185,36.97717312539292,36.44466489297291,36.63858413696289,20166900
2020-06-18,36.48775126396706,36.647814754801644,36.216880819465096,36.318458557128906,20070000
2020-06-19,36.59548284465019,37.02949196766169,36.24457892856758,36.8909797668457,40078800
2020-06-22,37.23572751648975,37.58047393812807,37.06027379083186,37.45427322387695,27338400
2020-06-23,37.783627563688185,37.81440805237014,37.23264695299798,37.26650619506836,19727700
2020-06-24,37.164932221213725,37.28190020357551,36.807874289331316,37.02949523925781,20614800
2020-06-25,36.86326774415239,36.98639320044079,36.438491436768395,36.847877502441406,20569800
2020-06-26,36.81402810063843,37.19570897859164,36.327687220425304,36.42002868652344,26991600
2020-06-29,36.47543312319498,36.83864850055185,36.38924564731688,36.64780807495117,16511400
2020-06-30,36.6970553087046,36.9771584235888,36.487742376886864,36.86942672729492,20509200
2020-07-01,36.76785222274929,36.912521922293834,36.524683554672166,36.84172821044922,19733700
2020-07-02,36.96485158324902,37.208020260690034,36.58624593821009,36.6939811706543,17695800
2020-07-06,36.87558854277848,36.89713629359573,36.38924766962471,36.595481872558594,21695100
2020-07-07,36.460043496122346,39.261110089993664,36.38924626231872,39.07642364501953,93458100
2020-07-08,39.39963305161865,39.43964628311924,38.291517700545946,38.303829193115234,52217100
2020-07-09,38.663953963812794,39.45502435966153,38.46080206997572,39.32266616821289,42771600
2020-07-10,39.627404650562,40.43694415031986,39.17184427840643,40.22455596923828,44236800
2020-07-13,40.42463461148358,41.13259290086664,39.673577296990054,39.867496490478516,42338400
2020-07-14,39.79362167228513,40.78476885506612,39.71666693203381,40.633941650390625,26455800
2020-07-15,40.71397573689848,41.286500603813856,40.26149407713224,40.63086700439453,31731300
2020-07-16,40.646250232186254,40.85555964277837,40.396924077718836,40.692420959472656,17676600
2020-07-17,41.052554189314904,41.052554189314904,40.4677145074772,40.55082321166992,18189600
2020-07-20,40.618551049785125,40.85864096030424,40.366146126469445,40.46772384643555,18342600
2020-07-21,40.49541867955848,41.243397062451685,40.46155944533943,40.7324333190918,21712500
2020-07-22,40.80631345059055,40.9479079194658,40.381537089166756,40.83401870727539,16164600
2020-07-23,40.93867658348669,40.984847320046505,40.418479944230214,40.520057678222656,16796400
2020-07-24,40.30766036585597,40.75398090770505,40.172223417796644,40.39692306518555,13037400
2020-07-27,40.27996008230442,40.6247064782484,40.27996008230442,40.3876953125,14045700
2020-07-28,40.47695778989275,40.747831717876046,40.2984288476315,40.55698776245117,14414100
2020-07-29,40.49541810310563,40.587763069025,39.96906412646613,40.227622985839844,14223300
2020-07-30,39.836710514136435,40.14451888311155,39.62124359907365,40.05217742919922,13788300
2020-07-31,39.907505878060235,40.04294282221851,39.28265291034874,39.83055114746094,21631500
2020-08-03,39.987543193792376,40.05218292492062,39.48273683579056,39.79977798461914,14971500
2020-08-04,39.907516043245145,40.54160190838973,39.68897032974033,40.520057678222656,18219600
2020-08-05,40.153754508448486,40.246095960903695,39.65510221094886,39.956756591796875,25483500
2020-08-06,39.7474482834396,40.086040693666156,39.7166677957101,39.81517028808594,14496300
2020-08-07,39.885969042188776,40.15684300460698,39.74129932253427,40.00601577758789,16558500
2020-08-10,40.089111605968604,40.735512289662296,39.9075039458042,40.59391784667969,17683200
2020-08-11,40.81246858260188,40.89865605569398,39.93213190103405,40.076805114746094,25360200
2020-08-12,40.159908538606075,40.70165276251176,39.73205350524532,40.59699630737305,19094400
2020-08-13,40.55373331818365,40.78553957774155,40.40537745354991,40.75154113769531,19867200
2020-08-14,40.90298224461774,41.09769862438363,40.68353812260038,40.983341217041016,20106300
2020-08-17,41.52421955151523,42.07437377075414,41.369684432744066,41.91056442260742,39465000
2020-08-18,42.086740798687494,42.53799117989452,41.15951582920918,41.63549041748047,80232600
2020-08-19,41.48095873226069,41.62004036700591,40.75154150693174,40.92462158203125,38155200
2020-08-20,40.55373050476332,40.81953518592723,40.19520120395935,40.35592269897461,26810700
2020-08-21,40.34973879665015,41.00497625148428,40.210657176543414,40.68354034423828,24864000
2020-08-24,40.87517022164822,40.94625851380241,40.281746749099085,40.590824127197266,19813800
2020-08-25,40.42701312607627,40.56300689592922,40.077758006718945,40.37446975708008,21722400
2020-08-26,40.24466323223723,40.451745320382365,40.08703664500497,40.39611053466797,18814800
2020-08-27,40.51355129461315,43.06960292239244,40.457916520016894,42.22891616821289,119018700
2020-08-28,43.5795767741544,43.60121310974058,42.60289978155431,43.363224029541016,64050900
2020-08-31,42.491634499997666,42.92742787003632,41.88893680023737,42.91506576538086,45236400
2020-09-01,43.64139221554391,46.23453382264632,43.285957826261644,45.61638259887695,106798200
2020-09-02,46.74759558587739,46.772319794102906,45.004411571000794,45.644195556640625,51666000
2020-09-03,45.34130539363043,46.23762339447468,43.829927603954005,44.673702239990234,48015000
2020-09-04,44.512987420516055,44.82824409457822,43.30141268221669,44.14518737792969,33982200
2020-09-08,43.70629849857443,43.857745781119554,42.73271286745058,42.791439056396484,33966900
2020-09-09,43.29831765908268,44.07718681607061,43.10050984378941,43.23650360107422,33669000
2020-09-10,43.289053625119564,43.43740950941367,42.21656045342576,42.2845573425293,33709200
2020-09-11,42.35874656943611,42.78836080195497,41.89513388472746,42.25056838989258,28879800
2020-09-14,42.07747581642381,43.61048651204049,41.997113289851086,42.44218444824219,45733800
2020-09-15,42.7234401781821,42.98615346819691,42.24437414278753,42.45454406738281,30427800
2020-09-16,42.77907866660985,42.862529075928286,42.04966132207345,42.114566802978516,27860400
2020-09-17,41.8580303957288,42.51945075530124,41.731310862679734,42.24746322631836,37245000
2020-09-18,42.17019651221487,42.50708951985311,41.647861316931404,41.814762115478516,54709200
2020-09-21,42.18874624197204,42.41746112910885,41.81476687647358,42.36491775512695,47275500
2020-09-22,42.3649115882176,42.95833859594861,42.21037643674646,42.748165130615234,33102000
2020-09-23,42.96142558221011,43.03560528305085,41.97856930565005,42.03111267089844,23133300
2020-09-24,41.95076514315868,42.58746150030334,41.74677796710405,42.25056838989258,29453100
2020-09-25,42.19492862867384,42.51018533223106,42.021844991116275,42.426734924316406,22618800
2020-09-28,42.39272424037685,42.66779959745402,42.25673049828292,42.42053985595703,21197100
2020-09-29,42.42053789317891,42.69561323752847,42.154733241233004,42.386539459228516,27702900
2020-09-30,42.463821736159225,43.8082989739032,42.405099077392855,43.24269104003906,34826400
2020-10-01,43.5177683225638,44.62425639709752,43.35086751129569,44.22245788574219,43290900
2020-10-02,43.99374048879881,44.228638175439336,43.31068376601288,43.42504119873047,24585000
2020-10-05,43.669209077001604,43.94737587509505,43.60121219836589,43.82683563232422,14259000
2020-10-06,43.8484749575274,44.179185142307404,43.347772564566185,43.4652214050293,21475500
2020-10-07,43.65993542658777,43.749568641549246,43.34777018502568,43.54557800292969,16949100
2020-10-08,43.737202218093984,43.91646864481164,43.616665512958356,43.69084167480469,14676900
2020-10-09,43.783566547497884,44.30281029462375,43.75265951846256,44.129730224609375,14494800
2020-10-12,44.20390240145112,44.936410949626655,44.20390240145112,44.58406448364258,18402300
2020-10-13,44.71697503810112,45.31040207723396,44.618071121092825,45.196041107177734,23800200
2020-10-14,45.24857875512141,45.288760013799404,44.43261977443021,44.48825454711914,19710900
2020-10-15,44.22554095344851,44.80351086229457,44.148273383950134,44.67060852050781,13692600
2020-10-16,44.93950721394531,45.171313472932596,44.652066179451275,44.72624588012695,16935000
2020-10-19,44.846789476475294,44.930239877430076,44.120460078566545,44.18227767944336,14643300
2020-10-20,44.5408003978669,44.97968517221141,44.38935312243305,44.475894927978516,14523000
2020-10-21,44.45734824703603,45.04150099004546,44.45734824703603,44.630428314208984,13114200
2020-10-22,44.56552556723936,44.679886531689256,44.101913036855315,44.36771774291992,13344000
2020-10-23,44.49753144003382,44.550071268564835,44.15136775356252,44.46044158935547,10540500
2020-10-26,44.14827235092057,44.23481414898331,43.56102822522612,43.9380989074707,16111800
2020-10-27,43.9041157788512,44.41409251467505,43.8793915634024,44.15755844116211,11831100
2020-10-28,43.5672093924736,43.92882654745985,43.23340785338402,43.282859802246094,16849200
2020-10-29,43.27050487720113,43.61357716613913,42.86870639963882,43.24577713012695,15153900
2020-10-30,43.017061441252636,43.2983196627056,42.45763640880673,42.884159088134766,18601800
2020-11-02,43.45285689230617,43.52085377181099,42.97069945214287,43.39413070678711,16575600
2020-11-03,43.7804751371778,44.55625288462926,43.75574739169989,44.129730224609375,15413100
2020-11-04,43.75574531579335,44.62733905640254,43.684660567217676,43.876285552978516,17927400
2020-11-05,44.506796420082,44.57788470190824,44.179177701011746,44.342987060546875,14202600
2020-11-06,44.618070415190985,45.19295251865419,44.36771921602147,45.05386734008789,16198500
2020-11-09,45.7431075907866,45.80492519649883,44.34609053952396,44.3646354675293,28198500
2020-11-10,44.42953523535564,45.26094425536537,44.36153835377189,44.98896026611328,18199200
2020-11-11,45.40929712153436,46.03981040264724,45.24857915955112,45.73691940307617,18805800
2020-11-12,45.89146512884926,45.96255343258012,45.46494238063105,45.8141975402832,12564300
2020-11-13,46.033640467851626,46.65178823351396,45.59475208788965,46.528160095214844,19738200
2020-11-16,46.525066295333566,47.41211016816455,46.13872130882042,47.11539840698242,34560300
2020-11-17,46.51578566664063,47.36265163056927,46.1078044293288,46.16653060913086,42711600
2020-11-18,46.31797945019051,46.877404428492646,46.06762828340216,46.07999038696289,24936900
2020-11-19,46.194360370965484,47.11849418384824,46.151091228189834,47.016502380371094,18590700
2020-11-20,46.72287761390768,47.21430584174162,46.30253768948686,46.43544006347656,21937200
2020-11-23,46.47560947359089,46.79395753939717,46.16653563896074,46.6486930847168,18557100
2020-11-24,46.89904597704321,46.97322214373752,46.44470413411482,46.78159713745117,17155200
2020-11-25,46.747601711110526,47.09994471552848,46.73523606829481,46.92686462402344,13833300
2020-11-27,47.02576996349393,47.20194147102053,46.70124257144931,46.855777740478516,10999500
2020-11-30,46.855771755285815,47.273023732532934,46.392159233251874,47.22357177734375,32695500
2020-12-01,47.47391965724718,47.49246458128687,46.874313415933415,47.177207946777344,22935300
2020-12-02,46.979398214562615,47.171023193315534,46.21598263544637,46.52196502685547,23547000
2020-12-03,46.44779967924695,46.44779967924695,45.86364683979197,46.14490509033203,25725900
2020-12-04,46.20981020886076,46.20981020886076,45.613295268011,46.02436447143555,20889300
2020-12-07,45.88527392765996,46.04908329512898,45.48347549729609,45.777095794677734,18479100
2020-12-08,45.545301968310675,46.314900601284144,45.489670718658104,46.19126892089844,20716500
2020-12-09,46.361261898899585,46.361261898899585,45.709112113849415,45.826560974121094,20139600
2020-12-10,45.832756977810185,45.95683699845435,45.466715236890636,45.612510681152344,20652300
2020-12-11,45.57528333785517,45.75830420061627,45.271285170057254,45.600101470947266,16860900
2020-12-14,45.81725246657612,45.823457888356884,45.103781612324255,45.181331634521484,25088100
2020-12-15,45.14099803667471,45.401568899279546,44.93626175890705,45.159610748291016,31871400
2020-12-16,45.36434536330069,45.5659789391854,45.00450905711341,45.11307907104492,25650900
2020-12-17,45.30851555866306,45.42639016622615,45.02622568261796,45.3209228515625,30679500
2020-12-18,45.48221897086064,45.655935235834384,45.02931914790411,45.274383544921875,41384100
2020-12-21,45.134798420672965,45.49773746883725,44.998307551274515,45.28059387207031,25553100
2020-12-22,45.02623435562817,45.361256178531285,44.40272427967968,44.73154067993164,37599000
2020-12-23,44.526789989100344,44.737728124303615,44.14213558960389,44.42752456665039,20430600
2020-12-24,44.52679988115802,44.790473496242626,44.4151235935832,44.51438903808594,9054600
2020-12-28,44.68189754959589,45.07275743535265,44.46165479692017,45.04793930053711,19344900
2020-12-29,45.17821712505293,45.24336338670019,44.54230000908454,44.762542724609375,17938200
2020-12-30,44.942474237563275,45.026229684600246,44.650883303442,44.72533416748047,18751200
2020-12-31,44.73152486319125,44.75324028477891,44.312751282650595,44.71601486206055,17814000
2021-01-04,44.76255242357521,45.56598410784886,44.75635055208277,45.45431137084961,32182200
2021-01-05,45.47602609770588,45.62182155071756,44.82149258948733,45.21234893798828,26498100
2021-01-06,45.00761366787439,45.94133073715977,44.982795533635006,45.494632720947266,21918900
2021-01-07,45.79242627256175,45.835853563982276,45.30230102647396,45.49152374267578,20538000
2021-01-08,45.56287104605172,45.600096466598636,45.23095207119991,45.485321044921875,24478200
2021-01-11,45.28989902668539,45.90720705905424,45.28989902668539,45.6900634765625,26264400
2021-01-12,46.220508844599976,46.508996989538666,46.00956715366355,46.21120071411133,23373300
2021-01-13,46.14296781239772,46.242233264477846,45.73349871007035,45.73970413208008,16069500
2021-01-14,45.854474846956904,45.91030943921976,45.30230949561077,45.59080123901367,23017200
2021-01-15,45.02311502127595,45.25886772619413,44.567112511082364,44.868011474609375,35920500
2021-01-19,44.8680199210036,45.001408073244185,44.25691729911488,44.480262756347656,24123600
2021-01-20,44.5423011268499,45.18442367909219,44.32515756594452,45.13789367675781,23775600
2021-01-21,45.0913651476314,45.206140577144076,44.73462801805609,44.93315887451172,14325900
2021-01-22,45.165825002173236,45.70558313699929,45.016926818430306,45.392276763916016,19219500
2021-01-25,45.09136168405476,45.367442525728265,44.75323729199579,45.351932525634766,19031100
2021-01-26,45.17513058661922,45.851379625698655,45.12550140761784,45.75831604003906,15031500
2021-01-27,45.58770149853621,45.866885128076994,44.52990073714744,44.6198616027832,29910300
2021-01-28,44.81219609464647,45.370567016095414,44.554727839488656,44.59195327758789,22301700
2021-01-29,44.41512909652347,44.59194813208494,43.53724999105933,43.58068084716797,32509200
2021-02-01,43.71095895975452,43.89087712617889,43.17740633172987,43.20222091674805,25945200
2021-02-02,43.35422750972874,44.09561569768004,43.25496205652992,43.66753387451172,27002400
2021-02-03,43.633407696347625,44.06459219639623,43.624103113977895,43.80091857910156,14966700
2021-02-04,43.9839386382049,44.415123130140266,43.81953046933852,44.2134895324707,17346300
2021-02-05,44.50198245330438,44.93316695660146,44.2134906974964,44.781166076660156,20451600
2021-02-08,44.92075679420877,45.15961581171928,44.81218322260867,44.9890022277832,15825300
2021-02-09,44.84940638614987,45.38916440626147,44.84940638614987,45.23716354370117,15906900
2021-02-10,45.237159025208314,45.25887089625398,44.526791050739455,44.709808349609375,18576900
2021-02-11,44.71291538736301,44.964181683876646,44.579527237979676,44.67569351196289,12791400
2021-02-12,44.71912961548839,44.858723213270025,44.56712872346316,44.81529235839844,13423500
2021-02-16,45.27128349158807,45.41087350376557,44.95797720424225,45.184425354003906,27891000
2021-02-17,44.871122920299506,45.755207273398,44.82459291224423,45.66214370727539,25571100
2021-02-18,43.118467616090335,43.64581839899406,42.65316039883032,42.70279312133789,96927300
2021-02-19,42.74622355545403,43.2487526471851,42.705895415679485,42.913734436035156,36606000
2021-02-22,42.72761480255794,42.91373841490643,42.26541025773447,42.71210479736328,32106600
2021-02-23,42.532179338171886,42.61903393241309,41.89625858383462,42.023441314697266,31300200
2021-02-24,42.14752326488931,42.237480566183706,41.27274353498562,41.3223762512207,46565700
2021-02-25,41.288259535360794,41.57054229755118,40.7857269224257,40.931522369384766,33324600
2021-02-26,40.78572344712468,40.888091587334586,40.283190877009766,40.30180358886719,42470700
2021-03-01,40.816744891647126,41.12384577311021,40.67715132279268,40.75160217285156,34634400
2021-03-02,40.795031658272556,41.17968612086091,40.32972447046622,40.36074447631836,29230800
2021-03-03,40.17151869560566,40.30490684069948,39.56661797715364,39.57902526855469,41837400
2021-03-04,39.66279297796683,40.19634572353453,39.17267109076712,39.5604248046875,45348000
2021-03-05,39.34328171613754,40.249078100075174,39.31846357753009,40.05364990234375,34073700
2021-03-08,40.11878058021736,40.27698329750793,39.647268038467665,39.668983459472656,40988400
2021-03-09,39.954378694338146,40.28939689219968,39.805480534173405,39.982295989990234,31988700
2021-03-10,39.97299632637959,41.27275178960893,39.852015446981476,41.00287628173828,44929200
2021-03-11,41.36892110480267,41.409245700874514,40.80124564845479,40.98736572265625,35489700
2021-03-12,41.10833316333004,41.72874385775491,40.97184586356663,41.60466384887695,28437600
2021-03-15,41.79699104150425,41.8000937518591,41.20139845379882,41.390621185302734,25071900
2021-03-16,41.201392744804146,41.65428899352635,41.201392744804146,41.37820816040039,19881000
2021-03-17,41.1021352018858,41.300666074981045,40.9408262049869,41.03388977050781,24156300
2021-03-18,40.856334515657224,41.10241857266185,40.47318972037974,40.49810791015625,29815500
2021-03-19,40.53548370254615,41.273739346291045,40.46383767741754,41.0369987487793,57703500
2021-03-22,40.806488686649956,41.25816378592872,40.80337302216869,41.23324203491211,24654000
2021-03-23,41.02765815483779,41.83444428501567,41.00273996428315,41.72230529785156,29154900
2021-03-24,41.874946474040506,41.874946474040506,41.44507376280856,41.46376419067383,23547300
2021-03-25,41.51047753853133,41.90608495522704,41.38899513667365,41.744102478027344,28125900
2021-03-26,41.74099912476198,42.11479696738208,41.560326186763824,42.09299087524414,28653600
2021-03-29,42.052494945114496,42.67860815873247,41.927896861336826,42.57270050048828,30146400
2021-03-30,42.466785957114965,42.85927773296256,42.19889582013714,42.28300094604492,27230100
2021-03-31,42.22382579263896,42.631888842335925,42.04004074579548,42.3110466003418,24546000
2021-04-01,42.345300864639846,42.6412284263037,42.15528808481251,42.24562454223633,25595100
2021-04-05,42.58827822756026,43.659838933894655,42.42629928143255,43.43244171142578,40043100
2021-04-06,43.33275713656573,43.905918281568184,43.14897211815197,43.641143798828125,31044600
2021-04-07,43.703442507638584,43.84361891030335,43.50096706593792,43.547691345214844,20361600
2021-04-08,43.75015875962133,43.9588654928656,43.504074748713926,43.519649505615234,19095600
2021-04-09,43.49473791282789,43.63802998758241,43.20816089298721,43.541465759277344,20676600
2021-04-12,43.631796473846904,43.72836069731934,43.40440284246549,43.547691345214844,18723000
2021-04-13,43.54768737591197,43.60998997410309,43.257994731899686,43.41374588012695,17397900
2021-04-14,43.335879052092885,43.441790286398714,43.11782881753265,43.39817810058594,21924600
2021-04-15,43.42309138485735,43.756396220019035,43.36079234852197,43.65983200073242,21710400
2021-04-16,43.88722766027525,43.9090337499388,43.51965762509326,43.80000686645508,26488500
2021-04-19,43.70031882457046,43.78753960211782,43.48849999181261,43.519649505615234,19281000
2021-04-20,43.42932211789593,44.16135010420468,43.242424996115744,43.8560791015625,24452100
2021-04-21,43.849853885859744,44.13955016874794,43.775095739690435,43.98379898071289,17335200
2021-04-22,43.94641825415943,44.06167291225059,43.429324778091406,43.5072021484375,19705200
2021-04-23,43.32964979240175,43.71590673161054,43.30784370024711,43.5788459777832,22971000
2021-04-26,43.581951302730786,43.609988718801524,42.87484873887681,42.958953857421875,22846200
2021-04-27,42.98698402036615,43.28290795973922,42.84680764654035,43.10535430908203,16151400
2021-04-28,43.096027995888164,43.17078614407304,42.94650813468373,42.952735900878906,14286600
2021-04-29,42.95584332660562,43.60999393070888,42.95584332660562,43.49473571777344,19596000
2021-04-30,43.51965972851247,43.60688052654825,43.33275903695986,43.58195877075195,19680000
2021-05-03,43.510316006335216,44.463506318510824,43.510316006335216,44.2703742980957,27139500
2021-05-04,44.089701519728706,44.242337012225704,43.641142036686816,43.83427047729492,19084200
2021-05-05,43.831167145697044,43.98380268114264,43.6878786073306,43.796905517578125,18351000
2021-05-06,43.781261122685535,44.20656259555627,43.60926236146297,44.109619140625,16302000
2021-05-07,44.29098503080885,44.319132551826634,43.56859402445647,43.84379196166992,23408400
2021-05-10,43.9219781294436,44.43171853791196,43.87819825963349,44.03768539428711,26307600
2021-05-11,44.053334317739115,44.053334317739115,43.25588773742956,43.64053726196289,26464200
2021-05-12,43.42787438006528,43.4622741251045,42.50221274308555,42.511592864990234,25998300
2021-05-13,42.60228986058519,43.46228002446333,42.455310738573395,43.230865478515625,21475200
2021-05-14,43.40911867254923,43.85631186282648,43.290283492819285,43.63115310668945,16091700
2021-05-17,43.78125701307716,43.90634440670912,43.39660755152505,43.43413162231445,19675800
2021-05-18,44.87891586640775,45.213529669228016,44.15965258538132,44.37855911254883,58183800
2021-05-19,44.003289907465046,44.944587619604825,43.93761830697472,44.38168716430664,34874700
2021-05-20,44.25034533131065,44.67877469811932,44.00016694579573,44.538047790527344,30540900
2021-05-21,44.56931230193004,44.74443533947314,44.28160633435954,44.328514099121094,22927500
2021-05-24,44.331642150878906,44.53803703230253,44.20655119892039,44.331642150878906,18945900
2021-05-25,44.34416015107299,44.60684655681454,44.11587349644845,44.513031005859375,21505200
2021-05-26,44.528672710626736,44.68190766014308,44.331657880749,44.45987319946289,19294200
2021-05-27,44.82887392488949,44.93207316197915,44.30975341796875,44.30975341796875,56577000
2021-05-28,44.384812441530855,44.54742748276791,44.29412121920619,44.41608428955078,21186300
2021-06-01,44.47237205570149,44.656878821551764,44.17841382209835,44.300376892089844,20767500
2021-06-02,44.215934382483745,44.31600571134788,43.80939326691084,44.203426361083984,23298000
2021-06-03,44.2159408008174,44.35979201487848,44.01579811403666,44.281612396240234,18374400
2021-06-04,44.23782393298504,44.49738596357987,44.17215234500518,44.35978698730469,13635900
2021-06-07,44.359795964459586,44.39732361628064,43.90321907752706,44.06270980834961,16630800
2021-06-08,43.94074673726865,44.06270981629213,43.72184020671819,43.72809600830078,20120700
2021-06-09,43.57485686546598,43.78437967338229,43.47791342331316,43.49354934692383,17085300
2021-06-10,43.49355786150913,43.840679728220955,43.49355786150913,43.743736267089844,16378500
2021-06-11,43.85318565081672,44.04707614261516,43.737478367461506,44.015804290771484,25232400
2021-06-14,44.07208620440144,44.07208620440144,43.790635997215475,43.95637893676758,15140700
2021-06-15,44.0439401852011,44.06583190902088,43.67492667481077,43.781253814697266,19327200
2021-06-16,43.7343459184683,43.793761710163615,42.83370029009515,42.889991760253906,28794900
2021-06-17,42.8430861995082,43.265263300376084,42.75239497827229,43.06824493408203,19341900
2021-06-18,42.35524078560454,42.65232694008682,42.03000710299377,42.27080535888672,44812800
2021-06-21,42.42404577416405,42.76491184706072,42.32710231064759,42.655460357666016,20775000
2021-06-22,42.602292014165286,43.06824903028575,42.602292014165286,42.85247039794922,19107000
2021-06-23,42.68672362450786,42.83995854190169,42.508472660390005,42.517852783203125,19390500
2021-06-24,42.583515473607136,42.91812918568761,42.56162733200963,42.8149299621582,23444100
2021-06-25,42.88373168869536,43.42474387614681,42.81806010280045,43.3215446472168,28640700
2021-06-28,43.168331810984796,43.35596654320043,42.71801060096818,43.187095642089844,15549000
2021-06-29,43.12453958575727,43.30279056200284,42.9150131807284,42.93690490722656,35962500
2021-06-30,43.64366189924433,44.588087552043035,43.3715917835263,44.10023880004883,45511200
2021-07-01,43.90947311141487,44.172159505919375,43.47166006801821,43.568603515625,26348700
2021-07-02,43.577988217031766,44.119000521772335,43.577988217031766,43.81565856933594,26280600
2021-07-06,43.74998915834376,44.015807073488304,43.62802964420985,43.76250076293945,18279300
2021-07-07,43.70619149305727,44.15338454684843,43.581104128677225,43.690555572509766,25607400
2021-07-08,43.262136341999536,43.984523911753364,43.224608692475435,43.653038024902344,21267000
2021-07-09,43.90947604588972,44.0439471527935,43.75936901345066,43.87507629394531,15185400
2021-07-12,43.99704060368624,44.02831245562927,43.571735543826094,43.796897888183594,19515000
2021-07-13,43.778132073825525,44.150273536954536,43.76249614856384,43.96263885498047,18947700
2021-07-14,44.0032897867711,44.34415939130218,43.72809536138402,44.2659797668457,18812100
2021-07-15,44.40670045928305,44.60684314909802,44.12212234852529,44.300376892089844,17974800
2021-07-16,44.312891511151534,44.44736262456313,44.07834903793754,44.26911163330078,18095400
2021-07-19,44.2221928924993,44.71316948529899,43.70932815384562,44.1659049987793,27383100
2021-07-20,44.08459291486417,44.55367773440213,44.02517354796057,44.36604309082031,19020300
2021-07-21,44.56306179266341,44.575569815651605,44.00328571264826,44.14714050292969,18591900
2021-07-22,44.134637563205736,44.44423535005287,44.03144187975753,44.17842102050781,13013400
2021-07-23,44.25659012347112,44.63185942815252,44.09710299522318,44.541168212890625,15947400
2021-07-26,44.519282149532344,44.98836701289688,44.237828368446834,44.60371398925781,18517200
2021-07-27,44.719428809690214,44.719428809690214,44.394195129589846,44.60684585571289,15395700
2021-07-28,44.55681164996307,44.79760991194026,44.300381041390615,44.42546844482422,14071500
2021-07-29,44.606849341455344,44.67252452582445,44.41296242584416,44.48176193237305,11063100
2021-07-30,44.156520118789544,44.70691249112298,44.156520118789544,44.578697204589844,16332300
2021-08-02,44.66626842101552,44.678776446072135,44.30350706370127,44.47550582885742,19958400
2021-08-03,44.54430333057907,45.00088022352461,44.51928728159149,44.975860595703125,18915300
2021-08-04,44.83825889969986,45.013385547441864,44.638119783304795,44.66939163208008,15301500
2021-08-05,45.104082089232776,45.51374765108446,45.029026780256956,45.498111724853516,27005400
2021-08-06,45.7232636335309,45.80457114713471,45.329230509040656,45.41679382324219,19263600
2021-08-09,45.629448413419496,45.807702957336275,45.46996127289774,45.52625274658203,15811800
2021-08-10,45.960944287495494,46.58013626907072,45.73578194017991,46.49570083618164,38262000
2021-08-11,46.7552544548469,47.4025938987221,46.64580298308642,46.911617279052734,41455800
2021-08-12,46.76725034107536,47.14703658432592,46.707612287934005,46.78608322143555,18269100
2021-08-13,46.886505951767596,47.19410359031261,46.817456866056894,46.933589935302734,15981300
2021-08-16,46.98067171126083,47.62411452383,46.779792494537304,47.3165168762207,47791500
2021-08-17,47.2066512200208,47.86578738779036,46.798617623594716,47.30081558227539,50950200
2021-08-18,47.2537397487406,47.88776428364528,46.773510434993234,46.798622131347656,28211700
2021-08-19,46.55694582113057,47.288274264890404,46.45336679076078,47.11564254760742,22630500
2021-08-20,47.23176994863502,47.620974322581255,47.00264321836191,47.53622817993164,19400400
2021-08-23,47.56133586450955,47.64294618723036,47.20979724418749,47.222354888916016,16166100
2021-08-24,47.23805295783418,47.23805295783418,46.673077426094245,46.7358512878418,18828900
2021-08-25,46.58205632738977,46.85512406444884,46.46278383414388,46.75468444824219,21921300
2021-08-26,46.28699839310127,46.53809735595238,46.03589943025016,46.24933624267578,23466900
2021-08-27,46.299556358314184,46.35605497673427,45.88210452177484,45.98882293701172,23088600
2021-08-30,45.95744110487847,46.45336030638864,45.83188980292438,46.35919952392578,16440600
2021-08-31,46.450222503169684,46.591463670831004,46.214816965064024,46.48474884033203,25078500
2021-09-01,46.31525115767465,46.43138420765986,46.004514159495805,46.384300231933594,19056600
2021-09-02,46.49102215946847,46.70131958481422,46.35605622738189,46.629127502441406,20018100
2021-09-03,46.5161330132627,46.97124700745961,46.42196864839181,46.845699310302734,17211900
2021-09-07,46.757820508522165,46.82059436615119,46.158322265756745,46.22423553466797,25345200
2021-09-08,46.12379283768637,46.55379876246167,46.054740162116,46.28386688232422,19508400
2021-09-09,46.28386248834038,46.3309464659437,45.77538929505435,45.957435607910156,22328700
2021-09-10,46.202261163575194,46.214818808137544,45.64670392780977,45.79108810424805,15775200
2021-09-13,45.988824174474566,46.18656395626083,45.39874064799861,45.53056716918945,19529400
2021-09-14,45.662398015345666,45.787949318659294,45.17275403882872,45.29202651977539,16533900
2021-09-15,45.21983924438169,45.43327251457766,45.13195368888791,45.37049865722656,14850000
2021-09-16,45.33596676622381,45.609038041070725,45.10056123797715,45.52115249633789,18428400
2021-09-17,45.241812367513056,45.875840601630415,45.20415020461827,45.426998138427734,73032600
2021-09-20,45.04092477829957,45.571373884080174,44.45084482366124,44.80238342285156,25054500
2021-09-21,44.78983062252393,45.379914232978294,44.780415980529,44.8902702331543,17437500
2021-09-22,45.03152121737271,45.07232638632038,44.66114965309505,44.78669738769531,15044400
2021-09-23,44.953039027758756,45.08172613159806,44.71135468971588,44.81179428100586,15585300
2021-09-24,44.727057360744695,45.10056829026191,44.723917949369884,44.93735122680664,13360500
2021-09-27,44.84319048930684,45.056623766989766,44.51989936540209,44.648590087890625,21250800
2021-09-28,44.53244568744399,44.59208371726853,43.93922635205139,44.099300384521484,20580900
2021-09-29,44.14638812398213,44.51676323194243,44.0428126932518,44.080474853515625,21375600
2021-09-30,44.14324776150293,44.48536813204643,43.706963019981444,43.747764587402344,22457700
2021-10-01,43.710100343273325,43.826233411473275,42.661763318332554,43.016441345214844,30014400
2021-10-04,43.02898564951159,43.38680300647118,42.28196401529816,42.602115631103516,29970300
2021-10-05,42.67117610796741,43.22359390873031,42.655482644945955,42.881473541259766,20597400
2021-10-06,42.76220150127971,43.24870604389151,42.72767516388125,43.19534683227539,19376700
2021-10-07,43.55944272191163,44.16208396560056,43.553167491375575,43.703826904296875,21068100
2021-10-08,43.83565139770508,43.97061733998767,43.631632778719435,43.83565139770508,13847400
2021-10-11,43.79170976198172,44.18718934953461,43.766598065373344,43.79484558105469,13048200
2021-10-12,43.735210535273104,44.07105567575372,43.65046439739466,43.747764587402344,15789300
2021-10-13,43.78542596511194,43.94549999179064,43.355416496577085,43.430747985839844,17937900
2021-10-14,43.471555833893504,43.96433558733243,43.471555833893504,43.90156173706055,19783500
2021-10-15,44.13696251640626,44.28762189604286,43.92980452240483,44.114990234375,20737200
2021-10-18,43.94237083466986,44.5732559888727,43.889011620353415,44.46967697143555,19887000
2021-10-19,45.395595839863155,45.70319341407258,45.0911376761666,45.4144287109375,33444300
2021-10-20,45.47720834327287,45.97940992118809,45.47720834327287,45.82561111450195,17453700
2021-10-21,46.007657160619345,46.1143719869862,45.76597280984122,46.07984924316406,13954500
2021-10-22,46.17086574407701,46.983800663795506,46.17086574407701,46.5600700378418,21195600
2021-10-25,46.69817906314782,47.244318008272884,46.45649471869398,47.099937438964844,19287900
2021-10-26,47.08111026234629,47.253741957842536,46.59774510696046,46.68876647949219,17418600
2021-10-27,46.754674489698935,46.77350736272687,46.261894748147284,46.30583572387695,14565600
2021-10-28,46.5600743421095,46.760953532687125,46.36233456238527,46.594600677490234,12598500
2021-10-29,46.42511260477205,47.11249637161775,46.3152583590038,46.89906311035156,22022700
2021-11-01,47.074816921348976,47.31650122050448,46.87707718131404,47.01518249511719,12549600
2021-11-02,47.07168836794389,47.13760162479493,46.85511213314407,46.99321746826172,13638900
2021-11-03,46.95555744250302,47.17213009510882,46.776646944087126,47.137603759765625,14209500
2021-11-04,47.13759703829114,47.66176722339286,47.027739226226544,47.48285675048828,15149100
2021-11-05,47.70885461103769,47.70885461103769,46.961832873682425,47.153297424316406,15081900
2021-11-08,47.150157675834954,47.241179038203384,46.68248603662245,46.85197830200195,15373200
2021-11-09,46.930436379101856,47.04029418490073,46.7264178186204,47.01518249511719,15001800
2021-11-10,46.68248231405651,46.961828792571254,46.44707680780154,46.59145736694336,16803600
2021-11-11,46.695044297067035,46.76409697377962,46.5129979639173,46.61029815673828,13603200
2021-11-12,46.76723320646494,46.84256110830234,46.30897619760935,46.378028869628906,18313800
2021-11-15,46.50043347153665,46.594597831370145,45.951155141852944,46.11123275756836,28896000
2021-11-16,45.54313190200946,46.03905113911331,44.66428350126398,44.93735122680664,73986600
2021-11-17,44.93420624621429,45.42385015274339,44.513615007837004,44.55127716064453,33116100
2021-11-18,44.61405625747657,44.97500948131848,44.21229787657267,44.934207916259766,24394200
2021-11-19,45.078592725946194,45.197865205492135,44.55128300542749,44.692527770996094,28119300
2021-11-22,44.77726894969094,45.62473026517915,44.57011094101533,45.44268035888672,29126400
2021-11-23,45.276335761073064,45.81933898414206,44.96246287204091,45.7659797668457,29907900
2021-11-24,45.740867326496634,46.158319199201976,45.71261621883745,45.9951057434082,18089400
2021-11-26,45.96370792546765,46.41568606420013,45.329683485412744,45.480342864990234,21039600
2021-11-29,45.51173512868158,45.59020603425741,44.64230508148718,44.767852783203125,33039600
2021-11-30,44.406910167208025,44.7270619119421,43.945513632266135,44.14011764526367,64818900
2021-12-01,44.10244053618328,44.168353796778554,43.01329843891496,43.04468536376953,36621300
2021-12-02,43.19849226969047,43.452730719091,42.44833456738815,42.52052307128906,39805800
2021-12-03,42.642924775276725,43.276949245390185,42.464017876047556,43.16081619262695,44142600
2021-12-06,43.176512260554425,43.741487688861454,43.03213168656674,43.62849044799805,32589300
2021-12-07,43.81682144632111,43.889013538964164,43.34287091114944,43.48725509643555,37739100
2021-12-08,43.333450186763486,43.471555529998845,42.6900074499648,43.04782485961914,34496400
2021-12-09,43.057276404221554,43.66864451778264,42.767352603789895,43.64658737182617,32351700
2021-12-10,43.596164150452374,44.52896933809743,43.3535066999965,44.44388198852539,38575500
2021-12-13,44.19493314523605,45.30106891750925,44.12245037899461,45.24434280395508,54039300
2021-12-14,45.15925034023513,45.78322309304361,44.79684015639575,45.67607498168945,46721400
2021-12-15,45.76115472582513,46.158230196895445,45.190756123591896,45.9376335144043,33489900
2021-12-16,45.93763440196547,46.17713978832227,45.03003845979139,45.17184829711914,39069600
2021-12-17,44.98591846155752,45.36408525333091,43.611919904810165,43.72536849975586,78581100
2021-12-20,43.52684185072383,44.04051449200727,43.36297122231682,43.867191314697266,31017900
2021-12-21,43.77264142453707,44.07517343594777,43.49217016597904,43.999542236328125,24620400
2021-12-22,44.08778390394076,44.11614876323196,43.65604658220286,44.056270599365234,17028000
2021-12-23,44.056271985641274,44.16972421344291,43.75689197628691,43.958580017089844,17592600
2021-12-27,43.993244133384515,44.393471758315904,43.983791584567705,44.358802795410156,16040700
2021-12-28,44.308377278431365,45.05525113489497,44.308377278431365,44.99537658691406,15783000
2021-12-29,44.95755572933178,45.231726463987386,44.850407633693436,44.97331237792969,13045200
2021-12-30,45.14665099292149,45.28531242222478,44.900841439799,45.1182861328125,14949000
2021-12-31,45.12773159230478,45.707586373883174,45.039492193983584,45.597286224365234,17947800
2022-01-03,45.379853809937096,45.62881181650614,45.067865583889734,45.584693908691406,20706600
2022-01-04,45.39244650673603,45.73910000032061,44.67393393002605,44.74956512451172,33930000
2022-01-05,45.0174395661204,45.994366328466384,44.98277421353267,45.35463333129883,35418000
2022-01-06,45.260101410983346,45.581542188736925,44.87563401975917,45.22858810424805,21828900
2022-01-07,45.22227132015219,45.808430201765674,45.052096626324506,45.66031265258789,19723500
2022-01-10,45.83363741526644,45.880907360070715,45.102520280109424,45.57207489013672,22731600
2022-01-11,45.44603077497056,45.575239654571256,45.121437959755724,45.44287872314453,21668700
2022-01-12,45.27900013058555,45.36723953386434,45.06470752816505,45.203365325927734,18946800
2022-01-13,45.20021628156754,45.909276336732354,45.099372281005415,45.84309768676758,24252600
2022-01-14,45.44917926122798,46.20866140071947,45.44917926122798,45.71389389038086,26867400
2022-01-18,45.50904468575711,45.600436130874826,44.790532147997894,44.91343688964844,21123900
2022-01-19,44.919741803394814,45.69183207025474,44.724357903086975,45.36093521118164,22674000
2022-01-20,44.85987119365661,45.52480980850261,44.456495152602585,44.50376510620117,22387200
2022-01-21,44.5037653023562,44.831506533924006,44.13820666515632,44.17917251586914,27508200
2022-01-24,43.82620980784278,44.28631186809655,43.27156785867884,44.182315826416016,28699200
2022-01-25,44.11614473201321,44.235897442337446,43.11400514833824,43.221153259277344,29479500
2022-01-26,43.28103248979022,43.73798262670885,42.594033061743794,42.779964447021484,26185500
2022-01-27,43.14867619476084,43.82937514189969,42.66021274109114,42.808326721191406,27759000
2022-01-28,42.85874246147908,43.35350994652017,42.212712573055846,43.33775329589844,25131900
2022-01-31,43.20223993353124,44.13189665993547,43.07933518489724,44.05941390991211,20193600
2022-02-01,43.8703337784618,44.481701909540256,43.801006680870245,44.406070709228516,20323200
2022-02-02,44.434435023844095,44.63612304721029,44.16656834321501,44.38716506958008,18149700
2022-02-03,44.20122518374248,44.746414594720676,44.04680714438379,44.4312744140625,20741100
2022-02-04,44.3997728423365,44.43443819923398,43.59932479482489,43.90815734863281,22036500
2022-02-07,44.13820385740439,44.141352302284865,43.36611356847398,43.47641372680664,20010300
2022-02-08,43.589858779101434,43.879786169442326,43.33459673781649,43.485862731933594,19458900
2022-02-09,43.64658896950278,43.737976820875616,43.3219961996879,43.391326904296875,21473700
2022-02-10,43.03207852902963,43.17704046738594,42.68857697956614,42.88396453857422,27810600
2022-02-11,43.1171567634554,43.23060536970587,42.28203985109993,42.64760208129883,23733300
2022-02-14,42.64760835696637,42.84614434873615,41.821947477406326,42.21271896362305,29363400
2022-02-15,42.461670542453255,42.7547464079275,42.1622905741432,42.345069885253906,21824400
2022-02-16,42.3324664128198,42.50578957429017,41.818790212013546,42.080352783203125,28490700
2022-02-17,42.22846905754747,43.95227331663268,42.159138352498154,43.76633834838867,53831400
2022-02-18,43.52052808098954,43.99008271232393,43.224300194934884,43.485862731933594,31103400
2022-02-22,43.41653758115625,43.56465514957435,42.83983477787888,43.00055694580078,25380900
2022-02-23,43.129766895871384,43.23376296763698,42.493189470869844,42.55936813354492,21030900
2022-02-24,42.20009743963002,42.54675090933221,41.60133760136706,42.395484924316406,31717500
2022-02-25,42.483740198601616,43.10456101877713,42.25683933302432,42.9785041809082,24997800
2022-02-28,42.54360265869385,42.88080000581626,42.15598331206216,42.594024658203125,26286600
2022-03-01,42.817781041716415,43.45435844820355,42.54991434697149,42.85559844970703,24024900
2022-03-02,42.75159792262602,43.120308595917336,42.60033191290481,42.90916442871094,23863800
2022-03-03,43.26527289557463,44.26741251944186,43.03207156849894,43.89554977416992,29885100
2022-03-04,43.429145386036794,45.045801566005345,43.359814679706815,45.00798416137695,35576400
2022-03-07,44.52896820217507,45.26324103070877,44.26110156203189,44.64556884765625,45870000
2022-03-08,44.592003650996425,44.894535675912955,43.67179937035897,43.72222137451172,28305600
2022-03-09,44.1193019314531,44.19493314305497,43.53314291082218,43.949127197265625,22122900
2022-03-10,43.958569774877844,45.064705296184414,43.807303779520154,44.94810104370117,27512700
2022-03-11,44.84410826805495,45.39559819580889,44.71174736744549,44.77162551879883,19162200
2022-03-14,44.75587002274947,45.6477093621135,44.746417475695324,45.395599365234375,22646400
2022-03-15,45.546868607728065,46.05739274019834,45.33257599673292,45.940792083740234,22872600
2022-03-16,45.81788719186228,46.30635056959973,45.28530591408082,45.80528259277344,24615900
2022-03-17,45.6977239823256,45.96662667824006,45.128279784728875,45.874881744384766,19023000
2022-03-18,45.92866545319408,46.052045578971835,45.590163883313245,46.01091766357422,31233300
2022-03-21,46.0077539207465,46.59617999136394,45.435149064234764,45.62812805175781,21350700
2022-03-22,45.74834531728761,45.86223271938119,45.232682334326974,45.492095947265625,20235000
2022-03-23,45.28329890283195,45.469949408464736,44.77080016795919,44.90683364868164,19625400
2022-03-24,45.04602872500292,45.52689224359902,44.884684931099635,45.18522644042969,13440900
2022-03-25,45.3813591003418,45.53321014291858,45.00489392590735,45.3813591003418,14085300
2022-03-28,45.39718191368265,46.20705785434476,45.33391154376705,46.18807601928711,20105700
2022-03-29,46.377890377980464,46.852425389376364,46.26716361110018,46.57719421386719,19934400
2022-03-30,46.54556246294019,47.51045384473271,46.51709151647428,47.412384033203125,24991500
2022-03-31,47.0707149990425,47.62433801852657,46.877736011699305,47.111839294433594,27163800
2022-04-01,47.34593945607427,47.8552739037732,47.08652948872529,47.77302169799805,20939700
2022-04-04,47.74138856462951,48.4658444755244,47.47881434338564,47.78251647949219,25332600
2022-04-05,47.73189827132014,48.50697486485315,47.73189827132014,47.91855239868164,18657900
2022-04-06,47.77618712912086,49.16815703795158,47.611682713478224,49.03212356567383,28018500
2022-04-07,49.06693055953353,49.838839355406144,48.85813395489226,49.522483825683594,27088200
2022-04-08,49.63952325320002,50.11405824110524,49.418073350816606,49.79770278930664,23294400
2022-04-11,49.658501002477735,50.06027286386789,48.60186859457893,48.810665130615234,24712800
2022-04-12,48.79486155656948,49.16183410069902,48.26021671477148,48.475341796875,26761200
2022-04-13,48.54492850973103,49.9179163940879,48.513293328027046,49.73759078979492,29284500
2022-04-14,49.702806522569155,50.07610757317644,49.48768504913269,49.69331741333008,22360500
2022-04-18,49.5889022518314,49.97802076583302,49.101713953897324,49.31367111206055,14671800
2022-04-19,49.56359991127899,49.96853970115946,49.36429606919798,49.87363052368164,15855000
2022-04-20,50.095090452512274,50.72780515392102,50.076108613224285,50.50002670288086,19821600
2022-04-21,50.59175295392633,50.86065560700626,50.322850300846405,50.57593536376953,18168300
2022-04-22,50.69616472327016,50.730964154966216,49.560444069543294,49.623714447021484,21046200
2022-04-25,49.468699124706916,49.81669344165936,48.82965962319552,49.64902114868164,18057600
2022-04-26,49.468697192536204,50.02548445749758,49.09856043017305,49.13019561767578,19601100
2022-04-27,49.202953603534795,49.41491078592328,48.7252543570162,48.79485321044922,17496900
2022-04-28,49.108048750999856,49.66167538466781,48.750568965700715,49.4180793762207,14955900
2022-04-29,49.291538447635816,49.42124343792549,48.310829552290606,48.399410247802734,21088800
2022-05-02,49.02263282085255,49.032125549301526,47.554739130192516,48.079891204833984,20016000
2022-05-03,48.22224808002263,48.80750622475965,48.016615763640374,48.247554779052734,17950500
2022-05-04,48.095708293869556,48.97834376877759,47.931203873297804,48.91507339477539,20022600
2022-05-05,48.781715458418546,48.842043700786306,48.07050132894731,48.4959602355957,23234400
2022-05-06,48.16892970507794,48.88014386558533,47.07670614179698,47.486289978027344,34258200
2022-05-09,47.14021224992378,48.61026590395988,47.05130956747107,48.04193115234375,28207200
2022-05-10,48.08002866223188,48.353084562341074,47.16878616937798,47.365638732910156,24861300
2022-05-11,47.435482080673744,47.864116688178285,46.6448925900093,46.870323181152344,27878700
2022-05-12,46.94653100312287,47.673620273022784,46.52107206596626,46.82587814331055,25244400
2022-05-13,46.898901325031,47.11162895681946,46.40041484322337,47.00685119628906,19962300
2022-05-16,47.42914519353971,47.54027446808394,46.50202749187265,47.05766296386719,21449100
2022-05-17,43.31742353025735,43.63810465745914,41.47906005924473,41.704490661621094,132940200
2022-05-18,40.65036875346002,40.72657207996941,38.58657468577573,38.87233352661133,104253000
2022-05-19,38.37702943615463,38.66913618228913,37.65628798827795,37.80551528930664,71008500
2022-05-20,37.98649783403305,38.36750364603058,37.234006177493036,37.84679412841797,49356000
2022-05-23,38.07539006581501,39.297793637317675,38.05634286716744,38.92631149291992,43680900
2022-05-24,38.484969289551685,39.545442477607345,38.443695519299695,39.41209030151367,34584900
2022-05-25,39.370819925824385,39.5835512036244,38.926313804020864,39.17079162597656,27121800
2022-05-26,39.783574010420125,40.13282955080892,39.49781881672486,40.005828857421875,28197600
2022-05-27,39.843906935233505,40.83770055879879,39.78675443633931,40.793251037597656,25299900
2022-05-31,40.46939914289776,41.244113733419276,40.4566961636357,40.84088134765625,36912300
2022-06-01,40.799598383942666,40.93295057945751,39.586725646774404,39.83120346069336,28534800
2022-06-02,39.86930781064796,40.49161930947733,39.47559905278651,40.48527145385742,23214300
2022-06-03,40.21855944168156,40.456689392938245,39.716900852045335,39.7899284362793,18302700
2022-06-06,39.94867925236293,40.10108227558627,39.55814627825469,39.64704895019531,19855500
2022-06-07,38.49450339301968,39.20889329268327,38.38019839289955,39.17079162597656,47707800
2022-06-08,38.84693359059853,39.3422443425827,38.71993288338839,38.831058502197266,22522800
2022-06-09,38.73581350513958,39.48195366730858,38.41513231333538,38.42465591430664,19880100
2022-06-10,38.021409319426176,38.97075319434168,37.89122926428552,38.64054489135742,25238100
2022-06-13,38.01824135337971,38.494501260099966,37.81186157599097,37.9134635925293,24897900
2022-06-14,37.82456259705189,38.10079422725748,37.51975653391982,37.92934036254883,21544200
2022-06-15,38.09127088168046,38.23097093636713,37.43402985138616,37.90393829345703,25914000
2022-06-16,37.57691176517759,38.65960815354123,37.53881009612238,38.29765319824219,30706800
2022-06-17,38.10714888982941,38.380201164747724,37.45625929861929,37.557861328125,36838800
2022-06-21,37.56103557222778,38.98346392847982,37.535633249078614,38.7897834777832,23916600
2022-06-22,38.76755545074295,39.13268609213735,38.28811982052416,38.31986999511719,20235000
2022-06-23,38.65643096917555,39.35812154157947,38.48180498739721,39.25017166137695,18040800
2022-06-24,39.39939849926258,39.786755759561835,39.10411602885107,39.28192138671875,31845900
2022-06-27,39.300959172019994,39.60576880299963,38.986629576884205,39.408912658691406,19889100
2022-06-28,39.58036822491821,39.869299149747974,38.82787679608294,38.85327911376953,15399000
2022-06-29,39.01839291690099,39.16444811093816,38.40878071633369,38.710411071777344,19111500
2022-06-30,38.380200430791895,38.754861995201544,38.06587074770876,38.60245895385742,19166100
2022-07-01,38.716757662234066,39.02791157924893,38.46910046610759,38.93583679199219,17460900
2022-07-05,38.80248532545573,39.53275031627022,38.61198062490087,39.450199127197266,18218100
2022-07-06,39.523226819436275,40.094740975133725,39.46607794736923,39.72960662841797,21300000
2022-07-07,39.748651027736265,39.856604531945194,39.40891906083873,39.7899284362793,17487300
2022-07-08,39.94867505308259,40.199507954717006,39.73594744521686,39.81532287597656,14751000
2022-07-11,39.69467552079486,40.110610829257666,39.56767481404731,39.83120346069336,11532900
2022-07-12,39.72324756178956,40.36460975416788,39.599418984632116,39.71054458618164,13732200
2022-07-13,39.510522746175155,40.151885042814904,39.342244627757054,39.80580520629883,12689100
2022-07-14,39.42162281773184,40.74245280250733,39.41527496202781,40.58369827270508,20905500
2022-07-15,40.89485625266656,41.361588979254684,40.65672627236543,40.98058319091797,21184200
2022-07-18,40.847228530188005,41.371117408850424,40.723403553027104,40.88533020019531,14243700
2022-07-19,41.08217742635522,41.263154868968655,40.83134814852182,41.13615417480469,16995300
2022-07-20,41.437791162553744,41.69179622555968,41.1171099976072,41.47906494140625,18564900
2022-07-21,41.491765595890605,42.088678368916746,41.43461309732459,42.08550262451172,18764700
2022-07-22,42.08232827397923,42.35220842014841,41.66639294893971,41.9775505065918,13616400
2022-07-25,42.034701993052664,42.13312826904534,41.73941953149977,41.9172248840332,20535300
2022-07-26,38.45957392115095,38.95488464189836,38.11984196378425,38.729454040527344,95391600
2022-07-27,38.49450116542756,40.25031350749496,38.427825069336684,40.19316101074219,42159600
2022-07-28,40.091557016349235,41.437785482536086,40.091557016349235,41.19647979736328,33262200
2022-07-29,40.74244810466474,41.99342246385048,40.64401820006333,41.9267463684082,30141900
2022-08-01,41.61243165944231,42.61892494088943,41.59338082053868,42.082340240478516,24996300
2022-08-02,42.276004938209,42.453810294409166,41.72036955883961,42.12677764892578,19695000
2022-08-03,41.96166933089262,42.209322863142006,41.23140444319385,41.434608459472656,32003100
2022-08-04,41.48858908398229,41.529862859759625,39.79310496054554,39.86930465698242,53106000
2022-08-05,39.8502476324544,40.26300712754083,39.72642269078783,40.189979553222656,32007000
2022-08-08,40.212215105603484,40.70752588359031,40.19951576093075,40.51702117919922,18175200
2022-08-09,40.60592615988386,40.94883392050276,40.39001912033849,40.917083740234375,19325100
2022-08-10,41.275859691483205,41.32348495811746,40.764673835744034,41.002803802490234,25251000
2022-08-11,41.359952461140644,41.57361019286783,41.009175849315994,41.39822006225586,23854500
2022-08-12,41.455622850920435,42.361268840743556,41.39822509167374,42.16355895996094,26625000
2022-08-15,41.97541730211804,42.59406359387805,41.889317007394745,42.28474044799805,26516100
2022-08-16,44.29373793082555,44.9410830381814,44.06732552719578,44.44361877441406,91773300
2022-08-17,44.18850744038821,45.51190029109119,44.13429560418689,44.491455078125,41792100
2022-08-18,44.494637601309634,44.77845141342212,44.16618433246885,44.34794998168945,19197600
2022-08-19,44.30011688533934,44.347949566328374,43.65914728200741,43.6942253112793,22918800
2022-08-22,43.4327399134902,43.598561339298726,42.87149142724643,42.91294860839844,18667200
2022-08-23,42.92570239992582,43.037315639620616,42.47925673994598,42.73118209838867,16955100
2022-08-24,42.84279472997477,43.14255279125151,42.60362765582203,43.04050827026367,15766500
2022-08-25,43.13937360416848,43.36578608007047,43.05964879398562,43.327518463134766,19414500
2022-08-26,43.4040391876262,43.63364118239169,41.9371482998575,41.965850830078125,21331800
2022-08-29,41.720302811979515,42.689725710543335,41.64376760055092,42.3740234375,17381700
2022-08-30,42.52072418750617,42.619579149803165,42.010501495585665,42.24647903442383,14468100
2022-08-31,42.34212936094859,42.664210741982814,42.07107388035877,42.2687873840332,22460700
2022-09-01,42.26561566121038,43.094726678543516,42.22096889181347,42.88426208496094,21741900
2022-09-02,43.00223986545693,43.2637266647664,42.23371639675007,42.41229248046875,17234400
2022-09-06,42.428240606208874,42.6100099315101,41.685230023718525,42.20183181762695,21899700
2022-09-07,42.43142889155548,43.359398346902765,42.32938436618808,43.28605270385742,17058900
2022-09-08,43.177631283209855,43.6464003988976,43.01180983317351,43.50608825683594,16956000
2022-09-09,43.46462879794899,43.84729391124185,43.41041696413756,43.6368293762207,16140600
2022-09-12,43.71336189493242,44.08646193954587,43.678283863428604,44.0290641784668,14284500
2022-09-13,43.643208913014,43.990799677108996,42.98948821961899,43.12023162841797,17687400
2022-09-14,43.25097526992942,43.537975045329986,42.76307601668847,43.02456283569336,19934700
2022-09-15,43.06601922386604,43.09790768172006,42.402729812062255,42.56217575073242,20189400
2022-09-16,42.093402140515124,42.90656867665157,41.86380015946736,42.47288131713867,41874300
2022-09-19,42.35489444010679,42.97353705217479,42.2432811952936,42.83641815185547,16853100
2022-09-20,42.565357438615365,42.69291490673017,42.26560304511513,42.58768081665039,13963500
2022-09-21,43.19039196206752,43.83135806533825,42.92890146924339,42.97673416137695,24903600
2022-09-22,42.91295269944289,42.960785386516974,42.361272886748175,42.53666305541992,16744500
2022-09-23,42.370842990677794,42.4696979437233,41.06339427176558,41.474761962890625,27195300
2022-09-26,41.057018709487,42.13805133862827,40.9039519164599,41.873374938964844,23011200
2022-09-27,42.16675355109257,42.54941870605446,41.55129680787368,41.758575439453125,17171700
2022-09-28,41.90525759444185,42.6195691963082,41.36633614239974,42.44736862182617,16838400
2022-09-29,42.571739227691225,42.769452768112494,41.97541632968179,42.173126220703125,15241500
2022-09-30,42.16994318566825,42.20820714663768,41.359962463378906,41.359962463378906,19602300
2022-10-03,41.53216095090889,42.34532755825532,41.458815309659606,42.26241683959961,17574900
2022-10-04,42.68654516575515,43.11385712156582,42.53029243326512,42.8109130859375,16134300
2022-10-05,42.654649552813865,42.92889465680656,42.256036549489615,42.386783599853516,14553900
2022-10-06,42.43780539365551,42.884251076617666,41.95947125468176,41.99135971069336,14200500
2022-10-07,41.873368908849145,41.98178892408815,40.840165467656036,40.996421813964844,17080500
2022-10-10,41.30575510544923,41.43331260405512,40.90714202788148,41.23878860473633,11411700
2022-10-11,41.29936593523326,42.66740180263883,41.2834217079502,42.30705642700195,21276000
2022-10-12,42.41548171221958,42.976726562701195,41.7649469959023,41.8287239074707,16947600
2022-10-13,41.22602521743909,42.393158017934816,40.935835892682526,42.18269348144531,20545500
2022-10-14,42.23372412585251,42.482456318144855,41.47157601923519,41.59275436401367,16641000
2022-10-17,41.76175859408251,42.358085141965226,41.64376984460516,41.89250564575195,17812500
2022-10-18,42.549416888121506,43.08196288583551,42.517528430687136,42.77582931518555,16842300
2022-10-19,42.836424792124234,42.96397863522648,42.40273369689571,42.65465545654297,11339400
2022-10-20,42.724805848546644,43.17762704050489,42.619571752340875,42.759883880615234,12754800
2022-10-21,42.98949368867657,43.818604657450955,42.73119276452516,43.624080657958984,18134700
2022-10-24,43.83135348019074,44.79759054745388,43.72930895455372,44.45637893676758,18806700
2022-10-25,44.35433812395599,44.78483599356085,44.1087918669751,44.666847229003906,15051300
2022-10-26,44.75932067578384,45.29505623300135,44.587120091299646,45.008052825927734,20754300
2022-10-27,44.96660157885299,45.31419234102409,44.73699957139866,44.87731170654297,16602900
2022-10-28,44.660478359870176,45.56931057460208,44.65728878344076,45.4449462890625,13648200
2022-10-31,45.39072467095794,45.62351260860147,45.208958997003414,45.387535095214844,22572000
2022-11-01,45.5916192275514,45.776574457279835,45.12285382713273,45.183441162109375,14814300
2022-11-02,45.01443711140811,45.78296067819121,44.8677494650123,44.88369369506836,15522000
2022-11-03,44.48826411128318,45.18982108560751,44.35114156199161,44.87411880493164,10976400
2022-11-04,45.29186800575918,45.34926576936263,44.25866446809673,44.9538459777832,14669400
2022-11-07,45.04632489958927,45.59162558805327,45.04632489958927,45.425804138183594,11364000
2022-11-08,45.46725897221639,45.94240356512921,45.12604371320507,45.53422546386719,15068400
2022-11-09,45.52465761392771,45.65221509772971,44.392599086610566,44.47551345825195,15932100
2022-11-10,45.444931223641156,45.50232898273892,44.80396160165139,45.397098541259766,20310600
2022-11-11,45.495953518244,45.63945521490414,44.64132978783194,45.467254638671875,19270800
2022-11-14,45.16750842936772,45.70324410130168,44.09285115869006,44.13111877441406,37525800
2022-11-15,46.433487305749765,47.91951191156399,46.095465308807405,47.01705551147461,76548600
2022-11-16,47.1573699136665,47.89719455901209,46.915016899125845,47.35508346557617,32593200
2022-11-17,46.879930517337975,47.42842066457012,46.78426150944894,47.19562911987305,24791400
2022-11-18,47.72817762992192,47.909946930072245,47.44117788948421,47.90675735473633,18987000
2022-11-21,48.027937346595806,48.5158365574146,47.89400072361434,48.20013427734375,21157200
2022-11-22,48.47119593824725,48.61469399613883,48.190571674885916,48.372337341308594,16898400
2022-11-23,48.496701760663086,48.908069399322464,48.4329248506259,48.605125427246094,16920600
2022-11-25,48.50946065677876,48.81878013401037,48.42654629343442,48.81240463256836,8777400
2022-11-28,48.70079888605543,49.31306608272658,48.70079888605543,48.952720642089844,17674800
2022-11-29,48.79965154859352,49.016498907603015,48.64658475662221,48.780521392822266,13841700
2022-11-30,48.66571276190147,48.71673501981117,48.21608116685963,48.605125427246094,31338000
2022-12-01,48.487148238969255,48.98461628449115,48.06621177385039,48.9080810546875,22732200
2022-12-02,48.305367781342376,48.8666162723985,48.305367781342376,48.86023712158203,20733000
2022-12-05,48.71036899529698,48.79009014835361,47.9960535961878,48.359588623046875,23608200
2022-12-06,48.216086680947356,48.44249546735186,47.58149613518505,47.79833984375,20625600
2022-12-07,47.99286630525437,48.219275103379,47.45713068350238,47.54961013793945,17550300
2022-12-08,47.7448689571081,47.783277168912434,47.41837534624419,47.623233795166016,13512600
2022-12-09,47.2039075743197,47.28393291668356,46.483701471990884,46.51251220703125,27929400
2022-12-12,46.70135528941529,47.40556060826207,46.59252655544932,47.37995147705078,19432200
2022-12-13,48.01373741035468,48.07775475005983,46.9702393878994,47.21030807495117,23408100
2022-12-14,47.08226807410409,47.54319949743019,46.720564256457585,46.94783020019531,20334600
2022-12-15,46.598939222951955,46.86781500794208,45.97475910704451,46.52851867675781,17514000
2022-12-16,46.24683279818891,46.32365653814027,45.6354591308991,45.69307327270508,40343100
2022-12-19,45.77629868644916,45.95235004609396,45.36658182266323,45.70907974243164,15067500
2022-12-20,45.74749185169765,46.298049806057634,45.533032282327845,46.109195709228516,17009400
2022-12-21,46.19561491648915,46.71416413491353,46.176408982863364,46.47089385986328,13726500
2022-12-22,46.33966484817053,46.40688379481483,45.43060460533188,45.9267463684082,13082400
2022-12-23,45.78910169504095,46.02917038108533,45.542629809789936,46.01956558227539,9547500
2022-12-27,46.10599381614796,46.237233767346986,45.833916440555335,46.03237533569336,10044600
2022-12-28,45.92354088407496,45.98755822533895,45.10410719379179,45.22574234008789,15246300
2022-12-29,45.49782058757063,45.77949909249928,45.37298383915443,45.50101852416992,9171900
2022-12-30,45.31216567448394,45.449805151413386,45.07209698975387,45.38578414916992,11505900
2023-01-03,45.62905438432408,46.00035934641197,45.481813771953334,45.965152740478516,17249700
2023-01-04,45.9075363043317,46.109193126134095,45.475411926785476,46.01636505126953,13338300
2023-01-05,45.92033951506815,46.1347990746429,45.66106488585745,45.85952377319336,13274400
2023-01-06,46.285245120675896,47.229515565057426,46.17001317277982,46.9830436706543,21231900
2023-01-09,46.8358015866165,47.3287416968438,46.349261012475814,46.397274017333984,17756700
2023-01-10,46.39407471020788,46.557323330581305,46.0067653894247,46.36846923828125,11970600
2023-01-11,46.6501417626414,46.79097915543241,46.326846188522126,46.77497482299805,14834700
2023-01-12,46.864608815085425,46.86781041471827,46.21802488923505,46.35246276855469,12472800
2023-01-13,46.58292740695839,46.675755482016136,46.04837748071724,46.506107330322266,13699800
2023-01-17,46.506104599996746,46.640542473585406,46.15720351803965,46.224422454833984,15122400
2023-01-18,46.157213894377534,46.17321823229987,44.96647503505998,45.08170700073242,22674300
2023-01-19,45.257757787594166,45.302569200557485,44.42551757391292,44.438323974609375,17342100
2023-01-20,44.620770355321106,45.062495892349204,44.22705782655124,44.98567581176758,29543100
2023-01-23,44.96005755160223,45.7762895158131,44.87683428821304,45.65785598754883,13149900
2023-01-24,46.909418089939415,46.909418089939415,45.132911342774,45.77949523925781,13669200
2023-01-25,45.52982376059005,45.72187942807803,44.937652424431846,45.561832427978516,12491700
2023-01-26,45.78269409036099,46.013161618575964,45.3761788956359,45.52021789550781,15819000
2023-01-27,45.64506100527123,46.24363194663882,45.37298363766392,45.86912536621094,18412800
2023-01-30,45.49141738805681,45.59704820108916,45.21934001924127,45.50101852416992,15897600
2023-01-31,45.555433145088095,46.05477645821651,45.34417518953347,46.051578521728516,14103600
2023-02-01,45.984359530182914,46.60853963640489,45.67707187691732,46.30765151977539,12849300
2023-02-02,46.22442523052754,46.36846791125478,45.75389264471259,45.971553802490234,17806800
2023-02-03,45.8883225709026,46.08037822419051,45.088094955886014,45.360172271728516,17155500
2023-02-06,45.395404052529,45.48503055496572,44.822438420222916,45.03049850463867,17454000
2023-02-07,44.73920131350224,45.22893983039201,44.39350181303535,45.12651062011719,16341300
2023-02-08,44.91845764812105,45.1649258933926,44.80962523031836,44.88324737548828,11691300
2023-02-09,45.091305817238336,45.43380006858658,44.995276139290446,45.29936218261719,13064400
2023-02-10,45.801906102763056,46.07398346846066,45.507421202181476,46.003562927246094,15002700
2023-02-13,46.32045542653754,46.77178574561369,46.25643442151763,46.70456314086914,16015800
2023-02-14,46.646945500136134,47.09507052272262,46.27243894990723,46.57012176513672,13831200
2023-02-15,46.40047722782152,46.925429689336276,46.27244254375481,46.91582489013672,14674200
2023-02-16,46.56692434048483,46.73017296041556,46.150807949123205,46.17961502075195,16312200
2023-02-17,46.448489181739674,46.95423569655178,46.275639431640634,46.874210357666016,24770700
2023-02-21,45.73468420802209,47.482383900335236,45.50101506458324,47.15909194946289,54393900
2023-02-22,46.97984621196622,47.2359192649499,45.6962793470434,46.17001724243164,29844000
2023-02-23,46.21162255226977,46.21162255226977,45.040086159496624,45.481815338134766,22021200
2023-02-24,45.081696145601256,45.689871829683014,44.66237453405578,45.60344696044922,20623500
2023-02-27,45.68026935431015,45.801904497311966,45.02408063465341,45.27375411987305,16647300
2023-02-28,45.13291362806694,45.66106401235963,45.11690929297671,45.4946174621582,18054000
2023-03-01,45.152119321930044,45.222539861214386,44.61116620508253,44.860836029052734,14180100
2023-03-02,44.76161190191511,45.04969361757316,44.65277948488879,44.972869873046875,14785500
2023-03-03,45.14572008423255,45.19373309346028,44.73920481101681,45.027286529541016,16888800
2023-03-06,44.97287245602167,45.12651629074087,44.819228621302464,45.0208854675293,16720800
2023-03-07,45.190534623261975,45.35057798546522,44.42551343193097,44.572757720947266,17387400
2023-03-08,44.3518913412426,44.467123285282966,43.942170843135,44.204647064208984,19090800
2023-03-09,44.43831902334585,44.486332031133735,43.8269416687422,43.90696334838867,15415800
2023-03-10,43.8589494344756,44.2622667505082,43.56126659444623,43.84294509887695,20065200
2023-03-13,43.75011504986365,44.33268158219593,43.71810638278919,43.970977783203125,28142100
2023-03-14,44.073410785250715,44.25906326819282,43.85254803285775,44.204647064208984,25542600
2023-03-15,43.81733667154793,44.75200226219818,43.75971886938476,44.69758605957031,33133500
2023-03-16,44.8132880513719,44.88399721240739,44.31511288076186,44.44367599487305,28905600
2023-03-17,44.414749496359704,44.83257504130507,44.22191033238918,44.80364990234375,43081200
2023-03-20,45.02864018014515,45.61359457020482,44.93543162600892,45.285762786865234,33928500
2023-03-21,45.44325448848227,45.44325448848227,44.845441164528275,45.131492614746094,19013400
2023-03-22,45.20218805875831,45.388601446213954,44.82293184083539,44.84221649169922,18548400
2023-03-23,45.06077680206907,45.51395697298677,44.832579355605326,45.205406188964844,22044300
2023-03-24,45.321115775605655,45.79036589562249,45.18934159374119,45.57502365112305,22752300
2023-03-27,45.89321401820841,46.59708734509166,45.889999296144836,46.33675003051758,26775600
2023-03-28,46.16961256342026,46.41387991927144,45.976773398647396,46.15675735473633,21282900
2023-03-29,46.401028398250645,46.59065653455146,46.1053365059927,46.35603332519531,24216900
2023-03-30,46.76421223491003,47.11775806916777,46.609938692189765,46.818851470947266,21879000
2023-03-31,47.111327311458254,47.70913681305268,47.07597272901866,47.39094924926758,20868000
2023-04-03,47.48094264807503,47.87305780354059,47.407022434584306,47.78948974609375,19766700
2023-04-04,47.73806573625879,47.82163379459229,47.25274938692723,47.32024383544922,18113700
2023-04-05,47.30095789005215,48.171959931297856,47.29131372442863,48.10446548461914,26540700
2023-04-06,47.824850618776765,48.544797620314355,47.73486046198509,48.46765899658203,17891700
2023-04-10,48.326237071708015,48.570504457935705,48.13660892689596,48.374446868896484,14519100
2023-04-11,48.531931337864954,48.531931337864954,48.08839535348562,48.233028411865234,18370500
2023-04-12,48.14303087436357,48.52228710493047,47.94375859424114,47.99839782714844,11209800
2023-04-13,48.09804025709688,48.21053346353676,47.632008533243045,48.0466194152832,13272600
2023-04-14,47.89876540661834,48.175172625448035,47.61592874431025,47.72199249267578,10464900
2023-04-17,47.77342246067157,48.104468952351915,47.72842738569934,48.05625915527344,16166700
2023-04-18,48.13982362143644,48.31981127797641,48.03054513866776,48.162322998046875,13482300
2023-04-19,48.48050818843421,48.663710557965906,48.136606503032766,48.2137451171875,12433500
2023-04-20,48.278018121508644,48.65727433922971,48.08196424781096,48.52228546142578,13641600
2023-04-21,48.84047217391669,48.9497506341702,48.58977907342869,48.76655197143555,25335000
2023-04-24,48.760123022657176,49.15866388848815,48.760123022657176,49.09759521484375,13579500
2023-04-25,49.26794426723551,49.41578835762073,48.63799124640964,48.71512985229492,17246700
2023-04-26,48.52550153973482,48.66370514290712,48.2812341929878,48.50300216674805,12910200
2023-04-27,48.46122512960295,48.83405564666689,48.46122512960295,48.65406799316406,12861000
2023-04-28,48.625134480530775,48.907967443984,48.26837763516738,48.52228546142578,14088600
2023-05-01,48.544792182282094,49.02689749208716,48.50943759672724,48.721561431884766,11409600
2023-05-02,48.68299507502141,48.689420840735245,48.036972056887166,48.589786529541016,11329500
2023-05-03,48.71191913195528,48.8854773312823,48.29730828669311,48.4098014831543,12334500
2023-05-04,48.57111512388038,48.71307067886622,48.22913397206474,48.54530334472656,14011200
2023-05-05,48.490458251091596,49.042145820888344,48.33882558117697,48.964717864990234,14556000
2023-05-08,48.80340397495697,49.34541443017776,48.73565312957239,49.271209716796875,14926200
2023-05-09,49.27120546428195,49.41961487823475,49.14860782794244,49.35508728027344,15209700
2023-05-10,49.58415493343046,49.797088267616694,48.79049902328335,49.21636199951172,15827700
2023-05-11,49.21636260998052,49.448653858532616,49.03892185476848,49.40026092529297,11926800
2023-05-12,49.55511531728327,49.70674796901754,49.267977297721686,49.384124755859375,16119300
2023-05-15,49.52285467799859,49.63577151334698,48.83888872202781,49.00020217895508,16113900
2023-05-16,48.66789711464743,48.88728060534469,48.25493821820845,48.322689056396484,15512100
2023-05-17,48.76146818578292,48.764691427853485,47.97748931804194,48.242042541503906,26985900
2023-05-18,48.974386696417916,49.777723294413995,48.37753322758321,48.867923736572266,46768500
2023-05-19,48.84534523851322,48.86470314976584,48.106536137734444,48.3646354675293,27594000
2023-05-22,48.29688996847115,48.41948762520766,47.8419882340579,47.93877410888672,16117800
2023-05-23,47.75164108977161,48.02587136153278,47.45160273443327,47.84843063354492,16302300
2023-05-24,47.91295848944359,47.9226355985479,47.19995750872617,47.62904739379883,20515200
2023-05-25,47.387076498368785,47.56774785715768,46.80958092124677,47.154788970947266,21299100
2023-05-26,47.0063753357515,47.36771432868586,46.932174330908175,47.23866653442383,15720900
2023-05-30,47.19995984396603,47.51935984236885,46.974122468205344,47.12253189086914,15742500
2023-05-31,46.916048310212574,47.52580958846935,46.783773558289624,47.38385772705078,30130800
2023-06-01,47.17092020986687,47.716153838563734,47.083811463561865,47.558067321777344,20239200
2023-06-02,47.49676757553839,48.0742631221236,47.458051758967464,48.01296615600586,19178100
2023-06-05,48.190418716162036,48.79695307375331,48.190418716162036,48.32914733886719,15553200
2023-06-06,48.296880971440935,48.454963799117166,47.912957093612896,48.322689056396484,15015600
2023-06-07,48.15170078277588,48.50981290052587,48.083949941367614,48.39366912841797,24256500
2023-06-08,48.519496540130945,49.17765077414809,48.325921113865164,49.09376525878906,18873000
2023-06-09,49.090537036202484,49.5938316165715,48.90986567211359,49.39057540893555,15603900
2023-06-12,49.50026660963469,49.78095075107553,49.41638479898259,49.716426849365234,14713500
2023-06-13,49.85193121459706,50.1713274990431,49.706748735757344,50.10357666015625,15738900
2023-06-14,50.300380607071006,50.75850551760186,50.2035910540406,50.61009979248047,21103200
2023-06-15,50.65203601299657,51.0488639277934,50.645585837919114,50.88755416870117,18160500
2023-06-16,51.00047487639521,51.02305972124219,50.09712538824411,50.17778396606445,34675800
2023-06-20,49.91000394513772,50.15197229482926,49.64545075055079,49.73578643798828,19994400
2023-06-21,49.75191436396517,50.11648033307572,49.47768407675199,49.83257293701172,19251000
2023-06-22,50.00033801401327,50.35522688454956,49.83902455539278,50.24876022338867,13307400
2023-06-23,50.29069499800237,50.42297342580772,50.01323779274612,50.15519332885742,18975000
2023-06-26,50.216494234316436,50.25843698859967,49.78740435099474,50.02292251586914,14106300
2023-06-27,49.73255723051935,50.281021505651836,49.70352221136983,49.84225082397461,12093600
2023-06-28,49.919679150637265,50.22617137464981,49.89064044127165,50.11325454711914,18889800
2023-06-29,49.84870268973542,49.92613063507297,49.40670509209132,49.774497985839844,21530400
2023-06-30,49.99711628320247,50.8230341883722,49.93581930399127,50.71011734008789,19073100
2023-07-03,50.590744376296136,51.11662015380509,50.43588477595591,51.03919219970703,8647500
2023-07-05,51.02628188505114,51.33600104766791,50.76172871576212,51.01015090942383,17585400
2023-07-06,50.95207605160401,51.03273092795139,50.61009494531883,50.687522888183594,14427000
2023-07-07,50.26812033464002,50.422979932523965,49.50672638867459,49.519630432128906,19774800
2023-07-10,49.864835073789116,50.168100380820114,49.787403434121074,49.968074798583984,12967800
2023-07-11,49.9325871281497,50.171328536032554,49.63899892285723,49.89387130737305,11460900
2023-07-12,50.10680785295906,50.293929409225534,49.948721318071,50.01969909667969,16509900
2023-07-13,50.14552133517119,50.20036813354865,49.58415300043525,49.72610855102539,11859600
2023-07-14,49.722884840238926,49.90032928997851,49.54866732452082,49.89710235595703,10427400
2023-07-17,49.81321443557655,50.000335972334945,49.62609289881815,49.958396911621094,10135200
2023-07-18,49.90032683471013,50.21972313638179,49.639000573991126,49.868064880371094,13437300
2023-07-19,49.9422672776637,50.07131879072765,49.60351305560502,49.88419723510742,12372900
2023-07-20,49.98420535199405,50.82948105311956,49.97452455104553,50.8068962097168,14987700
2023-07-21,50.94239975236244,51.226310849620965,50.79399402834161,51.09403610229492,16960500
2023-07-24,51.11984699003945,51.452151035596,50.832712635419185,51.39407730102539,12529800
2023-07-25,51.768320543363735,51.78445151983331,51.06499667757253,51.352134704589844,15553800
2023-07-26,51.37471624664823,51.84251822634401,51.27792670190762,51.53602600097656,15094200
2023-07-27,51.64571493151441,51.82638257850277,51.3392190416355,51.348899841308594,13400400
2023-07-28,51.390851942361934,51.92318156482745,51.390851942361934,51.590877532958984,11020200
2023-07-31,51.60699949702271,51.82638296003193,51.26824534883619,51.574737548828125,13033200
2023-08-01,51.60377846550968,51.76509191707478,51.28438218814039,51.3327751159668,11782500
2023-08-02,51.14565662435812,51.7586411309366,51.14565662435812,51.36826705932617,12660000
2023-08-03,51.303744227849016,51.458603824646566,51.139203829420616,51.38117218017578,13202700
2023-08-04,51.54248299183766,51.70056951437545,50.9617567646288,51.084354400634766,14262000
2023-08-07,51.45859978522263,52.010287286266234,51.33277521890666,51.77799606323242,14268900
2023-08-08,51.93931396105924,52.142566491022144,51.46182743176854,51.829620361328125,11017500
2023-08-09,51.91350173950195,52.2974256431443,51.848977830630844,51.91350173950195,13209600
2023-08-10,52.059198260402276,52.37001846811493,51.81313133631247,51.887596130371094,15169500
2023-08-11,51.981499840315394,52.39592685157548,51.8358049283835,52.191951751708984,14195100
2023-08-14,52.45095730903047,52.70349732501487,51.53792346014046,51.80341339111328,20813700
2023-08-15,51.654486194084285,52.05920165364492,51.45374581439229,51.53792953491211,14559300
2023-08-16,51.76456418185621,52.1174762574039,51.27567242988615,51.56382751464844,26980800
2023-08-17,52.09481272596251,52.17251963518483,50.191037913248394,50.40796661376953,53614200
2023-08-18,50.28492864025705,51.696569448838936,50.28492864025705,51.133209228515625,27954900
2023-08-21,51.036080279208505,51.42784582103297,50.84505882171958,50.997230529785156,15679200
2023-08-22,50.822388677331844,50.932472219682744,50.58603697758497,50.8353385925293,16670700
2023-08-23,50.70583665124829,51.285385240795264,50.673456302400055,51.188255310058594,14210400
2023-08-24,51.19796676499992,51.55411725451668,50.773828288257356,50.79648971557617,14033100
2023-08-25,50.89037794575645,51.16882148825166,50.68316449136641,51.097591400146484,12267000
2023-08-28,51.11054872669567,51.42460735878774,51.11054872669567,51.38899230957031,11871000
2023-08-29,51.47965211103995,51.87789078104664,51.43432554817471,51.819610595703125,12702300
2023-08-30,51.93293486967143,52.22108999304141,51.7775247404489,52.191951751708984,10967700
2023-08-31,52.16604555053283,52.77149766999415,52.11423847517737,52.64846420288086,19582800
2023-09-01,52.732640804743895,52.7617790406357,51.85197986498141,52.311737060546875,12553500
2023-09-05,52.402395385358716,52.70997718945308,51.86169657162001,51.89083480834961,15209400
2023-09-06,51.93293404842187,52.50600958560562,51.7742855159446,52.27936935424805,14594700
2023-09-07,52.45095726916129,52.93013747078903,52.28583566369488,52.926902770996094,19120800
2023-09-08,52.930144988382374,53.05317846132546,52.797400004143284,53.02404022216797,12667200
2023-09-11,53.09850779755771,53.25391791245659,52.988424243361635,53.208587646484375,11912100
2023-09-12,53.260391780285765,53.39961357512098,53.11145847418575,53.266868591308594,11757300
2023-09-13,53.39960691121744,53.69747719151476,53.21829698316842,53.27981185913086,14364300
2023-09-14,53.42227037628383,53.661860472987875,53.23124523886808,53.503211975097656,14923800
2023-09-15,53.490265808596774,53.635964401940186,53.024035497274674,53.30571746826172,63925200
2023-09-18,53.318670875412295,53.487030905874995,52.85567893900517,52.91071701049805,12997800
2023-09-19,52.89776611328125,53.02727639180722,52.564284463983796,52.89776611328125,14019600
2023-09-20,52.96899050117449,53.328375649546885,52.76177704208385,53.069358825683594,10120800
2023-09-21,53.18268008496912,53.260383278492284,52.38296449370064,52.425052642822266,18782400
2023-09-22,52.52542419987848,52.849194296312014,52.42505217229482,52.56427764892578,13215000
2023-09-25,52.57075740576277,52.81034752975686,52.408874189696114,52.79739761352539,10459500
2023-09-26,52.75530285576984,52.949566409646145,52.56428141235992,52.61284637451172,14435700
2023-09-27,52.45096643205523,52.52543494041193,51.89731763836066,52.36030960083008,15711000
2023-09-28,52.45096424252913,52.71969631935896,52.318219259495145,52.62580108642578,11617200
2023-09-29,52.78444868349573,52.81682532731398,51.54116407031287,51.780757904052734,18842400
2023-10-02,51.63829439525329,51.89083442400073,51.25624409426955,51.83579635620117,12992700
2023-10-03,51.70305263684896,52.046249518546084,51.37604407757513,51.5087890625,11253300
2023-10-04,51.69009756386273,52.14337795703897,51.48288409329864,52.12718963623047,15755700
2023-10-05,51.94911557204091,52.11423718906022,51.479646847483025,51.505550384521484,14269500
2023-10-06,51.36632226040122,51.47640580294948,49.09992406494685,50.641075134277344,42616200
2023-10-09,50.21046838217406,50.45977374502595,49.62120452931472,50.45653533935547,21022500
2023-10-10,50.582805775054915,51.18178112250293,50.39825370981913,51.026371002197266,16014300
2023-10-11,51.240058081111805,51.63829672090203,50.84505784669543,51.230342864990234,12026100
2023-10-12,51.3274718290224,51.58001184616224,51.081404916771916,51.46345520019531,13514100
2023-10-13,51.56382670546028,51.952353822998575,51.44727005230647,51.74837875366211,13809000
2023-10-16,51.978254107949496,52.47686477770108,51.907024012270696,52.19518280029297,14348100
2023-10-17,52.04301256576609,52.35706748929286,51.92969060843834,52.26317596435547,10893000
2023-10-18,52.41210467833481,52.56751477643272,52.03653120091545,52.302024841308594,10559100
2023-10-19,52.26640938890877,52.39267754525841,51.874643888962744,52.05271911621094,11745900
2023-10-20,52.07215620827668,52.1595746367596,51.385758698081595,51.401947021484375,15056700
2023-10-23,51.39223119531044,52.24051186832247,51.16235257596494,52.130428314208984,17097000
2023-10-24,52.25670330590632,52.93014717678026,52.2534649002506,52.855682373046875,17535000
2023-10-25,52.82653186214585,53.20534745178173,52.6031300766287,52.697025299072266,16621800
2023-10-26,52.6808424858512,53.049942898680264,52.32469198962946,52.376495361328125,16220100
2023-10-27,52.28260012445425,52.44124863376202,51.98149142676652,52.182228088378906,13829700
2023-10-30,52.276128042798675,52.85891505945588,52.059203040635765,52.781211853027344,12653700
2023-10-31,52.77473346125368,52.97547384028133,52.434774995931,52.9074821472168,14168400
2023-11-01,53.166493898600315,53.545305782239346,52.768255289483776,53.380184173583984,14899500
2023-11-02,53.22154058838659,53.80756973698663,52.978712038474455,53.590641021728516,15492300
2023-11-03,53.70719123001938,53.84317831404446,53.26038764117309,53.312191009521484,17240100
2023-11-06,53.26039319045463,53.62625521227289,53.12117139193325,53.383426666259766,14529000
2023-11-07,53.67158203078996,53.94354879915995,53.52912183582689,53.632728576660156,15023400
2023-11-08,53.69424372888468,53.836703924566514,52.962523433851246,53.19563674926758,15591900
2023-11-09,53.2182999140593,53.26686487753621,52.8556763327215,53.072601318359375,15080100
2023-11-10,53.27657647213303,53.888505387660764,53.066124591465375,53.80756378173828,14319900
2023-11-13,53.86907808520609,54.3515004260997,53.762232943369305,54.289981842041016,15408900
2023-11-14,54.448637184522184,54.76593053932204,54.150766853157926,54.2802734375,19792500
2023-11-15,54.5166254262707,55.02170922477816,54.23494343580645,54.969905853271484,35769900
2023-11-16,51.39870087654377,51.62534105898858,50.34644156331112,50.521278381347656,97658700
2023-11-17,50.49214181464612,51.0069370707204,50.1877947229011,50.29787826538086,42487800
2023-11-20,50.359395590059954,50.51156727950026,50.187793470382125,50.28168869018555,26663100
2023-11-21,50.33349859907603,50.783540621098496,49.90288330454792,50.463008880615234,29382300
2023-11-22,50.41766759164893,50.52451271687309,49.983813986515685,50.07770919799805,26416500
2023-11-24,50.23312007501653,50.55041334569765,50.087421500988725,50.52775192260742,13975200
2023-11-27,50.49213958013966,50.948658344919636,50.49213958013966,50.757633209228516,23393700
2023-11-28,50.722019591888554,51.45373981073513,50.722019591888554,51.36308670043945,23535000
2023-11-29,51.405178972422355,51.405178972422355,50.382061499703426,50.534236907958984,29896500
2023-11-30,50.51481176131552,50.62165690886151,50.02591628905504,50.40796661376953,29925900
2023-12-01,50.30759100706505,50.38205950558144,49.41722225114455,49.97087097167969,39273600
2023-12-04,49.64062306597241,50.161895134805754,49.63738466083636,49.95792007446289,24883200
2023-12-05,50.00649053445772,50.45977096635324,49.7766119130178,50.42091751098633,21883800
2023-12-06,50.36263673534796,50.45329356171425,49.74747308877762,49.87374496459961,26447400
2023-12-07,50.15971477437083,50.221458120258745,49.47076807623873,49.54551315307617,25362600
2023-12-08,49.3960297266607,49.46427394217946,48.82407625805874,49.02555847167969,34069500
2023-12-11,49.1165509609574,49.21729206563937,48.59659327321425,49.1490478515625,31883400
2023-12-12,49.14255069090417,49.29853800898769,48.820828474432986,49.18804931640625,21381900
2023-12-13,49.24979187148669,50.062225341796875,48.954065686638444,50.062225341796875,35348700
2023-12-14,49.8899903659369,50.026478804320014,49.37328307233483,49.45127487182617,30891300
2023-12-15,49.32453811788445,49.870491875679534,49.24654259875312,49.636512756347656,70003500
2023-12-18,49.834743596632066,50.39369531554099,49.76324523144344,50.36119842529297,26316000
2023-12-19,50.31895846441324,50.59518577530346,50.07522804668293,50.543190002441406,24417000
2023-12-20,50.50743763493492,50.74141672994483,49.92248617837947,49.95173263549805,21967800
2023-12-21,50.045975129406365,50.390450359922056,50.016728670968845,50.30595397949219,20087700
2023-12-22,50.51719154670572,51.06964618259587,50.4229512979413,50.907161712646484,19405500
2023-12-26,50.90715429239092,51.01764669107597,50.73166811519965,50.829158782958984,11679900
2023-12-27,50.7966669980147,51.32962644860585,50.74792165923685,51.30687713623047,19896000
2023-12-28,51.27112857961919,51.453115636190745,51.18338548431342,51.20613479614258,16776000
2023-12-29,51.19313419944471,51.371870826999796,51.07289420973428,51.23213195800781,21948300
2024-01-02,51.10214016304908,51.846329352115774,51.082641285379694,51.76508712768555,23539800
2024-01-03,51.92107784838371,52.09331360693382,51.64809726207052,51.76833724975586,18756000
2024-01-04,51.73909571642107,51.84633770135741,51.18014019665435,51.26788330078125,19282500
2024-01-05,51.31987165118176,51.37836828514629,50.5659348704693,50.92665481567383,21709500
2024-01-08,50.92340712911412,51.44011440705916,50.91690626309057,51.42711639404297,20680800
2024-01-09,51.323128097342845,51.781342486175404,51.25813430912099,51.77159118652344,23322300
2024-01-10,51.85283307333478,52.483279463888614,51.85283307333478,52.415035247802734,20121900
2024-01-11,52.43452865303508,52.610014824374744,52.05105942218626,52.356536865234375,14355300
2024-01-12,52.44103405950548,52.49628026178996,52.119308144512196,52.42478561401367,13629000
2024-01-16,52.46378571609972,52.77576036844082,52.395541493339564,52.59052658081055,17032500
2024-01-17,52.44427747647544,52.642512961850436,52.200547090389556,52.343536376953125,14827800
2024-01-18,52.37278778224695,53.097478092124256,52.21680048024971,53.04873275756836,18190500
2024-01-19,53.110477662731945,53.15597628487712,52.46377912536052,52.769256591796875,19175400
2024-01-22,52.90249045163834,52.9544862164318,52.48327390067286,52.77250289916992,13938300
2024-01-23,52.684769164821006,52.92199872160074,52.57102631719212,52.9057502746582,12066600
2024-01-24,52.93824266582302,52.99348886834107,52.09980948638986,52.15830612182617,22932900
2024-01-25,52.450781212928376,52.928494432179235,52.13230573342781,52.91874313354492,16369500
2024-01-26,52.98698619997483,53.41920078763043,52.8602490727204,53.38345718383789,15746400
2024-01-29,53.40945834248405,53.75392987259948,53.13973189800799,53.633689880371094,18240300
2024-01-30,53.52319460277363,53.88391453508095,53.17222224959653,53.81241989135742,15270000
2024-01-31,54.53061272953639,54.53061272953639,53.656432284327536,53.701927185058594,26134800
2024-02-01,53.84816935640723,54.70935182905478,53.6791840385335,54.69635009765625,20792700
2024-02-02,54.64435492724839,55.4340427619702,54.569609847011606,55.10581970214844,21670800
2024-02-05,55.24881235633151,55.24881235633151,54.61836589996574,54.81010055541992,19145100
2024-02-06,54.85233769689022,55.22930980982121,54.706101689150124,55.18381118774414,14181300
2024-02-07,55.33330404699262,55.4600411827445,54.985582093869525,55.04407501220703,17082600
2024-02-08,55.04407923377496,55.424298108253055,54.96608743033311,55.04083251953125,14427900
2024-02-09,55.04732493108729,55.15781733874089,54.89458805158793,55.01157760620117,14329800
2024-02-12,54.99532616476751,55.36254697358175,54.93682953113164,55.343048095703125,14795100
2024-02-13,55.447047332342734,55.59328707722724,54.68335915134852,54.966087341308594,18574200
2024-02-14,54.839341345690784,54.88158581714977,54.446124494574434,54.79059600830078,18484500
2024-02-15,55.18056261978433,55.19681478466879,54.58586355109337,55.014827728271484,16948800
2024-02-16,55.33980332979585,55.87276279563919,55.014830676279196,55.362552642822266,22373400
2024-02-20,58.00133738681487,58.93401456547892,56.945173504239655,57.149906158447266,71788500
2024-02-21,56.87043086910117,57.05891880420361,56.15548804608398,56.447967529296875,40501500
2024-02-22,56.50645761746287,57.02316861794145,56.32122384387602,57.00366973876953,29512800
2024-02-23,57.22464969748049,57.7316093887566,56.971171711357854,57.05241394042969,74365800
2024-02-26,57.63735810257148,58.339302773439414,56.720933230406416,58.10531997680664,32154800
2024-02-27,58.14432257530075,58.30030987971281,57.73485729585558,58.095577239990234,18012700
2024-02-28,58.05658793015134,58.261320599658255,57.82260879900951,58.12483215332031,14803300
2024-02-29,57.95909008816768,57.99808784488602,57.120656913877156,57.14015579223633,29245100
2024-03-01,57.32538996891188,57.37413530564374,56.740438490067895,57.28639221191406,19030900
2024-03-04,57.03291816818106,57.90059786663492,56.93542748798463,57.8128547668457,16033300
2024-03-05,58.36855932536512,58.826773700227825,58.0858348676072,58.534297943115234,19676900
2024-03-06,58.61228702758053,59.09974783986354,58.53429523151129,59.051002502441406,12698700
2024-03-07,59.47022077718199,59.53846499530547,58.836520215714394,58.84627151489258,16195300
2024-03-08,58.495296063215854,58.768272921421016,58.23206678464769,58.61228561401367,12143600
2024-03-11,58.59279069659735,59.18749350848704,58.3685591594806,59.13874816894531,14154000
2024-03-12,59.42147862002182,60.02592903535025,59.12900285254233,59.86994171142578,16613100
2024-03-13,59.72369570175456,59.91868076595944,59.35322817069915,59.743194580078125,15935200
2024-03-14,59.946666862868874,60.10318542915455,59.2814620232305,59.692325592041016,16584700
2024-03-15,59.35972213745117,59.81949705051789,59.14450771317366,59.35972213745117,50946300
2024-03-18,59.36950928722123,59.57494295594313,59.07603741551505,59.53581237792969,16801700
2024-03-19,59.64341588596071,59.74123859320285,59.28146365943121,59.545589447021484,12353600
2024-03-20,59.51624119578414,59.9466663162205,59.418418492133995,59.917320251464844,12007600
2024-03-21,59.94666917734263,60.31840218600967,59.72167396285121,60.112972259521484,14265900
2024-03-22,59.985799093005284,60.19122901723203,59.52602415923364,59.545589447021484,14029400
2024-03-25,59.5455890082434,59.66298073410543,59.04668723426944,59.25211715698242,14186600
2024-03-26,59.14451286917115,59.506465110954586,58.91951764767447,59.193424224853516,13738300
2024-03-27,59.545591181837416,59.721675045361,59.0662546780099,59.39885711669922,14363400
2024-03-28,59.34016100378637,59.4477682234566,58.85103999197418,58.86082077026367,17535100
2024-04-01,58.997775401435014,59.437981308899666,58.626042402621046,58.69451904296875,13837600
2024-04-02,58.59669580859286,58.79234121828006,57.5988885460608,57.87279510498047,19510100
2024-04-03,58.08800957649722,58.20539756873548,57.65758071879529,58.13692092895508,14615100
2024-04-04,58.244532952143345,58.50865875525882,57.99997243796575,58.20540237426758,14436100
2024-04-05,58.25431104082685,58.73365126842785,58.19561890842065,58.54778289794922,10335900
2024-04-08,58.30322140969708,58.733650275785976,58.127137552060184,58.479305267333984,11070100
2024-04-09,58.567347385190935,58.665173824025565,58.009749744773345,58.48908996582031,10013500
2024-04-10,58.32278345008557,59.437978665229025,58.09778825156513,59.301025390625,15097600
2024-04-11,59.428205686774696,59.56515897935165,58.76300078137459,58.78256607055664,10987600
2024-04-12,58.69452101889335,59.39885646526315,58.6456096643837,58.83147430419922,12280600
2024-04-15,59.19342366465165,59.379292038861735,58.60647993862355,58.62604522705078,10557200
2024-04-16,58.723866652606304,58.978211664898,58.479306150162735,58.538002014160156,14726300
2024-04-17,58.84125953375993,59.11516610772161,58.2738773657568,58.35213851928711,15329700
2024-04-18,58.52822057408667,58.63582405931932,57.931492357801496,57.970619201660156,12061500
2024-04-19,58.15649141574227,58.3717021321371,57.68693567311175,58.23474884033203,14165800
2024-04-22,58.264095874832435,59.08581931836483,57.75540957819837,58.83147430419922,14910000
2024-04-23,58.939081886488836,59.03690459611119,57.285854211009095,57.8043212890625,17963900
2024-04-24,57.69670992466235,58.73364773797513,57.53041058391146,58.567344665527344,18529100
2024-04-25,58.743433358739914,59.212989086963525,58.52822264894818,58.89995193481445,19263000
2024-04-26,58.80213234324736,59.07603893298257,58.694525116794985,58.851043701171875,11045200
2024-04-29,58.870606349681466,59.07603628276706,58.63582661779991,58.92930221557617,9785100
2024-04-30,58.8901703708588,58.98799308021402,57.872797774096995,58.05866241455078,14209200
2024-05-01,58.01952841168657,58.11735110897295,57.44236554162486,57.56953430175781,15464300
2024-05-02,57.65758463102471,58.586915317569684,57.305420630414616,58.410831451416016,17574100
2024-05-03,58.32278728457437,58.67495500339367,57.85323157004766,58.518436431884766,14207400
2024-05-06,58.69451716425837,58.69451716425837,58.0977889760169,58.567344665527344,11119400
2024-05-07,58.86081577104289,59.47710923845785,58.74342778305328,59.301025390625,14520200
2024-05-08,59.31081681694689,59.526027531410804,58.909737723817464,58.98799514770508,11015700
2024-05-09,59.09401643929566,59.46703619148104,58.84860939739212,59.32960510253906,14550500
2024-05-10,59.30014849032443,59.46702720078823,59.05474148552345,59.36886215209961,12356600
2024-05-13,59.506296649826666,60.22288474088492,59.18236131163433,59.30015563964844,19260500
2024-05-14,59.40813210675232,59.437579751002644,58.3479719783728,58.760257720947266,18780100
2024-05-15,58.730812072753906,58.83878802021283,58.37742535128368,58.730812072753906,22240600
2024-05-16,63.04015588868526,63.23647850710316,61.783669412050024,62.834014892578125,60545600
2024-05-17,63.05979385536554,63.688035308056364,62.46100379519201,63.46226501464844,29330400
2024-05-20,63.23648128947296,63.570238742541925,62.696586575840854,63.000892639160156,15001400
2024-05-21,63.34445948200318,63.992337616565834,63.265927437348076,63.95307159423828,17131700
2024-05-22,63.78618750357073,64.48314244955264,63.540780516004126,64.05122375488281,14879400
2024-05-23,63.97270848454793,64.31627685932278,63.37391467884222,63.64876937866211,16222900
2024-05-24,63.93342601903942,64.48314276656544,63.815635457533595,64.1788330078125,11795000
2024-05-28,64.02178613170052,64.26719315766428,63.550601346589765,63.8450927734375,13349600
2024-05-29,63.560404722233386,64.01195264471893,63.46224343286285,63.72727966308594,11538600
2024-05-30,63.73711148085901,63.972700122878884,63.58004739336049,63.697845458984375,13051900
2024-05-31,63.48188612265301,64.68929195605591,62.98126119420382,64.55186462402344,27632200
2024-06-03,64.30646122449045,64.63039281724534,63.96289287506658,64.61076354980469,11578700
2024-06-04,64.77763298654723,65.41569271752347,64.62057639279038,65.37642669677734,14780800
2024-06-05,65.34698615765781,65.91633228653113,65.06231309322114,65.85742950439453,14982700
2024-06-06,65.82797800675397,66.20100147795799,65.54330495897175,65.91632843017578,13256000
2024-06-07,66.16172590784407,66.3286008633925,64.43405860371516,64.66964721679688,20213200
2024-06-10,65.95559802200225,66.09302536433685,65.05249442908111,65.72982025146484,21659500
2024-06-11,65.7199954608229,65.7298138383827,65.13102012410671,65.50404357910156,13367500
2024-06-12,65.62183881550375,65.71018924136395,64.68929509021252,65.09175872802734,11704700
2024-06-13,65.08194885055075,65.53349689744267,64.73837300925551,65.47459411621094,11196600
2024-06-14,65.31753425681934,65.8770619706876,65.08194561130323,65.78871154785156,12590100
2024-06-17,65.69055190743607,66.2010027231391,65.18992695913235,66.18136596679688,12103000
2024-06-18,66.38750275816165,66.62309888394142,66.06357119136294,66.3580551147461,12093500
2024-06-20,66.11264287422267,66.87831149940902,66.06356596881903,66.7605209350586,13860800
2024-06-21,67.00593711625116,67.29061016783852,66.58383672792897,66.66236877441406,25883000
2024-06-24,66.7997957673882,67.77160549764872,66.65255005329344,67.6341781616211,12470400
2024-06-25,65.93595893711647,66.34824094956478,65.32735429661511,66.18136596679688,20869200
2024-06-26,66.16174423520192,67.33969511613978,65.97523247484895,67.03539276123047,14177500
2024-06-27,67.03539046709479,67.3200635429121,66.42677828887548,66.63291931152344,12899200
2024-06-28,66.62310566478044,66.84887594676344,66.08320718311937,66.4660415649414,18816700
2024-07-01,66.64273617918835,66.98630454247703,66.01449474653802,66.24027252197266,8666000
2024-07-02,66.20100445538002,66.8292458686624,66.02431108981756,66.81942749023438,9436500
2024-07-03,66.56419723644458,66.9961159851361,66.37769299524149,66.98629760742188,6287500
2024-07-05,66.9077766819991,68.86121455631019,66.84887390174715,68.75323486328125,21586100
2024-07-08,68.61580067308694,68.85138930288518,68.07590226185397,68.39984130859375,12077700
2024-07-09,68.61581420898438,68.95938258880523,68.39003642268554,68.61581420898438,9758400
2024-07-10,68.81212241235717,69.14587983214014,68.43910646246081,69.1164321899414,10803400
2024-07-11,68.89065511364032,69.15569138520553,67.98755912779836,68.51763916015625,15624800
2024-07-12,68.61579644959698,68.74340538929395,67.89920473781665,67.9679183959961,12145300
2024-07-15,68.02682867438503,68.68451768800533,68.02682867438503,68.33113098144531,10171100
2024-07-16,68.53727236239855,68.94955435928385,68.30168371978236,68.70414733886719,9836800
2024-07-17,68.89066938341023,69.79376555631634,68.66489159556917,69.72505187988281,13533800
2024-07-18,69.38146306845756,69.88209541462236,69.13605608356478,69.51889038085938,10682700
2024-07-19,69.89191732992164,70.01953377530748,69.35202637150498,69.45018768310547,11665500
2024-07-22,69.55816750857316,69.95082024497047,68.93974450397631,69.08698272705078,12666100
2024-07-23,69.17533453261774,69.40110480532937,68.82194781172039,69.3520278930664,9263600
2024-07-24,69.22442356699484,69.53854431955162,69.04773017560481,69.3029556274414,22490800
2024-07-25,69.30293520901265,69.46981017137381,68.66487551202472,68.73358917236328,18821200
2024-07-26,68.93974587371152,68.94955676262606,67.56546501362992,68.49800872802734,16789300
2024-07-29,68.56671262331729,68.61579701780639,67.85993928234608,68.3409423828125,10315300
2024-07-30,68.27224049115937,68.56672444116856,67.71271274799066,67.91885375976562,12522500
2024-07-31,67.90902440841155,67.97773806790028,67.03537609952907,67.37894439697266,22908800
2024-08-01,67.6439977047053,68.51764613702531,67.26115584577406,68.50782775878906,17275500
2024-08-02,68.32131062429967,68.94955197570992,66.49548185638,67.20225524902344,23578700
2024-08-05,66.84887617176527,67.3200609836398,65.68074375450178,66.3482437133789,20770500
2024-08-06,66.5936599889558,67.36914724130709,66.43660335603492,66.49549865722656,14815100
2024-08-07,66.62309470335371,66.76052202348787,65.58256393618875,65.68073272705078,18499200
2024-08-08,65.61201942821474,66.67217958686359,65.44514444654634,66.41696166992188,12489800
2024-08-09,66.60346070358354,66.96666577280095,66.0930174204392,66.70162200927734,13805600
2024-08-12,67.08446421878567,67.94830178444063,66.81942791337782,67.43785095214844,17385300
2024-08-13,67.17281787102964,67.3495112461923,65.90651659723547,66.87832641601562,26557900
2024-08-14,66.67217234211735,67.52619140310068,66.60345868129528,67.3985824584961,22928600
2024-08-15,72.75828898690963,73.07240972907078,71.44290323026468,71.83555603027344,49567500
2024-08-16,71.56777931298264,72.46361072973244,71.39058230255827,72.30609893798828,19872100
2024-08-19,72.24703697112712,72.82785232460938,72.19781265774573,72.5718994140625,13709300
2024-08-20,72.60142992804481,73.58585609656066,72.57189834468143,73.3791275024414,14434000
2024-08-21,74.12728508710741,74.40292318134115,73.42833597741856,74.0682144165039,14832000
2024-08-22,74.19620262038657,75.03296335694856,73.97962766280159,74.4029312133789,16511100
2024-08-23,74.42261601525763,74.62934460709239,73.84180818732794,74.52105712890625,12299100
2024-08-26,74.71794405617507,75.02311375017912,74.39308163383676,74.84591674804688,9508200
2024-08-27,75.2593748879223,75.2593748879223,74.58996481684312,74.9443588256836,11557800
2024-08-28,75.09202382288186,75.23968924415904,74.62934234114852,74.8951416015625,9814300
2024-08-29,74.8065396028326,75.27906745043589,74.49152354128886,75.22984313964844,11856800
2024-08-30,75.24954690889194,76.26350477104944,75.03297192657162,76.0272445678711,23230000
2024-09-03,76.12568196747634,76.59820235070633,75.60393726864585,75.96817016601562,22666100
2024-09-04,76.12566584583459,76.2733312507879,75.53501173659583,76.03706359863281,18442800
2024-09-05,76.04691329226718,76.24379550044442,75.20030627807039,75.76142883300781,13082900
2024-09-06,75.70237166154594,76.11582883777196,75.11171747971227,75.44641876220703,14548600
2024-09-09,75.65314660482036,76.26349350936007,75.29875259709735,76.13551330566406,22260200
2024-09-10,76.14536499344757,77.67122860618628,76.07645545993796,77.58262634277344,17686300
2024-09-11,77.15930939844176,77.69090035502091,76.3619267188603,77.61214447021484,19518800
2024-09-12,77.75982417843409,78.66550199913016,77.39559128772052,78.41939544677734,14877700
2024-09-13,78.57689822380026,79.43335171332633,78.44892552284496,79.3447494506836,12994100
2024-09-16,79.58100463042743,79.75820163399729,78.89190934464206,79.30536651611328,15346400
2024-09-17,78.51782281781576,79.01003583633917,77.04118376224552,77.37588500976562,21065900
2024-09-18,77.41526875356607,78.17328106481494,77.06087475282702,77.7991943359375,15684900
2024-09-19,77.81890342117848,77.85827386458033,76.28319325831976,76.82463073730469,21525700
2024-09-20,77.01165973928431,78.37016509989994,76.89352589944043,77.82872772216797,39534300
2024-09-23,77.83856249852477,79.18722880464033,77.83856249852477,79.07894134521484,12147300
2024-09-24,79.22662227507185,79.64992583291634,78.99035458424534,79.41365814208984,14651100
2024-09-25,79.63022665763047,80.32916828762019,79.42349807782296,80.13228607177734,14163800
2024-09-26,79.77789877391662,79.93540305770183,78.02562136981761,78.67533874511719,17061100
2024-09-27,78.65563992886447,79.03956547303018,78.36030912077956,78.53750610351562,11899100
2024-09-30,78.64580169305545,79.67945211759591,78.61627011131004,79.4924087524414,18997000
2024-10-01,79.42350277938962,80.26026351211736,79.1872426042775,80.00431060791016,16054200
2024-10-02,79.72867494409601,79.72867494409601,78.87222896643507,79.17739868164062,16618300
2024-10-03,79.04942598087798,79.32506411210568,78.60642968948281,79.17739868164062,11640400
2024-10-04,78.80331990555382,79.84680926875797,78.60643016022938,79.67945861816406,11583400
2024-10-07,79.43334443223395,79.67945095729544,77.7499767020823,77.86810302734375,16791600
2024-10-08,78.38001791665369,78.57690015535935,77.83858049434912,78.46861267089844,15270000
2024-10-09,78.57688874189728,79.24629877106968,78.50797921730195,79.14785766601562,12413000
2024-10-10,79.05925053792457,79.06909690099515,78.2224899307117,78.37015533447266,10812700
2024-10-11,78.45876707067386,78.88207064753615,78.13391212470013,78.8525390625,9570700
2024-10-14,78.80331350481015,79.25614861641142,78.51782903020985,79.0395736694336,9914500
2024-10-15,79.41365416774569,80.54574572026148,79.25614989231954,80.3783950805664,13276200
2024-10-16,80.26027074648428,80.38825096541133,79.3644467668761,79.9551010131836,11123300
2024-10-17,80.00430534713138,80.2307266533829,79.39396597567736,79.6302261352539,9424700
2024-10-18,79.6105435247754,80.41777264778746,79.40381493955496,80.04368591308594,12324100
2024-10-21,79.9649402198211,80.27995629035529,79.4628807756469,79.55147552490234,9750400
2024-10-22,79.8467910189883,80.9493508090768,79.5711529491097,80.74261474609375,12240100
2024-10-23,80.61466194983826,82.0420769538933,80.52606719577977,81.9731674194336,13058200
2024-10-24,81.6679863599208,82.02238034811045,81.29390715486505,81.74674224853516,11645900
2024-10-25,81.90424736639805,82.00269598347658,81.15608894851111,81.2249984741211,8959400
2024-10-28,81.46126556396484,81.7861280025889,81.1856274380689,81.46126556396484,7990200
2024-10-29,81.38250685827246,81.56955022749128,80.3980807223004,80.4276123046875,9682400
2024-10-30,80.32918039318798,80.55560173504642,80.03385702491863,80.12245178222656,9268800
2024-10-31,80.02400394930308,81.15609554251475,79.95509441809413,80.67372131347656,15539000
2024-11-01,81.24468203131468,81.24468203131468,80.27010232886335,80.90998077392578,12181800
2024-11-04,80.91981756202762,81.61876666040926,80.72293535806708,81.16592407226562,11731000
2024-11-05,81.3923515333844,82.4653723942484,81.22500089628042,82.37677764892578,10612500
2024-11-06,83.81404737985147,84.20781936813391,80.78201283382548,82.1405258178711,19974000
2024-11-07,82.41614810898463,83.07571174395136,82.12081729691693,82.54412078857422,12665800
2024-11-08,82.96743559341186,84.08968081537571,82.91821879173922,83.50887298583984,14396500
2024-11-11,83.62699463827704,84.07983725600639,82.80992667894179,82.89852142333984,10433200
2024-11-12,83.18401509397513,84.19797289283676,83.18401509397513,83.6663818359375,12860200
2024-11-13,83.66637471363791,84.45391862213064,83.44979976327363,84.1684341430664,12802600
2024-11-14,83.70574855362908,84.42438289816663,83.02649215364187,83.15447235107422,15740700
2024-11-15,83.21354248227402,83.45964902339541,82.63273465030382,82.93790435791016,17370600
2024-11-18,83.49902684653736,83.52855842973572,82.35709640293888,82.77055358886719,25093800
2024-11-19,84.8870641543614,86.91497947509198,84.57204810929086,85.25129699707031,36340900
2024-11-20,85.25128911961954,85.84194321072687,84.57204029460453,85.82225799560547,18183200
2024-11-21,86.08806474002908,87.2595342745244,85.57616644117158,87.013427734375,18729200
2024-11-22,88.01754405588193,89.49418325369211,87.5450162079295,89.03150177001953,23990600
2024-11-25,89.0905739981369,89.53356279831708,87.67299782063854,88.10614776611328,25078600
2024-11-26,88.49005627662181,90.44906199640161,88.44083197031304,89.887939453125,16657000
2024-11-27,90.5671999963464,90.81330651807559,89.8879435929898,90.44906616210938,14358900
2024-11-29,90.82314994495576,91.19722914208054,90.39000007733515,91.05941009521484,11041200
2024-12-02,91.37443975356909,91.54179040534223,90.51798625416845,91.1972427368164,17173000
2024-12-03,91.3350612510729,92.13244406634286,90.82316293387416,92.05369567871094,17775200
2024-12-04,91.99461595414958,93.04795157973477,91.60085152298042,92.97904205322266,17312600
2024-12-05,93.41218525103875,94.11112683006107,92.87074793109034,93.81580352783203,21932300
2024-12-06,94.05207518941144,94.68210732401036,93.84534659936263,94.20957946777344,18803500
2024-12-09,94.1702151514408,94.4458532894202,92.1422920452369,92.36871337890625,20931100
2024-12-10,92.58527111591157,93.75673298429663,92.30962551865817,93.07748413085938,13164500
2024-12-11,93.06764482836009,94.19973635074331,93.02826688290783,93.4811019897461,19682100
2024-12-12,94.18989822594769,94.22927617484451,92.6246566772461,92.6246566772461,14298600
2024-12-13,92.54376928153168,93.41198101009375,91.79394561350925,92.98773956298828,11495900
2024-12-16,93.1554485203372,94.42817269114872,92.83973452249977,93.59942626953125,16742000
2024-12-17,93.8658181153456,94.21112916562161,93.05680042874906,94.1420669555664,23560800
2024-12-18,94.06313186980971,94.61563704988998,91.88273074436627,92.29711151123047,24665600
2024-12-19,93.21465412790764,93.3034451652826,92.10965132376359,92.14911651611328,16606500
2024-12-20,91.76433806285507,92.49442528548816,90.40281530523471,91.00464630126953,49350600
2024-12-23,90.27456105647906,90.27456105647906,87.7192519576707,89.13996124267578,26205400
2024-12-24,89.1596985457272,91.43875885009766,89.13996218578434,91.43875885009766,8992400
2024-12-26,91.30062756769934,91.63607038932271,90.93558020838984,91.54727935791016,10994000
2024-12-27,90.89611788057736,91.11317266715135,89.81085147492297,90.43241882324219,11384400
2024-12-30,89.51487064584205,89.850313466081,88.92290033000702,89.35700988769531,9790200
2024-12-31,89.35701603645572,89.72206341937796,88.85384424425821,89.13996124267578,11267700
